scenario,run_stem,signal_date,label_end_date,horizon_days,benchmark,benchmark_return
base,replay_base_2023-01-31,2023-01-31,2023-03-01,20,QQQ,-0.014514163439983793
base,replay_base_2023-01-31,2023-01-31,2023-03-01,20,SOXX,0.0067792885998619904
base,replay_base_2023-01-31,2023-01-31,2023-03-01,20,XLI,-0.0030986582478296195
base,replay_base_2023-01-31,2023-01-31,2023-03-01,20,XLU,-0.07308870146866353
base,replay_base_2023-01-31,2023-01-31,2023-04-27,60,QQQ,0.08513939270429993
base,replay_base_2023-01-31,2023-01-31,2023-04-27,60,SOXX,-0.0058327914080203965
base,replay_base_2023-01-31,2023-01-31,2023-04-27,60,XLI,-0.02534609313338598
base,replay_base_2023-01-31,2023-01-31,2023-04-27,60,XLU,0.0016531917987495674
base,replay_base_2023-01-31,2023-01-31,2023-07-25,120,QQQ,0.28383513348277967
base,replay_base_2023-01-31,2023-01-31,2023-07-25,120,SOXX,0.2769044240811903
base,replay_base_2023-01-31,2023-01-31,2023-07-25,120,XLI,0.07868902920284138
base,replay_base_2023-01-31,2023-01-31,2023-07-25,120,XLU,-0.008234840773593152
base,replay_base_2023-01-31,2023-01-31,2023-03-01,20,QQQ,-0.014514163439983793
base,replay_base_2023-01-31,2023-01-31,2023-03-01,20,SOXX,0.0067792885998619904
base,replay_base_2023-01-31,2023-01-31,2023-03-01,20,XLI,-0.0030986582478296195
base,replay_base_2023-01-31,2023-01-31,2023-03-01,20,XLU,-0.07308870146866353
base,replay_base_2023-01-31,2023-01-31,2023-04-27,60,QQQ,0.08513939270429993
base,replay_base_2023-01-31,2023-01-31,2023-04-27,60,SOXX,-0.0058327914080203965
base,replay_base_2023-01-31,2023-01-31,2023-04-27,60,XLI,-0.02534609313338598
base,replay_base_2023-01-31,2023-01-31,2023-04-27,60,XLU,0.0016531917987495674
base,replay_base_2023-01-31,2023-01-31,2023-07-25,120,QQQ,0.28383513348277967
base,replay_base_2023-01-31,2023-01-31,2023-07-25,120,SOXX,0.2769044240811903
base,replay_base_2023-01-31,2023-01-31,2023-07-25,120,XLI,0.07868902920284138
base,replay_base_2023-01-31,2023-01-31,2023-07-25,120,XLU,-0.008234840773593152
base,replay_base_2023-01-31,2023-01-31,2023-03-01,20,QQQ,-0.014514163439983793
base,replay_base_2023-01-31,2023-01-31,2023-03-01,20,SOXX,0.0067792885998619904
base,replay_base_2023-01-31,2023-01-31,2023-03-01,20,XLI,-0.0030986582478296195
base,replay_base_2023-01-31,2023-01-31,2023-03-01,20,XLU,-0.07308870146866353
base,replay_base_2023-01-31,2023-01-31,2023-04-27,60,QQQ,0.08513939270429993
base,replay_base_2023-01-31,2023-01-31,2023-04-27,60,SOXX,-0.0058327914080203965
base,replay_base_2023-01-31,2023-01-31,2023-04-27,60,XLI,-0.02534609313338598
base,replay_base_2023-01-31,2023-01-31,2023-04-27,60,XLU,0.0016531917987495674
base,replay_base_2023-01-31,2023-01-31,2023-07-25,120,QQQ,0.28383513348277967
base,replay_base_2023-01-31,2023-01-31,2023-07-25,120,SOXX,0.2769044240811903
base,replay_base_2023-01-31,2023-01-31,2023-07-25,120,XLI,0.07868902920284138
base,replay_base_2023-01-31,2023-01-31,2023-07-25,120,XLU,-0.008234840773593152
base,replay_base_2023-01-31,2023-01-31,2023-03-01,20,QQQ,-0.014514163439983793
base,replay_base_2023-01-31,2023-01-31,2023-03-01,20,SOXX,0.0067792885998619904
base,replay_base_2023-01-31,2023-01-31,2023-03-01,20,XLI,-0.0030986582478296195
base,replay_base_2023-01-31,2023-01-31,2023-03-01,20,XLU,-0.07308870146866353
base,replay_base_2023-01-31,2023-01-31,2023-04-27,60,QQQ,0.08513939270429993
base,replay_base_2023-01-31,2023-01-31,2023-04-27,60,SOXX,-0.0058327914080203965
base,replay_base_2023-01-31,2023-01-31,2023-04-27,60,XLI,-0.02534609313338598
base,replay_base_2023-01-31,2023-01-31,2023-04-27,60,XLU,0.0016531917987495674
base,replay_base_2023-01-31,2023-01-31,2023-07-25,120,QQQ,0.28383513348277967
base,replay_base_2023-01-31,2023-01-31,2023-07-25,120,SOXX,0.2769044240811903
base,replay_base_2023-01-31,2023-01-31,2023-07-25,120,XLI,0.07868902920284138
base,replay_base_2023-01-31,2023-01-31,2023-07-25,120,XLU,-0.008234840773593152
base,replay_base_2023-02-28,2023-02-28,2023-03-28,20,QQQ,0.04504476898928533
base,replay_base_2023-02-28,2023-02-28,2023-03-28,20,SOXX,0.01628707983447464
base,replay_base_2023-02-28,2023-02-28,2023-03-28,20,XLI,-0.02985162249194939
base,replay_base_2023-02-28,2023-02-28,2023-03-28,20,XLU,0.017180932498260252
base,replay_base_2023-02-28,2023-02-28,2023-05-24,60,QQQ,0.12833829249982942
base,replay_base_2023-02-28,2023-02-28,2023-05-24,60,SOXX,0.040026885753696395
base,replay_base_2023-02-28,2023-02-28,2023-05-24,60,XLI,-0.039115927669061135
base,replay_base_2023-02-28,2023-02-28,2023-05-24,60,XLU,0.009603417613856084
base,replay_base_2023-02-28,2023-02-28,2023-08-21,120,QQQ,0.2392029618508157
base,replay_base_2023-02-28,2023-02-28,2023-08-21,120,SOXX,0.1935733368826077
base,replay_base_2023-02-28,2023-02-28,2023-08-21,120,XLI,0.04807753282140215
base,replay_base_2023-02-28,2023-02-28,2023-08-21,120,XLU,-0.027510941003634267
base,replay_base_2023-02-28,2023-02-28,2023-03-28,20,QQQ,0.04504476898928533
base,replay_base_2023-02-28,2023-02-28,2023-03-28,20,SOXX,0.01628707983447464
base,replay_base_2023-02-28,2023-02-28,2023-03-28,20,XLI,-0.02985162249194939
base,replay_base_2023-02-28,2023-02-28,2023-03-28,20,XLU,0.017180932498260252
base,replay_base_2023-02-28,2023-02-28,2023-05-24,60,QQQ,0.12833829249982942
base,replay_base_2023-02-28,2023-02-28,2023-05-24,60,SOXX,0.040026885753696395
base,replay_base_2023-02-28,2023-02-28,2023-05-24,60,XLI,-0.039115927669061135
base,replay_base_2023-02-28,2023-02-28,2023-05-24,60,XLU,0.009603417613856084
base,replay_base_2023-02-28,2023-02-28,2023-08-21,120,QQQ,0.2392029618508157
base,replay_base_2023-02-28,2023-02-28,2023-08-21,120,SOXX,0.1935733368826077
base,replay_base_2023-02-28,2023-02-28,2023-08-21,120,XLI,0.04807753282140215
base,replay_base_2023-02-28,2023-02-28,2023-08-21,120,XLU,-0.027510941003634267
base,replay_base_2023-02-28,2023-02-28,2023-03-28,20,QQQ,0.04504476898928533
base,replay_base_2023-02-28,2023-02-28,2023-03-28,20,SOXX,0.01628707983447464
base,replay_base_2023-02-28,2023-02-28,2023-03-28,20,XLI,-0.02985162249194939
base,replay_base_2023-02-28,2023-02-28,2023-03-28,20,XLU,0.017180932498260252
base,replay_base_2023-02-28,2023-02-28,2023-05-24,60,QQQ,0.12833829249982942
base,replay_base_2023-02-28,2023-02-28,2023-05-24,60,SOXX,0.040026885753696395
base,replay_base_2023-02-28,2023-02-28,2023-05-24,60,XLI,-0.039115927669061135
base,replay_base_2023-02-28,2023-02-28,2023-05-24,60,XLU,0.009603417613856084
base,replay_base_2023-02-28,2023-02-28,2023-08-21,120,QQQ,0.2392029618508157
base,replay_base_2023-02-28,2023-02-28,2023-08-21,120,SOXX,0.1935733368826077
base,replay_base_2023-02-28,2023-02-28,2023-08-21,120,XLI,0.04807753282140215
base,replay_base_2023-02-28,2023-02-28,2023-08-21,120,XLU,-0.027510941003634267
base,replay_base_2023-02-28,2023-02-28,2023-03-28,20,QQQ,0.04504476898928533
base,replay_base_2023-02-28,2023-02-28,2023-03-28,20,SOXX,0.01628707983447464
base,replay_base_2023-02-28,2023-02-28,2023-03-28,20,XLI,-0.02985162249194939
base,replay_base_2023-02-28,2023-02-28,2023-03-28,20,XLU,0.017180932498260252
base,replay_base_2023-02-28,2023-02-28,2023-05-24,60,QQQ,0.12833829249982942
base,replay_base_2023-02-28,2023-02-28,2023-05-24,60,SOXX,0.040026885753696395
base,replay_base_2023-02-28,2023-02-28,2023-05-24,60,XLI,-0.039115927669061135
base,replay_base_2023-02-28,2023-02-28,2023-05-24,60,XLU,0.009603417613856084
base,replay_base_2023-02-28,2023-02-28,2023-08-21,120,QQQ,0.2392029618508157
base,replay_base_2023-02-28,2023-02-28,2023-08-21,120,SOXX,0.1935733368826077
base,replay_base_2023-02-28,2023-02-28,2023-08-21,120,XLI,0.04807753282140215
base,replay_base_2023-02-28,2023-02-28,2023-08-21,120,XLU,-0.027510941003634267
base,replay_base_2023-03-31,2023-03-31,2023-05-01,20,QQQ,0.00783921568627444
base,replay_base_2023-03-31,2023-03-31,2023-05-01,20,SOXX,-0.061614524633942014
base,replay_base_2023-03-31,2023-03-31,2023-05-01,20,XLI,-0.007456769337427002
base,replay_base_2023-03-31,2023-03-31,2023-05-01,20,XLU,0.025120815354858
base,replay_base_2023-03-31,2023-03-31,2023-06-28,60,QQQ,0.14068627450980398
base,replay_base_2023-03-31,2023-03-31,2023-06-28,60,SOXX,0.12515986602394358
base,replay_base_2023-03-31,2023-03-31,2023-06-28,60,XLI,0.040874418144003166
base,replay_base_2023-03-31,2023-03-31,2023-06-28,60,XLU,-0.040345633090313804
base,replay_base_2023-03-31,2023-03-31,2023-09-22,120,QQQ,0.11990196078431381
base,replay_base_2023-03-31,2023-03-31,2023-09-22,120,SOXX,0.05169934596148196
base,replay_base_2023-03-31,2023-03-31,2023-09-22,120,XLI,0.0054183420818064735
base,replay_base_2023-03-31,2023-03-31,2023-09-22,120,XLU,-0.06117586668650499
base,replay_base_2023-03-31,2023-03-31,2023-05-01,20,QQQ,0.00783921568627444
base,replay_base_2023-03-31,2023-03-31,2023-05-01,20,SOXX,-0.061614524633942014
base,replay_base_2023-03-31,2023-03-31,2023-05-01,20,XLI,-0.007456769337427002
base,replay_base_2023-03-31,2023-03-31,2023-05-01,20,XLU,0.025120815354858
base,replay_base_2023-03-31,2023-03-31,2023-06-28,60,QQQ,0.14068627450980398
base,replay_base_2023-03-31,2023-03-31,2023-06-28,60,SOXX,0.12515986602394358
base,replay_base_2023-03-31,2023-03-31,2023-06-28,60,XLI,0.040874418144003166
base,replay_base_2023-03-31,2023-03-31,2023-06-28,60,XLU,-0.040345633090313804
base,replay_base_2023-03-31,2023-03-31,2023-09-22,120,QQQ,0.11990196078431381
base,replay_base_2023-03-31,2023-03-31,2023-09-22,120,SOXX,0.05169934596148196
base,replay_base_2023-03-31,2023-03-31,2023-09-22,120,XLI,0.0054183420818064735
base,replay_base_2023-03-31,2023-03-31,2023-09-22,120,XLU,-0.06117586668650499
base,replay_base_2023-03-31,2023-03-31,2023-05-01,20,QQQ,0.00783921568627444
base,replay_base_2023-03-31,2023-03-31,2023-05-01,20,SOXX,-0.061614524633942014
base,replay_base_2023-03-31,2023-03-31,2023-05-01,20,XLI,-0.007456769337427002
base,replay_base_2023-03-31,2023-03-31,2023-05-01,20,XLU,0.025120815354858
base,replay_base_2023-03-31,2023-03-31,2023-06-28,60,QQQ,0.14068627450980398
base,replay_base_2023-03-31,2023-03-31,2023-06-28,60,SOXX,0.12515986602394358
base,replay_base_2023-03-31,2023-03-31,2023-06-28,60,XLI,0.040874418144003166
base,replay_base_2023-03-31,2023-03-31,2023-06-28,60,XLU,-0.040345633090313804
base,replay_base_2023-03-31,2023-03-31,2023-09-22,120,QQQ,0.11990196078431381
base,replay_base_2023-03-31,2023-03-31,2023-09-22,120,SOXX,0.05169934596148196
base,replay_base_2023-03-31,2023-03-31,2023-09-22,120,XLI,0.0054183420818064735
base,replay_base_2023-03-31,2023-03-31,2023-09-22,120,XLU,-0.06117586668650499
base,replay_base_2023-03-31,2023-03-31,2023-05-01,20,QQQ,0.00783921568627444
base,replay_base_2023-03-31,2023-03-31,2023-05-01,20,SOXX,-0.061614524633942014
base,replay_base_2023-03-31,2023-03-31,2023-05-01,20,XLI,-0.007456769337427002
base,replay_base_2023-03-31,2023-03-31,2023-05-01,20,XLU,0.025120815354858
base,replay_base_2023-03-31,2023-03-31,2023-06-28,60,QQQ,0.14068627450980398
base,replay_base_2023-03-31,2023-03-31,2023-06-28,60,SOXX,0.12515986602394358
base,replay_base_2023-03-31,2023-03-31,2023-06-28,60,XLI,0.040874418144003166
base,replay_base_2023-03-31,2023-03-31,2023-06-28,60,XLU,-0.040345633090313804
base,replay_base_2023-03-31,2023-03-31,2023-09-22,120,QQQ,0.11990196078431381
base,replay_base_2023-03-31,2023-03-31,2023-09-22,120,SOXX,0.05169934596148196
base,replay_base_2023-03-31,2023-03-31,2023-09-22,120,XLI,0.0054183420818064735
base,replay_base_2023-03-31,2023-03-31,2023-09-22,120,XLU,-0.06117586668650499
base,replay_base_2023-04-28,2023-04-28,2023-05-26,20,QQQ,0.0787473377006428
base,replay_base_2023-04-28,2023-04-28,2023-05-26,20,SOXX,0.17915954505391019
base,replay_base_2023-04-28,2023-04-28,2023-05-26,20,XLI,-0.019747487876818456
base,replay_base_2023-04-28,2023-04-28,2023-05-26,20,XLU,-0.06501888162672476
base,replay_base_2023-04-28,2023-04-28,2023-07-26,60,QQQ,0.16915685056971663
base,replay_base_2023-04-28,2023-04-28,2023-07-26,60,SOXX,0.23293687743742686
base,replay_base_2023-04-28,2023-04-28,2023-07-26,60,XLI,0.10088441733739939
base,replay_base_2023-04-28,2023-04-28,2023-07-26,60,XLU,-0.009681190994916374
base,replay_base_2023-04-28,2023-04-28,2023-10-19,120,QQQ,0.11463792728740418
base,replay_base_2023-04-28,2023-04-28,2023-10-19,120,SOXX,0.11794466512925139
base,replay_base_2023-04-28,2023-04-28,2023-10-19,120,XLI,-0.0058495725641153325
base,replay_base_2023-04-28,2023-04-28,2023-10-19,120,XLU,-0.15114814814814814
base,replay_base_2023-04-28,2023-04-28,2023-05-26,20,QQQ,0.0787473377006428
base,replay_base_2023-04-28,2023-04-28,2023-05-26,20,SOXX,0.17915954505391019
base,replay_base_2023-04-28,2023-04-28,2023-05-26,20,XLI,-0.019747487876818456
base,replay_base_2023-04-28,2023-04-28,2023-05-26,20,XLU,-0.06501888162672476
base,replay_base_2023-04-28,2023-04-28,2023-07-26,60,QQQ,0.16915685056971663
base,replay_base_2023-04-28,2023-04-28,2023-07-26,60,SOXX,0.23293687743742686
base,replay_base_2023-04-28,2023-04-28,2023-07-26,60,XLI,0.10088441733739939
base,replay_base_2023-04-28,2023-04-28,2023-07-26,60,XLU,-0.009681190994916374
base,replay_base_2023-04-28,2023-04-28,2023-10-19,120,QQQ,0.11463792728740418
base,replay_base_2023-04-28,2023-04-28,2023-10-19,120,SOXX,0.11794466512925139
base,replay_base_2023-04-28,2023-04-28,2023-10-19,120,XLI,-0.0058495725641153325
base,replay_base_2023-04-28,2023-04-28,2023-10-19,120,XLU,-0.15114814814814814
base,replay_base_2023-04-28,2023-04-28,2023-05-26,20,QQQ,0.0787473377006428
base,replay_base_2023-04-28,2023-04-28,2023-05-26,20,SOXX,0.17915954505391019
base,replay_base_2023-04-28,2023-04-28,2023-05-26,20,XLI,-0.019747487876818456
base,replay_base_2023-04-28,2023-04-28,2023-05-26,20,XLU,-0.06501888162672476
base,replay_base_2023-04-28,2023-04-28,2023-07-26,60,QQQ,0.16915685056971663
base,replay_base_2023-04-28,2023-04-28,2023-07-26,60,SOXX,0.23293687743742686
base,replay_base_2023-04-28,2023-04-28,2023-07-26,60,XLI,0.10088441733739939
base,replay_base_2023-04-28,2023-04-28,2023-07-26,60,XLU,-0.009681190994916374
base,replay_base_2023-04-28,2023-04-28,2023-10-19,120,QQQ,0.11463792728740418
base,replay_base_2023-04-28,2023-04-28,2023-10-19,120,SOXX,0.11794466512925139
base,replay_base_2023-04-28,2023-04-28,2023-10-19,120,XLI,-0.0058495725641153325
base,replay_base_2023-04-28,2023-04-28,2023-10-19,120,XLU,-0.15114814814814814
base,replay_base_2023-04-28,2023-04-28,2023-05-26,20,QQQ,0.0787473377006428
base,replay_base_2023-04-28,2023-04-28,2023-05-26,20,SOXX,0.17915954505391019
base,replay_base_2023-04-28,2023-04-28,2023-05-26,20,XLI,-0.019747487876818456
base,replay_base_2023-04-28,2023-04-28,2023-05-26,20,XLU,-0.06501888162672476
base,replay_base_2023-04-28,2023-04-28,2023-07-26,60,QQQ,0.16915685056971663
base,replay_base_2023-04-28,2023-04-28,2023-07-26,60,SOXX,0.23293687743742686
base,replay_base_2023-04-28,2023-04-28,2023-07-26,60,XLI,0.10088441733739939
base,replay_base_2023-04-28,2023-04-28,2023-07-26,60,XLU,-0.009681190994916374
base,replay_base_2023-04-28,2023-04-28,2023-10-19,120,QQQ,0.11463792728740418
base,replay_base_2023-04-28,2023-04-28,2023-10-19,120,SOXX,0.11794466512925139
base,replay_base_2023-04-28,2023-04-28,2023-10-19,120,XLI,-0.0058495725641153325
base,replay_base_2023-04-28,2023-04-28,2023-10-19,120,XLU,-0.15114814814814814
base,replay_base_2023-05-31,2023-05-31,2023-06-29,20,QQQ,0.04332904839962037
base,replay_base_2023-05-31,2023-05-31,2023-06-29,20,SOXX,0.03976480400333593
base,replay_base_2023-05-31,2023-05-31,2023-06-29,20,XLI,0.09160849881675082
base,replay_base_2023-05-31,2023-05-31,2023-06-29,20,XLU,-0.00822755227552285
base,replay_base_2023-05-31,2023-05-31,2023-08-25,60,QQQ,0.044134270842320134
base,replay_base_2023-05-31,2023-05-31,2023-08-25,60,SOXX,0.009406171809841383
base,replay_base_2023-05-31,2023-05-31,2023-08-25,60,XLI,0.09310042185410017
base,replay_base_2023-05-31,2023-05-31,2023-08-25,60,XLU,-0.024832718327183364
base,replay_base_2023-05-31,2023-05-31,2023-11-20,120,QQQ,0.12074543467632914
base,replay_base_2023-05-31,2023-05-31,2023-11-20,120,SOXX,0.08759633027522906
base,replay_base_2023-05-31,2023-05-31,2023-11-20,120,XLI,0.08692694721679184
base,replay_base_2023-05-31,2023-05-31,2023-11-20,120,XLU,-0.048049200492005006
base,replay_base_2023-05-31,2023-05-31,2023-06-29,20,QQQ,0.04332904839962037
base,replay_base_2023-05-31,2023-05-31,2023-06-29,20,SOXX,0.03976480400333593
base,replay_base_2023-05-31,2023-05-31,2023-06-29,20,XLI,0.09160849881675082
base,replay_base_2023-05-31,2023-05-31,2023-06-29,20,XLU,-0.00822755227552285
base,replay_base_2023-05-31,2023-05-31,2023-08-25,60,QQQ,0.044134270842320134
base,replay_base_2023-05-31,2023-05-31,2023-08-25,60,SOXX,0.009406171809841383
base,replay_base_2023-05-31,2023-05-31,2023-08-25,60,XLI,0.09310042185410017
base,replay_base_2023-05-31,2023-05-31,2023-08-25,60,XLU,-0.024832718327183364
base,replay_base_2023-05-31,2023-05-31,2023-11-20,120,QQQ,0.12074543467632914
base,replay_base_2023-05-31,2023-05-31,2023-11-20,120,SOXX,0.08759633027522906
base,replay_base_2023-05-31,2023-05-31,2023-11-20,120,XLI,0.08692694721679184
base,replay_base_2023-05-31,2023-05-31,2023-11-20,120,XLU,-0.048049200492005006
base,replay_base_2023-05-31,2023-05-31,2023-06-29,20,QQQ,0.04332904839962037
base,replay_base_2023-05-31,2023-05-31,2023-06-29,20,SOXX,0.03976480400333593
base,replay_base_2023-05-31,2023-05-31,2023-06-29,20,XLI,0.09160849881675082
base,replay_base_2023-05-31,2023-05-31,2023-06-29,20,XLU,-0.00822755227552285
base,replay_base_2023-05-31,2023-05-31,2023-08-25,60,QQQ,0.044134270842320134
base,replay_base_2023-05-31,2023-05-31,2023-08-25,60,SOXX,0.009406171809841383
base,replay_base_2023-05-31,2023-05-31,2023-08-25,60,XLI,0.09310042185410017
base,replay_base_2023-05-31,2023-05-31,2023-08-25,60,XLU,-0.024832718327183364
base,replay_base_2023-05-31,2023-05-31,2023-11-20,120,QQQ,0.12074543467632914
base,replay_base_2023-05-31,2023-05-31,2023-11-20,120,SOXX,0.08759633027522906
base,replay_base_2023-05-31,2023-05-31,2023-11-20,120,XLI,0.08692694721679184
base,replay_base_2023-05-31,2023-05-31,2023-11-20,120,XLU,-0.048049200492005006
base,replay_base_2023-05-31,2023-05-31,2023-06-29,20,QQQ,0.04332904839962037
base,replay_base_2023-05-31,2023-05-31,2023-06-29,20,SOXX,0.03976480400333593
base,replay_base_2023-05-31,2023-05-31,2023-06-29,20,XLI,0.09160849881675082
base,replay_base_2023-05-31,2023-05-31,2023-06-29,20,XLU,-0.00822755227552285
base,replay_base_2023-05-31,2023-05-31,2023-08-25,60,QQQ,0.044134270842320134
base,replay_base_2023-05-31,2023-05-31,2023-08-25,60,SOXX,0.009406171809841383
base,replay_base_2023-05-31,2023-05-31,2023-08-25,60,XLI,0.09310042185410017
base,replay_base_2023-05-31,2023-05-31,2023-08-25,60,XLU,-0.024832718327183364
base,replay_base_2023-05-31,2023-05-31,2023-11-20,120,QQQ,0.12074543467632914
base,replay_base_2023-05-31,2023-05-31,2023-11-20,120,SOXX,0.08759633027522906
base,replay_base_2023-05-31,2023-05-31,2023-11-20,120,XLI,0.08692694721679184
base,replay_base_2023-05-31,2023-05-31,2023-11-20,120,XLU,-0.048049200492005006
base,replay_base_2023-06-30,2023-06-30,2023-07-31,20,QQQ,0.03438039894048328
base,replay_base_2023-06-30,2023-06-30,2023-07-31,20,SOXX,0.045651616002195916
base,replay_base_2023-06-30,2023-06-30,2023-07-31,20,XLI,0.030557989328840244
base,replay_base_2023-06-30,2023-06-30,2023-07-31,20,XLU,0.026150046026388266
base,replay_base_2023-06-30,2023-06-30,2023-09-26,60,QQQ,-0.04556986864154822
base,replay_base_2023-06-30,2023-06-30,2023-09-26,60,SOXX,-0.10195991608748067
base,replay_base_2023-06-30,2023-06-30,2023-09-26,60,XLI,-0.060287278854254445
base,replay_base_2023-06-30,2023-06-30,2023-09-26,60,XLU,-0.06268088370665859
base,replay_base_2023-06-30,2023-06-30,2023-12-20,120,QQQ,0.08641023839126427
base,replay_base_2023-06-30,2023-06-30,2023-12-20,120,SOXX,0.08098113928890027
base,replay_base_2023-06-30,2023-06-30,2023-12-20,120,XLI,0.0398718524758962
base,replay_base_2023-06-30,2023-06-30,2023-12-20,120,XLU,-0.04710862227677215
base,replay_base_2023-06-30,2023-06-30,2023-07-31,20,QQQ,0.03438039894048328
base,replay_base_2023-06-30,2023-06-30,2023-07-31,20,SOXX,0.045651616002195916
base,replay_base_2023-06-30,2023-06-30,2023-07-31,20,XLI,0.030557989328840244
base,replay_base_2023-06-30,2023-06-30,2023-07-31,20,XLU,0.026150046026388266
base,replay_base_2023-06-30,2023-06-30,2023-09-26,60,QQQ,-0.04556986864154822
base,replay_base_2023-06-30,2023-06-30,2023-09-26,60,SOXX,-0.10195991608748067
base,replay_base_2023-06-30,2023-06-30,2023-09-26,60,XLI,-0.060287278854254445
base,replay_base_2023-06-30,2023-06-30,2023-09-26,60,XLU,-0.06268088370665859
base,replay_base_2023-06-30,2023-06-30,2023-12-20,120,QQQ,0.08641023839126427
base,replay_base_2023-06-30,2023-06-30,2023-12-20,120,SOXX,0.08098113928890027
base,replay_base_2023-06-30,2023-06-30,2023-12-20,120,XLI,0.0398718524758962
base,replay_base_2023-06-30,2023-06-30,2023-12-20,120,XLU,-0.04710862227677215
base,replay_base_2023-06-30,2023-06-30,2023-07-31,20,QQQ,0.03438039894048328
base,replay_base_2023-06-30,2023-06-30,2023-07-31,20,SOXX,0.045651616002195916
base,replay_base_2023-06-30,2023-06-30,2023-07-31,20,XLI,0.030557989328840244
base,replay_base_2023-06-30,2023-06-30,2023-07-31,20,XLU,0.026150046026388266
base,replay_base_2023-06-30,2023-06-30,2023-09-26,60,QQQ,-0.04556986864154822
base,replay_base_2023-06-30,2023-06-30,2023-09-26,60,SOXX,-0.10195991608748067
base,replay_base_2023-06-30,2023-06-30,2023-09-26,60,XLI,-0.060287278854254445
base,replay_base_2023-06-30,2023-06-30,2023-09-26,60,XLU,-0.06268088370665859
base,replay_base_2023-06-30,2023-06-30,2023-12-20,120,QQQ,0.08641023839126427
base,replay_base_2023-06-30,2023-06-30,2023-12-20,120,SOXX,0.08098113928890027
base,replay_base_2023-06-30,2023-06-30,2023-12-20,120,XLI,0.0398718524758962
base,replay_base_2023-06-30,2023-06-30,2023-12-20,120,XLU,-0.04710862227677215
base,replay_base_2023-06-30,2023-06-30,2023-07-31,20,QQQ,0.03438039894048328
base,replay_base_2023-06-30,2023-06-30,2023-07-31,20,SOXX,0.045651616002195916
base,replay_base_2023-06-30,2023-06-30,2023-07-31,20,XLI,0.030557989328840244
base,replay_base_2023-06-30,2023-06-30,2023-07-31,20,XLU,0.026150046026388266
base,replay_base_2023-06-30,2023-06-30,2023-09-26,60,QQQ,-0.04556986864154822
base,replay_base_2023-06-30,2023-06-30,2023-09-26,60,SOXX,-0.10195991608748067
base,replay_base_2023-06-30,2023-06-30,2023-09-26,60,XLI,-0.060287278854254445
base,replay_base_2023-06-30,2023-06-30,2023-09-26,60,XLU,-0.06268088370665859
base,replay_base_2023-06-30,2023-06-30,2023-12-20,120,QQQ,0.08641023839126427
base,replay_base_2023-06-30,2023-06-30,2023-12-20,120,SOXX,0.08098113928890027
base,replay_base_2023-06-30,2023-06-30,2023-12-20,120,XLI,0.0398718524758962
base,replay_base_2023-06-30,2023-06-30,2023-12-20,120,XLU,-0.04710862227677215
base,replay_base_2023-07-31,2023-07-31,2023-08-28,20,QQQ,-0.04364338956453517
base,replay_base_2023-07-31,2023-07-31,2023-08-28,20,SOXX,-0.07582084150203594
base,replay_base_2023-07-31,2023-07-31,2023-08-28,20,XLI,-0.02796142325496964
base,replay_base_2023-07-31,2023-07-31,2023-08-28,20,XLU,-0.0547369912032204
base,replay_base_2023-07-31,2023-07-31,2023-10-24,60,QQQ,-0.06383431411010865
base,replay_base_2023-07-31,2023-07-31,2023-10-24,60,SOXX,-0.13403227265872408
base,replay_base_2023-07-31,2023-07-31,2023-10-24,60,XLI,-0.10484260688027591
base,replay_base_2023-07-31,2023-07-31,2023-10-24,60,XLU,-0.12287475771581924
base,replay_base_2023-07-31,2023-07-31,2024-01-22,120,QQQ,0.10004694651497303
base,replay_base_2023-07-31,2023-07-31,2024-01-22,120,SOXX,0.13504478962449118
base,replay_base_2023-07-31,2023-07-31,2024-01-22,120,XLI,0.02531986929291097
base,replay_base_2023-07-31,2023-07-31,2024-01-22,120,XLU,-0.09857179066646782
base,replay_base_2023-07-31,2023-07-31,2023-08-28,20,QQQ,-0.04364338956453517
base,replay_base_2023-07-31,2023-07-31,2023-08-28,20,SOXX,-0.07582084150203594
base,replay_base_2023-07-31,2023-07-31,2023-08-28,20,XLI,-0.02796142325496964
base,replay_base_2023-07-31,2023-07-31,2023-08-28,20,XLU,-0.0547369912032204
base,replay_base_2023-07-31,2023-07-31,2023-10-24,60,QQQ,-0.06383431411010865
base,replay_base_2023-07-31,2023-07-31,2023-10-24,60,SOXX,-0.13403227265872408
base,replay_base_2023-07-31,2023-07-31,2023-10-24,60,XLI,-0.10484260688027591
base,replay_base_2023-07-31,2023-07-31,2023-10-24,60,XLU,-0.12287475771581924
base,replay_base_2023-07-31,2023-07-31,2024-01-22,120,QQQ,0.10004694651497303
base,replay_base_2023-07-31,2023-07-31,2024-01-22,120,SOXX,0.13504478962449118
base,replay_base_2023-07-31,2023-07-31,2024-01-22,120,XLI,0.02531986929291097
base,replay_base_2023-07-31,2023-07-31,2024-01-22,120,XLU,-0.09857179066646782
base,replay_base_2023-07-31,2023-07-31,2023-08-28,20,QQQ,-0.04364338956453517
base,replay_base_2023-07-31,2023-07-31,2023-08-28,20,SOXX,-0.07582084150203594
base,replay_base_2023-07-31,2023-07-31,2023-08-28,20,XLI,-0.02796142325496964
base,replay_base_2023-07-31,2023-07-31,2023-08-28,20,XLU,-0.0547369912032204
base,replay_base_2023-07-31,2023-07-31,2023-10-24,60,QQQ,-0.06383431411010865
base,replay_base_2023-07-31,2023-07-31,2023-10-24,60,SOXX,-0.13403227265872408
base,replay_base_2023-07-31,2023-07-31,2023-10-24,60,XLI,-0.10484260688027591
base,replay_base_2023-07-31,2023-07-31,2023-10-24,60,XLU,-0.12287475771581924
base,replay_base_2023-07-31,2023-07-31,2024-01-22,120,QQQ,0.10004694651497303
base,replay_base_2023-07-31,2023-07-31,2024-01-22,120,SOXX,0.13504478962449118
base,replay_base_2023-07-31,2023-07-31,2024-01-22,120,XLI,0.02531986929291097
base,replay_base_2023-07-31,2023-07-31,2024-01-22,120,XLU,-0.09857179066646782
base,replay_base_2023-07-31,2023-07-31,2023-08-28,20,QQQ,-0.04364338956453517
base,replay_base_2023-07-31,2023-07-31,2023-08-28,20,SOXX,-0.07582084150203594
base,replay_base_2023-07-31,2023-07-31,2023-08-28,20,XLI,-0.02796142325496964
base,replay_base_2023-07-31,2023-07-31,2023-08-28,20,XLU,-0.0547369912032204
base,replay_base_2023-07-31,2023-07-31,2023-10-24,60,QQQ,-0.06383431411010865
base,replay_base_2023-07-31,2023-07-31,2023-10-24,60,SOXX,-0.13403227265872408
base,replay_base_2023-07-31,2023-07-31,2023-10-24,60,XLI,-0.10484260688027591
base,replay_base_2023-07-31,2023-07-31,2023-10-24,60,XLU,-0.12287475771581924
base,replay_base_2023-07-31,2023-07-31,2024-01-22,120,QQQ,0.10004694651497303
base,replay_base_2023-07-31,2023-07-31,2024-01-22,120,SOXX,0.13504478962449118
base,replay_base_2023-07-31,2023-07-31,2024-01-22,120,XLI,0.02531986929291097
base,replay_base_2023-07-31,2023-07-31,2024-01-22,120,XLU,-0.09857179066646782
base,replay_base_2023-08-31,2023-08-31,2023-09-29,20,QQQ,-0.06090967877608966
base,replay_base_2023-08-31,2023-08-31,2023-09-29,20,SOXX,-0.08031226527077762
base,replay_base_2023-08-31,2023-08-31,2023-09-29,20,XLI,-0.0724087403598972
base,replay_base_2023-08-31,2023-08-31,2023-09-29,20,XLU,-0.0722350201310491
base,replay_base_2023-08-31,2023-08-31,2023-11-27,60,QQQ,0.019895746806161466
base,replay_base_2023-08-31,2023-08-31,2023-11-27,60,SOXX,-0.0010735176788806396
base,replay_base_2023-08-31,2023-08-31,2023-11-27,60,XLI,-0.03192030848329053
base,replay_base_2023-08-31,2023-08-31,2023-11-27,60,XLU,-0.011762927291387056
base,replay_base_2023-08-31,2023-08-31,2024-02-23,120,QQQ,0.14512575574365172
base,replay_base_2023-08-31,2023-08-31,2024-02-23,120,SOXX,0.23515407966685464
base,replay_base_2023-08-31,2023-08-31,2024-02-23,120,XLI,0.10047043701799485
base,replay_base_2023-08-31,2023-08-31,2024-02-23,120,XLU,-0.025025736164837827
base,replay_base_2023-08-31,2023-08-31,2023-09-29,20,QQQ,-0.06090967877608966
base,replay_base_2023-08-31,2023-08-31,2023-09-29,20,SOXX,-0.08031226527077762
base,replay_base_2023-08-31,2023-08-31,2023-09-29,20,XLI,-0.0724087403598972
base,replay_base_2023-08-31,2023-08-31,2023-09-29,20,XLU,-0.0722350201310491
base,replay_base_2023-08-31,2023-08-31,2023-11-27,60,QQQ,0.019895746806161466
base,replay_base_2023-08-31,2023-08-31,2023-11-27,60,SOXX,-0.0010735176788806396
base,replay_base_2023-08-31,2023-08-31,2023-11-27,60,XLI,-0.03192030848329053
base,replay_base_2023-08-31,2023-08-31,2023-11-27,60,XLU,-0.011762927291387056
base,replay_base_2023-08-31,2023-08-31,2024-02-23,120,QQQ,0.14512575574365172
base,replay_base_2023-08-31,2023-08-31,2024-02-23,120,SOXX,0.23515407966685464
base,replay_base_2023-08-31,2023-08-31,2024-02-23,120,XLI,0.10047043701799485
base,replay_base_2023-08-31,2023-08-31,2024-02-23,120,XLU,-0.025025736164837827
base,replay_base_2023-08-31,2023-08-31,2023-09-29,20,QQQ,-0.06090967877608966
base,replay_base_2023-08-31,2023-08-31,2023-09-29,20,SOXX,-0.08031226527077762
base,replay_base_2023-08-31,2023-08-31,2023-09-29,20,XLI,-0.0724087403598972
base,replay_base_2023-08-31,2023-08-31,2023-09-29,20,XLU,-0.0722350201310491
base,replay_base_2023-08-31,2023-08-31,2023-11-27,60,QQQ,0.019895746806161466
base,replay_base_2023-08-31,2023-08-31,2023-11-27,60,SOXX,-0.0010735176788806396
base,replay_base_2023-08-31,2023-08-31,2023-11-27,60,XLI,-0.03192030848329053
base,replay_base_2023-08-31,2023-08-31,2023-11-27,60,XLU,-0.011762927291387056
base,replay_base_2023-08-31,2023-08-31,2024-02-23,120,QQQ,0.14512575574365172
base,replay_base_2023-08-31,2023-08-31,2024-02-23,120,SOXX,0.23515407966685464
base,replay_base_2023-08-31,2023-08-31,2024-02-23,120,XLI,0.10047043701799485
base,replay_base_2023-08-31,2023-08-31,2024-02-23,120,XLU,-0.025025736164837827
base,replay_base_2023-08-31,2023-08-31,2023-09-29,20,QQQ,-0.06090967877608966
base,replay_base_2023-08-31,2023-08-31,2023-09-29,20,SOXX,-0.08031226527077762
base,replay_base_2023-08-31,2023-08-31,2023-09-29,20,XLI,-0.0724087403598972
base,replay_base_2023-08-31,2023-08-31,2023-09-29,20,XLU,-0.0722350201310491
base,replay_base_2023-08-31,2023-08-31,2023-11-27,60,QQQ,0.019895746806161466
base,replay_base_2023-08-31,2023-08-31,2023-11-27,60,SOXX,-0.0010735176788806396
base,replay_base_2023-08-31,2023-08-31,2023-11-27,60,XLI,-0.03192030848329053
base,replay_base_2023-08-31,2023-08-31,2023-11-27,60,XLU,-0.011762927291387056
base,replay_base_2023-08-31,2023-08-31,2024-02-23,120,QQQ,0.14512575574365172
base,replay_base_2023-08-31,2023-08-31,2024-02-23,120,SOXX,0.23515407966685464
base,replay_base_2023-08-31,2023-08-31,2024-02-23,120,XLI,0.10047043701799485
base,replay_base_2023-08-31,2023-08-31,2024-02-23,120,XLU,-0.025025736164837827
base,replay_base_2023-09-29,2023-09-29,2023-10-27,20,QQQ,-0.039346899495104504
base,replay_base_2023-09-29,2023-09-29,2023-10-27,20,SOXX,-0.06731972359162353
base,replay_base_2023-09-29,2023-09-29,2023-10-27,20,XLI,-0.04885250037097488
base,replay_base_2023-09-29,2023-09-29,2023-10-27,20,XLU,0.0017004529527390204
base,replay_base_2023-09-29,2023-09-29,2023-12-26,60,QQQ,0.14319654662612613
base,replay_base_2023-09-29,2023-09-29,2023-12-26,60,SOXX,0.21896940968272005
base,replay_base_2023-09-29,2023-09-29,2023-12-26,60,XLI,0.12397235000247331
base,replay_base_2023-09-29,2023-09-29,2023-12-26,60,XLU,0.07383104008204422
base,replay_base_2023-09-29,2023-09-29,2024-03-22,120,QQQ,0.24160933359368453
base,replay_base_2023-09-29,2023-09-29,2024-03-22,120,SOXX,0.421535456958665
base,replay_base_2023-09-29,2023-09-29,2024-03-22,120,XLI,0.23566053321462144
base,replay_base_2023-09-29,2023-09-29,2024-03-22,120,XLU,0.08853063840697362
base,replay_base_2023-09-29,2023-09-29,2023-10-27,20,QQQ,-0.039346899495104504
base,replay_base_2023-09-29,2023-09-29,2023-10-27,20,SOXX,-0.06731972359162353
base,replay_base_2023-09-29,2023-09-29,2023-10-27,20,XLI,-0.04885250037097488
base,replay_base_2023-09-29,2023-09-29,2023-10-27,20,XLU,0.0017004529527390204
base,replay_base_2023-09-29,2023-09-29,2023-12-26,60,QQQ,0.14319654662612613
base,replay_base_2023-09-29,2023-09-29,2023-12-26,60,SOXX,0.21896940968272005
base,replay_base_2023-09-29,2023-09-29,2023-12-26,60,XLI,0.12397235000247331
base,replay_base_2023-09-29,2023-09-29,2023-12-26,60,XLU,0.07383104008204422
base,replay_base_2023-09-29,2023-09-29,2024-03-22,120,QQQ,0.24160933359368453
base,replay_base_2023-09-29,2023-09-29,2024-03-22,120,SOXX,0.421535456958665
base,replay_base_2023-09-29,2023-09-29,2024-03-22,120,XLI,0.23566053321462144
base,replay_base_2023-09-29,2023-09-29,2024-03-22,120,XLU,0.08853063840697362
base,replay_base_2023-09-29,2023-09-29,2023-10-27,20,QQQ,-0.039346899495104504
base,replay_base_2023-09-29,2023-09-29,2023-10-27,20,SOXX,-0.06731972359162353
base,replay_base_2023-09-29,2023-09-29,2023-10-27,20,XLI,-0.04885250037097488
base,replay_base_2023-09-29,2023-09-29,2023-10-27,20,XLU,0.0017004529527390204
base,replay_base_2023-09-29,2023-09-29,2023-12-26,60,QQQ,0.14319654662612613
base,replay_base_2023-09-29,2023-09-29,2023-12-26,60,SOXX,0.21896940968272005
base,replay_base_2023-09-29,2023-09-29,2023-12-26,60,XLI,0.12397235000247331
base,replay_base_2023-09-29,2023-09-29,2023-12-26,60,XLU,0.07383104008204422
base,replay_base_2023-09-29,2023-09-29,2024-03-22,120,QQQ,0.24160933359368453
base,replay_base_2023-09-29,2023-09-29,2024-03-22,120,SOXX,0.421535456958665
base,replay_base_2023-09-29,2023-09-29,2024-03-22,120,XLI,0.23566053321462144
base,replay_base_2023-09-29,2023-09-29,2024-03-22,120,XLU,0.08853063840697362
base,replay_base_2023-09-29,2023-09-29,2023-10-27,20,QQQ,-0.039346899495104504
base,replay_base_2023-09-29,2023-09-29,2023-10-27,20,SOXX,-0.06731972359162353
base,replay_base_2023-09-29,2023-09-29,2023-10-27,20,XLI,-0.04885250037097488
base,replay_base_2023-09-29,2023-09-29,2023-10-27,20,XLU,0.0017004529527390204
base,replay_base_2023-09-29,2023-09-29,2023-12-26,60,QQQ,0.14319654662612613
base,replay_base_2023-09-29,2023-09-29,2023-12-26,60,SOXX,0.21896940968272005
base,replay_base_2023-09-29,2023-09-29,2023-12-26,60,XLI,0.12397235000247331
base,replay_base_2023-09-29,2023-09-29,2023-12-26,60,XLU,0.07383104008204422
base,replay_base_2023-09-29,2023-09-29,2024-03-22,120,QQQ,0.24160933359368453
base,replay_base_2023-09-29,2023-09-29,2024-03-22,120,SOXX,0.421535456958665
base,replay_base_2023-09-29,2023-09-29,2024-03-22,120,XLI,0.23566053321462144
base,replay_base_2023-09-29,2023-09-29,2024-03-22,120,XLU,0.08853063840697362
base,replay_base_2023-10-31,2023-10-31,2023-11-29,20,QQQ,0.10527409724196757
base,replay_base_2023-10-31,2023-10-31,2023-11-29,20,SOXX,0.16366290639171532
base,replay_base_2023-10-31,2023-10-31,2023-11-29,20,XLI,0.07241516428825345
base,replay_base_2023-10-31,2023-10-31,2023-11-29,20,XLU,0.04146673353393504
base,replay_base_2023-10-31,2023-10-31,2024-01-29,60,QQQ,0.2143727608757463
base,replay_base_2023-10-31,2023-10-31,2024-01-29,60,SOXX,0.3583022584211356
base,replay_base_2023-10-31,2023-10-31,2024-01-29,60,XLI,0.1564129297648672
base,replay_base_2023-10-31,2023-10-31,2024-01-29,60,XLU,0.027090270812437315
base,replay_base_2023-10-31,2023-10-31,2024-04-24,120,QQQ,0.2097949957350015
base,replay_base_2023-10-31,2023-10-31,2024-04-24,120,SOXX,0.40870498386842036
base,replay_base_2023-10-31,2023-10-31,2024-04-24,120,XLI,0.23736361789650096
base,replay_base_2023-10-31,2023-10-31,2024-04-24,120,XLU,0.1127639585422936
base,replay_base_2023-10-31,2023-10-31,2023-11-29,20,QQQ,0.10527409724196757
base,replay_base_2023-10-31,2023-10-31,2023-11-29,20,SOXX,0.16366290639171532
base,replay_base_2023-10-31,2023-10-31,2023-11-29,20,XLI,0.07241516428825345
base,replay_base_2023-10-31,2023-10-31,2023-11-29,20,XLU,0.04146673353393504
base,replay_base_2023-10-31,2023-10-31,2024-01-29,60,QQQ,0.2143727608757463
base,replay_base_2023-10-31,2023-10-31,2024-01-29,60,SOXX,0.3583022584211356
base,replay_base_2023-10-31,2023-10-31,2024-01-29,60,XLI,0.1564129297648672
base,replay_base_2023-10-31,2023-10-31,2024-01-29,60,XLU,0.027090270812437315
base,replay_base_2023-10-31,2023-10-31,2024-04-24,120,QQQ,0.2097949957350015
base,replay_base_2023-10-31,2023-10-31,2024-04-24,120,SOXX,0.40870498386842036
base,replay_base_2023-10-31,2023-10-31,2024-04-24,120,XLI,0.23736361789650096
base,replay_base_2023-10-31,2023-10-31,2024-04-24,120,XLU,0.1127639585422936
base,replay_base_2023-10-31,2023-10-31,2023-11-29,20,QQQ,0.10527409724196757
base,replay_base_2023-10-31,2023-10-31,2023-11-29,20,SOXX,0.16366290639171532
base,replay_base_2023-10-31,2023-10-31,2023-11-29,20,XLI,0.07241516428825345
base,replay_base_2023-10-31,2023-10-31,2023-11-29,20,XLU,0.04146673353393504
base,replay_base_2023-10-31,2023-10-31,2024-01-29,60,QQQ,0.2143727608757463
base,replay_base_2023-10-31,2023-10-31,2024-01-29,60,SOXX,0.3583022584211356
base,replay_base_2023-10-31,2023-10-31,2024-01-29,60,XLI,0.1564129297648672
base,replay_base_2023-10-31,2023-10-31,2024-01-29,60,XLU,0.027090270812437315
base,replay_base_2023-10-31,2023-10-31,2024-04-24,120,QQQ,0.2097949957350015
base,replay_base_2023-10-31,2023-10-31,2024-04-24,120,SOXX,0.40870498386842036
base,replay_base_2023-10-31,2023-10-31,2024-04-24,120,XLI,0.23736361789650096
base,replay_base_2023-10-31,2023-10-31,2024-04-24,120,XLU,0.1127639585422936
base,replay_base_2023-10-31,2023-10-31,2023-11-29,20,QQQ,0.10527409724196757
base,replay_base_2023-10-31,2023-10-31,2023-11-29,20,SOXX,0.16366290639171532
base,replay_base_2023-10-31,2023-10-31,2023-11-29,20,XLI,0.07241516428825345
base,replay_base_2023-10-31,2023-10-31,2023-11-29,20,XLU,0.04146673353393504
base,replay_base_2023-10-31,2023-10-31,2024-01-29,60,QQQ,0.2143727608757463
base,replay_base_2023-10-31,2023-10-31,2024-01-29,60,SOXX,0.3583022584211356
base,replay_base_2023-10-31,2023-10-31,2024-01-29,60,XLI,0.1564129297648672
base,replay_base_2023-10-31,2023-10-31,2024-01-29,60,XLU,0.027090270812437315
base,replay_base_2023-10-31,2023-10-31,2024-04-24,120,QQQ,0.2097949957350015
base,replay_base_2023-10-31,2023-10-31,2024-04-24,120,SOXX,0.40870498386842036
base,replay_base_2023-10-31,2023-10-31,2024-04-24,120,XLI,0.23736361789650096
base,replay_base_2023-10-31,2023-10-31,2024-04-24,120,XLU,0.1127639585422936
base,replay_base_2023-11-30,2023-11-30,2023-12-29,20,QQQ,0.05328934062532242
base,replay_base_2023-11-30,2023-11-30,2023-12-29,20,SOXX,0.12489445868973748
base,replay_base_2023-11-30,2023-11-30,2023-12-29,20,XLI,0.05967487409065464
base,replay_base_2023-11-30,2023-11-30,2023-12-29,20,XLU,0.0064760312151616066
base,replay_base_2023-11-30,2023-11-30,2024-02-28,60,QQQ,0.11987173666288309
base,replay_base_2023-11-30,2023-11-30,2024-02-28,60,SOXX,0.24012474309538268
base,replay_base_2023-11-30,2023-11-30,2024-02-28,60,XLI,0.12188341727289675
base,replay_base_2023-11-30,2023-11-30,2024-02-28,60,XLU,-0.014626055104315912
base,replay_base_2023-11-30,2023-11-30,2024-05-23,120,QQQ,0.16757063254566085
base,replay_base_2023-11-30,2023-11-30,2024-05-23,120,SOXX,0.37212967566403743
base,replay_base_2023-11-30,2023-11-30,2024-05-23,120,XLI,0.1517752285021451
base,replay_base_2023-11-30,2023-11-30,2024-05-23,120,XLU,0.12464771460423651
base,replay_base_2023-11-30,2023-11-30,2023-12-29,20,QQQ,0.05328934062532242
base,replay_base_2023-11-30,2023-11-30,2023-12-29,20,SOXX,0.12489445868973748
base,replay_base_2023-11-30,2023-11-30,2023-12-29,20,XLI,0.05967487409065464
base,replay_base_2023-11-30,2023-11-30,2023-12-29,20,XLU,0.0064760312151616066
base,replay_base_2023-11-30,2023-11-30,2024-02-28,60,QQQ,0.11987173666288309
base,replay_base_2023-11-30,2023-11-30,2024-02-28,60,SOXX,0.24012474309538268
base,replay_base_2023-11-30,2023-11-30,2024-02-28,60,XLI,0.12188341727289675
base,replay_base_2023-11-30,2023-11-30,2024-02-28,60,XLU,-0.014626055104315912
base,replay_base_2023-11-30,2023-11-30,2024-05-23,120,QQQ,0.16757063254566085
base,replay_base_2023-11-30,2023-11-30,2024-05-23,120,SOXX,0.37212967566403743
base,replay_base_2023-11-30,2023-11-30,2024-05-23,120,XLI,0.1517752285021451
base,replay_base_2023-11-30,2023-11-30,2024-05-23,120,XLU,0.12464771460423651
base,replay_base_2023-11-30,2023-11-30,2023-12-29,20,QQQ,0.05328934062532242
base,replay_base_2023-11-30,2023-11-30,2023-12-29,20,SOXX,0.12489445868973748
base,replay_base_2023-11-30,2023-11-30,2023-12-29,20,XLI,0.05967487409065464
base,replay_base_2023-11-30,2023-11-30,2023-12-29,20,XLU,0.0064760312151616066
base,replay_base_2023-11-30,2023-11-30,2024-02-28,60,QQQ,0.11987173666288309
base,replay_base_2023-11-30,2023-11-30,2024-02-28,60,SOXX,0.24012474309538268
base,replay_base_2023-11-30,2023-11-30,2024-02-28,60,XLI,0.12188341727289675
base,replay_base_2023-11-30,2023-11-30,2024-02-28,60,XLU,-0.014626055104315912
base,replay_base_2023-11-30,2023-11-30,2024-05-23,120,QQQ,0.16757063254566085
base,replay_base_2023-11-30,2023-11-30,2024-05-23,120,SOXX,0.37212967566403743
base,replay_base_2023-11-30,2023-11-30,2024-05-23,120,XLI,0.1517752285021451
base,replay_base_2023-11-30,2023-11-30,2024-05-23,120,XLU,0.12464771460423651
base,replay_base_2023-11-30,2023-11-30,2023-12-29,20,QQQ,0.05328934062532242
base,replay_base_2023-11-30,2023-11-30,2023-12-29,20,SOXX,0.12489445868973748
base,replay_base_2023-11-30,2023-11-30,2023-12-29,20,XLI,0.05967487409065464
base,replay_base_2023-11-30,2023-11-30,2023-12-29,20,XLU,0.0064760312151616066
base,replay_base_2023-11-30,2023-11-30,2024-02-28,60,QQQ,0.11987173666288309
base,replay_base_2023-11-30,2023-11-30,2024-02-28,60,SOXX,0.24012474309538268
base,replay_base_2023-11-30,2023-11-30,2024-02-28,60,XLI,0.12188341727289675
base,replay_base_2023-11-30,2023-11-30,2024-02-28,60,XLU,-0.014626055104315912
base,replay_base_2023-11-30,2023-11-30,2024-05-23,120,QQQ,0.16757063254566085
base,replay_base_2023-11-30,2023-11-30,2024-05-23,120,SOXX,0.37212967566403743
base,replay_base_2023-11-30,2023-11-30,2024-05-23,120,XLI,0.1517752285021451
base,replay_base_2023-11-30,2023-11-30,2024-05-23,120,XLU,0.12464771460423651
base,replay_base_2023-12-29,2023-12-29,2024-01-30,20,QQQ,0.04500630883730106
base,replay_base_2023-12-29,2023-12-29,2024-01-30,20,SOXX,0.04796452798191064
base,replay_base_2023-12-29,2023-12-29,2024-01-30,20,XLI,0.004897987998588096
base,replay_base_2023-12-29,2023-12-29,2024-01-30,20,XLU,-0.02723186569528035
base,replay_base_2023-12-29,2023-12-29,2024-03-27,60,QQQ,0.09348085169303577
base,replay_base_2023-12-29,2023-12-29,2024-03-27,60,SOXX,0.1928557094403619
base,replay_base_2023-12-29,2023-12-29,2024-03-27,60,XLI,0.10836604306388986
base,replay_base_2023-12-29,2023-12-29,2024-03-27,60,XLU,0.029388343363953132
base,replay_base_2023-12-29,2023-12-29,2024-06-24,120,QQQ,0.1651945882005027
base,replay_base_2023-12-29,2023-12-29,2024-06-24,120,SOXX,0.2832139626907858
base,replay_base_2023-12-29,2023-12-29,2024-06-24,120,XLI,0.08317190257677376
base,replay_base_2023-12-29,2023-12-29,2024-06-24,120,XLU,0.10168799493189729
base,replay_base_2023-12-29,2023-12-29,2024-01-30,20,QQQ,0.04500630883730106
base,replay_base_2023-12-29,2023-12-29,2024-01-30,20,SOXX,0.04796452798191064
base,replay_base_2023-12-29,2023-12-29,2024-01-30,20,XLI,0.004897987998588096
base,replay_base_2023-12-29,2023-12-29,2024-01-30,20,XLU,-0.02723186569528035
base,replay_base_2023-12-29,2023-12-29,2024-03-27,60,QQQ,0.09348085169303577
base,replay_base_2023-12-29,2023-12-29,2024-03-27,60,SOXX,0.1928557094403619
base,replay_base_2023-12-29,2023-12-29,2024-03-27,60,XLI,0.10836604306388986
base,replay_base_2023-12-29,2023-12-29,2024-03-27,60,XLU,0.029388343363953132
base,replay_base_2023-12-29,2023-12-29,2024-06-24,120,QQQ,0.1651945882005027
base,replay_base_2023-12-29,2023-12-29,2024-06-24,120,SOXX,0.2832139626907858
base,replay_base_2023-12-29,2023-12-29,2024-06-24,120,XLI,0.08317190257677376
base,replay_base_2023-12-29,2023-12-29,2024-06-24,120,XLU,0.10168799493189729
base,replay_base_2023-12-29,2023-12-29,2024-01-30,20,QQQ,0.04500630883730106
base,replay_base_2023-12-29,2023-12-29,2024-01-30,20,SOXX,0.04796452798191064
base,replay_base_2023-12-29,2023-12-29,2024-01-30,20,XLI,0.004897987998588096
base,replay_base_2023-12-29,2023-12-29,2024-01-30,20,XLU,-0.02723186569528035
base,replay_base_2023-12-29,2023-12-29,2024-03-27,60,QQQ,0.09348085169303577
base,replay_base_2023-12-29,2023-12-29,2024-03-27,60,SOXX,0.1928557094403619
base,replay_base_2023-12-29,2023-12-29,2024-03-27,60,XLI,0.10836604306388986
base,replay_base_2023-12-29,2023-12-29,2024-03-27,60,XLU,0.029388343363953132
base,replay_base_2023-12-29,2023-12-29,2024-06-24,120,QQQ,0.1651945882005027
base,replay_base_2023-12-29,2023-12-29,2024-06-24,120,SOXX,0.2832139626907858
base,replay_base_2023-12-29,2023-12-29,2024-06-24,120,XLI,0.08317190257677376
base,replay_base_2023-12-29,2023-12-29,2024-06-24,120,XLU,0.10168799493189729
base,replay_base_2023-12-29,2023-12-29,2024-01-30,20,QQQ,0.04500630883730106
base,replay_base_2023-12-29,2023-12-29,2024-01-30,20,SOXX,0.04796452798191064
base,replay_base_2023-12-29,2023-12-29,2024-01-30,20,XLI,0.004897987998588096
base,replay_base_2023-12-29,2023-12-29,2024-01-30,20,XLU,-0.02723186569528035
base,replay_base_2023-12-29,2023-12-29,2024-03-27,60,QQQ,0.09348085169303577
base,replay_base_2023-12-29,2023-12-29,2024-03-27,60,SOXX,0.1928557094403619
base,replay_base_2023-12-29,2023-12-29,2024-03-27,60,XLI,0.10836604306388986
base,replay_base_2023-12-29,2023-12-29,2024-03-27,60,XLU,0.029388343363953132
base,replay_base_2023-12-29,2023-12-29,2024-06-24,120,QQQ,0.1651945882005027
base,replay_base_2023-12-29,2023-12-29,2024-06-24,120,SOXX,0.2832139626907858
base,replay_base_2023-12-29,2023-12-29,2024-06-24,120,XLI,0.08317190257677376
base,replay_base_2023-12-29,2023-12-29,2024-06-24,120,XLU,0.10168799493189729
base,replay_base_2024-01-31,2024-01-31,2024-02-29,20,QQQ,0.04569602598395106
base,replay_base_2024-01-31,2024-01-31,2024-02-29,20,SOXX,0.10547163651203906
base,replay_base_2024-01-31,2024-01-31,2024-02-29,20,XLI,0.062223131766569906
base,replay_base_2024-01-31,2024-01-31,2024-02-29,20,XLU,0.012941792020928825
base,replay_base_2024-01-31,2024-01-31,2024-04-26,60,QQQ,0.02653047382499041
base,replay_base_2024-01-31,2024-01-31,2024-04-26,60,SOXX,0.10350761801115482
base,replay_base_2024-01-31,2024-01-31,2024-04-26,60,XLI,0.07648243992606296
base,replay_base_2024-01-31,2024-01-31,2024-04-26,60,XLU,0.07916154349247895
base,replay_base_2024-01-31,2024-01-31,2024-07-24,120,QQQ,0.10358674054260597
base,replay_base_2024-01-31,2024-01-31,2024-07-24,120,SOXX,0.1683712420078901
base,replay_base_2024-01-31,2024-01-31,2024-07-24,120,XLI,0.08132356306663147
base,replay_base_2024-01-31,2024-01-31,2024-07-24,120,XLU,0.15936102027468946
base,replay_base_2024-01-31,2024-01-31,2024-02-29,20,QQQ,0.04569602598395106
base,replay_base_2024-01-31,2024-01-31,2024-02-29,20,SOXX,0.10547163651203906
base,replay_base_2024-01-31,2024-01-31,2024-02-29,20,XLI,0.062223131766569906
base,replay_base_2024-01-31,2024-01-31,2024-02-29,20,XLU,0.012941792020928825
base,replay_base_2024-01-31,2024-01-31,2024-04-26,60,QQQ,0.02653047382499041
base,replay_base_2024-01-31,2024-01-31,2024-04-26,60,SOXX,0.10350761801115482
base,replay_base_2024-01-31,2024-01-31,2024-04-26,60,XLI,0.07648243992606296
base,replay_base_2024-01-31,2024-01-31,2024-04-26,60,XLU,0.07916154349247895
base,replay_base_2024-01-31,2024-01-31,2024-07-24,120,QQQ,0.10358674054260597
base,replay_base_2024-01-31,2024-01-31,2024-07-24,120,SOXX,0.1683712420078901
base,replay_base_2024-01-31,2024-01-31,2024-07-24,120,XLI,0.08132356306663147
base,replay_base_2024-01-31,2024-01-31,2024-07-24,120,XLU,0.15936102027468946
base,replay_base_2024-01-31,2024-01-31,2024-02-29,20,QQQ,0.04569602598395106
base,replay_base_2024-01-31,2024-01-31,2024-02-29,20,SOXX,0.10547163651203906
base,replay_base_2024-01-31,2024-01-31,2024-02-29,20,XLI,0.062223131766569906
base,replay_base_2024-01-31,2024-01-31,2024-02-29,20,XLU,0.012941792020928825
base,replay_base_2024-01-31,2024-01-31,2024-04-26,60,QQQ,0.02653047382499041
base,replay_base_2024-01-31,2024-01-31,2024-04-26,60,SOXX,0.10350761801115482
base,replay_base_2024-01-31,2024-01-31,2024-04-26,60,XLI,0.07648243992606296
base,replay_base_2024-01-31,2024-01-31,2024-04-26,60,XLU,0.07916154349247895
base,replay_base_2024-01-31,2024-01-31,2024-07-24,120,QQQ,0.10358674054260597
base,replay_base_2024-01-31,2024-01-31,2024-07-24,120,SOXX,0.1683712420078901
base,replay_base_2024-01-31,2024-01-31,2024-07-24,120,XLI,0.08132356306663147
base,replay_base_2024-01-31,2024-01-31,2024-07-24,120,XLU,0.15936102027468946
base,replay_base_2024-01-31,2024-01-31,2024-02-29,20,QQQ,0.04569602598395106
base,replay_base_2024-01-31,2024-01-31,2024-02-29,20,SOXX,0.10547163651203906
base,replay_base_2024-01-31,2024-01-31,2024-02-29,20,XLI,0.062223131766569906
base,replay_base_2024-01-31,2024-01-31,2024-02-29,20,XLU,0.012941792020928825
base,replay_base_2024-01-31,2024-01-31,2024-04-26,60,QQQ,0.02653047382499041
base,replay_base_2024-01-31,2024-01-31,2024-04-26,60,SOXX,0.10350761801115482
base,replay_base_2024-01-31,2024-01-31,2024-04-26,60,XLI,0.07648243992606296
base,replay_base_2024-01-31,2024-01-31,2024-04-26,60,XLU,0.07916154349247895
base,replay_base_2024-01-31,2024-01-31,2024-07-24,120,QQQ,0.10358674054260597
base,replay_base_2024-01-31,2024-01-31,2024-07-24,120,SOXX,0.1683712420078901
base,replay_base_2024-01-31,2024-01-31,2024-07-24,120,XLI,0.08132356306663147
base,replay_base_2024-01-31,2024-01-31,2024-07-24,120,XLU,0.15936102027468946
base,replay_base_2024-02-29,2024-02-29,2024-03-28,20,QQQ,0.0066626045834848905
base,replay_base_2024-02-29,2024-02-29,2024-03-28,20,SOXX,0.023830377444292842
base,replay_base_2024-02-29,2024-02-29,2024-03-28,20,XLI,0.039194092827004146
base,replay_base_2024-02-29,2024-02-29,2024-03-28,20,XLU,0.058929016088608566
base,replay_base_2024-02-29,2024-02-29,2024-05-24,60,QQQ,0.03824226991633328
base,replay_base_2024-02-29,2024-02-29,2024-05-24,60,SOXX,0.08172032742155533
base,replay_base_2024-02-29,2024-02-29,2024-05-24,60,XLI,0.026701332009596904
base,replay_base_2024-02-29,2024-02-29,2024-05-24,60,XLU,0.15311609669334636
base,replay_base_2024-02-29,2024-02-29,2024-08-21,120,QQQ,0.09410349217897418
base,replay_base_2024-02-29,2024-02-29,2024-08-21,120,SOXX,0.06766848567530681
base,replay_base_2024-02-29,2024-02-29,2024-08-21,120,XLI,0.05747819971870605
base,replay_base_2024-02-29,2024-02-29,2024-08-21,120,XLU,0.21488341822297674
base,replay_base_2024-02-29,2024-02-29,2024-03-28,20,QQQ,0.0066626045834848905
base,replay_base_2024-02-29,2024-02-29,2024-03-28,20,SOXX,0.023830377444292842
base,replay_base_2024-02-29,2024-02-29,2024-03-28,20,XLI,0.039194092827004146
base,replay_base_2024-02-29,2024-02-29,2024-03-28,20,XLU,0.058929016088608566
base,replay_base_2024-02-29,2024-02-29,2024-05-24,60,QQQ,0.03824226991633328
base,replay_base_2024-02-29,2024-02-29,2024-05-24,60,SOXX,0.08172032742155533
base,replay_base_2024-02-29,2024-02-29,2024-05-24,60,XLI,0.026701332009596904
base,replay_base_2024-02-29,2024-02-29,2024-05-24,60,XLU,0.15311609669334636
base,replay_base_2024-02-29,2024-02-29,2024-08-21,120,QQQ,0.09410349217897418
base,replay_base_2024-02-29,2024-02-29,2024-08-21,120,SOXX,0.06766848567530681
base,replay_base_2024-02-29,2024-02-29,2024-08-21,120,XLI,0.05747819971870605
base,replay_base_2024-02-29,2024-02-29,2024-08-21,120,XLU,0.21488341822297674
base,replay_base_2024-02-29,2024-02-29,2024-03-28,20,QQQ,0.0066626045834848905
base,replay_base_2024-02-29,2024-02-29,2024-03-28,20,SOXX,0.023830377444292842
base,replay_base_2024-02-29,2024-02-29,2024-03-28,20,XLI,0.039194092827004146
base,replay_base_2024-02-29,2024-02-29,2024-03-28,20,XLU,0.058929016088608566
base,replay_base_2024-02-29,2024-02-29,2024-05-24,60,QQQ,0.03824226991633328
base,replay_base_2024-02-29,2024-02-29,2024-05-24,60,SOXX,0.08172032742155533
base,replay_base_2024-02-29,2024-02-29,2024-05-24,60,XLI,0.026701332009596904
base,replay_base_2024-02-29,2024-02-29,2024-05-24,60,XLU,0.15311609669334636
base,replay_base_2024-02-29,2024-02-29,2024-08-21,120,QQQ,0.09410349217897418
base,replay_base_2024-02-29,2024-02-29,2024-08-21,120,SOXX,0.06766848567530681
base,replay_base_2024-02-29,2024-02-29,2024-08-21,120,XLI,0.05747819971870605
base,replay_base_2024-02-29,2024-02-29,2024-08-21,120,XLU,0.21488341822297674
base,replay_base_2024-02-29,2024-02-29,2024-03-28,20,QQQ,0.0066626045834848905
base,replay_base_2024-02-29,2024-02-29,2024-03-28,20,SOXX,0.023830377444292842
base,replay_base_2024-02-29,2024-02-29,2024-03-28,20,XLI,0.039194092827004146
base,replay_base_2024-02-29,2024-02-29,2024-03-28,20,XLU,0.058929016088608566
base,replay_base_2024-02-29,2024-02-29,2024-05-24,60,QQQ,0.03824226991633328
base,replay_base_2024-02-29,2024-02-29,2024-05-24,60,SOXX,0.08172032742155533
base,replay_base_2024-02-29,2024-02-29,2024-05-24,60,XLI,0.026701332009596904
base,replay_base_2024-02-29,2024-02-29,2024-05-24,60,XLU,0.15311609669334636
base,replay_base_2024-02-29,2024-02-29,2024-08-21,120,QQQ,0.09410349217897418
base,replay_base_2024-02-29,2024-02-29,2024-08-21,120,SOXX,0.06766848567530681
base,replay_base_2024-02-29,2024-02-29,2024-08-21,120,XLI,0.05747819971870605
base,replay_base_2024-02-29,2024-02-29,2024-08-21,120,XLU,0.21488341822297674
base,replay_base_2024-03-29,2024-03-29,2024-04-26,20,QQQ,-0.034204350855113974
base,replay_base_2024-03-29,2024-03-29,2024-04-26,20,SOXX,-0.04582688319138617
base,replay_base_2024-03-29,2024-03-29,2024-04-26,20,XLI,-0.029782525889775032
base,replay_base_2024-03-29,2024-03-29,2024-04-26,20,XLU,0.005917682926829373
base,replay_base_2024-03-29,2024-03-29,2024-06-25,60,QQQ,0.0744434231521226
base,replay_base_2024-03-29,2024-03-29,2024-06-25,60,SOXX,0.08463955694806058
base,replay_base_2024-03-29,2024-03-29,2024-06-25,60,XLI,-0.034623219458001064
base,replay_base_2024-03-29,2024-03-29,2024-06-25,60,XLU,0.049820121951219654
base,replay_base_2024-03-29,2024-03-29,2024-09-19,120,QQQ,0.08318558554509281
base,replay_base_2024-03-29,2024-03-29,2024-09-19,120,SOXX,-0.0010142094347117521
base,replay_base_2024-03-29,2024-03-29,2024-09-19,120,XLI,0.061238384319327266
base,replay_base_2024-03-29,2024-03-29,2024-09-19,120,XLU,0.18617682926829293
base,replay_base_2024-03-29,2024-03-29,2024-04-26,20,QQQ,-0.034204350855113974
base,replay_base_2024-03-29,2024-03-29,2024-04-26,20,SOXX,-0.04582688319138617
base,replay_base_2024-03-29,2024-03-29,2024-04-26,20,XLI,-0.029782525889775032
base,replay_base_2024-03-29,2024-03-29,2024-04-26,20,XLU,0.005917682926829373
base,replay_base_2024-03-29,2024-03-29,2024-06-25,60,QQQ,0.0744434231521226
base,replay_base_2024-03-29,2024-03-29,2024-06-25,60,SOXX,0.08463955694806058
base,replay_base_2024-03-29,2024-03-29,2024-06-25,60,XLI,-0.034623219458001064
base,replay_base_2024-03-29,2024-03-29,2024-06-25,60,XLU,0.049820121951219654
base,replay_base_2024-03-29,2024-03-29,2024-09-19,120,QQQ,0.08318558554509281
base,replay_base_2024-03-29,2024-03-29,2024-09-19,120,SOXX,-0.0010142094347117521
base,replay_base_2024-03-29,2024-03-29,2024-09-19,120,XLI,0.061238384319327266
base,replay_base_2024-03-29,2024-03-29,2024-09-19,120,XLU,0.18617682926829293
base,replay_base_2024-03-29,2024-03-29,2024-04-26,20,QQQ,-0.034204350855113974
base,replay_base_2024-03-29,2024-03-29,2024-04-26,20,SOXX,-0.04582688319138617
base,replay_base_2024-03-29,2024-03-29,2024-04-26,20,XLI,-0.029782525889775032
base,replay_base_2024-03-29,2024-03-29,2024-04-26,20,XLU,0.005917682926829373
base,replay_base_2024-03-29,2024-03-29,2024-06-25,60,QQQ,0.0744434231521226
base,replay_base_2024-03-29,2024-03-29,2024-06-25,60,SOXX,0.08463955694806058
base,replay_base_2024-03-29,2024-03-29,2024-06-25,60,XLI,-0.034623219458001064
base,replay_base_2024-03-29,2024-03-29,2024-06-25,60,XLU,0.049820121951219654
base,replay_base_2024-03-29,2024-03-29,2024-09-19,120,QQQ,0.08318558554509281
base,replay_base_2024-03-29,2024-03-29,2024-09-19,120,SOXX,-0.0010142094347117521
base,replay_base_2024-03-29,2024-03-29,2024-09-19,120,XLI,0.061238384319327266
base,replay_base_2024-03-29,2024-03-29,2024-09-19,120,XLU,0.18617682926829293
base,replay_base_2024-03-29,2024-03-29,2024-04-26,20,QQQ,-0.034204350855113974
base,replay_base_2024-03-29,2024-03-29,2024-04-26,20,SOXX,-0.04582688319138617
base,replay_base_2024-03-29,2024-03-29,2024-04-26,20,XLI,-0.029782525889775032
base,replay_base_2024-03-29,2024-03-29,2024-04-26,20,XLU,0.005917682926829373
base,replay_base_2024-03-29,2024-03-29,2024-06-25,60,QQQ,0.0744434231521226
base,replay_base_2024-03-29,2024-03-29,2024-06-25,60,SOXX,0.08463955694806058
base,replay_base_2024-03-29,2024-03-29,2024-06-25,60,XLI,-0.034623219458001064
base,replay_base_2024-03-29,2024-03-29,2024-06-25,60,XLU,0.049820121951219654
base,replay_base_2024-03-29,2024-03-29,2024-09-19,120,QQQ,0.08318558554509281
base,replay_base_2024-03-29,2024-03-29,2024-09-19,120,SOXX,-0.0010142094347117521
base,replay_base_2024-03-29,2024-03-29,2024-09-19,120,XLI,0.061238384319327266
base,replay_base_2024-03-29,2024-03-29,2024-09-19,120,XLU,0.18617682926829293
base,replay_base_2024-04-30,2024-04-30,2024-05-29,20,QQQ,0.07632567267224666
base,replay_base_2024-04-30,2024-04-30,2024-05-29,20,SOXX,0.12744513778074162
base,replay_base_2024-04-30,2024-04-30,2024-05-29,20,XLI,-0.005141503994728566
base,replay_base_2024-04-30,2024-04-30,2024-05-29,20,XLU,0.055245139983487346
base,replay_base_2024-04-30,2024-04-30,2024-07-26,60,QQQ,0.09188343500260088
base,replay_base_2024-04-30,2024-04-30,2024-07-26,60,SOXX,0.08943337223426295
base,replay_base_2024-04-30,2024-04-30,2024-07-26,60,XLI,0.037523844823325825
base,replay_base_2024-04-30,2024-04-30,2024-07-26,60,XLU,0.06545305111461397
base,replay_base_2024-04-30,2024-04-30,2024-10-21,120,QQQ,0.16841911382229158
base,replay_base_2024-04-30,2024-04-30,2024-10-21,120,SOXX,0.08771855574344423
base,replay_base_2024-04-30,2024-04-30,2024-10-21,120,XLI,0.1401513054937814
base,replay_base_2024-04-30,2024-04-30,2024-10-21,120,XLU,0.22269991743601303
base,replay_base_2024-04-30,2024-04-30,2024-05-29,20,QQQ,0.07632567267224666
base,replay_base_2024-04-30,2024-04-30,2024-05-29,20,SOXX,0.12744513778074162
base,replay_base_2024-04-30,2024-04-30,2024-05-29,20,XLI,-0.005141503994728566
base,replay_base_2024-04-30,2024-04-30,2024-05-29,20,XLU,0.055245139983487346
base,replay_base_2024-04-30,2024-04-30,2024-07-26,60,QQQ,0.09188343500260088
base,replay_base_2024-04-30,2024-04-30,2024-07-26,60,SOXX,0.08943337223426295
base,replay_base_2024-04-30,2024-04-30,2024-07-26,60,XLI,0.037523844823325825
base,replay_base_2024-04-30,2024-04-30,2024-07-26,60,XLU,0.06545305111461397
base,replay_base_2024-04-30,2024-04-30,2024-10-21,120,QQQ,0.16841911382229158
base,replay_base_2024-04-30,2024-04-30,2024-10-21,120,SOXX,0.08771855574344423
base,replay_base_2024-04-30,2024-04-30,2024-10-21,120,XLI,0.1401513054937814
base,replay_base_2024-04-30,2024-04-30,2024-10-21,120,XLU,0.22269991743601303
base,replay_base_2024-04-30,2024-04-30,2024-05-29,20,QQQ,0.07632567267224666
base,replay_base_2024-04-30,2024-04-30,2024-05-29,20,SOXX,0.12744513778074162
base,replay_base_2024-04-30,2024-04-30,2024-05-29,20,XLI,-0.005141503994728566
base,replay_base_2024-04-30,2024-04-30,2024-05-29,20,XLU,0.055245139983487346
base,replay_base_2024-04-30,2024-04-30,2024-07-26,60,QQQ,0.09188343500260088
base,replay_base_2024-04-30,2024-04-30,2024-07-26,60,SOXX,0.08943337223426295
base,replay_base_2024-04-30,2024-04-30,2024-07-26,60,XLI,0.037523844823325825
base,replay_base_2024-04-30,2024-04-30,2024-07-26,60,XLU,0.06545305111461397
base,replay_base_2024-04-30,2024-04-30,2024-10-21,120,QQQ,0.16841911382229158
base,replay_base_2024-04-30,2024-04-30,2024-10-21,120,SOXX,0.08771855574344423
base,replay_base_2024-04-30,2024-04-30,2024-10-21,120,XLI,0.1401513054937814
base,replay_base_2024-04-30,2024-04-30,2024-10-21,120,XLU,0.22269991743601303
base,replay_base_2024-04-30,2024-04-30,2024-05-29,20,QQQ,0.07632567267224666
base,replay_base_2024-04-30,2024-04-30,2024-05-29,20,SOXX,0.12744513778074162
base,replay_base_2024-04-30,2024-04-30,2024-05-29,20,XLI,-0.005141503994728566
base,replay_base_2024-04-30,2024-04-30,2024-05-29,20,XLU,0.055245139983487346
base,replay_base_2024-04-30,2024-04-30,2024-07-26,60,QQQ,0.09188343500260088
base,replay_base_2024-04-30,2024-04-30,2024-07-26,60,SOXX,0.08943337223426295
base,replay_base_2024-04-30,2024-04-30,2024-07-26,60,XLI,0.037523844823325825
base,replay_base_2024-04-30,2024-04-30,2024-07-26,60,XLU,0.06545305111461397
base,replay_base_2024-04-30,2024-04-30,2024-10-21,120,QQQ,0.16841911382229158
base,replay_base_2024-04-30,2024-04-30,2024-10-21,120,SOXX,0.08771855574344423
base,replay_base_2024-04-30,2024-04-30,2024-10-21,120,XLI,0.1401513054937814
base,replay_base_2024-04-30,2024-04-30,2024-10-21,120,XLU,0.22269991743601303
base,replay_base_2024-05-31,2024-05-31,2024-07-01,20,QQQ,0.05692830595324494
base,replay_base_2024-05-31,2024-05-31,2024-07-01,20,SOXX,0.03464616808277954
base,replay_base_2024-05-31,2024-05-31,2024-07-01,20,XLI,-0.029253079688194236
base,replay_base_2024-05-31,2024-05-31,2024-07-01,20,XLU,-0.07017651922281931
base,replay_base_2024-05-31,2024-05-31,2024-08-27,60,QQQ,0.04575635020122715
base,replay_base_2024-05-31,2024-05-31,2024-08-27,60,SOXX,-0.03555657440901827
base,replay_base_2024-05-31,2024-05-31,2024-08-27,60,XLI,0.040580112282402214
base,replay_base_2024-05-31,2024-05-31,2024-08-27,60,XLU,0.03503224472922695
base,replay_base_2024-05-31,2024-05-31,2024-11-20,120,QQQ,0.10337549207187002
base,replay_base_2024-05-31,2024-05-31,2024-11-20,120,SOXX,-0.1087878354504922
base,replay_base_2024-05-31,2024-05-31,2024-11-20,120,XLI,0.11933935134698481
base,replay_base_2024-05-31,2024-05-31,2024-11-20,120,XLU,0.10627380460245284
base,replay_base_2024-05-31,2024-05-31,2024-07-01,20,QQQ,0.05692830595324494
base,replay_base_2024-05-31,2024-05-31,2024-07-01,20,SOXX,0.03464616808277954
base,replay_base_2024-05-31,2024-05-31,2024-07-01,20,XLI,-0.029253079688194236
base,replay_base_2024-05-31,2024-05-31,2024-07-01,20,XLU,-0.07017651922281931
base,replay_base_2024-05-31,2024-05-31,2024-08-27,60,QQQ,0.04575635020122715
base,replay_base_2024-05-31,2024-05-31,2024-08-27,60,SOXX,-0.03555657440901827
base,replay_base_2024-05-31,2024-05-31,2024-08-27,60,XLI,0.040580112282402214
base,replay_base_2024-05-31,2024-05-31,2024-08-27,60,XLU,0.03503224472922695
base,replay_base_2024-05-31,2024-05-31,2024-11-20,120,QQQ,0.10337549207187002
base,replay_base_2024-05-31,2024-05-31,2024-11-20,120,SOXX,-0.1087878354504922
base,replay_base_2024-05-31,2024-05-31,2024-11-20,120,XLI,0.11933935134698481
base,replay_base_2024-05-31,2024-05-31,2024-11-20,120,XLU,0.10627380460245284
base,replay_base_2024-05-31,2024-05-31,2024-07-01,20,QQQ,0.05692830595324494
base,replay_base_2024-05-31,2024-05-31,2024-07-01,20,SOXX,0.03464616808277954
base,replay_base_2024-05-31,2024-05-31,2024-07-01,20,XLI,-0.029253079688194236
base,replay_base_2024-05-31,2024-05-31,2024-07-01,20,XLU,-0.07017651922281931
base,replay_base_2024-05-31,2024-05-31,2024-08-27,60,QQQ,0.04575635020122715
base,replay_base_2024-05-31,2024-05-31,2024-08-27,60,SOXX,-0.03555657440901827
base,replay_base_2024-05-31,2024-05-31,2024-08-27,60,XLI,0.040580112282402214
base,replay_base_2024-05-31,2024-05-31,2024-08-27,60,XLU,0.03503224472922695
base,replay_base_2024-05-31,2024-05-31,2024-11-20,120,QQQ,0.10337549207187002
base,replay_base_2024-05-31,2024-05-31,2024-11-20,120,SOXX,-0.1087878354504922
base,replay_base_2024-05-31,2024-05-31,2024-11-20,120,XLI,0.11933935134698481
base,replay_base_2024-05-31,2024-05-31,2024-11-20,120,XLU,0.10627380460245284
base,replay_base_2024-05-31,2024-05-31,2024-07-01,20,QQQ,0.05692830595324494
base,replay_base_2024-05-31,2024-05-31,2024-07-01,20,SOXX,0.03464616808277954
base,replay_base_2024-05-31,2024-05-31,2024-07-01,20,XLI,-0.029253079688194236
base,replay_base_2024-05-31,2024-05-31,2024-07-01,20,XLU,-0.07017651922281931
base,replay_base_2024-05-31,2024-05-31,2024-08-27,60,QQQ,0.04575635020122715
base,replay_base_2024-05-31,2024-05-31,2024-08-27,60,SOXX,-0.03555657440901827
base,replay_base_2024-05-31,2024-05-31,2024-08-27,60,XLI,0.040580112282402214
base,replay_base_2024-05-31,2024-05-31,2024-08-27,60,XLU,0.03503224472922695
base,replay_base_2024-05-31,2024-05-31,2024-11-20,120,QQQ,0.10337549207187002
base,replay_base_2024-05-31,2024-05-31,2024-11-20,120,SOXX,-0.1087878354504922
base,replay_base_2024-05-31,2024-05-31,2024-11-20,120,XLI,0.11933935134698481
base,replay_base_2024-05-31,2024-05-31,2024-11-20,120,XLU,0.10627380460245284
base,replay_base_2024-06-28,2024-06-28,2024-07-29,20,QQQ,-0.036238861334555894
base,replay_base_2024-06-28,2024-06-28,2024-07-29,20,SOXX,-0.07430392435371935
base,replay_base_2024-06-28,2024-06-28,2024-07-29,20,XLI,0.02773150796894164
base,replay_base_2024-06-28,2024-06-28,2024-07-29,20,XLU,0.03709313832496541
base,replay_base_2024-06-28,2024-06-28,2024-09-24,60,QQQ,0.0087117492602008
base,replay_base_2024-06-28,2024-06-28,2024-09-24,60,SOXX,-0.0806754190170853
base,replay_base_2024-06-28,2024-06-28,2024-09-24,60,XLI,0.09728606456885991
base,replay_base_2024-06-28,2024-06-28,2024-09-24,60,XLU,0.15773637488175807
base,replay_base_2024-06-28,2024-06-28,2024-12-18,120,QQQ,0.07356399783270129
base,replay_base_2024-06-28,2024-06-28,2024-12-18,120,SOXX,-0.12844133760805165
base,replay_base_2024-06-28,2024-06-28,2024-12-18,120,XLI,0.07889619942787085
base,replay_base_2024-06-28,2024-06-28,2024-12-18,120,XLU,0.0865728734628538
base,replay_base_2024-06-28,2024-06-28,2024-07-29,20,QQQ,-0.036238861334555894
base,replay_base_2024-06-28,2024-06-28,2024-07-29,20,SOXX,-0.07430392435371935
base,replay_base_2024-06-28,2024-06-28,2024-07-29,20,XLI,0.02773150796894164
base,replay_base_2024-06-28,2024-06-28,2024-07-29,20,XLU,0.03709313832496541
base,replay_base_2024-06-28,2024-06-28,2024-09-24,60,QQQ,0.0087117492602008
base,replay_base_2024-06-28,2024-06-28,2024-09-24,60,SOXX,-0.0806754190170853
base,replay_base_2024-06-28,2024-06-28,2024-09-24,60,XLI,0.09728606456885991
base,replay_base_2024-06-28,2024-06-28,2024-09-24,60,XLU,0.15773637488175807
base,replay_base_2024-06-28,2024-06-28,2024-12-18,120,QQQ,0.07356399783270129
base,replay_base_2024-06-28,2024-06-28,2024-12-18,120,SOXX,-0.12844133760805165
base,replay_base_2024-06-28,2024-06-28,2024-12-18,120,XLI,0.07889619942787085
base,replay_base_2024-06-28,2024-06-28,2024-12-18,120,XLU,0.0865728734628538
base,replay_base_2024-06-28,2024-06-28,2024-07-29,20,QQQ,-0.036238861334555894
base,replay_base_2024-06-28,2024-06-28,2024-07-29,20,SOXX,-0.07430392435371935
base,replay_base_2024-06-28,2024-06-28,2024-07-29,20,XLI,0.02773150796894164
base,replay_base_2024-06-28,2024-06-28,2024-07-29,20,XLU,0.03709313832496541
base,replay_base_2024-06-28,2024-06-28,2024-09-24,60,QQQ,0.0087117492602008
base,replay_base_2024-06-28,2024-06-28,2024-09-24,60,SOXX,-0.0806754190170853
base,replay_base_2024-06-28,2024-06-28,2024-09-24,60,XLI,0.09728606456885991
base,replay_base_2024-06-28,2024-06-28,2024-09-24,60,XLU,0.15773637488175807
base,replay_base_2024-06-28,2024-06-28,2024-12-18,120,QQQ,0.07356399783270129
base,replay_base_2024-06-28,2024-06-28,2024-12-18,120,SOXX,-0.12844133760805165
base,replay_base_2024-06-28,2024-06-28,2024-12-18,120,XLI,0.07889619942787085
base,replay_base_2024-06-28,2024-06-28,2024-12-18,120,XLU,0.0865728734628538
base,replay_base_2024-06-28,2024-06-28,2024-07-29,20,QQQ,-0.036238861334555894
base,replay_base_2024-06-28,2024-06-28,2024-07-29,20,SOXX,-0.07430392435371935
base,replay_base_2024-06-28,2024-06-28,2024-07-29,20,XLI,0.02773150796894164
base,replay_base_2024-06-28,2024-06-28,2024-07-29,20,XLU,0.03709313832496541
base,replay_base_2024-06-28,2024-06-28,2024-09-24,60,QQQ,0.0087117492602008
base,replay_base_2024-06-28,2024-06-28,2024-09-24,60,SOXX,-0.0806754190170853
base,replay_base_2024-06-28,2024-06-28,2024-09-24,60,XLI,0.09728606456885991
base,replay_base_2024-06-28,2024-06-28,2024-09-24,60,XLU,0.15773637488175807
base,replay_base_2024-06-28,2024-06-28,2024-12-18,120,QQQ,0.07356399783270129
base,replay_base_2024-06-28,2024-06-28,2024-12-18,120,SOXX,-0.12844133760805165
base,replay_base_2024-06-28,2024-06-28,2024-12-18,120,XLI,0.07889619942787085
base,replay_base_2024-06-28,2024-06-28,2024-12-18,120,XLU,0.0865728734628538
base,replay_base_2024-07-31,2024-07-31,2024-08-28,20,QQQ,-0.004102255384093587
base,replay_base_2024-07-31,2024-07-31,2024-08-28,20,SOXX,-0.0234992632400105
base,replay_base_2024-07-31,2024-07-31,2024-08-28,20,XLI,0.009862745098039197
base,replay_base_2024-07-31,2024-07-31,2024-08-28,20,XLU,0.030621517771373456
base,replay_base_2024-07-31,2024-07-31,2024-10-24,60,QQQ,0.04053908767169745
base,replay_base_2024-07-31,2024-07-31,2024-10-24,60,SOXX,-0.018211926844067024
base,replay_base_2024-07-31,2024-07-31,2024-10-24,60,XLI,0.061705882352941166
base,replay_base_2024-07-31,2024-07-31,2024-10-24,60,XLU,0.11639069575957162
base,replay_base_2024-07-31,2024-07-31,2025-01-23,120,QQQ,0.12595328132948957
base,replay_base_2024-07-31,2024-07-31,2025-01-23,120,SOXX,0.016979197364999424
base,replay_base_2024-07-31,2024-07-31,2025-01-23,120,XLI,0.10782352941176476
base,replay_base_2024-07-31,2024-07-31,2025-01-23,120,XLU,0.07659379717304782
base,replay_base_2024-07-31,2024-07-31,2024-08-28,20,QQQ,-0.004102255384093587
base,replay_base_2024-07-31,2024-07-31,2024-08-28,20,SOXX,-0.0234992632400105
base,replay_base_2024-07-31,2024-07-31,2024-08-28,20,XLI,0.009862745098039197
base,replay_base_2024-07-31,2024-07-31,2024-08-28,20,XLU,0.030621517771373456
base,replay_base_2024-07-31,2024-07-31,2024-10-24,60,QQQ,0.04053908767169745
base,replay_base_2024-07-31,2024-07-31,2024-10-24,60,SOXX,-0.018211926844067024
base,replay_base_2024-07-31,2024-07-31,2024-10-24,60,XLI,0.061705882352941166
base,replay_base_2024-07-31,2024-07-31,2024-10-24,60,XLU,0.11639069575957162
base,replay_base_2024-07-31,2024-07-31,2025-01-23,120,QQQ,0.12595328132948957
base,replay_base_2024-07-31,2024-07-31,2025-01-23,120,SOXX,0.016979197364999424
base,replay_base_2024-07-31,2024-07-31,2025-01-23,120,XLI,0.10782352941176476
base,replay_base_2024-07-31,2024-07-31,2025-01-23,120,XLU,0.07659379717304782
base,replay_base_2024-07-31,2024-07-31,2024-08-28,20,QQQ,-0.004102255384093587
base,replay_base_2024-07-31,2024-07-31,2024-08-28,20,SOXX,-0.0234992632400105
base,replay_base_2024-07-31,2024-07-31,2024-08-28,20,XLI,0.009862745098039197
base,replay_base_2024-07-31,2024-07-31,2024-08-28,20,XLU,0.030621517771373456
base,replay_base_2024-07-31,2024-07-31,2024-10-24,60,QQQ,0.04053908767169745
base,replay_base_2024-07-31,2024-07-31,2024-10-24,60,SOXX,-0.018211926844067024
base,replay_base_2024-07-31,2024-07-31,2024-10-24,60,XLI,0.061705882352941166
base,replay_base_2024-07-31,2024-07-31,2024-10-24,60,XLU,0.11639069575957162
base,replay_base_2024-07-31,2024-07-31,2025-01-23,120,QQQ,0.12595328132948957
base,replay_base_2024-07-31,2024-07-31,2025-01-23,120,SOXX,0.016979197364999424
base,replay_base_2024-07-31,2024-07-31,2025-01-23,120,XLI,0.10782352941176476
base,replay_base_2024-07-31,2024-07-31,2025-01-23,120,XLU,0.07659379717304782
base,replay_base_2024-07-31,2024-07-31,2024-08-28,20,QQQ,-0.004102255384093587
base,replay_base_2024-07-31,2024-07-31,2024-08-28,20,SOXX,-0.0234992632400105
base,replay_base_2024-07-31,2024-07-31,2024-08-28,20,XLI,0.009862745098039197
base,replay_base_2024-07-31,2024-07-31,2024-08-28,20,XLU,0.030621517771373456
base,replay_base_2024-07-31,2024-07-31,2024-10-24,60,QQQ,0.04053908767169745
base,replay_base_2024-07-31,2024-07-31,2024-10-24,60,SOXX,-0.018211926844067024
base,replay_base_2024-07-31,2024-07-31,2024-10-24,60,XLI,0.061705882352941166
base,replay_base_2024-07-31,2024-07-31,2024-10-24,60,XLU,0.11639069575957162
base,replay_base_2024-07-31,2024-07-31,2025-01-23,120,QQQ,0.12595328132948957
base,replay_base_2024-07-31,2024-07-31,2025-01-23,120,SOXX,0.016979197364999424
base,replay_base_2024-07-31,2024-07-31,2025-01-23,120,XLI,0.10782352941176476
base,replay_base_2024-07-31,2024-07-31,2025-01-23,120,XLU,0.07659379717304782
base,replay_base_2024-08-30,2024-08-30,2024-09-30,20,QQQ,0.028127829082225667
base,replay_base_2024-08-30,2024-08-30,2024-09-30,20,SOXX,0.013947656456880456
base,replay_base_2024-08-30,2024-08-30,2024-09-30,20,XLI,0.03216013146831764
base,replay_base_2024-08-30,2024-08-30,2024-09-30,20,XLU,0.05489887346083322
base,replay_base_2024-08-30,2024-08-30,2024-11-25,60,QQQ,0.06753950677289156
base,replay_base_2024-08-30,2024-08-30,2024-11-25,60,SOXX,-0.03883723188277877
base,replay_base_2024-08-30,2024-08-30,2024-11-25,60,XLI,0.09399610181151108
base,replay_base_2024-08-30,2024-08-30,2024-11-25,60,XLU,0.0661642651296831
base,replay_base_2024-08-30,2024-08-30,2025-02-25,120,QQQ,0.08180378690222112
base,replay_base_2024-08-30,2024-08-30,2025-02-25,120,SOXX,-0.05772680730867685
base,replay_base_2024-08-30,2024-08-30,2025-02-25,120,XLI,0.028338378047848226
base,replay_base_2024-08-30,2024-08-30,2025-02-25,120,XLU,0.0378697930311761
base,replay_base_2024-08-30,2024-08-30,2024-09-30,20,QQQ,0.028127829082225667
base,replay_base_2024-08-30,2024-08-30,2024-09-30,20,SOXX,0.013947656456880456
base,replay_base_2024-08-30,2024-08-30,2024-09-30,20,XLI,0.03216013146831764
base,replay_base_2024-08-30,2024-08-30,2024-09-30,20,XLU,0.05489887346083322
base,replay_base_2024-08-30,2024-08-30,2024-11-25,60,QQQ,0.06753950677289156
base,replay_base_2024-08-30,2024-08-30,2024-11-25,60,SOXX,-0.03883723188277877
base,replay_base_2024-08-30,2024-08-30,2024-11-25,60,XLI,0.09399610181151108
base,replay_base_2024-08-30,2024-08-30,2024-11-25,60,XLU,0.0661642651296831
base,replay_base_2024-08-30,2024-08-30,2025-02-25,120,QQQ,0.08180378690222112
base,replay_base_2024-08-30,2024-08-30,2025-02-25,120,SOXX,-0.05772680730867685
base,replay_base_2024-08-30,2024-08-30,2025-02-25,120,XLI,0.028338378047848226
base,replay_base_2024-08-30,2024-08-30,2025-02-25,120,XLU,0.0378697930311761
base,replay_base_2024-08-30,2024-08-30,2024-09-30,20,QQQ,0.028127829082225667
base,replay_base_2024-08-30,2024-08-30,2024-09-30,20,SOXX,0.013947656456880456
base,replay_base_2024-08-30,2024-08-30,2024-09-30,20,XLI,0.03216013146831764
base,replay_base_2024-08-30,2024-08-30,2024-09-30,20,XLU,0.05489887346083322
base,replay_base_2024-08-30,2024-08-30,2024-11-25,60,QQQ,0.06753950677289156
base,replay_base_2024-08-30,2024-08-30,2024-11-25,60,SOXX,-0.03883723188277877
base,replay_base_2024-08-30,2024-08-30,2024-11-25,60,XLI,0.09399610181151108
base,replay_base_2024-08-30,2024-08-30,2024-11-25,60,XLU,0.0661642651296831
base,replay_base_2024-08-30,2024-08-30,2025-02-25,120,QQQ,0.08180378690222112
base,replay_base_2024-08-30,2024-08-30,2025-02-25,120,SOXX,-0.05772680730867685
base,replay_base_2024-08-30,2024-08-30,2025-02-25,120,XLI,0.028338378047848226
base,replay_base_2024-08-30,2024-08-30,2025-02-25,120,XLU,0.0378697930311761
base,replay_base_2024-08-30,2024-08-30,2024-09-30,20,QQQ,0.028127829082225667
base,replay_base_2024-08-30,2024-08-30,2024-09-30,20,SOXX,0.013947656456880456
base,replay_base_2024-08-30,2024-08-30,2024-09-30,20,XLI,0.03216013146831764
base,replay_base_2024-08-30,2024-08-30,2024-09-30,20,XLU,0.05489887346083322
base,replay_base_2024-08-30,2024-08-30,2024-11-25,60,QQQ,0.06753950677289156
base,replay_base_2024-08-30,2024-08-30,2024-11-25,60,SOXX,-0.03883723188277877
base,replay_base_2024-08-30,2024-08-30,2024-11-25,60,XLI,0.09399610181151108
base,replay_base_2024-08-30,2024-08-30,2024-11-25,60,XLU,0.0661642651296831
base,replay_base_2024-08-30,2024-08-30,2025-02-25,120,QQQ,0.08180378690222112
base,replay_base_2024-08-30,2024-08-30,2025-02-25,120,SOXX,-0.05772680730867685
base,replay_base_2024-08-30,2024-08-30,2025-02-25,120,XLI,0.028338378047848226
base,replay_base_2024-08-30,2024-08-30,2025-02-25,120,XLU,0.0378697930311761
base,replay_base_2024-09-30,2024-09-30,2024-10-28,20,QQQ,0.012746739932748222
base,replay_base_2024-09-30,2024-09-30,2024-10-28,20,SOXX,-0.006643303261623876
base,replay_base_2024-09-30,2024-09-30,2024-10-28,20,XLI,-0.00019370799793227717
base,replay_base_2024-09-30,2024-09-30,2024-10-28,20,XLU,0.000530286138981653
base,replay_base_2024-09-30,2024-09-30,2024-12-24,60,QQQ,0.08370958746821933
base,replay_base_2024-09-30,2024-09-30,2024-12-24,60,SOXX,-0.03327411519777923
base,replay_base_2024-09-30,2024-09-30,2024-12-24,60,XLI,-0.012378923270068728
base,replay_base_2024-09-30,2024-09-30,2024-12-24,60,XLU,-0.05576848755109631
base,replay_base_2024-09-30,2024-09-30,2025-03-25,120,QQQ,0.008912572787665
base,replay_base_2024-09-30,2024-09-30,2025-03-25,120,SOXX,-0.1176339347675226
base,replay_base_2024-09-30,2024-09-30,2025-03-25,120,XLI,-0.0097941806365851
base,replay_base_2024-09-30,2024-09-30,2025-03-25,120,XLU,-0.05019435154217766
base,replay_base_2024-09-30,2024-09-30,2024-10-28,20,QQQ,0.012746739932748222
base,replay_base_2024-09-30,2024-09-30,2024-10-28,20,SOXX,-0.006643303261623876
base,replay_base_2024-09-30,2024-09-30,2024-10-28,20,XLI,-0.00019370799793227717
base,replay_base_2024-09-30,2024-09-30,2024-10-28,20,XLU,0.000530286138981653
base,replay_base_2024-09-30,2024-09-30,2024-12-24,60,QQQ,0.08370958746821933
base,replay_base_2024-09-30,2024-09-30,2024-12-24,60,SOXX,-0.03327411519777923
base,replay_base_2024-09-30,2024-09-30,2024-12-24,60,XLI,-0.012378923270068728
base,replay_base_2024-09-30,2024-09-30,2024-12-24,60,XLU,-0.05576848755109631
base,replay_base_2024-09-30,2024-09-30,2025-03-25,120,QQQ,0.008912572787665
base,replay_base_2024-09-30,2024-09-30,2025-03-25,120,SOXX,-0.1176339347675226
base,replay_base_2024-09-30,2024-09-30,2025-03-25,120,XLI,-0.0097941806365851
base,replay_base_2024-09-30,2024-09-30,2025-03-25,120,XLU,-0.05019435154217766
base,replay_base_2024-09-30,2024-09-30,2024-10-28,20,QQQ,0.012746739932748222
base,replay_base_2024-09-30,2024-09-30,2024-10-28,20,SOXX,-0.006643303261623876
base,replay_base_2024-09-30,2024-09-30,2024-10-28,20,XLI,-0.00019370799793227717
base,replay_base_2024-09-30,2024-09-30,2024-10-28,20,XLU,0.000530286138981653
base,replay_base_2024-09-30,2024-09-30,2024-12-24,60,QQQ,0.08370958746821933
base,replay_base_2024-09-30,2024-09-30,2024-12-24,60,SOXX,-0.03327411519777923
base,replay_base_2024-09-30,2024-09-30,2024-12-24,60,XLI,-0.012378923270068728
base,replay_base_2024-09-30,2024-09-30,2024-12-24,60,XLU,-0.05576848755109631
base,replay_base_2024-09-30,2024-09-30,2025-03-25,120,QQQ,0.008912572787665
base,replay_base_2024-09-30,2024-09-30,2025-03-25,120,SOXX,-0.1176339347675226
base,replay_base_2024-09-30,2024-09-30,2025-03-25,120,XLI,-0.0097941806365851
base,replay_base_2024-09-30,2024-09-30,2025-03-25,120,XLU,-0.05019435154217766
base,replay_base_2024-09-30,2024-09-30,2024-10-28,20,QQQ,0.012746739932748222
base,replay_base_2024-09-30,2024-09-30,2024-10-28,20,SOXX,-0.006643303261623876
base,replay_base_2024-09-30,2024-09-30,2024-10-28,20,XLI,-0.00019370799793227717
base,replay_base_2024-09-30,2024-09-30,2024-10-28,20,XLU,0.000530286138981653
base,replay_base_2024-09-30,2024-09-30,2024-12-24,60,QQQ,0.08370958746821933
base,replay_base_2024-09-30,2024-09-30,2024-12-24,60,SOXX,-0.03327411519777923
base,replay_base_2024-09-30,2024-09-30,2024-12-24,60,XLI,-0.012378923270068728
base,replay_base_2024-09-30,2024-09-30,2024-12-24,60,XLU,-0.05576848755109631
base,replay_base_2024-09-30,2024-09-30,2025-03-25,120,QQQ,0.008912572787665
base,replay_base_2024-09-30,2024-09-30,2025-03-25,120,SOXX,-0.1176339347675226
base,replay_base_2024-09-30,2024-09-30,2025-03-25,120,XLI,-0.0097941806365851
base,replay_base_2024-09-30,2024-09-30,2025-03-25,120,XLU,-0.05019435154217766
base,replay_base_2024-10-31,2024-10-31,2024-11-29,20,QQQ,0.0470144193136407
base,replay_base_2024-10-31,2024-10-31,2024-11-29,20,SOXX,-0.023077764387548712
base,replay_base_2024-10-31,2024-10-31,2024-11-29,20,XLI,0.06742463002900279
base,replay_base_2024-10-31,2024-10-31,2024-11-29,20,XLU,0.035837384114257076
base,replay_base_2024-10-31,2024-10-31,2025-01-30,60,QQQ,0.07445231326988833
base,replay_base_2024-10-31,2024-10-31,2025-01-30,60,SOXX,-0.008388935628368063
base,replay_base_2024-10-31,2024-10-31,2025-01-30,60,XLI,0.03329062244366765
base,replay_base_2024-10-31,2024-10-31,2025-01-30,60,XLU,-0.02129115509897261
base,replay_base_2024-10-31,2024-10-31,2025-04-28,120,QQQ,-0.029737527293700713
base,replay_base_2024-10-31,2024-10-31,2025-04-28,120,SOXX,-0.16419056822574418
base,replay_base_2024-10-31,2024-10-31,2025-04-28,120,XLI,-0.04062921097642602
base,replay_base_2024-10-31,2024-10-31,2025-04-28,120,XLU,-0.017031571034828216
base,replay_base_2024-10-31,2024-10-31,2024-11-29,20,QQQ,0.0470144193136407
base,replay_base_2024-10-31,2024-10-31,2024-11-29,20,SOXX,-0.023077764387548712
base,replay_base_2024-10-31,2024-10-31,2024-11-29,20,XLI,0.06742463002900279
base,replay_base_2024-10-31,2024-10-31,2024-11-29,20,XLU,0.035837384114257076
base,replay_base_2024-10-31,2024-10-31,2025-01-30,60,QQQ,0.07445231326988833
base,replay_base_2024-10-31,2024-10-31,2025-01-30,60,SOXX,-0.008388935628368063
base,replay_base_2024-10-31,2024-10-31,2025-01-30,60,XLI,0.03329062244366765
base,replay_base_2024-10-31,2024-10-31,2025-01-30,60,XLU,-0.02129115509897261
base,replay_base_2024-10-31,2024-10-31,2025-04-28,120,QQQ,-0.029737527293700713
base,replay_base_2024-10-31,2024-10-31,2025-04-28,120,SOXX,-0.16419056822574418
base,replay_base_2024-10-31,2024-10-31,2025-04-28,120,XLI,-0.04062921097642602
base,replay_base_2024-10-31,2024-10-31,2025-04-28,120,XLU,-0.017031571034828216
base,replay_base_2024-10-31,2024-10-31,2024-11-29,20,QQQ,0.0470144193136407
base,replay_base_2024-10-31,2024-10-31,2024-11-29,20,SOXX,-0.023077764387548712
base,replay_base_2024-10-31,2024-10-31,2024-11-29,20,XLI,0.06742463002900279
base,replay_base_2024-10-31,2024-10-31,2024-11-29,20,XLU,0.035837384114257076
base,replay_base_2024-10-31,2024-10-31,2025-01-30,60,QQQ,0.07445231326988833
base,replay_base_2024-10-31,2024-10-31,2025-01-30,60,SOXX,-0.008388935628368063
base,replay_base_2024-10-31,2024-10-31,2025-01-30,60,XLI,0.03329062244366765
base,replay_base_2024-10-31,2024-10-31,2025-01-30,60,XLU,-0.02129115509897261
base,replay_base_2024-10-31,2024-10-31,2025-04-28,120,QQQ,-0.029737527293700713
base,replay_base_2024-10-31,2024-10-31,2025-04-28,120,SOXX,-0.16419056822574418
base,replay_base_2024-10-31,2024-10-31,2025-04-28,120,XLI,-0.04062921097642602
base,replay_base_2024-10-31,2024-10-31,2025-04-28,120,XLU,-0.017031571034828216
base,replay_base_2024-10-31,2024-10-31,2024-11-29,20,QQQ,0.0470144193136407
base,replay_base_2024-10-31,2024-10-31,2024-11-29,20,SOXX,-0.023077764387548712
base,replay_base_2024-10-31,2024-10-31,2024-11-29,20,XLI,0.06742463002900279
base,replay_base_2024-10-31,2024-10-31,2024-11-29,20,XLU,0.035837384114257076
base,replay_base_2024-10-31,2024-10-31,2025-01-30,60,QQQ,0.07445231326988833
base,replay_base_2024-10-31,2024-10-31,2025-01-30,60,SOXX,-0.008388935628368063
base,replay_base_2024-10-31,2024-10-31,2025-01-30,60,XLI,0.03329062244366765
base,replay_base_2024-10-31,2024-10-31,2025-01-30,60,XLU,-0.02129115509897261
base,replay_base_2024-10-31,2024-10-31,2025-04-28,120,QQQ,-0.029737527293700713
base,replay_base_2024-10-31,2024-10-31,2025-04-28,120,SOXX,-0.16419056822574418
base,replay_base_2024-10-31,2024-10-31,2025-04-28,120,XLI,-0.04062921097642602
base,replay_base_2024-10-31,2024-10-31,2025-04-28,120,XLU,-0.017031571034828216
base,replay_base_2024-11-29,2024-11-29,2024-12-30,20,QQQ,0.005884018550770145
base,replay_base_2024-11-29,2024-11-29,2024-12-30,20,SOXX,-0.001985988200590036
base,replay_base_2024-11-29,2024-11-29,2024-12-30,20,XLI,-0.08740927391364706
base,replay_base_2024-11-29,2024-11-29,2024-12-30,20,XLU,-0.08934828750602986
base,replay_base_2024-11-29,2024-11-29,2025-02-28,60,QQQ,-0.008772655225720568
base,replay_base_2024-11-29,2024-11-29,2025-02-28,60,SOXX,-0.04245427728613571
base,replay_base_2024-11-29,2024-11-29,2025-02-28,60,XLI,-0.05651936693044568
base,replay_base_2024-11-29,2024-11-29,2025-02-28,60,XLU,-0.047983116256632985
base,replay_base_2024-11-29,2024-11-29,2025-05-27,120,QQQ,0.016920552609435927
base,replay_base_2024-11-29,2024-11-29,2025-05-27,120,SOXX,-0.037845132743362875
base,replay_base_2024-11-29,2024-11-29,2025-05-27,120,XLI,-0.007928502013050173
base,replay_base_2024-11-29,2024-11-29,2025-05-27,120,XLU,-0.01783357452966716
base,replay_base_2024-11-29,2024-11-29,2024-12-30,20,QQQ,0.005884018550770145
base,replay_base_2024-11-29,2024-11-29,2024-12-30,20,SOXX,-0.001985988200590036
base,replay_base_2024-11-29,2024-11-29,2024-12-30,20,XLI,-0.08740927391364706
base,replay_base_2024-11-29,2024-11-29,2024-12-30,20,XLU,-0.08934828750602986
base,replay_base_2024-11-29,2024-11-29,2025-02-28,60,QQQ,-0.008772655225720568
base,replay_base_2024-11-29,2024-11-29,2025-02-28,60,SOXX,-0.04245427728613571
base,replay_base_2024-11-29,2024-11-29,2025-02-28,60,XLI,-0.05651936693044568
base,replay_base_2024-11-29,2024-11-29,2025-02-28,60,XLU,-0.047983116256632985
base,replay_base_2024-11-29,2024-11-29,2025-05-27,120,QQQ,0.016920552609435927
base,replay_base_2024-11-29,2024-11-29,2025-05-27,120,SOXX,-0.037845132743362875
base,replay_base_2024-11-29,2024-11-29,2025-05-27,120,XLI,-0.007928502013050173
base,replay_base_2024-11-29,2024-11-29,2025-05-27,120,XLU,-0.01783357452966716
base,replay_base_2024-11-29,2024-11-29,2024-12-30,20,QQQ,0.005884018550770145
base,replay_base_2024-11-29,2024-11-29,2024-12-30,20,SOXX,-0.001985988200590036
base,replay_base_2024-11-29,2024-11-29,2024-12-30,20,XLI,-0.08740927391364706
base,replay_base_2024-11-29,2024-11-29,2024-12-30,20,XLU,-0.08934828750602986
base,replay_base_2024-11-29,2024-11-29,2025-02-28,60,QQQ,-0.008772655225720568
base,replay_base_2024-11-29,2024-11-29,2025-02-28,60,SOXX,-0.04245427728613571
base,replay_base_2024-11-29,2024-11-29,2025-02-28,60,XLI,-0.05651936693044568
base,replay_base_2024-11-29,2024-11-29,2025-02-28,60,XLU,-0.047983116256632985
base,replay_base_2024-11-29,2024-11-29,2025-05-27,120,QQQ,0.016920552609435927
base,replay_base_2024-11-29,2024-11-29,2025-05-27,120,SOXX,-0.037845132743362875
base,replay_base_2024-11-29,2024-11-29,2025-05-27,120,XLI,-0.007928502013050173
base,replay_base_2024-11-29,2024-11-29,2025-05-27,120,XLU,-0.01783357452966716
base,replay_base_2024-11-29,2024-11-29,2024-12-30,20,QQQ,0.005884018550770145
base,replay_base_2024-11-29,2024-11-29,2024-12-30,20,SOXX,-0.001985988200590036
base,replay_base_2024-11-29,2024-11-29,2024-12-30,20,XLI,-0.08740927391364706
base,replay_base_2024-11-29,2024-11-29,2024-12-30,20,XLU,-0.08934828750602986
base,replay_base_2024-11-29,2024-11-29,2025-02-28,60,QQQ,-0.008772655225720568
base,replay_base_2024-11-29,2024-11-29,2025-02-28,60,SOXX,-0.04245427728613571
base,replay_base_2024-11-29,2024-11-29,2025-02-28,60,XLI,-0.05651936693044568
base,replay_base_2024-11-29,2024-11-29,2025-02-28,60,XLU,-0.047983116256632985
base,replay_base_2024-11-29,2024-11-29,2025-05-27,120,QQQ,0.016920552609435927
base,replay_base_2024-11-29,2024-11-29,2025-05-27,120,SOXX,-0.037845132743362875
base,replay_base_2024-11-29,2024-11-29,2025-05-27,120,XLI,-0.007928502013050173
base,replay_base_2024-11-29,2024-11-29,2025-05-27,120,XLU,-0.01783357452966716
base,replay_base_2024-12-31,2024-12-31,2025-01-31,20,QQQ,0.012693366781401209
base,replay_base_2024-12-31,2024-12-31,2025-01-31,20,SOXX,0.00017081016497411377
base,replay_base_2024-12-31,2024-12-31,2025-01-31,20,XLI,0.03891458913911283
base,replay_base_2024-12-31,2024-12-31,2025-01-31,20,XLU,0.018038143924498432
base,replay_base_2024-12-31,2024-12-31,2025-03-31,60,QQQ,-0.09111232327946639
base,replay_base_2024-12-31,2024-12-31,2025-03-31,60,SOXX,-0.13925292955286983
base,replay_base_2024-12-31,2024-12-31,2025-03-31,60,XLI,-0.015653460872184995
base,replay_base_2024-12-31,2024-12-31,2025-03-31,60,XLU,0.030162930921483592
base,replay_base_2024-12-31,2024-12-31,2025-06-26,120,QQQ,0.059326196449059565
base,replay_base_2024-12-31,2024-12-31,2025-06-26,120,SOXX,0.09582358347502418
base,replay_base_2024-12-31,2024-12-31,2025-06-26,120,XLI,0.09167500188295541
base,replay_base_2024-12-31,2024-12-31,2025-06-26,120,XLU,0.06083536505439746
base,replay_base_2024-12-31,2024-12-31,2025-01-31,20,QQQ,0.012693366781401209
base,replay_base_2024-12-31,2024-12-31,2025-01-31,20,SOXX,0.00017081016497411377
base,replay_base_2024-12-31,2024-12-31,2025-01-31,20,XLI,0.03891458913911283
base,replay_base_2024-12-31,2024-12-31,2025-01-31,20,XLU,0.018038143924498432
base,replay_base_2024-12-31,2024-12-31,2025-03-31,60,QQQ,-0.09111232327946639
base,replay_base_2024-12-31,2024-12-31,2025-03-31,60,SOXX,-0.13925292955286983
base,replay_base_2024-12-31,2024-12-31,2025-03-31,60,XLI,-0.015653460872184995
base,replay_base_2024-12-31,2024-12-31,2025-03-31,60,XLU,0.030162930921483592
base,replay_base_2024-12-31,2024-12-31,2025-06-26,120,QQQ,0.059326196449059565
base,replay_base_2024-12-31,2024-12-31,2025-06-26,120,SOXX,0.09582358347502418
base,replay_base_2024-12-31,2024-12-31,2025-06-26,120,XLI,0.09167500188295541
base,replay_base_2024-12-31,2024-12-31,2025-06-26,120,XLU,0.06083536505439746
base,replay_base_2024-12-31,2024-12-31,2025-01-31,20,QQQ,0.012693366781401209
base,replay_base_2024-12-31,2024-12-31,2025-01-31,20,SOXX,0.00017081016497411377
base,replay_base_2024-12-31,2024-12-31,2025-01-31,20,XLI,0.03891458913911283
base,replay_base_2024-12-31,2024-12-31,2025-01-31,20,XLU,0.018038143924498432
base,replay_base_2024-12-31,2024-12-31,2025-03-31,60,QQQ,-0.09111232327946639
base,replay_base_2024-12-31,2024-12-31,2025-03-31,60,SOXX,-0.13925292955286983
base,replay_base_2024-12-31,2024-12-31,2025-03-31,60,XLI,-0.015653460872184995
base,replay_base_2024-12-31,2024-12-31,2025-03-31,60,XLU,0.030162930921483592
base,replay_base_2024-12-31,2024-12-31,2025-06-26,120,QQQ,0.059326196449059565
base,replay_base_2024-12-31,2024-12-31,2025-06-26,120,SOXX,0.09582358347502418
base,replay_base_2024-12-31,2024-12-31,2025-06-26,120,XLI,0.09167500188295541
base,replay_base_2024-12-31,2024-12-31,2025-06-26,120,XLU,0.06083536505439746
base,replay_base_2024-12-31,2024-12-31,2025-01-31,20,QQQ,0.012693366781401209
base,replay_base_2024-12-31,2024-12-31,2025-01-31,20,SOXX,0.00017081016497411377
base,replay_base_2024-12-31,2024-12-31,2025-01-31,20,XLI,0.03891458913911283
base,replay_base_2024-12-31,2024-12-31,2025-01-31,20,XLU,0.018038143924498432
base,replay_base_2024-12-31,2024-12-31,2025-03-31,60,QQQ,-0.09111232327946639
base,replay_base_2024-12-31,2024-12-31,2025-03-31,60,SOXX,-0.13925292955286983
base,replay_base_2024-12-31,2024-12-31,2025-03-31,60,XLI,-0.015653460872184995
base,replay_base_2024-12-31,2024-12-31,2025-03-31,60,XLU,0.030162930921483592
base,replay_base_2024-12-31,2024-12-31,2025-06-26,120,QQQ,0.059326196449059565
base,replay_base_2024-12-31,2024-12-31,2025-06-26,120,SOXX,0.09582358347502418
base,replay_base_2024-12-31,2024-12-31,2025-06-26,120,XLI,0.09167500188295541
base,replay_base_2024-12-31,2024-12-31,2025-06-26,120,XLU,0.06083536505439746
base,replay_base_2025-01-31,2025-01-31,2025-03-03,20,QQQ,-0.03405456954158459
base,replay_base_2025-01-31,2025-01-31,2025-03-03,20,SOXX,-0.055088243612708476
base,replay_base_2025-01-31,2025-01-31,2025-03-03,20,XLI,-0.014397896904184245
base,replay_base_2025-01-31,2025-01-31,2025-03-03,20,XLU,0.029392350721998087
base,replay_base_2025-01-31,2025-01-31,2025-04-29,60,QQQ,-0.07685688402267721
base,replay_base_2025-01-31,2025-01-31,2025-04-29,60,SOXX,-0.14248336004525308
base,replay_base_2025-01-31,2025-01-31,2025-04-29,60,XLI,-0.0452825207735863
base,replay_base_2025-01-31,2025-01-31,2025-04-29,60,XLU,0.02809145310264072
base,replay_base_2025-01-31,2025-01-31,2025-07-25,120,QQQ,0.10056718424282585
base,replay_base_2025-01-31,2025-01-31,2025-07-25,120,SOXX,0.13544630904119914
base,replay_base_2025-01-31,2025-01-31,2025-07-25,120,XLI,0.13656908596220296
base,replay_base_2025-01-31,2025-01-31,2025-07-25,120,XLU,0.09651866788083774
base,replay_base_2025-01-31,2025-01-31,2025-03-03,20,QQQ,-0.03405456954158459
base,replay_base_2025-01-31,2025-01-31,2025-03-03,20,SOXX,-0.055088243612708476
base,replay_base_2025-01-31,2025-01-31,2025-03-03,20,XLI,-0.014397896904184245
base,replay_base_2025-01-31,2025-01-31,2025-03-03,20,XLU,0.029392350721998087
base,replay_base_2025-01-31,2025-01-31,2025-04-29,60,QQQ,-0.07685688402267721
base,replay_base_2025-01-31,2025-01-31,2025-04-29,60,SOXX,-0.14248336004525308
base,replay_base_2025-01-31,2025-01-31,2025-04-29,60,XLI,-0.0452825207735863
base,replay_base_2025-01-31,2025-01-31,2025-04-29,60,XLU,0.02809145310264072
base,replay_base_2025-01-31,2025-01-31,2025-07-25,120,QQQ,0.10056718424282585
base,replay_base_2025-01-31,2025-01-31,2025-07-25,120,SOXX,0.13544630904119914
base,replay_base_2025-01-31,2025-01-31,2025-07-25,120,XLI,0.13656908596220296
base,replay_base_2025-01-31,2025-01-31,2025-07-25,120,XLU,0.09651866788083774
base,replay_base_2025-01-31,2025-01-31,2025-03-03,20,QQQ,-0.03405456954158459
base,replay_base_2025-01-31,2025-01-31,2025-03-03,20,SOXX,-0.055088243612708476
base,replay_base_2025-01-31,2025-01-31,2025-03-03,20,XLI,-0.014397896904184245
base,replay_base_2025-01-31,2025-01-31,2025-03-03,20,XLU,0.029392350721998087
base,replay_base_2025-01-31,2025-01-31,2025-04-29,60,QQQ,-0.07685688402267721
base,replay_base_2025-01-31,2025-01-31,2025-04-29,60,SOXX,-0.14248336004525308
base,replay_base_2025-01-31,2025-01-31,2025-04-29,60,XLI,-0.0452825207735863
base,replay_base_2025-01-31,2025-01-31,2025-04-29,60,XLU,0.02809145310264072
base,replay_base_2025-01-31,2025-01-31,2025-07-25,120,QQQ,0.10056718424282585
base,replay_base_2025-01-31,2025-01-31,2025-07-25,120,SOXX,0.13544630904119914
base,replay_base_2025-01-31,2025-01-31,2025-07-25,120,XLI,0.13656908596220296
base,replay_base_2025-01-31,2025-01-31,2025-07-25,120,XLU,0.09651866788083774
base,replay_base_2025-01-31,2025-01-31,2025-03-03,20,QQQ,-0.03405456954158459
base,replay_base_2025-01-31,2025-01-31,2025-03-03,20,SOXX,-0.055088243612708476
base,replay_base_2025-01-31,2025-01-31,2025-03-03,20,XLI,-0.014397896904184245
base,replay_base_2025-01-31,2025-01-31,2025-03-03,20,XLU,0.029392350721998087
base,replay_base_2025-01-31,2025-01-31,2025-04-29,60,QQQ,-0.07685688402267721
base,replay_base_2025-01-31,2025-01-31,2025-04-29,60,SOXX,-0.14248336004525308
base,replay_base_2025-01-31,2025-01-31,2025-04-29,60,XLI,-0.0452825207735863
base,replay_base_2025-01-31,2025-01-31,2025-04-29,60,XLU,0.02809145310264072
base,replay_base_2025-01-31,2025-01-31,2025-07-25,120,QQQ,0.10056718424282585
base,replay_base_2025-01-31,2025-01-31,2025-07-25,120,SOXX,0.13544630904119914
base,replay_base_2025-01-31,2025-01-31,2025-07-25,120,XLI,0.13656908596220296
base,replay_base_2025-01-31,2025-01-31,2025-07-25,120,XLU,0.09651866788083774
base,replay_base_2025-02-28,2025-02-28,2025-03-28,20,QQQ,-0.08585337114359759
base,replay_base_2025-02-28,2025-02-28,2025-03-28,20,SOXX,-0.10876512455516008
base,replay_base_2025-02-28,2025-02-28,2025-03-28,20,XLI,-0.05395123551279257
base,replay_base_2025-02-28,2025-02-28,2025-03-28,20,XLU,-0.016404147698533152
base,replay_base_2025-02-28,2025-02-28,2025-05-27,60,QQQ,0.016332127316286308
base,replay_base_2025-02-28,2025-02-28,2025-05-27,60,SOXX,-0.00940569395017787
base,replay_base_2025-02-28,2025-02-28,2025-05-27,60,XLI,0.04190123186821204
base,replay_base_2025-02-28,2025-02-28,2025-05-27,60,XLU,0.030004552352048578
base,replay_base_2025-02-28,2025-02-28,2025-08-21,120,QQQ,0.0988236933457195
base,replay_base_2025-02-28,2025-02-28,2025-08-21,120,SOXX,0.1470355871886121
base,replay_base_2025-02-28,2025-02-28,2025-08-21,120,XLI,0.09533078212697721
base,replay_base_2025-02-28,2025-02-28,2025-08-21,120,XLU,0.07944815376833592
base,replay_base_2025-02-28,2025-02-28,2025-03-28,20,QQQ,-0.08585337114359759
base,replay_base_2025-02-28,2025-02-28,2025-03-28,20,SOXX,-0.10876512455516008
base,replay_base_2025-02-28,2025-02-28,2025-03-28,20,XLI,-0.05395123551279257
base,replay_base_2025-02-28,2025-02-28,2025-03-28,20,XLU,-0.016404147698533152
base,replay_base_2025-02-28,2025-02-28,2025-05-27,60,QQQ,0.016332127316286308
base,replay_base_2025-02-28,2025-02-28,2025-05-27,60,SOXX,-0.00940569395017787
base,replay_base_2025-02-28,2025-02-28,2025-05-27,60,XLI,0.04190123186821204
base,replay_base_2025-02-28,2025-02-28,2025-05-27,60,XLU,0.030004552352048578
base,replay_base_2025-02-28,2025-02-28,2025-08-21,120,QQQ,0.0988236933457195
base,replay_base_2025-02-28,2025-02-28,2025-08-21,120,SOXX,0.1470355871886121
base,replay_base_2025-02-28,2025-02-28,2025-08-21,120,XLI,0.09533078212697721
base,replay_base_2025-02-28,2025-02-28,2025-08-21,120,XLU,0.07944815376833592
base,replay_base_2025-02-28,2025-02-28,2025-03-28,20,QQQ,-0.08585337114359759
base,replay_base_2025-02-28,2025-02-28,2025-03-28,20,SOXX,-0.10876512455516008
base,replay_base_2025-02-28,2025-02-28,2025-03-28,20,XLI,-0.05395123551279257
base,replay_base_2025-02-28,2025-02-28,2025-03-28,20,XLU,-0.016404147698533152
base,replay_base_2025-02-28,2025-02-28,2025-05-27,60,QQQ,0.016332127316286308
base,replay_base_2025-02-28,2025-02-28,2025-05-27,60,SOXX,-0.00940569395017787
base,replay_base_2025-02-28,2025-02-28,2025-05-27,60,XLI,0.04190123186821204
base,replay_base_2025-02-28,2025-02-28,2025-05-27,60,XLU,0.030004552352048578
base,replay_base_2025-02-28,2025-02-28,2025-08-21,120,QQQ,0.0988236933457195
base,replay_base_2025-02-28,2025-02-28,2025-08-21,120,SOXX,0.1470355871886121
base,replay_base_2025-02-28,2025-02-28,2025-08-21,120,XLI,0.09533078212697721
base,replay_base_2025-02-28,2025-02-28,2025-08-21,120,XLU,0.07944815376833592
base,replay_base_2025-02-28,2025-02-28,2025-03-28,20,QQQ,-0.08585337114359759
base,replay_base_2025-02-28,2025-02-28,2025-03-28,20,SOXX,-0.10876512455516008
base,replay_base_2025-02-28,2025-02-28,2025-03-28,20,XLI,-0.05395123551279257
base,replay_base_2025-02-28,2025-02-28,2025-03-28,20,XLU,-0.016404147698533152
base,replay_base_2025-02-28,2025-02-28,2025-05-27,60,QQQ,0.016332127316286308
base,replay_base_2025-02-28,2025-02-28,2025-05-27,60,SOXX,-0.00940569395017787
base,replay_base_2025-02-28,2025-02-28,2025-05-27,60,XLI,0.04190123186821204
base,replay_base_2025-02-28,2025-02-28,2025-05-27,60,XLU,0.030004552352048578
base,replay_base_2025-02-28,2025-02-28,2025-08-21,120,QQQ,0.0988236933457195
base,replay_base_2025-02-28,2025-02-28,2025-08-21,120,SOXX,0.1470355871886121
base,replay_base_2025-02-28,2025-02-28,2025-08-21,120,XLI,0.09533078212697721
base,replay_base_2025-02-28,2025-02-28,2025-08-21,120,XLU,0.07944815376833592
base,replay_base_2025-03-31,2025-03-31,2025-04-29,20,QQQ,0.014312589612446195
base,replay_base_2025-03-31,2025-03-31,2025-04-29,20,SOXX,-0.02778764891286922
base,replay_base_2025-03-31,2025-03-31,2025-04-29,20,XLI,-0.005756508422664505
base,replay_base_2025-03-31,2025-03-31,2025-04-29,20,XLU,0.003092916984006047
base,replay_base_2025-03-31,2025-03-31,2025-06-26,60,QQQ,0.16603849857690067
base,replay_base_2025-03-31,2025-03-31,2025-06-26,60,SOXX,0.2743919546984349
base,replay_base_2025-03-31,2025-03-31,2025-06-26,60,XLI,0.10986370597243489
base,replay_base_2025-03-31,2025-03-31,2025-06-26,60,XLU,0.02721071337903014
base,replay_base_2025-03-31,2025-03-31,2025-09-22,120,QQQ,0.28579282672430384
base,replay_base_2025-03-31,2025-03-31,2025-09-22,120,SOXX,0.4387436828890433
base,replay_base_2025-03-31,2025-03-31,2025-09-22,120,XLI,0.1685160796324655
base,replay_base_2025-03-31,2025-03-31,2025-09-22,120,XLU,0.07842929677583121
base,replay_base_2025-03-31,2025-03-31,2025-04-29,20,QQQ,0.014312589612446195
base,replay_base_2025-03-31,2025-03-31,2025-04-29,20,SOXX,-0.02778764891286922
base,replay_base_2025-03-31,2025-03-31,2025-04-29,20,XLI,-0.005756508422664505
base,replay_base_2025-03-31,2025-03-31,2025-04-29,20,XLU,0.003092916984006047
base,replay_base_2025-03-31,2025-03-31,2025-06-26,60,QQQ,0.16603849857690067
base,replay_base_2025-03-31,2025-03-31,2025-06-26,60,SOXX,0.2743919546984349
base,replay_base_2025-03-31,2025-03-31,2025-06-26,60,XLI,0.10986370597243489
base,replay_base_2025-03-31,2025-03-31,2025-06-26,60,XLU,0.02721071337903014
base,replay_base_2025-03-31,2025-03-31,2025-09-22,120,QQQ,0.28579282672430384
base,replay_base_2025-03-31,2025-03-31,2025-09-22,120,SOXX,0.4387436828890433
base,replay_base_2025-03-31,2025-03-31,2025-09-22,120,XLI,0.1685160796324655
base,replay_base_2025-03-31,2025-03-31,2025-09-22,120,XLU,0.07842929677583121
base,replay_base_2025-03-31,2025-03-31,2025-04-29,20,QQQ,0.014312589612446195
base,replay_base_2025-03-31,2025-03-31,2025-04-29,20,SOXX,-0.02778764891286922
base,replay_base_2025-03-31,2025-03-31,2025-04-29,20,XLI,-0.005756508422664505
base,replay_base_2025-03-31,2025-03-31,2025-04-29,20,XLU,0.003092916984006047
base,replay_base_2025-03-31,2025-03-31,2025-06-26,60,QQQ,0.16603849857690067
base,replay_base_2025-03-31,2025-03-31,2025-06-26,60,SOXX,0.2743919546984349
base,replay_base_2025-03-31,2025-03-31,2025-06-26,60,XLI,0.10986370597243489
base,replay_base_2025-03-31,2025-03-31,2025-06-26,60,XLU,0.02721071337903014
base,replay_base_2025-03-31,2025-03-31,2025-09-22,120,QQQ,0.28579282672430384
base,replay_base_2025-03-31,2025-03-31,2025-09-22,120,SOXX,0.4387436828890433
base,replay_base_2025-03-31,2025-03-31,2025-09-22,120,XLI,0.1685160796324655
base,replay_base_2025-03-31,2025-03-31,2025-09-22,120,XLU,0.07842929677583121
base,replay_base_2025-03-31,2025-03-31,2025-04-29,20,QQQ,0.014312589612446195
base,replay_base_2025-03-31,2025-03-31,2025-04-29,20,SOXX,-0.02778764891286922
base,replay_base_2025-03-31,2025-03-31,2025-04-29,20,XLI,-0.005756508422664505
base,replay_base_2025-03-31,2025-03-31,2025-04-29,20,XLU,0.003092916984006047
base,replay_base_2025-03-31,2025-03-31,2025-06-26,60,QQQ,0.16603849857690067
base,replay_base_2025-03-31,2025-03-31,2025-06-26,60,SOXX,0.2743919546984349
base,replay_base_2025-03-31,2025-03-31,2025-06-26,60,XLI,0.10986370597243489
base,replay_base_2025-03-31,2025-03-31,2025-06-26,60,XLU,0.02721071337903014
base,replay_base_2025-03-31,2025-03-31,2025-09-22,120,QQQ,0.28579282672430384
base,replay_base_2025-03-31,2025-03-31,2025-09-22,120,SOXX,0.4387436828890433
base,replay_base_2025-03-31,2025-03-31,2025-09-22,120,XLI,0.1685160796324655
base,replay_base_2025-03-31,2025-03-31,2025-09-22,120,XLU,0.07842929677583121
base,replay_base_2025-04-30,2025-04-30,2025-05-29,20,QQQ,0.07254232065678201
base,replay_base_2025-04-30,2025-04-30,2025-05-29,20,SOXX,0.12399525452976701
base,replay_base_2025-04-30,2025-04-30,2025-05-29,20,XLI,0.07964118026320766
base,replay_base_2025-04-30,2025-04-30,2025-05-29,20,XLU,0.01847490396120655
base,replay_base_2025-04-30,2025-04-30,2025-07-28,60,QQQ,0.17204187604690124
base,replay_base_2025-04-30,2025-04-30,2025-07-28,60,SOXX,0.32330500431406384
base,replay_base_2025-04-30,2025-04-30,2025-07-28,60,XLI,0.16872981378237928
base,replay_base_2025-04-30,2025-04-30,2025-07-28,60,XLU,0.05021493796838594
base,replay_base_2025-04-30,2025-04-30,2025-10-21,120,QQQ,0.2611396281820625
base,replay_base_2025-04-30,2025-04-30,2025-10-21,120,SOXX,0.5679124245038828
base,replay_base_2025-04-30,2025-04-30,2025-10-21,120,XLI,0.17165013084537495
base,replay_base_2025-04-30,2025-04-30,2025-10-21,120,XLU,0.1381297940676366
base,replay_base_2025-04-30,2025-04-30,2025-05-29,20,QQQ,0.07254232065678201
base,replay_base_2025-04-30,2025-04-30,2025-05-29,20,SOXX,0.12399525452976701
base,replay_base_2025-04-30,2025-04-30,2025-05-29,20,XLI,0.07964118026320766
base,replay_base_2025-04-30,2025-04-30,2025-05-29,20,XLU,0.01847490396120655
base,replay_base_2025-04-30,2025-04-30,2025-07-28,60,QQQ,0.17204187604690124
base,replay_base_2025-04-30,2025-04-30,2025-07-28,60,SOXX,0.32330500431406384
base,replay_base_2025-04-30,2025-04-30,2025-07-28,60,XLI,0.16872981378237928
base,replay_base_2025-04-30,2025-04-30,2025-07-28,60,XLU,0.05021493796838594
base,replay_base_2025-04-30,2025-04-30,2025-10-21,120,QQQ,0.2611396281820625
base,replay_base_2025-04-30,2025-04-30,2025-10-21,120,SOXX,0.5679124245038828
base,replay_base_2025-04-30,2025-04-30,2025-10-21,120,XLI,0.17165013084537495
base,replay_base_2025-04-30,2025-04-30,2025-10-21,120,XLU,0.1381297940676366
base,replay_base_2025-04-30,2025-04-30,2025-05-29,20,QQQ,0.07254232065678201
base,replay_base_2025-04-30,2025-04-30,2025-05-29,20,SOXX,0.12399525452976701
base,replay_base_2025-04-30,2025-04-30,2025-05-29,20,XLI,0.07964118026320766
base,replay_base_2025-04-30,2025-04-30,2025-05-29,20,XLU,0.01847490396120655
base,replay_base_2025-04-30,2025-04-30,2025-07-28,60,QQQ,0.17204187604690124
base,replay_base_2025-04-30,2025-04-30,2025-07-28,60,SOXX,0.32330500431406384
base,replay_base_2025-04-30,2025-04-30,2025-07-28,60,XLI,0.16872981378237928
base,replay_base_2025-04-30,2025-04-30,2025-07-28,60,XLU,0.05021493796838594
base,replay_base_2025-04-30,2025-04-30,2025-10-21,120,QQQ,0.2611396281820625
base,replay_base_2025-04-30,2025-04-30,2025-10-21,120,SOXX,0.5679124245038828
base,replay_base_2025-04-30,2025-04-30,2025-10-21,120,XLI,0.17165013084537495
base,replay_base_2025-04-30,2025-04-30,2025-10-21,120,XLU,0.1381297940676366
base,replay_base_2025-04-30,2025-04-30,2025-05-29,20,QQQ,0.07254232065678201
base,replay_base_2025-04-30,2025-04-30,2025-05-29,20,SOXX,0.12399525452976701
base,replay_base_2025-04-30,2025-04-30,2025-05-29,20,XLI,0.07964118026320766
base,replay_base_2025-04-30,2025-04-30,2025-05-29,20,XLU,0.01847490396120655
base,replay_base_2025-04-30,2025-04-30,2025-07-28,60,QQQ,0.17204187604690124
base,replay_base_2025-04-30,2025-04-30,2025-07-28,60,SOXX,0.32330500431406384
base,replay_base_2025-04-30,2025-04-30,2025-07-28,60,XLI,0.16872981378237928
base,replay_base_2025-04-30,2025-04-30,2025-07-28,60,XLU,0.05021493796838594
base,replay_base_2025-04-30,2025-04-30,2025-10-21,120,QQQ,0.2611396281820625
base,replay_base_2025-04-30,2025-04-30,2025-10-21,120,SOXX,0.5679124245038828
base,replay_base_2025-04-30,2025-04-30,2025-10-21,120,XLI,0.17165013084537495
base,replay_base_2025-04-30,2025-04-30,2025-10-21,120,XLU,0.1381297940676366
base,replay_base_2025-05-30,2025-05-30,2025-06-30,20,QQQ,0.06287312322467209
base,replay_base_2025-05-30,2025-05-30,2025-06-30,20,SOXX,0.1645341495002811
base,replay_base_2025-05-30,2025-05-30,2025-06-30,20,XLI,0.031139502278303536
base,replay_base_2025-05-30,2025-05-30,2025-06-30,20,XLU,-0.002632397990442234
base,replay_base_2025-05-30,2025-05-30,2025-08-26,60,QQQ,0.1035486657262662
base,replay_base_2025-05-30,2025-05-30,2025-08-26,60,SOXX,0.2231075678713682
base,replay_base_2025-05-30,2025-05-30,2025-08-26,60,XLI,0.07081703470031553
base,replay_base_2025-05-30,2025-05-30,2025-08-26,60,XLU,0.04160237715966175
base,replay_base_2025-05-30,2025-05-30,2025-11-19,120,QQQ,0.15599209677107673
base,replay_base_2025-05-30,2025-05-30,2025-11-19,120,SOXX,0.3730476993377806
base,replay_base_2025-05-30,2025-05-30,2025-11-19,120,XLI,0.05097826848930931
base,replay_base_2025-05-30,2025-05-30,2025-11-19,120,XLU,0.08111959318710926
base,replay_base_2025-05-30,2025-05-30,2025-06-30,20,QQQ,0.06287312322467209
base,replay_base_2025-05-30,2025-05-30,2025-06-30,20,SOXX,0.1645341495002811
base,replay_base_2025-05-30,2025-05-30,2025-06-30,20,XLI,0.031139502278303536
base,replay_base_2025-05-30,2025-05-30,2025-06-30,20,XLU,-0.002632397990442234
base,replay_base_2025-05-30,2025-05-30,2025-08-26,60,QQQ,0.1035486657262662
base,replay_base_2025-05-30,2025-05-30,2025-08-26,60,SOXX,0.2231075678713682
base,replay_base_2025-05-30,2025-05-30,2025-08-26,60,XLI,0.07081703470031553
base,replay_base_2025-05-30,2025-05-30,2025-08-26,60,XLU,0.04160237715966175
base,replay_base_2025-05-30,2025-05-30,2025-11-19,120,QQQ,0.15599209677107673
base,replay_base_2025-05-30,2025-05-30,2025-11-19,120,SOXX,0.3730476993377806
base,replay_base_2025-05-30,2025-05-30,2025-11-19,120,XLI,0.05097826848930931
base,replay_base_2025-05-30,2025-05-30,2025-11-19,120,XLU,0.08111959318710926
base,replay_base_2025-05-30,2025-05-30,2025-06-30,20,QQQ,0.06287312322467209
base,replay_base_2025-05-30,2025-05-30,2025-06-30,20,SOXX,0.1645341495002811
base,replay_base_2025-05-30,2025-05-30,2025-06-30,20,XLI,0.031139502278303536
base,replay_base_2025-05-30,2025-05-30,2025-06-30,20,XLU,-0.002632397990442234
base,replay_base_2025-05-30,2025-05-30,2025-08-26,60,QQQ,0.1035486657262662
base,replay_base_2025-05-30,2025-05-30,2025-08-26,60,SOXX,0.2231075678713682
base,replay_base_2025-05-30,2025-05-30,2025-08-26,60,XLI,0.07081703470031553
base,replay_base_2025-05-30,2025-05-30,2025-08-26,60,XLU,0.04160237715966175
base,replay_base_2025-05-30,2025-05-30,2025-11-19,120,QQQ,0.15599209677107673
base,replay_base_2025-05-30,2025-05-30,2025-11-19,120,SOXX,0.3730476993377806
base,replay_base_2025-05-30,2025-05-30,2025-11-19,120,XLI,0.05097826848930931
base,replay_base_2025-05-30,2025-05-30,2025-11-19,120,XLU,0.08111959318710926
base,replay_base_2025-05-30,2025-05-30,2025-06-30,20,QQQ,0.06287312322467209
base,replay_base_2025-05-30,2025-05-30,2025-06-30,20,SOXX,0.1645341495002811
base,replay_base_2025-05-30,2025-05-30,2025-06-30,20,XLI,0.031139502278303536
base,replay_base_2025-05-30,2025-05-30,2025-06-30,20,XLU,-0.002632397990442234
base,replay_base_2025-05-30,2025-05-30,2025-08-26,60,QQQ,0.1035486657262662
base,replay_base_2025-05-30,2025-05-30,2025-08-26,60,SOXX,0.2231075678713682
base,replay_base_2025-05-30,2025-05-30,2025-08-26,60,XLI,0.07081703470031553
base,replay_base_2025-05-30,2025-05-30,2025-08-26,60,XLU,0.04160237715966175
base,replay_base_2025-05-30,2025-05-30,2025-11-19,120,QQQ,0.15599209677107673
base,replay_base_2025-05-30,2025-05-30,2025-11-19,120,SOXX,0.3730476993377806
base,replay_base_2025-05-30,2025-05-30,2025-11-19,120,XLI,0.05097826848930931
base,replay_base_2025-05-30,2025-05-30,2025-11-19,120,XLU,0.08111959318710926
base,replay_base_2025-06-30,2025-06-30,2025-07-29,20,QQQ,0.028923601637107613
base,replay_base_2025-06-30,2025-06-30,2025-07-29,20,SOXX,0.037141975830304985
base,replay_base_2025-06-30,2025-06-30,2025-07-29,20,XLI,0.036118307367848046
base,replay_base_2025-06-30,2025-06-30,2025-07-29,20,XLU,0.03224229074889873
base,replay_base_2025-06-30,2025-06-30,2025-09-24,60,QQQ,0.08112914961346063
base,replay_base_2025-06-30,2025-06-30,2025-09-24,60,SOXX,0.13411653849404226
base,replay_base_2025-06-30,2025-06-30,2025-09-24,60,XLI,0.032580651745016564
base,replay_base_2025-06-30,2025-06-30,2025-09-24,60,XLU,0.05255555555555558
base,replay_base_2025-06-30,2025-06-30,2025-12-18,120,QQQ,0.10504911323328792
base,replay_base_2025-06-30,2025-06-30,2025-12-18,120,SOXX,0.23134462942618106
base,replay_base_2025-06-30,2025-06-30,2025-12-18,120,XLI,0.04802387917545403
base,replay_base_2025-06-30,2025-06-30,2025-12-18,120,XLU,0.0540239843367597
base,replay_base_2025-06-30,2025-06-30,2025-07-29,20,QQQ,0.028923601637107613
base,replay_base_2025-06-30,2025-06-30,2025-07-29,20,SOXX,0.037141975830304985
base,replay_base_2025-06-30,2025-06-30,2025-07-29,20,XLI,0.036118307367848046
base,replay_base_2025-06-30,2025-06-30,2025-07-29,20,XLU,0.03224229074889873
base,replay_base_2025-06-30,2025-06-30,2025-09-24,60,QQQ,0.08112914961346063
base,replay_base_2025-06-30,2025-06-30,2025-09-24,60,SOXX,0.13411653849404226
base,replay_base_2025-06-30,2025-06-30,2025-09-24,60,XLI,0.032580651745016564
base,replay_base_2025-06-30,2025-06-30,2025-09-24,60,XLU,0.05255555555555558
base,replay_base_2025-06-30,2025-06-30,2025-12-18,120,QQQ,0.10504911323328792
base,replay_base_2025-06-30,2025-06-30,2025-12-18,120,SOXX,0.23134462942618106
base,replay_base_2025-06-30,2025-06-30,2025-12-18,120,XLI,0.04802387917545403
base,replay_base_2025-06-30,2025-06-30,2025-12-18,120,XLU,0.0540239843367597
base,replay_base_2025-06-30,2025-06-30,2025-07-29,20,QQQ,0.028923601637107613
base,replay_base_2025-06-30,2025-06-30,2025-07-29,20,SOXX,0.037141975830304985
base,replay_base_2025-06-30,2025-06-30,2025-07-29,20,XLI,0.036118307367848046
base,replay_base_2025-06-30,2025-06-30,2025-07-29,20,XLU,0.03224229074889873
base,replay_base_2025-06-30,2025-06-30,2025-09-24,60,QQQ,0.08112914961346063
base,replay_base_2025-06-30,2025-06-30,2025-09-24,60,SOXX,0.13411653849404226
base,replay_base_2025-06-30,2025-06-30,2025-09-24,60,XLI,0.032580651745016564
base,replay_base_2025-06-30,2025-06-30,2025-09-24,60,XLU,0.05255555555555558
base,replay_base_2025-06-30,2025-06-30,2025-12-18,120,QQQ,0.10504911323328792
base,replay_base_2025-06-30,2025-06-30,2025-12-18,120,SOXX,0.23134462942618106
base,replay_base_2025-06-30,2025-06-30,2025-12-18,120,XLI,0.04802387917545403
base,replay_base_2025-06-30,2025-06-30,2025-12-18,120,XLU,0.0540239843367597
base,replay_base_2025-06-30,2025-06-30,2025-07-29,20,QQQ,0.028923601637107613
base,replay_base_2025-06-30,2025-06-30,2025-07-29,20,SOXX,0.037141975830304985
base,replay_base_2025-06-30,2025-06-30,2025-07-29,20,XLI,0.036118307367848046
base,replay_base_2025-06-30,2025-06-30,2025-07-29,20,XLU,0.03224229074889873
base,replay_base_2025-06-30,2025-06-30,2025-09-24,60,QQQ,0.08112914961346063
base,replay_base_2025-06-30,2025-06-30,2025-09-24,60,SOXX,0.13411653849404226
base,replay_base_2025-06-30,2025-06-30,2025-09-24,60,XLI,0.032580651745016564
base,replay_base_2025-06-30,2025-06-30,2025-09-24,60,XLU,0.05255555555555558
base,replay_base_2025-06-30,2025-06-30,2025-12-18,120,QQQ,0.10504911323328792
base,replay_base_2025-06-30,2025-06-30,2025-12-18,120,SOXX,0.23134462942618106
base,replay_base_2025-06-30,2025-06-30,2025-12-18,120,XLI,0.04802387917545403
base,replay_base_2025-06-30,2025-06-30,2025-12-18,120,XLU,0.0540239843367597
base,replay_base_2025-07-31,2025-07-31,2025-08-28,20,QQQ,0.02980713058419238
base,replay_base_2025-07-31,2025-07-31,2025-08-28,20,SOXX,0.0711882668140934
base,replay_base_2025-07-31,2025-07-31,2025-08-28,20,XLI,0.020041781986728572
base,replay_base_2025-07-31,2025-07-31,2025-08-28,20,XLU,-0.014041654495530628
base,replay_base_2025-07-31,2025-07-31,2025-10-24,60,QQQ,0.1012561569301259
base,replay_base_2025-07-31,2025-07-31,2025-10-24,60,SOXX,0.25541502051925413
base,replay_base_2025-07-31,2025-07-31,2025-10-24,60,XLI,0.02991206775817801
base,replay_base_2025-07-31,2025-07-31,2025-10-24,60,XLU,0.06453519892504522
base,replay_base_2025-07-31,2025-07-31,2026-01-22,120,QQQ,0.10812900916380286
base,replay_base_2025-07-31,2025-07-31,2026-01-22,120,SOXX,0.4792768929809267
base,replay_base_2025-07-31,2025-07-31,2026-01-22,120,XLI,0.10047127280002688
base,replay_base_2025-07-31,2025-07-31,2026-01-22,120,XLU,-0.004811065023076375
base,replay_base_2025-07-31,2025-07-31,2025-08-28,20,QQQ,0.02980713058419238
base,replay_base_2025-07-31,2025-07-31,2025-08-28,20,SOXX,0.0711882668140934
base,replay_base_2025-07-31,2025-07-31,2025-08-28,20,XLI,0.020041781986728572
base,replay_base_2025-07-31,2025-07-31,2025-08-28,20,XLU,-0.014041654495530628
base,replay_base_2025-07-31,2025-07-31,2025-10-24,60,QQQ,0.1012561569301259
base,replay_base_2025-07-31,2025-07-31,2025-10-24,60,SOXX,0.25541502051925413
base,replay_base_2025-07-31,2025-07-31,2025-10-24,60,XLI,0.02991206775817801
base,replay_base_2025-07-31,2025-07-31,2025-10-24,60,XLU,0.06453519892504522
base,replay_base_2025-07-31,2025-07-31,2026-01-22,120,QQQ,0.10812900916380286
base,replay_base_2025-07-31,2025-07-31,2026-01-22,120,SOXX,0.4792768929809267
base,replay_base_2025-07-31,2025-07-31,2026-01-22,120,XLI,0.10047127280002688
base,replay_base_2025-07-31,2025-07-31,2026-01-22,120,XLU,-0.004811065023076375
base,replay_base_2025-07-31,2025-07-31,2025-08-28,20,QQQ,0.02980713058419238
base,replay_base_2025-07-31,2025-07-31,2025-08-28,20,SOXX,0.0711882668140934
base,replay_base_2025-07-31,2025-07-31,2025-08-28,20,XLI,0.020041781986728572
base,replay_base_2025-07-31,2025-07-31,2025-08-28,20,XLU,-0.014041654495530628
base,replay_base_2025-07-31,2025-07-31,2025-10-24,60,QQQ,0.1012561569301259
base,replay_base_2025-07-31,2025-07-31,2025-10-24,60,SOXX,0.25541502051925413
base,replay_base_2025-07-31,2025-07-31,2025-10-24,60,XLI,0.02991206775817801
base,replay_base_2025-07-31,2025-07-31,2025-10-24,60,XLU,0.06453519892504522
base,replay_base_2025-07-31,2025-07-31,2026-01-22,120,QQQ,0.10812900916380286
base,replay_base_2025-07-31,2025-07-31,2026-01-22,120,SOXX,0.4792768929809267
base,replay_base_2025-07-31,2025-07-31,2026-01-22,120,XLI,0.10047127280002688
base,replay_base_2025-07-31,2025-07-31,2026-01-22,120,XLU,-0.004811065023076375
base,replay_base_2025-07-31,2025-07-31,2025-08-28,20,QQQ,0.02980713058419238
base,replay_base_2025-07-31,2025-07-31,2025-08-28,20,SOXX,0.0711882668140934
base,replay_base_2025-07-31,2025-07-31,2025-08-28,20,XLI,0.020041781986728572
base,replay_base_2025-07-31,2025-07-31,2025-08-28,20,XLU,-0.014041654495530628
base,replay_base_2025-07-31,2025-07-31,2025-10-24,60,QQQ,0.1012561569301259
base,replay_base_2025-07-31,2025-07-31,2025-10-24,60,SOXX,0.25541502051925413
base,replay_base_2025-07-31,2025-07-31,2025-10-24,60,XLI,0.02991206775817801
base,replay_base_2025-07-31,2025-07-31,2025-10-24,60,XLU,0.06453519892504522
base,replay_base_2025-07-31,2025-07-31,2026-01-22,120,QQQ,0.10812900916380286
base,replay_base_2025-07-31,2025-07-31,2026-01-22,120,SOXX,0.4792768929809267
base,replay_base_2025-07-31,2025-07-31,2026-01-22,120,XLI,0.10047127280002688
base,replay_base_2025-07-31,2025-07-31,2026-01-22,120,XLU,-0.004811065023076375
base,replay_base_2025-08-29,2025-08-29,2025-09-29,20,QQQ,0.06374861051731517
base,replay_base_2025-08-29,2025-08-29,2025-09-29,20,SOXX,0.12365731101941646
base,replay_base_2025-08-29,2025-08-29,2025-09-29,20,XLI,0.01472000398949425
base,replay_base_2025-08-29,2025-08-29,2025-09-29,20,XLU,0.03416940671908508
base,replay_base_2025-08-29,2025-08-29,2025-11-24,60,QQQ,0.07534544677212496
base,replay_base_2025-08-29,2025-08-29,2025-11-24,60,SOXX,0.18150872379196936
base,replay_base_2025-08-29,2025-08-29,2025-11-24,60,XLI,-0.005626417101632472
base,replay_base_2025-08-29,2025-08-29,2025-11-24,60,XLU,0.05871074577078883
base,replay_base_2025-08-29,2025-08-29,2026-02-23,120,QQQ,0.06839803334758454
base,replay_base_2025-08-29,2025-08-29,2026-02-23,120,SOXX,0.49305177722388616
base,replay_base_2025-08-29,2025-08-29,2026-02-23,120,XLI,0.15960513979853042
base,replay_base_2025-08-29,2025-08-29,2026-02-23,120,XLU,0.10922301644031462
base,replay_base_2025-08-29,2025-08-29,2025-09-29,20,QQQ,0.06374861051731517
base,replay_base_2025-08-29,2025-08-29,2025-09-29,20,SOXX,0.12365731101941646
base,replay_base_2025-08-29,2025-08-29,2025-09-29,20,XLI,0.01472000398949425
base,replay_base_2025-08-29,2025-08-29,2025-09-29,20,XLU,0.03416940671908508
base,replay_base_2025-08-29,2025-08-29,2025-11-24,60,QQQ,0.07534544677212496
base,replay_base_2025-08-29,2025-08-29,2025-11-24,60,SOXX,0.18150872379196936
base,replay_base_2025-08-29,2025-08-29,2025-11-24,60,XLI,-0.005626417101632472
base,replay_base_2025-08-29,2025-08-29,2025-11-24,60,XLU,0.05871074577078883
base,replay_base_2025-08-29,2025-08-29,2026-02-23,120,QQQ,0.06839803334758454
base,replay_base_2025-08-29,2025-08-29,2026-02-23,120,SOXX,0.49305177722388616
base,replay_base_2025-08-29,2025-08-29,2026-02-23,120,XLI,0.15960513979853042
base,replay_base_2025-08-29,2025-08-29,2026-02-23,120,XLU,0.10922301644031462
base,replay_base_2025-08-29,2025-08-29,2025-09-29,20,QQQ,0.06374861051731517
base,replay_base_2025-08-29,2025-08-29,2025-09-29,20,SOXX,0.12365731101941646
base,replay_base_2025-08-29,2025-08-29,2025-09-29,20,XLI,0.01472000398949425
base,replay_base_2025-08-29,2025-08-29,2025-09-29,20,XLU,0.03416940671908508
base,replay_base_2025-08-29,2025-08-29,2025-11-24,60,QQQ,0.07534544677212496
base,replay_base_2025-08-29,2025-08-29,2025-11-24,60,SOXX,0.18150872379196936
base,replay_base_2025-08-29,2025-08-29,2025-11-24,60,XLI,-0.005626417101632472
base,replay_base_2025-08-29,2025-08-29,2025-11-24,60,XLU,0.05871074577078883
base,replay_base_2025-08-29,2025-08-29,2026-02-23,120,QQQ,0.06839803334758454
base,replay_base_2025-08-29,2025-08-29,2026-02-23,120,SOXX,0.49305177722388616
base,replay_base_2025-08-29,2025-08-29,2026-02-23,120,XLI,0.15960513979853042
base,replay_base_2025-08-29,2025-08-29,2026-02-23,120,XLU,0.10922301644031462
base,replay_base_2025-08-29,2025-08-29,2025-09-29,20,QQQ,0.06374861051731517
base,replay_base_2025-08-29,2025-08-29,2025-09-29,20,SOXX,0.12365731101941646
base,replay_base_2025-08-29,2025-08-29,2025-09-29,20,XLI,0.01472000398949425
base,replay_base_2025-08-29,2025-08-29,2025-09-29,20,XLU,0.03416940671908508
base,replay_base_2025-08-29,2025-08-29,2025-11-24,60,QQQ,0.07534544677212496
base,replay_base_2025-08-29,2025-08-29,2025-11-24,60,SOXX,0.18150872379196936
base,replay_base_2025-08-29,2025-08-29,2025-11-24,60,XLI,-0.005626417101632472
base,replay_base_2025-08-29,2025-08-29,2025-11-24,60,XLU,0.05871074577078883
base,replay_base_2025-08-29,2025-08-29,2026-02-23,120,QQQ,0.06839803334758454
base,replay_base_2025-08-29,2025-08-29,2026-02-23,120,SOXX,0.49305177722388616
base,replay_base_2025-08-29,2025-08-29,2026-02-23,120,XLI,0.15960513979853042
base,replay_base_2025-08-29,2025-08-29,2026-02-23,120,XLU,0.10922301644031462
base,replay_base_2025-09-30,2025-09-30,2025-10-28,20,QQQ,0.056689247563875056
base,replay_base_2025-09-30,2025-09-30,2025-10-28,20,SOXX,0.12723463023463022
base,replay_base_2025-09-30,2025-09-30,2025-10-28,20,XLI,0.004982276089010476
base,replay_base_2025-09-30,2025-09-30,2025-10-28,20,XLU,0.02841451132982387
base,replay_base_2025-09-30,2025-09-30,2025-12-24,60,QQQ,0.04170414894685737
base,replay_base_2025-09-30,2025-09-30,2025-12-24,60,SOXX,0.13341594891594888
base,replay_base_2025-09-30,2025-09-30,2025-12-24,60,XLI,0.02316231714071593
base,replay_base_2025-09-30,2025-09-30,2025-12-24,60,XLU,-0.02291302357518876
base,replay_base_2025-09-30,2025-09-30,2026-03-24,120,QQQ,-0.025335331346482356
base,replay_base_2025-09-30,2025-09-30,2026-03-24,120,SOXX,0.2630565785565785
base,replay_base_2025-09-30,2025-09-30,2026-03-24,120,XLI,0.0656475743654904
base,replay_base_2025-09-30,2025-09-30,2026-03-24,120,XLU,0.02927283131151304
base,replay_base_2025-09-30,2025-09-30,2025-10-28,20,QQQ,0.056689247563875056
base,replay_base_2025-09-30,2025-09-30,2025-10-28,20,SOXX,0.12723463023463022
base,replay_base_2025-09-30,2025-09-30,2025-10-28,20,XLI,0.004982276089010476
base,replay_base_2025-09-30,2025-09-30,2025-10-28,20,XLU,0.02841451132982387
base,replay_base_2025-09-30,2025-09-30,2025-12-24,60,QQQ,0.04170414894685737
base,replay_base_2025-09-30,2025-09-30,2025-12-24,60,SOXX,0.13341594891594888
base,replay_base_2025-09-30,2025-09-30,2025-12-24,60,XLI,0.02316231714071593
base,replay_base_2025-09-30,2025-09-30,2025-12-24,60,XLU,-0.02291302357518876
base,replay_base_2025-09-30,2025-09-30,2026-03-24,120,QQQ,-0.025335331346482356
base,replay_base_2025-09-30,2025-09-30,2026-03-24,120,SOXX,0.2630565785565785
base,replay_base_2025-09-30,2025-09-30,2026-03-24,120,XLI,0.0656475743654904
base,replay_base_2025-09-30,2025-09-30,2026-03-24,120,XLU,0.02927283131151304
base,replay_base_2025-09-30,2025-09-30,2025-10-28,20,QQQ,0.056689247563875056
base,replay_base_2025-09-30,2025-09-30,2025-10-28,20,SOXX,0.12723463023463022
base,replay_base_2025-09-30,2025-09-30,2025-10-28,20,XLI,0.004982276089010476
base,replay_base_2025-09-30,2025-09-30,2025-10-28,20,XLU,0.02841451132982387
base,replay_base_2025-09-30,2025-09-30,2025-12-24,60,QQQ,0.04170414894685737
base,replay_base_2025-09-30,2025-09-30,2025-12-24,60,SOXX,0.13341594891594888
base,replay_base_2025-09-30,2025-09-30,2025-12-24,60,XLI,0.02316231714071593
base,replay_base_2025-09-30,2025-09-30,2025-12-24,60,XLU,-0.02291302357518876
base,replay_base_2025-09-30,2025-09-30,2026-03-24,120,QQQ,-0.025335331346482356
base,replay_base_2025-09-30,2025-09-30,2026-03-24,120,SOXX,0.2630565785565785
base,replay_base_2025-09-30,2025-09-30,2026-03-24,120,XLI,0.0656475743654904
base,replay_base_2025-09-30,2025-09-30,2026-03-24,120,XLU,0.02927283131151304
base,replay_base_2025-09-30,2025-09-30,2025-10-28,20,QQQ,0.056689247563875056
base,replay_base_2025-09-30,2025-09-30,2025-10-28,20,SOXX,0.12723463023463022
base,replay_base_2025-09-30,2025-09-30,2025-10-28,20,XLI,0.004982276089010476
base,replay_base_2025-09-30,2025-09-30,2025-10-28,20,XLU,0.02841451132982387
base,replay_base_2025-09-30,2025-09-30,2025-12-24,60,QQQ,0.04170414894685737
base,replay_base_2025-09-30,2025-09-30,2025-12-24,60,SOXX,0.13341594891594888
base,replay_base_2025-09-30,2025-09-30,2025-12-24,60,XLI,0.02316231714071593
base,replay_base_2025-09-30,2025-09-30,2025-12-24,60,XLU,-0.02291302357518876
base,replay_base_2025-09-30,2025-09-30,2026-03-24,120,QQQ,-0.025335331346482356
base,replay_base_2025-09-30,2025-09-30,2026-03-24,120,SOXX,0.2630565785565785
base,replay_base_2025-09-30,2025-09-30,2026-03-24,120,XLI,0.0656475743654904
base,replay_base_2025-09-30,2025-09-30,2026-03-24,120,XLU,0.02927283131151304
base,replay_base_2025-10-31,2025-10-31,2025-12-01,20,QQQ,-0.03130470853076839
base,replay_base_2025-10-31,2025-10-31,2025-12-01,20,SOXX,-0.049021339503792394
base,replay_base_2025-10-31,2025-10-31,2025-12-01,20,XLI,-0.02482334710743794
base,replay_base_2025-10-31,2025-10-31,2025-12-01,20,XLU,-0.00844790789104188
base,replay_base_2025-10-31,2025-10-31,2026-01-29,60,QQQ,-0.01224074744580705
base,replay_base_2025-10-31,2025-10-31,2026-01-29,60,SOXX,0.1573676565111196
base,replay_base_2025-10-31,2025-10-31,2026-01-29,60,XLI,0.06763533057851234
base,replay_base_2025-10-31,2025-10-31,2026-01-29,60,XLU,-0.029677899466442056
base,replay_base_2025-10-31,2025-10-31,2026-04-27,120,QQQ,0.0427314673425373
base,replay_base_2025-10-31,2025-10-31,2026-04-27,120,SOXX,0.4611020696747653
base,replay_base_2025-10-31,2025-10-31,2026-04-27,120,XLI,0.11063636363636353
base,replay_base_2025-10-31,2025-10-31,2026-04-27,120,XLU,0.03446138725077208
base,replay_base_2025-10-31,2025-10-31,2025-12-01,20,QQQ,-0.03130470853076839
base,replay_base_2025-10-31,2025-10-31,2025-12-01,20,SOXX,-0.049021339503792394
base,replay_base_2025-10-31,2025-10-31,2025-12-01,20,XLI,-0.02482334710743794
base,replay_base_2025-10-31,2025-10-31,2025-12-01,20,XLU,-0.00844790789104188
base,replay_base_2025-10-31,2025-10-31,2026-01-29,60,QQQ,-0.01224074744580705
base,replay_base_2025-10-31,2025-10-31,2026-01-29,60,SOXX,0.1573676565111196
base,replay_base_2025-10-31,2025-10-31,2026-01-29,60,XLI,0.06763533057851234
base,replay_base_2025-10-31,2025-10-31,2026-01-29,60,XLU,-0.029677899466442056
base,replay_base_2025-10-31,2025-10-31,2026-04-27,120,QQQ,0.0427314673425373
base,replay_base_2025-10-31,2025-10-31,2026-04-27,120,SOXX,0.4611020696747653
base,replay_base_2025-10-31,2025-10-31,2026-04-27,120,XLI,0.11063636363636353
base,replay_base_2025-10-31,2025-10-31,2026-04-27,120,XLU,0.03446138725077208
base,replay_base_2025-10-31,2025-10-31,2025-12-01,20,QQQ,-0.03130470853076839
base,replay_base_2025-10-31,2025-10-31,2025-12-01,20,SOXX,-0.049021339503792394
base,replay_base_2025-10-31,2025-10-31,2025-12-01,20,XLI,-0.02482334710743794
base,replay_base_2025-10-31,2025-10-31,2025-12-01,20,XLU,-0.00844790789104188
base,replay_base_2025-10-31,2025-10-31,2026-01-29,60,QQQ,-0.01224074744580705
base,replay_base_2025-10-31,2025-10-31,2026-01-29,60,SOXX,0.1573676565111196
base,replay_base_2025-10-31,2025-10-31,2026-01-29,60,XLI,0.06763533057851234
base,replay_base_2025-10-31,2025-10-31,2026-01-29,60,XLU,-0.029677899466442056
base,replay_base_2025-10-31,2025-10-31,2026-04-27,120,QQQ,0.0427314673425373
base,replay_base_2025-10-31,2025-10-31,2026-04-27,120,SOXX,0.4611020696747653
base,replay_base_2025-10-31,2025-10-31,2026-04-27,120,XLI,0.11063636363636353
base,replay_base_2025-10-31,2025-10-31,2026-04-27,120,XLU,0.03446138725077208
base,replay_base_2025-10-31,2025-10-31,2025-12-01,20,QQQ,-0.03130470853076839
base,replay_base_2025-10-31,2025-10-31,2025-12-01,20,SOXX,-0.049021339503792394
base,replay_base_2025-10-31,2025-10-31,2025-12-01,20,XLI,-0.02482334710743794
base,replay_base_2025-10-31,2025-10-31,2025-12-01,20,XLU,-0.00844790789104188
base,replay_base_2025-10-31,2025-10-31,2026-01-29,60,QQQ,-0.01224074744580705
base,replay_base_2025-10-31,2025-10-31,2026-01-29,60,SOXX,0.1573676565111196
base,replay_base_2025-10-31,2025-10-31,2026-01-29,60,XLI,0.06763533057851234
base,replay_base_2025-10-31,2025-10-31,2026-01-29,60,XLU,-0.029677899466442056
base,replay_base_2025-10-31,2025-10-31,2026-04-27,120,QQQ,0.0427314673425373
base,replay_base_2025-10-31,2025-10-31,2026-04-27,120,SOXX,0.4611020696747653
base,replay_base_2025-10-31,2025-10-31,2026-04-27,120,XLI,0.11063636363636353
base,replay_base_2025-10-31,2025-10-31,2026-04-27,120,XLU,0.03446138725077208
base,replay_base_2025-11-28,2025-11-28,2025-12-29,20,QQQ,0.008707674759654508
base,replay_base_2025-11-28,2025-11-28,2025-12-29,20,SOXX,0.039202085359818395
base,replay_base_2025-11-28,2025-11-28,2025-12-29,20,XLI,0.02555644077243391
base,replay_base_2025-11-28,2025-11-28,2025-12-29,20,XLU,-0.05033333333333334
base,replay_base_2025-11-28,2025-11-28,2026-02-26,60,QQQ,-0.010251099885937861
base,replay_base_2025-11-28,2025-11-28,2026-02-26,60,SOXX,0.2143586579975768
base,replay_base_2025-11-28,2025-11-28,2026-02-26,60,XLI,0.1555193928067934
base,replay_base_2025-11-28,2025-11-28,2026-02-26,60,XLU,0.04499999999999982
base,replay_base_2025-11-28,2025-11-28,2026-05-22,120,QQQ,0.16612172071044473
base,replay_base_2025-11-28,2025-11-28,2026-05-22,120,SOXX,0.829966432874281
base,replay_base_2025-11-28,2025-11-28,2026-05-22,120,XLI,0.12306144060850455
base,replay_base_2025-11-28,2025-11-28,2026-05-22,120,XLU,0.004777777777777883
base,replay_base_2025-11-28,2025-11-28,2025-12-29,20,QQQ,0.008707674759654508
base,replay_base_2025-11-28,2025-11-28,2025-12-29,20,SOXX,0.039202085359818395
base,replay_base_2025-11-28,2025-11-28,2025-12-29,20,XLI,0.02555644077243391
base,replay_base_2025-11-28,2025-11-28,2025-12-29,20,XLU,-0.05033333333333334
base,replay_base_2025-11-28,2025-11-28,2026-02-26,60,QQQ,-0.010251099885937861
base,replay_base_2025-11-28,2025-11-28,2026-02-26,60,SOXX,0.2143586579975768
base,replay_base_2025-11-28,2025-11-28,2026-02-26,60,XLI,0.1555193928067934
base,replay_base_2025-11-28,2025-11-28,2026-02-26,60,XLU,0.04499999999999982
base,replay_base_2025-11-28,2025-11-28,2026-05-22,120,QQQ,0.16612172071044473
base,replay_base_2025-11-28,2025-11-28,2026-05-22,120,SOXX,0.829966432874281
base,replay_base_2025-11-28,2025-11-28,2026-05-22,120,XLI,0.12306144060850455
base,replay_base_2025-11-28,2025-11-28,2026-05-22,120,XLU,0.004777777777777883
base,replay_base_2025-11-28,2025-11-28,2025-12-29,20,QQQ,0.008707674759654508
base,replay_base_2025-11-28,2025-11-28,2025-12-29,20,SOXX,0.039202085359818395
base,replay_base_2025-11-28,2025-11-28,2025-12-29,20,XLI,0.02555644077243391
base,replay_base_2025-11-28,2025-11-28,2025-12-29,20,XLU,-0.05033333333333334
base,replay_base_2025-11-28,2025-11-28,2026-02-26,60,QQQ,-0.010251099885937861
base,replay_base_2025-11-28,2025-11-28,2026-02-26,60,SOXX,0.2143586579975768
base,replay_base_2025-11-28,2025-11-28,2026-02-26,60,XLI,0.1555193928067934
base,replay_base_2025-11-28,2025-11-28,2026-02-26,60,XLU,0.04499999999999982
base,replay_base_2025-11-28,2025-11-28,2026-05-22,120,QQQ,0.16612172071044473
base,replay_base_2025-11-28,2025-11-28,2026-05-22,120,SOXX,0.829966432874281
base,replay_base_2025-11-28,2025-11-28,2026-05-22,120,XLI,0.12306144060850455
base,replay_base_2025-11-28,2025-11-28,2026-05-22,120,XLU,0.004777777777777883
base,replay_base_2025-11-28,2025-11-28,2025-12-29,20,QQQ,0.008707674759654508
base,replay_base_2025-11-28,2025-11-28,2025-12-29,20,SOXX,0.039202085359818395
base,replay_base_2025-11-28,2025-11-28,2025-12-29,20,XLI,0.02555644077243391
base,replay_base_2025-11-28,2025-11-28,2025-12-29,20,XLU,-0.05033333333333334
base,replay_base_2025-11-28,2025-11-28,2026-02-26,60,QQQ,-0.010251099885937861
base,replay_base_2025-11-28,2025-11-28,2026-02-26,60,SOXX,0.2143586579975768
base,replay_base_2025-11-28,2025-11-28,2026-02-26,60,XLI,0.1555193928067934
base,replay_base_2025-11-28,2025-11-28,2026-02-26,60,XLU,0.04499999999999982
base,replay_base_2025-11-28,2025-11-28,2026-05-22,120,QQQ,0.16612172071044473
base,replay_base_2025-11-28,2025-11-28,2026-05-22,120,SOXX,0.829966432874281
base,replay_base_2025-11-28,2025-11-28,2026-05-22,120,XLI,0.12306144060850455
base,replay_base_2025-11-28,2025-11-28,2026-05-22,120,XLU,0.004777777777777883
base,replay_base_2025-12-31,2025-12-31,2026-01-30,20,QQQ,-0.00024193548387085612
base,replay_base_2025-12-31,2025-12-31,2026-01-30,20,SOXX,0.11886745719330649
base,replay_base_2025-12-31,2025-12-31,2026-01-30,20,XLI,0.060243139019217185
base,replay_base_2025-12-31,2025-12-31,2026-01-30,20,XLU,0.0071576182136602355
base,replay_base_2025-12-31,2025-12-31,2026-03-30,60,QQQ,-0.10254838709677427
base,replay_base_2025-12-31,2025-12-31,2026-03-30,60,SOXX,0.0004504543908249196
base,replay_base_2025-12-31,2025-12-31,2026-03-30,60,XLI,0.003941320136255369
base,replay_base_2025-12-31,2025-12-31,2026-03-30,60,XLU,0.0695043782837127
base,replay_base_2025-12-31,2025-12-31,2026-06-25,120,QQQ,0.15234677419354836
base,replay_base_2025-12-31,2025-12-31,2026-06-25,120,SOXX,1.0216553595438274
base,replay_base_2025-12-31,2025-12-31,2026-06-25,120,XLI,0.18075216916254255
base,replay_base_2025-12-31,2025-12-31,2026-06-25,120,XLU,0.06810332749562165
base,replay_base_2025-12-31,2025-12-31,2026-01-30,20,QQQ,-0.00024193548387085612
base,replay_base_2025-12-31,2025-12-31,2026-01-30,20,SOXX,0.11886745719330649
base,replay_base_2025-12-31,2025-12-31,2026-01-30,20,XLI,0.060243139019217185
base,replay_base_2025-12-31,2025-12-31,2026-01-30,20,XLU,0.0071576182136602355
base,replay_base_2025-12-31,2025-12-31,2026-03-30,60,QQQ,-0.10254838709677427
base,replay_base_2025-12-31,2025-12-31,2026-03-30,60,SOXX,0.0004504543908249196
base,replay_base_2025-12-31,2025-12-31,2026-03-30,60,XLI,0.003941320136255369
base,replay_base_2025-12-31,2025-12-31,2026-03-30,60,XLU,0.0695043782837127
base,replay_base_2025-12-31,2025-12-31,2026-06-25,120,QQQ,0.15234677419354836
base,replay_base_2025-12-31,2025-12-31,2026-06-25,120,SOXX,1.0216553595438274
base,replay_base_2025-12-31,2025-12-31,2026-06-25,120,XLI,0.18075216916254255
base,replay_base_2025-12-31,2025-12-31,2026-06-25,120,XLU,0.06810332749562165
base,replay_base_2025-12-31,2025-12-31,2026-01-30,20,QQQ,-0.00024193548387085612
base,replay_base_2025-12-31,2025-12-31,2026-01-30,20,SOXX,0.11886745719330649
base,replay_base_2025-12-31,2025-12-31,2026-01-30,20,XLI,0.060243139019217185
base,replay_base_2025-12-31,2025-12-31,2026-01-30,20,XLU,0.0071576182136602355
base,replay_base_2025-12-31,2025-12-31,2026-03-30,60,QQQ,-0.10254838709677427
base,replay_base_2025-12-31,2025-12-31,2026-03-30,60,SOXX,0.0004504543908249196
base,replay_base_2025-12-31,2025-12-31,2026-03-30,60,XLI,0.003941320136255369
base,replay_base_2025-12-31,2025-12-31,2026-03-30,60,XLU,0.0695043782837127
base,replay_base_2025-12-31,2025-12-31,2026-06-25,120,QQQ,0.15234677419354836
base,replay_base_2025-12-31,2025-12-31,2026-06-25,120,SOXX,1.0216553595438274
base,replay_base_2025-12-31,2025-12-31,2026-06-25,120,XLI,0.18075216916254255
base,replay_base_2025-12-31,2025-12-31,2026-06-25,120,XLU,0.06810332749562165
base,replay_base_2025-12-31,2025-12-31,2026-01-30,20,QQQ,-0.00024193548387085612
base,replay_base_2025-12-31,2025-12-31,2026-01-30,20,SOXX,0.11886745719330649
base,replay_base_2025-12-31,2025-12-31,2026-01-30,20,XLI,0.060243139019217185
base,replay_base_2025-12-31,2025-12-31,2026-01-30,20,XLU,0.0071576182136602355
base,replay_base_2025-12-31,2025-12-31,2026-03-30,60,QQQ,-0.10254838709677427
base,replay_base_2025-12-31,2025-12-31,2026-03-30,60,SOXX,0.0004504543908249196
base,replay_base_2025-12-31,2025-12-31,2026-03-30,60,XLI,0.003941320136255369
base,replay_base_2025-12-31,2025-12-31,2026-03-30,60,XLU,0.0695043782837127
base,replay_base_2025-12-31,2025-12-31,2026-06-25,120,QQQ,0.15234677419354836
base,replay_base_2025-12-31,2025-12-31,2026-06-25,120,SOXX,1.0216553595438274
base,replay_base_2025-12-31,2025-12-31,2026-06-25,120,XLI,0.18075216916254255
base,replay_base_2025-12-31,2025-12-31,2026-06-25,120,XLU,0.06810332749562165
base,replay_base_2026-01-30,2026-01-30,2026-03-02,20,QQQ,-0.02022995361166346
base,replay_base_2026-01-30,2026-01-30,2026-03-02,20,SOXX,0.025484618306114707
base,replay_base_2026-01-30,2026-01-30,2026-03-02,20,XLI,0.07977594503798302
base,replay_base_2026-01-30,2026-01-30,2026-03-02,20,XLU,0.09086906823692409
base,replay_base_2026-01-30,2026-01-30,2026-04-28,60,QQQ,0.05987478381742062
base,replay_base_2026-01-30,2026-01-30,2026-04-28,60,SOXX,0.27857410383008563
base,replay_base_2026-01-30,2026-01-30,2026-04-28,60,XLI,0.03207763082231152
base,replay_base_2026-01-30,2026-01-30,2026-04-28,60,XLU,0.06489054381711112
base,replay_base_2026-01-30,2026-01-30,2026-07-24,120,QQQ,0.10309513649808466
base,replay_base_2026-01-30,2026-01-30,2026-07-24,120,SOXX,0.5367177831663207
base,replay_base_2026-01-30,2026-01-30,2026-07-24,120,XLI,0.10247501588934937
base,replay_base_2026-01-30,2026-01-30,2026-07-24,120,XLU,0.06546784435977371
base,replay_base_2026-01-30,2026-01-30,2026-03-02,20,QQQ,-0.02022995361166346
base,replay_base_2026-01-30,2026-01-30,2026-03-02,20,SOXX,0.025484618306114707
base,replay_base_2026-01-30,2026-01-30,2026-03-02,20,XLI,0.07977594503798302
base,replay_base_2026-01-30,2026-01-30,2026-03-02,20,XLU,0.09086906823692409
base,replay_base_2026-01-30,2026-01-30,2026-04-28,60,QQQ,0.05987478381742062
base,replay_base_2026-01-30,2026-01-30,2026-04-28,60,SOXX,0.27857410383008563
base,replay_base_2026-01-30,2026-01-30,2026-04-28,60,XLI,0.03207763082231152
base,replay_base_2026-01-30,2026-01-30,2026-04-28,60,XLU,0.06489054381711112
base,replay_base_2026-01-30,2026-01-30,2026-07-24,120,QQQ,0.10309513649808466
base,replay_base_2026-01-30,2026-01-30,2026-07-24,120,SOXX,0.5367177831663207
base,replay_base_2026-01-30,2026-01-30,2026-07-24,120,XLI,0.10247501588934937
base,replay_base_2026-01-30,2026-01-30,2026-07-24,120,XLU,0.06546784435977371
base,replay_base_2026-01-30,2026-01-30,2026-03-02,20,QQQ,-0.02022995361166346
base,replay_base_2026-01-30,2026-01-30,2026-03-02,20,SOXX,0.025484618306114707
base,replay_base_2026-01-30,2026-01-30,2026-03-02,20,XLI,0.07977594503798302
base,replay_base_2026-01-30,2026-01-30,2026-03-02,20,XLU,0.09086906823692409
base,replay_base_2026-01-30,2026-01-30,2026-04-28,60,QQQ,0.05987478381742062
base,replay_base_2026-01-30,2026-01-30,2026-04-28,60,SOXX,0.27857410383008563
base,replay_base_2026-01-30,2026-01-30,2026-04-28,60,XLI,0.03207763082231152
base,replay_base_2026-01-30,2026-01-30,2026-04-28,60,XLU,0.06489054381711112
base,replay_base_2026-01-30,2026-01-30,2026-07-24,120,QQQ,0.10309513649808466
base,replay_base_2026-01-30,2026-01-30,2026-07-24,120,SOXX,0.5367177831663207
base,replay_base_2026-01-30,2026-01-30,2026-07-24,120,XLI,0.10247501588934937
base,replay_base_2026-01-30,2026-01-30,2026-07-24,120,XLU,0.06546784435977371
base,replay_base_2026-01-30,2026-01-30,2026-03-02,20,QQQ,-0.02022995361166346
base,replay_base_2026-01-30,2026-01-30,2026-03-02,20,SOXX,0.025484618306114707
base,replay_base_2026-01-30,2026-01-30,2026-03-02,20,XLI,0.07977594503798302
base,replay_base_2026-01-30,2026-01-30,2026-03-02,20,XLU,0.09086906823692409
base,replay_base_2026-01-30,2026-01-30,2026-04-28,60,QQQ,0.05987478381742062
base,replay_base_2026-01-30,2026-01-30,2026-04-28,60,SOXX,0.27857410383008563
base,replay_base_2026-01-30,2026-01-30,2026-04-28,60,XLI,0.03207763082231152
base,replay_base_2026-01-30,2026-01-30,2026-04-28,60,XLU,0.06489054381711112
base,replay_base_2026-01-30,2026-01-30,2026-07-24,120,QQQ,0.10309513649808466
base,replay_base_2026-01-30,2026-01-30,2026-07-24,120,SOXX,0.5367177831663207
base,replay_base_2026-01-30,2026-01-30,2026-07-24,120,XLI,0.10247501588934937
base,replay_base_2026-01-30,2026-01-30,2026-07-24,120,XLU,0.06546784435977371
base,replay_base_2026-02-27,2026-02-27,2026-03-27,20,QQQ,-0.06377809317081318
base,replay_base_2026-02-27,2026-02-27,2026-03-27,20,SOXX,-0.061270512559303714
base,replay_base_2026-02-27,2026-02-27,2026-03-27,20,XLI,-0.1009825456194039
base,replay_base_2026-02-27,2026-02-27,2026-03-27,20,XLU,-0.04066617429837527
base,replay_base_2026-02-27,2026-02-27,2026-05-26,60,QQQ,0.2160849891467692
base,replay_base_2026-02-27,2026-02-27,2026-05-26,60,SOXX,0.6573021218383442
base,replay_base_2026-02-27,2026-02-27,2026-05-26,60,XLI,-0.01518406437719599
base,replay_base_2026-02-27,2026-02-27,2026-05-26,60,XLU,-0.04604705634100015
base,replay_base_2026-02-27,2026-02-27,2026-08-20,120,QQQ,0.1840596092836867
base,replay_base_2026-02-27,2026-02-27,2026-08-20,120,SOXX,0.5177381319672848
base,replay_base_2026-02-27,2026-02-27,2026-08-20,120,XLI,0.015644452000453394
base,replay_base_2026-02-27,2026-02-27,2026-08-20,120,XLU,-0.07938742350706895
base,replay_base_2026-02-27,2026-02-27,2026-03-27,20,QQQ,-0.06377809317081318
base,replay_base_2026-02-27,2026-02-27,2026-03-27,20,SOXX,-0.061270512559303714
base,replay_base_2026-02-27,2026-02-27,2026-03-27,20,XLI,-0.1009825456194039
base,replay_base_2026-02-27,2026-02-27,2026-03-27,20,XLU,-0.04066617429837527
base,replay_base_2026-02-27,2026-02-27,2026-05-26,60,QQQ,0.2160849891467692
base,replay_base_2026-02-27,2026-02-27,2026-05-26,60,SOXX,0.6573021218383442
base,replay_base_2026-02-27,2026-02-27,2026-05-26,60,XLI,-0.01518406437719599
base,replay_base_2026-02-27,2026-02-27,2026-05-26,60,XLU,-0.04604705634100015
base,replay_base_2026-02-27,2026-02-27,2026-08-20,120,QQQ,0.1840596092836867
base,replay_base_2026-02-27,2026-02-27,2026-08-20,120,SOXX,0.5177381319672848
base,replay_base_2026-02-27,2026-02-27,2026-08-20,120,XLI,0.015644452000453394
base,replay_base_2026-02-27,2026-02-27,2026-08-20,120,XLU,-0.07938742350706895
base,replay_base_2026-02-27,2026-02-27,2026-03-27,20,QQQ,-0.06377809317081318
base,replay_base_2026-02-27,2026-02-27,2026-03-27,20,SOXX,-0.061270512559303714
base,replay_base_2026-02-27,2026-02-27,2026-03-27,20,XLI,-0.1009825456194039
base,replay_base_2026-02-27,2026-02-27,2026-03-27,20,XLU,-0.04066617429837527
base,replay_base_2026-02-27,2026-02-27,2026-05-26,60,QQQ,0.2160849891467692
base,replay_base_2026-02-27,2026-02-27,2026-05-26,60,SOXX,0.6573021218383442
base,replay_base_2026-02-27,2026-02-27,2026-05-26,60,XLI,-0.01518406437719599
base,replay_base_2026-02-27,2026-02-27,2026-05-26,60,XLU,-0.04604705634100015
base,replay_base_2026-02-27,2026-02-27,2026-08-20,120,QQQ,0.1840596092836867
base,replay_base_2026-02-27,2026-02-27,2026-08-20,120,SOXX,0.5177381319672848
base,replay_base_2026-02-27,2026-02-27,2026-08-20,120,XLI,0.015644452000453394
base,replay_base_2026-02-27,2026-02-27,2026-08-20,120,XLU,-0.07938742350706895
base,replay_base_2026-02-27,2026-02-27,2026-03-27,20,QQQ,-0.06377809317081318
base,replay_base_2026-02-27,2026-02-27,2026-03-27,20,SOXX,-0.061270512559303714
base,replay_base_2026-02-27,2026-02-27,2026-03-27,20,XLI,-0.1009825456194039
base,replay_base_2026-02-27,2026-02-27,2026-03-27,20,XLU,-0.04066617429837527
base,replay_base_2026-02-27,2026-02-27,2026-05-26,60,QQQ,0.2160849891467692
base,replay_base_2026-02-27,2026-02-27,2026-05-26,60,SOXX,0.6573021218383442
base,replay_base_2026-02-27,2026-02-27,2026-05-26,60,XLI,-0.01518406437719599
base,replay_base_2026-02-27,2026-02-27,2026-05-26,60,XLU,-0.04604705634100015
base,replay_base_2026-02-27,2026-02-27,2026-08-20,120,QQQ,0.1840596092836867
base,replay_base_2026-02-27,2026-02-27,2026-08-20,120,SOXX,0.5177381319672848
base,replay_base_2026-02-27,2026-02-27,2026-08-20,120,XLI,0.015644452000453394
base,replay_base_2026-02-27,2026-02-27,2026-08-20,120,XLU,-0.07938742350706895
base,replay_base_2026-03-31,2026-03-31,2026-04-29,20,QQQ,0.1346713153233713
base,replay_base_2026-03-31,2026-03-31,2026-04-29,20,SOXX,0.34648574170140034
base,replay_base_2026-03-31,2026-03-31,2026-04-29,20,XLI,0.0364519542479661
base,replay_base_2026-03-31,2026-03-31,2026-04-29,20,XLU,-0.005184837229626369
base,replay_base_2026-03-31,2026-03-31,2026-06-26,60,QQQ,0.2103853799460046
base,replay_base_2026-03-31,2026-03-31,2026-06-26,60,SOXX,0.7648491109178684
base,replay_base_2026-03-31,2026-03-31,2026-06-26,60,XLI,0.10501883907272613
base,replay_base_2026-03-31,2026-03-31,2026-06-26,60,XLU,0.0059578326414681
base,replay_base_2026-03-31,2026-03-31,2026-09-22,120,QQQ,0.2822819287053119
base,replay_base_2026-03-31,2026-03-31,2026-09-22,120,SOXX,0.7142928723499956
base,replay_base_2026-03-31,2026-03-31,2026-09-22,120,XLI,0.038592757966848024
base,replay_base_2026-03-31,2026-03-31,2026-09-22,120,XLU,-0.11770395455538563
base,replay_base_2026-03-31,2026-03-31,2026-04-29,20,QQQ,0.1346713153233713
base,replay_base_2026-03-31,2026-03-31,2026-04-29,20,SOXX,0.34648574170140034
base,replay_base_2026-03-31,2026-03-31,2026-04-29,20,XLI,0.0364519542479661
base,replay_base_2026-03-31,2026-03-31,2026-04-29,20,XLU,-0.005184837229626369
base,replay_base_2026-03-31,2026-03-31,2026-06-26,60,QQQ,0.2103853799460046
base,replay_base_2026-03-31,2026-03-31,2026-06-26,60,SOXX,0.7648491109178684
base,replay_base_2026-03-31,2026-03-31,2026-06-26,60,XLI,0.10501883907272613
base,replay_base_2026-03-31,2026-03-31,2026-06-26,60,XLU,0.0059578326414681
base,replay_base_2026-03-31,2026-03-31,2026-09-22,120,QQQ,0.2822819287053119
base,replay_base_2026-03-31,2026-03-31,2026-09-22,120,SOXX,0.7142928723499956
base,replay_base_2026-03-31,2026-03-31,2026-09-22,120,XLI,0.038592757966848024
base,replay_base_2026-03-31,2026-03-31,2026-09-22,120,XLU,-0.11770395455538563
base,replay_base_2026-03-31,2026-03-31,2026-04-29,20,QQQ,0.1346713153233713
base,replay_base_2026-03-31,2026-03-31,2026-04-29,20,SOXX,0.34648574170140034
base,replay_base_2026-03-31,2026-03-31,2026-04-29,20,XLI,0.0364519542479661
base,replay_base_2026-03-31,2026-03-31,2026-04-29,20,XLU,-0.005184837229626369
base,replay_base_2026-03-31,2026-03-31,2026-06-26,60,QQQ,0.2103853799460046
base,replay_base_2026-03-31,2026-03-31,2026-06-26,60,SOXX,0.7648491109178684
base,replay_base_2026-03-31,2026-03-31,2026-06-26,60,XLI,0.10501883907272613
base,replay_base_2026-03-31,2026-03-31,2026-06-26,60,XLU,0.0059578326414681
base,replay_base_2026-03-31,2026-03-31,2026-09-22,120,QQQ,0.2822819287053119
base,replay_base_2026-03-31,2026-03-31,2026-09-22,120,SOXX,0.7142928723499956
base,replay_base_2026-03-31,2026-03-31,2026-09-22,120,XLI,0.038592757966848024
base,replay_base_2026-03-31,2026-03-31,2026-09-22,120,XLU,-0.11770395455538563
base,replay_base_2026-03-31,2026-03-31,2026-04-29,20,QQQ,0.1346713153233713
base,replay_base_2026-03-31,2026-03-31,2026-04-29,20,SOXX,0.34648574170140034
base,replay_base_2026-03-31,2026-03-31,2026-04-29,20,XLI,0.0364519542479661
base,replay_base_2026-03-31,2026-03-31,2026-04-29,20,XLU,-0.005184837229626369
base,replay_base_2026-03-31,2026-03-31,2026-06-26,60,QQQ,0.2103853799460046
base,replay_base_2026-03-31,2026-03-31,2026-06-26,60,SOXX,0.7648491109178684
base,replay_base_2026-03-31,2026-03-31,2026-06-26,60,XLI,0.10501883907272613
base,replay_base_2026-03-31,2026-03-31,2026-06-26,60,XLU,0.0059578326414681
base,replay_base_2026-03-31,2026-03-31,2026-09-22,120,QQQ,0.2822819287053119
base,replay_base_2026-03-31,2026-03-31,2026-09-22,120,SOXX,0.7142928723499956
base,replay_base_2026-03-31,2026-03-31,2026-09-22,120,XLI,0.038592757966848024
base,replay_base_2026-03-31,2026-03-31,2026-09-22,120,XLU,-0.11770395455538563
loose,replay_loose_2023-01-31,2023-01-31,2023-03-01,20,QQQ,-0.014514163439983793
loose,replay_loose_2023-01-31,2023-01-31,2023-03-01,20,SOXX,0.0067792885998619904
loose,replay_loose_2023-01-31,2023-01-31,2023-03-01,20,XLI,-0.0030986582478296195
loose,replay_loose_2023-01-31,2023-01-31,2023-03-01,20,XLU,-0.07308870146866353
loose,replay_loose_2023-01-31,2023-01-31,2023-04-27,60,QQQ,0.08513939270429993
loose,replay_loose_2023-01-31,2023-01-31,2023-04-27,60,SOXX,-0.0058327914080203965
loose,replay_loose_2023-01-31,2023-01-31,2023-04-27,60,XLI,-0.02534609313338598
loose,replay_loose_2023-01-31,2023-01-31,2023-04-27,60,XLU,0.0016531917987495674
loose,replay_loose_2023-01-31,2023-01-31,2023-07-25,120,QQQ,0.28383513348277967
loose,replay_loose_2023-01-31,2023-01-31,2023-07-25,120,SOXX,0.2769044240811903
loose,replay_loose_2023-01-31,2023-01-31,2023-07-25,120,XLI,0.07868902920284138
loose,replay_loose_2023-01-31,2023-01-31,2023-07-25,120,XLU,-0.008234840773593152
loose,replay_loose_2023-01-31,2023-01-31,2023-03-01,20,QQQ,-0.014514163439983793
loose,replay_loose_2023-01-31,2023-01-31,2023-03-01,20,SOXX,0.0067792885998619904
loose,replay_loose_2023-01-31,2023-01-31,2023-03-01,20,XLI,-0.0030986582478296195
loose,replay_loose_2023-01-31,2023-01-31,2023-03-01,20,XLU,-0.07308870146866353
loose,replay_loose_2023-01-31,2023-01-31,2023-04-27,60,QQQ,0.08513939270429993
loose,replay_loose_2023-01-31,2023-01-31,2023-04-27,60,SOXX,-0.0058327914080203965
loose,replay_loose_2023-01-31,2023-01-31,2023-04-27,60,XLI,-0.02534609313338598
loose,replay_loose_2023-01-31,2023-01-31,2023-04-27,60,XLU,0.0016531917987495674
loose,replay_loose_2023-01-31,2023-01-31,2023-07-25,120,QQQ,0.28383513348277967
loose,replay_loose_2023-01-31,2023-01-31,2023-07-25,120,SOXX,0.2769044240811903
loose,replay_loose_2023-01-31,2023-01-31,2023-07-25,120,XLI,0.07868902920284138
loose,replay_loose_2023-01-31,2023-01-31,2023-07-25,120,XLU,-0.008234840773593152
loose,replay_loose_2023-01-31,2023-01-31,2023-03-01,20,QQQ,-0.014514163439983793
loose,replay_loose_2023-01-31,2023-01-31,2023-03-01,20,SOXX,0.0067792885998619904
loose,replay_loose_2023-01-31,2023-01-31,2023-03-01,20,XLI,-0.0030986582478296195
loose,replay_loose_2023-01-31,2023-01-31,2023-03-01,20,XLU,-0.07308870146866353
loose,replay_loose_2023-01-31,2023-01-31,2023-04-27,60,QQQ,0.08513939270429993
loose,replay_loose_2023-01-31,2023-01-31,2023-04-27,60,SOXX,-0.0058327914080203965
loose,replay_loose_2023-01-31,2023-01-31,2023-04-27,60,XLI,-0.02534609313338598
loose,replay_loose_2023-01-31,2023-01-31,2023-04-27,60,XLU,0.0016531917987495674
loose,replay_loose_2023-01-31,2023-01-31,2023-07-25,120,QQQ,0.28383513348277967
loose,replay_loose_2023-01-31,2023-01-31,2023-07-25,120,SOXX,0.2769044240811903
loose,replay_loose_2023-01-31,2023-01-31,2023-07-25,120,XLI,0.07868902920284138
loose,replay_loose_2023-01-31,2023-01-31,2023-07-25,120,XLU,-0.008234840773593152
loose,replay_loose_2023-01-31,2023-01-31,2023-03-01,20,QQQ,-0.014514163439983793
loose,replay_loose_2023-01-31,2023-01-31,2023-03-01,20,SOXX,0.0067792885998619904
loose,replay_loose_2023-01-31,2023-01-31,2023-03-01,20,XLI,-0.0030986582478296195
loose,replay_loose_2023-01-31,2023-01-31,2023-03-01,20,XLU,-0.07308870146866353
loose,replay_loose_2023-01-31,2023-01-31,2023-04-27,60,QQQ,0.08513939270429993
loose,replay_loose_2023-01-31,2023-01-31,2023-04-27,60,SOXX,-0.0058327914080203965
loose,replay_loose_2023-01-31,2023-01-31,2023-04-27,60,XLI,-0.02534609313338598
loose,replay_loose_2023-01-31,2023-01-31,2023-04-27,60,XLU,0.0016531917987495674
loose,replay_loose_2023-01-31,2023-01-31,2023-07-25,120,QQQ,0.28383513348277967
loose,replay_loose_2023-01-31,2023-01-31,2023-07-25,120,SOXX,0.2769044240811903
loose,replay_loose_2023-01-31,2023-01-31,2023-07-25,120,XLI,0.07868902920284138
loose,replay_loose_2023-01-31,2023-01-31,2023-07-25,120,XLU,-0.008234840773593152
loose,replay_loose_2023-02-28,2023-02-28,2023-03-28,20,QQQ,0.04504476898928533
loose,replay_loose_2023-02-28,2023-02-28,2023-03-28,20,SOXX,0.01628707983447464
loose,replay_loose_2023-02-28,2023-02-28,2023-03-28,20,XLI,-0.02985162249194939
loose,replay_loose_2023-02-28,2023-02-28,2023-03-28,20,XLU,0.017180932498260252
loose,replay_loose_2023-02-28,2023-02-28,2023-05-24,60,QQQ,0.12833829249982942
loose,replay_loose_2023-02-28,2023-02-28,2023-05-24,60,SOXX,0.040026885753696395
loose,replay_loose_2023-02-28,2023-02-28,2023-05-24,60,XLI,-0.039115927669061135
loose,replay_loose_2023-02-28,2023-02-28,2023-05-24,60,XLU,0.009603417613856084
loose,replay_loose_2023-02-28,2023-02-28,2023-08-21,120,QQQ,0.2392029618508157
loose,replay_loose_2023-02-28,2023-02-28,2023-08-21,120,SOXX,0.1935733368826077
loose,replay_loose_2023-02-28,2023-02-28,2023-08-21,120,XLI,0.04807753282140215
loose,replay_loose_2023-02-28,2023-02-28,2023-08-21,120,XLU,-0.027510941003634267
loose,replay_loose_2023-02-28,2023-02-28,2023-03-28,20,QQQ,0.04504476898928533
loose,replay_loose_2023-02-28,2023-02-28,2023-03-28,20,SOXX,0.01628707983447464
loose,replay_loose_2023-02-28,2023-02-28,2023-03-28,20,XLI,-0.02985162249194939
loose,replay_loose_2023-02-28,2023-02-28,2023-03-28,20,XLU,0.017180932498260252
loose,replay_loose_2023-02-28,2023-02-28,2023-05-24,60,QQQ,0.12833829249982942
loose,replay_loose_2023-02-28,2023-02-28,2023-05-24,60,SOXX,0.040026885753696395
loose,replay_loose_2023-02-28,2023-02-28,2023-05-24,60,XLI,-0.039115927669061135
loose,replay_loose_2023-02-28,2023-02-28,2023-05-24,60,XLU,0.009603417613856084
loose,replay_loose_2023-02-28,2023-02-28,2023-08-21,120,QQQ,0.2392029618508157
loose,replay_loose_2023-02-28,2023-02-28,2023-08-21,120,SOXX,0.1935733368826077
loose,replay_loose_2023-02-28,2023-02-28,2023-08-21,120,XLI,0.04807753282140215
loose,replay_loose_2023-02-28,2023-02-28,2023-08-21,120,XLU,-0.027510941003634267
loose,replay_loose_2023-02-28,2023-02-28,2023-03-28,20,QQQ,0.04504476898928533
loose,replay_loose_2023-02-28,2023-02-28,2023-03-28,20,SOXX,0.01628707983447464
loose,replay_loose_2023-02-28,2023-02-28,2023-03-28,20,XLI,-0.02985162249194939
loose,replay_loose_2023-02-28,2023-02-28,2023-03-28,20,XLU,0.017180932498260252
loose,replay_loose_2023-02-28,2023-02-28,2023-05-24,60,QQQ,0.12833829249982942
loose,replay_loose_2023-02-28,2023-02-28,2023-05-24,60,SOXX,0.040026885753696395
loose,replay_loose_2023-02-28,2023-02-28,2023-05-24,60,XLI,-0.039115927669061135
loose,replay_loose_2023-02-28,2023-02-28,2023-05-24,60,XLU,0.009603417613856084
loose,replay_loose_2023-02-28,2023-02-28,2023-08-21,120,QQQ,0.2392029618508157
loose,replay_loose_2023-02-28,2023-02-28,2023-08-21,120,SOXX,0.1935733368826077
loose,replay_loose_2023-02-28,2023-02-28,2023-08-21,120,XLI,0.04807753282140215
loose,replay_loose_2023-02-28,2023-02-28,2023-08-21,120,XLU,-0.027510941003634267
loose,replay_loose_2023-02-28,2023-02-28,2023-03-28,20,QQQ,0.04504476898928533
loose,replay_loose_2023-02-28,2023-02-28,2023-03-28,20,SOXX,0.01628707983447464
loose,replay_loose_2023-02-28,2023-02-28,2023-03-28,20,XLI,-0.02985162249194939
loose,replay_loose_2023-02-28,2023-02-28,2023-03-28,20,XLU,0.017180932498260252
loose,replay_loose_2023-02-28,2023-02-28,2023-05-24,60,QQQ,0.12833829249982942
loose,replay_loose_2023-02-28,2023-02-28,2023-05-24,60,SOXX,0.040026885753696395
loose,replay_loose_2023-02-28,2023-02-28,2023-05-24,60,XLI,-0.039115927669061135
loose,replay_loose_2023-02-28,2023-02-28,2023-05-24,60,XLU,0.009603417613856084
loose,replay_loose_2023-02-28,2023-02-28,2023-08-21,120,QQQ,0.2392029618508157
loose,replay_loose_2023-02-28,2023-02-28,2023-08-21,120,SOXX,0.1935733368826077
loose,replay_loose_2023-02-28,2023-02-28,2023-08-21,120,XLI,0.04807753282140215
loose,replay_loose_2023-02-28,2023-02-28,2023-08-21,120,XLU,-0.027510941003634267
loose,replay_loose_2023-03-31,2023-03-31,2023-05-01,20,QQQ,0.00783921568627444
loose,replay_loose_2023-03-31,2023-03-31,2023-05-01,20,SOXX,-0.061614524633942014
loose,replay_loose_2023-03-31,2023-03-31,2023-05-01,20,XLI,-0.007456769337427002
loose,replay_loose_2023-03-31,2023-03-31,2023-05-01,20,XLU,0.025120815354858
loose,replay_loose_2023-03-31,2023-03-31,2023-06-28,60,QQQ,0.14068627450980398
loose,replay_loose_2023-03-31,2023-03-31,2023-06-28,60,SOXX,0.12515986602394358
loose,replay_loose_2023-03-31,2023-03-31,2023-06-28,60,XLI,0.040874418144003166
loose,replay_loose_2023-03-31,2023-03-31,2023-06-28,60,XLU,-0.040345633090313804
loose,replay_loose_2023-03-31,2023-03-31,2023-09-22,120,QQQ,0.11990196078431381
loose,replay_loose_2023-03-31,2023-03-31,2023-09-22,120,SOXX,0.05169934596148196
loose,replay_loose_2023-03-31,2023-03-31,2023-09-22,120,XLI,0.0054183420818064735
loose,replay_loose_2023-03-31,2023-03-31,2023-09-22,120,XLU,-0.06117586668650499
loose,replay_loose_2023-03-31,2023-03-31,2023-05-01,20,QQQ,0.00783921568627444
loose,replay_loose_2023-03-31,2023-03-31,2023-05-01,20,SOXX,-0.061614524633942014
loose,replay_loose_2023-03-31,2023-03-31,2023-05-01,20,XLI,-0.007456769337427002
loose,replay_loose_2023-03-31,2023-03-31,2023-05-01,20,XLU,0.025120815354858
loose,replay_loose_2023-03-31,2023-03-31,2023-06-28,60,QQQ,0.14068627450980398
loose,replay_loose_2023-03-31,2023-03-31,2023-06-28,60,SOXX,0.12515986602394358
loose,replay_loose_2023-03-31,2023-03-31,2023-06-28,60,XLI,0.040874418144003166
loose,replay_loose_2023-03-31,2023-03-31,2023-06-28,60,XLU,-0.040345633090313804
loose,replay_loose_2023-03-31,2023-03-31,2023-09-22,120,QQQ,0.11990196078431381
loose,replay_loose_2023-03-31,2023-03-31,2023-09-22,120,SOXX,0.05169934596148196
loose,replay_loose_2023-03-31,2023-03-31,2023-09-22,120,XLI,0.0054183420818064735
loose,replay_loose_2023-03-31,2023-03-31,2023-09-22,120,XLU,-0.06117586668650499
loose,replay_loose_2023-03-31,2023-03-31,2023-05-01,20,QQQ,0.00783921568627444
loose,replay_loose_2023-03-31,2023-03-31,2023-05-01,20,SOXX,-0.061614524633942014
loose,replay_loose_2023-03-31,2023-03-31,2023-05-01,20,XLI,-0.007456769337427002
loose,replay_loose_2023-03-31,2023-03-31,2023-05-01,20,XLU,0.025120815354858
loose,replay_loose_2023-03-31,2023-03-31,2023-06-28,60,QQQ,0.14068627450980398
loose,replay_loose_2023-03-31,2023-03-31,2023-06-28,60,SOXX,0.12515986602394358
loose,replay_loose_2023-03-31,2023-03-31,2023-06-28,60,XLI,0.040874418144003166
loose,replay_loose_2023-03-31,2023-03-31,2023-06-28,60,XLU,-0.040345633090313804
loose,replay_loose_2023-03-31,2023-03-31,2023-09-22,120,QQQ,0.11990196078431381
loose,replay_loose_2023-03-31,2023-03-31,2023-09-22,120,SOXX,0.05169934596148196
loose,replay_loose_2023-03-31,2023-03-31,2023-09-22,120,XLI,0.0054183420818064735
loose,replay_loose_2023-03-31,2023-03-31,2023-09-22,120,XLU,-0.06117586668650499
loose,replay_loose_2023-03-31,2023-03-31,2023-05-01,20,QQQ,0.00783921568627444
loose,replay_loose_2023-03-31,2023-03-31,2023-05-01,20,SOXX,-0.061614524633942014
loose,replay_loose_2023-03-31,2023-03-31,2023-05-01,20,XLI,-0.007456769337427002
loose,replay_loose_2023-03-31,2023-03-31,2023-05-01,20,XLU,0.025120815354858
loose,replay_loose_2023-03-31,2023-03-31,2023-06-28,60,QQQ,0.14068627450980398
loose,replay_loose_2023-03-31,2023-03-31,2023-06-28,60,SOXX,0.12515986602394358
loose,replay_loose_2023-03-31,2023-03-31,2023-06-28,60,XLI,0.040874418144003166
loose,replay_loose_2023-03-31,2023-03-31,2023-06-28,60,XLU,-0.040345633090313804
loose,replay_loose_2023-03-31,2023-03-31,2023-09-22,120,QQQ,0.11990196078431381
loose,replay_loose_2023-03-31,2023-03-31,2023-09-22,120,SOXX,0.05169934596148196
loose,replay_loose_2023-03-31,2023-03-31,2023-09-22,120,XLI,0.0054183420818064735
loose,replay_loose_2023-03-31,2023-03-31,2023-09-22,120,XLU,-0.06117586668650499
loose,replay_loose_2023-04-28,2023-04-28,2023-05-26,20,QQQ,0.0787473377006428
loose,replay_loose_2023-04-28,2023-04-28,2023-05-26,20,SOXX,0.17915954505391019
loose,replay_loose_2023-04-28,2023-04-28,2023-05-26,20,XLI,-0.019747487876818456
loose,replay_loose_2023-04-28,2023-04-28,2023-05-26,20,XLU,-0.06501888162672476
loose,replay_loose_2023-04-28,2023-04-28,2023-07-26,60,QQQ,0.16915685056971663
loose,replay_loose_2023-04-28,2023-04-28,2023-07-26,60,SOXX,0.23293687743742686
loose,replay_loose_2023-04-28,2023-04-28,2023-07-26,60,XLI,0.10088441733739939
loose,replay_loose_2023-04-28,2023-04-28,2023-07-26,60,XLU,-0.009681190994916374
loose,replay_loose_2023-04-28,2023-04-28,2023-10-19,120,QQQ,0.11463792728740418
loose,replay_loose_2023-04-28,2023-04-28,2023-10-19,120,SOXX,0.11794466512925139
loose,replay_loose_2023-04-28,2023-04-28,2023-10-19,120,XLI,-0.0058495725641153325
loose,replay_loose_2023-04-28,2023-04-28,2023-10-19,120,XLU,-0.15114814814814814
loose,replay_loose_2023-04-28,2023-04-28,2023-05-26,20,QQQ,0.0787473377006428
loose,replay_loose_2023-04-28,2023-04-28,2023-05-26,20,SOXX,0.17915954505391019
loose,replay_loose_2023-04-28,2023-04-28,2023-05-26,20,XLI,-0.019747487876818456
loose,replay_loose_2023-04-28,2023-04-28,2023-05-26,20,XLU,-0.06501888162672476
loose,replay_loose_2023-04-28,2023-04-28,2023-07-26,60,QQQ,0.16915685056971663
loose,replay_loose_2023-04-28,2023-04-28,2023-07-26,60,SOXX,0.23293687743742686
loose,replay_loose_2023-04-28,2023-04-28,2023-07-26,60,XLI,0.10088441733739939
loose,replay_loose_2023-04-28,2023-04-28,2023-07-26,60,XLU,-0.009681190994916374
loose,replay_loose_2023-04-28,2023-04-28,2023-10-19,120,QQQ,0.11463792728740418
loose,replay_loose_2023-04-28,2023-04-28,2023-10-19,120,SOXX,0.11794466512925139
loose,replay_loose_2023-04-28,2023-04-28,2023-10-19,120,XLI,-0.0058495725641153325
loose,replay_loose_2023-04-28,2023-04-28,2023-10-19,120,XLU,-0.15114814814814814
loose,replay_loose_2023-04-28,2023-04-28,2023-05-26,20,QQQ,0.0787473377006428
loose,replay_loose_2023-04-28,2023-04-28,2023-05-26,20,SOXX,0.17915954505391019
loose,replay_loose_2023-04-28,2023-04-28,2023-05-26,20,XLI,-0.019747487876818456
loose,replay_loose_2023-04-28,2023-04-28,2023-05-26,20,XLU,-0.06501888162672476
loose,replay_loose_2023-04-28,2023-04-28,2023-07-26,60,QQQ,0.16915685056971663
loose,replay_loose_2023-04-28,2023-04-28,2023-07-26,60,SOXX,0.23293687743742686
loose,replay_loose_2023-04-28,2023-04-28,2023-07-26,60,XLI,0.10088441733739939
loose,replay_loose_2023-04-28,2023-04-28,2023-07-26,60,XLU,-0.009681190994916374
loose,replay_loose_2023-04-28,2023-04-28,2023-10-19,120,QQQ,0.11463792728740418
loose,replay_loose_2023-04-28,2023-04-28,2023-10-19,120,SOXX,0.11794466512925139
loose,replay_loose_2023-04-28,2023-04-28,2023-10-19,120,XLI,-0.0058495725641153325
loose,replay_loose_2023-04-28,2023-04-28,2023-10-19,120,XLU,-0.15114814814814814
loose,replay_loose_2023-04-28,2023-04-28,2023-05-26,20,QQQ,0.0787473377006428
loose,replay_loose_2023-04-28,2023-04-28,2023-05-26,20,SOXX,0.17915954505391019
loose,replay_loose_2023-04-28,2023-04-28,2023-05-26,20,XLI,-0.019747487876818456
loose,replay_loose_2023-04-28,2023-04-28,2023-05-26,20,XLU,-0.06501888162672476
loose,replay_loose_2023-04-28,2023-04-28,2023-07-26,60,QQQ,0.16915685056971663
loose,replay_loose_2023-04-28,2023-04-28,2023-07-26,60,SOXX,0.23293687743742686
loose,replay_loose_2023-04-28,2023-04-28,2023-07-26,60,XLI,0.10088441733739939
loose,replay_loose_2023-04-28,2023-04-28,2023-07-26,60,XLU,-0.009681190994916374
loose,replay_loose_2023-04-28,2023-04-28,2023-10-19,120,QQQ,0.11463792728740418
loose,replay_loose_2023-04-28,2023-04-28,2023-10-19,120,SOXX,0.11794466512925139
loose,replay_loose_2023-04-28,2023-04-28,2023-10-19,120,XLI,-0.0058495725641153325
loose,replay_loose_2023-04-28,2023-04-28,2023-10-19,120,XLU,-0.15114814814814814
loose,replay_loose_2023-05-31,2023-05-31,2023-06-29,20,QQQ,0.04332904839962037
loose,replay_loose_2023-05-31,2023-05-31,2023-06-29,20,SOXX,0.03976480400333593
loose,replay_loose_2023-05-31,2023-05-31,2023-06-29,20,XLI,0.09160849881675082
loose,replay_loose_2023-05-31,2023-05-31,2023-06-29,20,XLU,-0.00822755227552285
loose,replay_loose_2023-05-31,2023-05-31,2023-08-25,60,QQQ,0.044134270842320134
loose,replay_loose_2023-05-31,2023-05-31,2023-08-25,60,SOXX,0.009406171809841383
loose,replay_loose_2023-05-31,2023-05-31,2023-08-25,60,XLI,0.09310042185410017
loose,replay_loose_2023-05-31,2023-05-31,2023-08-25,60,XLU,-0.024832718327183364
loose,replay_loose_2023-05-31,2023-05-31,2023-11-20,120,QQQ,0.12074543467632914
loose,replay_loose_2023-05-31,2023-05-31,2023-11-20,120,SOXX,0.08759633027522906
loose,replay_loose_2023-05-31,2023-05-31,2023-11-20,120,XLI,0.08692694721679184
loose,replay_loose_2023-05-31,2023-05-31,2023-11-20,120,XLU,-0.048049200492005006
loose,replay_loose_2023-05-31,2023-05-31,2023-06-29,20,QQQ,0.04332904839962037
loose,replay_loose_2023-05-31,2023-05-31,2023-06-29,20,SOXX,0.03976480400333593
loose,replay_loose_2023-05-31,2023-05-31,2023-06-29,20,XLI,0.09160849881675082
loose,replay_loose_2023-05-31,2023-05-31,2023-06-29,20,XLU,-0.00822755227552285
loose,replay_loose_2023-05-31,2023-05-31,2023-08-25,60,QQQ,0.044134270842320134
loose,replay_loose_2023-05-31,2023-05-31,2023-08-25,60,SOXX,0.009406171809841383
loose,replay_loose_2023-05-31,2023-05-31,2023-08-25,60,XLI,0.09310042185410017
loose,replay_loose_2023-05-31,2023-05-31,2023-08-25,60,XLU,-0.024832718327183364
loose,replay_loose_2023-05-31,2023-05-31,2023-11-20,120,QQQ,0.12074543467632914
loose,replay_loose_2023-05-31,2023-05-31,2023-11-20,120,SOXX,0.08759633027522906
loose,replay_loose_2023-05-31,2023-05-31,2023-11-20,120,XLI,0.08692694721679184
loose,replay_loose_2023-05-31,2023-05-31,2023-11-20,120,XLU,-0.048049200492005006
loose,replay_loose_2023-05-31,2023-05-31,2023-06-29,20,QQQ,0.04332904839962037
loose,replay_loose_2023-05-31,2023-05-31,2023-06-29,20,SOXX,0.03976480400333593
loose,replay_loose_2023-05-31,2023-05-31,2023-06-29,20,XLI,0.09160849881675082
loose,replay_loose_2023-05-31,2023-05-31,2023-06-29,20,XLU,-0.00822755227552285
loose,replay_loose_2023-05-31,2023-05-31,2023-08-25,60,QQQ,0.044134270842320134
loose,replay_loose_2023-05-31,2023-05-31,2023-08-25,60,SOXX,0.009406171809841383
loose,replay_loose_2023-05-31,2023-05-31,2023-08-25,60,XLI,0.09310042185410017
loose,replay_loose_2023-05-31,2023-05-31,2023-08-25,60,XLU,-0.024832718327183364
loose,replay_loose_2023-05-31,2023-05-31,2023-11-20,120,QQQ,0.12074543467632914
loose,replay_loose_2023-05-31,2023-05-31,2023-11-20,120,SOXX,0.08759633027522906
loose,replay_loose_2023-05-31,2023-05-31,2023-11-20,120,XLI,0.08692694721679184
loose,replay_loose_2023-05-31,2023-05-31,2023-11-20,120,XLU,-0.048049200492005006
loose,replay_loose_2023-05-31,2023-05-31,2023-06-29,20,QQQ,0.04332904839962037
loose,replay_loose_2023-05-31,2023-05-31,2023-06-29,20,SOXX,0.03976480400333593
loose,replay_loose_2023-05-31,2023-05-31,2023-06-29,20,XLI,0.09160849881675082
loose,replay_loose_2023-05-31,2023-05-31,2023-06-29,20,XLU,-0.00822755227552285
loose,replay_loose_2023-05-31,2023-05-31,2023-08-25,60,QQQ,0.044134270842320134
loose,replay_loose_2023-05-31,2023-05-31,2023-08-25,60,SOXX,0.009406171809841383
loose,replay_loose_2023-05-31,2023-05-31,2023-08-25,60,XLI,0.09310042185410017
loose,replay_loose_2023-05-31,2023-05-31,2023-08-25,60,XLU,-0.024832718327183364
loose,replay_loose_2023-05-31,2023-05-31,2023-11-20,120,QQQ,0.12074543467632914
loose,replay_loose_2023-05-31,2023-05-31,2023-11-20,120,SOXX,0.08759633027522906
loose,replay_loose_2023-05-31,2023-05-31,2023-11-20,120,XLI,0.08692694721679184
loose,replay_loose_2023-05-31,2023-05-31,2023-11-20,120,XLU,-0.048049200492005006
loose,replay_loose_2023-06-30,2023-06-30,2023-07-31,20,QQQ,0.03438039894048328
loose,replay_loose_2023-06-30,2023-06-30,2023-07-31,20,SOXX,0.045651616002195916
loose,replay_loose_2023-06-30,2023-06-30,2023-07-31,20,XLI,0.030557989328840244
loose,replay_loose_2023-06-30,2023-06-30,2023-07-31,20,XLU,0.026150046026388266
loose,replay_loose_2023-06-30,2023-06-30,2023-09-26,60,QQQ,-0.04556986864154822
loose,replay_loose_2023-06-30,2023-06-30,2023-09-26,60,SOXX,-0.10195991608748067
loose,replay_loose_2023-06-30,2023-06-30,2023-09-26,60,XLI,-0.060287278854254445
loose,replay_loose_2023-06-30,2023-06-30,2023-09-26,60,XLU,-0.06268088370665859
loose,replay_loose_2023-06-30,2023-06-30,2023-12-20,120,QQQ,0.08641023839126427
loose,replay_loose_2023-06-30,2023-06-30,2023-12-20,120,SOXX,0.08098113928890027
loose,replay_loose_2023-06-30,2023-06-30,2023-12-20,120,XLI,0.0398718524758962
loose,replay_loose_2023-06-30,2023-06-30,2023-12-20,120,XLU,-0.04710862227677215
loose,replay_loose_2023-06-30,2023-06-30,2023-07-31,20,QQQ,0.03438039894048328
loose,replay_loose_2023-06-30,2023-06-30,2023-07-31,20,SOXX,0.045651616002195916
loose,replay_loose_2023-06-30,2023-06-30,2023-07-31,20,XLI,0.030557989328840244
loose,replay_loose_2023-06-30,2023-06-30,2023-07-31,20,XLU,0.026150046026388266
loose,replay_loose_2023-06-30,2023-06-30,2023-09-26,60,QQQ,-0.04556986864154822
loose,replay_loose_2023-06-30,2023-06-30,2023-09-26,60,SOXX,-0.10195991608748067
loose,replay_loose_2023-06-30,2023-06-30,2023-09-26,60,XLI,-0.060287278854254445
loose,replay_loose_2023-06-30,2023-06-30,2023-09-26,60,XLU,-0.06268088370665859
loose,replay_loose_2023-06-30,2023-06-30,2023-12-20,120,QQQ,0.08641023839126427
loose,replay_loose_2023-06-30,2023-06-30,2023-12-20,120,SOXX,0.08098113928890027
loose,replay_loose_2023-06-30,2023-06-30,2023-12-20,120,XLI,0.0398718524758962
loose,replay_loose_2023-06-30,2023-06-30,2023-12-20,120,XLU,-0.04710862227677215
loose,replay_loose_2023-06-30,2023-06-30,2023-07-31,20,QQQ,0.03438039894048328
loose,replay_loose_2023-06-30,2023-06-30,2023-07-31,20,SOXX,0.045651616002195916
loose,replay_loose_2023-06-30,2023-06-30,2023-07-31,20,XLI,0.030557989328840244
loose,replay_loose_2023-06-30,2023-06-30,2023-07-31,20,XLU,0.026150046026388266
loose,replay_loose_2023-06-30,2023-06-30,2023-09-26,60,QQQ,-0.04556986864154822
loose,replay_loose_2023-06-30,2023-06-30,2023-09-26,60,SOXX,-0.10195991608748067
loose,replay_loose_2023-06-30,2023-06-30,2023-09-26,60,XLI,-0.060287278854254445
loose,replay_loose_2023-06-30,2023-06-30,2023-09-26,60,XLU,-0.06268088370665859
loose,replay_loose_2023-06-30,2023-06-30,2023-12-20,120,QQQ,0.08641023839126427
loose,replay_loose_2023-06-30,2023-06-30,2023-12-20,120,SOXX,0.08098113928890027
loose,replay_loose_2023-06-30,2023-06-30,2023-12-20,120,XLI,0.0398718524758962
loose,replay_loose_2023-06-30,2023-06-30,2023-12-20,120,XLU,-0.04710862227677215
loose,replay_loose_2023-06-30,2023-06-30,2023-07-31,20,QQQ,0.03438039894048328
loose,replay_loose_2023-06-30,2023-06-30,2023-07-31,20,SOXX,0.045651616002195916
loose,replay_loose_2023-06-30,2023-06-30,2023-07-31,20,XLI,0.030557989328840244
loose,replay_loose_2023-06-30,2023-06-30,2023-07-31,20,XLU,0.026150046026388266
loose,replay_loose_2023-06-30,2023-06-30,2023-09-26,60,QQQ,-0.04556986864154822
loose,replay_loose_2023-06-30,2023-06-30,2023-09-26,60,SOXX,-0.10195991608748067
loose,replay_loose_2023-06-30,2023-06-30,2023-09-26,60,XLI,-0.060287278854254445
loose,replay_loose_2023-06-30,2023-06-30,2023-09-26,60,XLU,-0.06268088370665859
loose,replay_loose_2023-06-30,2023-06-30,2023-12-20,120,QQQ,0.08641023839126427
loose,replay_loose_2023-06-30,2023-06-30,2023-12-20,120,SOXX,0.08098113928890027
loose,replay_loose_2023-06-30,2023-06-30,2023-12-20,120,XLI,0.0398718524758962
loose,replay_loose_2023-06-30,2023-06-30,2023-12-20,120,XLU,-0.04710862227677215
loose,replay_loose_2023-07-31,2023-07-31,2023-08-28,20,QQQ,-0.04364338956453517
loose,replay_loose_2023-07-31,2023-07-31,2023-08-28,20,SOXX,-0.07582084150203594
loose,replay_loose_2023-07-31,2023-07-31,2023-08-28,20,XLI,-0.02796142325496964
loose,replay_loose_2023-07-31,2023-07-31,2023-08-28,20,XLU,-0.0547369912032204
loose,replay_loose_2023-07-31,2023-07-31,2023-10-24,60,QQQ,-0.06383431411010865
loose,replay_loose_2023-07-31,2023-07-31,2023-10-24,60,SOXX,-0.13403227265872408
loose,replay_loose_2023-07-31,2023-07-31,2023-10-24,60,XLI,-0.10484260688027591
loose,replay_loose_2023-07-31,2023-07-31,2023-10-24,60,XLU,-0.12287475771581924
loose,replay_loose_2023-07-31,2023-07-31,2024-01-22,120,QQQ,0.10004694651497303
loose,replay_loose_2023-07-31,2023-07-31,2024-01-22,120,SOXX,0.13504478962449118
loose,replay_loose_2023-07-31,2023-07-31,2024-01-22,120,XLI,0.02531986929291097
loose,replay_loose_2023-07-31,2023-07-31,2024-01-22,120,XLU,-0.09857179066646782
loose,replay_loose_2023-07-31,2023-07-31,2023-08-28,20,QQQ,-0.04364338956453517
loose,replay_loose_2023-07-31,2023-07-31,2023-08-28,20,SOXX,-0.07582084150203594
loose,replay_loose_2023-07-31,2023-07-31,2023-08-28,20,XLI,-0.02796142325496964
loose,replay_loose_2023-07-31,2023-07-31,2023-08-28,20,XLU,-0.0547369912032204
loose,replay_loose_2023-07-31,2023-07-31,2023-10-24,60,QQQ,-0.06383431411010865
loose,replay_loose_2023-07-31,2023-07-31,2023-10-24,60,SOXX,-0.13403227265872408
loose,replay_loose_2023-07-31,2023-07-31,2023-10-24,60,XLI,-0.10484260688027591
loose,replay_loose_2023-07-31,2023-07-31,2023-10-24,60,XLU,-0.12287475771581924
loose,replay_loose_2023-07-31,2023-07-31,2024-01-22,120,QQQ,0.10004694651497303
loose,replay_loose_2023-07-31,2023-07-31,2024-01-22,120,SOXX,0.13504478962449118
loose,replay_loose_2023-07-31,2023-07-31,2024-01-22,120,XLI,0.02531986929291097
loose,replay_loose_2023-07-31,2023-07-31,2024-01-22,120,XLU,-0.09857179066646782
loose,replay_loose_2023-07-31,2023-07-31,2023-08-28,20,QQQ,-0.04364338956453517
loose,replay_loose_2023-07-31,2023-07-31,2023-08-28,20,SOXX,-0.07582084150203594
loose,replay_loose_2023-07-31,2023-07-31,2023-08-28,20,XLI,-0.02796142325496964
loose,replay_loose_2023-07-31,2023-07-31,2023-08-28,20,XLU,-0.0547369912032204
loose,replay_loose_2023-07-31,2023-07-31,2023-10-24,60,QQQ,-0.06383431411010865
loose,replay_loose_2023-07-31,2023-07-31,2023-10-24,60,SOXX,-0.13403227265872408
loose,replay_loose_2023-07-31,2023-07-31,2023-10-24,60,XLI,-0.10484260688027591
loose,replay_loose_2023-07-31,2023-07-31,2023-10-24,60,XLU,-0.12287475771581924
loose,replay_loose_2023-07-31,2023-07-31,2024-01-22,120,QQQ,0.10004694651497303
loose,replay_loose_2023-07-31,2023-07-31,2024-01-22,120,SOXX,0.13504478962449118
loose,replay_loose_2023-07-31,2023-07-31,2024-01-22,120,XLI,0.02531986929291097
loose,replay_loose_2023-07-31,2023-07-31,2024-01-22,120,XLU,-0.09857179066646782
loose,replay_loose_2023-07-31,2023-07-31,2023-08-28,20,QQQ,-0.04364338956453517
loose,replay_loose_2023-07-31,2023-07-31,2023-08-28,20,SOXX,-0.07582084150203594
loose,replay_loose_2023-07-31,2023-07-31,2023-08-28,20,XLI,-0.02796142325496964
loose,replay_loose_2023-07-31,2023-07-31,2023-08-28,20,XLU,-0.0547369912032204
loose,replay_loose_2023-07-31,2023-07-31,2023-10-24,60,QQQ,-0.06383431411010865
loose,replay_loose_2023-07-31,2023-07-31,2023-10-24,60,SOXX,-0.13403227265872408
loose,replay_loose_2023-07-31,2023-07-31,2023-10-24,60,XLI,-0.10484260688027591
loose,replay_loose_2023-07-31,2023-07-31,2023-10-24,60,XLU,-0.12287475771581924
loose,replay_loose_2023-07-31,2023-07-31,2024-01-22,120,QQQ,0.10004694651497303
loose,replay_loose_2023-07-31,2023-07-31,2024-01-22,120,SOXX,0.13504478962449118
loose,replay_loose_2023-07-31,2023-07-31,2024-01-22,120,XLI,0.02531986929291097
loose,replay_loose_2023-07-31,2023-07-31,2024-01-22,120,XLU,-0.09857179066646782
loose,replay_loose_2023-08-31,2023-08-31,2023-09-29,20,QQQ,-0.06090967877608966
loose,replay_loose_2023-08-31,2023-08-31,2023-09-29,20,SOXX,-0.08031226527077762
loose,replay_loose_2023-08-31,2023-08-31,2023-09-29,20,XLI,-0.0724087403598972
loose,replay_loose_2023-08-31,2023-08-31,2023-09-29,20,XLU,-0.0722350201310491
loose,replay_loose_2023-08-31,2023-08-31,2023-11-27,60,QQQ,0.019895746806161466
loose,replay_loose_2023-08-31,2023-08-31,2023-11-27,60,SOXX,-0.0010735176788806396
loose,replay_loose_2023-08-31,2023-08-31,2023-11-27,60,XLI,-0.03192030848329053
loose,replay_loose_2023-08-31,2023-08-31,2023-11-27,60,XLU,-0.011762927291387056
loose,replay_loose_2023-08-31,2023-08-31,2024-02-23,120,QQQ,0.14512575574365172
loose,replay_loose_2023-08-31,2023-08-31,2024-02-23,120,SOXX,0.23515407966685464
loose,replay_loose_2023-08-31,2023-08-31,2024-02-23,120,XLI,0.10047043701799485
loose,replay_loose_2023-08-31,2023-08-31,2024-02-23,120,XLU,-0.025025736164837827
loose,replay_loose_2023-08-31,2023-08-31,2023-09-29,20,QQQ,-0.06090967877608966
loose,replay_loose_2023-08-31,2023-08-31,2023-09-29,20,SOXX,-0.08031226527077762
loose,replay_loose_2023-08-31,2023-08-31,2023-09-29,20,XLI,-0.0724087403598972
loose,replay_loose_2023-08-31,2023-08-31,2023-09-29,20,XLU,-0.0722350201310491
loose,replay_loose_2023-08-31,2023-08-31,2023-11-27,60,QQQ,0.019895746806161466
loose,replay_loose_2023-08-31,2023-08-31,2023-11-27,60,SOXX,-0.0010735176788806396
loose,replay_loose_2023-08-31,2023-08-31,2023-11-27,60,XLI,-0.03192030848329053
loose,replay_loose_2023-08-31,2023-08-31,2023-11-27,60,XLU,-0.011762927291387056
loose,replay_loose_2023-08-31,2023-08-31,2024-02-23,120,QQQ,0.14512575574365172
loose,replay_loose_2023-08-31,2023-08-31,2024-02-23,120,SOXX,0.23515407966685464
loose,replay_loose_2023-08-31,2023-08-31,2024-02-23,120,XLI,0.10047043701799485
loose,replay_loose_2023-08-31,2023-08-31,2024-02-23,120,XLU,-0.025025736164837827
loose,replay_loose_2023-08-31,2023-08-31,2023-09-29,20,QQQ,-0.06090967877608966
loose,replay_loose_2023-08-31,2023-08-31,2023-09-29,20,SOXX,-0.08031226527077762
loose,replay_loose_2023-08-31,2023-08-31,2023-09-29,20,XLI,-0.0724087403598972
loose,replay_loose_2023-08-31,2023-08-31,2023-09-29,20,XLU,-0.0722350201310491
loose,replay_loose_2023-08-31,2023-08-31,2023-11-27,60,QQQ,0.019895746806161466
loose,replay_loose_2023-08-31,2023-08-31,2023-11-27,60,SOXX,-0.0010735176788806396
loose,replay_loose_2023-08-31,2023-08-31,2023-11-27,60,XLI,-0.03192030848329053
loose,replay_loose_2023-08-31,2023-08-31,2023-11-27,60,XLU,-0.011762927291387056
loose,replay_loose_2023-08-31,2023-08-31,2024-02-23,120,QQQ,0.14512575574365172
loose,replay_loose_2023-08-31,2023-08-31,2024-02-23,120,SOXX,0.23515407966685464
loose,replay_loose_2023-08-31,2023-08-31,2024-02-23,120,XLI,0.10047043701799485
loose,replay_loose_2023-08-31,2023-08-31,2024-02-23,120,XLU,-0.025025736164837827
loose,replay_loose_2023-08-31,2023-08-31,2023-09-29,20,QQQ,-0.06090967877608966
loose,replay_loose_2023-08-31,2023-08-31,2023-09-29,20,SOXX,-0.08031226527077762
loose,replay_loose_2023-08-31,2023-08-31,2023-09-29,20,XLI,-0.0724087403598972
loose,replay_loose_2023-08-31,2023-08-31,2023-09-29,20,XLU,-0.0722350201310491
loose,replay_loose_2023-08-31,2023-08-31,2023-11-27,60,QQQ,0.019895746806161466
loose,replay_loose_2023-08-31,2023-08-31,2023-11-27,60,SOXX,-0.0010735176788806396
loose,replay_loose_2023-08-31,2023-08-31,2023-11-27,60,XLI,-0.03192030848329053
loose,replay_loose_2023-08-31,2023-08-31,2023-11-27,60,XLU,-0.011762927291387056
loose,replay_loose_2023-08-31,2023-08-31,2024-02-23,120,QQQ,0.14512575574365172
loose,replay_loose_2023-08-31,2023-08-31,2024-02-23,120,SOXX,0.23515407966685464
loose,replay_loose_2023-08-31,2023-08-31,2024-02-23,120,XLI,0.10047043701799485
loose,replay_loose_2023-08-31,2023-08-31,2024-02-23,120,XLU,-0.025025736164837827
loose,replay_loose_2023-09-29,2023-09-29,2023-10-27,20,QQQ,-0.039346899495104504
loose,replay_loose_2023-09-29,2023-09-29,2023-10-27,20,SOXX,-0.06731972359162353
loose,replay_loose_2023-09-29,2023-09-29,2023-10-27,20,XLI,-0.04885250037097488
loose,replay_loose_2023-09-29,2023-09-29,2023-10-27,20,XLU,0.0017004529527390204
loose,replay_loose_2023-09-29,2023-09-29,2023-12-26,60,QQQ,0.14319654662612613
loose,replay_loose_2023-09-29,2023-09-29,2023-12-26,60,SOXX,0.21896940968272005
loose,replay_loose_2023-09-29,2023-09-29,2023-12-26,60,XLI,0.12397235000247331
loose,replay_loose_2023-09-29,2023-09-29,2023-12-26,60,XLU,0.07383104008204422
loose,replay_loose_2023-09-29,2023-09-29,2024-03-22,120,QQQ,0.24160933359368453
loose,replay_loose_2023-09-29,2023-09-29,2024-03-22,120,SOXX,0.421535456958665
loose,replay_loose_2023-09-29,2023-09-29,2024-03-22,120,XLI,0.23566053321462144
loose,replay_loose_2023-09-29,2023-09-29,2024-03-22,120,XLU,0.08853063840697362
loose,replay_loose_2023-09-29,2023-09-29,2023-10-27,20,QQQ,-0.039346899495104504
loose,replay_loose_2023-09-29,2023-09-29,2023-10-27,20,SOXX,-0.06731972359162353
loose,replay_loose_2023-09-29,2023-09-29,2023-10-27,20,XLI,-0.04885250037097488
loose,replay_loose_2023-09-29,2023-09-29,2023-10-27,20,XLU,0.0017004529527390204
loose,replay_loose_2023-09-29,2023-09-29,2023-12-26,60,QQQ,0.14319654662612613
loose,replay_loose_2023-09-29,2023-09-29,2023-12-26,60,SOXX,0.21896940968272005
loose,replay_loose_2023-09-29,2023-09-29,2023-12-26,60,XLI,0.12397235000247331
loose,replay_loose_2023-09-29,2023-09-29,2023-12-26,60,XLU,0.07383104008204422
loose,replay_loose_2023-09-29,2023-09-29,2024-03-22,120,QQQ,0.24160933359368453
loose,replay_loose_2023-09-29,2023-09-29,2024-03-22,120,SOXX,0.421535456958665
loose,replay_loose_2023-09-29,2023-09-29,2024-03-22,120,XLI,0.23566053321462144
loose,replay_loose_2023-09-29,2023-09-29,2024-03-22,120,XLU,0.08853063840697362
loose,replay_loose_2023-09-29,2023-09-29,2023-10-27,20,QQQ,-0.039346899495104504
loose,replay_loose_2023-09-29,2023-09-29,2023-10-27,20,SOXX,-0.06731972359162353
loose,replay_loose_2023-09-29,2023-09-29,2023-10-27,20,XLI,-0.04885250037097488
loose,replay_loose_2023-09-29,2023-09-29,2023-10-27,20,XLU,0.0017004529527390204
loose,replay_loose_2023-09-29,2023-09-29,2023-12-26,60,QQQ,0.14319654662612613
loose,replay_loose_2023-09-29,2023-09-29,2023-12-26,60,SOXX,0.21896940968272005
loose,replay_loose_2023-09-29,2023-09-29,2023-12-26,60,XLI,0.12397235000247331
loose,replay_loose_2023-09-29,2023-09-29,2023-12-26,60,XLU,0.07383104008204422
loose,replay_loose_2023-09-29,2023-09-29,2024-03-22,120,QQQ,0.24160933359368453
loose,replay_loose_2023-09-29,2023-09-29,2024-03-22,120,SOXX,0.421535456958665
loose,replay_loose_2023-09-29,2023-09-29,2024-03-22,120,XLI,0.23566053321462144
loose,replay_loose_2023-09-29,2023-09-29,2024-03-22,120,XLU,0.08853063840697362
loose,replay_loose_2023-09-29,2023-09-29,2023-10-27,20,QQQ,-0.039346899495104504
loose,replay_loose_2023-09-29,2023-09-29,2023-10-27,20,SOXX,-0.06731972359162353
loose,replay_loose_2023-09-29,2023-09-29,2023-10-27,20,XLI,-0.04885250037097488
loose,replay_loose_2023-09-29,2023-09-29,2023-10-27,20,XLU,0.0017004529527390204
loose,replay_loose_2023-09-29,2023-09-29,2023-12-26,60,QQQ,0.14319654662612613
loose,replay_loose_2023-09-29,2023-09-29,2023-12-26,60,SOXX,0.21896940968272005
loose,replay_loose_2023-09-29,2023-09-29,2023-12-26,60,XLI,0.12397235000247331
loose,replay_loose_2023-09-29,2023-09-29,2023-12-26,60,XLU,0.07383104008204422
loose,replay_loose_2023-09-29,2023-09-29,2024-03-22,120,QQQ,0.24160933359368453
loose,replay_loose_2023-09-29,2023-09-29,2024-03-22,120,SOXX,0.421535456958665
loose,replay_loose_2023-09-29,2023-09-29,2024-03-22,120,XLI,0.23566053321462144
loose,replay_loose_2023-09-29,2023-09-29,2024-03-22,120,XLU,0.08853063840697362
loose,replay_loose_2023-10-31,2023-10-31,2023-11-29,20,QQQ,0.10527409724196757
loose,replay_loose_2023-10-31,2023-10-31,2023-11-29,20,SOXX,0.16366290639171532
loose,replay_loose_2023-10-31,2023-10-31,2023-11-29,20,XLI,0.07241516428825345
loose,replay_loose_2023-10-31,2023-10-31,2023-11-29,20,XLU,0.04146673353393504
loose,replay_loose_2023-10-31,2023-10-31,2024-01-29,60,QQQ,0.2143727608757463
loose,replay_loose_2023-10-31,2023-10-31,2024-01-29,60,SOXX,0.3583022584211356
loose,replay_loose_2023-10-31,2023-10-31,2024-01-29,60,XLI,0.1564129297648672
loose,replay_loose_2023-10-31,2023-10-31,2024-01-29,60,XLU,0.027090270812437315
loose,replay_loose_2023-10-31,2023-10-31,2024-04-24,120,QQQ,0.2097949957350015
loose,replay_loose_2023-10-31,2023-10-31,2024-04-24,120,SOXX,0.40870498386842036
loose,replay_loose_2023-10-31,2023-10-31,2024-04-24,120,XLI,0.23736361789650096
loose,replay_loose_2023-10-31,2023-10-31,2024-04-24,120,XLU,0.1127639585422936
loose,replay_loose_2023-10-31,2023-10-31,2023-11-29,20,QQQ,0.10527409724196757
loose,replay_loose_2023-10-31,2023-10-31,2023-11-29,20,SOXX,0.16366290639171532
loose,replay_loose_2023-10-31,2023-10-31,2023-11-29,20,XLI,0.07241516428825345
loose,replay_loose_2023-10-31,2023-10-31,2023-11-29,20,XLU,0.04146673353393504
loose,replay_loose_2023-10-31,2023-10-31,2024-01-29,60,QQQ,0.2143727608757463
loose,replay_loose_2023-10-31,2023-10-31,2024-01-29,60,SOXX,0.3583022584211356
loose,replay_loose_2023-10-31,2023-10-31,2024-01-29,60,XLI,0.1564129297648672
loose,replay_loose_2023-10-31,2023-10-31,2024-01-29,60,XLU,0.027090270812437315
loose,replay_loose_2023-10-31,2023-10-31,2024-04-24,120,QQQ,0.2097949957350015
loose,replay_loose_2023-10-31,2023-10-31,2024-04-24,120,SOXX,0.40870498386842036
loose,replay_loose_2023-10-31,2023-10-31,2024-04-24,120,XLI,0.23736361789650096
loose,replay_loose_2023-10-31,2023-10-31,2024-04-24,120,XLU,0.1127639585422936
loose,replay_loose_2023-10-31,2023-10-31,2023-11-29,20,QQQ,0.10527409724196757
loose,replay_loose_2023-10-31,2023-10-31,2023-11-29,20,SOXX,0.16366290639171532
loose,replay_loose_2023-10-31,2023-10-31,2023-11-29,20,XLI,0.07241516428825345
loose,replay_loose_2023-10-31,2023-10-31,2023-11-29,20,XLU,0.04146673353393504
loose,replay_loose_2023-10-31,2023-10-31,2024-01-29,60,QQQ,0.2143727608757463
loose,replay_loose_2023-10-31,2023-10-31,2024-01-29,60,SOXX,0.3583022584211356
loose,replay_loose_2023-10-31,2023-10-31,2024-01-29,60,XLI,0.1564129297648672
loose,replay_loose_2023-10-31,2023-10-31,2024-01-29,60,XLU,0.027090270812437315
loose,replay_loose_2023-10-31,2023-10-31,2024-04-24,120,QQQ,0.2097949957350015
loose,replay_loose_2023-10-31,2023-10-31,2024-04-24,120,SOXX,0.40870498386842036
loose,replay_loose_2023-10-31,2023-10-31,2024-04-24,120,XLI,0.23736361789650096
loose,replay_loose_2023-10-31,2023-10-31,2024-04-24,120,XLU,0.1127639585422936
loose,replay_loose_2023-10-31,2023-10-31,2023-11-29,20,QQQ,0.10527409724196757
loose,replay_loose_2023-10-31,2023-10-31,2023-11-29,20,SOXX,0.16366290639171532
loose,replay_loose_2023-10-31,2023-10-31,2023-11-29,20,XLI,0.07241516428825345
loose,replay_loose_2023-10-31,2023-10-31,2023-11-29,20,XLU,0.04146673353393504
loose,replay_loose_2023-10-31,2023-10-31,2024-01-29,60,QQQ,0.2143727608757463
loose,replay_loose_2023-10-31,2023-10-31,2024-01-29,60,SOXX,0.3583022584211356
loose,replay_loose_2023-10-31,2023-10-31,2024-01-29,60,XLI,0.1564129297648672
loose,replay_loose_2023-10-31,2023-10-31,2024-01-29,60,XLU,0.027090270812437315
loose,replay_loose_2023-10-31,2023-10-31,2024-04-24,120,QQQ,0.2097949957350015
loose,replay_loose_2023-10-31,2023-10-31,2024-04-24,120,SOXX,0.40870498386842036
loose,replay_loose_2023-10-31,2023-10-31,2024-04-24,120,XLI,0.23736361789650096
loose,replay_loose_2023-10-31,2023-10-31,2024-04-24,120,XLU,0.1127639585422936
loose,replay_loose_2023-11-30,2023-11-30,2023-12-29,20,QQQ,0.05328934062532242
loose,replay_loose_2023-11-30,2023-11-30,2023-12-29,20,SOXX,0.12489445868973748
loose,replay_loose_2023-11-30,2023-11-30,2023-12-29,20,XLI,0.05967487409065464
loose,replay_loose_2023-11-30,2023-11-30,2023-12-29,20,XLU,0.0064760312151616066
loose,replay_loose_2023-11-30,2023-11-30,2024-02-28,60,QQQ,0.11987173666288309
loose,replay_loose_2023-11-30,2023-11-30,2024-02-28,60,SOXX,0.24012474309538268
loose,replay_loose_2023-11-30,2023-11-30,2024-02-28,60,XLI,0.12188341727289675
loose,replay_loose_2023-11-30,2023-11-30,2024-02-28,60,XLU,-0.014626055104315912
loose,replay_loose_2023-11-30,2023-11-30,2024-05-23,120,QQQ,0.16757063254566085
loose,replay_loose_2023-11-30,2023-11-30,2024-05-23,120,SOXX,0.37212967566403743
loose,replay_loose_2023-11-30,2023-11-30,2024-05-23,120,XLI,0.1517752285021451
loose,replay_loose_2023-11-30,2023-11-30,2024-05-23,120,XLU,0.12464771460423651
loose,replay_loose_2023-11-30,2023-11-30,2023-12-29,20,QQQ,0.05328934062532242
loose,replay_loose_2023-11-30,2023-11-30,2023-12-29,20,SOXX,0.12489445868973748
loose,replay_loose_2023-11-30,2023-11-30,2023-12-29,20,XLI,0.05967487409065464
loose,replay_loose_2023-11-30,2023-11-30,2023-12-29,20,XLU,0.0064760312151616066
loose,replay_loose_2023-11-30,2023-11-30,2024-02-28,60,QQQ,0.11987173666288309
loose,replay_loose_2023-11-30,2023-11-30,2024-02-28,60,SOXX,0.24012474309538268
loose,replay_loose_2023-11-30,2023-11-30,2024-02-28,60,XLI,0.12188341727289675
loose,replay_loose_2023-11-30,2023-11-30,2024-02-28,60,XLU,-0.014626055104315912
loose,replay_loose_2023-11-30,2023-11-30,2024-05-23,120,QQQ,0.16757063254566085
loose,replay_loose_2023-11-30,2023-11-30,2024-05-23,120,SOXX,0.37212967566403743
loose,replay_loose_2023-11-30,2023-11-30,2024-05-23,120,XLI,0.1517752285021451
loose,replay_loose_2023-11-30,2023-11-30,2024-05-23,120,XLU,0.12464771460423651
loose,replay_loose_2023-11-30,2023-11-30,2023-12-29,20,QQQ,0.05328934062532242
loose,replay_loose_2023-11-30,2023-11-30,2023-12-29,20,SOXX,0.12489445868973748
loose,replay_loose_2023-11-30,2023-11-30,2023-12-29,20,XLI,0.05967487409065464
loose,replay_loose_2023-11-30,2023-11-30,2023-12-29,20,XLU,0.0064760312151616066
loose,replay_loose_2023-11-30,2023-11-30,2024-02-28,60,QQQ,0.11987173666288309
loose,replay_loose_2023-11-30,2023-11-30,2024-02-28,60,SOXX,0.24012474309538268
loose,replay_loose_2023-11-30,2023-11-30,2024-02-28,60,XLI,0.12188341727289675
loose,replay_loose_2023-11-30,2023-11-30,2024-02-28,60,XLU,-0.014626055104315912
loose,replay_loose_2023-11-30,2023-11-30,2024-05-23,120,QQQ,0.16757063254566085
loose,replay_loose_2023-11-30,2023-11-30,2024-05-23,120,SOXX,0.37212967566403743
loose,replay_loose_2023-11-30,2023-11-30,2024-05-23,120,XLI,0.1517752285021451
loose,replay_loose_2023-11-30,2023-11-30,2024-05-23,120,XLU,0.12464771460423651
loose,replay_loose_2023-11-30,2023-11-30,2023-12-29,20,QQQ,0.05328934062532242
loose,replay_loose_2023-11-30,2023-11-30,2023-12-29,20,SOXX,0.12489445868973748
loose,replay_loose_2023-11-30,2023-11-30,2023-12-29,20,XLI,0.05967487409065464
loose,replay_loose_2023-11-30,2023-11-30,2023-12-29,20,XLU,0.0064760312151616066
loose,replay_loose_2023-11-30,2023-11-30,2024-02-28,60,QQQ,0.11987173666288309
loose,replay_loose_2023-11-30,2023-11-30,2024-02-28,60,SOXX,0.24012474309538268
loose,replay_loose_2023-11-30,2023-11-30,2024-02-28,60,XLI,0.12188341727289675
loose,replay_loose_2023-11-30,2023-11-30,2024-02-28,60,XLU,-0.014626055104315912
loose,replay_loose_2023-11-30,2023-11-30,2024-05-23,120,QQQ,0.16757063254566085
loose,replay_loose_2023-11-30,2023-11-30,2024-05-23,120,SOXX,0.37212967566403743
loose,replay_loose_2023-11-30,2023-11-30,2024-05-23,120,XLI,0.1517752285021451
loose,replay_loose_2023-11-30,2023-11-30,2024-05-23,120,XLU,0.12464771460423651
loose,replay_loose_2023-12-29,2023-12-29,2024-01-30,20,QQQ,0.04500630883730106
loose,replay_loose_2023-12-29,2023-12-29,2024-01-30,20,SOXX,0.04796452798191064
loose,replay_loose_2023-12-29,2023-12-29,2024-01-30,20,XLI,0.004897987998588096
loose,replay_loose_2023-12-29,2023-12-29,2024-01-30,20,XLU,-0.02723186569528035
loose,replay_loose_2023-12-29,2023-12-29,2024-03-27,60,QQQ,0.09348085169303577
loose,replay_loose_2023-12-29,2023-12-29,2024-03-27,60,SOXX,0.1928557094403619
loose,replay_loose_2023-12-29,2023-12-29,2024-03-27,60,XLI,0.10836604306388986
loose,replay_loose_2023-12-29,2023-12-29,2024-03-27,60,XLU,0.029388343363953132
loose,replay_loose_2023-12-29,2023-12-29,2024-06-24,120,QQQ,0.1651945882005027
loose,replay_loose_2023-12-29,2023-12-29,2024-06-24,120,SOXX,0.2832139626907858
loose,replay_loose_2023-12-29,2023-12-29,2024-06-24,120,XLI,0.08317190257677376
loose,replay_loose_2023-12-29,2023-12-29,2024-06-24,120,XLU,0.10168799493189729
loose,replay_loose_2023-12-29,2023-12-29,2024-01-30,20,QQQ,0.04500630883730106
loose,replay_loose_2023-12-29,2023-12-29,2024-01-30,20,SOXX,0.04796452798191064
loose,replay_loose_2023-12-29,2023-12-29,2024-01-30,20,XLI,0.004897987998588096
loose,replay_loose_2023-12-29,2023-12-29,2024-01-30,20,XLU,-0.02723186569528035
loose,replay_loose_2023-12-29,2023-12-29,2024-03-27,60,QQQ,0.09348085169303577
loose,replay_loose_2023-12-29,2023-12-29,2024-03-27,60,SOXX,0.1928557094403619
loose,replay_loose_2023-12-29,2023-12-29,2024-03-27,60,XLI,0.10836604306388986
loose,replay_loose_2023-12-29,2023-12-29,2024-03-27,60,XLU,0.029388343363953132
loose,replay_loose_2023-12-29,2023-12-29,2024-06-24,120,QQQ,0.1651945882005027
loose,replay_loose_2023-12-29,2023-12-29,2024-06-24,120,SOXX,0.2832139626907858
loose,replay_loose_2023-12-29,2023-12-29,2024-06-24,120,XLI,0.08317190257677376
loose,replay_loose_2023-12-29,2023-12-29,2024-06-24,120,XLU,0.10168799493189729
loose,replay_loose_2023-12-29,2023-12-29,2024-01-30,20,QQQ,0.04500630883730106
loose,replay_loose_2023-12-29,2023-12-29,2024-01-30,20,SOXX,0.04796452798191064
loose,replay_loose_2023-12-29,2023-12-29,2024-01-30,20,XLI,0.004897987998588096
loose,replay_loose_2023-12-29,2023-12-29,2024-01-30,20,XLU,-0.02723186569528035
loose,replay_loose_2023-12-29,2023-12-29,2024-03-27,60,QQQ,0.09348085169303577
loose,replay_loose_2023-12-29,2023-12-29,2024-03-27,60,SOXX,0.1928557094403619
loose,replay_loose_2023-12-29,2023-12-29,2024-03-27,60,XLI,0.10836604306388986
loose,replay_loose_2023-12-29,2023-12-29,2024-03-27,60,XLU,0.029388343363953132
loose,replay_loose_2023-12-29,2023-12-29,2024-06-24,120,QQQ,0.1651945882005027
loose,replay_loose_2023-12-29,2023-12-29,2024-06-24,120,SOXX,0.2832139626907858
loose,replay_loose_2023-12-29,2023-12-29,2024-06-24,120,XLI,0.08317190257677376
loose,replay_loose_2023-12-29,2023-12-29,2024-06-24,120,XLU,0.10168799493189729
loose,replay_loose_2023-12-29,2023-12-29,2024-01-30,20,QQQ,0.04500630883730106
loose,replay_loose_2023-12-29,2023-12-29,2024-01-30,20,SOXX,0.04796452798191064
loose,replay_loose_2023-12-29,2023-12-29,2024-01-30,20,XLI,0.004897987998588096
loose,replay_loose_2023-12-29,2023-12-29,2024-01-30,20,XLU,-0.02723186569528035
loose,replay_loose_2023-12-29,2023-12-29,2024-03-27,60,QQQ,0.09348085169303577
loose,replay_loose_2023-12-29,2023-12-29,2024-03-27,60,SOXX,0.1928557094403619
loose,replay_loose_2023-12-29,2023-12-29,2024-03-27,60,XLI,0.10836604306388986
loose,replay_loose_2023-12-29,2023-12-29,2024-03-27,60,XLU,0.029388343363953132
loose,replay_loose_2023-12-29,2023-12-29,2024-06-24,120,QQQ,0.1651945882005027
loose,replay_loose_2023-12-29,2023-12-29,2024-06-24,120,SOXX,0.2832139626907858
loose,replay_loose_2023-12-29,2023-12-29,2024-06-24,120,XLI,0.08317190257677376
loose,replay_loose_2023-12-29,2023-12-29,2024-06-24,120,XLU,0.10168799493189729
loose,replay_loose_2024-01-31,2024-01-31,2024-02-29,20,QQQ,0.04569602598395106
loose,replay_loose_2024-01-31,2024-01-31,2024-02-29,20,SOXX,0.10547163651203906
loose,replay_loose_2024-01-31,2024-01-31,2024-02-29,20,XLI,0.062223131766569906
loose,replay_loose_2024-01-31,2024-01-31,2024-02-29,20,XLU,0.012941792020928825
loose,replay_loose_2024-01-31,2024-01-31,2024-04-26,60,QQQ,0.02653047382499041
loose,replay_loose_2024-01-31,2024-01-31,2024-04-26,60,SOXX,0.10350761801115482
loose,replay_loose_2024-01-31,2024-01-31,2024-04-26,60,XLI,0.07648243992606296
loose,replay_loose_2024-01-31,2024-01-31,2024-04-26,60,XLU,0.07916154349247895
loose,replay_loose_2024-01-31,2024-01-31,2024-07-24,120,QQQ,0.10358674054260597
loose,replay_loose_2024-01-31,2024-01-31,2024-07-24,120,SOXX,0.1683712420078901
loose,replay_loose_2024-01-31,2024-01-31,2024-07-24,120,XLI,0.08132356306663147
loose,replay_loose_2024-01-31,2024-01-31,2024-07-24,120,XLU,0.15936102027468946
loose,replay_loose_2024-01-31,2024-01-31,2024-02-29,20,QQQ,0.04569602598395106
loose,replay_loose_2024-01-31,2024-01-31,2024-02-29,20,SOXX,0.10547163651203906
loose,replay_loose_2024-01-31,2024-01-31,2024-02-29,20,XLI,0.062223131766569906
loose,replay_loose_2024-01-31,2024-01-31,2024-02-29,20,XLU,0.012941792020928825
loose,replay_loose_2024-01-31,2024-01-31,2024-04-26,60,QQQ,0.02653047382499041
loose,replay_loose_2024-01-31,2024-01-31,2024-04-26,60,SOXX,0.10350761801115482
loose,replay_loose_2024-01-31,2024-01-31,2024-04-26,60,XLI,0.07648243992606296
loose,replay_loose_2024-01-31,2024-01-31,2024-04-26,60,XLU,0.07916154349247895
loose,replay_loose_2024-01-31,2024-01-31,2024-07-24,120,QQQ,0.10358674054260597
loose,replay_loose_2024-01-31,2024-01-31,2024-07-24,120,SOXX,0.1683712420078901
loose,replay_loose_2024-01-31,2024-01-31,2024-07-24,120,XLI,0.08132356306663147
loose,replay_loose_2024-01-31,2024-01-31,2024-07-24,120,XLU,0.15936102027468946
loose,replay_loose_2024-01-31,2024-01-31,2024-02-29,20,QQQ,0.04569602598395106
loose,replay_loose_2024-01-31,2024-01-31,2024-02-29,20,SOXX,0.10547163651203906
loose,replay_loose_2024-01-31,2024-01-31,2024-02-29,20,XLI,0.062223131766569906
loose,replay_loose_2024-01-31,2024-01-31,2024-02-29,20,XLU,0.012941792020928825
loose,replay_loose_2024-01-31,2024-01-31,2024-04-26,60,QQQ,0.02653047382499041
loose,replay_loose_2024-01-31,2024-01-31,2024-04-26,60,SOXX,0.10350761801115482
loose,replay_loose_2024-01-31,2024-01-31,2024-04-26,60,XLI,0.07648243992606296
loose,replay_loose_2024-01-31,2024-01-31,2024-04-26,60,XLU,0.07916154349247895
loose,replay_loose_2024-01-31,2024-01-31,2024-07-24,120,QQQ,0.10358674054260597
loose,replay_loose_2024-01-31,2024-01-31,2024-07-24,120,SOXX,0.1683712420078901
loose,replay_loose_2024-01-31,2024-01-31,2024-07-24,120,XLI,0.08132356306663147
loose,replay_loose_2024-01-31,2024-01-31,2024-07-24,120,XLU,0.15936102027468946
loose,replay_loose_2024-01-31,2024-01-31,2024-02-29,20,QQQ,0.04569602598395106
loose,replay_loose_2024-01-31,2024-01-31,2024-02-29,20,SOXX,0.10547163651203906
loose,replay_loose_2024-01-31,2024-01-31,2024-02-29,20,XLI,0.062223131766569906
loose,replay_loose_2024-01-31,2024-01-31,2024-02-29,20,XLU,0.012941792020928825
loose,replay_loose_2024-01-31,2024-01-31,2024-04-26,60,QQQ,0.02653047382499041
loose,replay_loose_2024-01-31,2024-01-31,2024-04-26,60,SOXX,0.10350761801115482
loose,replay_loose_2024-01-31,2024-01-31,2024-04-26,60,XLI,0.07648243992606296
loose,replay_loose_2024-01-31,2024-01-31,2024-04-26,60,XLU,0.07916154349247895
loose,replay_loose_2024-01-31,2024-01-31,2024-07-24,120,QQQ,0.10358674054260597
loose,replay_loose_2024-01-31,2024-01-31,2024-07-24,120,SOXX,0.1683712420078901
loose,replay_loose_2024-01-31,2024-01-31,2024-07-24,120,XLI,0.08132356306663147
loose,replay_loose_2024-01-31,2024-01-31,2024-07-24,120,XLU,0.15936102027468946
loose,replay_loose_2024-02-29,2024-02-29,2024-03-28,20,QQQ,0.0066626045834848905
loose,replay_loose_2024-02-29,2024-02-29,2024-03-28,20,SOXX,0.023830377444292842
loose,replay_loose_2024-02-29,2024-02-29,2024-03-28,20,XLI,0.039194092827004146
loose,replay_loose_2024-02-29,2024-02-29,2024-03-28,20,XLU,0.058929016088608566
loose,replay_loose_2024-02-29,2024-02-29,2024-05-24,60,QQQ,0.03824226991633328
loose,replay_loose_2024-02-29,2024-02-29,2024-05-24,60,SOXX,0.08172032742155533
loose,replay_loose_2024-02-29,2024-02-29,2024-05-24,60,XLI,0.026701332009596904
loose,replay_loose_2024-02-29,2024-02-29,2024-05-24,60,XLU,0.15311609669334636
loose,replay_loose_2024-02-29,2024-02-29,2024-08-21,120,QQQ,0.09410349217897418
loose,replay_loose_2024-02-29,2024-02-29,2024-08-21,120,SOXX,0.06766848567530681
loose,replay_loose_2024-02-29,2024-02-29,2024-08-21,120,XLI,0.05747819971870605
loose,replay_loose_2024-02-29,2024-02-29,2024-08-21,120,XLU,0.21488341822297674
loose,replay_loose_2024-02-29,2024-02-29,2024-03-28,20,QQQ,0.0066626045834848905
loose,replay_loose_2024-02-29,2024-02-29,2024-03-28,20,SOXX,0.023830377444292842
loose,replay_loose_2024-02-29,2024-02-29,2024-03-28,20,XLI,0.039194092827004146
loose,replay_loose_2024-02-29,2024-02-29,2024-03-28,20,XLU,0.058929016088608566
loose,replay_loose_2024-02-29,2024-02-29,2024-05-24,60,QQQ,0.03824226991633328
loose,replay_loose_2024-02-29,2024-02-29,2024-05-24,60,SOXX,0.08172032742155533
loose,replay_loose_2024-02-29,2024-02-29,2024-05-24,60,XLI,0.026701332009596904
loose,replay_loose_2024-02-29,2024-02-29,2024-05-24,60,XLU,0.15311609669334636
loose,replay_loose_2024-02-29,2024-02-29,2024-08-21,120,QQQ,0.09410349217897418
loose,replay_loose_2024-02-29,2024-02-29,2024-08-21,120,SOXX,0.06766848567530681
loose,replay_loose_2024-02-29,2024-02-29,2024-08-21,120,XLI,0.05747819971870605
loose,replay_loose_2024-02-29,2024-02-29,2024-08-21,120,XLU,0.21488341822297674
loose,replay_loose_2024-02-29,2024-02-29,2024-03-28,20,QQQ,0.0066626045834848905
loose,replay_loose_2024-02-29,2024-02-29,2024-03-28,20,SOXX,0.023830377444292842
loose,replay_loose_2024-02-29,2024-02-29,2024-03-28,20,XLI,0.039194092827004146
loose,replay_loose_2024-02-29,2024-02-29,2024-03-28,20,XLU,0.058929016088608566
loose,replay_loose_2024-02-29,2024-02-29,2024-05-24,60,QQQ,0.03824226991633328
loose,replay_loose_2024-02-29,2024-02-29,2024-05-24,60,SOXX,0.08172032742155533
loose,replay_loose_2024-02-29,2024-02-29,2024-05-24,60,XLI,0.026701332009596904
loose,replay_loose_2024-02-29,2024-02-29,2024-05-24,60,XLU,0.15311609669334636
loose,replay_loose_2024-02-29,2024-02-29,2024-08-21,120,QQQ,0.09410349217897418
loose,replay_loose_2024-02-29,2024-02-29,2024-08-21,120,SOXX,0.06766848567530681
loose,replay_loose_2024-02-29,2024-02-29,2024-08-21,120,XLI,0.05747819971870605
loose,replay_loose_2024-02-29,2024-02-29,2024-08-21,120,XLU,0.21488341822297674
loose,replay_loose_2024-02-29,2024-02-29,2024-03-28,20,QQQ,0.0066626045834848905
loose,replay_loose_2024-02-29,2024-02-29,2024-03-28,20,SOXX,0.023830377444292842
loose,replay_loose_2024-02-29,2024-02-29,2024-03-28,20,XLI,0.039194092827004146
loose,replay_loose_2024-02-29,2024-02-29,2024-03-28,20,XLU,0.058929016088608566
loose,replay_loose_2024-02-29,2024-02-29,2024-05-24,60,QQQ,0.03824226991633328
loose,replay_loose_2024-02-29,2024-02-29,2024-05-24,60,SOXX,0.08172032742155533
loose,replay_loose_2024-02-29,2024-02-29,2024-05-24,60,XLI,0.026701332009596904
loose,replay_loose_2024-02-29,2024-02-29,2024-05-24,60,XLU,0.15311609669334636
loose,replay_loose_2024-02-29,2024-02-29,2024-08-21,120,QQQ,0.09410349217897418
loose,replay_loose_2024-02-29,2024-02-29,2024-08-21,120,SOXX,0.06766848567530681
loose,replay_loose_2024-02-29,2024-02-29,2024-08-21,120,XLI,0.05747819971870605
loose,replay_loose_2024-02-29,2024-02-29,2024-08-21,120,XLU,0.21488341822297674
loose,replay_loose_2024-03-29,2024-03-29,2024-04-26,20,QQQ,-0.034204350855113974
loose,replay_loose_2024-03-29,2024-03-29,2024-04-26,20,SOXX,-0.04582688319138617
loose,replay_loose_2024-03-29,2024-03-29,2024-04-26,20,XLI,-0.029782525889775032
loose,replay_loose_2024-03-29,2024-03-29,2024-04-26,20,XLU,0.005917682926829373
loose,replay_loose_2024-03-29,2024-03-29,2024-06-25,60,QQQ,0.0744434231521226
loose,replay_loose_2024-03-29,2024-03-29,2024-06-25,60,SOXX,0.08463955694806058
loose,replay_loose_2024-03-29,2024-03-29,2024-06-25,60,XLI,-0.034623219458001064
loose,replay_loose_2024-03-29,2024-03-29,2024-06-25,60,XLU,0.049820121951219654
loose,replay_loose_2024-03-29,2024-03-29,2024-09-19,120,QQQ,0.08318558554509281
loose,replay_loose_2024-03-29,2024-03-29,2024-09-19,120,SOXX,-0.0010142094347117521
loose,replay_loose_2024-03-29,2024-03-29,2024-09-19,120,XLI,0.061238384319327266
loose,replay_loose_2024-03-29,2024-03-29,2024-09-19,120,XLU,0.18617682926829293
loose,replay_loose_2024-03-29,2024-03-29,2024-04-26,20,QQQ,-0.034204350855113974
loose,replay_loose_2024-03-29,2024-03-29,2024-04-26,20,SOXX,-0.04582688319138617
loose,replay_loose_2024-03-29,2024-03-29,2024-04-26,20,XLI,-0.029782525889775032
loose,replay_loose_2024-03-29,2024-03-29,2024-04-26,20,XLU,0.005917682926829373
loose,replay_loose_2024-03-29,2024-03-29,2024-06-25,60,QQQ,0.0744434231521226
loose,replay_loose_2024-03-29,2024-03-29,2024-06-25,60,SOXX,0.08463955694806058
loose,replay_loose_2024-03-29,2024-03-29,2024-06-25,60,XLI,-0.034623219458001064
loose,replay_loose_2024-03-29,2024-03-29,2024-06-25,60,XLU,0.049820121951219654
loose,replay_loose_2024-03-29,2024-03-29,2024-09-19,120,QQQ,0.08318558554509281
loose,replay_loose_2024-03-29,2024-03-29,2024-09-19,120,SOXX,-0.0010142094347117521
loose,replay_loose_2024-03-29,2024-03-29,2024-09-19,120,XLI,0.061238384319327266
loose,replay_loose_2024-03-29,2024-03-29,2024-09-19,120,XLU,0.18617682926829293
loose,replay_loose_2024-03-29,2024-03-29,2024-04-26,20,QQQ,-0.034204350855113974
loose,replay_loose_2024-03-29,2024-03-29,2024-04-26,20,SOXX,-0.04582688319138617
loose,replay_loose_2024-03-29,2024-03-29,2024-04-26,20,XLI,-0.029782525889775032
loose,replay_loose_2024-03-29,2024-03-29,2024-04-26,20,XLU,0.005917682926829373
loose,replay_loose_2024-03-29,2024-03-29,2024-06-25,60,QQQ,0.0744434231521226
loose,replay_loose_2024-03-29,2024-03-29,2024-06-25,60,SOXX,0.08463955694806058
loose,replay_loose_2024-03-29,2024-03-29,2024-06-25,60,XLI,-0.034623219458001064
loose,replay_loose_2024-03-29,2024-03-29,2024-06-25,60,XLU,0.049820121951219654
loose,replay_loose_2024-03-29,2024-03-29,2024-09-19,120,QQQ,0.08318558554509281
loose,replay_loose_2024-03-29,2024-03-29,2024-09-19,120,SOXX,-0.0010142094347117521
loose,replay_loose_2024-03-29,2024-03-29,2024-09-19,120,XLI,0.061238384319327266
loose,replay_loose_2024-03-29,2024-03-29,2024-09-19,120,XLU,0.18617682926829293
loose,replay_loose_2024-03-29,2024-03-29,2024-04-26,20,QQQ,-0.034204350855113974
loose,replay_loose_2024-03-29,2024-03-29,2024-04-26,20,SOXX,-0.04582688319138617
loose,replay_loose_2024-03-29,2024-03-29,2024-04-26,20,XLI,-0.029782525889775032
loose,replay_loose_2024-03-29,2024-03-29,2024-04-26,20,XLU,0.005917682926829373
loose,replay_loose_2024-03-29,2024-03-29,2024-06-25,60,QQQ,0.0744434231521226
loose,replay_loose_2024-03-29,2024-03-29,2024-06-25,60,SOXX,0.08463955694806058
loose,replay_loose_2024-03-29,2024-03-29,2024-06-25,60,XLI,-0.034623219458001064
loose,replay_loose_2024-03-29,2024-03-29,2024-06-25,60,XLU,0.049820121951219654
loose,replay_loose_2024-03-29,2024-03-29,2024-09-19,120,QQQ,0.08318558554509281
loose,replay_loose_2024-03-29,2024-03-29,2024-09-19,120,SOXX,-0.0010142094347117521
loose,replay_loose_2024-03-29,2024-03-29,2024-09-19,120,XLI,0.061238384319327266
loose,replay_loose_2024-03-29,2024-03-29,2024-09-19,120,XLU,0.18617682926829293
loose,replay_loose_2024-04-30,2024-04-30,2024-05-29,20,QQQ,0.07632567267224666
loose,replay_loose_2024-04-30,2024-04-30,2024-05-29,20,SOXX,0.12744513778074162
loose,replay_loose_2024-04-30,2024-04-30,2024-05-29,20,XLI,-0.005141503994728566
loose,replay_loose_2024-04-30,2024-04-30,2024-05-29,20,XLU,0.055245139983487346
loose,replay_loose_2024-04-30,2024-04-30,2024-07-26,60,QQQ,0.09188343500260088
loose,replay_loose_2024-04-30,2024-04-30,2024-07-26,60,SOXX,0.08943337223426295
loose,replay_loose_2024-04-30,2024-04-30,2024-07-26,60,XLI,0.037523844823325825
loose,replay_loose_2024-04-30,2024-04-30,2024-07-26,60,XLU,0.06545305111461397
loose,replay_loose_2024-04-30,2024-04-30,2024-10-21,120,QQQ,0.16841911382229158
loose,replay_loose_2024-04-30,2024-04-30,2024-10-21,120,SOXX,0.08771855574344423
loose,replay_loose_2024-04-30,2024-04-30,2024-10-21,120,XLI,0.1401513054937814
loose,replay_loose_2024-04-30,2024-04-30,2024-10-21,120,XLU,0.22269991743601303
loose,replay_loose_2024-04-30,2024-04-30,2024-05-29,20,QQQ,0.07632567267224666
loose,replay_loose_2024-04-30,2024-04-30,2024-05-29,20,SOXX,0.12744513778074162
loose,replay_loose_2024-04-30,2024-04-30,2024-05-29,20,XLI,-0.005141503994728566
loose,replay_loose_2024-04-30,2024-04-30,2024-05-29,20,XLU,0.055245139983487346
loose,replay_loose_2024-04-30,2024-04-30,2024-07-26,60,QQQ,0.09188343500260088
loose,replay_loose_2024-04-30,2024-04-30,2024-07-26,60,SOXX,0.08943337223426295
loose,replay_loose_2024-04-30,2024-04-30,2024-07-26,60,XLI,0.037523844823325825
loose,replay_loose_2024-04-30,2024-04-30,2024-07-26,60,XLU,0.06545305111461397
loose,replay_loose_2024-04-30,2024-04-30,2024-10-21,120,QQQ,0.16841911382229158
loose,replay_loose_2024-04-30,2024-04-30,2024-10-21,120,SOXX,0.08771855574344423
loose,replay_loose_2024-04-30,2024-04-30,2024-10-21,120,XLI,0.1401513054937814
loose,replay_loose_2024-04-30,2024-04-30,2024-10-21,120,XLU,0.22269991743601303
loose,replay_loose_2024-04-30,2024-04-30,2024-05-29,20,QQQ,0.07632567267224666
loose,replay_loose_2024-04-30,2024-04-30,2024-05-29,20,SOXX,0.12744513778074162
loose,replay_loose_2024-04-30,2024-04-30,2024-05-29,20,XLI,-0.005141503994728566
loose,replay_loose_2024-04-30,2024-04-30,2024-05-29,20,XLU,0.055245139983487346
loose,replay_loose_2024-04-30,2024-04-30,2024-07-26,60,QQQ,0.09188343500260088
loose,replay_loose_2024-04-30,2024-04-30,2024-07-26,60,SOXX,0.08943337223426295
loose,replay_loose_2024-04-30,2024-04-30,2024-07-26,60,XLI,0.037523844823325825
loose,replay_loose_2024-04-30,2024-04-30,2024-07-26,60,XLU,0.06545305111461397
loose,replay_loose_2024-04-30,2024-04-30,2024-10-21,120,QQQ,0.16841911382229158
loose,replay_loose_2024-04-30,2024-04-30,2024-10-21,120,SOXX,0.08771855574344423
loose,replay_loose_2024-04-30,2024-04-30,2024-10-21,120,XLI,0.1401513054937814
loose,replay_loose_2024-04-30,2024-04-30,2024-10-21,120,XLU,0.22269991743601303
loose,replay_loose_2024-04-30,2024-04-30,2024-05-29,20,QQQ,0.07632567267224666
loose,replay_loose_2024-04-30,2024-04-30,2024-05-29,20,SOXX,0.12744513778074162
loose,replay_loose_2024-04-30,2024-04-30,2024-05-29,20,XLI,-0.005141503994728566
loose,replay_loose_2024-04-30,2024-04-30,2024-05-29,20,XLU,0.055245139983487346
loose,replay_loose_2024-04-30,2024-04-30,2024-07-26,60,QQQ,0.09188343500260088
loose,replay_loose_2024-04-30,2024-04-30,2024-07-26,60,SOXX,0.08943337223426295
loose,replay_loose_2024-04-30,2024-04-30,2024-07-26,60,XLI,0.037523844823325825
loose,replay_loose_2024-04-30,2024-04-30,2024-07-26,60,XLU,0.06545305111461397
loose,replay_loose_2024-04-30,2024-04-30,2024-10-21,120,QQQ,0.16841911382229158
loose,replay_loose_2024-04-30,2024-04-30,2024-10-21,120,SOXX,0.08771855574344423
loose,replay_loose_2024-04-30,2024-04-30,2024-10-21,120,XLI,0.1401513054937814
loose,replay_loose_2024-04-30,2024-04-30,2024-10-21,120,XLU,0.22269991743601303
loose,replay_loose_2024-05-31,2024-05-31,2024-07-01,20,QQQ,0.05692830595324494
loose,replay_loose_2024-05-31,2024-05-31,2024-07-01,20,SOXX,0.03464616808277954
loose,replay_loose_2024-05-31,2024-05-31,2024-07-01,20,XLI,-0.029253079688194236
loose,replay_loose_2024-05-31,2024-05-31,2024-07-01,20,XLU,-0.07017651922281931
loose,replay_loose_2024-05-31,2024-05-31,2024-08-27,60,QQQ,0.04575635020122715
loose,replay_loose_2024-05-31,2024-05-31,2024-08-27,60,SOXX,-0.03555657440901827
loose,replay_loose_2024-05-31,2024-05-31,2024-08-27,60,XLI,0.040580112282402214
loose,replay_loose_2024-05-31,2024-05-31,2024-08-27,60,XLU,0.03503224472922695
loose,replay_loose_2024-05-31,2024-05-31,2024-11-20,120,QQQ,0.10337549207187002
loose,replay_loose_2024-05-31,2024-05-31,2024-11-20,120,SOXX,-0.1087878354504922
loose,replay_loose_2024-05-31,2024-05-31,2024-11-20,120,XLI,0.11933935134698481
loose,replay_loose_2024-05-31,2024-05-31,2024-11-20,120,XLU,0.10627380460245284
loose,replay_loose_2024-05-31,2024-05-31,2024-07-01,20,QQQ,0.05692830595324494
loose,replay_loose_2024-05-31,2024-05-31,2024-07-01,20,SOXX,0.03464616808277954
loose,replay_loose_2024-05-31,2024-05-31,2024-07-01,20,XLI,-0.029253079688194236
loose,replay_loose_2024-05-31,2024-05-31,2024-07-01,20,XLU,-0.07017651922281931
loose,replay_loose_2024-05-31,2024-05-31,2024-08-27,60,QQQ,0.04575635020122715
loose,replay_loose_2024-05-31,2024-05-31,2024-08-27,60,SOXX,-0.03555657440901827
loose,replay_loose_2024-05-31,2024-05-31,2024-08-27,60,XLI,0.040580112282402214
loose,replay_loose_2024-05-31,2024-05-31,2024-08-27,60,XLU,0.03503224472922695
loose,replay_loose_2024-05-31,2024-05-31,2024-11-20,120,QQQ,0.10337549207187002
loose,replay_loose_2024-05-31,2024-05-31,2024-11-20,120,SOXX,-0.1087878354504922
loose,replay_loose_2024-05-31,2024-05-31,2024-11-20,120,XLI,0.11933935134698481
loose,replay_loose_2024-05-31,2024-05-31,2024-11-20,120,XLU,0.10627380460245284
loose,replay_loose_2024-05-31,2024-05-31,2024-07-01,20,QQQ,0.05692830595324494
loose,replay_loose_2024-05-31,2024-05-31,2024-07-01,20,SOXX,0.03464616808277954
loose,replay_loose_2024-05-31,2024-05-31,2024-07-01,20,XLI,-0.029253079688194236
loose,replay_loose_2024-05-31,2024-05-31,2024-07-01,20,XLU,-0.07017651922281931
loose,replay_loose_2024-05-31,2024-05-31,2024-08-27,60,QQQ,0.04575635020122715
loose,replay_loose_2024-05-31,2024-05-31,2024-08-27,60,SOXX,-0.03555657440901827
loose,replay_loose_2024-05-31,2024-05-31,2024-08-27,60,XLI,0.040580112282402214
loose,replay_loose_2024-05-31,2024-05-31,2024-08-27,60,XLU,0.03503224472922695
loose,replay_loose_2024-05-31,2024-05-31,2024-11-20,120,QQQ,0.10337549207187002
loose,replay_loose_2024-05-31,2024-05-31,2024-11-20,120,SOXX,-0.1087878354504922
loose,replay_loose_2024-05-31,2024-05-31,2024-11-20,120,XLI,0.11933935134698481
loose,replay_loose_2024-05-31,2024-05-31,2024-11-20,120,XLU,0.10627380460245284
loose,replay_loose_2024-05-31,2024-05-31,2024-07-01,20,QQQ,0.05692830595324494
loose,replay_loose_2024-05-31,2024-05-31,2024-07-01,20,SOXX,0.03464616808277954
loose,replay_loose_2024-05-31,2024-05-31,2024-07-01,20,XLI,-0.029253079688194236
loose,replay_loose_2024-05-31,2024-05-31,2024-07-01,20,XLU,-0.07017651922281931
loose,replay_loose_2024-05-31,2024-05-31,2024-08-27,60,QQQ,0.04575635020122715
loose,replay_loose_2024-05-31,2024-05-31,2024-08-27,60,SOXX,-0.03555657440901827
loose,replay_loose_2024-05-31,2024-05-31,2024-08-27,60,XLI,0.040580112282402214
loose,replay_loose_2024-05-31,2024-05-31,2024-08-27,60,XLU,0.03503224472922695
loose,replay_loose_2024-05-31,2024-05-31,2024-11-20,120,QQQ,0.10337549207187002
loose,replay_loose_2024-05-31,2024-05-31,2024-11-20,120,SOXX,-0.1087878354504922
loose,replay_loose_2024-05-31,2024-05-31,2024-11-20,120,XLI,0.11933935134698481
loose,replay_loose_2024-05-31,2024-05-31,2024-11-20,120,XLU,0.10627380460245284
loose,replay_loose_2024-06-28,2024-06-28,2024-07-29,20,QQQ,-0.036238861334555894
loose,replay_loose_2024-06-28,2024-06-28,2024-07-29,20,SOXX,-0.07430392435371935
loose,replay_loose_2024-06-28,2024-06-28,2024-07-29,20,XLI,0.02773150796894164
loose,replay_loose_2024-06-28,2024-06-28,2024-07-29,20,XLU,0.03709313832496541
loose,replay_loose_2024-06-28,2024-06-28,2024-09-24,60,QQQ,0.0087117492602008
loose,replay_loose_2024-06-28,2024-06-28,2024-09-24,60,SOXX,-0.0806754190170853
loose,replay_loose_2024-06-28,2024-06-28,2024-09-24,60,XLI,0.09728606456885991
loose,replay_loose_2024-06-28,2024-06-28,2024-09-24,60,XLU,0.15773637488175807
loose,replay_loose_2024-06-28,2024-06-28,2024-12-18,120,QQQ,0.07356399783270129
loose,replay_loose_2024-06-28,2024-06-28,2024-12-18,120,SOXX,-0.12844133760805165
loose,replay_loose_2024-06-28,2024-06-28,2024-12-18,120,XLI,0.07889619942787085
loose,replay_loose_2024-06-28,2024-06-28,2024-12-18,120,XLU,0.0865728734628538
loose,replay_loose_2024-06-28,2024-06-28,2024-07-29,20,QQQ,-0.036238861334555894
loose,replay_loose_2024-06-28,2024-06-28,2024-07-29,20,SOXX,-0.07430392435371935
loose,replay_loose_2024-06-28,2024-06-28,2024-07-29,20,XLI,0.02773150796894164
loose,replay_loose_2024-06-28,2024-06-28,2024-07-29,20,XLU,0.03709313832496541
loose,replay_loose_2024-06-28,2024-06-28,2024-09-24,60,QQQ,0.0087117492602008
loose,replay_loose_2024-06-28,2024-06-28,2024-09-24,60,SOXX,-0.0806754190170853
loose,replay_loose_2024-06-28,2024-06-28,2024-09-24,60,XLI,0.09728606456885991
loose,replay_loose_2024-06-28,2024-06-28,2024-09-24,60,XLU,0.15773637488175807
loose,replay_loose_2024-06-28,2024-06-28,2024-12-18,120,QQQ,0.07356399783270129
loose,replay_loose_2024-06-28,2024-06-28,2024-12-18,120,SOXX,-0.12844133760805165
loose,replay_loose_2024-06-28,2024-06-28,2024-12-18,120,XLI,0.07889619942787085
loose,replay_loose_2024-06-28,2024-06-28,2024-12-18,120,XLU,0.0865728734628538
loose,replay_loose_2024-06-28,2024-06-28,2024-07-29,20,QQQ,-0.036238861334555894
loose,replay_loose_2024-06-28,2024-06-28,2024-07-29,20,SOXX,-0.07430392435371935
loose,replay_loose_2024-06-28,2024-06-28,2024-07-29,20,XLI,0.02773150796894164
loose,replay_loose_2024-06-28,2024-06-28,2024-07-29,20,XLU,0.03709313832496541
loose,replay_loose_2024-06-28,2024-06-28,2024-09-24,60,QQQ,0.0087117492602008
loose,replay_loose_2024-06-28,2024-06-28,2024-09-24,60,SOXX,-0.0806754190170853
loose,replay_loose_2024-06-28,2024-06-28,2024-09-24,60,XLI,0.09728606456885991
loose,replay_loose_2024-06-28,2024-06-28,2024-09-24,60,XLU,0.15773637488175807
loose,replay_loose_2024-06-28,2024-06-28,2024-12-18,120,QQQ,0.07356399783270129
loose,replay_loose_2024-06-28,2024-06-28,2024-12-18,120,SOXX,-0.12844133760805165
loose,replay_loose_2024-06-28,2024-06-28,2024-12-18,120,XLI,0.07889619942787085
loose,replay_loose_2024-06-28,2024-06-28,2024-12-18,120,XLU,0.0865728734628538
loose,replay_loose_2024-06-28,2024-06-28,2024-07-29,20,QQQ,-0.036238861334555894
loose,replay_loose_2024-06-28,2024-06-28,2024-07-29,20,SOXX,-0.07430392435371935
loose,replay_loose_2024-06-28,2024-06-28,2024-07-29,20,XLI,0.02773150796894164
loose,replay_loose_2024-06-28,2024-06-28,2024-07-29,20,XLU,0.03709313832496541
loose,replay_loose_2024-06-28,2024-06-28,2024-09-24,60,QQQ,0.0087117492602008
loose,replay_loose_2024-06-28,2024-06-28,2024-09-24,60,SOXX,-0.0806754190170853
loose,replay_loose_2024-06-28,2024-06-28,2024-09-24,60,XLI,0.09728606456885991
loose,replay_loose_2024-06-28,2024-06-28,2024-09-24,60,XLU,0.15773637488175807
loose,replay_loose_2024-06-28,2024-06-28,2024-12-18,120,QQQ,0.07356399783270129
loose,replay_loose_2024-06-28,2024-06-28,2024-12-18,120,SOXX,-0.12844133760805165
loose,replay_loose_2024-06-28,2024-06-28,2024-12-18,120,XLI,0.07889619942787085
loose,replay_loose_2024-06-28,2024-06-28,2024-12-18,120,XLU,0.0865728734628538
loose,replay_loose_2024-07-31,2024-07-31,2024-08-28,20,QQQ,-0.004102255384093587
loose,replay_loose_2024-07-31,2024-07-31,2024-08-28,20,SOXX,-0.0234992632400105
loose,replay_loose_2024-07-31,2024-07-31,2024-08-28,20,XLI,0.009862745098039197
loose,replay_loose_2024-07-31,2024-07-31,2024-08-28,20,XLU,0.030621517771373456
loose,replay_loose_2024-07-31,2024-07-31,2024-10-24,60,QQQ,0.04053908767169745
loose,replay_loose_2024-07-31,2024-07-31,2024-10-24,60,SOXX,-0.018211926844067024
loose,replay_loose_2024-07-31,2024-07-31,2024-10-24,60,XLI,0.061705882352941166
loose,replay_loose_2024-07-31,2024-07-31,2024-10-24,60,XLU,0.11639069575957162
loose,replay_loose_2024-07-31,2024-07-31,2025-01-23,120,QQQ,0.12595328132948957
loose,replay_loose_2024-07-31,2024-07-31,2025-01-23,120,SOXX,0.016979197364999424
loose,replay_loose_2024-07-31,2024-07-31,2025-01-23,120,XLI,0.10782352941176476
loose,replay_loose_2024-07-31,2024-07-31,2025-01-23,120,XLU,0.07659379717304782
loose,replay_loose_2024-07-31,2024-07-31,2024-08-28,20,QQQ,-0.004102255384093587
loose,replay_loose_2024-07-31,2024-07-31,2024-08-28,20,SOXX,-0.0234992632400105
loose,replay_loose_2024-07-31,2024-07-31,2024-08-28,20,XLI,0.009862745098039197
loose,replay_loose_2024-07-31,2024-07-31,2024-08-28,20,XLU,0.030621517771373456
loose,replay_loose_2024-07-31,2024-07-31,2024-10-24,60,QQQ,0.04053908767169745
loose,replay_loose_2024-07-31,2024-07-31,2024-10-24,60,SOXX,-0.018211926844067024
loose,replay_loose_2024-07-31,2024-07-31,2024-10-24,60,XLI,0.061705882352941166
loose,replay_loose_2024-07-31,2024-07-31,2024-10-24,60,XLU,0.11639069575957162
loose,replay_loose_2024-07-31,2024-07-31,2025-01-23,120,QQQ,0.12595328132948957
loose,replay_loose_2024-07-31,2024-07-31,2025-01-23,120,SOXX,0.016979197364999424
loose,replay_loose_2024-07-31,2024-07-31,2025-01-23,120,XLI,0.10782352941176476
loose,replay_loose_2024-07-31,2024-07-31,2025-01-23,120,XLU,0.07659379717304782
loose,replay_loose_2024-07-31,2024-07-31,2024-08-28,20,QQQ,-0.004102255384093587
loose,replay_loose_2024-07-31,2024-07-31,2024-08-28,20,SOXX,-0.0234992632400105
loose,replay_loose_2024-07-31,2024-07-31,2024-08-28,20,XLI,0.009862745098039197
loose,replay_loose_2024-07-31,2024-07-31,2024-08-28,20,XLU,0.030621517771373456
loose,replay_loose_2024-07-31,2024-07-31,2024-10-24,60,QQQ,0.04053908767169745
loose,replay_loose_2024-07-31,2024-07-31,2024-10-24,60,SOXX,-0.018211926844067024
loose,replay_loose_2024-07-31,2024-07-31,2024-10-24,60,XLI,0.061705882352941166
loose,replay_loose_2024-07-31,2024-07-31,2024-10-24,60,XLU,0.11639069575957162
loose,replay_loose_2024-07-31,2024-07-31,2025-01-23,120,QQQ,0.12595328132948957
loose,replay_loose_2024-07-31,2024-07-31,2025-01-23,120,SOXX,0.016979197364999424
loose,replay_loose_2024-07-31,2024-07-31,2025-01-23,120,XLI,0.10782352941176476
loose,replay_loose_2024-07-31,2024-07-31,2025-01-23,120,XLU,0.07659379717304782
loose,replay_loose_2024-07-31,2024-07-31,2024-08-28,20,QQQ,-0.004102255384093587
loose,replay_loose_2024-07-31,2024-07-31,2024-08-28,20,SOXX,-0.0234992632400105
loose,replay_loose_2024-07-31,2024-07-31,2024-08-28,20,XLI,0.009862745098039197
loose,replay_loose_2024-07-31,2024-07-31,2024-08-28,20,XLU,0.030621517771373456
loose,replay_loose_2024-07-31,2024-07-31,2024-10-24,60,QQQ,0.04053908767169745
loose,replay_loose_2024-07-31,2024-07-31,2024-10-24,60,SOXX,-0.018211926844067024
loose,replay_loose_2024-07-31,2024-07-31,2024-10-24,60,XLI,0.061705882352941166
loose,replay_loose_2024-07-31,2024-07-31,2024-10-24,60,XLU,0.11639069575957162
loose,replay_loose_2024-07-31,2024-07-31,2025-01-23,120,QQQ,0.12595328132948957
loose,replay_loose_2024-07-31,2024-07-31,2025-01-23,120,SOXX,0.016979197364999424
loose,replay_loose_2024-07-31,2024-07-31,2025-01-23,120,XLI,0.10782352941176476
loose,replay_loose_2024-07-31,2024-07-31,2025-01-23,120,XLU,0.07659379717304782
loose,replay_loose_2024-08-30,2024-08-30,2024-09-30,20,QQQ,0.028127829082225667
loose,replay_loose_2024-08-30,2024-08-30,2024-09-30,20,SOXX,0.013947656456880456
loose,replay_loose_2024-08-30,2024-08-30,2024-09-30,20,XLI,0.03216013146831764
loose,replay_loose_2024-08-30,2024-08-30,2024-09-30,20,XLU,0.05489887346083322
loose,replay_loose_2024-08-30,2024-08-30,2024-11-25,60,QQQ,0.06753950677289156
loose,replay_loose_2024-08-30,2024-08-30,2024-11-25,60,SOXX,-0.03883723188277877
loose,replay_loose_2024-08-30,2024-08-30,2024-11-25,60,XLI,0.09399610181151108
loose,replay_loose_2024-08-30,2024-08-30,2024-11-25,60,XLU,0.0661642651296831
loose,replay_loose_2024-08-30,2024-08-30,2025-02-25,120,QQQ,0.08180378690222112
loose,replay_loose_2024-08-30,2024-08-30,2025-02-25,120,SOXX,-0.05772680730867685
loose,replay_loose_2024-08-30,2024-08-30,2025-02-25,120,XLI,0.028338378047848226
loose,replay_loose_2024-08-30,2024-08-30,2025-02-25,120,XLU,0.0378697930311761
loose,replay_loose_2024-08-30,2024-08-30,2024-09-30,20,QQQ,0.028127829082225667
loose,replay_loose_2024-08-30,2024-08-30,2024-09-30,20,SOXX,0.013947656456880456
loose,replay_loose_2024-08-30,2024-08-30,2024-09-30,20,XLI,0.03216013146831764
loose,replay_loose_2024-08-30,2024-08-30,2024-09-30,20,XLU,0.05489887346083322
loose,replay_loose_2024-08-30,2024-08-30,2024-11-25,60,QQQ,0.06753950677289156
loose,replay_loose_2024-08-30,2024-08-30,2024-11-25,60,SOXX,-0.03883723188277877
loose,replay_loose_2024-08-30,2024-08-30,2024-11-25,60,XLI,0.09399610181151108
loose,replay_loose_2024-08-30,2024-08-30,2024-11-25,60,XLU,0.0661642651296831
loose,replay_loose_2024-08-30,2024-08-30,2025-02-25,120,QQQ,0.08180378690222112
loose,replay_loose_2024-08-30,2024-08-30,2025-02-25,120,SOXX,-0.05772680730867685
loose,replay_loose_2024-08-30,2024-08-30,2025-02-25,120,XLI,0.028338378047848226
loose,replay_loose_2024-08-30,2024-08-30,2025-02-25,120,XLU,0.0378697930311761
loose,replay_loose_2024-08-30,2024-08-30,2024-09-30,20,QQQ,0.028127829082225667
loose,replay_loose_2024-08-30,2024-08-30,2024-09-30,20,SOXX,0.013947656456880456
loose,replay_loose_2024-08-30,2024-08-30,2024-09-30,20,XLI,0.03216013146831764
loose,replay_loose_2024-08-30,2024-08-30,2024-09-30,20,XLU,0.05489887346083322
loose,replay_loose_2024-08-30,2024-08-30,2024-11-25,60,QQQ,0.06753950677289156
loose,replay_loose_2024-08-30,2024-08-30,2024-11-25,60,SOXX,-0.03883723188277877
loose,replay_loose_2024-08-30,2024-08-30,2024-11-25,60,XLI,0.09399610181151108
loose,replay_loose_2024-08-30,2024-08-30,2024-11-25,60,XLU,0.0661642651296831
loose,replay_loose_2024-08-30,2024-08-30,2025-02-25,120,QQQ,0.08180378690222112
loose,replay_loose_2024-08-30,2024-08-30,2025-02-25,120,SOXX,-0.05772680730867685
loose,replay_loose_2024-08-30,2024-08-30,2025-02-25,120,XLI,0.028338378047848226
loose,replay_loose_2024-08-30,2024-08-30,2025-02-25,120,XLU,0.0378697930311761
loose,replay_loose_2024-08-30,2024-08-30,2024-09-30,20,QQQ,0.028127829082225667
loose,replay_loose_2024-08-30,2024-08-30,2024-09-30,20,SOXX,0.013947656456880456
loose,replay_loose_2024-08-30,2024-08-30,2024-09-30,20,XLI,0.03216013146831764
loose,replay_loose_2024-08-30,2024-08-30,2024-09-30,20,XLU,0.05489887346083322
loose,replay_loose_2024-08-30,2024-08-30,2024-11-25,60,QQQ,0.06753950677289156
loose,replay_loose_2024-08-30,2024-08-30,2024-11-25,60,SOXX,-0.03883723188277877
loose,replay_loose_2024-08-30,2024-08-30,2024-11-25,60,XLI,0.09399610181151108
loose,replay_loose_2024-08-30,2024-08-30,2024-11-25,60,XLU,0.0661642651296831
loose,replay_loose_2024-08-30,2024-08-30,2025-02-25,120,QQQ,0.08180378690222112
loose,replay_loose_2024-08-30,2024-08-30,2025-02-25,120,SOXX,-0.05772680730867685
loose,replay_loose_2024-08-30,2024-08-30,2025-02-25,120,XLI,0.028338378047848226
loose,replay_loose_2024-08-30,2024-08-30,2025-02-25,120,XLU,0.0378697930311761
loose,replay_loose_2024-09-30,2024-09-30,2024-10-28,20,QQQ,0.012746739932748222
loose,replay_loose_2024-09-30,2024-09-30,2024-10-28,20,SOXX,-0.006643303261623876
loose,replay_loose_2024-09-30,2024-09-30,2024-10-28,20,XLI,-0.00019370799793227717
loose,replay_loose_2024-09-30,2024-09-30,2024-10-28,20,XLU,0.000530286138981653
loose,replay_loose_2024-09-30,2024-09-30,2024-12-24,60,QQQ,0.08370958746821933
loose,replay_loose_2024-09-30,2024-09-30,2024-12-24,60,SOXX,-0.03327411519777923
loose,replay_loose_2024-09-30,2024-09-30,2024-12-24,60,XLI,-0.012378923270068728
loose,replay_loose_2024-09-30,2024-09-30,2024-12-24,60,XLU,-0.05576848755109631
loose,replay_loose_2024-09-30,2024-09-30,2025-03-25,120,QQQ,0.008912572787665
loose,replay_loose_2024-09-30,2024-09-30,2025-03-25,120,SOXX,-0.1176339347675226
loose,replay_loose_2024-09-30,2024-09-30,2025-03-25,120,XLI,-0.0097941806365851
loose,replay_loose_2024-09-30,2024-09-30,2025-03-25,120,XLU,-0.05019435154217766
loose,replay_loose_2024-09-30,2024-09-30,2024-10-28,20,QQQ,0.012746739932748222
loose,replay_loose_2024-09-30,2024-09-30,2024-10-28,20,SOXX,-0.006643303261623876
loose,replay_loose_2024-09-30,2024-09-30,2024-10-28,20,XLI,-0.00019370799793227717
loose,replay_loose_2024-09-30,2024-09-30,2024-10-28,20,XLU,0.000530286138981653
loose,replay_loose_2024-09-30,2024-09-30,2024-12-24,60,QQQ,0.08370958746821933
loose,replay_loose_2024-09-30,2024-09-30,2024-12-24,60,SOXX,-0.03327411519777923
loose,replay_loose_2024-09-30,2024-09-30,2024-12-24,60,XLI,-0.012378923270068728
loose,replay_loose_2024-09-30,2024-09-30,2024-12-24,60,XLU,-0.05576848755109631
loose,replay_loose_2024-09-30,2024-09-30,2025-03-25,120,QQQ,0.008912572787665
loose,replay_loose_2024-09-30,2024-09-30,2025-03-25,120,SOXX,-0.1176339347675226
loose,replay_loose_2024-09-30,2024-09-30,2025-03-25,120,XLI,-0.0097941806365851
loose,replay_loose_2024-09-30,2024-09-30,2025-03-25,120,XLU,-0.05019435154217766
loose,replay_loose_2024-09-30,2024-09-30,2024-10-28,20,QQQ,0.012746739932748222
loose,replay_loose_2024-09-30,2024-09-30,2024-10-28,20,SOXX,-0.006643303261623876
loose,replay_loose_2024-09-30,2024-09-30,2024-10-28,20,XLI,-0.00019370799793227717
loose,replay_loose_2024-09-30,2024-09-30,2024-10-28,20,XLU,0.000530286138981653
loose,replay_loose_2024-09-30,2024-09-30,2024-12-24,60,QQQ,0.08370958746821933
loose,replay_loose_2024-09-30,2024-09-30,2024-12-24,60,SOXX,-0.03327411519777923
loose,replay_loose_2024-09-30,2024-09-30,2024-12-24,60,XLI,-0.012378923270068728
loose,replay_loose_2024-09-30,2024-09-30,2024-12-24,60,XLU,-0.05576848755109631
loose,replay_loose_2024-09-30,2024-09-30,2025-03-25,120,QQQ,0.008912572787665
loose,replay_loose_2024-09-30,2024-09-30,2025-03-25,120,SOXX,-0.1176339347675226
loose,replay_loose_2024-09-30,2024-09-30,2025-03-25,120,XLI,-0.0097941806365851
loose,replay_loose_2024-09-30,2024-09-30,2025-03-25,120,XLU,-0.05019435154217766
loose,replay_loose_2024-09-30,2024-09-30,2024-10-28,20,QQQ,0.012746739932748222
loose,replay_loose_2024-09-30,2024-09-30,2024-10-28,20,SOXX,-0.006643303261623876
loose,replay_loose_2024-09-30,2024-09-30,2024-10-28,20,XLI,-0.00019370799793227717
loose,replay_loose_2024-09-30,2024-09-30,2024-10-28,20,XLU,0.000530286138981653
loose,replay_loose_2024-09-30,2024-09-30,2024-12-24,60,QQQ,0.08370958746821933
loose,replay_loose_2024-09-30,2024-09-30,2024-12-24,60,SOXX,-0.03327411519777923
loose,replay_loose_2024-09-30,2024-09-30,2024-12-24,60,XLI,-0.012378923270068728
loose,replay_loose_2024-09-30,2024-09-30,2024-12-24,60,XLU,-0.05576848755109631
loose,replay_loose_2024-09-30,2024-09-30,2025-03-25,120,QQQ,0.008912572787665
loose,replay_loose_2024-09-30,2024-09-30,2025-03-25,120,SOXX,-0.1176339347675226
loose,replay_loose_2024-09-30,2024-09-30,2025-03-25,120,XLI,-0.0097941806365851
loose,replay_loose_2024-09-30,2024-09-30,2025-03-25,120,XLU,-0.05019435154217766
loose,replay_loose_2024-10-31,2024-10-31,2024-11-29,20,QQQ,0.0470144193136407
loose,replay_loose_2024-10-31,2024-10-31,2024-11-29,20,SOXX,-0.023077764387548712
loose,replay_loose_2024-10-31,2024-10-31,2024-11-29,20,XLI,0.06742463002900279
loose,replay_loose_2024-10-31,2024-10-31,2024-11-29,20,XLU,0.035837384114257076
loose,replay_loose_2024-10-31,2024-10-31,2025-01-30,60,QQQ,0.07445231326988833
loose,replay_loose_2024-10-31,2024-10-31,2025-01-30,60,SOXX,-0.008388935628368063
loose,replay_loose_2024-10-31,2024-10-31,2025-01-30,60,XLI,0.03329062244366765
loose,replay_loose_2024-10-31,2024-10-31,2025-01-30,60,XLU,-0.02129115509897261
loose,replay_loose_2024-10-31,2024-10-31,2025-04-28,120,QQQ,-0.029737527293700713
loose,replay_loose_2024-10-31,2024-10-31,2025-04-28,120,SOXX,-0.16419056822574418
loose,replay_loose_2024-10-31,2024-10-31,2025-04-28,120,XLI,-0.04062921097642602
loose,replay_loose_2024-10-31,2024-10-31,2025-04-28,120,XLU,-0.017031571034828216
loose,replay_loose_2024-10-31,2024-10-31,2024-11-29,20,QQQ,0.0470144193136407
loose,replay_loose_2024-10-31,2024-10-31,2024-11-29,20,SOXX,-0.023077764387548712
loose,replay_loose_2024-10-31,2024-10-31,2024-11-29,20,XLI,0.06742463002900279
loose,replay_loose_2024-10-31,2024-10-31,2024-11-29,20,XLU,0.035837384114257076
loose,replay_loose_2024-10-31,2024-10-31,2025-01-30,60,QQQ,0.07445231326988833
loose,replay_loose_2024-10-31,2024-10-31,2025-01-30,60,SOXX,-0.008388935628368063
loose,replay_loose_2024-10-31,2024-10-31,2025-01-30,60,XLI,0.03329062244366765
loose,replay_loose_2024-10-31,2024-10-31,2025-01-30,60,XLU,-0.02129115509897261
loose,replay_loose_2024-10-31,2024-10-31,2025-04-28,120,QQQ,-0.029737527293700713
loose,replay_loose_2024-10-31,2024-10-31,2025-04-28,120,SOXX,-0.16419056822574418
loose,replay_loose_2024-10-31,2024-10-31,2025-04-28,120,XLI,-0.04062921097642602
loose,replay_loose_2024-10-31,2024-10-31,2025-04-28,120,XLU,-0.017031571034828216
loose,replay_loose_2024-10-31,2024-10-31,2024-11-29,20,QQQ,0.0470144193136407
loose,replay_loose_2024-10-31,2024-10-31,2024-11-29,20,SOXX,-0.023077764387548712
loose,replay_loose_2024-10-31,2024-10-31,2024-11-29,20,XLI,0.06742463002900279
loose,replay_loose_2024-10-31,2024-10-31,2024-11-29,20,XLU,0.035837384114257076
loose,replay_loose_2024-10-31,2024-10-31,2025-01-30,60,QQQ,0.07445231326988833
loose,replay_loose_2024-10-31,2024-10-31,2025-01-30,60,SOXX,-0.008388935628368063
loose,replay_loose_2024-10-31,2024-10-31,2025-01-30,60,XLI,0.03329062244366765
loose,replay_loose_2024-10-31,2024-10-31,2025-01-30,60,XLU,-0.02129115509897261
loose,replay_loose_2024-10-31,2024-10-31,2025-04-28,120,QQQ,-0.029737527293700713
loose,replay_loose_2024-10-31,2024-10-31,2025-04-28,120,SOXX,-0.16419056822574418
loose,replay_loose_2024-10-31,2024-10-31,2025-04-28,120,XLI,-0.04062921097642602
loose,replay_loose_2024-10-31,2024-10-31,2025-04-28,120,XLU,-0.017031571034828216
loose,replay_loose_2024-10-31,2024-10-31,2024-11-29,20,QQQ,0.0470144193136407
loose,replay_loose_2024-10-31,2024-10-31,2024-11-29,20,SOXX,-0.023077764387548712
loose,replay_loose_2024-10-31,2024-10-31,2024-11-29,20,XLI,0.06742463002900279
loose,replay_loose_2024-10-31,2024-10-31,2024-11-29,20,XLU,0.035837384114257076
loose,replay_loose_2024-10-31,2024-10-31,2025-01-30,60,QQQ,0.07445231326988833
loose,replay_loose_2024-10-31,2024-10-31,2025-01-30,60,SOXX,-0.008388935628368063
loose,replay_loose_2024-10-31,2024-10-31,2025-01-30,60,XLI,0.03329062244366765
loose,replay_loose_2024-10-31,2024-10-31,2025-01-30,60,XLU,-0.02129115509897261
loose,replay_loose_2024-10-31,2024-10-31,2025-04-28,120,QQQ,-0.029737527293700713
loose,replay_loose_2024-10-31,2024-10-31,2025-04-28,120,SOXX,-0.16419056822574418
loose,replay_loose_2024-10-31,2024-10-31,2025-04-28,120,XLI,-0.04062921097642602
loose,replay_loose_2024-10-31,2024-10-31,2025-04-28,120,XLU,-0.017031571034828216
loose,replay_loose_2024-11-29,2024-11-29,2024-12-30,20,QQQ,0.005884018550770145
loose,replay_loose_2024-11-29,2024-11-29,2024-12-30,20,SOXX,-0.001985988200590036
loose,replay_loose_2024-11-29,2024-11-29,2024-12-30,20,XLI,-0.08740927391364706
loose,replay_loose_2024-11-29,2024-11-29,2024-12-30,20,XLU,-0.08934828750602986
loose,replay_loose_2024-11-29,2024-11-29,2025-02-28,60,QQQ,-0.008772655225720568
loose,replay_loose_2024-11-29,2024-11-29,2025-02-28,60,SOXX,-0.04245427728613571
loose,replay_loose_2024-11-29,2024-11-29,2025-02-28,60,XLI,-0.05651936693044568
loose,replay_loose_2024-11-29,2024-11-29,2025-02-28,60,XLU,-0.047983116256632985
loose,replay_loose_2024-11-29,2024-11-29,2025-05-27,120,QQQ,0.016920552609435927
loose,replay_loose_2024-11-29,2024-11-29,2025-05-27,120,SOXX,-0.037845132743362875
loose,replay_loose_2024-11-29,2024-11-29,2025-05-27,120,XLI,-0.007928502013050173
loose,replay_loose_2024-11-29,2024-11-29,2025-05-27,120,XLU,-0.01783357452966716
loose,replay_loose_2024-11-29,2024-11-29,2024-12-30,20,QQQ,0.005884018550770145
loose,replay_loose_2024-11-29,2024-11-29,2024-12-30,20,SOXX,-0.001985988200590036
loose,replay_loose_2024-11-29,2024-11-29,2024-12-30,20,XLI,-0.08740927391364706
loose,replay_loose_2024-11-29,2024-11-29,2024-12-30,20,XLU,-0.08934828750602986
loose,replay_loose_2024-11-29,2024-11-29,2025-02-28,60,QQQ,-0.008772655225720568
loose,replay_loose_2024-11-29,2024-11-29,2025-02-28,60,SOXX,-0.04245427728613571
loose,replay_loose_2024-11-29,2024-11-29,2025-02-28,60,XLI,-0.05651936693044568
loose,replay_loose_2024-11-29,2024-11-29,2025-02-28,60,XLU,-0.047983116256632985
loose,replay_loose_2024-11-29,2024-11-29,2025-05-27,120,QQQ,0.016920552609435927
loose,replay_loose_2024-11-29,2024-11-29,2025-05-27,120,SOXX,-0.037845132743362875
loose,replay_loose_2024-11-29,2024-11-29,2025-05-27,120,XLI,-0.007928502013050173
loose,replay_loose_2024-11-29,2024-11-29,2025-05-27,120,XLU,-0.01783357452966716
loose,replay_loose_2024-11-29,2024-11-29,2024-12-30,20,QQQ,0.005884018550770145
loose,replay_loose_2024-11-29,2024-11-29,2024-12-30,20,SOXX,-0.001985988200590036
loose,replay_loose_2024-11-29,2024-11-29,2024-12-30,20,XLI,-0.08740927391364706
loose,replay_loose_2024-11-29,2024-11-29,2024-12-30,20,XLU,-0.08934828750602986
loose,replay_loose_2024-11-29,2024-11-29,2025-02-28,60,QQQ,-0.008772655225720568
loose,replay_loose_2024-11-29,2024-11-29,2025-02-28,60,SOXX,-0.04245427728613571
loose,replay_loose_2024-11-29,2024-11-29,2025-02-28,60,XLI,-0.05651936693044568
loose,replay_loose_2024-11-29,2024-11-29,2025-02-28,60,XLU,-0.047983116256632985
loose,replay_loose_2024-11-29,2024-11-29,2025-05-27,120,QQQ,0.016920552609435927
loose,replay_loose_2024-11-29,2024-11-29,2025-05-27,120,SOXX,-0.037845132743362875
loose,replay_loose_2024-11-29,2024-11-29,2025-05-27,120,XLI,-0.007928502013050173
loose,replay_loose_2024-11-29,2024-11-29,2025-05-27,120,XLU,-0.01783357452966716
loose,replay_loose_2024-11-29,2024-11-29,2024-12-30,20,QQQ,0.005884018550770145
loose,replay_loose_2024-11-29,2024-11-29,2024-12-30,20,SOXX,-0.001985988200590036
loose,replay_loose_2024-11-29,2024-11-29,2024-12-30,20,XLI,-0.08740927391364706
loose,replay_loose_2024-11-29,2024-11-29,2024-12-30,20,XLU,-0.08934828750602986
loose,replay_loose_2024-11-29,2024-11-29,2025-02-28,60,QQQ,-0.008772655225720568
loose,replay_loose_2024-11-29,2024-11-29,2025-02-28,60,SOXX,-0.04245427728613571
loose,replay_loose_2024-11-29,2024-11-29,2025-02-28,60,XLI,-0.05651936693044568
loose,replay_loose_2024-11-29,2024-11-29,2025-02-28,60,XLU,-0.047983116256632985
loose,replay_loose_2024-11-29,2024-11-29,2025-05-27,120,QQQ,0.016920552609435927
loose,replay_loose_2024-11-29,2024-11-29,2025-05-27,120,SOXX,-0.037845132743362875
loose,replay_loose_2024-11-29,2024-11-29,2025-05-27,120,XLI,-0.007928502013050173
loose,replay_loose_2024-11-29,2024-11-29,2025-05-27,120,XLU,-0.01783357452966716
loose,replay_loose_2024-12-31,2024-12-31,2025-01-31,20,QQQ,0.012693366781401209
loose,replay_loose_2024-12-31,2024-12-31,2025-01-31,20,SOXX,0.00017081016497411377
loose,replay_loose_2024-12-31,2024-12-31,2025-01-31,20,XLI,0.03891458913911283
loose,replay_loose_2024-12-31,2024-12-31,2025-01-31,20,XLU,0.018038143924498432
loose,replay_loose_2024-12-31,2024-12-31,2025-03-31,60,QQQ,-0.09111232327946639
loose,replay_loose_2024-12-31,2024-12-31,2025-03-31,60,SOXX,-0.13925292955286983
loose,replay_loose_2024-12-31,2024-12-31,2025-03-31,60,XLI,-0.015653460872184995
loose,replay_loose_2024-12-31,2024-12-31,2025-03-31,60,XLU,0.030162930921483592
loose,replay_loose_2024-12-31,2024-12-31,2025-06-26,120,QQQ,0.059326196449059565
loose,replay_loose_2024-12-31,2024-12-31,2025-06-26,120,SOXX,0.09582358347502418
loose,replay_loose_2024-12-31,2024-12-31,2025-06-26,120,XLI,0.09167500188295541
loose,replay_loose_2024-12-31,2024-12-31,2025-06-26,120,XLU,0.06083536505439746
loose,replay_loose_2024-12-31,2024-12-31,2025-01-31,20,QQQ,0.012693366781401209
loose,replay_loose_2024-12-31,2024-12-31,2025-01-31,20,SOXX,0.00017081016497411377
loose,replay_loose_2024-12-31,2024-12-31,2025-01-31,20,XLI,0.03891458913911283
loose,replay_loose_2024-12-31,2024-12-31,2025-01-31,20,XLU,0.018038143924498432
loose,replay_loose_2024-12-31,2024-12-31,2025-03-31,60,QQQ,-0.09111232327946639
loose,replay_loose_2024-12-31,2024-12-31,2025-03-31,60,SOXX,-0.13925292955286983
loose,replay_loose_2024-12-31,2024-12-31,2025-03-31,60,XLI,-0.015653460872184995
loose,replay_loose_2024-12-31,2024-12-31,2025-03-31,60,XLU,0.030162930921483592
loose,replay_loose_2024-12-31,2024-12-31,2025-06-26,120,QQQ,0.059326196449059565
loose,replay_loose_2024-12-31,2024-12-31,2025-06-26,120,SOXX,0.09582358347502418
loose,replay_loose_2024-12-31,2024-12-31,2025-06-26,120,XLI,0.09167500188295541
loose,replay_loose_2024-12-31,2024-12-31,2025-06-26,120,XLU,0.06083536505439746
loose,replay_loose_2024-12-31,2024-12-31,2025-01-31,20,QQQ,0.012693366781401209
loose,replay_loose_2024-12-31,2024-12-31,2025-01-31,20,SOXX,0.00017081016497411377
loose,replay_loose_2024-12-31,2024-12-31,2025-01-31,20,XLI,0.03891458913911283
loose,replay_loose_2024-12-31,2024-12-31,2025-01-31,20,XLU,0.018038143924498432
loose,replay_loose_2024-12-31,2024-12-31,2025-03-31,60,QQQ,-0.09111232327946639
loose,replay_loose_2024-12-31,2024-12-31,2025-03-31,60,SOXX,-0.13925292955286983
loose,replay_loose_2024-12-31,2024-12-31,2025-03-31,60,XLI,-0.015653460872184995
loose,replay_loose_2024-12-31,2024-12-31,2025-03-31,60,XLU,0.030162930921483592
loose,replay_loose_2024-12-31,2024-12-31,2025-06-26,120,QQQ,0.059326196449059565
loose,replay_loose_2024-12-31,2024-12-31,2025-06-26,120,SOXX,0.09582358347502418
loose,replay_loose_2024-12-31,2024-12-31,2025-06-26,120,XLI,0.09167500188295541
loose,replay_loose_2024-12-31,2024-12-31,2025-06-26,120,XLU,0.06083536505439746
loose,replay_loose_2024-12-31,2024-12-31,2025-01-31,20,QQQ,0.012693366781401209
loose,replay_loose_2024-12-31,2024-12-31,2025-01-31,20,SOXX,0.00017081016497411377
loose,replay_loose_2024-12-31,2024-12-31,2025-01-31,20,XLI,0.03891458913911283
loose,replay_loose_2024-12-31,2024-12-31,2025-01-31,20,XLU,0.018038143924498432
loose,replay_loose_2024-12-31,2024-12-31,2025-03-31,60,QQQ,-0.09111232327946639
loose,replay_loose_2024-12-31,2024-12-31,2025-03-31,60,SOXX,-0.13925292955286983
loose,replay_loose_2024-12-31,2024-12-31,2025-03-31,60,XLI,-0.015653460872184995
loose,replay_loose_2024-12-31,2024-12-31,2025-03-31,60,XLU,0.030162930921483592
loose,replay_loose_2024-12-31,2024-12-31,2025-06-26,120,QQQ,0.059326196449059565
loose,replay_loose_2024-12-31,2024-12-31,2025-06-26,120,SOXX,0.09582358347502418
loose,replay_loose_2024-12-31,2024-12-31,2025-06-26,120,XLI,0.09167500188295541
loose,replay_loose_2024-12-31,2024-12-31,2025-06-26,120,XLU,0.06083536505439746
loose,replay_loose_2025-01-31,2025-01-31,2025-03-03,20,QQQ,-0.03405456954158459
loose,replay_loose_2025-01-31,2025-01-31,2025-03-03,20,SOXX,-0.055088243612708476
loose,replay_loose_2025-01-31,2025-01-31,2025-03-03,20,XLI,-0.014397896904184245
loose,replay_loose_2025-01-31,2025-01-31,2025-03-03,20,XLU,0.029392350721998087
loose,replay_loose_2025-01-31,2025-01-31,2025-04-29,60,QQQ,-0.07685688402267721
loose,replay_loose_2025-01-31,2025-01-31,2025-04-29,60,SOXX,-0.14248336004525308
loose,replay_loose_2025-01-31,2025-01-31,2025-04-29,60,XLI,-0.0452825207735863
loose,replay_loose_2025-01-31,2025-01-31,2025-04-29,60,XLU,0.02809145310264072
loose,replay_loose_2025-01-31,2025-01-31,2025-07-25,120,QQQ,0.10056718424282585
loose,replay_loose_2025-01-31,2025-01-31,2025-07-25,120,SOXX,0.13544630904119914
loose,replay_loose_2025-01-31,2025-01-31,2025-07-25,120,XLI,0.13656908596220296
loose,replay_loose_2025-01-31,2025-01-31,2025-07-25,120,XLU,0.09651866788083774
loose,replay_loose_2025-01-31,2025-01-31,2025-03-03,20,QQQ,-0.03405456954158459
loose,replay_loose_2025-01-31,2025-01-31,2025-03-03,20,SOXX,-0.055088243612708476
loose,replay_loose_2025-01-31,2025-01-31,2025-03-03,20,XLI,-0.014397896904184245
loose,replay_loose_2025-01-31,2025-01-31,2025-03-03,20,XLU,0.029392350721998087
loose,replay_loose_2025-01-31,2025-01-31,2025-04-29,60,QQQ,-0.07685688402267721
loose,replay_loose_2025-01-31,2025-01-31,2025-04-29,60,SOXX,-0.14248336004525308
loose,replay_loose_2025-01-31,2025-01-31,2025-04-29,60,XLI,-0.0452825207735863
loose,replay_loose_2025-01-31,2025-01-31,2025-04-29,60,XLU,0.02809145310264072
loose,replay_loose_2025-01-31,2025-01-31,2025-07-25,120,QQQ,0.10056718424282585
loose,replay_loose_2025-01-31,2025-01-31,2025-07-25,120,SOXX,0.13544630904119914
loose,replay_loose_2025-01-31,2025-01-31,2025-07-25,120,XLI,0.13656908596220296
loose,replay_loose_2025-01-31,2025-01-31,2025-07-25,120,XLU,0.09651866788083774
loose,replay_loose_2025-01-31,2025-01-31,2025-03-03,20,QQQ,-0.03405456954158459
loose,replay_loose_2025-01-31,2025-01-31,2025-03-03,20,SOXX,-0.055088243612708476
loose,replay_loose_2025-01-31,2025-01-31,2025-03-03,20,XLI,-0.014397896904184245
loose,replay_loose_2025-01-31,2025-01-31,2025-03-03,20,XLU,0.029392350721998087
loose,replay_loose_2025-01-31,2025-01-31,2025-04-29,60,QQQ,-0.07685688402267721
loose,replay_loose_2025-01-31,2025-01-31,2025-04-29,60,SOXX,-0.14248336004525308
loose,replay_loose_2025-01-31,2025-01-31,2025-04-29,60,XLI,-0.0452825207735863
loose,replay_loose_2025-01-31,2025-01-31,2025-04-29,60,XLU,0.02809145310264072
loose,replay_loose_2025-01-31,2025-01-31,2025-07-25,120,QQQ,0.10056718424282585
loose,replay_loose_2025-01-31,2025-01-31,2025-07-25,120,SOXX,0.13544630904119914
loose,replay_loose_2025-01-31,2025-01-31,2025-07-25,120,XLI,0.13656908596220296
loose,replay_loose_2025-01-31,2025-01-31,2025-07-25,120,XLU,0.09651866788083774
loose,replay_loose_2025-01-31,2025-01-31,2025-03-03,20,QQQ,-0.03405456954158459
loose,replay_loose_2025-01-31,2025-01-31,2025-03-03,20,SOXX,-0.055088243612708476
loose,replay_loose_2025-01-31,2025-01-31,2025-03-03,20,XLI,-0.014397896904184245
loose,replay_loose_2025-01-31,2025-01-31,2025-03-03,20,XLU,0.029392350721998087
loose,replay_loose_2025-01-31,2025-01-31,2025-04-29,60,QQQ,-0.07685688402267721
loose,replay_loose_2025-01-31,2025-01-31,2025-04-29,60,SOXX,-0.14248336004525308
loose,replay_loose_2025-01-31,2025-01-31,2025-04-29,60,XLI,-0.0452825207735863
loose,replay_loose_2025-01-31,2025-01-31,2025-04-29,60,XLU,0.02809145310264072
loose,replay_loose_2025-01-31,2025-01-31,2025-07-25,120,QQQ,0.10056718424282585
loose,replay_loose_2025-01-31,2025-01-31,2025-07-25,120,SOXX,0.13544630904119914
loose,replay_loose_2025-01-31,2025-01-31,2025-07-25,120,XLI,0.13656908596220296
loose,replay_loose_2025-01-31,2025-01-31,2025-07-25,120,XLU,0.09651866788083774
loose,replay_loose_2025-02-28,2025-02-28,2025-03-28,20,QQQ,-0.08585337114359759
loose,replay_loose_2025-02-28,2025-02-28,2025-03-28,20,SOXX,-0.10876512455516008
loose,replay_loose_2025-02-28,2025-02-28,2025-03-28,20,XLI,-0.05395123551279257
loose,replay_loose_2025-02-28,2025-02-28,2025-03-28,20,XLU,-0.016404147698533152
loose,replay_loose_2025-02-28,2025-02-28,2025-05-27,60,QQQ,0.016332127316286308
loose,replay_loose_2025-02-28,2025-02-28,2025-05-27,60,SOXX,-0.00940569395017787
loose,replay_loose_2025-02-28,2025-02-28,2025-05-27,60,XLI,0.04190123186821204
loose,replay_loose_2025-02-28,2025-02-28,2025-05-27,60,XLU,0.030004552352048578
loose,replay_loose_2025-02-28,2025-02-28,2025-08-21,120,QQQ,0.0988236933457195
loose,replay_loose_2025-02-28,2025-02-28,2025-08-21,120,SOXX,0.1470355871886121
loose,replay_loose_2025-02-28,2025-02-28,2025-08-21,120,XLI,0.09533078212697721
loose,replay_loose_2025-02-28,2025-02-28,2025-08-21,120,XLU,0.07944815376833592
loose,replay_loose_2025-02-28,2025-02-28,2025-03-28,20,QQQ,-0.08585337114359759
loose,replay_loose_2025-02-28,2025-02-28,2025-03-28,20,SOXX,-0.10876512455516008
loose,replay_loose_2025-02-28,2025-02-28,2025-03-28,20,XLI,-0.05395123551279257
loose,replay_loose_2025-02-28,2025-02-28,2025-03-28,20,XLU,-0.016404147698533152
loose,replay_loose_2025-02-28,2025-02-28,2025-05-27,60,QQQ,0.016332127316286308
loose,replay_loose_2025-02-28,2025-02-28,2025-05-27,60,SOXX,-0.00940569395017787
loose,replay_loose_2025-02-28,2025-02-28,2025-05-27,60,XLI,0.04190123186821204
loose,replay_loose_2025-02-28,2025-02-28,2025-05-27,60,XLU,0.030004552352048578
loose,replay_loose_2025-02-28,2025-02-28,2025-08-21,120,QQQ,0.0988236933457195
loose,replay_loose_2025-02-28,2025-02-28,2025-08-21,120,SOXX,0.1470355871886121
loose,replay_loose_2025-02-28,2025-02-28,2025-08-21,120,XLI,0.09533078212697721
loose,replay_loose_2025-02-28,2025-02-28,2025-08-21,120,XLU,0.07944815376833592
loose,replay_loose_2025-02-28,2025-02-28,2025-03-28,20,QQQ,-0.08585337114359759
loose,replay_loose_2025-02-28,2025-02-28,2025-03-28,20,SOXX,-0.10876512455516008
loose,replay_loose_2025-02-28,2025-02-28,2025-03-28,20,XLI,-0.05395123551279257
loose,replay_loose_2025-02-28,2025-02-28,2025-03-28,20,XLU,-0.016404147698533152
loose,replay_loose_2025-02-28,2025-02-28,2025-05-27,60,QQQ,0.016332127316286308
loose,replay_loose_2025-02-28,2025-02-28,2025-05-27,60,SOXX,-0.00940569395017787
loose,replay_loose_2025-02-28,2025-02-28,2025-05-27,60,XLI,0.04190123186821204
loose,replay_loose_2025-02-28,2025-02-28,2025-05-27,60,XLU,0.030004552352048578
loose,replay_loose_2025-02-28,2025-02-28,2025-08-21,120,QQQ,0.0988236933457195
loose,replay_loose_2025-02-28,2025-02-28,2025-08-21,120,SOXX,0.1470355871886121
loose,replay_loose_2025-02-28,2025-02-28,2025-08-21,120,XLI,0.09533078212697721
loose,replay_loose_2025-02-28,2025-02-28,2025-08-21,120,XLU,0.07944815376833592
loose,replay_loose_2025-02-28,2025-02-28,2025-03-28,20,QQQ,-0.08585337114359759
loose,replay_loose_2025-02-28,2025-02-28,2025-03-28,20,SOXX,-0.10876512455516008
loose,replay_loose_2025-02-28,2025-02-28,2025-03-28,20,XLI,-0.05395123551279257
loose,replay_loose_2025-02-28,2025-02-28,2025-03-28,20,XLU,-0.016404147698533152
loose,replay_loose_2025-02-28,2025-02-28,2025-05-27,60,QQQ,0.016332127316286308
loose,replay_loose_2025-02-28,2025-02-28,2025-05-27,60,SOXX,-0.00940569395017787
loose,replay_loose_2025-02-28,2025-02-28,2025-05-27,60,XLI,0.04190123186821204
loose,replay_loose_2025-02-28,2025-02-28,2025-05-27,60,XLU,0.030004552352048578
loose,replay_loose_2025-02-28,2025-02-28,2025-08-21,120,QQQ,0.0988236933457195
loose,replay_loose_2025-02-28,2025-02-28,2025-08-21,120,SOXX,0.1470355871886121
loose,replay_loose_2025-02-28,2025-02-28,2025-08-21,120,XLI,0.09533078212697721
loose,replay_loose_2025-02-28,2025-02-28,2025-08-21,120,XLU,0.07944815376833592
loose,replay_loose_2025-03-31,2025-03-31,2025-04-29,20,QQQ,0.014312589612446195
loose,replay_loose_2025-03-31,2025-03-31,2025-04-29,20,SOXX,-0.02778764891286922
loose,replay_loose_2025-03-31,2025-03-31,2025-04-29,20,XLI,-0.005756508422664505
loose,replay_loose_2025-03-31,2025-03-31,2025-04-29,20,XLU,0.003092916984006047
loose,replay_loose_2025-03-31,2025-03-31,2025-06-26,60,QQQ,0.16603849857690067
loose,replay_loose_2025-03-31,2025-03-31,2025-06-26,60,SOXX,0.2743919546984349
loose,replay_loose_2025-03-31,2025-03-31,2025-06-26,60,XLI,0.10986370597243489
loose,replay_loose_2025-03-31,2025-03-31,2025-06-26,60,XLU,0.02721071337903014
loose,replay_loose_2025-03-31,2025-03-31,2025-09-22,120,QQQ,0.28579282672430384
loose,replay_loose_2025-03-31,2025-03-31,2025-09-22,120,SOXX,0.4387436828890433
loose,replay_loose_2025-03-31,2025-03-31,2025-09-22,120,XLI,0.1685160796324655
loose,replay_loose_2025-03-31,2025-03-31,2025-09-22,120,XLU,0.07842929677583121
loose,replay_loose_2025-03-31,2025-03-31,2025-04-29,20,QQQ,0.014312589612446195
loose,replay_loose_2025-03-31,2025-03-31,2025-04-29,20,SOXX,-0.02778764891286922
loose,replay_loose_2025-03-31,2025-03-31,2025-04-29,20,XLI,-0.005756508422664505
loose,replay_loose_2025-03-31,2025-03-31,2025-04-29,20,XLU,0.003092916984006047
loose,replay_loose_2025-03-31,2025-03-31,2025-06-26,60,QQQ,0.16603849857690067
loose,replay_loose_2025-03-31,2025-03-31,2025-06-26,60,SOXX,0.2743919546984349
loose,replay_loose_2025-03-31,2025-03-31,2025-06-26,60,XLI,0.10986370597243489
loose,replay_loose_2025-03-31,2025-03-31,2025-06-26,60,XLU,0.02721071337903014
loose,replay_loose_2025-03-31,2025-03-31,2025-09-22,120,QQQ,0.28579282672430384
loose,replay_loose_2025-03-31,2025-03-31,2025-09-22,120,SOXX,0.4387436828890433
loose,replay_loose_2025-03-31,2025-03-31,2025-09-22,120,XLI,0.1685160796324655
loose,replay_loose_2025-03-31,2025-03-31,2025-09-22,120,XLU,0.07842929677583121
loose,replay_loose_2025-03-31,2025-03-31,2025-04-29,20,QQQ,0.014312589612446195
loose,replay_loose_2025-03-31,2025-03-31,2025-04-29,20,SOXX,-0.02778764891286922
loose,replay_loose_2025-03-31,2025-03-31,2025-04-29,20,XLI,-0.005756508422664505
loose,replay_loose_2025-03-31,2025-03-31,2025-04-29,20,XLU,0.003092916984006047
loose,replay_loose_2025-03-31,2025-03-31,2025-06-26,60,QQQ,0.16603849857690067
loose,replay_loose_2025-03-31,2025-03-31,2025-06-26,60,SOXX,0.2743919546984349
loose,replay_loose_2025-03-31,2025-03-31,2025-06-26,60,XLI,0.10986370597243489
loose,replay_loose_2025-03-31,2025-03-31,2025-06-26,60,XLU,0.02721071337903014
loose,replay_loose_2025-03-31,2025-03-31,2025-09-22,120,QQQ,0.28579282672430384
loose,replay_loose_2025-03-31,2025-03-31,2025-09-22,120,SOXX,0.4387436828890433
loose,replay_loose_2025-03-31,2025-03-31,2025-09-22,120,XLI,0.1685160796324655
loose,replay_loose_2025-03-31,2025-03-31,2025-09-22,120,XLU,0.07842929677583121
loose,replay_loose_2025-03-31,2025-03-31,2025-04-29,20,QQQ,0.014312589612446195
loose,replay_loose_2025-03-31,2025-03-31,2025-04-29,20,SOXX,-0.02778764891286922
loose,replay_loose_2025-03-31,2025-03-31,2025-04-29,20,XLI,-0.005756508422664505
loose,replay_loose_2025-03-31,2025-03-31,2025-04-29,20,XLU,0.003092916984006047
loose,replay_loose_2025-03-31,2025-03-31,2025-06-26,60,QQQ,0.16603849857690067
loose,replay_loose_2025-03-31,2025-03-31,2025-06-26,60,SOXX,0.2743919546984349
loose,replay_loose_2025-03-31,2025-03-31,2025-06-26,60,XLI,0.10986370597243489
loose,replay_loose_2025-03-31,2025-03-31,2025-06-26,60,XLU,0.02721071337903014
loose,replay_loose_2025-03-31,2025-03-31,2025-09-22,120,QQQ,0.28579282672430384
loose,replay_loose_2025-03-31,2025-03-31,2025-09-22,120,SOXX,0.4387436828890433
loose,replay_loose_2025-03-31,2025-03-31,2025-09-22,120,XLI,0.1685160796324655
loose,replay_loose_2025-03-31,2025-03-31,2025-09-22,120,XLU,0.07842929677583121
loose,replay_loose_2025-04-30,2025-04-30,2025-05-29,20,QQQ,0.07254232065678201
loose,replay_loose_2025-04-30,2025-04-30,2025-05-29,20,SOXX,0.12399525452976701
loose,replay_loose_2025-04-30,2025-04-30,2025-05-29,20,XLI,0.07964118026320766
loose,replay_loose_2025-04-30,2025-04-30,2025-05-29,20,XLU,0.01847490396120655
loose,replay_loose_2025-04-30,2025-04-30,2025-07-28,60,QQQ,0.17204187604690124
loose,replay_loose_2025-04-30,2025-04-30,2025-07-28,60,SOXX,0.32330500431406384
loose,replay_loose_2025-04-30,2025-04-30,2025-07-28,60,XLI,0.16872981378237928
loose,replay_loose_2025-04-30,2025-04-30,2025-07-28,60,XLU,0.05021493796838594
loose,replay_loose_2025-04-30,2025-04-30,2025-10-21,120,QQQ,0.2611396281820625
loose,replay_loose_2025-04-30,2025-04-30,2025-10-21,120,SOXX,0.5679124245038828
loose,replay_loose_2025-04-30,2025-04-30,2025-10-21,120,XLI,0.17165013084537495
loose,replay_loose_2025-04-30,2025-04-30,2025-10-21,120,XLU,0.1381297940676366
loose,replay_loose_2025-04-30,2025-04-30,2025-05-29,20,QQQ,0.07254232065678201
loose,replay_loose_2025-04-30,2025-04-30,2025-05-29,20,SOXX,0.12399525452976701
loose,replay_loose_2025-04-30,2025-04-30,2025-05-29,20,XLI,0.07964118026320766
loose,replay_loose_2025-04-30,2025-04-30,2025-05-29,20,XLU,0.01847490396120655
loose,replay_loose_2025-04-30,2025-04-30,2025-07-28,60,QQQ,0.17204187604690124
loose,replay_loose_2025-04-30,2025-04-30,2025-07-28,60,SOXX,0.32330500431406384
loose,replay_loose_2025-04-30,2025-04-30,2025-07-28,60,XLI,0.16872981378237928
loose,replay_loose_2025-04-30,2025-04-30,2025-07-28,60,XLU,0.05021493796838594
loose,replay_loose_2025-04-30,2025-04-30,2025-10-21,120,QQQ,0.2611396281820625
loose,replay_loose_2025-04-30,2025-04-30,2025-10-21,120,SOXX,0.5679124245038828
loose,replay_loose_2025-04-30,2025-04-30,2025-10-21,120,XLI,0.17165013084537495
loose,replay_loose_2025-04-30,2025-04-30,2025-10-21,120,XLU,0.1381297940676366
loose,replay_loose_2025-04-30,2025-04-30,2025-05-29,20,QQQ,0.07254232065678201
loose,replay_loose_2025-04-30,2025-04-30,2025-05-29,20,SOXX,0.12399525452976701
loose,replay_loose_2025-04-30,2025-04-30,2025-05-29,20,XLI,0.07964118026320766
loose,replay_loose_2025-04-30,2025-04-30,2025-05-29,20,XLU,0.01847490396120655
loose,replay_loose_2025-04-30,2025-04-30,2025-07-28,60,QQQ,0.17204187604690124
loose,replay_loose_2025-04-30,2025-04-30,2025-07-28,60,SOXX,0.32330500431406384
loose,replay_loose_2025-04-30,2025-04-30,2025-07-28,60,XLI,0.16872981378237928
loose,replay_loose_2025-04-30,2025-04-30,2025-07-28,60,XLU,0.05021493796838594
loose,replay_loose_2025-04-30,2025-04-30,2025-10-21,120,QQQ,0.2611396281820625
loose,replay_loose_2025-04-30,2025-04-30,2025-10-21,120,SOXX,0.5679124245038828
loose,replay_loose_2025-04-30,2025-04-30,2025-10-21,120,XLI,0.17165013084537495
loose,replay_loose_2025-04-30,2025-04-30,2025-10-21,120,XLU,0.1381297940676366
loose,replay_loose_2025-04-30,2025-04-30,2025-05-29,20,QQQ,0.07254232065678201
loose,replay_loose_2025-04-30,2025-04-30,2025-05-29,20,SOXX,0.12399525452976701
loose,replay_loose_2025-04-30,2025-04-30,2025-05-29,20,XLI,0.07964118026320766
loose,replay_loose_2025-04-30,2025-04-30,2025-05-29,20,XLU,0.01847490396120655
loose,replay_loose_2025-04-30,2025-04-30,2025-07-28,60,QQQ,0.17204187604690124
loose,replay_loose_2025-04-30,2025-04-30,2025-07-28,60,SOXX,0.32330500431406384
loose,replay_loose_2025-04-30,2025-04-30,2025-07-28,60,XLI,0.16872981378237928
loose,replay_loose_2025-04-30,2025-04-30,2025-07-28,60,XLU,0.05021493796838594
loose,replay_loose_2025-04-30,2025-04-30,2025-10-21,120,QQQ,0.2611396281820625
loose,replay_loose_2025-04-30,2025-04-30,2025-10-21,120,SOXX,0.5679124245038828
loose,replay_loose_2025-04-30,2025-04-30,2025-10-21,120,XLI,0.17165013084537495
loose,replay_loose_2025-04-30,2025-04-30,2025-10-21,120,XLU,0.1381297940676366
loose,replay_loose_2025-05-30,2025-05-30,2025-06-30,20,QQQ,0.06287312322467209
loose,replay_loose_2025-05-30,2025-05-30,2025-06-30,20,SOXX,0.1645341495002811
loose,replay_loose_2025-05-30,2025-05-30,2025-06-30,20,XLI,0.031139502278303536
loose,replay_loose_2025-05-30,2025-05-30,2025-06-30,20,XLU,-0.002632397990442234
loose,replay_loose_2025-05-30,2025-05-30,2025-08-26,60,QQQ,0.1035486657262662
loose,replay_loose_2025-05-30,2025-05-30,2025-08-26,60,SOXX,0.2231075678713682
loose,replay_loose_2025-05-30,2025-05-30,2025-08-26,60,XLI,0.07081703470031553
loose,replay_loose_2025-05-30,2025-05-30,2025-08-26,60,XLU,0.04160237715966175
loose,replay_loose_2025-05-30,2025-05-30,2025-11-19,120,QQQ,0.15599209677107673
loose,replay_loose_2025-05-30,2025-05-30,2025-11-19,120,SOXX,0.3730476993377806
loose,replay_loose_2025-05-30,2025-05-30,2025-11-19,120,XLI,0.05097826848930931
loose,replay_loose_2025-05-30,2025-05-30,2025-11-19,120,XLU,0.08111959318710926
loose,replay_loose_2025-05-30,2025-05-30,2025-06-30,20,QQQ,0.06287312322467209
loose,replay_loose_2025-05-30,2025-05-30,2025-06-30,20,SOXX,0.1645341495002811
loose,replay_loose_2025-05-30,2025-05-30,2025-06-30,20,XLI,0.031139502278303536
loose,replay_loose_2025-05-30,2025-05-30,2025-06-30,20,XLU,-0.002632397990442234
loose,replay_loose_2025-05-30,2025-05-30,2025-08-26,60,QQQ,0.1035486657262662
loose,replay_loose_2025-05-30,2025-05-30,2025-08-26,60,SOXX,0.2231075678713682
loose,replay_loose_2025-05-30,2025-05-30,2025-08-26,60,XLI,0.07081703470031553
loose,replay_loose_2025-05-30,2025-05-30,2025-08-26,60,XLU,0.04160237715966175
loose,replay_loose_2025-05-30,2025-05-30,2025-11-19,120,QQQ,0.15599209677107673
loose,replay_loose_2025-05-30,2025-05-30,2025-11-19,120,SOXX,0.3730476993377806
loose,replay_loose_2025-05-30,2025-05-30,2025-11-19,120,XLI,0.05097826848930931
loose,replay_loose_2025-05-30,2025-05-30,2025-11-19,120,XLU,0.08111959318710926
loose,replay_loose_2025-05-30,2025-05-30,2025-06-30,20,QQQ,0.06287312322467209
loose,replay_loose_2025-05-30,2025-05-30,2025-06-30,20,SOXX,0.1645341495002811
loose,replay_loose_2025-05-30,2025-05-30,2025-06-30,20,XLI,0.031139502278303536
loose,replay_loose_2025-05-30,2025-05-30,2025-06-30,20,XLU,-0.002632397990442234
loose,replay_loose_2025-05-30,2025-05-30,2025-08-26,60,QQQ,0.1035486657262662
loose,replay_loose_2025-05-30,2025-05-30,2025-08-26,60,SOXX,0.2231075678713682
loose,replay_loose_2025-05-30,2025-05-30,2025-08-26,60,XLI,0.07081703470031553
loose,replay_loose_2025-05-30,2025-05-30,2025-08-26,60,XLU,0.04160237715966175
loose,replay_loose_2025-05-30,2025-05-30,2025-11-19,120,QQQ,0.15599209677107673
loose,replay_loose_2025-05-30,2025-05-30,2025-11-19,120,SOXX,0.3730476993377806
loose,replay_loose_2025-05-30,2025-05-30,2025-11-19,120,XLI,0.05097826848930931
loose,replay_loose_2025-05-30,2025-05-30,2025-11-19,120,XLU,0.08111959318710926
loose,replay_loose_2025-05-30,2025-05-30,2025-06-30,20,QQQ,0.06287312322467209
loose,replay_loose_2025-05-30,2025-05-30,2025-06-30,20,SOXX,0.1645341495002811
loose,replay_loose_2025-05-30,2025-05-30,2025-06-30,20,XLI,0.031139502278303536
loose,replay_loose_2025-05-30,2025-05-30,2025-06-30,20,XLU,-0.002632397990442234
loose,replay_loose_2025-05-30,2025-05-30,2025-08-26,60,QQQ,0.1035486657262662
loose,replay_loose_2025-05-30,2025-05-30,2025-08-26,60,SOXX,0.2231075678713682
loose,replay_loose_2025-05-30,2025-05-30,2025-08-26,60,XLI,0.07081703470031553
loose,replay_loose_2025-05-30,2025-05-30,2025-08-26,60,XLU,0.04160237715966175
loose,replay_loose_2025-05-30,2025-05-30,2025-11-19,120,QQQ,0.15599209677107673
loose,replay_loose_2025-05-30,2025-05-30,2025-11-19,120,SOXX,0.3730476993377806
loose,replay_loose_2025-05-30,2025-05-30,2025-11-19,120,XLI,0.05097826848930931
loose,replay_loose_2025-05-30,2025-05-30,2025-11-19,120,XLU,0.08111959318710926
loose,replay_loose_2025-06-30,2025-06-30,2025-07-29,20,QQQ,0.028923601637107613
loose,replay_loose_2025-06-30,2025-06-30,2025-07-29,20,SOXX,0.037141975830304985
loose,replay_loose_2025-06-30,2025-06-30,2025-07-29,20,XLI,0.036118307367848046
loose,replay_loose_2025-06-30,2025-06-30,2025-07-29,20,XLU,0.03224229074889873
loose,replay_loose_2025-06-30,2025-06-30,2025-09-24,60,QQQ,0.08112914961346063
loose,replay_loose_2025-06-30,2025-06-30,2025-09-24,60,SOXX,0.13411653849404226
loose,replay_loose_2025-06-30,2025-06-30,2025-09-24,60,XLI,0.032580651745016564
loose,replay_loose_2025-06-30,2025-06-30,2025-09-24,60,XLU,0.05255555555555558
loose,replay_loose_2025-06-30,2025-06-30,2025-12-18,120,QQQ,0.10504911323328792
loose,replay_loose_2025-06-30,2025-06-30,2025-12-18,120,SOXX,0.23134462942618106
loose,replay_loose_2025-06-30,2025-06-30,2025-12-18,120,XLI,0.04802387917545403
loose,replay_loose_2025-06-30,2025-06-30,2025-12-18,120,XLU,0.0540239843367597
loose,replay_loose_2025-06-30,2025-06-30,2025-07-29,20,QQQ,0.028923601637107613
loose,replay_loose_2025-06-30,2025-06-30,2025-07-29,20,SOXX,0.037141975830304985
loose,replay_loose_2025-06-30,2025-06-30,2025-07-29,20,XLI,0.036118307367848046
loose,replay_loose_2025-06-30,2025-06-30,2025-07-29,20,XLU,0.03224229074889873
loose,replay_loose_2025-06-30,2025-06-30,2025-09-24,60,QQQ,0.08112914961346063
loose,replay_loose_2025-06-30,2025-06-30,2025-09-24,60,SOXX,0.13411653849404226
loose,replay_loose_2025-06-30,2025-06-30,2025-09-24,60,XLI,0.032580651745016564
loose,replay_loose_2025-06-30,2025-06-30,2025-09-24,60,XLU,0.05255555555555558
loose,replay_loose_2025-06-30,2025-06-30,2025-12-18,120,QQQ,0.10504911323328792
loose,replay_loose_2025-06-30,2025-06-30,2025-12-18,120,SOXX,0.23134462942618106
loose,replay_loose_2025-06-30,2025-06-30,2025-12-18,120,XLI,0.04802387917545403
loose,replay_loose_2025-06-30,2025-06-30,2025-12-18,120,XLU,0.0540239843367597
loose,replay_loose_2025-06-30,2025-06-30,2025-07-29,20,QQQ,0.028923601637107613
loose,replay_loose_2025-06-30,2025-06-30,2025-07-29,20,SOXX,0.037141975830304985
loose,replay_loose_2025-06-30,2025-06-30,2025-07-29,20,XLI,0.036118307367848046
loose,replay_loose_2025-06-30,2025-06-30,2025-07-29,20,XLU,0.03224229074889873
loose,replay_loose_2025-06-30,2025-06-30,2025-09-24,60,QQQ,0.08112914961346063
loose,replay_loose_2025-06-30,2025-06-30,2025-09-24,60,SOXX,0.13411653849404226
loose,replay_loose_2025-06-30,2025-06-30,2025-09-24,60,XLI,0.032580651745016564
loose,replay_loose_2025-06-30,2025-06-30,2025-09-24,60,XLU,0.05255555555555558
loose,replay_loose_2025-06-30,2025-06-30,2025-12-18,120,QQQ,0.10504911323328792
loose,replay_loose_2025-06-30,2025-06-30,2025-12-18,120,SOXX,0.23134462942618106
loose,replay_loose_2025-06-30,2025-06-30,2025-12-18,120,XLI,0.04802387917545403
loose,replay_loose_2025-06-30,2025-06-30,2025-12-18,120,XLU,0.0540239843367597
loose,replay_loose_2025-06-30,2025-06-30,2025-07-29,20,QQQ,0.028923601637107613
loose,replay_loose_2025-06-30,2025-06-30,2025-07-29,20,SOXX,0.037141975830304985
loose,replay_loose_2025-06-30,2025-06-30,2025-07-29,20,XLI,0.036118307367848046
loose,replay_loose_2025-06-30,2025-06-30,2025-07-29,20,XLU,0.03224229074889873
loose,replay_loose_2025-06-30,2025-06-30,2025-09-24,60,QQQ,0.08112914961346063
loose,replay_loose_2025-06-30,2025-06-30,2025-09-24,60,SOXX,0.13411653849404226
loose,replay_loose_2025-06-30,2025-06-30,2025-09-24,60,XLI,0.032580651745016564
loose,replay_loose_2025-06-30,2025-06-30,2025-09-24,60,XLU,0.05255555555555558
loose,replay_loose_2025-06-30,2025-06-30,2025-12-18,120,QQQ,0.10504911323328792
loose,replay_loose_2025-06-30,2025-06-30,2025-12-18,120,SOXX,0.23134462942618106
loose,replay_loose_2025-06-30,2025-06-30,2025-12-18,120,XLI,0.04802387917545403
loose,replay_loose_2025-06-30,2025-06-30,2025-12-18,120,XLU,0.0540239843367597
loose,replay_loose_2025-07-31,2025-07-31,2025-08-28,20,QQQ,0.02980713058419238
loose,replay_loose_2025-07-31,2025-07-31,2025-08-28,20,SOXX,0.0711882668140934
loose,replay_loose_2025-07-31,2025-07-31,2025-08-28,20,XLI,0.020041781986728572
loose,replay_loose_2025-07-31,2025-07-31,2025-08-28,20,XLU,-0.014041654495530628
loose,replay_loose_2025-07-31,2025-07-31,2025-10-24,60,QQQ,0.1012561569301259
loose,replay_loose_2025-07-31,2025-07-31,2025-10-24,60,SOXX,0.25541502051925413
loose,replay_loose_2025-07-31,2025-07-31,2025-10-24,60,XLI,0.02991206775817801
loose,replay_loose_2025-07-31,2025-07-31,2025-10-24,60,XLU,0.06453519892504522
loose,replay_loose_2025-07-31,2025-07-31,2026-01-22,120,QQQ,0.10812900916380286
loose,replay_loose_2025-07-31,2025-07-31,2026-01-22,120,SOXX,0.4792768929809267
loose,replay_loose_2025-07-31,2025-07-31,2026-01-22,120,XLI,0.10047127280002688
loose,replay_loose_2025-07-31,2025-07-31,2026-01-22,120,XLU,-0.004811065023076375
loose,replay_loose_2025-07-31,2025-07-31,2025-08-28,20,QQQ,0.02980713058419238
loose,replay_loose_2025-07-31,2025-07-31,2025-08-28,20,SOXX,0.0711882668140934
loose,replay_loose_2025-07-31,2025-07-31,2025-08-28,20,XLI,0.020041781986728572
loose,replay_loose_2025-07-31,2025-07-31,2025-08-28,20,XLU,-0.014041654495530628
loose,replay_loose_2025-07-31,2025-07-31,2025-10-24,60,QQQ,0.1012561569301259
loose,replay_loose_2025-07-31,2025-07-31,2025-10-24,60,SOXX,0.25541502051925413
loose,replay_loose_2025-07-31,2025-07-31,2025-10-24,60,XLI,0.02991206775817801
loose,replay_loose_2025-07-31,2025-07-31,2025-10-24,60,XLU,0.06453519892504522
loose,replay_loose_2025-07-31,2025-07-31,2026-01-22,120,QQQ,0.10812900916380286
loose,replay_loose_2025-07-31,2025-07-31,2026-01-22,120,SOXX,0.4792768929809267
loose,replay_loose_2025-07-31,2025-07-31,2026-01-22,120,XLI,0.10047127280002688
loose,replay_loose_2025-07-31,2025-07-31,2026-01-22,120,XLU,-0.004811065023076375
loose,replay_loose_2025-07-31,2025-07-31,2025-08-28,20,QQQ,0.02980713058419238
loose,replay_loose_2025-07-31,2025-07-31,2025-08-28,20,SOXX,0.0711882668140934
loose,replay_loose_2025-07-31,2025-07-31,2025-08-28,20,XLI,0.020041781986728572
loose,replay_loose_2025-07-31,2025-07-31,2025-08-28,20,XLU,-0.014041654495530628
loose,replay_loose_2025-07-31,2025-07-31,2025-10-24,60,QQQ,0.1012561569301259
loose,replay_loose_2025-07-31,2025-07-31,2025-10-24,60,SOXX,0.25541502051925413
loose,replay_loose_2025-07-31,2025-07-31,2025-10-24,60,XLI,0.02991206775817801
loose,replay_loose_2025-07-31,2025-07-31,2025-10-24,60,XLU,0.06453519892504522
loose,replay_loose_2025-07-31,2025-07-31,2026-01-22,120,QQQ,0.10812900916380286
loose,replay_loose_2025-07-31,2025-07-31,2026-01-22,120,SOXX,0.4792768929809267
loose,replay_loose_2025-07-31,2025-07-31,2026-01-22,120,XLI,0.10047127280002688
loose,replay_loose_2025-07-31,2025-07-31,2026-01-22,120,XLU,-0.004811065023076375
loose,replay_loose_2025-07-31,2025-07-31,2025-08-28,20,QQQ,0.02980713058419238
loose,replay_loose_2025-07-31,2025-07-31,2025-08-28,20,SOXX,0.0711882668140934
loose,replay_loose_2025-07-31,2025-07-31,2025-08-28,20,XLI,0.020041781986728572
loose,replay_loose_2025-07-31,2025-07-31,2025-08-28,20,XLU,-0.014041654495530628
loose,replay_loose_2025-07-31,2025-07-31,2025-10-24,60,QQQ,0.1012561569301259
loose,replay_loose_2025-07-31,2025-07-31,2025-10-24,60,SOXX,0.25541502051925413
loose,replay_loose_2025-07-31,2025-07-31,2025-10-24,60,XLI,0.02991206775817801
loose,replay_loose_2025-07-31,2025-07-31,2025-10-24,60,XLU,0.06453519892504522
loose,replay_loose_2025-07-31,2025-07-31,2026-01-22,120,QQQ,0.10812900916380286
loose,replay_loose_2025-07-31,2025-07-31,2026-01-22,120,SOXX,0.4792768929809267
loose,replay_loose_2025-07-31,2025-07-31,2026-01-22,120,XLI,0.10047127280002688
loose,replay_loose_2025-07-31,2025-07-31,2026-01-22,120,XLU,-0.004811065023076375
loose,replay_loose_2025-08-29,2025-08-29,2025-09-29,20,QQQ,0.06374861051731517
loose,replay_loose_2025-08-29,2025-08-29,2025-09-29,20,SOXX,0.12365731101941646
loose,replay_loose_2025-08-29,2025-08-29,2025-09-29,20,XLI,0.01472000398949425
loose,replay_loose_2025-08-29,2025-08-29,2025-09-29,20,XLU,0.03416940671908508
loose,replay_loose_2025-08-29,2025-08-29,2025-11-24,60,QQQ,0.07534544677212496
loose,replay_loose_2025-08-29,2025-08-29,2025-11-24,60,SOXX,0.18150872379196936
loose,replay_loose_2025-08-29,2025-08-29,2025-11-24,60,XLI,-0.005626417101632472
loose,replay_loose_2025-08-29,2025-08-29,2025-11-24,60,XLU,0.05871074577078883
loose,replay_loose_2025-08-29,2025-08-29,2026-02-23,120,QQQ,0.06839803334758454
loose,replay_loose_2025-08-29,2025-08-29,2026-02-23,120,SOXX,0.49305177722388616
loose,replay_loose_2025-08-29,2025-08-29,2026-02-23,120,XLI,0.15960513979853042
loose,replay_loose_2025-08-29,2025-08-29,2026-02-23,120,XLU,0.10922301644031462
loose,replay_loose_2025-08-29,2025-08-29,2025-09-29,20,QQQ,0.06374861051731517
loose,replay_loose_2025-08-29,2025-08-29,2025-09-29,20,SOXX,0.12365731101941646
loose,replay_loose_2025-08-29,2025-08-29,2025-09-29,20,XLI,0.01472000398949425
loose,replay_loose_2025-08-29,2025-08-29,2025-09-29,20,XLU,0.03416940671908508
loose,replay_loose_2025-08-29,2025-08-29,2025-11-24,60,QQQ,0.07534544677212496
loose,replay_loose_2025-08-29,2025-08-29,2025-11-24,60,SOXX,0.18150872379196936
loose,replay_loose_2025-08-29,2025-08-29,2025-11-24,60,XLI,-0.005626417101632472
loose,replay_loose_2025-08-29,2025-08-29,2025-11-24,60,XLU,0.05871074577078883
loose,replay_loose_2025-08-29,2025-08-29,2026-02-23,120,QQQ,0.06839803334758454
loose,replay_loose_2025-08-29,2025-08-29,2026-02-23,120,SOXX,0.49305177722388616
loose,replay_loose_2025-08-29,2025-08-29,2026-02-23,120,XLI,0.15960513979853042
loose,replay_loose_2025-08-29,2025-08-29,2026-02-23,120,XLU,0.10922301644031462
loose,replay_loose_2025-08-29,2025-08-29,2025-09-29,20,QQQ,0.06374861051731517
loose,replay_loose_2025-08-29,2025-08-29,2025-09-29,20,SOXX,0.12365731101941646
loose,replay_loose_2025-08-29,2025-08-29,2025-09-29,20,XLI,0.01472000398949425
loose,replay_loose_2025-08-29,2025-08-29,2025-09-29,20,XLU,0.03416940671908508
loose,replay_loose_2025-08-29,2025-08-29,2025-11-24,60,QQQ,0.07534544677212496
loose,replay_loose_2025-08-29,2025-08-29,2025-11-24,60,SOXX,0.18150872379196936
loose,replay_loose_2025-08-29,2025-08-29,2025-11-24,60,XLI,-0.005626417101632472
loose,replay_loose_2025-08-29,2025-08-29,2025-11-24,60,XLU,0.05871074577078883
loose,replay_loose_2025-08-29,2025-08-29,2026-02-23,120,QQQ,0.06839803334758454
loose,replay_loose_2025-08-29,2025-08-29,2026-02-23,120,SOXX,0.49305177722388616
loose,replay_loose_2025-08-29,2025-08-29,2026-02-23,120,XLI,0.15960513979853042
loose,replay_loose_2025-08-29,2025-08-29,2026-02-23,120,XLU,0.10922301644031462
loose,replay_loose_2025-08-29,2025-08-29,2025-09-29,20,QQQ,0.06374861051731517
loose,replay_loose_2025-08-29,2025-08-29,2025-09-29,20,SOXX,0.12365731101941646
loose,replay_loose_2025-08-29,2025-08-29,2025-09-29,20,XLI,0.01472000398949425
loose,replay_loose_2025-08-29,2025-08-29,2025-09-29,20,XLU,0.03416940671908508
loose,replay_loose_2025-08-29,2025-08-29,2025-11-24,60,QQQ,0.07534544677212496
loose,replay_loose_2025-08-29,2025-08-29,2025-11-24,60,SOXX,0.18150872379196936
loose,replay_loose_2025-08-29,2025-08-29,2025-11-24,60,XLI,-0.005626417101632472
loose,replay_loose_2025-08-29,2025-08-29,2025-11-24,60,XLU,0.05871074577078883
loose,replay_loose_2025-08-29,2025-08-29,2026-02-23,120,QQQ,0.06839803334758454
loose,replay_loose_2025-08-29,2025-08-29,2026-02-23,120,SOXX,0.49305177722388616
loose,replay_loose_2025-08-29,2025-08-29,2026-02-23,120,XLI,0.15960513979853042
loose,replay_loose_2025-08-29,2025-08-29,2026-02-23,120,XLU,0.10922301644031462
loose,replay_loose_2025-09-30,2025-09-30,2025-10-28,20,QQQ,0.056689247563875056
loose,replay_loose_2025-09-30,2025-09-30,2025-10-28,20,SOXX,0.12723463023463022
loose,replay_loose_2025-09-30,2025-09-30,2025-10-28,20,XLI,0.004982276089010476
loose,replay_loose_2025-09-30,2025-09-30,2025-10-28,20,XLU,0.02841451132982387
loose,replay_loose_2025-09-30,2025-09-30,2025-12-24,60,QQQ,0.04170414894685737
loose,replay_loose_2025-09-30,2025-09-30,2025-12-24,60,SOXX,0.13341594891594888
loose,replay_loose_2025-09-30,2025-09-30,2025-12-24,60,XLI,0.02316231714071593
loose,replay_loose_2025-09-30,2025-09-30,2025-12-24,60,XLU,-0.02291302357518876
loose,replay_loose_2025-09-30,2025-09-30,2026-03-24,120,QQQ,-0.025335331346482356
loose,replay_loose_2025-09-30,2025-09-30,2026-03-24,120,SOXX,0.2630565785565785
loose,replay_loose_2025-09-30,2025-09-30,2026-03-24,120,XLI,0.0656475743654904
loose,replay_loose_2025-09-30,2025-09-30,2026-03-24,120,XLU,0.02927283131151304
loose,replay_loose_2025-09-30,2025-09-30,2025-10-28,20,QQQ,0.056689247563875056
loose,replay_loose_2025-09-30,2025-09-30,2025-10-28,20,SOXX,0.12723463023463022
loose,replay_loose_2025-09-30,2025-09-30,2025-10-28,20,XLI,0.004982276089010476
loose,replay_loose_2025-09-30,2025-09-30,2025-10-28,20,XLU,0.02841451132982387
loose,replay_loose_2025-09-30,2025-09-30,2025-12-24,60,QQQ,0.04170414894685737
loose,replay_loose_2025-09-30,2025-09-30,2025-12-24,60,SOXX,0.13341594891594888
loose,replay_loose_2025-09-30,2025-09-30,2025-12-24,60,XLI,0.02316231714071593
loose,replay_loose_2025-09-30,2025-09-30,2025-12-24,60,XLU,-0.02291302357518876
loose,replay_loose_2025-09-30,2025-09-30,2026-03-24,120,QQQ,-0.025335331346482356
loose,replay_loose_2025-09-30,2025-09-30,2026-03-24,120,SOXX,0.2630565785565785
loose,replay_loose_2025-09-30,2025-09-30,2026-03-24,120,XLI,0.0656475743654904
loose,replay_loose_2025-09-30,2025-09-30,2026-03-24,120,XLU,0.02927283131151304
loose,replay_loose_2025-09-30,2025-09-30,2025-10-28,20,QQQ,0.056689247563875056
loose,replay_loose_2025-09-30,2025-09-30,2025-10-28,20,SOXX,0.12723463023463022
loose,replay_loose_2025-09-30,2025-09-30,2025-10-28,20,XLI,0.004982276089010476
loose,replay_loose_2025-09-30,2025-09-30,2025-10-28,20,XLU,0.02841451132982387
loose,replay_loose_2025-09-30,2025-09-30,2025-12-24,60,QQQ,0.04170414894685737
loose,replay_loose_2025-09-30,2025-09-30,2025-12-24,60,SOXX,0.13341594891594888
loose,replay_loose_2025-09-30,2025-09-30,2025-12-24,60,XLI,0.02316231714071593
loose,replay_loose_2025-09-30,2025-09-30,2025-12-24,60,XLU,-0.02291302357518876
loose,replay_loose_2025-09-30,2025-09-30,2026-03-24,120,QQQ,-0.025335331346482356
loose,replay_loose_2025-09-30,2025-09-30,2026-03-24,120,SOXX,0.2630565785565785
loose,replay_loose_2025-09-30,2025-09-30,2026-03-24,120,XLI,0.0656475743654904
loose,replay_loose_2025-09-30,2025-09-30,2026-03-24,120,XLU,0.02927283131151304
loose,replay_loose_2025-09-30,2025-09-30,2025-10-28,20,QQQ,0.056689247563875056
loose,replay_loose_2025-09-30,2025-09-30,2025-10-28,20,SOXX,0.12723463023463022
loose,replay_loose_2025-09-30,2025-09-30,2025-10-28,20,XLI,0.004982276089010476
loose,replay_loose_2025-09-30,2025-09-30,2025-10-28,20,XLU,0.02841451132982387
loose,replay_loose_2025-09-30,2025-09-30,2025-12-24,60,QQQ,0.04170414894685737
loose,replay_loose_2025-09-30,2025-09-30,2025-12-24,60,SOXX,0.13341594891594888
loose,replay_loose_2025-09-30,2025-09-30,2025-12-24,60,XLI,0.02316231714071593
loose,replay_loose_2025-09-30,2025-09-30,2025-12-24,60,XLU,-0.02291302357518876
loose,replay_loose_2025-09-30,2025-09-30,2026-03-24,120,QQQ,-0.025335331346482356
loose,replay_loose_2025-09-30,2025-09-30,2026-03-24,120,SOXX,0.2630565785565785
loose,replay_loose_2025-09-30,2025-09-30,2026-03-24,120,XLI,0.0656475743654904
loose,replay_loose_2025-09-30,2025-09-30,2026-03-24,120,XLU,0.02927283131151304
loose,replay_loose_2025-10-31,2025-10-31,2025-12-01,20,QQQ,-0.03130470853076839
loose,replay_loose_2025-10-31,2025-10-31,2025-12-01,20,SOXX,-0.049021339503792394
loose,replay_loose_2025-10-31,2025-10-31,2025-12-01,20,XLI,-0.02482334710743794
loose,replay_loose_2025-10-31,2025-10-31,2025-12-01,20,XLU,-0.00844790789104188
loose,replay_loose_2025-10-31,2025-10-31,2026-01-29,60,QQQ,-0.01224074744580705
loose,replay_loose_2025-10-31,2025-10-31,2026-01-29,60,SOXX,0.1573676565111196
loose,replay_loose_2025-10-31,2025-10-31,2026-01-29,60,XLI,0.06763533057851234
loose,replay_loose_2025-10-31,2025-10-31,2026-01-29,60,XLU,-0.029677899466442056
loose,replay_loose_2025-10-31,2025-10-31,2026-04-27,120,QQQ,0.0427314673425373
loose,replay_loose_2025-10-31,2025-10-31,2026-04-27,120,SOXX,0.4611020696747653
loose,replay_loose_2025-10-31,2025-10-31,2026-04-27,120,XLI,0.11063636363636353
loose,replay_loose_2025-10-31,2025-10-31,2026-04-27,120,XLU,0.03446138725077208
loose,replay_loose_2025-10-31,2025-10-31,2025-12-01,20,QQQ,-0.03130470853076839
loose,replay_loose_2025-10-31,2025-10-31,2025-12-01,20,SOXX,-0.049021339503792394
loose,replay_loose_2025-10-31,2025-10-31,2025-12-01,20,XLI,-0.02482334710743794
loose,replay_loose_2025-10-31,2025-10-31,2025-12-01,20,XLU,-0.00844790789104188
loose,replay_loose_2025-10-31,2025-10-31,2026-01-29,60,QQQ,-0.01224074744580705
loose,replay_loose_2025-10-31,2025-10-31,2026-01-29,60,SOXX,0.1573676565111196
loose,replay_loose_2025-10-31,2025-10-31,2026-01-29,60,XLI,0.06763533057851234
loose,replay_loose_2025-10-31,2025-10-31,2026-01-29,60,XLU,-0.029677899466442056
loose,replay_loose_2025-10-31,2025-10-31,2026-04-27,120,QQQ,0.0427314673425373
loose,replay_loose_2025-10-31,2025-10-31,2026-04-27,120,SOXX,0.4611020696747653
loose,replay_loose_2025-10-31,2025-10-31,2026-04-27,120,XLI,0.11063636363636353
loose,replay_loose_2025-10-31,2025-10-31,2026-04-27,120,XLU,0.03446138725077208
loose,replay_loose_2025-10-31,2025-10-31,2025-12-01,20,QQQ,-0.03130470853076839
loose,replay_loose_2025-10-31,2025-10-31,2025-12-01,20,SOXX,-0.049021339503792394
loose,replay_loose_2025-10-31,2025-10-31,2025-12-01,20,XLI,-0.02482334710743794
loose,replay_loose_2025-10-31,2025-10-31,2025-12-01,20,XLU,-0.00844790789104188
loose,replay_loose_2025-10-31,2025-10-31,2026-01-29,60,QQQ,-0.01224074744580705
loose,replay_loose_2025-10-31,2025-10-31,2026-01-29,60,SOXX,0.1573676565111196
loose,replay_loose_2025-10-31,2025-10-31,2026-01-29,60,XLI,0.06763533057851234
loose,replay_loose_2025-10-31,2025-10-31,2026-01-29,60,XLU,-0.029677899466442056
loose,replay_loose_2025-10-31,2025-10-31,2026-04-27,120,QQQ,0.0427314673425373
loose,replay_loose_2025-10-31,2025-10-31,2026-04-27,120,SOXX,0.4611020696747653
loose,replay_loose_2025-10-31,2025-10-31,2026-04-27,120,XLI,0.11063636363636353
loose,replay_loose_2025-10-31,2025-10-31,2026-04-27,120,XLU,0.03446138725077208
loose,replay_loose_2025-10-31,2025-10-31,2025-12-01,20,QQQ,-0.03130470853076839
loose,replay_loose_2025-10-31,2025-10-31,2025-12-01,20,SOXX,-0.049021339503792394
loose,replay_loose_2025-10-31,2025-10-31,2025-12-01,20,XLI,-0.02482334710743794
loose,replay_loose_2025-10-31,2025-10-31,2025-12-01,20,XLU,-0.00844790789104188
loose,replay_loose_2025-10-31,2025-10-31,2026-01-29,60,QQQ,-0.01224074744580705
loose,replay_loose_2025-10-31,2025-10-31,2026-01-29,60,SOXX,0.1573676565111196
loose,replay_loose_2025-10-31,2025-10-31,2026-01-29,60,XLI,0.06763533057851234
loose,replay_loose_2025-10-31,2025-10-31,2026-01-29,60,XLU,-0.029677899466442056
loose,replay_loose_2025-10-31,2025-10-31,2026-04-27,120,QQQ,0.0427314673425373
loose,replay_loose_2025-10-31,2025-10-31,2026-04-27,120,SOXX,0.4611020696747653
loose,replay_loose_2025-10-31,2025-10-31,2026-04-27,120,XLI,0.11063636363636353
loose,replay_loose_2025-10-31,2025-10-31,2026-04-27,120,XLU,0.03446138725077208
loose,replay_loose_2025-11-28,2025-11-28,2025-12-29,20,QQQ,0.008707674759654508
loose,replay_loose_2025-11-28,2025-11-28,2025-12-29,20,SOXX,0.039202085359818395
loose,replay_loose_2025-11-28,2025-11-28,2025-12-29,20,XLI,0.02555644077243391
loose,replay_loose_2025-11-28,2025-11-28,2025-12-29,20,XLU,-0.05033333333333334
loose,replay_loose_2025-11-28,2025-11-28,2026-02-26,60,QQQ,-0.010251099885937861
loose,replay_loose_2025-11-28,2025-11-28,2026-02-26,60,SOXX,0.2143586579975768
loose,replay_loose_2025-11-28,2025-11-28,2026-02-26,60,XLI,0.1555193928067934
loose,replay_loose_2025-11-28,2025-11-28,2026-02-26,60,XLU,0.04499999999999982
loose,replay_loose_2025-11-28,2025-11-28,2026-05-22,120,QQQ,0.16612172071044473
loose,replay_loose_2025-11-28,2025-11-28,2026-05-22,120,SOXX,0.829966432874281
loose,replay_loose_2025-11-28,2025-11-28,2026-05-22,120,XLI,0.12306144060850455
loose,replay_loose_2025-11-28,2025-11-28,2026-05-22,120,XLU,0.004777777777777883
loose,replay_loose_2025-11-28,2025-11-28,2025-12-29,20,QQQ,0.008707674759654508
loose,replay_loose_2025-11-28,2025-11-28,2025-12-29,20,SOXX,0.039202085359818395
loose,replay_loose_2025-11-28,2025-11-28,2025-12-29,20,XLI,0.02555644077243391
loose,replay_loose_2025-11-28,2025-11-28,2025-12-29,20,XLU,-0.05033333333333334
loose,replay_loose_2025-11-28,2025-11-28,2026-02-26,60,QQQ,-0.010251099885937861
loose,replay_loose_2025-11-28,2025-11-28,2026-02-26,60,SOXX,0.2143586579975768
loose,replay_loose_2025-11-28,2025-11-28,2026-02-26,60,XLI,0.1555193928067934
loose,replay_loose_2025-11-28,2025-11-28,2026-02-26,60,XLU,0.04499999999999982
loose,replay_loose_2025-11-28,2025-11-28,2026-05-22,120,QQQ,0.16612172071044473
loose,replay_loose_2025-11-28,2025-11-28,2026-05-22,120,SOXX,0.829966432874281
loose,replay_loose_2025-11-28,2025-11-28,2026-05-22,120,XLI,0.12306144060850455
loose,replay_loose_2025-11-28,2025-11-28,2026-05-22,120,XLU,0.004777777777777883
loose,replay_loose_2025-11-28,2025-11-28,2025-12-29,20,QQQ,0.008707674759654508
loose,replay_loose_2025-11-28,2025-11-28,2025-12-29,20,SOXX,0.039202085359818395
loose,replay_loose_2025-11-28,2025-11-28,2025-12-29,20,XLI,0.02555644077243391
loose,replay_loose_2025-11-28,2025-11-28,2025-12-29,20,XLU,-0.05033333333333334
loose,replay_loose_2025-11-28,2025-11-28,2026-02-26,60,QQQ,-0.010251099885937861
loose,replay_loose_2025-11-28,2025-11-28,2026-02-26,60,SOXX,0.2143586579975768
loose,replay_loose_2025-11-28,2025-11-28,2026-02-26,60,XLI,0.1555193928067934
loose,replay_loose_2025-11-28,2025-11-28,2026-02-26,60,XLU,0.04499999999999982
loose,replay_loose_2025-11-28,2025-11-28,2026-05-22,120,QQQ,0.16612172071044473
loose,replay_loose_2025-11-28,2025-11-28,2026-05-22,120,SOXX,0.829966432874281
loose,replay_loose_2025-11-28,2025-11-28,2026-05-22,120,XLI,0.12306144060850455
loose,replay_loose_2025-11-28,2025-11-28,2026-05-22,120,XLU,0.004777777777777883
loose,replay_loose_2025-11-28,2025-11-28,2025-12-29,20,QQQ,0.008707674759654508
loose,replay_loose_2025-11-28,2025-11-28,2025-12-29,20,SOXX,0.039202085359818395
loose,replay_loose_2025-11-28,2025-11-28,2025-12-29,20,XLI,0.02555644077243391
loose,replay_loose_2025-11-28,2025-11-28,2025-12-29,20,XLU,-0.05033333333333334
loose,replay_loose_2025-11-28,2025-11-28,2026-02-26,60,QQQ,-0.010251099885937861
loose,replay_loose_2025-11-28,2025-11-28,2026-02-26,60,SOXX,0.2143586579975768
loose,replay_loose_2025-11-28,2025-11-28,2026-02-26,60,XLI,0.1555193928067934
loose,replay_loose_2025-11-28,2025-11-28,2026-02-26,60,XLU,0.04499999999999982
loose,replay_loose_2025-11-28,2025-11-28,2026-05-22,120,QQQ,0.16612172071044473
loose,replay_loose_2025-11-28,2025-11-28,2026-05-22,120,SOXX,0.829966432874281
loose,replay_loose_2025-11-28,2025-11-28,2026-05-22,120,XLI,0.12306144060850455
loose,replay_loose_2025-11-28,2025-11-28,2026-05-22,120,XLU,0.004777777777777883
loose,replay_loose_2025-12-31,2025-12-31,2026-01-30,20,QQQ,-0.00024193548387085612
loose,replay_loose_2025-12-31,2025-12-31,2026-01-30,20,SOXX,0.11886745719330649
loose,replay_loose_2025-12-31,2025-12-31,2026-01-30,20,XLI,0.060243139019217185
loose,replay_loose_2025-12-31,2025-12-31,2026-01-30,20,XLU,0.0071576182136602355
loose,replay_loose_2025-12-31,2025-12-31,2026-03-30,60,QQQ,-0.10254838709677427
loose,replay_loose_2025-12-31,2025-12-31,2026-03-30,60,SOXX,0.0004504543908249196
loose,replay_loose_2025-12-31,2025-12-31,2026-03-30,60,XLI,0.003941320136255369
loose,replay_loose_2025-12-31,2025-12-31,2026-03-30,60,XLU,0.0695043782837127
loose,replay_loose_2025-12-31,2025-12-31,2026-06-25,120,QQQ,0.15234677419354836
loose,replay_loose_2025-12-31,2025-12-31,2026-06-25,120,SOXX,1.0216553595438274
loose,replay_loose_2025-12-31,2025-12-31,2026-06-25,120,XLI,0.18075216916254255
loose,replay_loose_2025-12-31,2025-12-31,2026-06-25,120,XLU,0.06810332749562165
loose,replay_loose_2025-12-31,2025-12-31,2026-01-30,20,QQQ,-0.00024193548387085612
loose,replay_loose_2025-12-31,2025-12-31,2026-01-30,20,SOXX,0.11886745719330649
loose,replay_loose_2025-12-31,2025-12-31,2026-01-30,20,XLI,0.060243139019217185
loose,replay_loose_2025-12-31,2025-12-31,2026-01-30,20,XLU,0.0071576182136602355
loose,replay_loose_2025-12-31,2025-12-31,2026-03-30,60,QQQ,-0.10254838709677427
loose,replay_loose_2025-12-31,2025-12-31,2026-03-30,60,SOXX,0.0004504543908249196
loose,replay_loose_2025-12-31,2025-12-31,2026-03-30,60,XLI,0.003941320136255369
loose,replay_loose_2025-12-31,2025-12-31,2026-03-30,60,XLU,0.0695043782837127
loose,replay_loose_2025-12-31,2025-12-31,2026-06-25,120,QQQ,0.15234677419354836
loose,replay_loose_2025-12-31,2025-12-31,2026-06-25,120,SOXX,1.0216553595438274
loose,replay_loose_2025-12-31,2025-12-31,2026-06-25,120,XLI,0.18075216916254255
loose,replay_loose_2025-12-31,2025-12-31,2026-06-25,120,XLU,0.06810332749562165
loose,replay_loose_2025-12-31,2025-12-31,2026-01-30,20,QQQ,-0.00024193548387085612
loose,replay_loose_2025-12-31,2025-12-31,2026-01-30,20,SOXX,0.11886745719330649
loose,replay_loose_2025-12-31,2025-12-31,2026-01-30,20,XLI,0.060243139019217185
loose,replay_loose_2025-12-31,2025-12-31,2026-01-30,20,XLU,0.0071576182136602355
loose,replay_loose_2025-12-31,2025-12-31,2026-03-30,60,QQQ,-0.10254838709677427
loose,replay_loose_2025-12-31,2025-12-31,2026-03-30,60,SOXX,0.0004504543908249196
loose,replay_loose_2025-12-31,2025-12-31,2026-03-30,60,XLI,0.003941320136255369
loose,replay_loose_2025-12-31,2025-12-31,2026-03-30,60,XLU,0.0695043782837127
loose,replay_loose_2025-12-31,2025-12-31,2026-06-25,120,QQQ,0.15234677419354836
loose,replay_loose_2025-12-31,2025-12-31,2026-06-25,120,SOXX,1.0216553595438274
loose,replay_loose_2025-12-31,2025-12-31,2026-06-25,120,XLI,0.18075216916254255
loose,replay_loose_2025-12-31,2025-12-31,2026-06-25,120,XLU,0.06810332749562165
loose,replay_loose_2025-12-31,2025-12-31,2026-01-30,20,QQQ,-0.00024193548387085612
loose,replay_loose_2025-12-31,2025-12-31,2026-01-30,20,SOXX,0.11886745719330649
loose,replay_loose_2025-12-31,2025-12-31,2026-01-30,20,XLI,0.060243139019217185
loose,replay_loose_2025-12-31,2025-12-31,2026-01-30,20,XLU,0.0071576182136602355
loose,replay_loose_2025-12-31,2025-12-31,2026-03-30,60,QQQ,-0.10254838709677427
loose,replay_loose_2025-12-31,2025-12-31,2026-03-30,60,SOXX,0.0004504543908249196
loose,replay_loose_2025-12-31,2025-12-31,2026-03-30,60,XLI,0.003941320136255369
loose,replay_loose_2025-12-31,2025-12-31,2026-03-30,60,XLU,0.0695043782837127
loose,replay_loose_2025-12-31,2025-12-31,2026-06-25,120,QQQ,0.15234677419354836
loose,replay_loose_2025-12-31,2025-12-31,2026-06-25,120,SOXX,1.0216553595438274
loose,replay_loose_2025-12-31,2025-12-31,2026-06-25,120,XLI,0.18075216916254255
loose,replay_loose_2025-12-31,2025-12-31,2026-06-25,120,XLU,0.06810332749562165
loose,replay_loose_2026-01-30,2026-01-30,2026-03-02,20,QQQ,-0.02022995361166346
loose,replay_loose_2026-01-30,2026-01-30,2026-03-02,20,SOXX,0.025484618306114707
loose,replay_loose_2026-01-30,2026-01-30,2026-03-02,20,XLI,0.07977594503798302
loose,replay_loose_2026-01-30,2026-01-30,2026-03-02,20,XLU,0.09086906823692409
loose,replay_loose_2026-01-30,2026-01-30,2026-04-28,60,QQQ,0.05987478381742062
loose,replay_loose_2026-01-30,2026-01-30,2026-04-28,60,SOXX,0.27857410383008563
loose,replay_loose_2026-01-30,2026-01-30,2026-04-28,60,XLI,0.03207763082231152
loose,replay_loose_2026-01-30,2026-01-30,2026-04-28,60,XLU,0.06489054381711112
loose,replay_loose_2026-01-30,2026-01-30,2026-07-24,120,QQQ,0.10309513649808466
loose,replay_loose_2026-01-30,2026-01-30,2026-07-24,120,SOXX,0.5367177831663207
loose,replay_loose_2026-01-30,2026-01-30,2026-07-24,120,XLI,0.10247501588934937
loose,replay_loose_2026-01-30,2026-01-30,2026-07-24,120,XLU,0.06546784435977371
loose,replay_loose_2026-01-30,2026-01-30,2026-03-02,20,QQQ,-0.02022995361166346
loose,replay_loose_2026-01-30,2026-01-30,2026-03-02,20,SOXX,0.025484618306114707
loose,replay_loose_2026-01-30,2026-01-30,2026-03-02,20,XLI,0.07977594503798302
loose,replay_loose_2026-01-30,2026-01-30,2026-03-02,20,XLU,0.09086906823692409
loose,replay_loose_2026-01-30,2026-01-30,2026-04-28,60,QQQ,0.05987478381742062
loose,replay_loose_2026-01-30,2026-01-30,2026-04-28,60,SOXX,0.27857410383008563
loose,replay_loose_2026-01-30,2026-01-30,2026-04-28,60,XLI,0.03207763082231152
loose,replay_loose_2026-01-30,2026-01-30,2026-04-28,60,XLU,0.06489054381711112
loose,replay_loose_2026-01-30,2026-01-30,2026-07-24,120,QQQ,0.10309513649808466
loose,replay_loose_2026-01-30,2026-01-30,2026-07-24,120,SOXX,0.5367177831663207
loose,replay_loose_2026-01-30,2026-01-30,2026-07-24,120,XLI,0.10247501588934937
loose,replay_loose_2026-01-30,2026-01-30,2026-07-24,120,XLU,0.06546784435977371
loose,replay_loose_2026-01-30,2026-01-30,2026-03-02,20,QQQ,-0.02022995361166346
loose,replay_loose_2026-01-30,2026-01-30,2026-03-02,20,SOXX,0.025484618306114707
loose,replay_loose_2026-01-30,2026-01-30,2026-03-02,20,XLI,0.07977594503798302
loose,replay_loose_2026-01-30,2026-01-30,2026-03-02,20,XLU,0.09086906823692409
loose,replay_loose_2026-01-30,2026-01-30,2026-04-28,60,QQQ,0.05987478381742062
loose,replay_loose_2026-01-30,2026-01-30,2026-04-28,60,SOXX,0.27857410383008563
loose,replay_loose_2026-01-30,2026-01-30,2026-04-28,60,XLI,0.03207763082231152
loose,replay_loose_2026-01-30,2026-01-30,2026-04-28,60,XLU,0.06489054381711112
loose,replay_loose_2026-01-30,2026-01-30,2026-07-24,120,QQQ,0.10309513649808466
loose,replay_loose_2026-01-30,2026-01-30,2026-07-24,120,SOXX,0.5367177831663207
loose,replay_loose_2026-01-30,2026-01-30,2026-07-24,120,XLI,0.10247501588934937
loose,replay_loose_2026-01-30,2026-01-30,2026-07-24,120,XLU,0.06546784435977371
loose,replay_loose_2026-01-30,2026-01-30,2026-03-02,20,QQQ,-0.02022995361166346
loose,replay_loose_2026-01-30,2026-01-30,2026-03-02,20,SOXX,0.025484618306114707
loose,replay_loose_2026-01-30,2026-01-30,2026-03-02,20,XLI,0.07977594503798302
loose,replay_loose_2026-01-30,2026-01-30,2026-03-02,20,XLU,0.09086906823692409
loose,replay_loose_2026-01-30,2026-01-30,2026-04-28,60,QQQ,0.05987478381742062
loose,replay_loose_2026-01-30,2026-01-30,2026-04-28,60,SOXX,0.27857410383008563
loose,replay_loose_2026-01-30,2026-01-30,2026-04-28,60,XLI,0.03207763082231152
loose,replay_loose_2026-01-30,2026-01-30,2026-04-28,60,XLU,0.06489054381711112
loose,replay_loose_2026-01-30,2026-01-30,2026-07-24,120,QQQ,0.10309513649808466
loose,replay_loose_2026-01-30,2026-01-30,2026-07-24,120,SOXX,0.5367177831663207
loose,replay_loose_2026-01-30,2026-01-30,2026-07-24,120,XLI,0.10247501588934937
loose,replay_loose_2026-01-30,2026-01-30,2026-07-24,120,XLU,0.06546784435977371
loose,replay_loose_2026-02-27,2026-02-27,2026-03-27,20,QQQ,-0.06377809317081318
loose,replay_loose_2026-02-27,2026-02-27,2026-03-27,20,SOXX,-0.061270512559303714
loose,replay_loose_2026-02-27,2026-02-27,2026-03-27,20,XLI,-0.1009825456194039
loose,replay_loose_2026-02-27,2026-02-27,2026-03-27,20,XLU,-0.04066617429837527
loose,replay_loose_2026-02-27,2026-02-27,2026-05-26,60,QQQ,0.2160849891467692
loose,replay_loose_2026-02-27,2026-02-27,2026-05-26,60,SOXX,0.6573021218383442
loose,replay_loose_2026-02-27,2026-02-27,2026-05-26,60,XLI,-0.01518406437719599
loose,replay_loose_2026-02-27,2026-02-27,2026-05-26,60,XLU,-0.04604705634100015
loose,replay_loose_2026-02-27,2026-02-27,2026-08-20,120,QQQ,0.1840596092836867
loose,replay_loose_2026-02-27,2026-02-27,2026-08-20,120,SOXX,0.5177381319672848
loose,replay_loose_2026-02-27,2026-02-27,2026-08-20,120,XLI,0.015644452000453394
loose,replay_loose_2026-02-27,2026-02-27,2026-08-20,120,XLU,-0.07938742350706895
loose,replay_loose_2026-02-27,2026-02-27,2026-03-27,20,QQQ,-0.06377809317081318
loose,replay_loose_2026-02-27,2026-02-27,2026-03-27,20,SOXX,-0.061270512559303714
loose,replay_loose_2026-02-27,2026-02-27,2026-03-27,20,XLI,-0.1009825456194039
loose,replay_loose_2026-02-27,2026-02-27,2026-03-27,20,XLU,-0.04066617429837527
loose,replay_loose_2026-02-27,2026-02-27,2026-05-26,60,QQQ,0.2160849891467692
loose,replay_loose_2026-02-27,2026-02-27,2026-05-26,60,SOXX,0.6573021218383442
loose,replay_loose_2026-02-27,2026-02-27,2026-05-26,60,XLI,-0.01518406437719599
loose,replay_loose_2026-02-27,2026-02-27,2026-05-26,60,XLU,-0.04604705634100015
loose,replay_loose_2026-02-27,2026-02-27,2026-08-20,120,QQQ,0.1840596092836867
loose,replay_loose_2026-02-27,2026-02-27,2026-08-20,120,SOXX,0.5177381319672848
loose,replay_loose_2026-02-27,2026-02-27,2026-08-20,120,XLI,0.015644452000453394
loose,replay_loose_2026-02-27,2026-02-27,2026-08-20,120,XLU,-0.07938742350706895
loose,replay_loose_2026-02-27,2026-02-27,2026-03-27,20,QQQ,-0.06377809317081318
loose,replay_loose_2026-02-27,2026-02-27,2026-03-27,20,SOXX,-0.061270512559303714
loose,replay_loose_2026-02-27,2026-02-27,2026-03-27,20,XLI,-0.1009825456194039
loose,replay_loose_2026-02-27,2026-02-27,2026-03-27,20,XLU,-0.04066617429837527
loose,replay_loose_2026-02-27,2026-02-27,2026-05-26,60,QQQ,0.2160849891467692
loose,replay_loose_2026-02-27,2026-02-27,2026-05-26,60,SOXX,0.6573021218383442
loose,replay_loose_2026-02-27,2026-02-27,2026-05-26,60,XLI,-0.01518406437719599
loose,replay_loose_2026-02-27,2026-02-27,2026-05-26,60,XLU,-0.04604705634100015
loose,replay_loose_2026-02-27,2026-02-27,2026-08-20,120,QQQ,0.1840596092836867
loose,replay_loose_2026-02-27,2026-02-27,2026-08-20,120,SOXX,0.5177381319672848
loose,replay_loose_2026-02-27,2026-02-27,2026-08-20,120,XLI,0.015644452000453394
loose,replay_loose_2026-02-27,2026-02-27,2026-08-20,120,XLU,-0.07938742350706895
loose,replay_loose_2026-02-27,2026-02-27,2026-03-27,20,QQQ,-0.06377809317081318
loose,replay_loose_2026-02-27,2026-02-27,2026-03-27,20,SOXX,-0.061270512559303714
loose,replay_loose_2026-02-27,2026-02-27,2026-03-27,20,XLI,-0.1009825456194039
loose,replay_loose_2026-02-27,2026-02-27,2026-03-27,20,XLU,-0.04066617429837527
loose,replay_loose_2026-02-27,2026-02-27,2026-05-26,60,QQQ,0.2160849891467692
loose,replay_loose_2026-02-27,2026-02-27,2026-05-26,60,SOXX,0.6573021218383442
loose,replay_loose_2026-02-27,2026-02-27,2026-05-26,60,XLI,-0.01518406437719599
loose,replay_loose_2026-02-27,2026-02-27,2026-05-26,60,XLU,-0.04604705634100015
loose,replay_loose_2026-02-27,2026-02-27,2026-08-20,120,QQQ,0.1840596092836867
loose,replay_loose_2026-02-27,2026-02-27,2026-08-20,120,SOXX,0.5177381319672848
loose,replay_loose_2026-02-27,2026-02-27,2026-08-20,120,XLI,0.015644452000453394
loose,replay_loose_2026-02-27,2026-02-27,2026-08-20,120,XLU,-0.07938742350706895
loose,replay_loose_2026-03-31,2026-03-31,2026-04-29,20,QQQ,0.1346713153233713
loose,replay_loose_2026-03-31,2026-03-31,2026-04-29,20,SOXX,0.34648574170140034
loose,replay_loose_2026-03-31,2026-03-31,2026-04-29,20,XLI,0.0364519542479661
loose,replay_loose_2026-03-31,2026-03-31,2026-04-29,20,XLU,-0.005184837229626369
loose,replay_loose_2026-03-31,2026-03-31,2026-06-26,60,QQQ,0.2103853799460046
loose,replay_loose_2026-03-31,2026-03-31,2026-06-26,60,SOXX,0.7648491109178684
loose,replay_loose_2026-03-31,2026-03-31,2026-06-26,60,XLI,0.10501883907272613
loose,replay_loose_2026-03-31,2026-03-31,2026-06-26,60,XLU,0.0059578326414681
loose,replay_loose_2026-03-31,2026-03-31,2026-09-22,120,QQQ,0.2822819287053119
loose,replay_loose_2026-03-31,2026-03-31,2026-09-22,120,SOXX,0.7142928723499956
loose,replay_loose_2026-03-31,2026-03-31,2026-09-22,120,XLI,0.038592757966848024
loose,replay_loose_2026-03-31,2026-03-31,2026-09-22,120,XLU,-0.11770395455538563
loose,replay_loose_2026-03-31,2026-03-31,2026-04-29,20,QQQ,0.1346713153233713
loose,replay_loose_2026-03-31,2026-03-31,2026-04-29,20,SOXX,0.34648574170140034
loose,replay_loose_2026-03-31,2026-03-31,2026-04-29,20,XLI,0.0364519542479661
loose,replay_loose_2026-03-31,2026-03-31,2026-04-29,20,XLU,-0.005184837229626369
loose,replay_loose_2026-03-31,2026-03-31,2026-06-26,60,QQQ,0.2103853799460046
loose,replay_loose_2026-03-31,2026-03-31,2026-06-26,60,SOXX,0.7648491109178684
loose,replay_loose_2026-03-31,2026-03-31,2026-06-26,60,XLI,0.10501883907272613
loose,replay_loose_2026-03-31,2026-03-31,2026-06-26,60,XLU,0.0059578326414681
loose,replay_loose_2026-03-31,2026-03-31,2026-09-22,120,QQQ,0.2822819287053119
loose,replay_loose_2026-03-31,2026-03-31,2026-09-22,120,SOXX,0.7142928723499956
loose,replay_loose_2026-03-31,2026-03-31,2026-09-22,120,XLI,0.038592757966848024
loose,replay_loose_2026-03-31,2026-03-31,2026-09-22,120,XLU,-0.11770395455538563
loose,replay_loose_2026-03-31,2026-03-31,2026-04-29,20,QQQ,0.1346713153233713
loose,replay_loose_2026-03-31,2026-03-31,2026-04-29,20,SOXX,0.34648574170140034
loose,replay_loose_2026-03-31,2026-03-31,2026-04-29,20,XLI,0.0364519542479661
loose,replay_loose_2026-03-31,2026-03-31,2026-04-29,20,XLU,-0.005184837229626369
loose,replay_loose_2026-03-31,2026-03-31,2026-06-26,60,QQQ,0.2103853799460046
loose,replay_loose_2026-03-31,2026-03-31,2026-06-26,60,SOXX,0.7648491109178684
loose,replay_loose_2026-03-31,2026-03-31,2026-06-26,60,XLI,0.10501883907272613
loose,replay_loose_2026-03-31,2026-03-31,2026-06-26,60,XLU,0.0059578326414681
loose,replay_loose_2026-03-31,2026-03-31,2026-09-22,120,QQQ,0.2822819287053119
loose,replay_loose_2026-03-31,2026-03-31,2026-09-22,120,SOXX,0.7142928723499956
loose,replay_loose_2026-03-31,2026-03-31,2026-09-22,120,XLI,0.038592757966848024
loose,replay_loose_2026-03-31,2026-03-31,2026-09-22,120,XLU,-0.11770395455538563
loose,replay_loose_2026-03-31,2026-03-31,2026-04-29,20,QQQ,0.1346713153233713
loose,replay_loose_2026-03-31,2026-03-31,2026-04-29,20,SOXX,0.34648574170140034
loose,replay_loose_2026-03-31,2026-03-31,2026-04-29,20,XLI,0.0364519542479661
loose,replay_loose_2026-03-31,2026-03-31,2026-04-29,20,XLU,-0.005184837229626369
loose,replay_loose_2026-03-31,2026-03-31,2026-06-26,60,QQQ,0.2103853799460046
loose,replay_loose_2026-03-31,2026-03-31,2026-06-26,60,SOXX,0.7648491109178684
loose,replay_loose_2026-03-31,2026-03-31,2026-06-26,60,XLI,0.10501883907272613
loose,replay_loose_2026-03-31,2026-03-31,2026-06-26,60,XLU,0.0059578326414681
loose,replay_loose_2026-03-31,2026-03-31,2026-09-22,120,QQQ,0.2822819287053119
loose,replay_loose_2026-03-31,2026-03-31,2026-09-22,120,SOXX,0.7142928723499956
loose,replay_loose_2026-03-31,2026-03-31,2026-09-22,120,XLI,0.038592757966848024
loose,replay_loose_2026-03-31,2026-03-31,2026-09-22,120,XLU,-0.11770395455538563
strict,replay_strict_2023-01-31,2023-01-31,2023-03-01,20,QQQ,-0.014514163439983793
strict,replay_strict_2023-01-31,2023-01-31,2023-03-01,20,SOXX,0.0067792885998619904
strict,replay_strict_2023-01-31,2023-01-31,2023-03-01,20,XLI,-0.0030986582478296195
strict,replay_strict_2023-01-31,2023-01-31,2023-03-01,20,XLU,-0.07308870146866353
strict,replay_strict_2023-01-31,2023-01-31,2023-04-27,60,QQQ,0.08513939270429993
strict,replay_strict_2023-01-31,2023-01-31,2023-04-27,60,SOXX,-0.0058327914080203965
strict,replay_strict_2023-01-31,2023-01-31,2023-04-27,60,XLI,-0.02534609313338598
strict,replay_strict_2023-01-31,2023-01-31,2023-04-27,60,XLU,0.0016531917987495674
strict,replay_strict_2023-01-31,2023-01-31,2023-07-25,120,QQQ,0.28383513348277967
strict,replay_strict_2023-01-31,2023-01-31,2023-07-25,120,SOXX,0.2769044240811903
strict,replay_strict_2023-01-31,2023-01-31,2023-07-25,120,XLI,0.07868902920284138
strict,replay_strict_2023-01-31,2023-01-31,2023-07-25,120,XLU,-0.008234840773593152
strict,replay_strict_2023-01-31,2023-01-31,2023-03-01,20,QQQ,-0.014514163439983793
strict,replay_strict_2023-01-31,2023-01-31,2023-03-01,20,SOXX,0.0067792885998619904
strict,replay_strict_2023-01-31,2023-01-31,2023-03-01,20,XLI,-0.0030986582478296195
strict,replay_strict_2023-01-31,2023-01-31,2023-03-01,20,XLU,-0.07308870146866353
strict,replay_strict_2023-01-31,2023-01-31,2023-04-27,60,QQQ,0.08513939270429993
strict,replay_strict_2023-01-31,2023-01-31,2023-04-27,60,SOXX,-0.0058327914080203965
strict,replay_strict_2023-01-31,2023-01-31,2023-04-27,60,XLI,-0.02534609313338598
strict,replay_strict_2023-01-31,2023-01-31,2023-04-27,60,XLU,0.0016531917987495674
strict,replay_strict_2023-01-31,2023-01-31,2023-07-25,120,QQQ,0.28383513348277967
strict,replay_strict_2023-01-31,2023-01-31,2023-07-25,120,SOXX,0.2769044240811903
strict,replay_strict_2023-01-31,2023-01-31,2023-07-25,120,XLI,0.07868902920284138
strict,replay_strict_2023-01-31,2023-01-31,2023-07-25,120,XLU,-0.008234840773593152
strict,replay_strict_2023-01-31,2023-01-31,2023-03-01,20,QQQ,-0.014514163439983793
strict,replay_strict_2023-01-31,2023-01-31,2023-03-01,20,SOXX,0.0067792885998619904
strict,replay_strict_2023-01-31,2023-01-31,2023-03-01,20,XLI,-0.0030986582478296195
strict,replay_strict_2023-01-31,2023-01-31,2023-03-01,20,XLU,-0.07308870146866353
strict,replay_strict_2023-01-31,2023-01-31,2023-04-27,60,QQQ,0.08513939270429993
strict,replay_strict_2023-01-31,2023-01-31,2023-04-27,60,SOXX,-0.0058327914080203965
strict,replay_strict_2023-01-31,2023-01-31,2023-04-27,60,XLI,-0.02534609313338598
strict,replay_strict_2023-01-31,2023-01-31,2023-04-27,60,XLU,0.0016531917987495674
strict,replay_strict_2023-01-31,2023-01-31,2023-07-25,120,QQQ,0.28383513348277967
strict,replay_strict_2023-01-31,2023-01-31,2023-07-25,120,SOXX,0.2769044240811903
strict,replay_strict_2023-01-31,2023-01-31,2023-07-25,120,XLI,0.07868902920284138
strict,replay_strict_2023-01-31,2023-01-31,2023-07-25,120,XLU,-0.008234840773593152
strict,replay_strict_2023-01-31,2023-01-31,2023-03-01,20,QQQ,-0.014514163439983793
strict,replay_strict_2023-01-31,2023-01-31,2023-03-01,20,SOXX,0.0067792885998619904
strict,replay_strict_2023-01-31,2023-01-31,2023-03-01,20,XLI,-0.0030986582478296195
strict,replay_strict_2023-01-31,2023-01-31,2023-03-01,20,XLU,-0.07308870146866353
strict,replay_strict_2023-01-31,2023-01-31,2023-04-27,60,QQQ,0.08513939270429993
strict,replay_strict_2023-01-31,2023-01-31,2023-04-27,60,SOXX,-0.0058327914080203965
strict,replay_strict_2023-01-31,2023-01-31,2023-04-27,60,XLI,-0.02534609313338598
strict,replay_strict_2023-01-31,2023-01-31,2023-04-27,60,XLU,0.0016531917987495674
strict,replay_strict_2023-01-31,2023-01-31,2023-07-25,120,QQQ,0.28383513348277967
strict,replay_strict_2023-01-31,2023-01-31,2023-07-25,120,SOXX,0.2769044240811903
strict,replay_strict_2023-01-31,2023-01-31,2023-07-25,120,XLI,0.07868902920284138
strict,replay_strict_2023-01-31,2023-01-31,2023-07-25,120,XLU,-0.008234840773593152
strict,replay_strict_2023-02-28,2023-02-28,2023-03-28,20,QQQ,0.04504476898928533
strict,replay_strict_2023-02-28,2023-02-28,2023-03-28,20,SOXX,0.01628707983447464
strict,replay_strict_2023-02-28,2023-02-28,2023-03-28,20,XLI,-0.02985162249194939
strict,replay_strict_2023-02-28,2023-02-28,2023-03-28,20,XLU,0.017180932498260252
strict,replay_strict_2023-02-28,2023-02-28,2023-05-24,60,QQQ,0.12833829249982942
strict,replay_strict_2023-02-28,2023-02-28,2023-05-24,60,SOXX,0.040026885753696395
strict,replay_strict_2023-02-28,2023-02-28,2023-05-24,60,XLI,-0.039115927669061135
strict,replay_strict_2023-02-28,2023-02-28,2023-05-24,60,XLU,0.009603417613856084
strict,replay_strict_2023-02-28,2023-02-28,2023-08-21,120,QQQ,0.2392029618508157
strict,replay_strict_2023-02-28,2023-02-28,2023-08-21,120,SOXX,0.1935733368826077
strict,replay_strict_2023-02-28,2023-02-28,2023-08-21,120,XLI,0.04807753282140215
strict,replay_strict_2023-02-28,2023-02-28,2023-08-21,120,XLU,-0.027510941003634267
strict,replay_strict_2023-02-28,2023-02-28,2023-03-28,20,QQQ,0.04504476898928533
strict,replay_strict_2023-02-28,2023-02-28,2023-03-28,20,SOXX,0.01628707983447464
strict,replay_strict_2023-02-28,2023-02-28,2023-03-28,20,XLI,-0.02985162249194939
strict,replay_strict_2023-02-28,2023-02-28,2023-03-28,20,XLU,0.017180932498260252
strict,replay_strict_2023-02-28,2023-02-28,2023-05-24,60,QQQ,0.12833829249982942
strict,replay_strict_2023-02-28,2023-02-28,2023-05-24,60,SOXX,0.040026885753696395
strict,replay_strict_2023-02-28,2023-02-28,2023-05-24,60,XLI,-0.039115927669061135
strict,replay_strict_2023-02-28,2023-02-28,2023-05-24,60,XLU,0.009603417613856084
strict,replay_strict_2023-02-28,2023-02-28,2023-08-21,120,QQQ,0.2392029618508157
strict,replay_strict_2023-02-28,2023-02-28,2023-08-21,120,SOXX,0.1935733368826077
strict,replay_strict_2023-02-28,2023-02-28,2023-08-21,120,XLI,0.04807753282140215
strict,replay_strict_2023-02-28,2023-02-28,2023-08-21,120,XLU,-0.027510941003634267
strict,replay_strict_2023-02-28,2023-02-28,2023-03-28,20,QQQ,0.04504476898928533
strict,replay_strict_2023-02-28,2023-02-28,2023-03-28,20,SOXX,0.01628707983447464
strict,replay_strict_2023-02-28,2023-02-28,2023-03-28,20,XLI,-0.02985162249194939
strict,replay_strict_2023-02-28,2023-02-28,2023-03-28,20,XLU,0.017180932498260252
strict,replay_strict_2023-02-28,2023-02-28,2023-05-24,60,QQQ,0.12833829249982942
strict,replay_strict_2023-02-28,2023-02-28,2023-05-24,60,SOXX,0.040026885753696395
strict,replay_strict_2023-02-28,2023-02-28,2023-05-24,60,XLI,-0.039115927669061135
strict,replay_strict_2023-02-28,2023-02-28,2023-05-24,60,XLU,0.009603417613856084
strict,replay_strict_2023-02-28,2023-02-28,2023-08-21,120,QQQ,0.2392029618508157
strict,replay_strict_2023-02-28,2023-02-28,2023-08-21,120,SOXX,0.1935733368826077
strict,replay_strict_2023-02-28,2023-02-28,2023-08-21,120,XLI,0.04807753282140215
strict,replay_strict_2023-02-28,2023-02-28,2023-08-21,120,XLU,-0.027510941003634267
strict,replay_strict_2023-02-28,2023-02-28,2023-03-28,20,QQQ,0.04504476898928533
strict,replay_strict_2023-02-28,2023-02-28,2023-03-28,20,SOXX,0.01628707983447464
strict,replay_strict_2023-02-28,2023-02-28,2023-03-28,20,XLI,-0.02985162249194939
strict,replay_strict_2023-02-28,2023-02-28,2023-03-28,20,XLU,0.017180932498260252
strict,replay_strict_2023-02-28,2023-02-28,2023-05-24,60,QQQ,0.12833829249982942
strict,replay_strict_2023-02-28,2023-02-28,2023-05-24,60,SOXX,0.040026885753696395
strict,replay_strict_2023-02-28,2023-02-28,2023-05-24,60,XLI,-0.039115927669061135
strict,replay_strict_2023-02-28,2023-02-28,2023-05-24,60,XLU,0.009603417613856084
strict,replay_strict_2023-02-28,2023-02-28,2023-08-21,120,QQQ,0.2392029618508157
strict,replay_strict_2023-02-28,2023-02-28,2023-08-21,120,SOXX,0.1935733368826077
strict,replay_strict_2023-02-28,2023-02-28,2023-08-21,120,XLI,0.04807753282140215
strict,replay_strict_2023-02-28,2023-02-28,2023-08-21,120,XLU,-0.027510941003634267
strict,replay_strict_2023-03-31,2023-03-31,2023-05-01,20,QQQ,0.00783921568627444
strict,replay_strict_2023-03-31,2023-03-31,2023-05-01,20,SOXX,-0.061614524633942014
strict,replay_strict_2023-03-31,2023-03-31,2023-05-01,20,XLI,-0.007456769337427002
strict,replay_strict_2023-03-31,2023-03-31,2023-05-01,20,XLU,0.025120815354858
strict,replay_strict_2023-03-31,2023-03-31,2023-06-28,60,QQQ,0.14068627450980398
strict,replay_strict_2023-03-31,2023-03-31,2023-06-28,60,SOXX,0.12515986602394358
strict,replay_strict_2023-03-31,2023-03-31,2023-06-28,60,XLI,0.040874418144003166
strict,replay_strict_2023-03-31,2023-03-31,2023-06-28,60,XLU,-0.040345633090313804
strict,replay_strict_2023-03-31,2023-03-31,2023-09-22,120,QQQ,0.11990196078431381
strict,replay_strict_2023-03-31,2023-03-31,2023-09-22,120,SOXX,0.05169934596148196
strict,replay_strict_2023-03-31,2023-03-31,2023-09-22,120,XLI,0.0054183420818064735
strict,replay_strict_2023-03-31,2023-03-31,2023-09-22,120,XLU,-0.06117586668650499
strict,replay_strict_2023-03-31,2023-03-31,2023-05-01,20,QQQ,0.00783921568627444
strict,replay_strict_2023-03-31,2023-03-31,2023-05-01,20,SOXX,-0.061614524633942014
strict,replay_strict_2023-03-31,2023-03-31,2023-05-01,20,XLI,-0.007456769337427002
strict,replay_strict_2023-03-31,2023-03-31,2023-05-01,20,XLU,0.025120815354858
strict,replay_strict_2023-03-31,2023-03-31,2023-06-28,60,QQQ,0.14068627450980398
strict,replay_strict_2023-03-31,2023-03-31,2023-06-28,60,SOXX,0.12515986602394358
strict,replay_strict_2023-03-31,2023-03-31,2023-06-28,60,XLI,0.040874418144003166
strict,replay_strict_2023-03-31,2023-03-31,2023-06-28,60,XLU,-0.040345633090313804
strict,replay_strict_2023-03-31,2023-03-31,2023-09-22,120,QQQ,0.11990196078431381
strict,replay_strict_2023-03-31,2023-03-31,2023-09-22,120,SOXX,0.05169934596148196
strict,replay_strict_2023-03-31,2023-03-31,2023-09-22,120,XLI,0.0054183420818064735
strict,replay_strict_2023-03-31,2023-03-31,2023-09-22,120,XLU,-0.06117586668650499
strict,replay_strict_2023-03-31,2023-03-31,2023-05-01,20,QQQ,0.00783921568627444
strict,replay_strict_2023-03-31,2023-03-31,2023-05-01,20,SOXX,-0.061614524633942014
strict,replay_strict_2023-03-31,2023-03-31,2023-05-01,20,XLI,-0.007456769337427002
strict,replay_strict_2023-03-31,2023-03-31,2023-05-01,20,XLU,0.025120815354858
strict,replay_strict_2023-03-31,2023-03-31,2023-06-28,60,QQQ,0.14068627450980398
strict,replay_strict_2023-03-31,2023-03-31,2023-06-28,60,SOXX,0.12515986602394358
strict,replay_strict_2023-03-31,2023-03-31,2023-06-28,60,XLI,0.040874418144003166
strict,replay_strict_2023-03-31,2023-03-31,2023-06-28,60,XLU,-0.040345633090313804
strict,replay_strict_2023-03-31,2023-03-31,2023-09-22,120,QQQ,0.11990196078431381
strict,replay_strict_2023-03-31,2023-03-31,2023-09-22,120,SOXX,0.05169934596148196
strict,replay_strict_2023-03-31,2023-03-31,2023-09-22,120,XLI,0.0054183420818064735
strict,replay_strict_2023-03-31,2023-03-31,2023-09-22,120,XLU,-0.06117586668650499
strict,replay_strict_2023-03-31,2023-03-31,2023-05-01,20,QQQ,0.00783921568627444
strict,replay_strict_2023-03-31,2023-03-31,2023-05-01,20,SOXX,-0.061614524633942014
strict,replay_strict_2023-03-31,2023-03-31,2023-05-01,20,XLI,-0.007456769337427002
strict,replay_strict_2023-03-31,2023-03-31,2023-05-01,20,XLU,0.025120815354858
strict,replay_strict_2023-03-31,2023-03-31,2023-06-28,60,QQQ,0.14068627450980398
strict,replay_strict_2023-03-31,2023-03-31,2023-06-28,60,SOXX,0.12515986602394358
strict,replay_strict_2023-03-31,2023-03-31,2023-06-28,60,XLI,0.040874418144003166
strict,replay_strict_2023-03-31,2023-03-31,2023-06-28,60,XLU,-0.040345633090313804
strict,replay_strict_2023-03-31,2023-03-31,2023-09-22,120,QQQ,0.11990196078431381
strict,replay_strict_2023-03-31,2023-03-31,2023-09-22,120,SOXX,0.05169934596148196
strict,replay_strict_2023-03-31,2023-03-31,2023-09-22,120,XLI,0.0054183420818064735
strict,replay_strict_2023-03-31,2023-03-31,2023-09-22,120,XLU,-0.06117586668650499
strict,replay_strict_2023-04-28,2023-04-28,2023-05-26,20,QQQ,0.0787473377006428
strict,replay_strict_2023-04-28,2023-04-28,2023-05-26,20,SOXX,0.17915954505391019
strict,replay_strict_2023-04-28,2023-04-28,2023-05-26,20,XLI,-0.019747487876818456
strict,replay_strict_2023-04-28,2023-04-28,2023-05-26,20,XLU,-0.06501888162672476
strict,replay_strict_2023-04-28,2023-04-28,2023-07-26,60,QQQ,0.16915685056971663
strict,replay_strict_2023-04-28,2023-04-28,2023-07-26,60,SOXX,0.23293687743742686
strict,replay_strict_2023-04-28,2023-04-28,2023-07-26,60,XLI,0.10088441733739939
strict,replay_strict_2023-04-28,2023-04-28,2023-07-26,60,XLU,-0.009681190994916374
strict,replay_strict_2023-04-28,2023-04-28,2023-10-19,120,QQQ,0.11463792728740418
strict,replay_strict_2023-04-28,2023-04-28,2023-10-19,120,SOXX,0.11794466512925139
strict,replay_strict_2023-04-28,2023-04-28,2023-10-19,120,XLI,-0.0058495725641153325
strict,replay_strict_2023-04-28,2023-04-28,2023-10-19,120,XLU,-0.15114814814814814
strict,replay_strict_2023-04-28,2023-04-28,2023-05-26,20,QQQ,0.0787473377006428
strict,replay_strict_2023-04-28,2023-04-28,2023-05-26,20,SOXX,0.17915954505391019
strict,replay_strict_2023-04-28,2023-04-28,2023-05-26,20,XLI,-0.019747487876818456
strict,replay_strict_2023-04-28,2023-04-28,2023-05-26,20,XLU,-0.06501888162672476
strict,replay_strict_2023-04-28,2023-04-28,2023-07-26,60,QQQ,0.16915685056971663
strict,replay_strict_2023-04-28,2023-04-28,2023-07-26,60,SOXX,0.23293687743742686
strict,replay_strict_2023-04-28,2023-04-28,2023-07-26,60,XLI,0.10088441733739939
strict,replay_strict_2023-04-28,2023-04-28,2023-07-26,60,XLU,-0.009681190994916374
strict,replay_strict_2023-04-28,2023-04-28,2023-10-19,120,QQQ,0.11463792728740418
strict,replay_strict_2023-04-28,2023-04-28,2023-10-19,120,SOXX,0.11794466512925139
strict,replay_strict_2023-04-28,2023-04-28,2023-10-19,120,XLI,-0.0058495725641153325
strict,replay_strict_2023-04-28,2023-04-28,2023-10-19,120,XLU,-0.15114814814814814
strict,replay_strict_2023-04-28,2023-04-28,2023-05-26,20,QQQ,0.0787473377006428
strict,replay_strict_2023-04-28,2023-04-28,2023-05-26,20,SOXX,0.17915954505391019
strict,replay_strict_2023-04-28,2023-04-28,2023-05-26,20,XLI,-0.019747487876818456
strict,replay_strict_2023-04-28,2023-04-28,2023-05-26,20,XLU,-0.06501888162672476
strict,replay_strict_2023-04-28,2023-04-28,2023-07-26,60,QQQ,0.16915685056971663
strict,replay_strict_2023-04-28,2023-04-28,2023-07-26,60,SOXX,0.23293687743742686
strict,replay_strict_2023-04-28,2023-04-28,2023-07-26,60,XLI,0.10088441733739939
strict,replay_strict_2023-04-28,2023-04-28,2023-07-26,60,XLU,-0.009681190994916374
strict,replay_strict_2023-04-28,2023-04-28,2023-10-19,120,QQQ,0.11463792728740418
strict,replay_strict_2023-04-28,2023-04-28,2023-10-19,120,SOXX,0.11794466512925139
strict,replay_strict_2023-04-28,2023-04-28,2023-10-19,120,XLI,-0.0058495725641153325
strict,replay_strict_2023-04-28,2023-04-28,2023-10-19,120,XLU,-0.15114814814814814
strict,replay_strict_2023-04-28,2023-04-28,2023-05-26,20,QQQ,0.0787473377006428
strict,replay_strict_2023-04-28,2023-04-28,2023-05-26,20,SOXX,0.17915954505391019
strict,replay_strict_2023-04-28,2023-04-28,2023-05-26,20,XLI,-0.019747487876818456
strict,replay_strict_2023-04-28,2023-04-28,2023-05-26,20,XLU,-0.06501888162672476
strict,replay_strict_2023-04-28,2023-04-28,2023-07-26,60,QQQ,0.16915685056971663
strict,replay_strict_2023-04-28,2023-04-28,2023-07-26,60,SOXX,0.23293687743742686
strict,replay_strict_2023-04-28,2023-04-28,2023-07-26,60,XLI,0.10088441733739939
strict,replay_strict_2023-04-28,2023-04-28,2023-07-26,60,XLU,-0.009681190994916374
strict,replay_strict_2023-04-28,2023-04-28,2023-10-19,120,QQQ,0.11463792728740418
strict,replay_strict_2023-04-28,2023-04-28,2023-10-19,120,SOXX,0.11794466512925139
strict,replay_strict_2023-04-28,2023-04-28,2023-10-19,120,XLI,-0.0058495725641153325
strict,replay_strict_2023-04-28,2023-04-28,2023-10-19,120,XLU,-0.15114814814814814
strict,replay_strict_2023-05-31,2023-05-31,2023-06-29,20,QQQ,0.04332904839962037
strict,replay_strict_2023-05-31,2023-05-31,2023-06-29,20,SOXX,0.03976480400333593
strict,replay_strict_2023-05-31,2023-05-31,2023-06-29,20,XLI,0.09160849881675082
strict,replay_strict_2023-05-31,2023-05-31,2023-06-29,20,XLU,-0.00822755227552285
strict,replay_strict_2023-05-31,2023-05-31,2023-08-25,60,QQQ,0.044134270842320134
strict,replay_strict_2023-05-31,2023-05-31,2023-08-25,60,SOXX,0.009406171809841383
strict,replay_strict_2023-05-31,2023-05-31,2023-08-25,60,XLI,0.09310042185410017
strict,replay_strict_2023-05-31,2023-05-31,2023-08-25,60,XLU,-0.024832718327183364
strict,replay_strict_2023-05-31,2023-05-31,2023-11-20,120,QQQ,0.12074543467632914
strict,replay_strict_2023-05-31,2023-05-31,2023-11-20,120,SOXX,0.08759633027522906
strict,replay_strict_2023-05-31,2023-05-31,2023-11-20,120,XLI,0.08692694721679184
strict,replay_strict_2023-05-31,2023-05-31,2023-11-20,120,XLU,-0.048049200492005006
strict,replay_strict_2023-05-31,2023-05-31,2023-06-29,20,QQQ,0.04332904839962037
strict,replay_strict_2023-05-31,2023-05-31,2023-06-29,20,SOXX,0.03976480400333593
strict,replay_strict_2023-05-31,2023-05-31,2023-06-29,20,XLI,0.09160849881675082
strict,replay_strict_2023-05-31,2023-05-31,2023-06-29,20,XLU,-0.00822755227552285
strict,replay_strict_2023-05-31,2023-05-31,2023-08-25,60,QQQ,0.044134270842320134
strict,replay_strict_2023-05-31,2023-05-31,2023-08-25,60,SOXX,0.009406171809841383
strict,replay_strict_2023-05-31,2023-05-31,2023-08-25,60,XLI,0.09310042185410017
strict,replay_strict_2023-05-31,2023-05-31,2023-08-25,60,XLU,-0.024832718327183364
strict,replay_strict_2023-05-31,2023-05-31,2023-11-20,120,QQQ,0.12074543467632914
strict,replay_strict_2023-05-31,2023-05-31,2023-11-20,120,SOXX,0.08759633027522906
strict,replay_strict_2023-05-31,2023-05-31,2023-11-20,120,XLI,0.08692694721679184
strict,replay_strict_2023-05-31,2023-05-31,2023-11-20,120,XLU,-0.048049200492005006
strict,replay_strict_2023-05-31,2023-05-31,2023-06-29,20,QQQ,0.04332904839962037
strict,replay_strict_2023-05-31,2023-05-31,2023-06-29,20,SOXX,0.03976480400333593
strict,replay_strict_2023-05-31,2023-05-31,2023-06-29,20,XLI,0.09160849881675082
strict,replay_strict_2023-05-31,2023-05-31,2023-06-29,20,XLU,-0.00822755227552285
strict,replay_strict_2023-05-31,2023-05-31,2023-08-25,60,QQQ,0.044134270842320134
strict,replay_strict_2023-05-31,2023-05-31,2023-08-25,60,SOXX,0.009406171809841383
strict,replay_strict_2023-05-31,2023-05-31,2023-08-25,60,XLI,0.09310042185410017
strict,replay_strict_2023-05-31,2023-05-31,2023-08-25,60,XLU,-0.024832718327183364
strict,replay_strict_2023-05-31,2023-05-31,2023-11-20,120,QQQ,0.12074543467632914
strict,replay_strict_2023-05-31,2023-05-31,2023-11-20,120,SOXX,0.08759633027522906
strict,replay_strict_2023-05-31,2023-05-31,2023-11-20,120,XLI,0.08692694721679184
strict,replay_strict_2023-05-31,2023-05-31,2023-11-20,120,XLU,-0.048049200492005006
strict,replay_strict_2023-05-31,2023-05-31,2023-06-29,20,QQQ,0.04332904839962037
strict,replay_strict_2023-05-31,2023-05-31,2023-06-29,20,SOXX,0.03976480400333593
strict,replay_strict_2023-05-31,2023-05-31,2023-06-29,20,XLI,0.09160849881675082
strict,replay_strict_2023-05-31,2023-05-31,2023-06-29,20,XLU,-0.00822755227552285
strict,replay_strict_2023-05-31,2023-05-31,2023-08-25,60,QQQ,0.044134270842320134
strict,replay_strict_2023-05-31,2023-05-31,2023-08-25,60,SOXX,0.009406171809841383
strict,replay_strict_2023-05-31,2023-05-31,2023-08-25,60,XLI,0.09310042185410017
strict,replay_strict_2023-05-31,2023-05-31,2023-08-25,60,XLU,-0.024832718327183364
strict,replay_strict_2023-05-31,2023-05-31,2023-11-20,120,QQQ,0.12074543467632914
strict,replay_strict_2023-05-31,2023-05-31,2023-11-20,120,SOXX,0.08759633027522906
strict,replay_strict_2023-05-31,2023-05-31,2023-11-20,120,XLI,0.08692694721679184
strict,replay_strict_2023-05-31,2023-05-31,2023-11-20,120,XLU,-0.048049200492005006
strict,replay_strict_2023-06-30,2023-06-30,2023-07-31,20,QQQ,0.03438039894048328
strict,replay_strict_2023-06-30,2023-06-30,2023-07-31,20,SOXX,0.045651616002195916
strict,replay_strict_2023-06-30,2023-06-30,2023-07-31,20,XLI,0.030557989328840244
strict,replay_strict_2023-06-30,2023-06-30,2023-07-31,20,XLU,0.026150046026388266
strict,replay_strict_2023-06-30,2023-06-30,2023-09-26,60,QQQ,-0.04556986864154822
strict,replay_strict_2023-06-30,2023-06-30,2023-09-26,60,SOXX,-0.10195991608748067
strict,replay_strict_2023-06-30,2023-06-30,2023-09-26,60,XLI,-0.060287278854254445
strict,replay_strict_2023-06-30,2023-06-30,2023-09-26,60,XLU,-0.06268088370665859
strict,replay_strict_2023-06-30,2023-06-30,2023-12-20,120,QQQ,0.08641023839126427
strict,replay_strict_2023-06-30,2023-06-30,2023-12-20,120,SOXX,0.08098113928890027
strict,replay_strict_2023-06-30,2023-06-30,2023-12-20,120,XLI,0.0398718524758962
strict,replay_strict_2023-06-30,2023-06-30,2023-12-20,120,XLU,-0.04710862227677215
strict,replay_strict_2023-06-30,2023-06-30,2023-07-31,20,QQQ,0.03438039894048328
strict,replay_strict_2023-06-30,2023-06-30,2023-07-31,20,SOXX,0.045651616002195916
strict,replay_strict_2023-06-30,2023-06-30,2023-07-31,20,XLI,0.030557989328840244
strict,replay_strict_2023-06-30,2023-06-30,2023-07-31,20,XLU,0.026150046026388266
strict,replay_strict_2023-06-30,2023-06-30,2023-09-26,60,QQQ,-0.04556986864154822
strict,replay_strict_2023-06-30,2023-06-30,2023-09-26,60,SOXX,-0.10195991608748067
strict,replay_strict_2023-06-30,2023-06-30,2023-09-26,60,XLI,-0.060287278854254445
strict,replay_strict_2023-06-30,2023-06-30,2023-09-26,60,XLU,-0.06268088370665859
strict,replay_strict_2023-06-30,2023-06-30,2023-12-20,120,QQQ,0.08641023839126427
strict,replay_strict_2023-06-30,2023-06-30,2023-12-20,120,SOXX,0.08098113928890027
strict,replay_strict_2023-06-30,2023-06-30,2023-12-20,120,XLI,0.0398718524758962
strict,replay_strict_2023-06-30,2023-06-30,2023-12-20,120,XLU,-0.04710862227677215
strict,replay_strict_2023-06-30,2023-06-30,2023-07-31,20,QQQ,0.03438039894048328
strict,replay_strict_2023-06-30,2023-06-30,2023-07-31,20,SOXX,0.045651616002195916
strict,replay_strict_2023-06-30,2023-06-30,2023-07-31,20,XLI,0.030557989328840244
strict,replay_strict_2023-06-30,2023-06-30,2023-07-31,20,XLU,0.026150046026388266
strict,replay_strict_2023-06-30,2023-06-30,2023-09-26,60,QQQ,-0.04556986864154822
strict,replay_strict_2023-06-30,2023-06-30,2023-09-26,60,SOXX,-0.10195991608748067
strict,replay_strict_2023-06-30,2023-06-30,2023-09-26,60,XLI,-0.060287278854254445
strict,replay_strict_2023-06-30,2023-06-30,2023-09-26,60,XLU,-0.06268088370665859
strict,replay_strict_2023-06-30,2023-06-30,2023-12-20,120,QQQ,0.08641023839126427
strict,replay_strict_2023-06-30,2023-06-30,2023-12-20,120,SOXX,0.08098113928890027
strict,replay_strict_2023-06-30,2023-06-30,2023-12-20,120,XLI,0.0398718524758962
strict,replay_strict_2023-06-30,2023-06-30,2023-12-20,120,XLU,-0.04710862227677215
strict,replay_strict_2023-06-30,2023-06-30,2023-07-31,20,QQQ,0.03438039894048328
strict,replay_strict_2023-06-30,2023-06-30,2023-07-31,20,SOXX,0.045651616002195916
strict,replay_strict_2023-06-30,2023-06-30,2023-07-31,20,XLI,0.030557989328840244
strict,replay_strict_2023-06-30,2023-06-30,2023-07-31,20,XLU,0.026150046026388266
strict,replay_strict_2023-06-30,2023-06-30,2023-09-26,60,QQQ,-0.04556986864154822
strict,replay_strict_2023-06-30,2023-06-30,2023-09-26,60,SOXX,-0.10195991608748067
strict,replay_strict_2023-06-30,2023-06-30,2023-09-26,60,XLI,-0.060287278854254445
strict,replay_strict_2023-06-30,2023-06-30,2023-09-26,60,XLU,-0.06268088370665859
strict,replay_strict_2023-06-30,2023-06-30,2023-12-20,120,QQQ,0.08641023839126427
strict,replay_strict_2023-06-30,2023-06-30,2023-12-20,120,SOXX,0.08098113928890027
strict,replay_strict_2023-06-30,2023-06-30,2023-12-20,120,XLI,0.0398718524758962
strict,replay_strict_2023-06-30,2023-06-30,2023-12-20,120,XLU,-0.04710862227677215
strict,replay_strict_2023-07-31,2023-07-31,2023-08-28,20,QQQ,-0.04364338956453517
strict,replay_strict_2023-07-31,2023-07-31,2023-08-28,20,SOXX,-0.07582084150203594
strict,replay_strict_2023-07-31,2023-07-31,2023-08-28,20,XLI,-0.02796142325496964
strict,replay_strict_2023-07-31,2023-07-31,2023-08-28,20,XLU,-0.0547369912032204
strict,replay_strict_2023-07-31,2023-07-31,2023-10-24,60,QQQ,-0.06383431411010865
strict,replay_strict_2023-07-31,2023-07-31,2023-10-24,60,SOXX,-0.13403227265872408
strict,replay_strict_2023-07-31,2023-07-31,2023-10-24,60,XLI,-0.10484260688027591
strict,replay_strict_2023-07-31,2023-07-31,2023-10-24,60,XLU,-0.12287475771581924
strict,replay_strict_2023-07-31,2023-07-31,2024-01-22,120,QQQ,0.10004694651497303
strict,replay_strict_2023-07-31,2023-07-31,2024-01-22,120,SOXX,0.13504478962449118
strict,replay_strict_2023-07-31,2023-07-31,2024-01-22,120,XLI,0.02531986929291097
strict,replay_strict_2023-07-31,2023-07-31,2024-01-22,120,XLU,-0.09857179066646782
strict,replay_strict_2023-07-31,2023-07-31,2023-08-28,20,QQQ,-0.04364338956453517
strict,replay_strict_2023-07-31,2023-07-31,2023-08-28,20,SOXX,-0.07582084150203594
strict,replay_strict_2023-07-31,2023-07-31,2023-08-28,20,XLI,-0.02796142325496964
strict,replay_strict_2023-07-31,2023-07-31,2023-08-28,20,XLU,-0.0547369912032204
strict,replay_strict_2023-07-31,2023-07-31,2023-10-24,60,QQQ,-0.06383431411010865
strict,replay_strict_2023-07-31,2023-07-31,2023-10-24,60,SOXX,-0.13403227265872408
strict,replay_strict_2023-07-31,2023-07-31,2023-10-24,60,XLI,-0.10484260688027591
strict,replay_strict_2023-07-31,2023-07-31,2023-10-24,60,XLU,-0.12287475771581924
strict,replay_strict_2023-07-31,2023-07-31,2024-01-22,120,QQQ,0.10004694651497303
strict,replay_strict_2023-07-31,2023-07-31,2024-01-22,120,SOXX,0.13504478962449118
strict,replay_strict_2023-07-31,2023-07-31,2024-01-22,120,XLI,0.02531986929291097
strict,replay_strict_2023-07-31,2023-07-31,2024-01-22,120,XLU,-0.09857179066646782
strict,replay_strict_2023-07-31,2023-07-31,2023-08-28,20,QQQ,-0.04364338956453517
strict,replay_strict_2023-07-31,2023-07-31,2023-08-28,20,SOXX,-0.07582084150203594
strict,replay_strict_2023-07-31,2023-07-31,2023-08-28,20,XLI,-0.02796142325496964
strict,replay_strict_2023-07-31,2023-07-31,2023-08-28,20,XLU,-0.0547369912032204
strict,replay_strict_2023-07-31,2023-07-31,2023-10-24,60,QQQ,-0.06383431411010865
strict,replay_strict_2023-07-31,2023-07-31,2023-10-24,60,SOXX,-0.13403227265872408
strict,replay_strict_2023-07-31,2023-07-31,2023-10-24,60,XLI,-0.10484260688027591
strict,replay_strict_2023-07-31,2023-07-31,2023-10-24,60,XLU,-0.12287475771581924
strict,replay_strict_2023-07-31,2023-07-31,2024-01-22,120,QQQ,0.10004694651497303
strict,replay_strict_2023-07-31,2023-07-31,2024-01-22,120,SOXX,0.13504478962449118
strict,replay_strict_2023-07-31,2023-07-31,2024-01-22,120,XLI,0.02531986929291097
strict,replay_strict_2023-07-31,2023-07-31,2024-01-22,120,XLU,-0.09857179066646782
strict,replay_strict_2023-07-31,2023-07-31,2023-08-28,20,QQQ,-0.04364338956453517
strict,replay_strict_2023-07-31,2023-07-31,2023-08-28,20,SOXX,-0.07582084150203594
strict,replay_strict_2023-07-31,2023-07-31,2023-08-28,20,XLI,-0.02796142325496964
strict,replay_strict_2023-07-31,2023-07-31,2023-08-28,20,XLU,-0.0547369912032204
strict,replay_strict_2023-07-31,2023-07-31,2023-10-24,60,QQQ,-0.06383431411010865
strict,replay_strict_2023-07-31,2023-07-31,2023-10-24,60,SOXX,-0.13403227265872408
strict,replay_strict_2023-07-31,2023-07-31,2023-10-24,60,XLI,-0.10484260688027591
strict,replay_strict_2023-07-31,2023-07-31,2023-10-24,60,XLU,-0.12287475771581924
strict,replay_strict_2023-07-31,2023-07-31,2024-01-22,120,QQQ,0.10004694651497303
strict,replay_strict_2023-07-31,2023-07-31,2024-01-22,120,SOXX,0.13504478962449118
strict,replay_strict_2023-07-31,2023-07-31,2024-01-22,120,XLI,0.02531986929291097
strict,replay_strict_2023-07-31,2023-07-31,2024-01-22,120,XLU,-0.09857179066646782
strict,replay_strict_2023-08-31,2023-08-31,2023-09-29,20,QQQ,-0.06090967877608966
strict,replay_strict_2023-08-31,2023-08-31,2023-09-29,20,SOXX,-0.08031226527077762
strict,replay_strict_2023-08-31,2023-08-31,2023-09-29,20,XLI,-0.0724087403598972
strict,replay_strict_2023-08-31,2023-08-31,2023-09-29,20,XLU,-0.0722350201310491
strict,replay_strict_2023-08-31,2023-08-31,2023-11-27,60,QQQ,0.019895746806161466
strict,replay_strict_2023-08-31,2023-08-31,2023-11-27,60,SOXX,-0.0010735176788806396
strict,replay_strict_2023-08-31,2023-08-31,2023-11-27,60,XLI,-0.03192030848329053
strict,replay_strict_2023-08-31,2023-08-31,2023-11-27,60,XLU,-0.011762927291387056
strict,replay_strict_2023-08-31,2023-08-31,2024-02-23,120,QQQ,0.14512575574365172
strict,replay_strict_2023-08-31,2023-08-31,2024-02-23,120,SOXX,0.23515407966685464
strict,replay_strict_2023-08-31,2023-08-31,2024-02-23,120,XLI,0.10047043701799485
strict,replay_strict_2023-08-31,2023-08-31,2024-02-23,120,XLU,-0.025025736164837827
strict,replay_strict_2023-08-31,2023-08-31,2023-09-29,20,QQQ,-0.06090967877608966
strict,replay_strict_2023-08-31,2023-08-31,2023-09-29,20,SOXX,-0.08031226527077762
strict,replay_strict_2023-08-31,2023-08-31,2023-09-29,20,XLI,-0.0724087403598972
strict,replay_strict_2023-08-31,2023-08-31,2023-09-29,20,XLU,-0.0722350201310491
strict,replay_strict_2023-08-31,2023-08-31,2023-11-27,60,QQQ,0.019895746806161466
strict,replay_strict_2023-08-31,2023-08-31,2023-11-27,60,SOXX,-0.0010735176788806396
strict,replay_strict_2023-08-31,2023-08-31,2023-11-27,60,XLI,-0.03192030848329053
strict,replay_strict_2023-08-31,2023-08-31,2023-11-27,60,XLU,-0.011762927291387056
strict,replay_strict_2023-08-31,2023-08-31,2024-02-23,120,QQQ,0.14512575574365172
strict,replay_strict_2023-08-31,2023-08-31,2024-02-23,120,SOXX,0.23515407966685464
strict,replay_strict_2023-08-31,2023-08-31,2024-02-23,120,XLI,0.10047043701799485
strict,replay_strict_2023-08-31,2023-08-31,2024-02-23,120,XLU,-0.025025736164837827
strict,replay_strict_2023-08-31,2023-08-31,2023-09-29,20,QQQ,-0.06090967877608966
strict,replay_strict_2023-08-31,2023-08-31,2023-09-29,20,SOXX,-0.08031226527077762
strict,replay_strict_2023-08-31,2023-08-31,2023-09-29,20,XLI,-0.0724087403598972
strict,replay_strict_2023-08-31,2023-08-31,2023-09-29,20,XLU,-0.0722350201310491
strict,replay_strict_2023-08-31,2023-08-31,2023-11-27,60,QQQ,0.019895746806161466
strict,replay_strict_2023-08-31,2023-08-31,2023-11-27,60,SOXX,-0.0010735176788806396
strict,replay_strict_2023-08-31,2023-08-31,2023-11-27,60,XLI,-0.03192030848329053
strict,replay_strict_2023-08-31,2023-08-31,2023-11-27,60,XLU,-0.011762927291387056
strict,replay_strict_2023-08-31,2023-08-31,2024-02-23,120,QQQ,0.14512575574365172
strict,replay_strict_2023-08-31,2023-08-31,2024-02-23,120,SOXX,0.23515407966685464
strict,replay_strict_2023-08-31,2023-08-31,2024-02-23,120,XLI,0.10047043701799485
strict,replay_strict_2023-08-31,2023-08-31,2024-02-23,120,XLU,-0.025025736164837827
strict,replay_strict_2023-08-31,2023-08-31,2023-09-29,20,QQQ,-0.06090967877608966
strict,replay_strict_2023-08-31,2023-08-31,2023-09-29,20,SOXX,-0.08031226527077762
strict,replay_strict_2023-08-31,2023-08-31,2023-09-29,20,XLI,-0.0724087403598972
strict,replay_strict_2023-08-31,2023-08-31,2023-09-29,20,XLU,-0.0722350201310491
strict,replay_strict_2023-08-31,2023-08-31,2023-11-27,60,QQQ,0.019895746806161466
strict,replay_strict_2023-08-31,2023-08-31,2023-11-27,60,SOXX,-0.0010735176788806396
strict,replay_strict_2023-08-31,2023-08-31,2023-11-27,60,XLI,-0.03192030848329053
strict,replay_strict_2023-08-31,2023-08-31,2023-11-27,60,XLU,-0.011762927291387056
strict,replay_strict_2023-08-31,2023-08-31,2024-02-23,120,QQQ,0.14512575574365172
strict,replay_strict_2023-08-31,2023-08-31,2024-02-23,120,SOXX,0.23515407966685464
strict,replay_strict_2023-08-31,2023-08-31,2024-02-23,120,XLI,0.10047043701799485
strict,replay_strict_2023-08-31,2023-08-31,2024-02-23,120,XLU,-0.025025736164837827
strict,replay_strict_2023-09-29,2023-09-29,2023-10-27,20,QQQ,-0.039346899495104504
strict,replay_strict_2023-09-29,2023-09-29,2023-10-27,20,SOXX,-0.06731972359162353
strict,replay_strict_2023-09-29,2023-09-29,2023-10-27,20,XLI,-0.04885250037097488
strict,replay_strict_2023-09-29,2023-09-29,2023-10-27,20,XLU,0.0017004529527390204
strict,replay_strict_2023-09-29,2023-09-29,2023-12-26,60,QQQ,0.14319654662612613
strict,replay_strict_2023-09-29,2023-09-29,2023-12-26,60,SOXX,0.21896940968272005
strict,replay_strict_2023-09-29,2023-09-29,2023-12-26,60,XLI,0.12397235000247331
strict,replay_strict_2023-09-29,2023-09-29,2023-12-26,60,XLU,0.07383104008204422
strict,replay_strict_2023-09-29,2023-09-29,2024-03-22,120,QQQ,0.24160933359368453
strict,replay_strict_2023-09-29,2023-09-29,2024-03-22,120,SOXX,0.421535456958665
strict,replay_strict_2023-09-29,2023-09-29,2024-03-22,120,XLI,0.23566053321462144
strict,replay_strict_2023-09-29,2023-09-29,2024-03-22,120,XLU,0.08853063840697362
strict,replay_strict_2023-09-29,2023-09-29,2023-10-27,20,QQQ,-0.039346899495104504
strict,replay_strict_2023-09-29,2023-09-29,2023-10-27,20,SOXX,-0.06731972359162353
strict,replay_strict_2023-09-29,2023-09-29,2023-10-27,20,XLI,-0.04885250037097488
strict,replay_strict_2023-09-29,2023-09-29,2023-10-27,20,XLU,0.0017004529527390204
strict,replay_strict_2023-09-29,2023-09-29,2023-12-26,60,QQQ,0.14319654662612613
strict,replay_strict_2023-09-29,2023-09-29,2023-12-26,60,SOXX,0.21896940968272005
strict,replay_strict_2023-09-29,2023-09-29,2023-12-26,60,XLI,0.12397235000247331
strict,replay_strict_2023-09-29,2023-09-29,2023-12-26,60,XLU,0.07383104008204422
strict,replay_strict_2023-09-29,2023-09-29,2024-03-22,120,QQQ,0.24160933359368453
strict,replay_strict_2023-09-29,2023-09-29,2024-03-22,120,SOXX,0.421535456958665
strict,replay_strict_2023-09-29,2023-09-29,2024-03-22,120,XLI,0.23566053321462144
strict,replay_strict_2023-09-29,2023-09-29,2024-03-22,120,XLU,0.08853063840697362
strict,replay_strict_2023-09-29,2023-09-29,2023-10-27,20,QQQ,-0.039346899495104504
strict,replay_strict_2023-09-29,2023-09-29,2023-10-27,20,SOXX,-0.06731972359162353
strict,replay_strict_2023-09-29,2023-09-29,2023-10-27,20,XLI,-0.04885250037097488
strict,replay_strict_2023-09-29,2023-09-29,2023-10-27,20,XLU,0.0017004529527390204
strict,replay_strict_2023-09-29,2023-09-29,2023-12-26,60,QQQ,0.14319654662612613
strict,replay_strict_2023-09-29,2023-09-29,2023-12-26,60,SOXX,0.21896940968272005
strict,replay_strict_2023-09-29,2023-09-29,2023-12-26,60,XLI,0.12397235000247331
strict,replay_strict_2023-09-29,2023-09-29,2023-12-26,60,XLU,0.07383104008204422
strict,replay_strict_2023-09-29,2023-09-29,2024-03-22,120,QQQ,0.24160933359368453
strict,replay_strict_2023-09-29,2023-09-29,2024-03-22,120,SOXX,0.421535456958665
strict,replay_strict_2023-09-29,2023-09-29,2024-03-22,120,XLI,0.23566053321462144
strict,replay_strict_2023-09-29,2023-09-29,2024-03-22,120,XLU,0.08853063840697362
strict,replay_strict_2023-09-29,2023-09-29,2023-10-27,20,QQQ,-0.039346899495104504
strict,replay_strict_2023-09-29,2023-09-29,2023-10-27,20,SOXX,-0.06731972359162353
strict,replay_strict_2023-09-29,2023-09-29,2023-10-27,20,XLI,-0.04885250037097488
strict,replay_strict_2023-09-29,2023-09-29,2023-10-27,20,XLU,0.0017004529527390204
strict,replay_strict_2023-09-29,2023-09-29,2023-12-26,60,QQQ,0.14319654662612613
strict,replay_strict_2023-09-29,2023-09-29,2023-12-26,60,SOXX,0.21896940968272005
strict,replay_strict_2023-09-29,2023-09-29,2023-12-26,60,XLI,0.12397235000247331
strict,replay_strict_2023-09-29,2023-09-29,2023-12-26,60,XLU,0.07383104008204422
strict,replay_strict_2023-09-29,2023-09-29,2024-03-22,120,QQQ,0.24160933359368453
strict,replay_strict_2023-09-29,2023-09-29,2024-03-22,120,SOXX,0.421535456958665
strict,replay_strict_2023-09-29,2023-09-29,2024-03-22,120,XLI,0.23566053321462144
strict,replay_strict_2023-09-29,2023-09-29,2024-03-22,120,XLU,0.08853063840697362
strict,replay_strict_2023-10-31,2023-10-31,2023-11-29,20,QQQ,0.10527409724196757
strict,replay_strict_2023-10-31,2023-10-31,2023-11-29,20,SOXX,0.16366290639171532
strict,replay_strict_2023-10-31,2023-10-31,2023-11-29,20,XLI,0.07241516428825345
strict,replay_strict_2023-10-31,2023-10-31,2023-11-29,20,XLU,0.04146673353393504
strict,replay_strict_2023-10-31,2023-10-31,2024-01-29,60,QQQ,0.2143727608757463
strict,replay_strict_2023-10-31,2023-10-31,2024-01-29,60,SOXX,0.3583022584211356
strict,replay_strict_2023-10-31,2023-10-31,2024-01-29,60,XLI,0.1564129297648672
strict,replay_strict_2023-10-31,2023-10-31,2024-01-29,60,XLU,0.027090270812437315
strict,replay_strict_2023-10-31,2023-10-31,2024-04-24,120,QQQ,0.2097949957350015
strict,replay_strict_2023-10-31,2023-10-31,2024-04-24,120,SOXX,0.40870498386842036
strict,replay_strict_2023-10-31,2023-10-31,2024-04-24,120,XLI,0.23736361789650096
strict,replay_strict_2023-10-31,2023-10-31,2024-04-24,120,XLU,0.1127639585422936
strict,replay_strict_2023-10-31,2023-10-31,2023-11-29,20,QQQ,0.10527409724196757
strict,replay_strict_2023-10-31,2023-10-31,2023-11-29,20,SOXX,0.16366290639171532
strict,replay_strict_2023-10-31,2023-10-31,2023-11-29,20,XLI,0.07241516428825345
strict,replay_strict_2023-10-31,2023-10-31,2023-11-29,20,XLU,0.04146673353393504
strict,replay_strict_2023-10-31,2023-10-31,2024-01-29,60,QQQ,0.2143727608757463
strict,replay_strict_2023-10-31,2023-10-31,2024-01-29,60,SOXX,0.3583022584211356
strict,replay_strict_2023-10-31,2023-10-31,2024-01-29,60,XLI,0.1564129297648672
strict,replay_strict_2023-10-31,2023-10-31,2024-01-29,60,XLU,0.027090270812437315
strict,replay_strict_2023-10-31,2023-10-31,2024-04-24,120,QQQ,0.2097949957350015
strict,replay_strict_2023-10-31,2023-10-31,2024-04-24,120,SOXX,0.40870498386842036
strict,replay_strict_2023-10-31,2023-10-31,2024-04-24,120,XLI,0.23736361789650096
strict,replay_strict_2023-10-31,2023-10-31,2024-04-24,120,XLU,0.1127639585422936
strict,replay_strict_2023-10-31,2023-10-31,2023-11-29,20,QQQ,0.10527409724196757
strict,replay_strict_2023-10-31,2023-10-31,2023-11-29,20,SOXX,0.16366290639171532
strict,replay_strict_2023-10-31,2023-10-31,2023-11-29,20,XLI,0.07241516428825345
strict,replay_strict_2023-10-31,2023-10-31,2023-11-29,20,XLU,0.04146673353393504
strict,replay_strict_2023-10-31,2023-10-31,2024-01-29,60,QQQ,0.2143727608757463
strict,replay_strict_2023-10-31,2023-10-31,2024-01-29,60,SOXX,0.3583022584211356
strict,replay_strict_2023-10-31,2023-10-31,2024-01-29,60,XLI,0.1564129297648672
strict,replay_strict_2023-10-31,2023-10-31,2024-01-29,60,XLU,0.027090270812437315
strict,replay_strict_2023-10-31,2023-10-31,2024-04-24,120,QQQ,0.2097949957350015
strict,replay_strict_2023-10-31,2023-10-31,2024-04-24,120,SOXX,0.40870498386842036
strict,replay_strict_2023-10-31,2023-10-31,2024-04-24,120,XLI,0.23736361789650096
strict,replay_strict_2023-10-31,2023-10-31,2024-04-24,120,XLU,0.1127639585422936
strict,replay_strict_2023-10-31,2023-10-31,2023-11-29,20,QQQ,0.10527409724196757
strict,replay_strict_2023-10-31,2023-10-31,2023-11-29,20,SOXX,0.16366290639171532
strict,replay_strict_2023-10-31,2023-10-31,2023-11-29,20,XLI,0.07241516428825345
strict,replay_strict_2023-10-31,2023-10-31,2023-11-29,20,XLU,0.04146673353393504
strict,replay_strict_2023-10-31,2023-10-31,2024-01-29,60,QQQ,0.2143727608757463
strict,replay_strict_2023-10-31,2023-10-31,2024-01-29,60,SOXX,0.3583022584211356
strict,replay_strict_2023-10-31,2023-10-31,2024-01-29,60,XLI,0.1564129297648672
strict,replay_strict_2023-10-31,2023-10-31,2024-01-29,60,XLU,0.027090270812437315
strict,replay_strict_2023-10-31,2023-10-31,2024-04-24,120,QQQ,0.2097949957350015
strict,replay_strict_2023-10-31,2023-10-31,2024-04-24,120,SOXX,0.40870498386842036
strict,replay_strict_2023-10-31,2023-10-31,2024-04-24,120,XLI,0.23736361789650096
strict,replay_strict_2023-10-31,2023-10-31,2024-04-24,120,XLU,0.1127639585422936
strict,replay_strict_2023-11-30,2023-11-30,2023-12-29,20,QQQ,0.05328934062532242
strict,replay_strict_2023-11-30,2023-11-30,2023-12-29,20,SOXX,0.12489445868973748
strict,replay_strict_2023-11-30,2023-11-30,2023-12-29,20,XLI,0.05967487409065464
strict,replay_strict_2023-11-30,2023-11-30,2023-12-29,20,XLU,0.0064760312151616066
strict,replay_strict_2023-11-30,2023-11-30,2024-02-28,60,QQQ,0.11987173666288309
strict,replay_strict_2023-11-30,2023-11-30,2024-02-28,60,SOXX,0.24012474309538268
strict,replay_strict_2023-11-30,2023-11-30,2024-02-28,60,XLI,0.12188341727289675
strict,replay_strict_2023-11-30,2023-11-30,2024-02-28,60,XLU,-0.014626055104315912
strict,replay_strict_2023-11-30,2023-11-30,2024-05-23,120,QQQ,0.16757063254566085
strict,replay_strict_2023-11-30,2023-11-30,2024-05-23,120,SOXX,0.37212967566403743
strict,replay_strict_2023-11-30,2023-11-30,2024-05-23,120,XLI,0.1517752285021451
strict,replay_strict_2023-11-30,2023-11-30,2024-05-23,120,XLU,0.12464771460423651
strict,replay_strict_2023-11-30,2023-11-30,2023-12-29,20,QQQ,0.05328934062532242
strict,replay_strict_2023-11-30,2023-11-30,2023-12-29,20,SOXX,0.12489445868973748
strict,replay_strict_2023-11-30,2023-11-30,2023-12-29,20,XLI,0.05967487409065464
strict,replay_strict_2023-11-30,2023-11-30,2023-12-29,20,XLU,0.0064760312151616066
strict,replay_strict_2023-11-30,2023-11-30,2024-02-28,60,QQQ,0.11987173666288309
strict,replay_strict_2023-11-30,2023-11-30,2024-02-28,60,SOXX,0.24012474309538268
strict,replay_strict_2023-11-30,2023-11-30,2024-02-28,60,XLI,0.12188341727289675
strict,replay_strict_2023-11-30,2023-11-30,2024-02-28,60,XLU,-0.014626055104315912
strict,replay_strict_2023-11-30,2023-11-30,2024-05-23,120,QQQ,0.16757063254566085
strict,replay_strict_2023-11-30,2023-11-30,2024-05-23,120,SOXX,0.37212967566403743
strict,replay_strict_2023-11-30,2023-11-30,2024-05-23,120,XLI,0.1517752285021451
strict,replay_strict_2023-11-30,2023-11-30,2024-05-23,120,XLU,0.12464771460423651
strict,replay_strict_2023-11-30,2023-11-30,2023-12-29,20,QQQ,0.05328934062532242
strict,replay_strict_2023-11-30,2023-11-30,2023-12-29,20,SOXX,0.12489445868973748
strict,replay_strict_2023-11-30,2023-11-30,2023-12-29,20,XLI,0.05967487409065464
strict,replay_strict_2023-11-30,2023-11-30,2023-12-29,20,XLU,0.0064760312151616066
strict,replay_strict_2023-11-30,2023-11-30,2024-02-28,60,QQQ,0.11987173666288309
strict,replay_strict_2023-11-30,2023-11-30,2024-02-28,60,SOXX,0.24012474309538268
strict,replay_strict_2023-11-30,2023-11-30,2024-02-28,60,XLI,0.12188341727289675
strict,replay_strict_2023-11-30,2023-11-30,2024-02-28,60,XLU,-0.014626055104315912
strict,replay_strict_2023-11-30,2023-11-30,2024-05-23,120,QQQ,0.16757063254566085
strict,replay_strict_2023-11-30,2023-11-30,2024-05-23,120,SOXX,0.37212967566403743
strict,replay_strict_2023-11-30,2023-11-30,2024-05-23,120,XLI,0.1517752285021451
strict,replay_strict_2023-11-30,2023-11-30,2024-05-23,120,XLU,0.12464771460423651
strict,replay_strict_2023-11-30,2023-11-30,2023-12-29,20,QQQ,0.05328934062532242
strict,replay_strict_2023-11-30,2023-11-30,2023-12-29,20,SOXX,0.12489445868973748
strict,replay_strict_2023-11-30,2023-11-30,2023-12-29,20,XLI,0.05967487409065464
strict,replay_strict_2023-11-30,2023-11-30,2023-12-29,20,XLU,0.0064760312151616066
strict,replay_strict_2023-11-30,2023-11-30,2024-02-28,60,QQQ,0.11987173666288309
strict,replay_strict_2023-11-30,2023-11-30,2024-02-28,60,SOXX,0.24012474309538268
strict,replay_strict_2023-11-30,2023-11-30,2024-02-28,60,XLI,0.12188341727289675
strict,replay_strict_2023-11-30,2023-11-30,2024-02-28,60,XLU,-0.014626055104315912
strict,replay_strict_2023-11-30,2023-11-30,2024-05-23,120,QQQ,0.16757063254566085
strict,replay_strict_2023-11-30,2023-11-30,2024-05-23,120,SOXX,0.37212967566403743
strict,replay_strict_2023-11-30,2023-11-30,2024-05-23,120,XLI,0.1517752285021451
strict,replay_strict_2023-11-30,2023-11-30,2024-05-23,120,XLU,0.12464771460423651
strict,replay_strict_2023-12-29,2023-12-29,2024-01-30,20,QQQ,0.04500630883730106
strict,replay_strict_2023-12-29,2023-12-29,2024-01-30,20,SOXX,0.04796452798191064
strict,replay_strict_2023-12-29,2023-12-29,2024-01-30,20,XLI,0.004897987998588096
strict,replay_strict_2023-12-29,2023-12-29,2024-01-30,20,XLU,-0.02723186569528035
strict,replay_strict_2023-12-29,2023-12-29,2024-03-27,60,QQQ,0.09348085169303577
strict,replay_strict_2023-12-29,2023-12-29,2024-03-27,60,SOXX,0.1928557094403619
strict,replay_strict_2023-12-29,2023-12-29,2024-03-27,60,XLI,0.10836604306388986
strict,replay_strict_2023-12-29,2023-12-29,2024-03-27,60,XLU,0.029388343363953132
strict,replay_strict_2023-12-29,2023-12-29,2024-06-24,120,QQQ,0.1651945882005027
strict,replay_strict_2023-12-29,2023-12-29,2024-06-24,120,SOXX,0.2832139626907858
strict,replay_strict_2023-12-29,2023-12-29,2024-06-24,120,XLI,0.08317190257677376
strict,replay_strict_2023-12-29,2023-12-29,2024-06-24,120,XLU,0.10168799493189729
strict,replay_strict_2023-12-29,2023-12-29,2024-01-30,20,QQQ,0.04500630883730106
strict,replay_strict_2023-12-29,2023-12-29,2024-01-30,20,SOXX,0.04796452798191064
strict,replay_strict_2023-12-29,2023-12-29,2024-01-30,20,XLI,0.004897987998588096
strict,replay_strict_2023-12-29,2023-12-29,2024-01-30,20,XLU,-0.02723186569528035
strict,replay_strict_2023-12-29,2023-12-29,2024-03-27,60,QQQ,0.09348085169303577
strict,replay_strict_2023-12-29,2023-12-29,2024-03-27,60,SOXX,0.1928557094403619
strict,replay_strict_2023-12-29,2023-12-29,2024-03-27,60,XLI,0.10836604306388986
strict,replay_strict_2023-12-29,2023-12-29,2024-03-27,60,XLU,0.029388343363953132
strict,replay_strict_2023-12-29,2023-12-29,2024-06-24,120,QQQ,0.1651945882005027
strict,replay_strict_2023-12-29,2023-12-29,2024-06-24,120,SOXX,0.2832139626907858
strict,replay_strict_2023-12-29,2023-12-29,2024-06-24,120,XLI,0.08317190257677376
strict,replay_strict_2023-12-29,2023-12-29,2024-06-24,120,XLU,0.10168799493189729
strict,replay_strict_2023-12-29,2023-12-29,2024-01-30,20,QQQ,0.04500630883730106
strict,replay_strict_2023-12-29,2023-12-29,2024-01-30,20,SOXX,0.04796452798191064
strict,replay_strict_2023-12-29,2023-12-29,2024-01-30,20,XLI,0.004897987998588096
strict,replay_strict_2023-12-29,2023-12-29,2024-01-30,20,XLU,-0.02723186569528035
strict,replay_strict_2023-12-29,2023-12-29,2024-03-27,60,QQQ,0.09348085169303577
strict,replay_strict_2023-12-29,2023-12-29,2024-03-27,60,SOXX,0.1928557094403619
strict,replay_strict_2023-12-29,2023-12-29,2024-03-27,60,XLI,0.10836604306388986
strict,replay_strict_2023-12-29,2023-12-29,2024-03-27,60,XLU,0.029388343363953132
strict,replay_strict_2023-12-29,2023-12-29,2024-06-24,120,QQQ,0.1651945882005027
strict,replay_strict_2023-12-29,2023-12-29,2024-06-24,120,SOXX,0.2832139626907858
strict,replay_strict_2023-12-29,2023-12-29,2024-06-24,120,XLI,0.08317190257677376
strict,replay_strict_2023-12-29,2023-12-29,2024-06-24,120,XLU,0.10168799493189729
strict,replay_strict_2023-12-29,2023-12-29,2024-01-30,20,QQQ,0.04500630883730106
strict,replay_strict_2023-12-29,2023-12-29,2024-01-30,20,SOXX,0.04796452798191064
strict,replay_strict_2023-12-29,2023-12-29,2024-01-30,20,XLI,0.004897987998588096
strict,replay_strict_2023-12-29,2023-12-29,2024-01-30,20,XLU,-0.02723186569528035
strict,replay_strict_2023-12-29,2023-12-29,2024-03-27,60,QQQ,0.09348085169303577
strict,replay_strict_2023-12-29,2023-12-29,2024-03-27,60,SOXX,0.1928557094403619
strict,replay_strict_2023-12-29,2023-12-29,2024-03-27,60,XLI,0.10836604306388986
strict,replay_strict_2023-12-29,2023-12-29,2024-03-27,60,XLU,0.029388343363953132
strict,replay_strict_2023-12-29,2023-12-29,2024-06-24,120,QQQ,0.1651945882005027
strict,replay_strict_2023-12-29,2023-12-29,2024-06-24,120,SOXX,0.2832139626907858
strict,replay_strict_2023-12-29,2023-12-29,2024-06-24,120,XLI,0.08317190257677376
strict,replay_strict_2023-12-29,2023-12-29,2024-06-24,120,XLU,0.10168799493189729
strict,replay_strict_2024-01-31,2024-01-31,2024-02-29,20,QQQ,0.04569602598395106
strict,replay_strict_2024-01-31,2024-01-31,2024-02-29,20,SOXX,0.10547163651203906
strict,replay_strict_2024-01-31,2024-01-31,2024-02-29,20,XLI,0.062223131766569906
strict,replay_strict_2024-01-31,2024-01-31,2024-02-29,20,XLU,0.012941792020928825
strict,replay_strict_2024-01-31,2024-01-31,2024-04-26,60,QQQ,0.02653047382499041
strict,replay_strict_2024-01-31,2024-01-31,2024-04-26,60,SOXX,0.10350761801115482
strict,replay_strict_2024-01-31,2024-01-31,2024-04-26,60,XLI,0.07648243992606296
strict,replay_strict_2024-01-31,2024-01-31,2024-04-26,60,XLU,0.07916154349247895
strict,replay_strict_2024-01-31,2024-01-31,2024-07-24,120,QQQ,0.10358674054260597
strict,replay_strict_2024-01-31,2024-01-31,2024-07-24,120,SOXX,0.1683712420078901
strict,replay_strict_2024-01-31,2024-01-31,2024-07-24,120,XLI,0.08132356306663147
strict,replay_strict_2024-01-31,2024-01-31,2024-07-24,120,XLU,0.15936102027468946
strict,replay_strict_2024-01-31,2024-01-31,2024-02-29,20,QQQ,0.04569602598395106
strict,replay_strict_2024-01-31,2024-01-31,2024-02-29,20,SOXX,0.10547163651203906
strict,replay_strict_2024-01-31,2024-01-31,2024-02-29,20,XLI,0.062223131766569906
strict,replay_strict_2024-01-31,2024-01-31,2024-02-29,20,XLU,0.012941792020928825
strict,replay_strict_2024-01-31,2024-01-31,2024-04-26,60,QQQ,0.02653047382499041
strict,replay_strict_2024-01-31,2024-01-31,2024-04-26,60,SOXX,0.10350761801115482
strict,replay_strict_2024-01-31,2024-01-31,2024-04-26,60,XLI,0.07648243992606296
strict,replay_strict_2024-01-31,2024-01-31,2024-04-26,60,XLU,0.07916154349247895
strict,replay_strict_2024-01-31,2024-01-31,2024-07-24,120,QQQ,0.10358674054260597
strict,replay_strict_2024-01-31,2024-01-31,2024-07-24,120,SOXX,0.1683712420078901
strict,replay_strict_2024-01-31,2024-01-31,2024-07-24,120,XLI,0.08132356306663147
strict,replay_strict_2024-01-31,2024-01-31,2024-07-24,120,XLU,0.15936102027468946
strict,replay_strict_2024-01-31,2024-01-31,2024-02-29,20,QQQ,0.04569602598395106
strict,replay_strict_2024-01-31,2024-01-31,2024-02-29,20,SOXX,0.10547163651203906
strict,replay_strict_2024-01-31,2024-01-31,2024-02-29,20,XLI,0.062223131766569906
strict,replay_strict_2024-01-31,2024-01-31,2024-02-29,20,XLU,0.012941792020928825
strict,replay_strict_2024-01-31,2024-01-31,2024-04-26,60,QQQ,0.02653047382499041
strict,replay_strict_2024-01-31,2024-01-31,2024-04-26,60,SOXX,0.10350761801115482
strict,replay_strict_2024-01-31,2024-01-31,2024-04-26,60,XLI,0.07648243992606296
strict,replay_strict_2024-01-31,2024-01-31,2024-04-26,60,XLU,0.07916154349247895
strict,replay_strict_2024-01-31,2024-01-31,2024-07-24,120,QQQ,0.10358674054260597
strict,replay_strict_2024-01-31,2024-01-31,2024-07-24,120,SOXX,0.1683712420078901
strict,replay_strict_2024-01-31,2024-01-31,2024-07-24,120,XLI,0.08132356306663147
strict,replay_strict_2024-01-31,2024-01-31,2024-07-24,120,XLU,0.15936102027468946
strict,replay_strict_2024-01-31,2024-01-31,2024-02-29,20,QQQ,0.04569602598395106
strict,replay_strict_2024-01-31,2024-01-31,2024-02-29,20,SOXX,0.10547163651203906
strict,replay_strict_2024-01-31,2024-01-31,2024-02-29,20,XLI,0.062223131766569906
strict,replay_strict_2024-01-31,2024-01-31,2024-02-29,20,XLU,0.012941792020928825
strict,replay_strict_2024-01-31,2024-01-31,2024-04-26,60,QQQ,0.02653047382499041
strict,replay_strict_2024-01-31,2024-01-31,2024-04-26,60,SOXX,0.10350761801115482
strict,replay_strict_2024-01-31,2024-01-31,2024-04-26,60,XLI,0.07648243992606296
strict,replay_strict_2024-01-31,2024-01-31,2024-04-26,60,XLU,0.07916154349247895
strict,replay_strict_2024-01-31,2024-01-31,2024-07-24,120,QQQ,0.10358674054260597
strict,replay_strict_2024-01-31,2024-01-31,2024-07-24,120,SOXX,0.1683712420078901
strict,replay_strict_2024-01-31,2024-01-31,2024-07-24,120,XLI,0.08132356306663147
strict,replay_strict_2024-01-31,2024-01-31,2024-07-24,120,XLU,0.15936102027468946
strict,replay_strict_2024-02-29,2024-02-29,2024-03-28,20,QQQ,0.0066626045834848905
strict,replay_strict_2024-02-29,2024-02-29,2024-03-28,20,SOXX,0.023830377444292842
strict,replay_strict_2024-02-29,2024-02-29,2024-03-28,20,XLI,0.039194092827004146
strict,replay_strict_2024-02-29,2024-02-29,2024-03-28,20,XLU,0.058929016088608566
strict,replay_strict_2024-02-29,2024-02-29,2024-05-24,60,QQQ,0.03824226991633328
strict,replay_strict_2024-02-29,2024-02-29,2024-05-24,60,SOXX,0.08172032742155533
strict,replay_strict_2024-02-29,2024-02-29,2024-05-24,60,XLI,0.026701332009596904
strict,replay_strict_2024-02-29,2024-02-29,2024-05-24,60,XLU,0.15311609669334636
strict,replay_strict_2024-02-29,2024-02-29,2024-08-21,120,QQQ,0.09410349217897418
strict,replay_strict_2024-02-29,2024-02-29,2024-08-21,120,SOXX,0.06766848567530681
strict,replay_strict_2024-02-29,2024-02-29,2024-08-21,120,XLI,0.05747819971870605
strict,replay_strict_2024-02-29,2024-02-29,2024-08-21,120,XLU,0.21488341822297674
strict,replay_strict_2024-02-29,2024-02-29,2024-03-28,20,QQQ,0.0066626045834848905
strict,replay_strict_2024-02-29,2024-02-29,2024-03-28,20,SOXX,0.023830377444292842
strict,replay_strict_2024-02-29,2024-02-29,2024-03-28,20,XLI,0.039194092827004146
strict,replay_strict_2024-02-29,2024-02-29,2024-03-28,20,XLU,0.058929016088608566
strict,replay_strict_2024-02-29,2024-02-29,2024-05-24,60,QQQ,0.03824226991633328
strict,replay_strict_2024-02-29,2024-02-29,2024-05-24,60,SOXX,0.08172032742155533
strict,replay_strict_2024-02-29,2024-02-29,2024-05-24,60,XLI,0.026701332009596904
strict,replay_strict_2024-02-29,2024-02-29,2024-05-24,60,XLU,0.15311609669334636
strict,replay_strict_2024-02-29,2024-02-29,2024-08-21,120,QQQ,0.09410349217897418
strict,replay_strict_2024-02-29,2024-02-29,2024-08-21,120,SOXX,0.06766848567530681
strict,replay_strict_2024-02-29,2024-02-29,2024-08-21,120,XLI,0.05747819971870605
strict,replay_strict_2024-02-29,2024-02-29,2024-08-21,120,XLU,0.21488341822297674
strict,replay_strict_2024-02-29,2024-02-29,2024-03-28,20,QQQ,0.0066626045834848905
strict,replay_strict_2024-02-29,2024-02-29,2024-03-28,20,SOXX,0.023830377444292842
strict,replay_strict_2024-02-29,2024-02-29,2024-03-28,20,XLI,0.039194092827004146
strict,replay_strict_2024-02-29,2024-02-29,2024-03-28,20,XLU,0.058929016088608566
strict,replay_strict_2024-02-29,2024-02-29,2024-05-24,60,QQQ,0.03824226991633328
strict,replay_strict_2024-02-29,2024-02-29,2024-05-24,60,SOXX,0.08172032742155533
strict,replay_strict_2024-02-29,2024-02-29,2024-05-24,60,XLI,0.026701332009596904
strict,replay_strict_2024-02-29,2024-02-29,2024-05-24,60,XLU,0.15311609669334636
strict,replay_strict_2024-02-29,2024-02-29,2024-08-21,120,QQQ,0.09410349217897418
strict,replay_strict_2024-02-29,2024-02-29,2024-08-21,120,SOXX,0.06766848567530681
strict,replay_strict_2024-02-29,2024-02-29,2024-08-21,120,XLI,0.05747819971870605
strict,replay_strict_2024-02-29,2024-02-29,2024-08-21,120,XLU,0.21488341822297674
strict,replay_strict_2024-02-29,2024-02-29,2024-03-28,20,QQQ,0.0066626045834848905
strict,replay_strict_2024-02-29,2024-02-29,2024-03-28,20,SOXX,0.023830377444292842
strict,replay_strict_2024-02-29,2024-02-29,2024-03-28,20,XLI,0.039194092827004146
strict,replay_strict_2024-02-29,2024-02-29,2024-03-28,20,XLU,0.058929016088608566
strict,replay_strict_2024-02-29,2024-02-29,2024-05-24,60,QQQ,0.03824226991633328
strict,replay_strict_2024-02-29,2024-02-29,2024-05-24,60,SOXX,0.08172032742155533
strict,replay_strict_2024-02-29,2024-02-29,2024-05-24,60,XLI,0.026701332009596904
strict,replay_strict_2024-02-29,2024-02-29,2024-05-24,60,XLU,0.15311609669334636
strict,replay_strict_2024-02-29,2024-02-29,2024-08-21,120,QQQ,0.09410349217897418
strict,replay_strict_2024-02-29,2024-02-29,2024-08-21,120,SOXX,0.06766848567530681
strict,replay_strict_2024-02-29,2024-02-29,2024-08-21,120,XLI,0.05747819971870605
strict,replay_strict_2024-02-29,2024-02-29,2024-08-21,120,XLU,0.21488341822297674
strict,replay_strict_2024-03-29,2024-03-29,2024-04-26,20,QQQ,-0.034204350855113974
strict,replay_strict_2024-03-29,2024-03-29,2024-04-26,20,SOXX,-0.04582688319138617
strict,replay_strict_2024-03-29,2024-03-29,2024-04-26,20,XLI,-0.029782525889775032
strict,replay_strict_2024-03-29,2024-03-29,2024-04-26,20,XLU,0.005917682926829373
strict,replay_strict_2024-03-29,2024-03-29,2024-06-25,60,QQQ,0.0744434231521226
strict,replay_strict_2024-03-29,2024-03-29,2024-06-25,60,SOXX,0.08463955694806058
strict,replay_strict_2024-03-29,2024-03-29,2024-06-25,60,XLI,-0.034623219458001064
strict,replay_strict_2024-03-29,2024-03-29,2024-06-25,60,XLU,0.049820121951219654
strict,replay_strict_2024-03-29,2024-03-29,2024-09-19,120,QQQ,0.08318558554509281
strict,replay_strict_2024-03-29,2024-03-29,2024-09-19,120,SOXX,-0.0010142094347117521
strict,replay_strict_2024-03-29,2024-03-29,2024-09-19,120,XLI,0.061238384319327266
strict,replay_strict_2024-03-29,2024-03-29,2024-09-19,120,XLU,0.18617682926829293
strict,replay_strict_2024-03-29,2024-03-29,2024-04-26,20,QQQ,-0.034204350855113974
strict,replay_strict_2024-03-29,2024-03-29,2024-04-26,20,SOXX,-0.04582688319138617
strict,replay_strict_2024-03-29,2024-03-29,2024-04-26,20,XLI,-0.029782525889775032
strict,replay_strict_2024-03-29,2024-03-29,2024-04-26,20,XLU,0.005917682926829373
strict,replay_strict_2024-03-29,2024-03-29,2024-06-25,60,QQQ,0.0744434231521226
strict,replay_strict_2024-03-29,2024-03-29,2024-06-25,60,SOXX,0.08463955694806058
strict,replay_strict_2024-03-29,2024-03-29,2024-06-25,60,XLI,-0.034623219458001064
strict,replay_strict_2024-03-29,2024-03-29,2024-06-25,60,XLU,0.049820121951219654
strict,replay_strict_2024-03-29,2024-03-29,2024-09-19,120,QQQ,0.08318558554509281
strict,replay_strict_2024-03-29,2024-03-29,2024-09-19,120,SOXX,-0.0010142094347117521
strict,replay_strict_2024-03-29,2024-03-29,2024-09-19,120,XLI,0.061238384319327266
strict,replay_strict_2024-03-29,2024-03-29,2024-09-19,120,XLU,0.18617682926829293
strict,replay_strict_2024-03-29,2024-03-29,2024-04-26,20,QQQ,-0.034204350855113974
strict,replay_strict_2024-03-29,2024-03-29,2024-04-26,20,SOXX,-0.04582688319138617
strict,replay_strict_2024-03-29,2024-03-29,2024-04-26,20,XLI,-0.029782525889775032
strict,replay_strict_2024-03-29,2024-03-29,2024-04-26,20,XLU,0.005917682926829373
strict,replay_strict_2024-03-29,2024-03-29,2024-06-25,60,QQQ,0.0744434231521226
strict,replay_strict_2024-03-29,2024-03-29,2024-06-25,60,SOXX,0.08463955694806058
strict,replay_strict_2024-03-29,2024-03-29,2024-06-25,60,XLI,-0.034623219458001064
strict,replay_strict_2024-03-29,2024-03-29,2024-06-25,60,XLU,0.049820121951219654
strict,replay_strict_2024-03-29,2024-03-29,2024-09-19,120,QQQ,0.08318558554509281
strict,replay_strict_2024-03-29,2024-03-29,2024-09-19,120,SOXX,-0.0010142094347117521
strict,replay_strict_2024-03-29,2024-03-29,2024-09-19,120,XLI,0.061238384319327266
strict,replay_strict_2024-03-29,2024-03-29,2024-09-19,120,XLU,0.18617682926829293
strict,replay_strict_2024-03-29,2024-03-29,2024-04-26,20,QQQ,-0.034204350855113974
strict,replay_strict_2024-03-29,2024-03-29,2024-04-26,20,SOXX,-0.04582688319138617
strict,replay_strict_2024-03-29,2024-03-29,2024-04-26,20,XLI,-0.029782525889775032
strict,replay_strict_2024-03-29,2024-03-29,2024-04-26,20,XLU,0.005917682926829373
strict,replay_strict_2024-03-29,2024-03-29,2024-06-25,60,QQQ,0.0744434231521226
strict,replay_strict_2024-03-29,2024-03-29,2024-06-25,60,SOXX,0.08463955694806058
strict,replay_strict_2024-03-29,2024-03-29,2024-06-25,60,XLI,-0.034623219458001064
strict,replay_strict_2024-03-29,2024-03-29,2024-06-25,60,XLU,0.049820121951219654
strict,replay_strict_2024-03-29,2024-03-29,2024-09-19,120,QQQ,0.08318558554509281
strict,replay_strict_2024-03-29,2024-03-29,2024-09-19,120,SOXX,-0.0010142094347117521
strict,replay_strict_2024-03-29,2024-03-29,2024-09-19,120,XLI,0.061238384319327266
strict,replay_strict_2024-03-29,2024-03-29,2024-09-19,120,XLU,0.18617682926829293
strict,replay_strict_2024-04-30,2024-04-30,2024-05-29,20,QQQ,0.07632567267224666
strict,replay_strict_2024-04-30,2024-04-30,2024-05-29,20,SOXX,0.12744513778074162
strict,replay_strict_2024-04-30,2024-04-30,2024-05-29,20,XLI,-0.005141503994728566
strict,replay_strict_2024-04-30,2024-04-30,2024-05-29,20,XLU,0.055245139983487346
strict,replay_strict_2024-04-30,2024-04-30,2024-07-26,60,QQQ,0.09188343500260088
strict,replay_strict_2024-04-30,2024-04-30,2024-07-26,60,SOXX,0.08943337223426295
strict,replay_strict_2024-04-30,2024-04-30,2024-07-26,60,XLI,0.037523844823325825
strict,replay_strict_2024-04-30,2024-04-30,2024-07-26,60,XLU,0.06545305111461397
strict,replay_strict_2024-04-30,2024-04-30,2024-10-21,120,QQQ,0.16841911382229158
strict,replay_strict_2024-04-30,2024-04-30,2024-10-21,120,SOXX,0.08771855574344423
strict,replay_strict_2024-04-30,2024-04-30,2024-10-21,120,XLI,0.1401513054937814
strict,replay_strict_2024-04-30,2024-04-30,2024-10-21,120,XLU,0.22269991743601303
strict,replay_strict_2024-04-30,2024-04-30,2024-05-29,20,QQQ,0.07632567267224666
strict,replay_strict_2024-04-30,2024-04-30,2024-05-29,20,SOXX,0.12744513778074162
strict,replay_strict_2024-04-30,2024-04-30,2024-05-29,20,XLI,-0.005141503994728566
strict,replay_strict_2024-04-30,2024-04-30,2024-05-29,20,XLU,0.055245139983487346
strict,replay_strict_2024-04-30,2024-04-30,2024-07-26,60,QQQ,0.09188343500260088
strict,replay_strict_2024-04-30,2024-04-30,2024-07-26,60,SOXX,0.08943337223426295
strict,replay_strict_2024-04-30,2024-04-30,2024-07-26,60,XLI,0.037523844823325825
strict,replay_strict_2024-04-30,2024-04-30,2024-07-26,60,XLU,0.06545305111461397
strict,replay_strict_2024-04-30,2024-04-30,2024-10-21,120,QQQ,0.16841911382229158
strict,replay_strict_2024-04-30,2024-04-30,2024-10-21,120,SOXX,0.08771855574344423
strict,replay_strict_2024-04-30,2024-04-30,2024-10-21,120,XLI,0.1401513054937814
strict,replay_strict_2024-04-30,2024-04-30,2024-10-21,120,XLU,0.22269991743601303
strict,replay_strict_2024-04-30,2024-04-30,2024-05-29,20,QQQ,0.07632567267224666
strict,replay_strict_2024-04-30,2024-04-30,2024-05-29,20,SOXX,0.12744513778074162
strict,replay_strict_2024-04-30,2024-04-30,2024-05-29,20,XLI,-0.005141503994728566
strict,replay_strict_2024-04-30,2024-04-30,2024-05-29,20,XLU,0.055245139983487346
strict,replay_strict_2024-04-30,2024-04-30,2024-07-26,60,QQQ,0.09188343500260088
strict,replay_strict_2024-04-30,2024-04-30,2024-07-26,60,SOXX,0.08943337223426295
strict,replay_strict_2024-04-30,2024-04-30,2024-07-26,60,XLI,0.037523844823325825
strict,replay_strict_2024-04-30,2024-04-30,2024-07-26,60,XLU,0.06545305111461397
strict,replay_strict_2024-04-30,2024-04-30,2024-10-21,120,QQQ,0.16841911382229158
strict,replay_strict_2024-04-30,2024-04-30,2024-10-21,120,SOXX,0.08771855574344423
strict,replay_strict_2024-04-30,2024-04-30,2024-10-21,120,XLI,0.1401513054937814
strict,replay_strict_2024-04-30,2024-04-30,2024-10-21,120,XLU,0.22269991743601303
strict,replay_strict_2024-04-30,2024-04-30,2024-05-29,20,QQQ,0.07632567267224666
strict,replay_strict_2024-04-30,2024-04-30,2024-05-29,20,SOXX,0.12744513778074162
strict,replay_strict_2024-04-30,2024-04-30,2024-05-29,20,XLI,-0.005141503994728566
strict,replay_strict_2024-04-30,2024-04-30,2024-05-29,20,XLU,0.055245139983487346
strict,replay_strict_2024-04-30,2024-04-30,2024-07-26,60,QQQ,0.09188343500260088
strict,replay_strict_2024-04-30,2024-04-30,2024-07-26,60,SOXX,0.08943337223426295
strict,replay_strict_2024-04-30,2024-04-30,2024-07-26,60,XLI,0.037523844823325825
strict,replay_strict_2024-04-30,2024-04-30,2024-07-26,60,XLU,0.06545305111461397
strict,replay_strict_2024-04-30,2024-04-30,2024-10-21,120,QQQ,0.16841911382229158
strict,replay_strict_2024-04-30,2024-04-30,2024-10-21,120,SOXX,0.08771855574344423
strict,replay_strict_2024-04-30,2024-04-30,2024-10-21,120,XLI,0.1401513054937814
strict,replay_strict_2024-04-30,2024-04-30,2024-10-21,120,XLU,0.22269991743601303
strict,replay_strict_2024-05-31,2024-05-31,2024-07-01,20,QQQ,0.05692830595324494
strict,replay_strict_2024-05-31,2024-05-31,2024-07-01,20,SOXX,0.03464616808277954
strict,replay_strict_2024-05-31,2024-05-31,2024-07-01,20,XLI,-0.029253079688194236
strict,replay_strict_2024-05-31,2024-05-31,2024-07-01,20,XLU,-0.07017651922281931
strict,replay_strict_2024-05-31,2024-05-31,2024-08-27,60,QQQ,0.04575635020122715
strict,replay_strict_2024-05-31,2024-05-31,2024-08-27,60,SOXX,-0.03555657440901827
strict,replay_strict_2024-05-31,2024-05-31,2024-08-27,60,XLI,0.040580112282402214
strict,replay_strict_2024-05-31,2024-05-31,2024-08-27,60,XLU,0.03503224472922695
strict,replay_strict_2024-05-31,2024-05-31,2024-11-20,120,QQQ,0.10337549207187002
strict,replay_strict_2024-05-31,2024-05-31,2024-11-20,120,SOXX,-0.1087878354504922
strict,replay_strict_2024-05-31,2024-05-31,2024-11-20,120,XLI,0.11933935134698481
strict,replay_strict_2024-05-31,2024-05-31,2024-11-20,120,XLU,0.10627380460245284
strict,replay_strict_2024-05-31,2024-05-31,2024-07-01,20,QQQ,0.05692830595324494
strict,replay_strict_2024-05-31,2024-05-31,2024-07-01,20,SOXX,0.03464616808277954
strict,replay_strict_2024-05-31,2024-05-31,2024-07-01,20,XLI,-0.029253079688194236
strict,replay_strict_2024-05-31,2024-05-31,2024-07-01,20,XLU,-0.07017651922281931
strict,replay_strict_2024-05-31,2024-05-31,2024-08-27,60,QQQ,0.04575635020122715
strict,replay_strict_2024-05-31,2024-05-31,2024-08-27,60,SOXX,-0.03555657440901827
strict,replay_strict_2024-05-31,2024-05-31,2024-08-27,60,XLI,0.040580112282402214
strict,replay_strict_2024-05-31,2024-05-31,2024-08-27,60,XLU,0.03503224472922695
strict,replay_strict_2024-05-31,2024-05-31,2024-11-20,120,QQQ,0.10337549207187002
strict,replay_strict_2024-05-31,2024-05-31,2024-11-20,120,SOXX,-0.1087878354504922
strict,replay_strict_2024-05-31,2024-05-31,2024-11-20,120,XLI,0.11933935134698481
strict,replay_strict_2024-05-31,2024-05-31,2024-11-20,120,XLU,0.10627380460245284
strict,replay_strict_2024-05-31,2024-05-31,2024-07-01,20,QQQ,0.05692830595324494
strict,replay_strict_2024-05-31,2024-05-31,2024-07-01,20,SOXX,0.03464616808277954
strict,replay_strict_2024-05-31,2024-05-31,2024-07-01,20,XLI,-0.029253079688194236
strict,replay_strict_2024-05-31,2024-05-31,2024-07-01,20,XLU,-0.07017651922281931
strict,replay_strict_2024-05-31,2024-05-31,2024-08-27,60,QQQ,0.04575635020122715
strict,replay_strict_2024-05-31,2024-05-31,2024-08-27,60,SOXX,-0.03555657440901827
strict,replay_strict_2024-05-31,2024-05-31,2024-08-27,60,XLI,0.040580112282402214
strict,replay_strict_2024-05-31,2024-05-31,2024-08-27,60,XLU,0.03503224472922695
strict,replay_strict_2024-05-31,2024-05-31,2024-11-20,120,QQQ,0.10337549207187002
strict,replay_strict_2024-05-31,2024-05-31,2024-11-20,120,SOXX,-0.1087878354504922
strict,replay_strict_2024-05-31,2024-05-31,2024-11-20,120,XLI,0.11933935134698481
strict,replay_strict_2024-05-31,2024-05-31,2024-11-20,120,XLU,0.10627380460245284
strict,replay_strict_2024-05-31,2024-05-31,2024-07-01,20,QQQ,0.05692830595324494
strict,replay_strict_2024-05-31,2024-05-31,2024-07-01,20,SOXX,0.03464616808277954
strict,replay_strict_2024-05-31,2024-05-31,2024-07-01,20,XLI,-0.029253079688194236
strict,replay_strict_2024-05-31,2024-05-31,2024-07-01,20,XLU,-0.07017651922281931
strict,replay_strict_2024-05-31,2024-05-31,2024-08-27,60,QQQ,0.04575635020122715
strict,replay_strict_2024-05-31,2024-05-31,2024-08-27,60,SOXX,-0.03555657440901827
strict,replay_strict_2024-05-31,2024-05-31,2024-08-27,60,XLI,0.040580112282402214
strict,replay_strict_2024-05-31,2024-05-31,2024-08-27,60,XLU,0.03503224472922695
strict,replay_strict_2024-05-31,2024-05-31,2024-11-20,120,QQQ,0.10337549207187002
strict,replay_strict_2024-05-31,2024-05-31,2024-11-20,120,SOXX,-0.1087878354504922
strict,replay_strict_2024-05-31,2024-05-31,2024-11-20,120,XLI,0.11933935134698481
strict,replay_strict_2024-05-31,2024-05-31,2024-11-20,120,XLU,0.10627380460245284
strict,replay_strict_2024-06-28,2024-06-28,2024-07-29,20,QQQ,-0.036238861334555894
strict,replay_strict_2024-06-28,2024-06-28,2024-07-29,20,SOXX,-0.07430392435371935
strict,replay_strict_2024-06-28,2024-06-28,2024-07-29,20,XLI,0.02773150796894164
strict,replay_strict_2024-06-28,2024-06-28,2024-07-29,20,XLU,0.03709313832496541
strict,replay_strict_2024-06-28,2024-06-28,2024-09-24,60,QQQ,0.0087117492602008
strict,replay_strict_2024-06-28,2024-06-28,2024-09-24,60,SOXX,-0.0806754190170853
strict,replay_strict_2024-06-28,2024-06-28,2024-09-24,60,XLI,0.09728606456885991
strict,replay_strict_2024-06-28,2024-06-28,2024-09-24,60,XLU,0.15773637488175807
strict,replay_strict_2024-06-28,2024-06-28,2024-12-18,120,QQQ,0.07356399783270129
strict,replay_strict_2024-06-28,2024-06-28,2024-12-18,120,SOXX,-0.12844133760805165
strict,replay_strict_2024-06-28,2024-06-28,2024-12-18,120,XLI,0.07889619942787085
strict,replay_strict_2024-06-28,2024-06-28,2024-12-18,120,XLU,0.0865728734628538
strict,replay_strict_2024-06-28,2024-06-28,2024-07-29,20,QQQ,-0.036238861334555894
strict,replay_strict_2024-06-28,2024-06-28,2024-07-29,20,SOXX,-0.07430392435371935
strict,replay_strict_2024-06-28,2024-06-28,2024-07-29,20,XLI,0.02773150796894164
strict,replay_strict_2024-06-28,2024-06-28,2024-07-29,20,XLU,0.03709313832496541
strict,replay_strict_2024-06-28,2024-06-28,2024-09-24,60,QQQ,0.0087117492602008
strict,replay_strict_2024-06-28,2024-06-28,2024-09-24,60,SOXX,-0.0806754190170853
strict,replay_strict_2024-06-28,2024-06-28,2024-09-24,60,XLI,0.09728606456885991
strict,replay_strict_2024-06-28,2024-06-28,2024-09-24,60,XLU,0.15773637488175807
strict,replay_strict_2024-06-28,2024-06-28,2024-12-18,120,QQQ,0.07356399783270129
strict,replay_strict_2024-06-28,2024-06-28,2024-12-18,120,SOXX,-0.12844133760805165
strict,replay_strict_2024-06-28,2024-06-28,2024-12-18,120,XLI,0.07889619942787085
strict,replay_strict_2024-06-28,2024-06-28,2024-12-18,120,XLU,0.0865728734628538
strict,replay_strict_2024-06-28,2024-06-28,2024-07-29,20,QQQ,-0.036238861334555894
strict,replay_strict_2024-06-28,2024-06-28,2024-07-29,20,SOXX,-0.07430392435371935
strict,replay_strict_2024-06-28,2024-06-28,2024-07-29,20,XLI,0.02773150796894164
strict,replay_strict_2024-06-28,2024-06-28,2024-07-29,20,XLU,0.03709313832496541
strict,replay_strict_2024-06-28,2024-06-28,2024-09-24,60,QQQ,0.0087117492602008
strict,replay_strict_2024-06-28,2024-06-28,2024-09-24,60,SOXX,-0.0806754190170853
strict,replay_strict_2024-06-28,2024-06-28,2024-09-24,60,XLI,0.09728606456885991
strict,replay_strict_2024-06-28,2024-06-28,2024-09-24,60,XLU,0.15773637488175807
strict,replay_strict_2024-06-28,2024-06-28,2024-12-18,120,QQQ,0.07356399783270129
strict,replay_strict_2024-06-28,2024-06-28,2024-12-18,120,SOXX,-0.12844133760805165
strict,replay_strict_2024-06-28,2024-06-28,2024-12-18,120,XLI,0.07889619942787085
strict,replay_strict_2024-06-28,2024-06-28,2024-12-18,120,XLU,0.0865728734628538
strict,replay_strict_2024-06-28,2024-06-28,2024-07-29,20,QQQ,-0.036238861334555894
strict,replay_strict_2024-06-28,2024-06-28,2024-07-29,20,SOXX,-0.07430392435371935
strict,replay_strict_2024-06-28,2024-06-28,2024-07-29,20,XLI,0.02773150796894164
strict,replay_strict_2024-06-28,2024-06-28,2024-07-29,20,XLU,0.03709313832496541
strict,replay_strict_2024-06-28,2024-06-28,2024-09-24,60,QQQ,0.0087117492602008
strict,replay_strict_2024-06-28,2024-06-28,2024-09-24,60,SOXX,-0.0806754190170853
strict,replay_strict_2024-06-28,2024-06-28,2024-09-24,60,XLI,0.09728606456885991
strict,replay_strict_2024-06-28,2024-06-28,2024-09-24,60,XLU,0.15773637488175807
strict,replay_strict_2024-06-28,2024-06-28,2024-12-18,120,QQQ,0.07356399783270129
strict,replay_strict_2024-06-28,2024-06-28,2024-12-18,120,SOXX,-0.12844133760805165
strict,replay_strict_2024-06-28,2024-06-28,2024-12-18,120,XLI,0.07889619942787085
strict,replay_strict_2024-06-28,2024-06-28,2024-12-18,120,XLU,0.0865728734628538
strict,replay_strict_2024-07-31,2024-07-31,2024-08-28,20,QQQ,-0.004102255384093587
strict,replay_strict_2024-07-31,2024-07-31,2024-08-28,20,SOXX,-0.0234992632400105
strict,replay_strict_2024-07-31,2024-07-31,2024-08-28,20,XLI,0.009862745098039197
strict,replay_strict_2024-07-31,2024-07-31,2024-08-28,20,XLU,0.030621517771373456
strict,replay_strict_2024-07-31,2024-07-31,2024-10-24,60,QQQ,0.04053908767169745
strict,replay_strict_2024-07-31,2024-07-31,2024-10-24,60,SOXX,-0.018211926844067024
strict,replay_strict_2024-07-31,2024-07-31,2024-10-24,60,XLI,0.061705882352941166
strict,replay_strict_2024-07-31,2024-07-31,2024-10-24,60,XLU,0.11639069575957162
strict,replay_strict_2024-07-31,2024-07-31,2025-01-23,120,QQQ,0.12595328132948957
strict,replay_strict_2024-07-31,2024-07-31,2025-01-23,120,SOXX,0.016979197364999424
strict,replay_strict_2024-07-31,2024-07-31,2025-01-23,120,XLI,0.10782352941176476
strict,replay_strict_2024-07-31,2024-07-31,2025-01-23,120,XLU,0.07659379717304782
strict,replay_strict_2024-07-31,2024-07-31,2024-08-28,20,QQQ,-0.004102255384093587
strict,replay_strict_2024-07-31,2024-07-31,2024-08-28,20,SOXX,-0.0234992632400105
strict,replay_strict_2024-07-31,2024-07-31,2024-08-28,20,XLI,0.009862745098039197
strict,replay_strict_2024-07-31,2024-07-31,2024-08-28,20,XLU,0.030621517771373456
strict,replay_strict_2024-07-31,2024-07-31,2024-10-24,60,QQQ,0.04053908767169745
strict,replay_strict_2024-07-31,2024-07-31,2024-10-24,60,SOXX,-0.018211926844067024
strict,replay_strict_2024-07-31,2024-07-31,2024-10-24,60,XLI,0.061705882352941166
strict,replay_strict_2024-07-31,2024-07-31,2024-10-24,60,XLU,0.11639069575957162
strict,replay_strict_2024-07-31,2024-07-31,2025-01-23,120,QQQ,0.12595328132948957
strict,replay_strict_2024-07-31,2024-07-31,2025-01-23,120,SOXX,0.016979197364999424
strict,replay_strict_2024-07-31,2024-07-31,2025-01-23,120,XLI,0.10782352941176476
strict,replay_strict_2024-07-31,2024-07-31,2025-01-23,120,XLU,0.07659379717304782
strict,replay_strict_2024-07-31,2024-07-31,2024-08-28,20,QQQ,-0.004102255384093587
strict,replay_strict_2024-07-31,2024-07-31,2024-08-28,20,SOXX,-0.0234992632400105
strict,replay_strict_2024-07-31,2024-07-31,2024-08-28,20,XLI,0.009862745098039197
strict,replay_strict_2024-07-31,2024-07-31,2024-08-28,20,XLU,0.030621517771373456
strict,replay_strict_2024-07-31,2024-07-31,2024-10-24,60,QQQ,0.04053908767169745
strict,replay_strict_2024-07-31,2024-07-31,2024-10-24,60,SOXX,-0.018211926844067024
strict,replay_strict_2024-07-31,2024-07-31,2024-10-24,60,XLI,0.061705882352941166
strict,replay_strict_2024-07-31,2024-07-31,2024-10-24,60,XLU,0.11639069575957162
strict,replay_strict_2024-07-31,2024-07-31,2025-01-23,120,QQQ,0.12595328132948957
strict,replay_strict_2024-07-31,2024-07-31,2025-01-23,120,SOXX,0.016979197364999424
strict,replay_strict_2024-07-31,2024-07-31,2025-01-23,120,XLI,0.10782352941176476
strict,replay_strict_2024-07-31,2024-07-31,2025-01-23,120,XLU,0.07659379717304782
strict,replay_strict_2024-07-31,2024-07-31,2024-08-28,20,QQQ,-0.004102255384093587
strict,replay_strict_2024-07-31,2024-07-31,2024-08-28,20,SOXX,-0.0234992632400105
strict,replay_strict_2024-07-31,2024-07-31,2024-08-28,20,XLI,0.009862745098039197
strict,replay_strict_2024-07-31,2024-07-31,2024-08-28,20,XLU,0.030621517771373456
strict,replay_strict_2024-07-31,2024-07-31,2024-10-24,60,QQQ,0.04053908767169745
strict,replay_strict_2024-07-31,2024-07-31,2024-10-24,60,SOXX,-0.018211926844067024
strict,replay_strict_2024-07-31,2024-07-31,2024-10-24,60,XLI,0.061705882352941166
strict,replay_strict_2024-07-31,2024-07-31,2024-10-24,60,XLU,0.11639069575957162
strict,replay_strict_2024-07-31,2024-07-31,2025-01-23,120,QQQ,0.12595328132948957
strict,replay_strict_2024-07-31,2024-07-31,2025-01-23,120,SOXX,0.016979197364999424
strict,replay_strict_2024-07-31,2024-07-31,2025-01-23,120,XLI,0.10782352941176476
strict,replay_strict_2024-07-31,2024-07-31,2025-01-23,120,XLU,0.07659379717304782
strict,replay_strict_2024-08-30,2024-08-30,2024-09-30,20,QQQ,0.028127829082225667
strict,replay_strict_2024-08-30,2024-08-30,2024-09-30,20,SOXX,0.013947656456880456
strict,replay_strict_2024-08-30,2024-08-30,2024-09-30,20,XLI,0.03216013146831764
strict,replay_strict_2024-08-30,2024-08-30,2024-09-30,20,XLU,0.05489887346083322
strict,replay_strict_2024-08-30,2024-08-30,2024-11-25,60,QQQ,0.06753950677289156
strict,replay_strict_2024-08-30,2024-08-30,2024-11-25,60,SOXX,-0.03883723188277877
strict,replay_strict_2024-08-30,2024-08-30,2024-11-25,60,XLI,0.09399610181151108
strict,replay_strict_2024-08-30,2024-08-30,2024-11-25,60,XLU,0.0661642651296831
strict,replay_strict_2024-08-30,2024-08-30,2025-02-25,120,QQQ,0.08180378690222112
strict,replay_strict_2024-08-30,2024-08-30,2025-02-25,120,SOXX,-0.05772680730867685
strict,replay_strict_2024-08-30,2024-08-30,2025-02-25,120,XLI,0.028338378047848226
strict,replay_strict_2024-08-30,2024-08-30,2025-02-25,120,XLU,0.0378697930311761
strict,replay_strict_2024-08-30,2024-08-30,2024-09-30,20,QQQ,0.028127829082225667
strict,replay_strict_2024-08-30,2024-08-30,2024-09-30,20,SOXX,0.013947656456880456
strict,replay_strict_2024-08-30,2024-08-30,2024-09-30,20,XLI,0.03216013146831764
strict,replay_strict_2024-08-30,2024-08-30,2024-09-30,20,XLU,0.05489887346083322
strict,replay_strict_2024-08-30,2024-08-30,2024-11-25,60,QQQ,0.06753950677289156
strict,replay_strict_2024-08-30,2024-08-30,2024-11-25,60,SOXX,-0.03883723188277877
strict,replay_strict_2024-08-30,2024-08-30,2024-11-25,60,XLI,0.09399610181151108
strict,replay_strict_2024-08-30,2024-08-30,2024-11-25,60,XLU,0.0661642651296831
strict,replay_strict_2024-08-30,2024-08-30,2025-02-25,120,QQQ,0.08180378690222112
strict,replay_strict_2024-08-30,2024-08-30,2025-02-25,120,SOXX,-0.05772680730867685
strict,replay_strict_2024-08-30,2024-08-30,2025-02-25,120,XLI,0.028338378047848226
strict,replay_strict_2024-08-30,2024-08-30,2025-02-25,120,XLU,0.0378697930311761
strict,replay_strict_2024-08-30,2024-08-30,2024-09-30,20,QQQ,0.028127829082225667
strict,replay_strict_2024-08-30,2024-08-30,2024-09-30,20,SOXX,0.013947656456880456
strict,replay_strict_2024-08-30,2024-08-30,2024-09-30,20,XLI,0.03216013146831764
strict,replay_strict_2024-08-30,2024-08-30,2024-09-30,20,XLU,0.05489887346083322
strict,replay_strict_2024-08-30,2024-08-30,2024-11-25,60,QQQ,0.06753950677289156
strict,replay_strict_2024-08-30,2024-08-30,2024-11-25,60,SOXX,-0.03883723188277877
strict,replay_strict_2024-08-30,2024-08-30,2024-11-25,60,XLI,0.09399610181151108
strict,replay_strict_2024-08-30,2024-08-30,2024-11-25,60,XLU,0.0661642651296831
strict,replay_strict_2024-08-30,2024-08-30,2025-02-25,120,QQQ,0.08180378690222112
strict,replay_strict_2024-08-30,2024-08-30,2025-02-25,120,SOXX,-0.05772680730867685
strict,replay_strict_2024-08-30,2024-08-30,2025-02-25,120,XLI,0.028338378047848226
strict,replay_strict_2024-08-30,2024-08-30,2025-02-25,120,XLU,0.0378697930311761
strict,replay_strict_2024-08-30,2024-08-30,2024-09-30,20,QQQ,0.028127829082225667
strict,replay_strict_2024-08-30,2024-08-30,2024-09-30,20,SOXX,0.013947656456880456
strict,replay_strict_2024-08-30,2024-08-30,2024-09-30,20,XLI,0.03216013146831764
strict,replay_strict_2024-08-30,2024-08-30,2024-09-30,20,XLU,0.05489887346083322
strict,replay_strict_2024-08-30,2024-08-30,2024-11-25,60,QQQ,0.06753950677289156
strict,replay_strict_2024-08-30,2024-08-30,2024-11-25,60,SOXX,-0.03883723188277877
strict,replay_strict_2024-08-30,2024-08-30,2024-11-25,60,XLI,0.09399610181151108
strict,replay_strict_2024-08-30,2024-08-30,2024-11-25,60,XLU,0.0661642651296831
strict,replay_strict_2024-08-30,2024-08-30,2025-02-25,120,QQQ,0.08180378690222112
strict,replay_strict_2024-08-30,2024-08-30,2025-02-25,120,SOXX,-0.05772680730867685
strict,replay_strict_2024-08-30,2024-08-30,2025-02-25,120,XLI,0.028338378047848226
strict,replay_strict_2024-08-30,2024-08-30,2025-02-25,120,XLU,0.0378697930311761
strict,replay_strict_2024-09-30,2024-09-30,2024-10-28,20,QQQ,0.012746739932748222
strict,replay_strict_2024-09-30,2024-09-30,2024-10-28,20,SOXX,-0.006643303261623876
strict,replay_strict_2024-09-30,2024-09-30,2024-10-28,20,XLI,-0.00019370799793227717
strict,replay_strict_2024-09-30,2024-09-30,2024-10-28,20,XLU,0.000530286138981653
strict,replay_strict_2024-09-30,2024-09-30,2024-12-24,60,QQQ,0.08370958746821933
strict,replay_strict_2024-09-30,2024-09-30,2024-12-24,60,SOXX,-0.03327411519777923
strict,replay_strict_2024-09-30,2024-09-30,2024-12-24,60,XLI,-0.012378923270068728
strict,replay_strict_2024-09-30,2024-09-30,2024-12-24,60,XLU,-0.05576848755109631
strict,replay_strict_2024-09-30,2024-09-30,2025-03-25,120,QQQ,0.008912572787665
strict,replay_strict_2024-09-30,2024-09-30,2025-03-25,120,SOXX,-0.1176339347675226
strict,replay_strict_2024-09-30,2024-09-30,2025-03-25,120,XLI,-0.0097941806365851
strict,replay_strict_2024-09-30,2024-09-30,2025-03-25,120,XLU,-0.05019435154217766
strict,replay_strict_2024-09-30,2024-09-30,2024-10-28,20,QQQ,0.012746739932748222
strict,replay_strict_2024-09-30,2024-09-30,2024-10-28,20,SOXX,-0.006643303261623876
strict,replay_strict_2024-09-30,2024-09-30,2024-10-28,20,XLI,-0.00019370799793227717
strict,replay_strict_2024-09-30,2024-09-30,2024-10-28,20,XLU,0.000530286138981653
strict,replay_strict_2024-09-30,2024-09-30,2024-12-24,60,QQQ,0.08370958746821933
strict,replay_strict_2024-09-30,2024-09-30,2024-12-24,60,SOXX,-0.03327411519777923
strict,replay_strict_2024-09-30,2024-09-30,2024-12-24,60,XLI,-0.012378923270068728
strict,replay_strict_2024-09-30,2024-09-30,2024-12-24,60,XLU,-0.05576848755109631
strict,replay_strict_2024-09-30,2024-09-30,2025-03-25,120,QQQ,0.008912572787665
strict,replay_strict_2024-09-30,2024-09-30,2025-03-25,120,SOXX,-0.1176339347675226
strict,replay_strict_2024-09-30,2024-09-30,2025-03-25,120,XLI,-0.0097941806365851
strict,replay_strict_2024-09-30,2024-09-30,2025-03-25,120,XLU,-0.05019435154217766
strict,replay_strict_2024-09-30,2024-09-30,2024-10-28,20,QQQ,0.012746739932748222
strict,replay_strict_2024-09-30,2024-09-30,2024-10-28,20,SOXX,-0.006643303261623876
strict,replay_strict_2024-09-30,2024-09-30,2024-10-28,20,XLI,-0.00019370799793227717
strict,replay_strict_2024-09-30,2024-09-30,2024-10-28,20,XLU,0.000530286138981653
strict,replay_strict_2024-09-30,2024-09-30,2024-12-24,60,QQQ,0.08370958746821933
strict,replay_strict_2024-09-30,2024-09-30,2024-12-24,60,SOXX,-0.03327411519777923
strict,replay_strict_2024-09-30,2024-09-30,2024-12-24,60,XLI,-0.012378923270068728
strict,replay_strict_2024-09-30,2024-09-30,2024-12-24,60,XLU,-0.05576848755109631
strict,replay_strict_2024-09-30,2024-09-30,2025-03-25,120,QQQ,0.008912572787665
strict,replay_strict_2024-09-30,2024-09-30,2025-03-25,120,SOXX,-0.1176339347675226
strict,replay_strict_2024-09-30,2024-09-30,2025-03-25,120,XLI,-0.0097941806365851
strict,replay_strict_2024-09-30,2024-09-30,2025-03-25,120,XLU,-0.05019435154217766
strict,replay_strict_2024-09-30,2024-09-30,2024-10-28,20,QQQ,0.012746739932748222
strict,replay_strict_2024-09-30,2024-09-30,2024-10-28,20,SOXX,-0.006643303261623876
strict,replay_strict_2024-09-30,2024-09-30,2024-10-28,20,XLI,-0.00019370799793227717
strict,replay_strict_2024-09-30,2024-09-30,2024-10-28,20,XLU,0.000530286138981653
strict,replay_strict_2024-09-30,2024-09-30,2024-12-24,60,QQQ,0.08370958746821933
strict,replay_strict_2024-09-30,2024-09-30,2024-12-24,60,SOXX,-0.03327411519777923
strict,replay_strict_2024-09-30,2024-09-30,2024-12-24,60,XLI,-0.012378923270068728
strict,replay_strict_2024-09-30,2024-09-30,2024-12-24,60,XLU,-0.05576848755109631
strict,replay_strict_2024-09-30,2024-09-30,2025-03-25,120,QQQ,0.008912572787665
strict,replay_strict_2024-09-30,2024-09-30,2025-03-25,120,SOXX,-0.1176339347675226
strict,replay_strict_2024-09-30,2024-09-30,2025-03-25,120,XLI,-0.0097941806365851
strict,replay_strict_2024-09-30,2024-09-30,2025-03-25,120,XLU,-0.05019435154217766
strict,replay_strict_2024-10-31,2024-10-31,2024-11-29,20,QQQ,0.0470144193136407
strict,replay_strict_2024-10-31,2024-10-31,2024-11-29,20,SOXX,-0.023077764387548712
strict,replay_strict_2024-10-31,2024-10-31,2024-11-29,20,XLI,0.06742463002900279
strict,replay_strict_2024-10-31,2024-10-31,2024-11-29,20,XLU,0.035837384114257076
strict,replay_strict_2024-10-31,2024-10-31,2025-01-30,60,QQQ,0.07445231326988833
strict,replay_strict_2024-10-31,2024-10-31,2025-01-30,60,SOXX,-0.008388935628368063
strict,replay_strict_2024-10-31,2024-10-31,2025-01-30,60,XLI,0.03329062244366765
strict,replay_strict_2024-10-31,2024-10-31,2025-01-30,60,XLU,-0.02129115509897261
strict,replay_strict_2024-10-31,2024-10-31,2025-04-28,120,QQQ,-0.029737527293700713
strict,replay_strict_2024-10-31,2024-10-31,2025-04-28,120,SOXX,-0.16419056822574418
strict,replay_strict_2024-10-31,2024-10-31,2025-04-28,120,XLI,-0.04062921097642602
strict,replay_strict_2024-10-31,2024-10-31,2025-04-28,120,XLU,-0.017031571034828216
strict,replay_strict_2024-10-31,2024-10-31,2024-11-29,20,QQQ,0.0470144193136407
strict,replay_strict_2024-10-31,2024-10-31,2024-11-29,20,SOXX,-0.023077764387548712
strict,replay_strict_2024-10-31,2024-10-31,2024-11-29,20,XLI,0.06742463002900279
strict,replay_strict_2024-10-31,2024-10-31,2024-11-29,20,XLU,0.035837384114257076
strict,replay_strict_2024-10-31,2024-10-31,2025-01-30,60,QQQ,0.07445231326988833
strict,replay_strict_2024-10-31,2024-10-31,2025-01-30,60,SOXX,-0.008388935628368063
strict,replay_strict_2024-10-31,2024-10-31,2025-01-30,60,XLI,0.03329062244366765
strict,replay_strict_2024-10-31,2024-10-31,2025-01-30,60,XLU,-0.02129115509897261
strict,replay_strict_2024-10-31,2024-10-31,2025-04-28,120,QQQ,-0.029737527293700713
strict,replay_strict_2024-10-31,2024-10-31,2025-04-28,120,SOXX,-0.16419056822574418
strict,replay_strict_2024-10-31,2024-10-31,2025-04-28,120,XLI,-0.04062921097642602
strict,replay_strict_2024-10-31,2024-10-31,2025-04-28,120,XLU,-0.017031571034828216
strict,replay_strict_2024-10-31,2024-10-31,2024-11-29,20,QQQ,0.0470144193136407
strict,replay_strict_2024-10-31,2024-10-31,2024-11-29,20,SOXX,-0.023077764387548712
strict,replay_strict_2024-10-31,2024-10-31,2024-11-29,20,XLI,0.06742463002900279
strict,replay_strict_2024-10-31,2024-10-31,2024-11-29,20,XLU,0.035837384114257076
strict,replay_strict_2024-10-31,2024-10-31,2025-01-30,60,QQQ,0.07445231326988833
strict,replay_strict_2024-10-31,2024-10-31,2025-01-30,60,SOXX,-0.008388935628368063
strict,replay_strict_2024-10-31,2024-10-31,2025-01-30,60,XLI,0.03329062244366765
strict,replay_strict_2024-10-31,2024-10-31,2025-01-30,60,XLU,-0.02129115509897261
strict,replay_strict_2024-10-31,2024-10-31,2025-04-28,120,QQQ,-0.029737527293700713
strict,replay_strict_2024-10-31,2024-10-31,2025-04-28,120,SOXX,-0.16419056822574418
strict,replay_strict_2024-10-31,2024-10-31,2025-04-28,120,XLI,-0.04062921097642602
strict,replay_strict_2024-10-31,2024-10-31,2025-04-28,120,XLU,-0.017031571034828216
strict,replay_strict_2024-10-31,2024-10-31,2024-11-29,20,QQQ,0.0470144193136407
strict,replay_strict_2024-10-31,2024-10-31,2024-11-29,20,SOXX,-0.023077764387548712
strict,replay_strict_2024-10-31,2024-10-31,2024-11-29,20,XLI,0.06742463002900279
strict,replay_strict_2024-10-31,2024-10-31,2024-11-29,20,XLU,0.035837384114257076
strict,replay_strict_2024-10-31,2024-10-31,2025-01-30,60,QQQ,0.07445231326988833
strict,replay_strict_2024-10-31,2024-10-31,2025-01-30,60,SOXX,-0.008388935628368063
strict,replay_strict_2024-10-31,2024-10-31,2025-01-30,60,XLI,0.03329062244366765
strict,replay_strict_2024-10-31,2024-10-31,2025-01-30,60,XLU,-0.02129115509897261
strict,replay_strict_2024-10-31,2024-10-31,2025-04-28,120,QQQ,-0.029737527293700713
strict,replay_strict_2024-10-31,2024-10-31,2025-04-28,120,SOXX,-0.16419056822574418
strict,replay_strict_2024-10-31,2024-10-31,2025-04-28,120,XLI,-0.04062921097642602
strict,replay_strict_2024-10-31,2024-10-31,2025-04-28,120,XLU,-0.017031571034828216
strict,replay_strict_2024-11-29,2024-11-29,2024-12-30,20,QQQ,0.005884018550770145
strict,replay_strict_2024-11-29,2024-11-29,2024-12-30,20,SOXX,-0.001985988200590036
strict,replay_strict_2024-11-29,2024-11-29,2024-12-30,20,XLI,-0.08740927391364706
strict,replay_strict_2024-11-29,2024-11-29,2024-12-30,20,XLU,-0.08934828750602986
strict,replay_strict_2024-11-29,2024-11-29,2025-02-28,60,QQQ,-0.008772655225720568
strict,replay_strict_2024-11-29,2024-11-29,2025-02-28,60,SOXX,-0.04245427728613571
strict,replay_strict_2024-11-29,2024-11-29,2025-02-28,60,XLI,-0.05651936693044568
strict,replay_strict_2024-11-29,2024-11-29,2025-02-28,60,XLU,-0.047983116256632985
strict,replay_strict_2024-11-29,2024-11-29,2025-05-27,120,QQQ,0.016920552609435927
strict,replay_strict_2024-11-29,2024-11-29,2025-05-27,120,SOXX,-0.037845132743362875
strict,replay_strict_2024-11-29,2024-11-29,2025-05-27,120,XLI,-0.007928502013050173
strict,replay_strict_2024-11-29,2024-11-29,2025-05-27,120,XLU,-0.01783357452966716
strict,replay_strict_2024-11-29,2024-11-29,2024-12-30,20,QQQ,0.005884018550770145
strict,replay_strict_2024-11-29,2024-11-29,2024-12-30,20,SOXX,-0.001985988200590036
strict,replay_strict_2024-11-29,2024-11-29,2024-12-30,20,XLI,-0.08740927391364706
strict,replay_strict_2024-11-29,2024-11-29,2024-12-30,20,XLU,-0.08934828750602986
strict,replay_strict_2024-11-29,2024-11-29,2025-02-28,60,QQQ,-0.008772655225720568
strict,replay_strict_2024-11-29,2024-11-29,2025-02-28,60,SOXX,-0.04245427728613571
strict,replay_strict_2024-11-29,2024-11-29,2025-02-28,60,XLI,-0.05651936693044568
strict,replay_strict_2024-11-29,2024-11-29,2025-02-28,60,XLU,-0.047983116256632985
strict,replay_strict_2024-11-29,2024-11-29,2025-05-27,120,QQQ,0.016920552609435927
strict,replay_strict_2024-11-29,2024-11-29,2025-05-27,120,SOXX,-0.037845132743362875
strict,replay_strict_2024-11-29,2024-11-29,2025-05-27,120,XLI,-0.007928502013050173
strict,replay_strict_2024-11-29,2024-11-29,2025-05-27,120,XLU,-0.01783357452966716
strict,replay_strict_2024-11-29,2024-11-29,2024-12-30,20,QQQ,0.005884018550770145
strict,replay_strict_2024-11-29,2024-11-29,2024-12-30,20,SOXX,-0.001985988200590036
strict,replay_strict_2024-11-29,2024-11-29,2024-12-30,20,XLI,-0.08740927391364706
strict,replay_strict_2024-11-29,2024-11-29,2024-12-30,20,XLU,-0.08934828750602986
strict,replay_strict_2024-11-29,2024-11-29,2025-02-28,60,QQQ,-0.008772655225720568
strict,replay_strict_2024-11-29,2024-11-29,2025-02-28,60,SOXX,-0.04245427728613571
strict,replay_strict_2024-11-29,2024-11-29,2025-02-28,60,XLI,-0.05651936693044568
strict,replay_strict_2024-11-29,2024-11-29,2025-02-28,60,XLU,-0.047983116256632985
strict,replay_strict_2024-11-29,2024-11-29,2025-05-27,120,QQQ,0.016920552609435927
strict,replay_strict_2024-11-29,2024-11-29,2025-05-27,120,SOXX,-0.037845132743362875
strict,replay_strict_2024-11-29,2024-11-29,2025-05-27,120,XLI,-0.007928502013050173
strict,replay_strict_2024-11-29,2024-11-29,2025-05-27,120,XLU,-0.01783357452966716
strict,replay_strict_2024-11-29,2024-11-29,2024-12-30,20,QQQ,0.005884018550770145
strict,replay_strict_2024-11-29,2024-11-29,2024-12-30,20,SOXX,-0.001985988200590036
strict,replay_strict_2024-11-29,2024-11-29,2024-12-30,20,XLI,-0.08740927391364706
strict,replay_strict_2024-11-29,2024-11-29,2024-12-30,20,XLU,-0.08934828750602986
strict,replay_strict_2024-11-29,2024-11-29,2025-02-28,60,QQQ,-0.008772655225720568
strict,replay_strict_2024-11-29,2024-11-29,2025-02-28,60,SOXX,-0.04245427728613571
strict,replay_strict_2024-11-29,2024-11-29,2025-02-28,60,XLI,-0.05651936693044568
strict,replay_strict_2024-11-29,2024-11-29,2025-02-28,60,XLU,-0.047983116256632985
strict,replay_strict_2024-11-29,2024-11-29,2025-05-27,120,QQQ,0.016920552609435927
strict,replay_strict_2024-11-29,2024-11-29,2025-05-27,120,SOXX,-0.037845132743362875
strict,replay_strict_2024-11-29,2024-11-29,2025-05-27,120,XLI,-0.007928502013050173
strict,replay_strict_2024-11-29,2024-11-29,2025-05-27,120,XLU,-0.01783357452966716
strict,replay_strict_2024-12-31,2024-12-31,2025-01-31,20,QQQ,0.012693366781401209
strict,replay_strict_2024-12-31,2024-12-31,2025-01-31,20,SOXX,0.00017081016497411377
strict,replay_strict_2024-12-31,2024-12-31,2025-01-31,20,XLI,0.03891458913911283
strict,replay_strict_2024-12-31,2024-12-31,2025-01-31,20,XLU,0.018038143924498432
strict,replay_strict_2024-12-31,2024-12-31,2025-03-31,60,QQQ,-0.09111232327946639
strict,replay_strict_2024-12-31,2024-12-31,2025-03-31,60,SOXX,-0.13925292955286983
strict,replay_strict_2024-12-31,2024-12-31,2025-03-31,60,XLI,-0.015653460872184995
strict,replay_strict_2024-12-31,2024-12-31,2025-03-31,60,XLU,0.030162930921483592
strict,replay_strict_2024-12-31,2024-12-31,2025-06-26,120,QQQ,0.059326196449059565
strict,replay_strict_2024-12-31,2024-12-31,2025-06-26,120,SOXX,0.09582358347502418
strict,replay_strict_2024-12-31,2024-12-31,2025-06-26,120,XLI,0.09167500188295541
strict,replay_strict_2024-12-31,2024-12-31,2025-06-26,120,XLU,0.06083536505439746
strict,replay_strict_2024-12-31,2024-12-31,2025-01-31,20,QQQ,0.012693366781401209
strict,replay_strict_2024-12-31,2024-12-31,2025-01-31,20,SOXX,0.00017081016497411377
strict,replay_strict_2024-12-31,2024-12-31,2025-01-31,20,XLI,0.03891458913911283
strict,replay_strict_2024-12-31,2024-12-31,2025-01-31,20,XLU,0.018038143924498432
strict,replay_strict_2024-12-31,2024-12-31,2025-03-31,60,QQQ,-0.09111232327946639
strict,replay_strict_2024-12-31,2024-12-31,2025-03-31,60,SOXX,-0.13925292955286983
strict,replay_strict_2024-12-31,2024-12-31,2025-03-31,60,XLI,-0.015653460872184995
strict,replay_strict_2024-12-31,2024-12-31,2025-03-31,60,XLU,0.030162930921483592
strict,replay_strict_2024-12-31,2024-12-31,2025-06-26,120,QQQ,0.059326196449059565
strict,replay_strict_2024-12-31,2024-12-31,2025-06-26,120,SOXX,0.09582358347502418
strict,replay_strict_2024-12-31,2024-12-31,2025-06-26,120,XLI,0.09167500188295541
strict,replay_strict_2024-12-31,2024-12-31,2025-06-26,120,XLU,0.06083536505439746
strict,replay_strict_2024-12-31,2024-12-31,2025-01-31,20,QQQ,0.012693366781401209
strict,replay_strict_2024-12-31,2024-12-31,2025-01-31,20,SOXX,0.00017081016497411377
strict,replay_strict_2024-12-31,2024-12-31,2025-01-31,20,XLI,0.03891458913911283
strict,replay_strict_2024-12-31,2024-12-31,2025-01-31,20,XLU,0.018038143924498432
strict,replay_strict_2024-12-31,2024-12-31,2025-03-31,60,QQQ,-0.09111232327946639
strict,replay_strict_2024-12-31,2024-12-31,2025-03-31,60,SOXX,-0.13925292955286983
strict,replay_strict_2024-12-31,2024-12-31,2025-03-31,60,XLI,-0.015653460872184995
strict,replay_strict_2024-12-31,2024-12-31,2025-03-31,60,XLU,0.030162930921483592
strict,replay_strict_2024-12-31,2024-12-31,2025-06-26,120,QQQ,0.059326196449059565
strict,replay_strict_2024-12-31,2024-12-31,2025-06-26,120,SOXX,0.09582358347502418
strict,replay_strict_2024-12-31,2024-12-31,2025-06-26,120,XLI,0.09167500188295541
strict,replay_strict_2024-12-31,2024-12-31,2025-06-26,120,XLU,0.06083536505439746
strict,replay_strict_2024-12-31,2024-12-31,2025-01-31,20,QQQ,0.012693366781401209
strict,replay_strict_2024-12-31,2024-12-31,2025-01-31,20,SOXX,0.00017081016497411377
strict,replay_strict_2024-12-31,2024-12-31,2025-01-31,20,XLI,0.03891458913911283
strict,replay_strict_2024-12-31,2024-12-31,2025-01-31,20,XLU,0.018038143924498432
strict,replay_strict_2024-12-31,2024-12-31,2025-03-31,60,QQQ,-0.09111232327946639
strict,replay_strict_2024-12-31,2024-12-31,2025-03-31,60,SOXX,-0.13925292955286983
strict,replay_strict_2024-12-31,2024-12-31,2025-03-31,60,XLI,-0.015653460872184995
strict,replay_strict_2024-12-31,2024-12-31,2025-03-31,60,XLU,0.030162930921483592
strict,replay_strict_2024-12-31,2024-12-31,2025-06-26,120,QQQ,0.059326196449059565
strict,replay_strict_2024-12-31,2024-12-31,2025-06-26,120,SOXX,0.09582358347502418
strict,replay_strict_2024-12-31,2024-12-31,2025-06-26,120,XLI,0.09167500188295541
strict,replay_strict_2024-12-31,2024-12-31,2025-06-26,120,XLU,0.06083536505439746
strict,replay_strict_2025-01-31,2025-01-31,2025-03-03,20,QQQ,-0.03405456954158459
strict,replay_strict_2025-01-31,2025-01-31,2025-03-03,20,SOXX,-0.055088243612708476
strict,replay_strict_2025-01-31,2025-01-31,2025-03-03,20,XLI,-0.014397896904184245
strict,replay_strict_2025-01-31,2025-01-31,2025-03-03,20,XLU,0.029392350721998087
strict,replay_strict_2025-01-31,2025-01-31,2025-04-29,60,QQQ,-0.07685688402267721
strict,replay_strict_2025-01-31,2025-01-31,2025-04-29,60,SOXX,-0.14248336004525308
strict,replay_strict_2025-01-31,2025-01-31,2025-04-29,60,XLI,-0.0452825207735863
strict,replay_strict_2025-01-31,2025-01-31,2025-04-29,60,XLU,0.02809145310264072
strict,replay_strict_2025-01-31,2025-01-31,2025-07-25,120,QQQ,0.10056718424282585
strict,replay_strict_2025-01-31,2025-01-31,2025-07-25,120,SOXX,0.13544630904119914
strict,replay_strict_2025-01-31,2025-01-31,2025-07-25,120,XLI,0.13656908596220296
strict,replay_strict_2025-01-31,2025-01-31,2025-07-25,120,XLU,0.09651866788083774
strict,replay_strict_2025-01-31,2025-01-31,2025-03-03,20,QQQ,-0.03405456954158459
strict,replay_strict_2025-01-31,2025-01-31,2025-03-03,20,SOXX,-0.055088243612708476
strict,replay_strict_2025-01-31,2025-01-31,2025-03-03,20,XLI,-0.014397896904184245
strict,replay_strict_2025-01-31,2025-01-31,2025-03-03,20,XLU,0.029392350721998087
strict,replay_strict_2025-01-31,2025-01-31,2025-04-29,60,QQQ,-0.07685688402267721
strict,replay_strict_2025-01-31,2025-01-31,2025-04-29,60,SOXX,-0.14248336004525308
strict,replay_strict_2025-01-31,2025-01-31,2025-04-29,60,XLI,-0.0452825207735863
strict,replay_strict_2025-01-31,2025-01-31,2025-04-29,60,XLU,0.02809145310264072
strict,replay_strict_2025-01-31,2025-01-31,2025-07-25,120,QQQ,0.10056718424282585
strict,replay_strict_2025-01-31,2025-01-31,2025-07-25,120,SOXX,0.13544630904119914
strict,replay_strict_2025-01-31,2025-01-31,2025-07-25,120,XLI,0.13656908596220296
strict,replay_strict_2025-01-31,2025-01-31,2025-07-25,120,XLU,0.09651866788083774
strict,replay_strict_2025-01-31,2025-01-31,2025-03-03,20,QQQ,-0.03405456954158459
strict,replay_strict_2025-01-31,2025-01-31,2025-03-03,20,SOXX,-0.055088243612708476
strict,replay_strict_2025-01-31,2025-01-31,2025-03-03,20,XLI,-0.014397896904184245
strict,replay_strict_2025-01-31,2025-01-31,2025-03-03,20,XLU,0.029392350721998087
strict,replay_strict_2025-01-31,2025-01-31,2025-04-29,60,QQQ,-0.07685688402267721
strict,replay_strict_2025-01-31,2025-01-31,2025-04-29,60,SOXX,-0.14248336004525308
strict,replay_strict_2025-01-31,2025-01-31,2025-04-29,60,XLI,-0.0452825207735863
strict,replay_strict_2025-01-31,2025-01-31,2025-04-29,60,XLU,0.02809145310264072
strict,replay_strict_2025-01-31,2025-01-31,2025-07-25,120,QQQ,0.10056718424282585
strict,replay_strict_2025-01-31,2025-01-31,2025-07-25,120,SOXX,0.13544630904119914
strict,replay_strict_2025-01-31,2025-01-31,2025-07-25,120,XLI,0.13656908596220296
strict,replay_strict_2025-01-31,2025-01-31,2025-07-25,120,XLU,0.09651866788083774
strict,replay_strict_2025-01-31,2025-01-31,2025-03-03,20,QQQ,-0.03405456954158459
strict,replay_strict_2025-01-31,2025-01-31,2025-03-03,20,SOXX,-0.055088243612708476
strict,replay_strict_2025-01-31,2025-01-31,2025-03-03,20,XLI,-0.014397896904184245
strict,replay_strict_2025-01-31,2025-01-31,2025-03-03,20,XLU,0.029392350721998087
strict,replay_strict_2025-01-31,2025-01-31,2025-04-29,60,QQQ,-0.07685688402267721
strict,replay_strict_2025-01-31,2025-01-31,2025-04-29,60,SOXX,-0.14248336004525308
strict,replay_strict_2025-01-31,2025-01-31,2025-04-29,60,XLI,-0.0452825207735863
strict,replay_strict_2025-01-31,2025-01-31,2025-04-29,60,XLU,0.02809145310264072
strict,replay_strict_2025-01-31,2025-01-31,2025-07-25,120,QQQ,0.10056718424282585
strict,replay_strict_2025-01-31,2025-01-31,2025-07-25,120,SOXX,0.13544630904119914
strict,replay_strict_2025-01-31,2025-01-31,2025-07-25,120,XLI,0.13656908596220296
strict,replay_strict_2025-01-31,2025-01-31,2025-07-25,120,XLU,0.09651866788083774
strict,replay_strict_2025-02-28,2025-02-28,2025-03-28,20,QQQ,-0.08585337114359759
strict,replay_strict_2025-02-28,2025-02-28,2025-03-28,20,SOXX,-0.10876512455516008
strict,replay_strict_2025-02-28,2025-02-28,2025-03-28,20,XLI,-0.05395123551279257
strict,replay_strict_2025-02-28,2025-02-28,2025-03-28,20,XLU,-0.016404147698533152
strict,replay_strict_2025-02-28,2025-02-28,2025-05-27,60,QQQ,0.016332127316286308
strict,replay_strict_2025-02-28,2025-02-28,2025-05-27,60,SOXX,-0.00940569395017787
strict,replay_strict_2025-02-28,2025-02-28,2025-05-27,60,XLI,0.04190123186821204
strict,replay_strict_2025-02-28,2025-02-28,2025-05-27,60,XLU,0.030004552352048578
strict,replay_strict_2025-02-28,2025-02-28,2025-08-21,120,QQQ,0.0988236933457195
strict,replay_strict_2025-02-28,2025-02-28,2025-08-21,120,SOXX,0.1470355871886121
strict,replay_strict_2025-02-28,2025-02-28,2025-08-21,120,XLI,0.09533078212697721
strict,replay_strict_2025-02-28,2025-02-28,2025-08-21,120,XLU,0.07944815376833592
strict,replay_strict_2025-02-28,2025-02-28,2025-03-28,20,QQQ,-0.08585337114359759
strict,replay_strict_2025-02-28,2025-02-28,2025-03-28,20,SOXX,-0.10876512455516008
strict,replay_strict_2025-02-28,2025-02-28,2025-03-28,20,XLI,-0.05395123551279257
strict,replay_strict_2025-02-28,2025-02-28,2025-03-28,20,XLU,-0.016404147698533152
strict,replay_strict_2025-02-28,2025-02-28,2025-05-27,60,QQQ,0.016332127316286308
strict,replay_strict_2025-02-28,2025-02-28,2025-05-27,60,SOXX,-0.00940569395017787
strict,replay_strict_2025-02-28,2025-02-28,2025-05-27,60,XLI,0.04190123186821204
strict,replay_strict_2025-02-28,2025-02-28,2025-05-27,60,XLU,0.030004552352048578
strict,replay_strict_2025-02-28,2025-02-28,2025-08-21,120,QQQ,0.0988236933457195
strict,replay_strict_2025-02-28,2025-02-28,2025-08-21,120,SOXX,0.1470355871886121
strict,replay_strict_2025-02-28,2025-02-28,2025-08-21,120,XLI,0.09533078212697721
strict,replay_strict_2025-02-28,2025-02-28,2025-08-21,120,XLU,0.07944815376833592
strict,replay_strict_2025-02-28,2025-02-28,2025-03-28,20,QQQ,-0.08585337114359759
strict,replay_strict_2025-02-28,2025-02-28,2025-03-28,20,SOXX,-0.10876512455516008
strict,replay_strict_2025-02-28,2025-02-28,2025-03-28,20,XLI,-0.05395123551279257
strict,replay_strict_2025-02-28,2025-02-28,2025-03-28,20,XLU,-0.016404147698533152
strict,replay_strict_2025-02-28,2025-02-28,2025-05-27,60,QQQ,0.016332127316286308
strict,replay_strict_2025-02-28,2025-02-28,2025-05-27,60,SOXX,-0.00940569395017787
strict,replay_strict_2025-02-28,2025-02-28,2025-05-27,60,XLI,0.04190123186821204
strict,replay_strict_2025-02-28,2025-02-28,2025-05-27,60,XLU,0.030004552352048578
strict,replay_strict_2025-02-28,2025-02-28,2025-08-21,120,QQQ,0.0988236933457195
strict,replay_strict_2025-02-28,2025-02-28,2025-08-21,120,SOXX,0.1470355871886121
strict,replay_strict_2025-02-28,2025-02-28,2025-08-21,120,XLI,0.09533078212697721
strict,replay_strict_2025-02-28,2025-02-28,2025-08-21,120,XLU,0.07944815376833592
strict,replay_strict_2025-02-28,2025-02-28,2025-03-28,20,QQQ,-0.08585337114359759
strict,replay_strict_2025-02-28,2025-02-28,2025-03-28,20,SOXX,-0.10876512455516008
strict,replay_strict_2025-02-28,2025-02-28,2025-03-28,20,XLI,-0.05395123551279257
strict,replay_strict_2025-02-28,2025-02-28,2025-03-28,20,XLU,-0.016404147698533152
strict,replay_strict_2025-02-28,2025-02-28,2025-05-27,60,QQQ,0.016332127316286308
strict,replay_strict_2025-02-28,2025-02-28,2025-05-27,60,SOXX,-0.00940569395017787
strict,replay_strict_2025-02-28,2025-02-28,2025-05-27,60,XLI,0.04190123186821204
strict,replay_strict_2025-02-28,2025-02-28,2025-05-27,60,XLU,0.030004552352048578
strict,replay_strict_2025-02-28,2025-02-28,2025-08-21,120,QQQ,0.0988236933457195
strict,replay_strict_2025-02-28,2025-02-28,2025-08-21,120,SOXX,0.1470355871886121
strict,replay_strict_2025-02-28,2025-02-28,2025-08-21,120,XLI,0.09533078212697721
strict,replay_strict_2025-02-28,2025-02-28,2025-08-21,120,XLU,0.07944815376833592
strict,replay_strict_2025-03-31,2025-03-31,2025-04-29,20,QQQ,0.014312589612446195
strict,replay_strict_2025-03-31,2025-03-31,2025-04-29,20,SOXX,-0.02778764891286922
strict,replay_strict_2025-03-31,2025-03-31,2025-04-29,20,XLI,-0.005756508422664505
strict,replay_strict_2025-03-31,2025-03-31,2025-04-29,20,XLU,0.003092916984006047
strict,replay_strict_2025-03-31,2025-03-31,2025-06-26,60,QQQ,0.16603849857690067
strict,replay_strict_2025-03-31,2025-03-31,2025-06-26,60,SOXX,0.2743919546984349
strict,replay_strict_2025-03-31,2025-03-31,2025-06-26,60,XLI,0.10986370597243489
strict,replay_strict_2025-03-31,2025-03-31,2025-06-26,60,XLU,0.02721071337903014
strict,replay_strict_2025-03-31,2025-03-31,2025-09-22,120,QQQ,0.28579282672430384
strict,replay_strict_2025-03-31,2025-03-31,2025-09-22,120,SOXX,0.4387436828890433
strict,replay_strict_2025-03-31,2025-03-31,2025-09-22,120,XLI,0.1685160796324655
strict,replay_strict_2025-03-31,2025-03-31,2025-09-22,120,XLU,0.07842929677583121
strict,replay_strict_2025-03-31,2025-03-31,2025-04-29,20,QQQ,0.014312589612446195
strict,replay_strict_2025-03-31,2025-03-31,2025-04-29,20,SOXX,-0.02778764891286922
strict,replay_strict_2025-03-31,2025-03-31,2025-04-29,20,XLI,-0.005756508422664505
strict,replay_strict_2025-03-31,2025-03-31,2025-04-29,20,XLU,0.003092916984006047
strict,replay_strict_2025-03-31,2025-03-31,2025-06-26,60,QQQ,0.16603849857690067
strict,replay_strict_2025-03-31,2025-03-31,2025-06-26,60,SOXX,0.2743919546984349
strict,replay_strict_2025-03-31,2025-03-31,2025-06-26,60,XLI,0.10986370597243489
strict,replay_strict_2025-03-31,2025-03-31,2025-06-26,60,XLU,0.02721071337903014
strict,replay_strict_2025-03-31,2025-03-31,2025-09-22,120,QQQ,0.28579282672430384
strict,replay_strict_2025-03-31,2025-03-31,2025-09-22,120,SOXX,0.4387436828890433
strict,replay_strict_2025-03-31,2025-03-31,2025-09-22,120,XLI,0.1685160796324655
strict,replay_strict_2025-03-31,2025-03-31,2025-09-22,120,XLU,0.07842929677583121
strict,replay_strict_2025-03-31,2025-03-31,2025-04-29,20,QQQ,0.014312589612446195
strict,replay_strict_2025-03-31,2025-03-31,2025-04-29,20,SOXX,-0.02778764891286922
strict,replay_strict_2025-03-31,2025-03-31,2025-04-29,20,XLI,-0.005756508422664505
strict,replay_strict_2025-03-31,2025-03-31,2025-04-29,20,XLU,0.003092916984006047
strict,replay_strict_2025-03-31,2025-03-31,2025-06-26,60,QQQ,0.16603849857690067
strict,replay_strict_2025-03-31,2025-03-31,2025-06-26,60,SOXX,0.2743919546984349
strict,replay_strict_2025-03-31,2025-03-31,2025-06-26,60,XLI,0.10986370597243489
strict,replay_strict_2025-03-31,2025-03-31,2025-06-26,60,XLU,0.02721071337903014
strict,replay_strict_2025-03-31,2025-03-31,2025-09-22,120,QQQ,0.28579282672430384
strict,replay_strict_2025-03-31,2025-03-31,2025-09-22,120,SOXX,0.4387436828890433
strict,replay_strict_2025-03-31,2025-03-31,2025-09-22,120,XLI,0.1685160796324655
strict,replay_strict_2025-03-31,2025-03-31,2025-09-22,120,XLU,0.07842929677583121
strict,replay_strict_2025-03-31,2025-03-31,2025-04-29,20,QQQ,0.014312589612446195
strict,replay_strict_2025-03-31,2025-03-31,2025-04-29,20,SOXX,-0.02778764891286922
strict,replay_strict_2025-03-31,2025-03-31,2025-04-29,20,XLI,-0.005756508422664505
strict,replay_strict_2025-03-31,2025-03-31,2025-04-29,20,XLU,0.003092916984006047
strict,replay_strict_2025-03-31,2025-03-31,2025-06-26,60,QQQ,0.16603849857690067
strict,replay_strict_2025-03-31,2025-03-31,2025-06-26,60,SOXX,0.2743919546984349
strict,replay_strict_2025-03-31,2025-03-31,2025-06-26,60,XLI,0.10986370597243489
strict,replay_strict_2025-03-31,2025-03-31,2025-06-26,60,XLU,0.02721071337903014
strict,replay_strict_2025-03-31,2025-03-31,2025-09-22,120,QQQ,0.28579282672430384
strict,replay_strict_2025-03-31,2025-03-31,2025-09-22,120,SOXX,0.4387436828890433
strict,replay_strict_2025-03-31,2025-03-31,2025-09-22,120,XLI,0.1685160796324655
strict,replay_strict_2025-03-31,2025-03-31,2025-09-22,120,XLU,0.07842929677583121
strict,replay_strict_2025-04-30,2025-04-30,2025-05-29,20,QQQ,0.07254232065678201
strict,replay_strict_2025-04-30,2025-04-30,2025-05-29,20,SOXX,0.12399525452976701
strict,replay_strict_2025-04-30,2025-04-30,2025-05-29,20,XLI,0.07964118026320766
strict,replay_strict_2025-04-30,2025-04-30,2025-05-29,20,XLU,0.01847490396120655
strict,replay_strict_2025-04-30,2025-04-30,2025-07-28,60,QQQ,0.17204187604690124
strict,replay_strict_2025-04-30,2025-04-30,2025-07-28,60,SOXX,0.32330500431406384
strict,replay_strict_2025-04-30,2025-04-30,2025-07-28,60,XLI,0.16872981378237928
strict,replay_strict_2025-04-30,2025-04-30,2025-07-28,60,XLU,0.05021493796838594
strict,replay_strict_2025-04-30,2025-04-30,2025-10-21,120,QQQ,0.2611396281820625
strict,replay_strict_2025-04-30,2025-04-30,2025-10-21,120,SOXX,0.5679124245038828
strict,replay_strict_2025-04-30,2025-04-30,2025-10-21,120,XLI,0.17165013084537495
strict,replay_strict_2025-04-30,2025-04-30,2025-10-21,120,XLU,0.1381297940676366
strict,replay_strict_2025-04-30,2025-04-30,2025-05-29,20,QQQ,0.07254232065678201
strict,replay_strict_2025-04-30,2025-04-30,2025-05-29,20,SOXX,0.12399525452976701
strict,replay_strict_2025-04-30,2025-04-30,2025-05-29,20,XLI,0.07964118026320766
strict,replay_strict_2025-04-30,2025-04-30,2025-05-29,20,XLU,0.01847490396120655
strict,replay_strict_2025-04-30,2025-04-30,2025-07-28,60,QQQ,0.17204187604690124
strict,replay_strict_2025-04-30,2025-04-30,2025-07-28,60,SOXX,0.32330500431406384
strict,replay_strict_2025-04-30,2025-04-30,2025-07-28,60,XLI,0.16872981378237928
strict,replay_strict_2025-04-30,2025-04-30,2025-07-28,60,XLU,0.05021493796838594
strict,replay_strict_2025-04-30,2025-04-30,2025-10-21,120,QQQ,0.2611396281820625
strict,replay_strict_2025-04-30,2025-04-30,2025-10-21,120,SOXX,0.5679124245038828
strict,replay_strict_2025-04-30,2025-04-30,2025-10-21,120,XLI,0.17165013084537495
strict,replay_strict_2025-04-30,2025-04-30,2025-10-21,120,XLU,0.1381297940676366
strict,replay_strict_2025-04-30,2025-04-30,2025-05-29,20,QQQ,0.07254232065678201
strict,replay_strict_2025-04-30,2025-04-30,2025-05-29,20,SOXX,0.12399525452976701
strict,replay_strict_2025-04-30,2025-04-30,2025-05-29,20,XLI,0.07964118026320766
strict,replay_strict_2025-04-30,2025-04-30,2025-05-29,20,XLU,0.01847490396120655
strict,replay_strict_2025-04-30,2025-04-30,2025-07-28,60,QQQ,0.17204187604690124
strict,replay_strict_2025-04-30,2025-04-30,2025-07-28,60,SOXX,0.32330500431406384
strict,replay_strict_2025-04-30,2025-04-30,2025-07-28,60,XLI,0.16872981378237928
strict,replay_strict_2025-04-30,2025-04-30,2025-07-28,60,XLU,0.05021493796838594
strict,replay_strict_2025-04-30,2025-04-30,2025-10-21,120,QQQ,0.2611396281820625
strict,replay_strict_2025-04-30,2025-04-30,2025-10-21,120,SOXX,0.5679124245038828
strict,replay_strict_2025-04-30,2025-04-30,2025-10-21,120,XLI,0.17165013084537495
strict,replay_strict_2025-04-30,2025-04-30,2025-10-21,120,XLU,0.1381297940676366
strict,replay_strict_2025-04-30,2025-04-30,2025-05-29,20,QQQ,0.07254232065678201
strict,replay_strict_2025-04-30,2025-04-30,2025-05-29,20,SOXX,0.12399525452976701
strict,replay_strict_2025-04-30,2025-04-30,2025-05-29,20,XLI,0.07964118026320766
strict,replay_strict_2025-04-30,2025-04-30,2025-05-29,20,XLU,0.01847490396120655
strict,replay_strict_2025-04-30,2025-04-30,2025-07-28,60,QQQ,0.17204187604690124
strict,replay_strict_2025-04-30,2025-04-30,2025-07-28,60,SOXX,0.32330500431406384
strict,replay_strict_2025-04-30,2025-04-30,2025-07-28,60,XLI,0.16872981378237928
strict,replay_strict_2025-04-30,2025-04-30,2025-07-28,60,XLU,0.05021493796838594
strict,replay_strict_2025-04-30,2025-04-30,2025-10-21,120,QQQ,0.2611396281820625
strict,replay_strict_2025-04-30,2025-04-30,2025-10-21,120,SOXX,0.5679124245038828
strict,replay_strict_2025-04-30,2025-04-30,2025-10-21,120,XLI,0.17165013084537495
strict,replay_strict_2025-04-30,2025-04-30,2025-10-21,120,XLU,0.1381297940676366
strict,replay_strict_2025-05-30,2025-05-30,2025-06-30,20,QQQ,0.06287312322467209
strict,replay_strict_2025-05-30,2025-05-30,2025-06-30,20,SOXX,0.1645341495002811
strict,replay_strict_2025-05-30,2025-05-30,2025-06-30,20,XLI,0.031139502278303536
strict,replay_strict_2025-05-30,2025-05-30,2025-06-30,20,XLU,-0.002632397990442234
strict,replay_strict_2025-05-30,2025-05-30,2025-08-26,60,QQQ,0.1035486657262662
strict,replay_strict_2025-05-30,2025-05-30,2025-08-26,60,SOXX,0.2231075678713682
strict,replay_strict_2025-05-30,2025-05-30,2025-08-26,60,XLI,0.07081703470031553
strict,replay_strict_2025-05-30,2025-05-30,2025-08-26,60,XLU,0.04160237715966175
strict,replay_strict_2025-05-30,2025-05-30,2025-11-19,120,QQQ,0.15599209677107673
strict,replay_strict_2025-05-30,2025-05-30,2025-11-19,120,SOXX,0.3730476993377806
strict,replay_strict_2025-05-30,2025-05-30,2025-11-19,120,XLI,0.05097826848930931
strict,replay_strict_2025-05-30,2025-05-30,2025-11-19,120,XLU,0.08111959318710926
strict,replay_strict_2025-05-30,2025-05-30,2025-06-30,20,QQQ,0.06287312322467209
strict,replay_strict_2025-05-30,2025-05-30,2025-06-30,20,SOXX,0.1645341495002811
strict,replay_strict_2025-05-30,2025-05-30,2025-06-30,20,XLI,0.031139502278303536
strict,replay_strict_2025-05-30,2025-05-30,2025-06-30,20,XLU,-0.002632397990442234
strict,replay_strict_2025-05-30,2025-05-30,2025-08-26,60,QQQ,0.1035486657262662
strict,replay_strict_2025-05-30,2025-05-30,2025-08-26,60,SOXX,0.2231075678713682
strict,replay_strict_2025-05-30,2025-05-30,2025-08-26,60,XLI,0.07081703470031553
strict,replay_strict_2025-05-30,2025-05-30,2025-08-26,60,XLU,0.04160237715966175
strict,replay_strict_2025-05-30,2025-05-30,2025-11-19,120,QQQ,0.15599209677107673
strict,replay_strict_2025-05-30,2025-05-30,2025-11-19,120,SOXX,0.3730476993377806
strict,replay_strict_2025-05-30,2025-05-30,2025-11-19,120,XLI,0.05097826848930931
strict,replay_strict_2025-05-30,2025-05-30,2025-11-19,120,XLU,0.08111959318710926
strict,replay_strict_2025-05-30,2025-05-30,2025-06-30,20,QQQ,0.06287312322467209
strict,replay_strict_2025-05-30,2025-05-30,2025-06-30,20,SOXX,0.1645341495002811
strict,replay_strict_2025-05-30,2025-05-30,2025-06-30,20,XLI,0.031139502278303536
strict,replay_strict_2025-05-30,2025-05-30,2025-06-30,20,XLU,-0.002632397990442234
strict,replay_strict_2025-05-30,2025-05-30,2025-08-26,60,QQQ,0.1035486657262662
strict,replay_strict_2025-05-30,2025-05-30,2025-08-26,60,SOXX,0.2231075678713682
strict,replay_strict_2025-05-30,2025-05-30,2025-08-26,60,XLI,0.07081703470031553
strict,replay_strict_2025-05-30,2025-05-30,2025-08-26,60,XLU,0.04160237715966175
strict,replay_strict_2025-05-30,2025-05-30,2025-11-19,120,QQQ,0.15599209677107673
strict,replay_strict_2025-05-30,2025-05-30,2025-11-19,120,SOXX,0.3730476993377806
strict,replay_strict_2025-05-30,2025-05-30,2025-11-19,120,XLI,0.05097826848930931
strict,replay_strict_2025-05-30,2025-05-30,2025-11-19,120,XLU,0.08111959318710926
strict,replay_strict_2025-05-30,2025-05-30,2025-06-30,20,QQQ,0.06287312322467209
strict,replay_strict_2025-05-30,2025-05-30,2025-06-30,20,SOXX,0.1645341495002811
strict,replay_strict_2025-05-30,2025-05-30,2025-06-30,20,XLI,0.031139502278303536
strict,replay_strict_2025-05-30,2025-05-30,2025-06-30,20,XLU,-0.002632397990442234
strict,replay_strict_2025-05-30,2025-05-30,2025-08-26,60,QQQ,0.1035486657262662
strict,replay_strict_2025-05-30,2025-05-30,2025-08-26,60,SOXX,0.2231075678713682
strict,replay_strict_2025-05-30,2025-05-30,2025-08-26,60,XLI,0.07081703470031553
strict,replay_strict_2025-05-30,2025-05-30,2025-08-26,60,XLU,0.04160237715966175
strict,replay_strict_2025-05-30,2025-05-30,2025-11-19,120,QQQ,0.15599209677107673
strict,replay_strict_2025-05-30,2025-05-30,2025-11-19,120,SOXX,0.3730476993377806
strict,replay_strict_2025-05-30,2025-05-30,2025-11-19,120,XLI,0.05097826848930931
strict,replay_strict_2025-05-30,2025-05-30,2025-11-19,120,XLU,0.08111959318710926
strict,replay_strict_2025-06-30,2025-06-30,2025-07-29,20,QQQ,0.028923601637107613
strict,replay_strict_2025-06-30,2025-06-30,2025-07-29,20,SOXX,0.037141975830304985
strict,replay_strict_2025-06-30,2025-06-30,2025-07-29,20,XLI,0.036118307367848046
strict,replay_strict_2025-06-30,2025-06-30,2025-07-29,20,XLU,0.03224229074889873
strict,replay_strict_2025-06-30,2025-06-30,2025-09-24,60,QQQ,0.08112914961346063
strict,replay_strict_2025-06-30,2025-06-30,2025-09-24,60,SOXX,0.13411653849404226
strict,replay_strict_2025-06-30,2025-06-30,2025-09-24,60,XLI,0.032580651745016564
strict,replay_strict_2025-06-30,2025-06-30,2025-09-24,60,XLU,0.05255555555555558
strict,replay_strict_2025-06-30,2025-06-30,2025-12-18,120,QQQ,0.10504911323328792
strict,replay_strict_2025-06-30,2025-06-30,2025-12-18,120,SOXX,0.23134462942618106
strict,replay_strict_2025-06-30,2025-06-30,2025-12-18,120,XLI,0.04802387917545403
strict,replay_strict_2025-06-30,2025-06-30,2025-12-18,120,XLU,0.0540239843367597
strict,replay_strict_2025-06-30,2025-06-30,2025-07-29,20,QQQ,0.028923601637107613
strict,replay_strict_2025-06-30,2025-06-30,2025-07-29,20,SOXX,0.037141975830304985
strict,replay_strict_2025-06-30,2025-06-30,2025-07-29,20,XLI,0.036118307367848046
strict,replay_strict_2025-06-30,2025-06-30,2025-07-29,20,XLU,0.03224229074889873
strict,replay_strict_2025-06-30,2025-06-30,2025-09-24,60,QQQ,0.08112914961346063
strict,replay_strict_2025-06-30,2025-06-30,2025-09-24,60,SOXX,0.13411653849404226
strict,replay_strict_2025-06-30,2025-06-30,2025-09-24,60,XLI,0.032580651745016564
strict,replay_strict_2025-06-30,2025-06-30,2025-09-24,60,XLU,0.05255555555555558
strict,replay_strict_2025-06-30,2025-06-30,2025-12-18,120,QQQ,0.10504911323328792
strict,replay_strict_2025-06-30,2025-06-30,2025-12-18,120,SOXX,0.23134462942618106
strict,replay_strict_2025-06-30,2025-06-30,2025-12-18,120,XLI,0.04802387917545403
strict,replay_strict_2025-06-30,2025-06-30,2025-12-18,120,XLU,0.0540239843367597
strict,replay_strict_2025-06-30,2025-06-30,2025-07-29,20,QQQ,0.028923601637107613
strict,replay_strict_2025-06-30,2025-06-30,2025-07-29,20,SOXX,0.037141975830304985
strict,replay_strict_2025-06-30,2025-06-30,2025-07-29,20,XLI,0.036118307367848046
strict,replay_strict_2025-06-30,2025-06-30,2025-07-29,20,XLU,0.03224229074889873
strict,replay_strict_2025-06-30,2025-06-30,2025-09-24,60,QQQ,0.08112914961346063
strict,replay_strict_2025-06-30,2025-06-30,2025-09-24,60,SOXX,0.13411653849404226
strict,replay_strict_2025-06-30,2025-06-30,2025-09-24,60,XLI,0.032580651745016564
strict,replay_strict_2025-06-30,2025-06-30,2025-09-24,60,XLU,0.05255555555555558
strict,replay_strict_2025-06-30,2025-06-30,2025-12-18,120,QQQ,0.10504911323328792
strict,replay_strict_2025-06-30,2025-06-30,2025-12-18,120,SOXX,0.23134462942618106
strict,replay_strict_2025-06-30,2025-06-30,2025-12-18,120,XLI,0.04802387917545403
strict,replay_strict_2025-06-30,2025-06-30,2025-12-18,120,XLU,0.0540239843367597
strict,replay_strict_2025-06-30,2025-06-30,2025-07-29,20,QQQ,0.028923601637107613
strict,replay_strict_2025-06-30,2025-06-30,2025-07-29,20,SOXX,0.037141975830304985
strict,replay_strict_2025-06-30,2025-06-30,2025-07-29,20,XLI,0.036118307367848046
strict,replay_strict_2025-06-30,2025-06-30,2025-07-29,20,XLU,0.03224229074889873
strict,replay_strict_2025-06-30,2025-06-30,2025-09-24,60,QQQ,0.08112914961346063
strict,replay_strict_2025-06-30,2025-06-30,2025-09-24,60,SOXX,0.13411653849404226
strict,replay_strict_2025-06-30,2025-06-30,2025-09-24,60,XLI,0.032580651745016564
strict,replay_strict_2025-06-30,2025-06-30,2025-09-24,60,XLU,0.05255555555555558
strict,replay_strict_2025-06-30,2025-06-30,2025-12-18,120,QQQ,0.10504911323328792
strict,replay_strict_2025-06-30,2025-06-30,2025-12-18,120,SOXX,0.23134462942618106
strict,replay_strict_2025-06-30,2025-06-30,2025-12-18,120,XLI,0.04802387917545403
strict,replay_strict_2025-06-30,2025-06-30,2025-12-18,120,XLU,0.0540239843367597
strict,replay_strict_2025-07-31,2025-07-31,2025-08-28,20,QQQ,0.02980713058419238
strict,replay_strict_2025-07-31,2025-07-31,2025-08-28,20,SOXX,0.0711882668140934
strict,replay_strict_2025-07-31,2025-07-31,2025-08-28,20,XLI,0.020041781986728572
strict,replay_strict_2025-07-31,2025-07-31,2025-08-28,20,XLU,-0.014041654495530628
strict,replay_strict_2025-07-31,2025-07-31,2025-10-24,60,QQQ,0.1012561569301259
strict,replay_strict_2025-07-31,2025-07-31,2025-10-24,60,SOXX,0.25541502051925413
strict,replay_strict_2025-07-31,2025-07-31,2025-10-24,60,XLI,0.02991206775817801
strict,replay_strict_2025-07-31,2025-07-31,2025-10-24,60,XLU,0.06453519892504522
strict,replay_strict_2025-07-31,2025-07-31,2026-01-22,120,QQQ,0.10812900916380286
strict,replay_strict_2025-07-31,2025-07-31,2026-01-22,120,SOXX,0.4792768929809267
strict,replay_strict_2025-07-31,2025-07-31,2026-01-22,120,XLI,0.10047127280002688
strict,replay_strict_2025-07-31,2025-07-31,2026-01-22,120,XLU,-0.004811065023076375
strict,replay_strict_2025-07-31,2025-07-31,2025-08-28,20,QQQ,0.02980713058419238
strict,replay_strict_2025-07-31,2025-07-31,2025-08-28,20,SOXX,0.0711882668140934
strict,replay_strict_2025-07-31,2025-07-31,2025-08-28,20,XLI,0.020041781986728572
strict,replay_strict_2025-07-31,2025-07-31,2025-08-28,20,XLU,-0.014041654495530628
strict,replay_strict_2025-07-31,2025-07-31,2025-10-24,60,QQQ,0.1012561569301259
strict,replay_strict_2025-07-31,2025-07-31,2025-10-24,60,SOXX,0.25541502051925413
strict,replay_strict_2025-07-31,2025-07-31,2025-10-24,60,XLI,0.02991206775817801
strict,replay_strict_2025-07-31,2025-07-31,2025-10-24,60,XLU,0.06453519892504522
strict,replay_strict_2025-07-31,2025-07-31,2026-01-22,120,QQQ,0.10812900916380286
strict,replay_strict_2025-07-31,2025-07-31,2026-01-22,120,SOXX,0.4792768929809267
strict,replay_strict_2025-07-31,2025-07-31,2026-01-22,120,XLI,0.10047127280002688
strict,replay_strict_2025-07-31,2025-07-31,2026-01-22,120,XLU,-0.004811065023076375
strict,replay_strict_2025-07-31,2025-07-31,2025-08-28,20,QQQ,0.02980713058419238
strict,replay_strict_2025-07-31,2025-07-31,2025-08-28,20,SOXX,0.0711882668140934
strict,replay_strict_2025-07-31,2025-07-31,2025-08-28,20,XLI,0.020041781986728572
strict,replay_strict_2025-07-31,2025-07-31,2025-08-28,20,XLU,-0.014041654495530628
strict,replay_strict_2025-07-31,2025-07-31,2025-10-24,60,QQQ,0.1012561569301259
strict,replay_strict_2025-07-31,2025-07-31,2025-10-24,60,SOXX,0.25541502051925413
strict,replay_strict_2025-07-31,2025-07-31,2025-10-24,60,XLI,0.02991206775817801
strict,replay_strict_2025-07-31,2025-07-31,2025-10-24,60,XLU,0.06453519892504522
strict,replay_strict_2025-07-31,2025-07-31,2026-01-22,120,QQQ,0.10812900916380286
strict,replay_strict_2025-07-31,2025-07-31,2026-01-22,120,SOXX,0.4792768929809267
strict,replay_strict_2025-07-31,2025-07-31,2026-01-22,120,XLI,0.10047127280002688
strict,replay_strict_2025-07-31,2025-07-31,2026-01-22,120,XLU,-0.004811065023076375
strict,replay_strict_2025-07-31,2025-07-31,2025-08-28,20,QQQ,0.02980713058419238
strict,replay_strict_2025-07-31,2025-07-31,2025-08-28,20,SOXX,0.0711882668140934
strict,replay_strict_2025-07-31,2025-07-31,2025-08-28,20,XLI,0.020041781986728572
strict,replay_strict_2025-07-31,2025-07-31,2025-08-28,20,XLU,-0.014041654495530628
strict,replay_strict_2025-07-31,2025-07-31,2025-10-24,60,QQQ,0.1012561569301259
strict,replay_strict_2025-07-31,2025-07-31,2025-10-24,60,SOXX,0.25541502051925413
strict,replay_strict_2025-07-31,2025-07-31,2025-10-24,60,XLI,0.02991206775817801
strict,replay_strict_2025-07-31,2025-07-31,2025-10-24,60,XLU,0.06453519892504522
strict,replay_strict_2025-07-31,2025-07-31,2026-01-22,120,QQQ,0.10812900916380286
strict,replay_strict_2025-07-31,2025-07-31,2026-01-22,120,SOXX,0.4792768929809267
strict,replay_strict_2025-07-31,2025-07-31,2026-01-22,120,XLI,0.10047127280002688
strict,replay_strict_2025-07-31,2025-07-31,2026-01-22,120,XLU,-0.004811065023076375
strict,replay_strict_2025-08-29,2025-08-29,2025-09-29,20,QQQ,0.06374861051731517
strict,replay_strict_2025-08-29,2025-08-29,2025-09-29,20,SOXX,0.12365731101941646
strict,replay_strict_2025-08-29,2025-08-29,2025-09-29,20,XLI,0.01472000398949425
strict,replay_strict_2025-08-29,2025-08-29,2025-09-29,20,XLU,0.03416940671908508
strict,replay_strict_2025-08-29,2025-08-29,2025-11-24,60,QQQ,0.07534544677212496
strict,replay_strict_2025-08-29,2025-08-29,2025-11-24,60,SOXX,0.18150872379196936
strict,replay_strict_2025-08-29,2025-08-29,2025-11-24,60,XLI,-0.005626417101632472
strict,replay_strict_2025-08-29,2025-08-29,2025-11-24,60,XLU,0.05871074577078883
strict,replay_strict_2025-08-29,2025-08-29,2026-02-23,120,QQQ,0.06839803334758454
strict,replay_strict_2025-08-29,2025-08-29,2026-02-23,120,SOXX,0.49305177722388616
strict,replay_strict_2025-08-29,2025-08-29,2026-02-23,120,XLI,0.15960513979853042
strict,replay_strict_2025-08-29,2025-08-29,2026-02-23,120,XLU,0.10922301644031462
strict,replay_strict_2025-08-29,2025-08-29,2025-09-29,20,QQQ,0.06374861051731517
strict,replay_strict_2025-08-29,2025-08-29,2025-09-29,20,SOXX,0.12365731101941646
strict,replay_strict_2025-08-29,2025-08-29,2025-09-29,20,XLI,0.01472000398949425
strict,replay_strict_2025-08-29,2025-08-29,2025-09-29,20,XLU,0.03416940671908508
strict,replay_strict_2025-08-29,2025-08-29,2025-11-24,60,QQQ,0.07534544677212496
strict,replay_strict_2025-08-29,2025-08-29,2025-11-24,60,SOXX,0.18150872379196936
strict,replay_strict_2025-08-29,2025-08-29,2025-11-24,60,XLI,-0.005626417101632472
strict,replay_strict_2025-08-29,2025-08-29,2025-11-24,60,XLU,0.05871074577078883
strict,replay_strict_2025-08-29,2025-08-29,2026-02-23,120,QQQ,0.06839803334758454
strict,replay_strict_2025-08-29,2025-08-29,2026-02-23,120,SOXX,0.49305177722388616
strict,replay_strict_2025-08-29,2025-08-29,2026-02-23,120,XLI,0.15960513979853042
strict,replay_strict_2025-08-29,2025-08-29,2026-02-23,120,XLU,0.10922301644031462
strict,replay_strict_2025-08-29,2025-08-29,2025-09-29,20,QQQ,0.06374861051731517
strict,replay_strict_2025-08-29,2025-08-29,2025-09-29,20,SOXX,0.12365731101941646
strict,replay_strict_2025-08-29,2025-08-29,2025-09-29,20,XLI,0.01472000398949425
strict,replay_strict_2025-08-29,2025-08-29,2025-09-29,20,XLU,0.03416940671908508
strict,replay_strict_2025-08-29,2025-08-29,2025-11-24,60,QQQ,0.07534544677212496
strict,replay_strict_2025-08-29,2025-08-29,2025-11-24,60,SOXX,0.18150872379196936
strict,replay_strict_2025-08-29,2025-08-29,2025-11-24,60,XLI,-0.005626417101632472
strict,replay_strict_2025-08-29,2025-08-29,2025-11-24,60,XLU,0.05871074577078883
strict,replay_strict_2025-08-29,2025-08-29,2026-02-23,120,QQQ,0.06839803334758454
strict,replay_strict_2025-08-29,2025-08-29,2026-02-23,120,SOXX,0.49305177722388616
strict,replay_strict_2025-08-29,2025-08-29,2026-02-23,120,XLI,0.15960513979853042
strict,replay_strict_2025-08-29,2025-08-29,2026-02-23,120,XLU,0.10922301644031462
strict,replay_strict_2025-08-29,2025-08-29,2025-09-29,20,QQQ,0.06374861051731517
strict,replay_strict_2025-08-29,2025-08-29,2025-09-29,20,SOXX,0.12365731101941646
strict,replay_strict_2025-08-29,2025-08-29,2025-09-29,20,XLI,0.01472000398949425
strict,replay_strict_2025-08-29,2025-08-29,2025-09-29,20,XLU,0.03416940671908508
strict,replay_strict_2025-08-29,2025-08-29,2025-11-24,60,QQQ,0.07534544677212496
strict,replay_strict_2025-08-29,2025-08-29,2025-11-24,60,SOXX,0.18150872379196936
strict,replay_strict_2025-08-29,2025-08-29,2025-11-24,60,XLI,-0.005626417101632472
strict,replay_strict_2025-08-29,2025-08-29,2025-11-24,60,XLU,0.05871074577078883
strict,replay_strict_2025-08-29,2025-08-29,2026-02-23,120,QQQ,0.06839803334758454
strict,replay_strict_2025-08-29,2025-08-29,2026-02-23,120,SOXX,0.49305177722388616
strict,replay_strict_2025-08-29,2025-08-29,2026-02-23,120,XLI,0.15960513979853042
strict,replay_strict_2025-08-29,2025-08-29,2026-02-23,120,XLU,0.10922301644031462
strict,replay_strict_2025-09-30,2025-09-30,2025-10-28,20,QQQ,0.056689247563875056
strict,replay_strict_2025-09-30,2025-09-30,2025-10-28,20,SOXX,0.12723463023463022
strict,replay_strict_2025-09-30,2025-09-30,2025-10-28,20,XLI,0.004982276089010476
strict,replay_strict_2025-09-30,2025-09-30,2025-10-28,20,XLU,0.02841451132982387
strict,replay_strict_2025-09-30,2025-09-30,2025-12-24,60,QQQ,0.04170414894685737
strict,replay_strict_2025-09-30,2025-09-30,2025-12-24,60,SOXX,0.13341594891594888
strict,replay_strict_2025-09-30,2025-09-30,2025-12-24,60,XLI,0.02316231714071593
strict,replay_strict_2025-09-30,2025-09-30,2025-12-24,60,XLU,-0.02291302357518876
strict,replay_strict_2025-09-30,2025-09-30,2026-03-24,120,QQQ,-0.025335331346482356
strict,replay_strict_2025-09-30,2025-09-30,2026-03-24,120,SOXX,0.2630565785565785
strict,replay_strict_2025-09-30,2025-09-30,2026-03-24,120,XLI,0.0656475743654904
strict,replay_strict_2025-09-30,2025-09-30,2026-03-24,120,XLU,0.02927283131151304
strict,replay_strict_2025-09-30,2025-09-30,2025-10-28,20,QQQ,0.056689247563875056
strict,replay_strict_2025-09-30,2025-09-30,2025-10-28,20,SOXX,0.12723463023463022
strict,replay_strict_2025-09-30,2025-09-30,2025-10-28,20,XLI,0.004982276089010476
strict,replay_strict_2025-09-30,2025-09-30,2025-10-28,20,XLU,0.02841451132982387
strict,replay_strict_2025-09-30,2025-09-30,2025-12-24,60,QQQ,0.04170414894685737
strict,replay_strict_2025-09-30,2025-09-30,2025-12-24,60,SOXX,0.13341594891594888
strict,replay_strict_2025-09-30,2025-09-30,2025-12-24,60,XLI,0.02316231714071593
strict,replay_strict_2025-09-30,2025-09-30,2025-12-24,60,XLU,-0.02291302357518876
strict,replay_strict_2025-09-30,2025-09-30,2026-03-24,120,QQQ,-0.025335331346482356
strict,replay_strict_2025-09-30,2025-09-30,2026-03-24,120,SOXX,0.2630565785565785
strict,replay_strict_2025-09-30,2025-09-30,2026-03-24,120,XLI,0.0656475743654904
strict,replay_strict_2025-09-30,2025-09-30,2026-03-24,120,XLU,0.02927283131151304
strict,replay_strict_2025-09-30,2025-09-30,2025-10-28,20,QQQ,0.056689247563875056
strict,replay_strict_2025-09-30,2025-09-30,2025-10-28,20,SOXX,0.12723463023463022
strict,replay_strict_2025-09-30,2025-09-30,2025-10-28,20,XLI,0.004982276089010476
strict,replay_strict_2025-09-30,2025-09-30,2025-10-28,20,XLU,0.02841451132982387
strict,replay_strict_2025-09-30,2025-09-30,2025-12-24,60,QQQ,0.04170414894685737
strict,replay_strict_2025-09-30,2025-09-30,2025-12-24,60,SOXX,0.13341594891594888
strict,replay_strict_2025-09-30,2025-09-30,2025-12-24,60,XLI,0.02316231714071593
strict,replay_strict_2025-09-30,2025-09-30,2025-12-24,60,XLU,-0.02291302357518876
strict,replay_strict_2025-09-30,2025-09-30,2026-03-24,120,QQQ,-0.025335331346482356
strict,replay_strict_2025-09-30,2025-09-30,2026-03-24,120,SOXX,0.2630565785565785
strict,replay_strict_2025-09-30,2025-09-30,2026-03-24,120,XLI,0.0656475743654904
strict,replay_strict_2025-09-30,2025-09-30,2026-03-24,120,XLU,0.02927283131151304
strict,replay_strict_2025-09-30,2025-09-30,2025-10-28,20,QQQ,0.056689247563875056
strict,replay_strict_2025-09-30,2025-09-30,2025-10-28,20,SOXX,0.12723463023463022
strict,replay_strict_2025-09-30,2025-09-30,2025-10-28,20,XLI,0.004982276089010476
strict,replay_strict_2025-09-30,2025-09-30,2025-10-28,20,XLU,0.02841451132982387
strict,replay_strict_2025-09-30,2025-09-30,2025-12-24,60,QQQ,0.04170414894685737
strict,replay_strict_2025-09-30,2025-09-30,2025-12-24,60,SOXX,0.13341594891594888
strict,replay_strict_2025-09-30,2025-09-30,2025-12-24,60,XLI,0.02316231714071593
strict,replay_strict_2025-09-30,2025-09-30,2025-12-24,60,XLU,-0.02291302357518876
strict,replay_strict_2025-09-30,2025-09-30,2026-03-24,120,QQQ,-0.025335331346482356
strict,replay_strict_2025-09-30,2025-09-30,2026-03-24,120,SOXX,0.2630565785565785
strict,replay_strict_2025-09-30,2025-09-30,2026-03-24,120,XLI,0.0656475743654904
strict,replay_strict_2025-09-30,2025-09-30,2026-03-24,120,XLU,0.02927283131151304
strict,replay_strict_2025-10-31,2025-10-31,2025-12-01,20,QQQ,-0.03130470853076839
strict,replay_strict_2025-10-31,2025-10-31,2025-12-01,20,SOXX,-0.049021339503792394
strict,replay_strict_2025-10-31,2025-10-31,2025-12-01,20,XLI,-0.02482334710743794
strict,replay_strict_2025-10-31,2025-10-31,2025-12-01,20,XLU,-0.00844790789104188
strict,replay_strict_2025-10-31,2025-10-31,2026-01-29,60,QQQ,-0.01224074744580705
strict,replay_strict_2025-10-31,2025-10-31,2026-01-29,60,SOXX,0.1573676565111196
strict,replay_strict_2025-10-31,2025-10-31,2026-01-29,60,XLI,0.06763533057851234
strict,replay_strict_2025-10-31,2025-10-31,2026-01-29,60,XLU,-0.029677899466442056
strict,replay_strict_2025-10-31,2025-10-31,2026-04-27,120,QQQ,0.0427314673425373
strict,replay_strict_2025-10-31,2025-10-31,2026-04-27,120,SOXX,0.4611020696747653
strict,replay_strict_2025-10-31,2025-10-31,2026-04-27,120,XLI,0.11063636363636353
strict,replay_strict_2025-10-31,2025-10-31,2026-04-27,120,XLU,0.03446138725077208
strict,replay_strict_2025-10-31,2025-10-31,2025-12-01,20,QQQ,-0.03130470853076839
strict,replay_strict_2025-10-31,2025-10-31,2025-12-01,20,SOXX,-0.049021339503792394
strict,replay_strict_2025-10-31,2025-10-31,2025-12-01,20,XLI,-0.02482334710743794
strict,replay_strict_2025-10-31,2025-10-31,2025-12-01,20,XLU,-0.00844790789104188
strict,replay_strict_2025-10-31,2025-10-31,2026-01-29,60,QQQ,-0.01224074744580705
strict,replay_strict_2025-10-31,2025-10-31,2026-01-29,60,SOXX,0.1573676565111196
strict,replay_strict_2025-10-31,2025-10-31,2026-01-29,60,XLI,0.06763533057851234
strict,replay_strict_2025-10-31,2025-10-31,2026-01-29,60,XLU,-0.029677899466442056
strict,replay_strict_2025-10-31,2025-10-31,2026-04-27,120,QQQ,0.0427314673425373
strict,replay_strict_2025-10-31,2025-10-31,2026-04-27,120,SOXX,0.4611020696747653
strict,replay_strict_2025-10-31,2025-10-31,2026-04-27,120,XLI,0.11063636363636353
strict,replay_strict_2025-10-31,2025-10-31,2026-04-27,120,XLU,0.03446138725077208
strict,replay_strict_2025-10-31,2025-10-31,2025-12-01,20,QQQ,-0.03130470853076839
strict,replay_strict_2025-10-31,2025-10-31,2025-12-01,20,SOXX,-0.049021339503792394
strict,replay_strict_2025-10-31,2025-10-31,2025-12-01,20,XLI,-0.02482334710743794
strict,replay_strict_2025-10-31,2025-10-31,2025-12-01,20,XLU,-0.00844790789104188
strict,replay_strict_2025-10-31,2025-10-31,2026-01-29,60,QQQ,-0.01224074744580705
strict,replay_strict_2025-10-31,2025-10-31,2026-01-29,60,SOXX,0.1573676565111196
strict,replay_strict_2025-10-31,2025-10-31,2026-01-29,60,XLI,0.06763533057851234
strict,replay_strict_2025-10-31,2025-10-31,2026-01-29,60,XLU,-0.029677899466442056
strict,replay_strict_2025-10-31,2025-10-31,2026-04-27,120,QQQ,0.0427314673425373
strict,replay_strict_2025-10-31,2025-10-31,2026-04-27,120,SOXX,0.4611020696747653
strict,replay_strict_2025-10-31,2025-10-31,2026-04-27,120,XLI,0.11063636363636353
strict,replay_strict_2025-10-31,2025-10-31,2026-04-27,120,XLU,0.03446138725077208
strict,replay_strict_2025-10-31,2025-10-31,2025-12-01,20,QQQ,-0.03130470853076839
strict,replay_strict_2025-10-31,2025-10-31,2025-12-01,20,SOXX,-0.049021339503792394
strict,replay_strict_2025-10-31,2025-10-31,2025-12-01,20,XLI,-0.02482334710743794
strict,replay_strict_2025-10-31,2025-10-31,2025-12-01,20,XLU,-0.00844790789104188
strict,replay_strict_2025-10-31,2025-10-31,2026-01-29,60,QQQ,-0.01224074744580705
strict,replay_strict_2025-10-31,2025-10-31,2026-01-29,60,SOXX,0.1573676565111196
strict,replay_strict_2025-10-31,2025-10-31,2026-01-29,60,XLI,0.06763533057851234
strict,replay_strict_2025-10-31,2025-10-31,2026-01-29,60,XLU,-0.029677899466442056
strict,replay_strict_2025-10-31,2025-10-31,2026-04-27,120,QQQ,0.0427314673425373
strict,replay_strict_2025-10-31,2025-10-31,2026-04-27,120,SOXX,0.4611020696747653
strict,replay_strict_2025-10-31,2025-10-31,2026-04-27,120,XLI,0.11063636363636353
strict,replay_strict_2025-10-31,2025-10-31,2026-04-27,120,XLU,0.03446138725077208
strict,replay_strict_2025-11-28,2025-11-28,2025-12-29,20,QQQ,0.008707674759654508
strict,replay_strict_2025-11-28,2025-11-28,2025-12-29,20,SOXX,0.039202085359818395
strict,replay_strict_2025-11-28,2025-11-28,2025-12-29,20,XLI,0.02555644077243391
strict,replay_strict_2025-11-28,2025-11-28,2025-12-29,20,XLU,-0.05033333333333334
strict,replay_strict_2025-11-28,2025-11-28,2026-02-26,60,QQQ,-0.010251099885937861
strict,replay_strict_2025-11-28,2025-11-28,2026-02-26,60,SOXX,0.2143586579975768
strict,replay_strict_2025-11-28,2025-11-28,2026-02-26,60,XLI,0.1555193928067934
strict,replay_strict_2025-11-28,2025-11-28,2026-02-26,60,XLU,0.04499999999999982
strict,replay_strict_2025-11-28,2025-11-28,2026-05-22,120,QQQ,0.16612172071044473
strict,replay_strict_2025-11-28,2025-11-28,2026-05-22,120,SOXX,0.829966432874281
strict,replay_strict_2025-11-28,2025-11-28,2026-05-22,120,XLI,0.12306144060850455
strict,replay_strict_2025-11-28,2025-11-28,2026-05-22,120,XLU,0.004777777777777883
strict,replay_strict_2025-11-28,2025-11-28,2025-12-29,20,QQQ,0.008707674759654508
strict,replay_strict_2025-11-28,2025-11-28,2025-12-29,20,SOXX,0.039202085359818395
strict,replay_strict_2025-11-28,2025-11-28,2025-12-29,20,XLI,0.02555644077243391
strict,replay_strict_2025-11-28,2025-11-28,2025-12-29,20,XLU,-0.05033333333333334
strict,replay_strict_2025-11-28,2025-11-28,2026-02-26,60,QQQ,-0.010251099885937861
strict,replay_strict_2025-11-28,2025-11-28,2026-02-26,60,SOXX,0.2143586579975768
strict,replay_strict_2025-11-28,2025-11-28,2026-02-26,60,XLI,0.1555193928067934
strict,replay_strict_2025-11-28,2025-11-28,2026-02-26,60,XLU,0.04499999999999982
strict,replay_strict_2025-11-28,2025-11-28,2026-05-22,120,QQQ,0.16612172071044473
strict,replay_strict_2025-11-28,2025-11-28,2026-05-22,120,SOXX,0.829966432874281
strict,replay_strict_2025-11-28,2025-11-28,2026-05-22,120,XLI,0.12306144060850455
strict,replay_strict_2025-11-28,2025-11-28,2026-05-22,120,XLU,0.004777777777777883
strict,replay_strict_2025-11-28,2025-11-28,2025-12-29,20,QQQ,0.008707674759654508
strict,replay_strict_2025-11-28,2025-11-28,2025-12-29,20,SOXX,0.039202085359818395
strict,replay_strict_2025-11-28,2025-11-28,2025-12-29,20,XLI,0.02555644077243391
strict,replay_strict_2025-11-28,2025-11-28,2025-12-29,20,XLU,-0.05033333333333334
strict,replay_strict_2025-11-28,2025-11-28,2026-02-26,60,QQQ,-0.010251099885937861
strict,replay_strict_2025-11-28,2025-11-28,2026-02-26,60,SOXX,0.2143586579975768
strict,replay_strict_2025-11-28,2025-11-28,2026-02-26,60,XLI,0.1555193928067934
strict,replay_strict_2025-11-28,2025-11-28,2026-02-26,60,XLU,0.04499999999999982
strict,replay_strict_2025-11-28,2025-11-28,2026-05-22,120,QQQ,0.16612172071044473
strict,replay_strict_2025-11-28,2025-11-28,2026-05-22,120,SOXX,0.829966432874281
strict,replay_strict_2025-11-28,2025-11-28,2026-05-22,120,XLI,0.12306144060850455
strict,replay_strict_2025-11-28,2025-11-28,2026-05-22,120,XLU,0.004777777777777883
strict,replay_strict_2025-11-28,2025-11-28,2025-12-29,20,QQQ,0.008707674759654508
strict,replay_strict_2025-11-28,2025-11-28,2025-12-29,20,SOXX,0.039202085359818395
strict,replay_strict_2025-11-28,2025-11-28,2025-12-29,20,XLI,0.02555644077243391
strict,replay_strict_2025-11-28,2025-11-28,2025-12-29,20,XLU,-0.05033333333333334
strict,replay_strict_2025-11-28,2025-11-28,2026-02-26,60,QQQ,-0.010251099885937861
strict,replay_strict_2025-11-28,2025-11-28,2026-02-26,60,SOXX,0.2143586579975768
strict,replay_strict_2025-11-28,2025-11-28,2026-02-26,60,XLI,0.1555193928067934
strict,replay_strict_2025-11-28,2025-11-28,2026-02-26,60,XLU,0.04499999999999982
strict,replay_strict_2025-11-28,2025-11-28,2026-05-22,120,QQQ,0.16612172071044473
strict,replay_strict_2025-11-28,2025-11-28,2026-05-22,120,SOXX,0.829966432874281
strict,replay_strict_2025-11-28,2025-11-28,2026-05-22,120,XLI,0.12306144060850455
strict,replay_strict_2025-11-28,2025-11-28,2026-05-22,120,XLU,0.004777777777777883
strict,replay_strict_2025-12-31,2025-12-31,2026-01-30,20,QQQ,-0.00024193548387085612
strict,replay_strict_2025-12-31,2025-12-31,2026-01-30,20,SOXX,0.11886745719330649
strict,replay_strict_2025-12-31,2025-12-31,2026-01-30,20,XLI,0.060243139019217185
strict,replay_strict_2025-12-31,2025-12-31,2026-01-30,20,XLU,0.0071576182136602355
strict,replay_strict_2025-12-31,2025-12-31,2026-03-30,60,QQQ,-0.10254838709677427
strict,replay_strict_2025-12-31,2025-12-31,2026-03-30,60,SOXX,0.0004504543908249196
strict,replay_strict_2025-12-31,2025-12-31,2026-03-30,60,XLI,0.003941320136255369
strict,replay_strict_2025-12-31,2025-12-31,2026-03-30,60,XLU,0.0695043782837127
strict,replay_strict_2025-12-31,2025-12-31,2026-06-25,120,QQQ,0.15234677419354836
strict,replay_strict_2025-12-31,2025-12-31,2026-06-25,120,SOXX,1.0216553595438274
strict,replay_strict_2025-12-31,2025-12-31,2026-06-25,120,XLI,0.18075216916254255
strict,replay_strict_2025-12-31,2025-12-31,2026-06-25,120,XLU,0.06810332749562165
strict,replay_strict_2025-12-31,2025-12-31,2026-01-30,20,QQQ,-0.00024193548387085612
strict,replay_strict_2025-12-31,2025-12-31,2026-01-30,20,SOXX,0.11886745719330649
strict,replay_strict_2025-12-31,2025-12-31,2026-01-30,20,XLI,0.060243139019217185
strict,replay_strict_2025-12-31,2025-12-31,2026-01-30,20,XLU,0.0071576182136602355
strict,replay_strict_2025-12-31,2025-12-31,2026-03-30,60,QQQ,-0.10254838709677427
strict,replay_strict_2025-12-31,2025-12-31,2026-03-30,60,SOXX,0.0004504543908249196
strict,replay_strict_2025-12-31,2025-12-31,2026-03-30,60,XLI,0.003941320136255369
strict,replay_strict_2025-12-31,2025-12-31,2026-03-30,60,XLU,0.0695043782837127
strict,replay_strict_2025-12-31,2025-12-31,2026-06-25,120,QQQ,0.15234677419354836
strict,replay_strict_2025-12-31,2025-12-31,2026-06-25,120,SOXX,1.0216553595438274
strict,replay_strict_2025-12-31,2025-12-31,2026-06-25,120,XLI,0.18075216916254255
strict,replay_strict_2025-12-31,2025-12-31,2026-06-25,120,XLU,0.06810332749562165
strict,replay_strict_2025-12-31,2025-12-31,2026-01-30,20,QQQ,-0.00024193548387085612
strict,replay_strict_2025-12-31,2025-12-31,2026-01-30,20,SOXX,0.11886745719330649
strict,replay_strict_2025-12-31,2025-12-31,2026-01-30,20,XLI,0.060243139019217185
strict,replay_strict_2025-12-31,2025-12-31,2026-01-30,20,XLU,0.0071576182136602355
strict,replay_strict_2025-12-31,2025-12-31,2026-03-30,60,QQQ,-0.10254838709677427
strict,replay_strict_2025-12-31,2025-12-31,2026-03-30,60,SOXX,0.0004504543908249196
strict,replay_strict_2025-12-31,2025-12-31,2026-03-30,60,XLI,0.003941320136255369
strict,replay_strict_2025-12-31,2025-12-31,2026-03-30,60,XLU,0.0695043782837127
strict,replay_strict_2025-12-31,2025-12-31,2026-06-25,120,QQQ,0.15234677419354836
strict,replay_strict_2025-12-31,2025-12-31,2026-06-25,120,SOXX,1.0216553595438274
strict,replay_strict_2025-12-31,2025-12-31,2026-06-25,120,XLI,0.18075216916254255
strict,replay_strict_2025-12-31,2025-12-31,2026-06-25,120,XLU,0.06810332749562165
strict,replay_strict_2025-12-31,2025-12-31,2026-01-30,20,QQQ,-0.00024193548387085612
strict,replay_strict_2025-12-31,2025-12-31,2026-01-30,20,SOXX,0.11886745719330649
strict,replay_strict_2025-12-31,2025-12-31,2026-01-30,20,XLI,0.060243139019217185
strict,replay_strict_2025-12-31,2025-12-31,2026-01-30,20,XLU,0.0071576182136602355
strict,replay_strict_2025-12-31,2025-12-31,2026-03-30,60,QQQ,-0.10254838709677427
strict,replay_strict_2025-12-31,2025-12-31,2026-03-30,60,SOXX,0.0004504543908249196
strict,replay_strict_2025-12-31,2025-12-31,2026-03-30,60,XLI,0.003941320136255369
strict,replay_strict_2025-12-31,2025-12-31,2026-03-30,60,XLU,0.0695043782837127
strict,replay_strict_2025-12-31,2025-12-31,2026-06-25,120,QQQ,0.15234677419354836
strict,replay_strict_2025-12-31,2025-12-31,2026-06-25,120,SOXX,1.0216553595438274
strict,replay_strict_2025-12-31,2025-12-31,2026-06-25,120,XLI,0.18075216916254255
strict,replay_strict_2025-12-31,2025-12-31,2026-06-25,120,XLU,0.06810332749562165
strict,replay_strict_2026-01-30,2026-01-30,2026-03-02,20,QQQ,-0.02022995361166346
strict,replay_strict_2026-01-30,2026-01-30,2026-03-02,20,SOXX,0.025484618306114707
strict,replay_strict_2026-01-30,2026-01-30,2026-03-02,20,XLI,0.07977594503798302
strict,replay_strict_2026-01-30,2026-01-30,2026-03-02,20,XLU,0.09086906823692409
strict,replay_strict_2026-01-30,2026-01-30,2026-04-28,60,QQQ,0.05987478381742062
strict,replay_strict_2026-01-30,2026-01-30,2026-04-28,60,SOXX,0.27857410383008563
strict,replay_strict_2026-01-30,2026-01-30,2026-04-28,60,XLI,0.03207763082231152
strict,replay_strict_2026-01-30,2026-01-30,2026-04-28,60,XLU,0.06489054381711112
strict,replay_strict_2026-01-30,2026-01-30,2026-07-24,120,QQQ,0.10309513649808466
strict,replay_strict_2026-01-30,2026-01-30,2026-07-24,120,SOXX,0.5367177831663207
strict,replay_strict_2026-01-30,2026-01-30,2026-07-24,120,XLI,0.10247501588934937
strict,replay_strict_2026-01-30,2026-01-30,2026-07-24,120,XLU,0.06546784435977371
strict,replay_strict_2026-01-30,2026-01-30,2026-03-02,20,QQQ,-0.02022995361166346
strict,replay_strict_2026-01-30,2026-01-30,2026-03-02,20,SOXX,0.025484618306114707
strict,replay_strict_2026-01-30,2026-01-30,2026-03-02,20,XLI,0.07977594503798302
strict,replay_strict_2026-01-30,2026-01-30,2026-03-02,20,XLU,0.09086906823692409
strict,replay_strict_2026-01-30,2026-01-30,2026-04-28,60,QQQ,0.05987478381742062
strict,replay_strict_2026-01-30,2026-01-30,2026-04-28,60,SOXX,0.27857410383008563
strict,replay_strict_2026-01-30,2026-01-30,2026-04-28,60,XLI,0.03207763082231152
strict,replay_strict_2026-01-30,2026-01-30,2026-04-28,60,XLU,0.06489054381711112
strict,replay_strict_2026-01-30,2026-01-30,2026-07-24,120,QQQ,0.10309513649808466
strict,replay_strict_2026-01-30,2026-01-30,2026-07-24,120,SOXX,0.5367177831663207
strict,replay_strict_2026-01-30,2026-01-30,2026-07-24,120,XLI,0.10247501588934937
strict,replay_strict_2026-01-30,2026-01-30,2026-07-24,120,XLU,0.06546784435977371
strict,replay_strict_2026-01-30,2026-01-30,2026-03-02,20,QQQ,-0.02022995361166346
strict,replay_strict_2026-01-30,2026-01-30,2026-03-02,20,SOXX,0.025484618306114707
strict,replay_strict_2026-01-30,2026-01-30,2026-03-02,20,XLI,0.07977594503798302
strict,replay_strict_2026-01-30,2026-01-30,2026-03-02,20,XLU,0.09086906823692409
strict,replay_strict_2026-01-30,2026-01-30,2026-04-28,60,QQQ,0.05987478381742062
strict,replay_strict_2026-01-30,2026-01-30,2026-04-28,60,SOXX,0.27857410383008563
strict,replay_strict_2026-01-30,2026-01-30,2026-04-28,60,XLI,0.03207763082231152
strict,replay_strict_2026-01-30,2026-01-30,2026-04-28,60,XLU,0.06489054381711112
strict,replay_strict_2026-01-30,2026-01-30,2026-07-24,120,QQQ,0.10309513649808466
strict,replay_strict_2026-01-30,2026-01-30,2026-07-24,120,SOXX,0.5367177831663207
strict,replay_strict_2026-01-30,2026-01-30,2026-07-24,120,XLI,0.10247501588934937
strict,replay_strict_2026-01-30,2026-01-30,2026-07-24,120,XLU,0.06546784435977371
strict,replay_strict_2026-01-30,2026-01-30,2026-03-02,20,QQQ,-0.02022995361166346
strict,replay_strict_2026-01-30,2026-01-30,2026-03-02,20,SOXX,0.025484618306114707
strict,replay_strict_2026-01-30,2026-01-30,2026-03-02,20,XLI,0.07977594503798302
strict,replay_strict_2026-01-30,2026-01-30,2026-03-02,20,XLU,0.09086906823692409
strict,replay_strict_2026-01-30,2026-01-30,2026-04-28,60,QQQ,0.05987478381742062
strict,replay_strict_2026-01-30,2026-01-30,2026-04-28,60,SOXX,0.27857410383008563
strict,replay_strict_2026-01-30,2026-01-30,2026-04-28,60,XLI,0.03207763082231152
strict,replay_strict_2026-01-30,2026-01-30,2026-04-28,60,XLU,0.06489054381711112
strict,replay_strict_2026-01-30,2026-01-30,2026-07-24,120,QQQ,0.10309513649808466
strict,replay_strict_2026-01-30,2026-01-30,2026-07-24,120,SOXX,0.5367177831663207
strict,replay_strict_2026-01-30,2026-01-30,2026-07-24,120,XLI,0.10247501588934937
strict,replay_strict_2026-01-30,2026-01-30,2026-07-24,120,XLU,0.06546784435977371
strict,replay_strict_2026-02-27,2026-02-27,2026-03-27,20,QQQ,-0.06377809317081318
strict,replay_strict_2026-02-27,2026-02-27,2026-03-27,20,SOXX,-0.061270512559303714
strict,replay_strict_2026-02-27,2026-02-27,2026-03-27,20,XLI,-0.1009825456194039
strict,replay_strict_2026-02-27,2026-02-27,2026-03-27,20,XLU,-0.04066617429837527
strict,replay_strict_2026-02-27,2026-02-27,2026-05-26,60,QQQ,0.2160849891467692
strict,replay_strict_2026-02-27,2026-02-27,2026-05-26,60,SOXX,0.6573021218383442
strict,replay_strict_2026-02-27,2026-02-27,2026-05-26,60,XLI,-0.01518406437719599
strict,replay_strict_2026-02-27,2026-02-27,2026-05-26,60,XLU,-0.04604705634100015
strict,replay_strict_2026-02-27,2026-02-27,2026-08-20,120,QQQ,0.1840596092836867
strict,replay_strict_2026-02-27,2026-02-27,2026-08-20,120,SOXX,0.5177381319672848
strict,replay_strict_2026-02-27,2026-02-27,2026-08-20,120,XLI,0.015644452000453394
strict,replay_strict_2026-02-27,2026-02-27,2026-08-20,120,XLU,-0.07938742350706895
strict,replay_strict_2026-02-27,2026-02-27,2026-03-27,20,QQQ,-0.06377809317081318
strict,replay_strict_2026-02-27,2026-02-27,2026-03-27,20,SOXX,-0.061270512559303714
strict,replay_strict_2026-02-27,2026-02-27,2026-03-27,20,XLI,-0.1009825456194039
strict,replay_strict_2026-02-27,2026-02-27,2026-03-27,20,XLU,-0.04066617429837527
strict,replay_strict_2026-02-27,2026-02-27,2026-05-26,60,QQQ,0.2160849891467692
strict,replay_strict_2026-02-27,2026-02-27,2026-05-26,60,SOXX,0.6573021218383442
strict,replay_strict_2026-02-27,2026-02-27,2026-05-26,60,XLI,-0.01518406437719599
strict,replay_strict_2026-02-27,2026-02-27,2026-05-26,60,XLU,-0.04604705634100015
strict,replay_strict_2026-02-27,2026-02-27,2026-08-20,120,QQQ,0.1840596092836867
strict,replay_strict_2026-02-27,2026-02-27,2026-08-20,120,SOXX,0.5177381319672848
strict,replay_strict_2026-02-27,2026-02-27,2026-08-20,120,XLI,0.015644452000453394
strict,replay_strict_2026-02-27,2026-02-27,2026-08-20,120,XLU,-0.07938742350706895
strict,replay_strict_2026-02-27,2026-02-27,2026-03-27,20,QQQ,-0.06377809317081318
strict,replay_strict_2026-02-27,2026-02-27,2026-03-27,20,SOXX,-0.061270512559303714
strict,replay_strict_2026-02-27,2026-02-27,2026-03-27,20,XLI,-0.1009825456194039
strict,replay_strict_2026-02-27,2026-02-27,2026-03-27,20,XLU,-0.04066617429837527
strict,replay_strict_2026-02-27,2026-02-27,2026-05-26,60,QQQ,0.2160849891467692
strict,replay_strict_2026-02-27,2026-02-27,2026-05-26,60,SOXX,0.6573021218383442
strict,replay_strict_2026-02-27,2026-02-27,2026-05-26,60,XLI,-0.01518406437719599
strict,replay_strict_2026-02-27,2026-02-27,2026-05-26,60,XLU,-0.04604705634100015
strict,replay_strict_2026-02-27,2026-02-27,2026-08-20,120,QQQ,0.1840596092836867
strict,replay_strict_2026-02-27,2026-02-27,2026-08-20,120,SOXX,0.5177381319672848
strict,replay_strict_2026-02-27,2026-02-27,2026-08-20,120,XLI,0.015644452000453394
strict,replay_strict_2026-02-27,2026-02-27,2026-08-20,120,XLU,-0.07938742350706895
strict,replay_strict_2026-02-27,2026-02-27,2026-03-27,20,QQQ,-0.06377809317081318
strict,replay_strict_2026-02-27,2026-02-27,2026-03-27,20,SOXX,-0.061270512559303714
strict,replay_strict_2026-02-27,2026-02-27,2026-03-27,20,XLI,-0.1009825456194039
strict,replay_strict_2026-02-27,2026-02-27,2026-03-27,20,XLU,-0.04066617429837527
strict,replay_strict_2026-02-27,2026-02-27,2026-05-26,60,QQQ,0.2160849891467692
strict,replay_strict_2026-02-27,2026-02-27,2026-05-26,60,SOXX,0.6573021218383442
strict,replay_strict_2026-02-27,2026-02-27,2026-05-26,60,XLI,-0.01518406437719599
strict,replay_strict_2026-02-27,2026-02-27,2026-05-26,60,XLU,-0.04604705634100015
strict,replay_strict_2026-02-27,2026-02-27,2026-08-20,120,QQQ,0.1840596092836867
strict,replay_strict_2026-02-27,2026-02-27,2026-08-20,120,SOXX,0.5177381319672848
strict,replay_strict_2026-02-27,2026-02-27,2026-08-20,120,XLI,0.015644452000453394
strict,replay_strict_2026-02-27,2026-02-27,2026-08-20,120,XLU,-0.07938742350706895
strict,replay_strict_2026-03-31,2026-03-31,2026-04-29,20,QQQ,0.1346713153233713
strict,replay_strict_2026-03-31,2026-03-31,2026-04-29,20,SOXX,0.34648574170140034
strict,replay_strict_2026-03-31,2026-03-31,2026-04-29,20,XLI,0.0364519542479661
strict,replay_strict_2026-03-31,2026-03-31,2026-04-29,20,XLU,-0.005184837229626369
strict,replay_strict_2026-03-31,2026-03-31,2026-06-26,60,QQQ,0.2103853799460046
strict,replay_strict_2026-03-31,2026-03-31,2026-06-26,60,SOXX,0.7648491109178684
strict,replay_strict_2026-03-31,2026-03-31,2026-06-26,60,XLI,0.10501883907272613
strict,replay_strict_2026-03-31,2026-03-31,2026-06-26,60,XLU,0.0059578326414681
strict,replay_strict_2026-03-31,2026-03-31,2026-09-22,120,QQQ,0.2822819287053119
strict,replay_strict_2026-03-31,2026-03-31,2026-09-22,120,SOXX,0.7142928723499956
strict,replay_strict_2026-03-31,2026-03-31,2026-09-22,120,XLI,0.038592757966848024
strict,replay_strict_2026-03-31,2026-03-31,2026-09-22,120,XLU,-0.11770395455538563
strict,replay_strict_2026-03-31,2026-03-31,2026-04-29,20,QQQ,0.1346713153233713
strict,replay_strict_2026-03-31,2026-03-31,2026-04-29,20,SOXX,0.34648574170140034
strict,replay_strict_2026-03-31,2026-03-31,2026-04-29,20,XLI,0.0364519542479661
strict,replay_strict_2026-03-31,2026-03-31,2026-04-29,20,XLU,-0.005184837229626369
strict,replay_strict_2026-03-31,2026-03-31,2026-06-26,60,QQQ,0.2103853799460046
strict,replay_strict_2026-03-31,2026-03-31,2026-06-26,60,SOXX,0.7648491109178684
strict,replay_strict_2026-03-31,2026-03-31,2026-06-26,60,XLI,0.10501883907272613
strict,replay_strict_2026-03-31,2026-03-31,2026-06-26,60,XLU,0.0059578326414681
strict,replay_strict_2026-03-31,2026-03-31,2026-09-22,120,QQQ,0.2822819287053119
strict,replay_strict_2026-03-31,2026-03-31,2026-09-22,120,SOXX,0.7142928723499956
strict,replay_strict_2026-03-31,2026-03-31,2026-09-22,120,XLI,0.038592757966848024
strict,replay_strict_2026-03-31,2026-03-31,2026-09-22,120,XLU,-0.11770395455538563
strict,replay_strict_2026-03-31,2026-03-31,2026-04-29,20,QQQ,0.1346713153233713
strict,replay_strict_2026-03-31,2026-03-31,2026-04-29,20,SOXX,0.34648574170140034
strict,replay_strict_2026-03-31,2026-03-31,2026-04-29,20,XLI,0.0364519542479661
strict,replay_strict_2026-03-31,2026-03-31,2026-04-29,20,XLU,-0.005184837229626369
strict,replay_strict_2026-03-31,2026-03-31,2026-06-26,60,QQQ,0.2103853799460046
strict,replay_strict_2026-03-31,2026-03-31,2026-06-26,60,SOXX,0.7648491109178684
strict,replay_strict_2026-03-31,2026-03-31,2026-06-26,60,XLI,0.10501883907272613
strict,replay_strict_2026-03-31,2026-03-31,2026-06-26,60,XLU,0.0059578326414681
strict,replay_strict_2026-03-31,2026-03-31,2026-09-22,120,QQQ,0.2822819287053119
strict,replay_strict_2026-03-31,2026-03-31,2026-09-22,120,SOXX,0.7142928723499956
strict,replay_strict_2026-03-31,2026-03-31,2026-09-22,120,XLI,0.038592757966848024
strict,replay_strict_2026-03-31,2026-03-31,2026-09-22,120,XLU,-0.11770395455538563
strict,replay_strict_2026-03-31,2026-03-31,2026-04-29,20,QQQ,0.1346713153233713
strict,replay_strict_2026-03-31,2026-03-31,2026-04-29,20,SOXX,0.34648574170140034
strict,replay_strict_2026-03-31,2026-03-31,2026-04-29,20,XLI,0.0364519542479661
strict,replay_strict_2026-03-31,2026-03-31,2026-04-29,20,XLU,-0.005184837229626369
strict,replay_strict_2026-03-31,2026-03-31,2026-06-26,60,QQQ,0.2103853799460046
strict,replay_strict_2026-03-31,2026-03-31,2026-06-26,60,SOXX,0.7648491109178684
strict,replay_strict_2026-03-31,2026-03-31,2026-06-26,60,XLI,0.10501883907272613
strict,replay_strict_2026-03-31,2026-03-31,2026-06-26,60,XLU,0.0059578326414681
strict,replay_strict_2026-03-31,2026-03-31,2026-09-22,120,QQQ,0.2822819287053119
strict,replay_strict_2026-03-31,2026-03-31,2026-09-22,120,SOXX,0.7142928723499956
strict,replay_strict_2026-03-31,2026-03-31,2026-09-22,120,XLI,0.038592757966848024
strict,replay_strict_2026-03-31,2026-03-31,2026-09-22,120,XLU,-0.11770395455538563
