scenario,run_stem,run_ts_utc,signal_date,label_end_date,list_type,horizon_days,n_selected,n_priced,n_assumed_delist,event_status,portfolio_return,benchmark_trailing_60d,regime
base,replay_base_2023-01-31,2023-01-31T00:00:00+00:00,2023-01-31,2023-03-01,low_value,20,18,18,0,valid,0.0005109024564688794,0.10936264729134515,up
base,replay_base_2023-01-31,2023-01-31T00:00:00+00:00,2023-01-31,2023-04-27,low_value,60,18,18,0,valid,-0.01972601330402869,0.10936264729134515,up
base,replay_base_2023-01-31,2023-01-31T00:00:00+00:00,2023-01-31,2023-07-25,low_value,120,18,18,0,valid,0.1552168439994193,0.10936264729134515,up
base,replay_base_2023-01-31,2023-01-31T00:00:00+00:00,2023-01-31,2023-03-01,industry_trend,20,20,20,0,valid,-0.010008392755932355,0.10936264729134515,up
base,replay_base_2023-01-31,2023-01-31T00:00:00+00:00,2023-01-31,2023-04-27,industry_trend,60,20,20,0,valid,0.013309611174153014,0.10936264729134515,up
base,replay_base_2023-01-31,2023-01-31T00:00:00+00:00,2023-01-31,2023-07-25,industry_trend,120,20,20,0,valid,0.20922426626912705,0.10936264729134515,up
base,replay_base_2023-01-31,2023-01-31T00:00:00+00:00,2023-01-31,2023-03-01,momentum,20,19,19,0,valid,-0.0032259777512237556,0.10936264729134515,up
base,replay_base_2023-01-31,2023-01-31T00:00:00+00:00,2023-01-31,2023-04-27,momentum,60,19,19,0,valid,0.03431302012514125,0.10936264729134515,up
base,replay_base_2023-01-31,2023-01-31T00:00:00+00:00,2023-01-31,2023-07-25,momentum,120,19,19,0,valid,0.2622242890349953,0.10936264729134515,up
base,replay_base_2023-01-31,2023-01-31T00:00:00+00:00,2023-01-31,2023-03-01,research_pool,20,30,30,0,valid,-0.0010040204119230493,0.10936264729134515,up
base,replay_base_2023-01-31,2023-01-31T00:00:00+00:00,2023-01-31,2023-04-27,research_pool,60,30,30,0,valid,-0.028044175415204826,0.10936264729134515,up
base,replay_base_2023-01-31,2023-01-31T00:00:00+00:00,2023-01-31,2023-07-25,research_pool,120,30,30,0,valid,0.15707692606708473,0.10936264729134515,up
base,replay_base_2023-02-28,2023-02-28T00:00:00+00:00,2023-02-28,2023-03-28,low_value,20,21,21,0,valid,-0.0013724592471973634,0.00044303581774185474,up
base,replay_base_2023-02-28,2023-02-28T00:00:00+00:00,2023-02-28,2023-05-24,low_value,60,21,21,0,valid,0.022668764989136597,0.00044303581774185474,up
base,replay_base_2023-02-28,2023-02-28T00:00:00+00:00,2023-02-28,2023-08-21,low_value,120,21,21,0,valid,0.22056987519658028,0.00044303581774185474,up
base,replay_base_2023-02-28,2023-02-28T00:00:00+00:00,2023-02-28,2023-03-28,industry_trend,20,19,19,0,valid,0.00019092553488172923,0.00044303581774185474,up
base,replay_base_2023-02-28,2023-02-28T00:00:00+00:00,2023-02-28,2023-05-24,industry_trend,60,19,19,0,valid,0.034513552142010975,0.00044303581774185474,up
base,replay_base_2023-02-28,2023-02-28T00:00:00+00:00,2023-02-28,2023-08-21,industry_trend,120,19,19,0,valid,0.21883883701530185,0.00044303581774185474,up
base,replay_base_2023-02-28,2023-02-28T00:00:00+00:00,2023-02-28,2023-03-28,momentum,20,19,19,0,valid,-0.0007881855832045224,0.00044303581774185474,up
base,replay_base_2023-02-28,2023-02-28T00:00:00+00:00,2023-02-28,2023-05-24,momentum,60,19,19,0,valid,0.08489223936290233,0.00044303581774185474,up
base,replay_base_2023-02-28,2023-02-28T00:00:00+00:00,2023-02-28,2023-08-21,momentum,120,19,19,0,valid,0.2866328337400322,0.00044303581774185474,up
base,replay_base_2023-02-28,2023-02-28T00:00:00+00:00,2023-02-28,2023-03-28,research_pool,20,30,30,0,valid,-0.021780608354104967,0.00044303581774185474,up
base,replay_base_2023-02-28,2023-02-28T00:00:00+00:00,2023-02-28,2023-05-24,research_pool,60,30,30,0,valid,-0.008582142084986154,0.00044303581774185474,up
base,replay_base_2023-02-28,2023-02-28T00:00:00+00:00,2023-02-28,2023-08-21,research_pool,120,30,30,0,valid,0.11509532633518164,0.00044303581774185474,up
base,replay_base_2023-03-31,2023-03-31T00:00:00+00:00,2023-03-31,2023-05-01,low_value,20,22,22,0,valid,0.002284230142254126,0.2072170379289584,up
base,replay_base_2023-03-31,2023-03-31T00:00:00+00:00,2023-03-31,2023-06-28,low_value,60,22,22,0,valid,0.17295301547865846,0.2072170379289584,up
base,replay_base_2023-03-31,2023-03-31T00:00:00+00:00,2023-03-31,2023-09-22,low_value,120,22,22,0,valid,0.15416135001853656,0.2072170379289584,up
base,replay_base_2023-03-31,2023-03-31T00:00:00+00:00,2023-03-31,2023-05-01,industry_trend,20,24,24,0,valid,-0.011648734965953214,0.2072170379289584,up
base,replay_base_2023-03-31,2023-03-31T00:00:00+00:00,2023-03-31,2023-06-28,industry_trend,60,24,24,0,valid,0.08946574411946388,0.2072170379289584,up
base,replay_base_2023-03-31,2023-03-31T00:00:00+00:00,2023-03-31,2023-09-22,industry_trend,120,24,24,0,valid,0.048431382801799795,0.2072170379289584,up
base,replay_base_2023-03-31,2023-03-31T00:00:00+00:00,2023-03-31,2023-05-01,momentum,20,22,22,0,valid,-0.007455070177213469,0.2072170379289584,up
base,replay_base_2023-03-31,2023-03-31T00:00:00+00:00,2023-03-31,2023-06-28,momentum,60,22,22,0,valid,0.0869325473363534,0.2072170379289584,up
base,replay_base_2023-03-31,2023-03-31T00:00:00+00:00,2023-03-31,2023-09-22,momentum,120,22,22,0,valid,0.06120457075725532,0.2072170379289584,up
base,replay_base_2023-03-31,2023-03-31T00:00:00+00:00,2023-03-31,2023-05-01,research_pool,20,30,30,0,valid,-0.039392182418664067,0.2072170379289584,up
base,replay_base_2023-03-31,2023-03-31T00:00:00+00:00,2023-03-31,2023-06-28,research_pool,60,30,30,0,valid,0.043758799587962756,0.2072170379289584,up
base,replay_base_2023-03-31,2023-03-31T00:00:00+00:00,2023-03-31,2023-09-22,research_pool,120,30,30,0,valid,0.050455851675656464,0.2072170379289584,up
base,replay_base_2023-04-28,2023-04-28T00:00:00+00:00,2023-04-28,2023-05-26,low_value,20,19,19,0,valid,0.017602508152634866,0.07172280911567341,up
base,replay_base_2023-04-28,2023-04-28T00:00:00+00:00,2023-04-28,2023-07-26,low_value,60,19,19,0,valid,0.12392102126952668,0.07172280911567341,up
base,replay_base_2023-04-28,2023-04-28T00:00:00+00:00,2023-04-28,2023-10-19,low_value,120,19,19,0,valid,0.03973505268478433,0.07172280911567341,up
base,replay_base_2023-04-28,2023-04-28T00:00:00+00:00,2023-04-28,2023-05-26,industry_trend,20,19,19,0,valid,0.0855788957280953,0.07172280911567341,up
base,replay_base_2023-04-28,2023-04-28T00:00:00+00:00,2023-04-28,2023-07-26,industry_trend,60,19,19,0,valid,0.16694434280770057,0.07172280911567341,up
base,replay_base_2023-04-28,2023-04-28T00:00:00+00:00,2023-04-28,2023-10-19,industry_trend,120,19,19,0,valid,0.129393129168717,0.07172280911567341,up
base,replay_base_2023-04-28,2023-04-28T00:00:00+00:00,2023-04-28,2023-05-26,momentum,20,18,18,0,valid,0.08921115124572486,0.07172280911567341,up
base,replay_base_2023-04-28,2023-04-28T00:00:00+00:00,2023-04-28,2023-07-26,momentum,60,18,18,0,valid,0.20758865700883905,0.07172280911567341,up
base,replay_base_2023-04-28,2023-04-28T00:00:00+00:00,2023-04-28,2023-10-19,momentum,120,18,18,0,valid,0.15125236881974338,0.07172280911567341,up
base,replay_base_2023-04-28,2023-04-28T00:00:00+00:00,2023-04-28,2023-05-26,research_pool,20,30,30,0,valid,0.01755697789404813,0.07172280911567341,up
base,replay_base_2023-04-28,2023-04-28T00:00:00+00:00,2023-04-28,2023-07-26,research_pool,60,30,30,0,valid,0.1385262316037009,0.07172280911567341,up
base,replay_base_2023-04-28,2023-04-28T00:00:00+00:00,2023-04-28,2023-10-19,research_pool,120,30,30,0,valid,0.05238000558685071,0.07172280911567341,up
base,replay_base_2023-05-31,2023-05-31T00:00:00+00:00,2023-05-31,2023-06-29,low_value,20,18,18,0,valid,0.08239533306989115,0.15848415158484164,up
base,replay_base_2023-05-31,2023-05-31T00:00:00+00:00,2023-05-31,2023-08-25,low_value,60,18,18,0,valid,0.09861933199877998,0.15848415158484164,up
base,replay_base_2023-05-31,2023-05-31T00:00:00+00:00,2023-05-31,2023-11-20,low_value,120,18,18,0,valid,0.18203522642353664,0.15848415158484164,up
base,replay_base_2023-05-31,2023-05-31T00:00:00+00:00,2023-05-31,2023-06-29,industry_trend,20,20,20,0,valid,0.06096617710594369,0.15848415158484164,up
base,replay_base_2023-05-31,2023-05-31T00:00:00+00:00,2023-05-31,2023-08-25,industry_trend,60,20,20,0,valid,0.07095728912674212,0.15848415158484164,up
base,replay_base_2023-05-31,2023-05-31T00:00:00+00:00,2023-05-31,2023-11-20,industry_trend,120,20,20,0,valid,0.15073841775298716,0.15848415158484164,up
base,replay_base_2023-05-31,2023-05-31T00:00:00+00:00,2023-05-31,2023-06-29,momentum,20,23,23,0,valid,0.05712850381743717,0.15848415158484164,up
base,replay_base_2023-05-31,2023-05-31T00:00:00+00:00,2023-05-31,2023-08-25,momentum,60,23,23,0,valid,0.06500777990255363,0.15848415158484164,up
base,replay_base_2023-05-31,2023-05-31T00:00:00+00:00,2023-05-31,2023-11-20,momentum,120,23,23,0,valid,0.17426747142509294,0.15848415158484164,up
base,replay_base_2023-05-31,2023-05-31T00:00:00+00:00,2023-05-31,2023-06-29,research_pool,20,30,30,0,valid,0.08763598891703515,0.15848415158484164,up
base,replay_base_2023-05-31,2023-05-31T00:00:00+00:00,2023-05-31,2023-08-25,research_pool,60,30,30,0,valid,0.1271558174977438,0.15848415158484164,up
base,replay_base_2023-05-31,2023-05-31T00:00:00+00:00,2023-05-31,2023-11-20,research_pool,120,30,30,0,valid,0.1362301306760643,0.15848415158484164,up
base,replay_base_2023-06-30,2023-06-30T00:00:00+00:00,2023-06-30,2023-07-31,low_value,20,21,21,0,valid,0.057905179981026705,0.1580514250795193,up
base,replay_base_2023-06-30,2023-06-30T00:00:00+00:00,2023-06-30,2023-09-26,low_value,60,21,21,0,valid,-0.0712995963857732,0.1580514250795193,up
base,replay_base_2023-06-30,2023-06-30T00:00:00+00:00,2023-06-30,2023-12-20,low_value,120,21,21,0,valid,0.07966965722660291,0.1580514250795193,up
base,replay_base_2023-06-30,2023-06-30T00:00:00+00:00,2023-06-30,2023-07-31,industry_trend,20,22,22,0,valid,0.03241814810263347,0.1580514250795193,up
base,replay_base_2023-06-30,2023-06-30T00:00:00+00:00,2023-06-30,2023-09-26,industry_trend,60,22,22,0,valid,-0.07071960054812966,0.1580514250795193,up
base,replay_base_2023-06-30,2023-06-30T00:00:00+00:00,2023-06-30,2023-12-20,industry_trend,120,22,22,0,valid,0.043118110023133406,0.1580514250795193,up
base,replay_base_2023-06-30,2023-06-30T00:00:00+00:00,2023-06-30,2023-07-31,momentum,20,19,19,0,valid,0.04221448711399648,0.1580514250795193,up
base,replay_base_2023-06-30,2023-06-30T00:00:00+00:00,2023-06-30,2023-09-26,momentum,60,19,19,0,valid,-0.05620500195358467,0.1580514250795193,up
base,replay_base_2023-06-30,2023-06-30T00:00:00+00:00,2023-06-30,2023-12-20,momentum,120,19,19,0,valid,0.057171286681027646,0.1580514250795193,up
base,replay_base_2023-06-30,2023-06-30T00:00:00+00:00,2023-06-30,2023-07-31,research_pool,20,30,30,0,valid,0.05638287389005787,0.1580514250795193,up
base,replay_base_2023-06-30,2023-06-30T00:00:00+00:00,2023-06-30,2023-09-26,research_pool,60,30,30,0,valid,-0.03814874015250611,0.1580514250795193,up
base,replay_base_2023-06-30,2023-06-30T00:00:00+00:00,2023-06-30,2023-12-20,research_pool,120,30,30,0,valid,0.05766317712223089,0.1580514250795193,up
base,replay_base_2023-07-31,2023-07-31T00:00:00+00:00,2023-07-31,2023-08-28,low_value,20,18,18,0,valid,-0.0627464999243357,0.20940271935214505,up
base,replay_base_2023-07-31,2023-07-31T00:00:00+00:00,2023-07-31,2023-10-24,low_value,60,18,18,0,valid,-0.10732521156250409,0.20940271935214505,up
base,replay_base_2023-07-31,2023-07-31T00:00:00+00:00,2023-07-31,2024-01-22,low_value,120,18,18,0,valid,0.08820802707269082,0.20940271935214505,up
base,replay_base_2023-07-31,2023-07-31T00:00:00+00:00,2023-07-31,2023-08-28,industry_trend,20,19,19,0,valid,-0.06701518414187115,0.20940271935214505,up
base,replay_base_2023-07-31,2023-07-31T00:00:00+00:00,2023-07-31,2023-10-24,industry_trend,60,19,19,0,valid,-0.11198137465960044,0.20940271935214505,up
base,replay_base_2023-07-31,2023-07-31T00:00:00+00:00,2023-07-31,2024-01-22,industry_trend,120,19,19,0,valid,0.08970734162339937,0.20940271935214505,up
base,replay_base_2023-07-31,2023-07-31T00:00:00+00:00,2023-07-31,2023-08-28,momentum,20,20,20,0,valid,-0.0759200818540498,0.20940271935214505,up
base,replay_base_2023-07-31,2023-07-31T00:00:00+00:00,2023-07-31,2023-10-24,momentum,60,20,20,0,valid,-0.10609839892032938,0.20940271935214505,up
base,replay_base_2023-07-31,2023-07-31T00:00:00+00:00,2023-07-31,2024-01-22,momentum,120,20,20,0,valid,0.08617430787128352,0.20940271935214505,up
base,replay_base_2023-07-31,2023-07-31T00:00:00+00:00,2023-07-31,2023-08-28,research_pool,20,30,30,0,valid,-0.03334810174240291,0.20940271935214505,up
base,replay_base_2023-07-31,2023-07-31T00:00:00+00:00,2023-07-31,2023-10-24,research_pool,60,30,30,0,valid,-0.09406583131203859,0.20940271935214505,up
base,replay_base_2023-07-31,2023-07-31T00:00:00+00:00,2023-07-31,2024-01-22,research_pool,120,30,30,0,valid,0.02860166551545892,0.20940271935214505,up
base,replay_base_2023-08-31,2023-08-31T00:00:00+00:00,2023-08-31,2023-09-29,low_value,20,20,20,0,valid,-0.05314850291287956,0.06465335098740743,up
base,replay_base_2023-08-31,2023-08-31T00:00:00+00:00,2023-08-31,2023-11-27,low_value,60,20,20,0,valid,-0.0035500231051061593,0.06465335098740743,up
base,replay_base_2023-08-31,2023-08-31T00:00:00+00:00,2023-08-31,2024-02-23,low_value,120,20,20,0,valid,0.19744186006613273,0.06465335098740743,up
base,replay_base_2023-08-31,2023-08-31T00:00:00+00:00,2023-08-31,2023-09-29,industry_trend,20,20,20,0,valid,-0.07003103378942671,0.06465335098740743,up
base,replay_base_2023-08-31,2023-08-31T00:00:00+00:00,2023-08-31,2023-11-27,industry_trend,60,20,20,0,valid,0.018168557411865273,0.06465335098740743,up
base,replay_base_2023-08-31,2023-08-31T00:00:00+00:00,2023-08-31,2024-02-23,industry_trend,120,20,20,0,valid,0.17065707756564025,0.06465335098740743,up
base,replay_base_2023-08-31,2023-08-31T00:00:00+00:00,2023-08-31,2023-09-29,momentum,20,20,20,0,valid,-0.07009309663026003,0.06465335098740743,up
base,replay_base_2023-08-31,2023-08-31T00:00:00+00:00,2023-08-31,2023-11-27,momentum,60,20,20,0,valid,0.00948479384389414,0.06465335098740743,up
base,replay_base_2023-08-31,2023-08-31T00:00:00+00:00,2023-08-31,2024-02-23,momentum,120,20,20,0,valid,0.18610466854840696,0.06465335098740743,up
base,replay_base_2023-08-31,2023-08-31T00:00:00+00:00,2023-08-31,2023-09-29,research_pool,20,30,30,0,valid,-0.07837946610412357,0.06465335098740743,up
base,replay_base_2023-08-31,2023-08-31T00:00:00+00:00,2023-08-31,2023-11-27,research_pool,60,30,30,0,valid,-0.03944082394136029,0.06465335098740743,up
base,replay_base_2023-08-31,2023-08-31T00:00:00+00:00,2023-08-31,2024-02-23,research_pool,120,30,30,0,valid,0.11944741390063868,0.06465335098740743,up
base,replay_base_2023-09-29,2023-09-29T00:00:00+00:00,2023-09-29,2023-10-27,low_value,20,10,10,0,valid,-0.06326464984924206,-0.024775847290439357,down
base,replay_base_2023-09-29,2023-09-29T00:00:00+00:00,2023-09-29,2023-12-26,low_value,60,10,10,0,valid,0.08292699246894181,-0.024775847290439357,down
base,replay_base_2023-09-29,2023-09-29T00:00:00+00:00,2023-09-29,2024-03-22,low_value,120,10,10,0,valid,0.38854190304552993,-0.024775847290439357,down
base,replay_base_2023-09-29,2023-09-29T00:00:00+00:00,2023-09-29,2023-10-27,industry_trend,20,20,20,0,valid,-0.035350494080817786,-0.024775847290439357,down
base,replay_base_2023-09-29,2023-09-29T00:00:00+00:00,2023-09-29,2023-12-26,industry_trend,60,20,20,0,valid,0.1418041253556575,-0.024775847290439357,down
base,replay_base_2023-09-29,2023-09-29T00:00:00+00:00,2023-09-29,2024-03-22,industry_trend,120,20,20,0,valid,0.32688126399940354,-0.024775847290439357,down
base,replay_base_2023-09-29,2023-09-29T00:00:00+00:00,2023-09-29,2023-10-27,momentum,20,19,19,0,valid,-0.03814578097021917,-0.024775847290439357,down
base,replay_base_2023-09-29,2023-09-29T00:00:00+00:00,2023-09-29,2023-12-26,momentum,60,19,19,0,valid,0.12428470117500774,-0.024775847290439357,down
base,replay_base_2023-09-29,2023-09-29T00:00:00+00:00,2023-09-29,2024-03-22,momentum,120,19,19,0,valid,0.39148767984058863,-0.024775847290439357,down
base,replay_base_2023-09-29,2023-09-29T00:00:00+00:00,2023-09-29,2023-10-27,research_pool,20,30,30,0,valid,-0.06487861102954427,-0.024775847290439357,down
base,replay_base_2023-09-29,2023-09-29T00:00:00+00:00,2023-09-29,2023-12-26,research_pool,60,30,30,0,valid,0.0973013319671403,-0.024775847290439357,down
base,replay_base_2023-09-29,2023-09-29T00:00:00+00:00,2023-09-29,2024-03-22,research_pool,120,30,30,0,valid,0.23019028758292379,-0.024775847290439357,down
base,replay_base_2023-10-31,2023-10-31T00:00:00+00:00,2023-10-31,2023-11-29,low_value,20,13,13,0,valid,0.09125271285183076,-0.06465195608144114,down
base,replay_base_2023-10-31,2023-10-31T00:00:00+00:00,2023-10-31,2024-01-29,low_value,60,13,13,0,valid,0.2098098006921638,-0.06465195608144114,down
base,replay_base_2023-10-31,2023-10-31T00:00:00+00:00,2023-10-31,2024-04-24,low_value,120,13,13,0,valid,0.5062126559635401,-0.06465195608144114,down
base,replay_base_2023-10-31,2023-10-31T00:00:00+00:00,2023-10-31,2023-11-29,industry_trend,20,21,21,0,valid,0.09255261757872299,-0.06465195608144114,down
base,replay_base_2023-10-31,2023-10-31T00:00:00+00:00,2023-10-31,2024-01-29,industry_trend,60,21,21,0,valid,0.18813947174321557,-0.06465195608144114,down
base,replay_base_2023-10-31,2023-10-31T00:00:00+00:00,2023-10-31,2024-04-24,industry_trend,120,21,21,0,valid,0.2451268531253016,-0.06465195608144114,down
base,replay_base_2023-10-31,2023-10-31T00:00:00+00:00,2023-10-31,2023-11-29,momentum,20,20,20,0,valid,0.08938218311020729,-0.06465195608144114,down
base,replay_base_2023-10-31,2023-10-31T00:00:00+00:00,2023-10-31,2024-01-29,momentum,60,20,20,0,valid,0.19056418764178726,-0.06465195608144114,down
base,replay_base_2023-10-31,2023-10-31T00:00:00+00:00,2023-10-31,2024-04-24,momentum,120,20,20,0,valid,0.31448155960306107,-0.06465195608144114,down
base,replay_base_2023-10-31,2023-10-31T00:00:00+00:00,2023-10-31,2023-11-29,research_pool,20,30,30,0,valid,0.0837515442600268,-0.06465195608144114,down
base,replay_base_2023-10-31,2023-10-31T00:00:00+00:00,2023-10-31,2024-01-29,research_pool,60,30,30,0,valid,0.22734556755085913,-0.06465195608144114,down
base,replay_base_2023-10-31,2023-10-31T00:00:00+00:00,2023-10-31,2024-04-24,research_pool,120,30,30,0,valid,0.2913251828263643,-0.06465195608144114,down
base,replay_base_2023-11-30,2023-11-30T00:00:00+00:00,2023-11-30,2023-12-29,low_value,20,20,20,0,valid,0.06301820739229196,0.03764373182509417,up
base,replay_base_2023-11-30,2023-11-30T00:00:00+00:00,2023-11-30,2024-02-28,low_value,60,20,20,0,valid,0.17450553195973964,0.03764373182509417,up
base,replay_base_2023-11-30,2023-11-30T00:00:00+00:00,2023-11-30,2024-05-23,low_value,120,20,20,0,valid,0.24429547865697607,0.03764373182509417,up
base,replay_base_2023-11-30,2023-11-30T00:00:00+00:00,2023-11-30,2023-12-29,industry_trend,20,23,23,0,valid,0.056362205078009146,0.03764373182509417,up
base,replay_base_2023-11-30,2023-11-30T00:00:00+00:00,2023-11-30,2024-02-28,industry_trend,60,23,23,0,valid,0.1265848517146939,0.03764373182509417,up
base,replay_base_2023-11-30,2023-11-30T00:00:00+00:00,2023-11-30,2024-05-23,industry_trend,120,23,23,0,valid,0.1882026243223808,0.03764373182509417,up
base,replay_base_2023-11-30,2023-11-30T00:00:00+00:00,2023-11-30,2023-12-29,momentum,20,21,21,0,valid,0.06199303954251646,0.03764373182509417,up
base,replay_base_2023-11-30,2023-11-30T00:00:00+00:00,2023-11-30,2024-02-28,momentum,60,21,21,0,valid,0.12936836380457825,0.03764373182509417,up
base,replay_base_2023-11-30,2023-11-30T00:00:00+00:00,2023-11-30,2024-05-23,momentum,120,21,21,0,valid,0.12092464483244013,0.03764373182509417,up
base,replay_base_2023-11-30,2023-11-30T00:00:00+00:00,2023-11-30,2023-12-29,research_pool,20,30,30,0,valid,0.06877703096801792,0.03764373182509417,up
base,replay_base_2023-11-30,2023-11-30T00:00:00+00:00,2023-11-30,2024-02-28,research_pool,60,30,30,0,valid,0.20753143381618686,0.03764373182509417,up
base,replay_base_2023-11-30,2023-11-30T00:00:00+00:00,2023-11-30,2024-05-23,research_pool,120,30,30,0,valid,0.34700747900622086,0.03764373182509417,up
base,replay_base_2023-12-29,2023-12-29T00:00:00+00:00,2023-12-29,2024-01-30,low_value,20,22,22,0,valid,0.04982219291196921,0.13827421327699296,up
base,replay_base_2023-12-29,2023-12-29T00:00:00+00:00,2023-12-29,2024-03-27,low_value,60,22,22,0,valid,0.16855997516128166,0.13827421327699296,up
base,replay_base_2023-12-29,2023-12-29T00:00:00+00:00,2023-12-29,2024-06-24,low_value,120,22,22,0,valid,0.18843849953671493,0.13827421327699296,up
base,replay_base_2023-12-29,2023-12-29T00:00:00+00:00,2023-12-29,2024-01-30,industry_trend,20,20,20,0,valid,0.033611374582104336,0.13827421327699296,up
base,replay_base_2023-12-29,2023-12-29T00:00:00+00:00,2023-12-29,2024-03-27,industry_trend,60,20,20,0,valid,0.13977387258446547,0.13827421327699296,up
base,replay_base_2023-12-29,2023-12-29T00:00:00+00:00,2023-12-29,2024-06-24,industry_trend,120,20,20,0,valid,0.17188979256642073,0.13827421327699296,up
base,replay_base_2023-12-29,2023-12-29T00:00:00+00:00,2023-12-29,2024-01-30,momentum,20,21,21,0,valid,0.016766097869959053,0.13827421327699296,up
base,replay_base_2023-12-29,2023-12-29T00:00:00+00:00,2023-12-29,2024-03-27,momentum,60,21,21,0,valid,0.1240622518337384,0.13827421327699296,up
base,replay_base_2023-12-29,2023-12-29T00:00:00+00:00,2023-12-29,2024-06-24,momentum,120,21,21,0,valid,0.15938588026262623,0.13827421327699296,up
base,replay_base_2023-12-29,2023-12-29T00:00:00+00:00,2023-12-29,2024-01-30,research_pool,20,30,30,0,valid,0.0357484860954196,0.13827421327699296,up
base,replay_base_2023-12-29,2023-12-29T00:00:00+00:00,2023-12-29,2024-03-27,research_pool,60,30,30,0,valid,0.1714176885486334,0.13827421327699296,up
base,replay_base_2023-12-29,2023-12-29T00:00:00+00:00,2023-12-29,2024-06-24,research_pool,120,30,30,0,valid,0.1710798931182053,0.13827421327699296,up
base,replay_base_2024-01-31,2024-01-31T00:00:00+00:00,2024-01-31,2024-02-29,low_value,20,22,22,0,valid,0.09341056852738046,0.14713731532175967,up
base,replay_base_2024-01-31,2024-01-31T00:00:00+00:00,2024-01-31,2024-04-26,low_value,60,22,22,0,valid,0.11949093485117344,0.14713731532175967,up
base,replay_base_2024-01-31,2024-01-31T00:00:00+00:00,2024-01-31,2024-07-24,low_value,120,22,22,0,valid,0.12642886957356592,0.14713731532175967,up
base,replay_base_2024-01-31,2024-01-31T00:00:00+00:00,2024-01-31,2024-02-29,industry_trend,20,21,21,0,valid,0.0737189220104311,0.14713731532175967,up
base,replay_base_2024-01-31,2024-01-31T00:00:00+00:00,2024-01-31,2024-04-26,industry_trend,60,21,21,0,valid,0.09134618306477275,0.14713731532175967,up
base,replay_base_2024-01-31,2024-01-31T00:00:00+00:00,2024-01-31,2024-07-24,industry_trend,120,21,21,0,valid,0.12408531057525994,0.14713731532175967,up
base,replay_base_2024-01-31,2024-01-31T00:00:00+00:00,2024-01-31,2024-02-29,momentum,20,21,21,0,valid,0.11443818879500865,0.14713731532175967,up
base,replay_base_2024-01-31,2024-01-31T00:00:00+00:00,2024-01-31,2024-04-26,momentum,60,21,21,0,valid,0.1186451465048215,0.14713731532175967,up
base,replay_base_2024-01-31,2024-01-31T00:00:00+00:00,2024-01-31,2024-07-24,momentum,120,21,21,0,valid,0.12935896389541246,0.14713731532175967,up
base,replay_base_2024-01-31,2024-01-31T00:00:00+00:00,2024-01-31,2024-02-29,research_pool,20,30,30,0,valid,0.08571522315584591,0.14713731532175967,up
base,replay_base_2024-01-31,2024-01-31T00:00:00+00:00,2024-01-31,2024-04-26,research_pool,60,30,30,0,valid,0.1030092730942914,0.14713731532175967,up
base,replay_base_2024-01-31,2024-01-31T00:00:00+00:00,2024-01-31,2024-07-24,research_pool,120,30,30,0,valid,0.11684426614867964,0.14713731532175967,up
base,replay_base_2024-02-29,2024-02-29T00:00:00+00:00,2024-02-29,2024-03-28,low_value,20,21,21,0,valid,0.04605847718481328,0.1260674445441723,up
base,replay_base_2024-02-29,2024-02-29T00:00:00+00:00,2024-02-29,2024-05-24,low_value,60,21,21,0,valid,0.05801265424841084,0.1260674445441723,up
base,replay_base_2024-02-29,2024-02-29T00:00:00+00:00,2024-02-29,2024-08-21,low_value,120,21,21,0,valid,0.050588834083254465,0.1260674445441723,up
base,replay_base_2024-02-29,2024-02-29T00:00:00+00:00,2024-02-29,2024-03-28,industry_trend,20,22,22,0,valid,0.03758356580128433,0.1260674445441723,up
base,replay_base_2024-02-29,2024-02-29T00:00:00+00:00,2024-02-29,2024-05-24,industry_trend,60,22,22,0,valid,0.07078706023822899,0.1260674445441723,up
base,replay_base_2024-02-29,2024-02-29T00:00:00+00:00,2024-02-29,2024-08-21,industry_trend,120,22,22,0,valid,0.07404063054618538,0.1260674445441723,up
base,replay_base_2024-02-29,2024-02-29T00:00:00+00:00,2024-02-29,2024-03-28,momentum,20,21,21,0,valid,0.04486630429727754,0.1260674445441723,up
base,replay_base_2024-02-29,2024-02-29T00:00:00+00:00,2024-02-29,2024-05-24,momentum,60,21,21,0,valid,0.0750248060423269,0.1260674445441723,up
base,replay_base_2024-02-29,2024-02-29T00:00:00+00:00,2024-02-29,2024-08-21,momentum,120,21,21,0,valid,0.07088151314224474,0.1260674445441723,up
base,replay_base_2024-02-29,2024-02-29T00:00:00+00:00,2024-02-29,2024-03-28,research_pool,20,30,30,0,valid,0.03658329385880356,0.1260674445441723,up
base,replay_base_2024-02-29,2024-02-29T00:00:00+00:00,2024-02-29,2024-05-24,research_pool,60,30,30,0,valid,0.06533281589961891,0.1260674445441723,up
base,replay_base_2024-02-29,2024-02-29T00:00:00+00:00,2024-02-29,2024-08-21,research_pool,120,30,30,0,valid,0.08562722750533601,0.1260674445441723,up
base,replay_base_2024-03-29,2024-03-29T00:00:00+00:00,2024-03-29,2024-04-26,low_value,20,23,23,0,valid,-0.02365442426244871,0.10305514157973161,up
base,replay_base_2024-03-29,2024-03-29T00:00:00+00:00,2024-03-29,2024-06-25,low_value,60,23,23,0,valid,0.038988424263533925,0.10305514157973161,up
base,replay_base_2024-03-29,2024-03-29T00:00:00+00:00,2024-03-29,2024-09-19,low_value,120,23,23,0,valid,0.07101224736096405,0.10305514157973161,up
base,replay_base_2024-03-29,2024-03-29T00:00:00+00:00,2024-03-29,2024-04-26,industry_trend,20,19,19,0,valid,-0.019103703627373465,0.10305514157973161,up
base,replay_base_2024-03-29,2024-03-29T00:00:00+00:00,2024-03-29,2024-06-25,industry_trend,60,19,19,0,valid,0.04022530201711752,0.10305514157973161,up
base,replay_base_2024-03-29,2024-03-29T00:00:00+00:00,2024-03-29,2024-09-19,industry_trend,120,19,19,0,valid,0.13969953085357498,0.10305514157973161,up
base,replay_base_2024-03-29,2024-03-29T00:00:00+00:00,2024-03-29,2024-04-26,momentum,20,19,19,0,valid,-0.013309693641700952,0.10305514157973161,up
base,replay_base_2024-03-29,2024-03-29T00:00:00+00:00,2024-03-29,2024-06-25,momentum,60,19,19,0,valid,0.06248289168394428,0.10305514157973161,up
base,replay_base_2024-03-29,2024-03-29T00:00:00+00:00,2024-03-29,2024-09-19,momentum,120,19,19,0,valid,0.108412419467771,0.10305514157973161,up
base,replay_base_2024-03-29,2024-03-29T00:00:00+00:00,2024-03-29,2024-04-26,research_pool,20,30,30,0,valid,-0.026280105611567607,0.10305514157973161,up
base,replay_base_2024-03-29,2024-03-29T00:00:00+00:00,2024-03-29,2024-06-25,research_pool,60,30,30,0,valid,-0.019577924099963385,0.10305514157973161,up
base,replay_base_2024-03-29,2024-03-29T00:00:00+00:00,2024-03-29,2024-09-19,research_pool,120,30,30,0,valid,0.07295556772130034,0.10305514157973161,up
base,replay_base_2024-04-30,2024-04-30T00:00:00+00:00,2024-04-30,2024-05-29,low_value,20,20,20,0,valid,0.05903081311667248,-0.010520919502732151,down
base,replay_base_2024-04-30,2024-04-30T00:00:00+00:00,2024-04-30,2024-07-26,low_value,60,20,20,0,valid,0.03327685091405632,-0.010520919502732151,down
base,replay_base_2024-04-30,2024-04-30T00:00:00+00:00,2024-04-30,2024-10-21,low_value,120,20,20,0,valid,0.14917409535405796,-0.010520919502732151,down
base,replay_base_2024-04-30,2024-04-30T00:00:00+00:00,2024-04-30,2024-05-29,industry_trend,20,19,19,0,valid,0.05542781829315923,-0.010520919502732151,down
base,replay_base_2024-04-30,2024-04-30T00:00:00+00:00,2024-04-30,2024-07-26,industry_trend,60,19,19,0,valid,0.05134703051257519,-0.010520919502732151,down
base,replay_base_2024-04-30,2024-04-30T00:00:00+00:00,2024-04-30,2024-10-21,industry_trend,120,19,19,0,valid,0.1994065118662597,-0.010520919502732151,down
base,replay_base_2024-04-30,2024-04-30T00:00:00+00:00,2024-04-30,2024-05-29,momentum,20,19,19,0,valid,0.06984970518930617,-0.010520919502732151,down
base,replay_base_2024-04-30,2024-04-30T00:00:00+00:00,2024-04-30,2024-07-26,momentum,60,19,19,0,valid,0.05405362195661904,-0.010520919502732151,down
base,replay_base_2024-04-30,2024-04-30T00:00:00+00:00,2024-04-30,2024-10-21,momentum,120,19,19,0,valid,0.2053984519444848,-0.010520919502732151,down
base,replay_base_2024-04-30,2024-04-30T00:00:00+00:00,2024-04-30,2024-05-29,research_pool,20,30,30,0,valid,0.01113235470803169,-0.010520919502732151,down
base,replay_base_2024-04-30,2024-04-30T00:00:00+00:00,2024-04-30,2024-07-26,research_pool,60,30,30,0,valid,0.048368864020487554,-0.010520919502732151,down
base,replay_base_2024-04-30,2024-04-30T00:00:00+00:00,2024-04-30,2024-10-21,research_pool,120,30,30,0,valid,0.16579077982582413,-0.010520919502732151,down
base,replay_base_2024-05-31,2024-05-31T00:00:00+00:00,2024-05-31,2024-07-01,low_value,20,21,21,0,valid,-0.028349524241630064,0.029029758920840365,up
base,replay_base_2024-05-31,2024-05-31T00:00:00+00:00,2024-05-31,2024-08-27,low_value,60,21,21,0,valid,-0.019751823931972383,0.029029758920840365,up
base,replay_base_2024-05-31,2024-05-31T00:00:00+00:00,2024-05-31,2024-11-20,low_value,120,21,21,0,valid,0.23111177377152164,0.029029758920840365,up
base,replay_base_2024-05-31,2024-05-31T00:00:00+00:00,2024-05-31,2024-07-01,industry_trend,20,20,20,0,valid,0.022994009681122744,0.029029758920840365,up
base,replay_base_2024-05-31,2024-05-31T00:00:00+00:00,2024-05-31,2024-08-27,industry_trend,60,20,20,0,valid,0.039428810140729395,0.029029758920840365,up
base,replay_base_2024-05-31,2024-05-31T00:00:00+00:00,2024-05-31,2024-11-20,industry_trend,120,20,20,0,valid,0.1603539491127597,0.029029758920840365,up
base,replay_base_2024-05-31,2024-05-31T00:00:00+00:00,2024-05-31,2024-07-01,momentum,20,20,20,0,valid,0.008959096558736024,0.029029758920840365,up
base,replay_base_2024-05-31,2024-05-31T00:00:00+00:00,2024-05-31,2024-08-27,momentum,60,20,20,0,valid,0.029351686700151126,0.029029758920840365,up
base,replay_base_2024-05-31,2024-05-31T00:00:00+00:00,2024-05-31,2024-11-20,momentum,120,20,20,0,valid,0.15845474360036219,0.029029758920840365,up
base,replay_base_2024-05-31,2024-05-31T00:00:00+00:00,2024-05-31,2024-07-01,research_pool,20,30,30,0,valid,0.01632692714137774,0.029029758920840365,up
base,replay_base_2024-05-31,2024-05-31T00:00:00+00:00,2024-05-31,2024-08-27,research_pool,60,30,30,0,valid,0.07854929252763704,0.029029758920840365,up
base,replay_base_2024-05-31,2024-05-31T00:00:00+00:00,2024-05-31,2024-11-20,research_pool,120,30,30,0,valid,0.25403901660080114,0.029029758920840365,up
base,replay_base_2024-06-28,2024-06-28T00:00:00+00:00,2024-06-28,2024-07-29,low_value,20,20,20,0,valid,-0.016821884051492337,0.0836255061186637,up
base,replay_base_2024-06-28,2024-06-28T00:00:00+00:00,2024-06-28,2024-09-24,low_value,60,20,20,0,valid,0.05642673173717494,0.0836255061186637,up
base,replay_base_2024-06-28,2024-06-28T00:00:00+00:00,2024-06-28,2024-12-18,low_value,120,20,20,0,valid,0.09528271746393444,0.0836255061186637,up
base,replay_base_2024-06-28,2024-06-28T00:00:00+00:00,2024-06-28,2024-07-29,industry_trend,20,21,21,0,valid,0.008216560143469772,0.0836255061186637,up
base,replay_base_2024-06-28,2024-06-28T00:00:00+00:00,2024-06-28,2024-09-24,industry_trend,60,21,21,0,valid,0.09422497936442069,0.0836255061186637,up
base,replay_base_2024-06-28,2024-06-28T00:00:00+00:00,2024-06-28,2024-12-18,industry_trend,120,21,21,0,valid,0.16294462448890987,0.0836255061186637,up
base,replay_base_2024-06-28,2024-06-28T00:00:00+00:00,2024-06-28,2024-07-29,momentum,20,21,21,0,valid,0.021407877837919236,0.0836255061186637,up
base,replay_base_2024-06-28,2024-06-28T00:00:00+00:00,2024-06-28,2024-09-24,momentum,60,21,21,0,valid,0.10412483241202997,0.0836255061186637,up
base,replay_base_2024-06-28,2024-06-28T00:00:00+00:00,2024-06-28,2024-12-18,momentum,120,21,21,0,valid,0.18802835168452564,0.0836255061186637,up
base,replay_base_2024-06-28,2024-06-28T00:00:00+00:00,2024-06-28,2024-07-29,research_pool,20,30,30,0,valid,0.008106013904505915,0.0836255061186637,up
base,replay_base_2024-06-28,2024-06-28T00:00:00+00:00,2024-06-28,2024-09-24,research_pool,60,30,30,0,valid,0.10468675050615853,0.0836255061186637,up
base,replay_base_2024-06-28,2024-06-28T00:00:00+00:00,2024-06-28,2024-12-18,research_pool,120,30,30,0,valid,0.20934051955467683,0.0836255061186637,up
base,replay_base_2024-07-31,2024-07-31T00:00:00+00:00,2024-07-31,2024-08-28,low_value,20,25,25,0,valid,-0.0005620822454431223,0.08169990928611615,up
base,replay_base_2024-07-31,2024-07-31T00:00:00+00:00,2024-07-31,2024-10-24,low_value,60,25,25,0,valid,0.1004019652385873,0.08169990928611615,up
base,replay_base_2024-07-31,2024-07-31T00:00:00+00:00,2024-07-31,2025-01-23,low_value,120,25,25,0,valid,0.15720684856555864,0.08169990928611615,up
base,replay_base_2024-07-31,2024-07-31T00:00:00+00:00,2024-07-31,2024-08-28,industry_trend,20,19,19,0,valid,-0.00955834655093782,0.08169990928611615,up
base,replay_base_2024-07-31,2024-07-31T00:00:00+00:00,2024-07-31,2024-10-24,industry_trend,60,19,19,0,valid,0.08485541612670895,0.08169990928611615,up
base,replay_base_2024-07-31,2024-07-31T00:00:00+00:00,2024-07-31,2025-01-23,industry_trend,120,19,19,0,valid,0.20497632666111218,0.08169990928611615,up
base,replay_base_2024-07-31,2024-07-31T00:00:00+00:00,2024-07-31,2024-08-28,momentum,20,19,19,0,valid,0.002729768956835055,0.08169990928611615,up
base,replay_base_2024-07-31,2024-07-31T00:00:00+00:00,2024-07-31,2024-10-24,momentum,60,19,19,0,valid,0.08893257039729498,0.08169990928611615,up
base,replay_base_2024-07-31,2024-07-31T00:00:00+00:00,2024-07-31,2025-01-23,momentum,120,19,19,0,valid,0.16475749305098222,0.08169990928611615,up
base,replay_base_2024-07-31,2024-07-31T00:00:00+00:00,2024-07-31,2024-08-28,research_pool,20,30,30,0,valid,0.016676100137046745,0.08169990928611615,up
base,replay_base_2024-07-31,2024-07-31T00:00:00+00:00,2024-07-31,2024-10-24,research_pool,60,30,30,0,valid,0.10362225723637111,0.08169990928611615,up
base,replay_base_2024-07-31,2024-07-31T00:00:00+00:00,2024-07-31,2025-01-23,research_pool,120,30,30,0,valid,0.24639178551571536,0.08169990928611615,up
base,replay_base_2024-08-30,2024-08-30T00:00:00+00:00,2024-08-30,2024-09-30,low_value,20,21,21,0,valid,0.05125582683277986,0.027696887335792564,up
base,replay_base_2024-08-30,2024-08-30T00:00:00+00:00,2024-08-30,2024-11-25,low_value,60,21,21,0,valid,0.117922578591129,0.027696887335792564,up
base,replay_base_2024-08-30,2024-08-30T00:00:00+00:00,2024-08-30,2025-02-25,low_value,120,21,21,0,valid,0.08562639647272038,0.027696887335792564,up
base,replay_base_2024-08-30,2024-08-30T00:00:00+00:00,2024-08-30,2024-09-30,industry_trend,20,23,23,0,valid,0.07013172495056767,0.027696887335792564,up
base,replay_base_2024-08-30,2024-08-30T00:00:00+00:00,2024-08-30,2024-11-25,industry_trend,60,23,23,0,valid,0.13316662620518682,0.027696887335792564,up
base,replay_base_2024-08-30,2024-08-30T00:00:00+00:00,2024-08-30,2025-02-25,industry_trend,120,23,23,0,valid,0.07856660297649641,0.027696887335792564,up
base,replay_base_2024-08-30,2024-08-30T00:00:00+00:00,2024-08-30,2024-09-30,momentum,20,19,19,0,valid,0.08599258254087236,0.027696887335792564,up
base,replay_base_2024-08-30,2024-08-30T00:00:00+00:00,2024-08-30,2024-11-25,momentum,60,19,19,0,valid,0.203666903657793,0.027696887335792564,up
base,replay_base_2024-08-30,2024-08-30T00:00:00+00:00,2024-08-30,2025-02-25,momentum,120,19,19,0,valid,0.12561349334129351,0.027696887335792564,up
base,replay_base_2024-08-30,2024-08-30T00:00:00+00:00,2024-08-30,2024-09-30,research_pool,20,30,30,0,valid,0.063972960426079,0.027696887335792564,up
base,replay_base_2024-08-30,2024-08-30T00:00:00+00:00,2024-08-30,2024-11-25,research_pool,60,30,30,0,valid,0.224048496162447,0.027696887335792564,up
base,replay_base_2024-08-30,2024-08-30T00:00:00+00:00,2024-08-30,2025-02-25,research_pool,120,30,30,0,valid,0.12986755034869146,0.027696887335792564,up
base,replay_base_2024-09-30,2024-09-30T00:00:00+00:00,2024-09-30,2024-10-28,low_value,20,21,21,0,valid,0.023391173746789843,-0.016705962960723908,down
base,replay_base_2024-09-30,2024-09-30T00:00:00+00:00,2024-09-30,2024-12-24,low_value,60,21,21,0,valid,0.05326385300394797,-0.016705962960723908,down
base,replay_base_2024-09-30,2024-09-30T00:00:00+00:00,2024-09-30,2025-03-25,low_value,120,21,21,0,valid,-0.009877562982933963,-0.016705962960723908,down
base,replay_base_2024-09-30,2024-09-30T00:00:00+00:00,2024-09-30,2024-10-28,industry_trend,20,20,20,0,valid,0.006882316531136329,-0.016705962960723908,down
base,replay_base_2024-09-30,2024-09-30T00:00:00+00:00,2024-09-30,2024-12-24,industry_trend,60,20,20,0,valid,0.053306245654376846,-0.016705962960723908,down
base,replay_base_2024-09-30,2024-09-30T00:00:00+00:00,2024-09-30,2025-03-25,industry_trend,120,20,20,0,valid,-0.054214489076318005,-0.016705962960723908,down
base,replay_base_2024-09-30,2024-09-30T00:00:00+00:00,2024-09-30,2024-10-28,momentum,20,20,20,0,valid,0.005682766544952806,-0.016705962960723908,down
base,replay_base_2024-09-30,2024-09-30T00:00:00+00:00,2024-09-30,2024-12-24,momentum,60,20,20,0,valid,0.0326667830160033,-0.016705962960723908,down
base,replay_base_2024-09-30,2024-09-30T00:00:00+00:00,2024-09-30,2025-03-25,momentum,120,20,20,0,valid,-0.04597884951154998,-0.016705962960723908,down
base,replay_base_2024-09-30,2024-09-30T00:00:00+00:00,2024-09-30,2024-10-28,research_pool,20,30,30,0,valid,0.04308541280126429,-0.016705962960723908,down
base,replay_base_2024-09-30,2024-09-30T00:00:00+00:00,2024-09-30,2024-12-24,research_pool,60,30,30,0,valid,0.08063354446501227,-0.016705962960723908,down
base,replay_base_2024-09-30,2024-09-30T00:00:00+00:00,2024-09-30,2025-03-25,research_pool,120,30,30,0,valid,0.023817811222653907,-0.016705962960723908,down
base,replay_base_2024-10-31,2024-10-31T00:00:00+00:00,2024-10-31,2024-11-29,low_value,20,21,21,0,valid,0.08928103119860833,0.11245229227019826,up
base,replay_base_2024-10-31,2024-10-31T00:00:00+00:00,2024-10-31,2025-01-30,low_value,60,21,21,0,valid,0.08133345705870915,0.11245229227019826,up
base,replay_base_2024-10-31,2024-10-31T00:00:00+00:00,2024-10-31,2025-04-28,low_value,120,21,21,0,valid,-0.059600651535562106,0.11245229227019826,up
base,replay_base_2024-10-31,2024-10-31T00:00:00+00:00,2024-10-31,2024-11-29,industry_trend,20,20,20,0,valid,0.07343292581252023,0.11245229227019826,up
base,replay_base_2024-10-31,2024-10-31T00:00:00+00:00,2024-10-31,2025-01-30,industry_trend,60,20,20,0,valid,0.09327321124016703,0.11245229227019826,up
base,replay_base_2024-10-31,2024-10-31T00:00:00+00:00,2024-10-31,2025-04-28,industry_trend,120,20,20,0,valid,-0.07947695387627254,0.11245229227019826,up
base,replay_base_2024-10-31,2024-10-31T00:00:00+00:00,2024-10-31,2024-11-29,momentum,20,21,21,0,valid,0.09578822327607439,0.11245229227019826,up
base,replay_base_2024-10-31,2024-10-31T00:00:00+00:00,2024-10-31,2025-01-30,momentum,60,21,21,0,valid,0.11817416122569775,0.11245229227019826,up
base,replay_base_2024-10-31,2024-10-31T00:00:00+00:00,2024-10-31,2025-04-28,momentum,120,21,21,0,valid,-0.059767473216316154,0.11245229227019826,up
base,replay_base_2024-10-31,2024-10-31T00:00:00+00:00,2024-10-31,2024-11-29,research_pool,20,30,30,0,valid,0.0757060385474785,0.11245229227019826,up
base,replay_base_2024-10-31,2024-10-31T00:00:00+00:00,2024-10-31,2025-01-30,research_pool,60,30,30,0,valid,0.06753547304456585,0.11245229227019826,up
base,replay_base_2024-10-31,2024-10-31T00:00:00+00:00,2024-10-31,2025-04-28,research_pool,120,30,30,0,valid,-0.04703107562199924,0.11245229227019826,up
base,replay_base_2024-11-29,2024-11-29T00:00:00+00:00,2024-11-29,2024-12-30,low_value,20,20,20,0,valid,-0.04045264363323266,0.10541495890529795,up
base,replay_base_2024-11-29,2024-11-29T00:00:00+00:00,2024-11-29,2025-02-28,low_value,60,20,20,0,valid,-0.06287057215796912,0.10541495890529795,up
base,replay_base_2024-11-29,2024-11-29T00:00:00+00:00,2024-11-29,2025-05-27,low_value,120,20,20,0,valid,-0.0438924204520591,0.10541495890529795,up
base,replay_base_2024-11-29,2024-11-29T00:00:00+00:00,2024-11-29,2024-12-30,industry_trend,20,21,21,0,valid,-0.021172062902144392,0.10541495890529795,up
base,replay_base_2024-11-29,2024-11-29T00:00:00+00:00,2024-11-29,2025-02-28,industry_trend,60,21,21,0,valid,-0.07237340533940696,0.10541495890529795,up
base,replay_base_2024-11-29,2024-11-29T00:00:00+00:00,2024-11-29,2025-05-27,industry_trend,120,21,21,0,valid,-0.039276675805020485,0.10541495890529795,up
base,replay_base_2024-11-29,2024-11-29T00:00:00+00:00,2024-11-29,2024-12-30,momentum,20,21,21,0,valid,-0.03552487442458788,0.10541495890529795,up
base,replay_base_2024-11-29,2024-11-29T00:00:00+00:00,2024-11-29,2025-02-28,momentum,60,21,21,0,valid,-0.07275097060830517,0.10541495890529795,up
base,replay_base_2024-11-29,2024-11-29T00:00:00+00:00,2024-11-29,2025-05-27,momentum,120,21,21,0,valid,0.0024330615510311107,0.10541495890529795,up
base,replay_base_2024-11-29,2024-11-29T00:00:00+00:00,2024-11-29,2024-12-30,research_pool,20,30,30,0,valid,-0.04713924422672234,0.10541495890529795,up
base,replay_base_2024-11-29,2024-11-29T00:00:00+00:00,2024-11-29,2025-02-28,research_pool,60,30,30,0,valid,-0.05694669664460009,0.10541495890529795,up
base,replay_base_2024-11-29,2024-11-29T00:00:00+00:00,2024-11-29,2025-05-27,research_pool,120,30,30,0,valid,-0.009901909753771206,0.10541495890529795,up
base,replay_base_2024-12-31,2024-12-31T00:00:00+00:00,2024-12-31,2025-01-31,low_value,20,15,15,0,valid,0.07115926619034099,0.048956644848882735,up
base,replay_base_2024-12-31,2024-12-31T00:00:00+00:00,2024-12-31,2025-03-31,low_value,60,15,15,0,valid,-0.20770826344494994,0.048956644848882735,up
base,replay_base_2024-12-31,2024-12-31T00:00:00+00:00,2024-12-31,2025-06-26,low_value,120,15,15,0,valid,0.10971316477177101,0.048956644848882735,up
base,replay_base_2024-12-31,2024-12-31T00:00:00+00:00,2024-12-31,2025-01-31,industry_trend,20,21,21,0,valid,0.0073703216551818055,0.048956644848882735,up
base,replay_base_2024-12-31,2024-12-31T00:00:00+00:00,2024-12-31,2025-03-31,industry_trend,60,21,21,0,valid,-0.1299757963165566,0.048956644848882735,up
base,replay_base_2024-12-31,2024-12-31T00:00:00+00:00,2024-12-31,2025-06-26,industry_trend,120,21,21,0,valid,-0.013939074669544128,0.048956644848882735,up
base,replay_base_2024-12-31,2024-12-31T00:00:00+00:00,2024-12-31,2025-01-31,momentum,20,21,21,0,valid,0.012572334199082278,0.048956644848882735,up
base,replay_base_2024-12-31,2024-12-31T00:00:00+00:00,2024-12-31,2025-03-31,momentum,60,21,21,0,valid,-0.1137799912362824,0.048956644848882735,up
base,replay_base_2024-12-31,2024-12-31T00:00:00+00:00,2024-12-31,2025-06-26,momentum,120,21,21,0,valid,0.023915543078897435,0.048956644848882735,up
base,replay_base_2024-12-31,2024-12-31T00:00:00+00:00,2024-12-31,2025-01-31,research_pool,20,30,30,0,valid,0.03691534449828236,0.048956644848882735,up
base,replay_base_2024-12-31,2024-12-31T00:00:00+00:00,2024-12-31,2025-03-31,research_pool,60,30,30,0,valid,-0.07924427317061772,0.048956644848882735,up
base,replay_base_2024-12-31,2024-12-31T00:00:00+00:00,2024-12-31,2025-06-26,research_pool,120,30,30,0,valid,-0.002634557883968162,0.048956644848882735,up
base,replay_base_2025-01-31,2025-01-31T00:00:00+00:00,2025-01-31,2025-03-03,low_value,20,21,21,0,valid,-0.04704346030589267,0.07158244599002872,up
base,replay_base_2025-01-31,2025-01-31T00:00:00+00:00,2025-01-31,2025-04-29,low_value,60,21,21,0,valid,-0.1003026925692845,0.07158244599002872,up
base,replay_base_2025-01-31,2025-01-31T00:00:00+00:00,2025-01-31,2025-07-25,low_value,120,21,21,0,valid,0.04060630241758824,0.07158244599002872,up
base,replay_base_2025-01-31,2025-01-31T00:00:00+00:00,2025-01-31,2025-03-03,industry_trend,20,20,20,0,valid,-0.06578690552372483,0.07158244599002872,up
base,replay_base_2025-01-31,2025-01-31T00:00:00+00:00,2025-01-31,2025-04-29,industry_trend,60,20,20,0,valid,-0.11900157993078386,0.07158244599002872,up
base,replay_base_2025-01-31,2025-01-31T00:00:00+00:00,2025-01-31,2025-07-25,industry_trend,120,20,20,0,valid,0.08754265845339919,0.07158244599002872,up
base,replay_base_2025-01-31,2025-01-31T00:00:00+00:00,2025-01-31,2025-03-03,momentum,20,19,19,0,valid,-0.053165693082634115,0.07158244599002872,up
base,replay_base_2025-01-31,2025-01-31T00:00:00+00:00,2025-01-31,2025-04-29,momentum,60,19,19,0,valid,-0.1002760913391839,0.07158244599002872,up
base,replay_base_2025-01-31,2025-01-31T00:00:00+00:00,2025-01-31,2025-07-25,momentum,120,19,19,0,valid,0.07539977497045185,0.07158244599002872,up
base,replay_base_2025-01-31,2025-01-31T00:00:00+00:00,2025-01-31,2025-03-03,research_pool,20,30,30,0,valid,-0.06273437321776539,0.07158244599002872,up
base,replay_base_2025-01-31,2025-01-31T00:00:00+00:00,2025-01-31,2025-04-29,research_pool,60,30,30,0,valid,-0.0598639805045222,0.07158244599002872,up
base,replay_base_2025-01-31,2025-01-31T00:00:00+00:00,2025-01-31,2025-07-25,research_pool,120,30,30,0,valid,0.07927003246199896,0.07158244599002872,up
base,replay_base_2025-02-28,2025-02-28T00:00:00+00:00,2025-02-28,2025-03-28,low_value,20,19,19,0,valid,-0.07079533749786916,-0.0032565621689488733,down
base,replay_base_2025-02-28,2025-02-28T00:00:00+00:00,2025-02-28,2025-05-27,low_value,60,19,19,0,valid,-0.013236339900065406,-0.0032565621689488733,down
base,replay_base_2025-02-28,2025-02-28T00:00:00+00:00,2025-02-28,2025-08-21,low_value,120,19,19,0,valid,0.0035817530093059367,-0.0032565621689488733,down
base,replay_base_2025-02-28,2025-02-28T00:00:00+00:00,2025-02-28,2025-03-28,industry_trend,20,19,19,0,valid,-0.06861252033379527,-0.0032565621689488733,down
base,replay_base_2025-02-28,2025-02-28T00:00:00+00:00,2025-02-28,2025-05-27,industry_trend,60,19,19,0,valid,0.01795568106030494,-0.0032565621689488733,down
base,replay_base_2025-02-28,2025-02-28T00:00:00+00:00,2025-02-28,2025-08-21,industry_trend,120,19,19,0,valid,0.11647251651687929,-0.0032565621689488733,down
base,replay_base_2025-02-28,2025-02-28T00:00:00+00:00,2025-02-28,2025-03-28,momentum,20,19,19,0,valid,-0.057987585771495084,-0.0032565621689488733,down
base,replay_base_2025-02-28,2025-02-28T00:00:00+00:00,2025-02-28,2025-05-27,momentum,60,19,19,0,valid,0.024571378761680057,-0.0032565621689488733,down
base,replay_base_2025-02-28,2025-02-28T00:00:00+00:00,2025-02-28,2025-08-21,momentum,120,19,19,0,valid,0.12432530675357165,-0.0032565621689488733,down
base,replay_base_2025-02-28,2025-02-28T00:00:00+00:00,2025-02-28,2025-03-28,research_pool,20,30,30,0,valid,-0.067262488770461,-0.0032565621689488733,down
base,replay_base_2025-02-28,2025-02-28T00:00:00+00:00,2025-02-28,2025-05-27,research_pool,60,30,30,0,valid,0.03334185568146344,-0.0032565621689488733,down
base,replay_base_2025-02-28,2025-02-28T00:00:00+00:00,2025-02-28,2025-08-21,research_pool,120,30,30,0,valid,0.12075459692003666,-0.0032565621689488733,down
base,replay_base_2025-03-31,2025-03-31T00:00:00+00:00,2025-03-31,2025-05-08,low_value,20,0,0,0,no_signal,,-0.0827611838115917,down
base,replay_base_2025-03-31,2025-03-31T00:00:00+00:00,2025-03-31,2025-07-03,low_value,60,0,0,0,no_signal,,-0.0827611838115917,down
base,replay_base_2025-03-31,2025-03-31T00:00:00+00:00,2025-03-31,2025-09-25,low_value,120,0,0,0,no_signal,,-0.0827611838115917,down
base,replay_base_2025-03-31,2025-03-31T00:00:00+00:00,2025-03-31,2025-05-08,industry_trend,20,0,0,0,no_signal,,-0.0827611838115917,down
base,replay_base_2025-03-31,2025-03-31T00:00:00+00:00,2025-03-31,2025-07-03,industry_trend,60,0,0,0,no_signal,,-0.0827611838115917,down
base,replay_base_2025-03-31,2025-03-31T00:00:00+00:00,2025-03-31,2025-09-25,industry_trend,120,0,0,0,no_signal,,-0.0827611838115917,down
base,replay_base_2025-03-31,2025-03-31T00:00:00+00:00,2025-03-31,2025-05-08,momentum,20,0,0,0,no_signal,,-0.0827611838115917,down
base,replay_base_2025-03-31,2025-03-31T00:00:00+00:00,2025-03-31,2025-07-03,momentum,60,0,0,0,no_signal,,-0.0827611838115917,down
base,replay_base_2025-03-31,2025-03-31T00:00:00+00:00,2025-03-31,2025-09-25,momentum,120,0,0,0,no_signal,,-0.0827611838115917,down
base,replay_base_2025-03-31,2025-03-31T00:00:00+00:00,2025-03-31,2025-04-29,research_pool,20,30,30,0,valid,0.019230203571963197,-0.0827611838115917,down
base,replay_base_2025-03-31,2025-03-31T00:00:00+00:00,2025-03-31,2025-06-26,research_pool,60,30,30,0,valid,0.17058981973750148,-0.0827611838115917,down
base,replay_base_2025-03-31,2025-03-31T00:00:00+00:00,2025-03-31,2025-09-22,research_pool,120,30,30,0,valid,0.33832364052177716,-0.0827611838115917,down
base,replay_base_2025-04-30,2025-04-30T00:00:00+00:00,2025-04-30,2025-06-07,low_value,20,0,0,0,no_signal,,-0.0825144313377223,down
base,replay_base_2025-04-30,2025-04-30T00:00:00+00:00,2025-04-30,2025-08-02,low_value,60,0,0,0,no_signal,,-0.0825144313377223,down
base,replay_base_2025-04-30,2025-04-30T00:00:00+00:00,2025-04-30,2025-10-25,low_value,120,0,0,0,no_signal,,-0.0825144313377223,down
base,replay_base_2025-04-30,2025-04-30T00:00:00+00:00,2025-04-30,2025-06-07,industry_trend,20,0,0,0,no_signal,,-0.0825144313377223,down
base,replay_base_2025-04-30,2025-04-30T00:00:00+00:00,2025-04-30,2025-08-02,industry_trend,60,0,0,0,no_signal,,-0.0825144313377223,down
base,replay_base_2025-04-30,2025-04-30T00:00:00+00:00,2025-04-30,2025-10-25,industry_trend,120,0,0,0,no_signal,,-0.0825144313377223,down
base,replay_base_2025-04-30,2025-04-30T00:00:00+00:00,2025-04-30,2025-06-07,momentum,20,0,0,0,no_signal,,-0.0825144313377223,down
base,replay_base_2025-04-30,2025-04-30T00:00:00+00:00,2025-04-30,2025-08-02,momentum,60,0,0,0,no_signal,,-0.0825144313377223,down
base,replay_base_2025-04-30,2025-04-30T00:00:00+00:00,2025-04-30,2025-10-25,momentum,120,0,0,0,no_signal,,-0.0825144313377223,down
base,replay_base_2025-04-30,2025-04-30T00:00:00+00:00,2025-04-30,2025-05-29,research_pool,20,30,30,0,valid,0.0700775767728245,-0.0825144313377223,down
base,replay_base_2025-04-30,2025-04-30T00:00:00+00:00,2025-04-30,2025-07-28,research_pool,60,30,30,0,valid,0.17172130359706497,-0.0825144313377223,down
base,replay_base_2025-04-30,2025-04-30T00:00:00+00:00,2025-04-30,2025-10-21,research_pool,120,30,30,0,valid,0.23576104996867853,-0.0825144313377223,down
base,replay_base_2025-05-30,2025-05-30T00:00:00+00:00,2025-05-30,2025-06-30,low_value,20,21,21,0,valid,0.08404389529482272,0.03415926383300816,up
base,replay_base_2025-05-30,2025-05-30T00:00:00+00:00,2025-05-30,2025-08-26,low_value,60,21,21,0,valid,0.12586865398305988,0.03415926383300816,up
base,replay_base_2025-05-30,2025-05-30T00:00:00+00:00,2025-05-30,2025-11-19,low_value,120,21,21,0,valid,0.16032167527755897,0.03415926383300816,up
base,replay_base_2025-05-30,2025-05-30T00:00:00+00:00,2025-05-30,2025-06-30,industry_trend,20,20,20,0,valid,0.10395875585065147,0.03415926383300816,up
base,replay_base_2025-05-30,2025-05-30T00:00:00+00:00,2025-05-30,2025-08-26,industry_trend,60,20,20,0,valid,0.14037049491564274,0.03415926383300816,up
base,replay_base_2025-05-30,2025-05-30T00:00:00+00:00,2025-05-30,2025-11-19,industry_trend,120,20,20,0,valid,0.19866002535491456,0.03415926383300816,up
base,replay_base_2025-05-30,2025-05-30T00:00:00+00:00,2025-05-30,2025-06-30,momentum,20,19,19,0,valid,0.12079893914535296,0.03415926383300816,up
base,replay_base_2025-05-30,2025-05-30T00:00:00+00:00,2025-05-30,2025-08-26,momentum,60,19,19,0,valid,0.15740088435279437,0.03415926383300816,up
base,replay_base_2025-05-30,2025-05-30T00:00:00+00:00,2025-05-30,2025-11-19,momentum,120,19,19,0,valid,0.20541201810534906,0.03415926383300816,up
base,replay_base_2025-05-30,2025-05-30T00:00:00+00:00,2025-05-30,2025-06-30,research_pool,20,30,30,0,valid,0.06788341765409059,0.03415926383300816,up
base,replay_base_2025-05-30,2025-05-30T00:00:00+00:00,2025-05-30,2025-08-26,research_pool,60,30,30,0,valid,0.12144845749706439,0.03415926383300816,up
base,replay_base_2025-05-30,2025-05-30T00:00:00+00:00,2025-05-30,2025-11-19,research_pool,120,30,30,0,valid,0.13056984522878887,0.03415926383300816,up
base,replay_base_2025-06-30,2025-06-30T00:00:00+00:00,2025-06-30,2025-07-29,low_value,20,19,19,0,valid,0.03992751119319096,0.1585314626564731,up
base,replay_base_2025-06-30,2025-06-30T00:00:00+00:00,2025-06-30,2025-09-24,low_value,60,19,19,0,valid,0.09916249952725155,0.1585314626564731,up
base,replay_base_2025-06-30,2025-06-30T00:00:00+00:00,2025-06-30,2025-12-18,low_value,120,19,19,0,valid,0.06821548093823626,0.1585314626564731,up
base,replay_base_2025-06-30,2025-06-30T00:00:00+00:00,2025-06-30,2025-07-29,industry_trend,20,19,19,0,valid,0.07129022669901212,0.1585314626564731,up
base,replay_base_2025-06-30,2025-06-30T00:00:00+00:00,2025-06-30,2025-09-24,industry_trend,60,19,19,0,valid,0.1133014258303418,0.1585314626564731,up
base,replay_base_2025-06-30,2025-06-30T00:00:00+00:00,2025-06-30,2025-12-18,industry_trend,120,19,19,0,valid,0.13828656207765083,0.1585314626564731,up
base,replay_base_2025-06-30,2025-06-30T00:00:00+00:00,2025-06-30,2025-07-29,momentum,20,20,20,0,valid,0.05994897612571679,0.1585314626564731,up
base,replay_base_2025-06-30,2025-06-30T00:00:00+00:00,2025-06-30,2025-09-24,momentum,60,20,20,0,valid,0.11561239587944161,0.1585314626564731,up
base,replay_base_2025-06-30,2025-06-30T00:00:00+00:00,2025-06-30,2025-12-18,momentum,120,20,20,0,valid,0.17385166857523246,0.1585314626564731,up
base,replay_base_2025-06-30,2025-06-30T00:00:00+00:00,2025-06-30,2025-07-29,research_pool,20,30,30,0,valid,0.029402293897039737,0.1585314626564731,up
base,replay_base_2025-06-30,2025-06-30T00:00:00+00:00,2025-06-30,2025-09-24,research_pool,60,30,30,0,valid,0.052747491845029866,0.1585314626564731,up
base,replay_base_2025-06-30,2025-06-30T00:00:00+00:00,2025-06-30,2025-12-18,research_pool,120,30,30,0,valid,0.06011004283032866,0.1585314626564731,up
base,replay_base_2025-07-31,2025-07-31T00:00:00+00:00,2025-07-31,2025-08-28,low_value,20,20,20,0,valid,0.030536804808301253,0.16267105669307536,up
base,replay_base_2025-07-31,2025-07-31T00:00:00+00:00,2025-07-31,2025-10-24,low_value,60,20,20,0,valid,0.09845763441088823,0.16267105669307536,up
base,replay_base_2025-07-31,2025-07-31T00:00:00+00:00,2025-07-31,2026-01-22,low_value,120,20,20,0,valid,0.17069202158724717,0.16267105669307536,up
base,replay_base_2025-07-31,2025-07-31T00:00:00+00:00,2025-07-31,2025-08-28,industry_trend,20,21,21,0,valid,0.017602945570208268,0.16267105669307536,up
base,replay_base_2025-07-31,2025-07-31T00:00:00+00:00,2025-07-31,2025-10-24,industry_trend,60,21,21,0,valid,0.12675201233180516,0.16267105669307536,up
base,replay_base_2025-07-31,2025-07-31T00:00:00+00:00,2025-07-31,2026-01-22,industry_trend,120,21,21,0,valid,0.12095050746750766,0.16267105669307536,up
base,replay_base_2025-07-31,2025-07-31T00:00:00+00:00,2025-07-31,2025-08-28,momentum,20,21,21,0,valid,0.016823331011483235,0.16267105669307536,up
base,replay_base_2025-07-31,2025-07-31T00:00:00+00:00,2025-07-31,2025-10-24,momentum,60,21,21,0,valid,0.13612093305964335,0.16267105669307536,up
base,replay_base_2025-07-31,2025-07-31T00:00:00+00:00,2025-07-31,2026-01-22,momentum,120,21,21,0,valid,0.09750633319699421,0.16267105669307536,up
base,replay_base_2025-07-31,2025-07-31T00:00:00+00:00,2025-07-31,2025-08-28,research_pool,20,30,30,0,valid,0.04458664787717212,0.16267105669307536,up
base,replay_base_2025-07-31,2025-07-31T00:00:00+00:00,2025-07-31,2025-10-24,research_pool,60,30,30,0,valid,0.0845247120073323,0.16267105669307536,up
base,replay_base_2025-07-31,2025-07-31T00:00:00+00:00,2025-07-31,2026-01-22,research_pool,120,30,30,0,valid,0.1648292942383689,0.16267105669307536,up
base,replay_base_2025-08-29,2025-08-29T00:00:00+00:00,2025-08-29,2025-09-29,low_value,20,19,19,0,valid,0.04036155120919462,0.07858007413571366,up
base,replay_base_2025-08-29,2025-08-29T00:00:00+00:00,2025-08-29,2025-11-24,low_value,60,19,19,0,valid,0.05623691397062744,0.07858007413571366,up
base,replay_base_2025-08-29,2025-08-29T00:00:00+00:00,2025-08-29,2026-02-23,low_value,120,19,19,0,valid,0.1936926298869286,0.07858007413571366,up
base,replay_base_2025-08-29,2025-08-29T00:00:00+00:00,2025-08-29,2025-09-29,industry_trend,20,21,21,0,valid,0.023469020260630642,0.07858007413571366,up
base,replay_base_2025-08-29,2025-08-29T00:00:00+00:00,2025-08-29,2025-11-24,industry_trend,60,21,21,0,valid,0.014771737632811085,0.07858007413571366,up
base,replay_base_2025-08-29,2025-08-29T00:00:00+00:00,2025-08-29,2026-02-23,industry_trend,120,21,21,0,valid,0.06489239139654515,0.07858007413571366,up
base,replay_base_2025-08-29,2025-08-29T00:00:00+00:00,2025-08-29,2025-09-29,momentum,20,19,19,0,valid,0.046592719641435354,0.07858007413571366,up
base,replay_base_2025-08-29,2025-08-29T00:00:00+00:00,2025-08-29,2025-11-24,momentum,60,19,19,0,valid,0.08100723194355235,0.07858007413571366,up
base,replay_base_2025-08-29,2025-08-29T00:00:00+00:00,2025-08-29,2026-02-23,momentum,120,19,19,0,valid,0.25924182282027064,0.07858007413571366,up
base,replay_base_2025-08-29,2025-08-29T00:00:00+00:00,2025-08-29,2025-09-29,research_pool,20,30,30,0,valid,0.021597004617819524,0.07858007413571366,up
base,replay_base_2025-08-29,2025-08-29T00:00:00+00:00,2025-08-29,2025-11-24,research_pool,60,30,30,0,valid,0.01300817593884153,0.07858007413571366,up
base,replay_base_2025-08-29,2025-08-29T00:00:00+00:00,2025-08-29,2026-02-23,research_pool,120,30,30,0,valid,0.05649742560822686,0.07858007413571366,up
base,replay_base_2025-09-30,2025-09-30T00:00:00+00:00,2025-09-30,2025-10-28,low_value,20,20,20,0,valid,0.04587766595588878,0.08710138891403951,up
base,replay_base_2025-09-30,2025-09-30T00:00:00+00:00,2025-09-30,2025-12-24,low_value,60,20,20,0,valid,0.03027676120071034,0.08710138891403951,up
base,replay_base_2025-09-30,2025-09-30T00:00:00+00:00,2025-09-30,2026-03-24,low_value,120,20,20,0,valid,0.10424006237240373,0.08710138891403951,up
base,replay_base_2025-09-30,2025-09-30T00:00:00+00:00,2025-09-30,2025-10-28,industry_trend,20,22,22,0,valid,0.06031477091174089,0.08710138891403951,up
base,replay_base_2025-09-30,2025-09-30T00:00:00+00:00,2025-09-30,2025-12-24,industry_trend,60,22,22,0,valid,0.06689600517743836,0.08710138891403951,up
base,replay_base_2025-09-30,2025-09-30T00:00:00+00:00,2025-09-30,2026-03-24,industry_trend,120,22,22,0,valid,0.13729078478645915,0.08710138891403951,up
base,replay_base_2025-09-30,2025-09-30T00:00:00+00:00,2025-09-30,2025-10-28,momentum,20,20,20,0,valid,0.09712167011278947,0.08710138891403951,up
base,replay_base_2025-09-30,2025-09-30T00:00:00+00:00,2025-09-30,2025-12-24,momentum,60,20,20,0,valid,0.15095710650098607,0.08710138891403951,up
base,replay_base_2025-09-30,2025-09-30T00:00:00+00:00,2025-09-30,2026-03-24,momentum,120,20,20,0,valid,0.4996710645866809,0.08710138891403951,up
base,replay_base_2025-09-30,2025-09-30T00:00:00+00:00,2025-09-30,2025-10-28,research_pool,20,30,30,0,valid,0.031028509711232607,0.08710138891403951,up
base,replay_base_2025-09-30,2025-09-30T00:00:00+00:00,2025-09-30,2025-12-24,research_pool,60,30,30,0,valid,0.062124938963908395,0.08710138891403951,up
base,replay_base_2025-09-30,2025-09-30T00:00:00+00:00,2025-09-30,2026-03-24,research_pool,120,30,30,0,valid,0.04316199225390174,0.08710138891403951,up
base,replay_base_2025-10-31,2025-10-31T00:00:00+00:00,2025-10-31,2025-12-01,low_value,20,21,21,0,valid,-0.06216081878444638,0.10547767119918472,up
base,replay_base_2025-10-31,2025-10-31T00:00:00+00:00,2025-10-31,2026-01-29,low_value,60,21,21,0,valid,0.13026943686705414,0.10547767119918472,up
base,replay_base_2025-10-31,2025-10-31T00:00:00+00:00,2025-10-31,2026-04-27,low_value,120,21,21,0,valid,0.2722110449437328,0.10547767119918472,up
base,replay_base_2025-10-31,2025-10-31T00:00:00+00:00,2025-10-31,2025-12-01,industry_trend,20,23,23,0,valid,-0.05701404204777381,0.10547767119918472,up
base,replay_base_2025-10-31,2025-10-31T00:00:00+00:00,2025-10-31,2026-01-29,industry_trend,60,23,23,0,valid,0.050184993067532165,0.10547767119918472,up
base,replay_base_2025-10-31,2025-10-31T00:00:00+00:00,2025-10-31,2026-04-27,industry_trend,120,23,23,0,valid,0.17649930924619403,0.10547767119918472,up
base,replay_base_2025-10-31,2025-10-31T00:00:00+00:00,2025-10-31,2025-12-01,momentum,20,21,21,0,valid,-0.05801335069410286,0.10547767119918472,up
base,replay_base_2025-10-31,2025-10-31T00:00:00+00:00,2025-10-31,2026-01-29,momentum,60,21,21,0,valid,0.09352145189794359,0.10547767119918472,up
base,replay_base_2025-10-31,2025-10-31T00:00:00+00:00,2025-10-31,2026-04-27,momentum,120,21,21,0,valid,0.2637181264152837,0.10547767119918472,up
base,replay_base_2025-10-31,2025-10-31T00:00:00+00:00,2025-10-31,2025-12-01,research_pool,20,30,30,0,valid,-0.008791177591480256,0.10547767119918472,up
base,replay_base_2025-10-31,2025-10-31T00:00:00+00:00,2025-10-31,2026-01-29,research_pool,60,30,30,0,valid,0.04038126374209889,0.10547767119918472,up
base,replay_base_2025-10-31,2025-10-31T00:00:00+00:00,2025-10-31,2026-04-27,research_pool,120,30,30,0,valid,0.09838422951412241,0.10547767119918472,up
base,replay_base_2025-11-28,2025-11-28T00:00:00+00:00,2025-11-28,2025-12-29,low_value,20,22,22,0,valid,0.04016888754349612,0.07620901853075135,up
base,replay_base_2025-11-28,2025-11-28T00:00:00+00:00,2025-11-28,2026-02-26,low_value,60,22,22,0,valid,0.18752426027636593,0.07620901853075135,up
base,replay_base_2025-11-28,2025-11-28T00:00:00+00:00,2025-11-28,2026-05-22,low_value,120,22,22,0,valid,0.5104494566033222,0.07620901853075135,up
base,replay_base_2025-11-28,2025-11-28T00:00:00+00:00,2025-11-28,2025-12-29,industry_trend,20,22,22,0,valid,0.028158644577579283,0.07620901853075135,up
base,replay_base_2025-11-28,2025-11-28T00:00:00+00:00,2025-11-28,2026-02-26,industry_trend,60,22,22,0,valid,0.1530462492292227,0.07620901853075135,up
base,replay_base_2025-11-28,2025-11-28T00:00:00+00:00,2025-11-28,2026-05-22,industry_trend,120,22,22,0,valid,0.30946110688071343,0.07620901853075135,up
base,replay_base_2025-11-28,2025-11-28T00:00:00+00:00,2025-11-28,2025-12-29,momentum,20,21,21,0,valid,0.026728808316063262,0.07620901853075135,up
base,replay_base_2025-11-28,2025-11-28T00:00:00+00:00,2025-11-28,2026-02-26,momentum,60,21,21,0,valid,0.17335044531497518,0.07620901853075135,up
base,replay_base_2025-11-28,2025-11-28T00:00:00+00:00,2025-11-28,2026-05-22,momentum,120,21,21,0,valid,0.35933895443895514,0.07620901853075135,up
base,replay_base_2025-11-28,2025-11-28T00:00:00+00:00,2025-11-28,2025-12-29,research_pool,20,30,30,0,valid,0.014000829967540299,0.07620901853075135,up
base,replay_base_2025-11-28,2025-11-28T00:00:00+00:00,2025-11-28,2026-02-26,research_pool,60,30,30,0,valid,0.07658955440121659,0.07620901853075135,up
base,replay_base_2025-11-28,2025-11-28T00:00:00+00:00,2025-11-28,2026-05-22,research_pool,120,30,30,0,valid,0.31493631144305334,0.07620901853075135,up
base,replay_base_2025-12-31,2025-12-31T00:00:00+00:00,2025-12-31,2026-01-30,low_value,20,22,22,0,valid,0.15699495619435602,0.01081161137440767,up
base,replay_base_2025-12-31,2025-12-31T00:00:00+00:00,2025-12-31,2026-03-30,low_value,60,22,22,0,valid,0.05727270961033357,0.01081161137440767,up
base,replay_base_2025-12-31,2025-12-31T00:00:00+00:00,2025-12-31,2026-06-25,low_value,120,22,22,0,valid,0.9883436893077199,0.01081161137440767,up
base,replay_base_2025-12-31,2025-12-31T00:00:00+00:00,2025-12-31,2026-01-30,industry_trend,20,20,20,0,valid,0.05807588619068142,0.01081161137440767,up
base,replay_base_2025-12-31,2025-12-31T00:00:00+00:00,2025-12-31,2026-03-30,industry_trend,60,20,20,0,valid,-0.04236208434724294,0.01081161137440767,up
base,replay_base_2025-12-31,2025-12-31T00:00:00+00:00,2025-12-31,2026-06-25,industry_trend,120,20,20,0,valid,0.29950912142802066,0.01081161137440767,up
base,replay_base_2025-12-31,2025-12-31T00:00:00+00:00,2025-12-31,2026-01-30,momentum,20,19,19,0,valid,0.09441115511538258,0.01081161137440767,up
base,replay_base_2025-12-31,2025-12-31T00:00:00+00:00,2025-12-31,2026-03-30,momentum,60,19,19,0,valid,0.0015347404401515024,0.01081161137440767,up
base,replay_base_2025-12-31,2025-12-31T00:00:00+00:00,2025-12-31,2026-06-25,momentum,120,19,19,0,valid,0.40940316407149124,0.01081161137440767,up
base,replay_base_2025-12-31,2025-12-31T00:00:00+00:00,2025-12-31,2026-01-30,research_pool,20,30,30,0,valid,0.02212618501151443,0.01081161137440767,up
base,replay_base_2025-12-31,2025-12-31T00:00:00+00:00,2025-12-31,2026-03-30,research_pool,60,30,30,0,valid,-0.03395979176977678,0.01081161137440767,up
base,replay_base_2025-12-31,2025-12-31T00:00:00+00:00,2025-12-31,2026-06-25,research_pool,120,30,30,0,valid,0.12283852082536728,0.01081161137440767,up
base,replay_base_2026-01-30,2026-01-30T00:00:00+00:00,2026-01-30,2026-03-02,low_value,20,20,20,0,valid,0.0424785224199676,-0.016499509602303175,down
base,replay_base_2026-01-30,2026-01-30T00:00:00+00:00,2026-01-30,2026-04-28,low_value,60,20,20,0,valid,0.0835584940486723,-0.016499509602303175,down
base,replay_base_2026-01-30,2026-01-30T00:00:00+00:00,2026-01-30,2026-07-24,low_value,120,20,20,0,valid,0.2025749189231663,-0.016499509602303175,down
base,replay_base_2026-01-30,2026-01-30T00:00:00+00:00,2026-01-30,2026-03-02,industry_trend,20,21,21,0,valid,0.030193266795041106,-0.016499509602303175,down
base,replay_base_2026-01-30,2026-01-30T00:00:00+00:00,2026-01-30,2026-04-28,industry_trend,60,21,21,0,valid,0.09644220496063322,-0.016499509602303175,down
base,replay_base_2026-01-30,2026-01-30T00:00:00+00:00,2026-01-30,2026-07-24,industry_trend,120,21,21,0,valid,0.22057731535645392,-0.016499509602303175,down
base,replay_base_2026-01-30,2026-01-30T00:00:00+00:00,2026-01-30,2026-03-02,momentum,20,20,20,0,valid,0.052044271500686023,-0.016499509602303175,down
base,replay_base_2026-01-30,2026-01-30T00:00:00+00:00,2026-01-30,2026-04-28,momentum,60,20,20,0,valid,0.15080088168586786,-0.016499509602303175,down
base,replay_base_2026-01-30,2026-01-30T00:00:00+00:00,2026-01-30,2026-07-24,momentum,120,20,20,0,valid,0.288542211072315,-0.016499509602303175,down
base,replay_base_2026-01-30,2026-01-30T00:00:00+00:00,2026-01-30,2026-03-02,research_pool,20,30,30,0,valid,0.025164200026366344,-0.016499509602303175,down
base,replay_base_2026-01-30,2026-01-30T00:00:00+00:00,2026-01-30,2026-04-28,research_pool,60,30,30,0,valid,0.11340693371682033,-0.016499509602303175,down
base,replay_base_2026-01-30,2026-01-30T00:00:00+00:00,2026-01-30,2026-07-24,research_pool,120,30,30,0,valid,0.18099847060504867,-0.016499509602303175,down
base,replay_base_2026-02-27,2026-02-27T00:00:00+00:00,2026-02-27,2026-03-27,low_value,20,21,21,0,valid,-0.06083332451303861,-0.01606318347509106,down
base,replay_base_2026-02-27,2026-02-27T00:00:00+00:00,2026-02-27,2026-05-26,low_value,60,21,21,0,valid,0.12870748220070463,-0.01606318347509106,down
base,replay_base_2026-02-27,2026-02-27T00:00:00+00:00,2026-02-27,2026-08-20,low_value,120,21,21,0,valid,0.07085015036780265,-0.01606318347509106,down
base,replay_base_2026-02-27,2026-02-27T00:00:00+00:00,2026-02-27,2026-03-27,industry_trend,20,20,20,0,valid,-0.06968385110572564,-0.01606318347509106,down
base,replay_base_2026-02-27,2026-02-27T00:00:00+00:00,2026-02-27,2026-05-26,industry_trend,60,20,20,0,valid,0.20923192606842744,-0.01606318347509106,down
base,replay_base_2026-02-27,2026-02-27T00:00:00+00:00,2026-02-27,2026-08-20,industry_trend,120,20,20,0,valid,0.18955117580253306,-0.01606318347509106,down
base,replay_base_2026-02-27,2026-02-27T00:00:00+00:00,2026-02-27,2026-03-27,momentum,20,20,20,0,valid,-0.06688183110851806,-0.01606318347509106,down
base,replay_base_2026-02-27,2026-02-27T00:00:00+00:00,2026-02-27,2026-05-26,momentum,60,20,20,0,valid,0.2168350210465158,-0.01606318347509106,down
base,replay_base_2026-02-27,2026-02-27T00:00:00+00:00,2026-02-27,2026-08-20,momentum,120,20,20,0,valid,0.17107772620316736,-0.01606318347509106,down
base,replay_base_2026-02-27,2026-02-27T00:00:00+00:00,2026-02-27,2026-03-27,research_pool,20,30,30,0,valid,-0.0579236574239793,-0.01606318347509106,down
base,replay_base_2026-02-27,2026-02-27T00:00:00+00:00,2026-02-27,2026-05-26,research_pool,60,30,30,0,valid,0.2429060103401434,-0.01606318347509106,down
base,replay_base_2026-02-27,2026-02-27T00:00:00+00:00,2026-02-27,2026-08-20,research_pool,120,30,30,0,valid,0.21921900644100545,-0.01606318347509106,down
base,replay_base_2026-03-31,2026-03-31T00:00:00+00:00,2026-03-31,2026-05-08,low_value,20,0,0,0,no_signal,,-0.05867097279311029,down
base,replay_base_2026-03-31,2026-03-31T00:00:00+00:00,2026-03-31,2026-07-03,low_value,60,0,0,0,no_signal,,-0.05867097279311029,down
base,replay_base_2026-03-31,2026-03-31T00:00:00+00:00,2026-03-31,2026-09-25,low_value,120,0,0,0,no_signal,,-0.05867097279311029,down
base,replay_base_2026-03-31,2026-03-31T00:00:00+00:00,2026-03-31,2026-05-08,industry_trend,20,0,0,0,no_signal,,-0.05867097279311029,down
base,replay_base_2026-03-31,2026-03-31T00:00:00+00:00,2026-03-31,2026-07-03,industry_trend,60,0,0,0,no_signal,,-0.05867097279311029,down
base,replay_base_2026-03-31,2026-03-31T00:00:00+00:00,2026-03-31,2026-09-25,industry_trend,120,0,0,0,no_signal,,-0.05867097279311029,down
base,replay_base_2026-03-31,2026-03-31T00:00:00+00:00,2026-03-31,2026-05-08,momentum,20,0,0,0,no_signal,,-0.05867097279311029,down
base,replay_base_2026-03-31,2026-03-31T00:00:00+00:00,2026-03-31,2026-07-03,momentum,60,0,0,0,no_signal,,-0.05867097279311029,down
base,replay_base_2026-03-31,2026-03-31T00:00:00+00:00,2026-03-31,2026-09-25,momentum,120,0,0,0,no_signal,,-0.05867097279311029,down
base,replay_base_2026-03-31,2026-03-31T00:00:00+00:00,2026-03-31,2026-04-29,research_pool,20,30,30,0,valid,0.09755248285782278,-0.05867097279311029,down
base,replay_base_2026-03-31,2026-03-31T00:00:00+00:00,2026-03-31,2026-06-26,research_pool,60,30,30,0,valid,0.22656079229029974,-0.05867097279311029,down
base,replay_base_2026-03-31,2026-03-31T00:00:00+00:00,2026-03-31,2026-09-22,research_pool,120,30,30,0,valid,0.2925293180783654,-0.05867097279311029,down
loose,replay_loose_2023-01-31,2023-01-31T00:00:00+00:00,2023-01-31,2023-03-01,low_value,20,18,18,0,valid,0.0005109024564688794,0.10936264729134515,up
loose,replay_loose_2023-01-31,2023-01-31T00:00:00+00:00,2023-01-31,2023-04-27,low_value,60,18,18,0,valid,-0.01972601330402869,0.10936264729134515,up
loose,replay_loose_2023-01-31,2023-01-31T00:00:00+00:00,2023-01-31,2023-07-25,low_value,120,18,18,0,valid,0.1552168439994193,0.10936264729134515,up
loose,replay_loose_2023-01-31,2023-01-31T00:00:00+00:00,2023-01-31,2023-03-01,industry_trend,20,20,20,0,valid,-0.010008392755932355,0.10936264729134515,up
loose,replay_loose_2023-01-31,2023-01-31T00:00:00+00:00,2023-01-31,2023-04-27,industry_trend,60,20,20,0,valid,0.013309611174153014,0.10936264729134515,up
loose,replay_loose_2023-01-31,2023-01-31T00:00:00+00:00,2023-01-31,2023-07-25,industry_trend,120,20,20,0,valid,0.20922426626912705,0.10936264729134515,up
loose,replay_loose_2023-01-31,2023-01-31T00:00:00+00:00,2023-01-31,2023-03-01,momentum,20,19,19,0,valid,-0.0032259777512237556,0.10936264729134515,up
loose,replay_loose_2023-01-31,2023-01-31T00:00:00+00:00,2023-01-31,2023-04-27,momentum,60,19,19,0,valid,0.03431302012514125,0.10936264729134515,up
loose,replay_loose_2023-01-31,2023-01-31T00:00:00+00:00,2023-01-31,2023-07-25,momentum,120,19,19,0,valid,0.2622242890349953,0.10936264729134515,up
loose,replay_loose_2023-01-31,2023-01-31T00:00:00+00:00,2023-01-31,2023-03-01,research_pool,20,30,30,0,valid,-0.0010040204119230493,0.10936264729134515,up
loose,replay_loose_2023-01-31,2023-01-31T00:00:00+00:00,2023-01-31,2023-04-27,research_pool,60,30,30,0,valid,-0.028044175415204826,0.10936264729134515,up
loose,replay_loose_2023-01-31,2023-01-31T00:00:00+00:00,2023-01-31,2023-07-25,research_pool,120,30,30,0,valid,0.15707692606708473,0.10936264729134515,up
loose,replay_loose_2023-02-28,2023-02-28T00:00:00+00:00,2023-02-28,2023-03-28,low_value,20,21,21,0,valid,-0.0013724592471973634,0.00044303581774185474,up
loose,replay_loose_2023-02-28,2023-02-28T00:00:00+00:00,2023-02-28,2023-05-24,low_value,60,21,21,0,valid,0.022668764989136597,0.00044303581774185474,up
loose,replay_loose_2023-02-28,2023-02-28T00:00:00+00:00,2023-02-28,2023-08-21,low_value,120,21,21,0,valid,0.22056987519658033,0.00044303581774185474,up
loose,replay_loose_2023-02-28,2023-02-28T00:00:00+00:00,2023-02-28,2023-03-28,industry_trend,20,19,19,0,valid,0.00019092553488172923,0.00044303581774185474,up
loose,replay_loose_2023-02-28,2023-02-28T00:00:00+00:00,2023-02-28,2023-05-24,industry_trend,60,19,19,0,valid,0.034513552142010975,0.00044303581774185474,up
loose,replay_loose_2023-02-28,2023-02-28T00:00:00+00:00,2023-02-28,2023-08-21,industry_trend,120,19,19,0,valid,0.21883883701530185,0.00044303581774185474,up
loose,replay_loose_2023-02-28,2023-02-28T00:00:00+00:00,2023-02-28,2023-03-28,momentum,20,19,19,0,valid,-0.0007881855832045224,0.00044303581774185474,up
loose,replay_loose_2023-02-28,2023-02-28T00:00:00+00:00,2023-02-28,2023-05-24,momentum,60,19,19,0,valid,0.08489223936290233,0.00044303581774185474,up
loose,replay_loose_2023-02-28,2023-02-28T00:00:00+00:00,2023-02-28,2023-08-21,momentum,120,19,19,0,valid,0.2866328337400322,0.00044303581774185474,up
loose,replay_loose_2023-02-28,2023-02-28T00:00:00+00:00,2023-02-28,2023-03-28,research_pool,20,30,30,0,valid,-0.021780608354104967,0.00044303581774185474,up
loose,replay_loose_2023-02-28,2023-02-28T00:00:00+00:00,2023-02-28,2023-05-24,research_pool,60,30,30,0,valid,-0.008582142084986154,0.00044303581774185474,up
loose,replay_loose_2023-02-28,2023-02-28T00:00:00+00:00,2023-02-28,2023-08-21,research_pool,120,30,30,0,valid,0.11509532633518164,0.00044303581774185474,up
loose,replay_loose_2023-03-31,2023-03-31T00:00:00+00:00,2023-03-31,2023-05-01,low_value,20,22,22,0,valid,0.002284230142254126,0.2072170379289584,up
loose,replay_loose_2023-03-31,2023-03-31T00:00:00+00:00,2023-03-31,2023-06-28,low_value,60,22,22,0,valid,0.17295301547865846,0.2072170379289584,up
loose,replay_loose_2023-03-31,2023-03-31T00:00:00+00:00,2023-03-31,2023-09-22,low_value,120,22,22,0,valid,0.15416135001853656,0.2072170379289584,up
loose,replay_loose_2023-03-31,2023-03-31T00:00:00+00:00,2023-03-31,2023-05-01,industry_trend,20,24,24,0,valid,-0.011648734965953214,0.2072170379289584,up
loose,replay_loose_2023-03-31,2023-03-31T00:00:00+00:00,2023-03-31,2023-06-28,industry_trend,60,24,24,0,valid,0.08946574411946388,0.2072170379289584,up
loose,replay_loose_2023-03-31,2023-03-31T00:00:00+00:00,2023-03-31,2023-09-22,industry_trend,120,24,24,0,valid,0.048431382801799795,0.2072170379289584,up
loose,replay_loose_2023-03-31,2023-03-31T00:00:00+00:00,2023-03-31,2023-05-01,momentum,20,22,22,0,valid,-0.007455070177213469,0.2072170379289584,up
loose,replay_loose_2023-03-31,2023-03-31T00:00:00+00:00,2023-03-31,2023-06-28,momentum,60,22,22,0,valid,0.0869325473363534,0.2072170379289584,up
loose,replay_loose_2023-03-31,2023-03-31T00:00:00+00:00,2023-03-31,2023-09-22,momentum,120,22,22,0,valid,0.06120457075725532,0.2072170379289584,up
loose,replay_loose_2023-03-31,2023-03-31T00:00:00+00:00,2023-03-31,2023-05-01,research_pool,20,30,30,0,valid,-0.039392182418664067,0.2072170379289584,up
loose,replay_loose_2023-03-31,2023-03-31T00:00:00+00:00,2023-03-31,2023-06-28,research_pool,60,30,30,0,valid,0.043758799587962756,0.2072170379289584,up
loose,replay_loose_2023-03-31,2023-03-31T00:00:00+00:00,2023-03-31,2023-09-22,research_pool,120,30,30,0,valid,0.050455851675656464,0.2072170379289584,up
loose,replay_loose_2023-04-28,2023-04-28T00:00:00+00:00,2023-04-28,2023-05-26,low_value,20,19,19,0,valid,0.017602508152634866,0.07172280911567341,up
loose,replay_loose_2023-04-28,2023-04-28T00:00:00+00:00,2023-04-28,2023-07-26,low_value,60,19,19,0,valid,0.12392102126952668,0.07172280911567341,up
loose,replay_loose_2023-04-28,2023-04-28T00:00:00+00:00,2023-04-28,2023-10-19,low_value,120,19,19,0,valid,0.03973505268478433,0.07172280911567341,up
loose,replay_loose_2023-04-28,2023-04-28T00:00:00+00:00,2023-04-28,2023-05-26,industry_trend,20,19,19,0,valid,0.0855788957280953,0.07172280911567341,up
loose,replay_loose_2023-04-28,2023-04-28T00:00:00+00:00,2023-04-28,2023-07-26,industry_trend,60,19,19,0,valid,0.16694434280770057,0.07172280911567341,up
loose,replay_loose_2023-04-28,2023-04-28T00:00:00+00:00,2023-04-28,2023-10-19,industry_trend,120,19,19,0,valid,0.129393129168717,0.07172280911567341,up
loose,replay_loose_2023-04-28,2023-04-28T00:00:00+00:00,2023-04-28,2023-05-26,momentum,20,18,18,0,valid,0.08921115124572486,0.07172280911567341,up
loose,replay_loose_2023-04-28,2023-04-28T00:00:00+00:00,2023-04-28,2023-07-26,momentum,60,18,18,0,valid,0.20758865700883905,0.07172280911567341,up
loose,replay_loose_2023-04-28,2023-04-28T00:00:00+00:00,2023-04-28,2023-10-19,momentum,120,18,18,0,valid,0.15125236881974338,0.07172280911567341,up
loose,replay_loose_2023-04-28,2023-04-28T00:00:00+00:00,2023-04-28,2023-05-26,research_pool,20,30,30,0,valid,0.01755697789404813,0.07172280911567341,up
loose,replay_loose_2023-04-28,2023-04-28T00:00:00+00:00,2023-04-28,2023-07-26,research_pool,60,30,30,0,valid,0.1385262316037009,0.07172280911567341,up
loose,replay_loose_2023-04-28,2023-04-28T00:00:00+00:00,2023-04-28,2023-10-19,research_pool,120,30,30,0,valid,0.05238000558685071,0.07172280911567341,up
loose,replay_loose_2023-05-31,2023-05-31T00:00:00+00:00,2023-05-31,2023-06-29,low_value,20,18,18,0,valid,0.08239533306989115,0.15848415158484164,up
loose,replay_loose_2023-05-31,2023-05-31T00:00:00+00:00,2023-05-31,2023-08-25,low_value,60,18,18,0,valid,0.09861933199877998,0.15848415158484164,up
loose,replay_loose_2023-05-31,2023-05-31T00:00:00+00:00,2023-05-31,2023-11-20,low_value,120,18,18,0,valid,0.18203522642353664,0.15848415158484164,up
loose,replay_loose_2023-05-31,2023-05-31T00:00:00+00:00,2023-05-31,2023-06-29,industry_trend,20,20,20,0,valid,0.06096617710594369,0.15848415158484164,up
loose,replay_loose_2023-05-31,2023-05-31T00:00:00+00:00,2023-05-31,2023-08-25,industry_trend,60,20,20,0,valid,0.07095728912674212,0.15848415158484164,up
loose,replay_loose_2023-05-31,2023-05-31T00:00:00+00:00,2023-05-31,2023-11-20,industry_trend,120,20,20,0,valid,0.15073841775298716,0.15848415158484164,up
loose,replay_loose_2023-05-31,2023-05-31T00:00:00+00:00,2023-05-31,2023-06-29,momentum,20,23,23,0,valid,0.05712850381743717,0.15848415158484164,up
loose,replay_loose_2023-05-31,2023-05-31T00:00:00+00:00,2023-05-31,2023-08-25,momentum,60,23,23,0,valid,0.06500777990255363,0.15848415158484164,up
loose,replay_loose_2023-05-31,2023-05-31T00:00:00+00:00,2023-05-31,2023-11-20,momentum,120,23,23,0,valid,0.17426747142509297,0.15848415158484164,up
loose,replay_loose_2023-05-31,2023-05-31T00:00:00+00:00,2023-05-31,2023-06-29,research_pool,20,30,30,0,valid,0.08763598891703515,0.15848415158484164,up
loose,replay_loose_2023-05-31,2023-05-31T00:00:00+00:00,2023-05-31,2023-08-25,research_pool,60,30,30,0,valid,0.1271558174977438,0.15848415158484164,up
loose,replay_loose_2023-05-31,2023-05-31T00:00:00+00:00,2023-05-31,2023-11-20,research_pool,120,30,30,0,valid,0.1362301306760643,0.15848415158484164,up
loose,replay_loose_2023-06-30,2023-06-30T00:00:00+00:00,2023-06-30,2023-07-31,low_value,20,21,21,0,valid,0.057905179981026705,0.1580514250795193,up
loose,replay_loose_2023-06-30,2023-06-30T00:00:00+00:00,2023-06-30,2023-09-26,low_value,60,21,21,0,valid,-0.0712995963857732,0.1580514250795193,up
loose,replay_loose_2023-06-30,2023-06-30T00:00:00+00:00,2023-06-30,2023-12-20,low_value,120,21,21,0,valid,0.07966965722660291,0.1580514250795193,up
loose,replay_loose_2023-06-30,2023-06-30T00:00:00+00:00,2023-06-30,2023-07-31,industry_trend,20,22,22,0,valid,0.03241814810263347,0.1580514250795193,up
loose,replay_loose_2023-06-30,2023-06-30T00:00:00+00:00,2023-06-30,2023-09-26,industry_trend,60,22,22,0,valid,-0.07071960054812966,0.1580514250795193,up
loose,replay_loose_2023-06-30,2023-06-30T00:00:00+00:00,2023-06-30,2023-12-20,industry_trend,120,22,22,0,valid,0.043118110023133406,0.1580514250795193,up
loose,replay_loose_2023-06-30,2023-06-30T00:00:00+00:00,2023-06-30,2023-07-31,momentum,20,19,19,0,valid,0.04221448711399648,0.1580514250795193,up
loose,replay_loose_2023-06-30,2023-06-30T00:00:00+00:00,2023-06-30,2023-09-26,momentum,60,19,19,0,valid,-0.05620500195358467,0.1580514250795193,up
loose,replay_loose_2023-06-30,2023-06-30T00:00:00+00:00,2023-06-30,2023-12-20,momentum,120,19,19,0,valid,0.057171286681027646,0.1580514250795193,up
loose,replay_loose_2023-06-30,2023-06-30T00:00:00+00:00,2023-06-30,2023-07-31,research_pool,20,30,30,0,valid,0.05638287389005787,0.1580514250795193,up
loose,replay_loose_2023-06-30,2023-06-30T00:00:00+00:00,2023-06-30,2023-09-26,research_pool,60,30,30,0,valid,-0.03814874015250611,0.1580514250795193,up
loose,replay_loose_2023-06-30,2023-06-30T00:00:00+00:00,2023-06-30,2023-12-20,research_pool,120,30,30,0,valid,0.05766317712223089,0.1580514250795193,up
loose,replay_loose_2023-07-31,2023-07-31T00:00:00+00:00,2023-07-31,2023-08-28,low_value,20,18,18,0,valid,-0.0627464999243357,0.20940271935214505,up
loose,replay_loose_2023-07-31,2023-07-31T00:00:00+00:00,2023-07-31,2023-10-24,low_value,60,18,18,0,valid,-0.10732521156250409,0.20940271935214505,up
loose,replay_loose_2023-07-31,2023-07-31T00:00:00+00:00,2023-07-31,2024-01-22,low_value,120,18,18,0,valid,0.08820802707269085,0.20940271935214505,up
loose,replay_loose_2023-07-31,2023-07-31T00:00:00+00:00,2023-07-31,2023-08-28,industry_trend,20,19,19,0,valid,-0.06701518414187115,0.20940271935214505,up
loose,replay_loose_2023-07-31,2023-07-31T00:00:00+00:00,2023-07-31,2023-10-24,industry_trend,60,19,19,0,valid,-0.11198137465960044,0.20940271935214505,up
loose,replay_loose_2023-07-31,2023-07-31T00:00:00+00:00,2023-07-31,2024-01-22,industry_trend,120,19,19,0,valid,0.08970734162339937,0.20940271935214505,up
loose,replay_loose_2023-07-31,2023-07-31T00:00:00+00:00,2023-07-31,2023-08-28,momentum,20,20,20,0,valid,-0.0759200818540498,0.20940271935214505,up
loose,replay_loose_2023-07-31,2023-07-31T00:00:00+00:00,2023-07-31,2023-10-24,momentum,60,20,20,0,valid,-0.10609839892032938,0.20940271935214505,up
loose,replay_loose_2023-07-31,2023-07-31T00:00:00+00:00,2023-07-31,2024-01-22,momentum,120,20,20,0,valid,0.08617430787128352,0.20940271935214505,up
loose,replay_loose_2023-07-31,2023-07-31T00:00:00+00:00,2023-07-31,2023-08-28,research_pool,20,30,30,0,valid,-0.03334810174240291,0.20940271935214505,up
loose,replay_loose_2023-07-31,2023-07-31T00:00:00+00:00,2023-07-31,2023-10-24,research_pool,60,30,30,0,valid,-0.09406583131203859,0.20940271935214505,up
loose,replay_loose_2023-07-31,2023-07-31T00:00:00+00:00,2023-07-31,2024-01-22,research_pool,120,30,30,0,valid,0.02860166551545892,0.20940271935214505,up
loose,replay_loose_2023-08-31,2023-08-31T00:00:00+00:00,2023-08-31,2023-09-29,low_value,20,20,20,0,valid,-0.05314850291287956,0.06465335098740743,up
loose,replay_loose_2023-08-31,2023-08-31T00:00:00+00:00,2023-08-31,2023-11-27,low_value,60,20,20,0,valid,-0.0035500231051061593,0.06465335098740743,up
loose,replay_loose_2023-08-31,2023-08-31T00:00:00+00:00,2023-08-31,2024-02-23,low_value,120,20,20,0,valid,0.19744186006613273,0.06465335098740743,up
loose,replay_loose_2023-08-31,2023-08-31T00:00:00+00:00,2023-08-31,2023-09-29,industry_trend,20,20,20,0,valid,-0.07003103378942671,0.06465335098740743,up
loose,replay_loose_2023-08-31,2023-08-31T00:00:00+00:00,2023-08-31,2023-11-27,industry_trend,60,20,20,0,valid,0.018168557411865273,0.06465335098740743,up
loose,replay_loose_2023-08-31,2023-08-31T00:00:00+00:00,2023-08-31,2024-02-23,industry_trend,120,20,20,0,valid,0.17065707756564025,0.06465335098740743,up
loose,replay_loose_2023-08-31,2023-08-31T00:00:00+00:00,2023-08-31,2023-09-29,momentum,20,20,20,0,valid,-0.07009309663026003,0.06465335098740743,up
loose,replay_loose_2023-08-31,2023-08-31T00:00:00+00:00,2023-08-31,2023-11-27,momentum,60,20,20,0,valid,0.00948479384389414,0.06465335098740743,up
loose,replay_loose_2023-08-31,2023-08-31T00:00:00+00:00,2023-08-31,2024-02-23,momentum,120,20,20,0,valid,0.18610466854840696,0.06465335098740743,up
loose,replay_loose_2023-08-31,2023-08-31T00:00:00+00:00,2023-08-31,2023-09-29,research_pool,20,30,30,0,valid,-0.07837946610412357,0.06465335098740743,up
loose,replay_loose_2023-08-31,2023-08-31T00:00:00+00:00,2023-08-31,2023-11-27,research_pool,60,30,30,0,valid,-0.03944082394136029,0.06465335098740743,up
loose,replay_loose_2023-08-31,2023-08-31T00:00:00+00:00,2023-08-31,2024-02-23,research_pool,120,30,30,0,valid,0.11944741390063868,0.06465335098740743,up
loose,replay_loose_2023-09-29,2023-09-29T00:00:00+00:00,2023-09-29,2023-10-27,low_value,20,10,10,0,valid,-0.06326464984924206,-0.024775847290439357,down
loose,replay_loose_2023-09-29,2023-09-29T00:00:00+00:00,2023-09-29,2023-12-26,low_value,60,10,10,0,valid,0.08292699246894181,-0.024775847290439357,down
loose,replay_loose_2023-09-29,2023-09-29T00:00:00+00:00,2023-09-29,2024-03-22,low_value,120,10,10,0,valid,0.38854190304552993,-0.024775847290439357,down
loose,replay_loose_2023-09-29,2023-09-29T00:00:00+00:00,2023-09-29,2023-10-27,industry_trend,20,20,20,0,valid,-0.035350494080817786,-0.024775847290439357,down
loose,replay_loose_2023-09-29,2023-09-29T00:00:00+00:00,2023-09-29,2023-12-26,industry_trend,60,20,20,0,valid,0.1418041253556575,-0.024775847290439357,down
loose,replay_loose_2023-09-29,2023-09-29T00:00:00+00:00,2023-09-29,2024-03-22,industry_trend,120,20,20,0,valid,0.32688126399940354,-0.024775847290439357,down
loose,replay_loose_2023-09-29,2023-09-29T00:00:00+00:00,2023-09-29,2023-10-27,momentum,20,19,19,0,valid,-0.03814578097021917,-0.024775847290439357,down
loose,replay_loose_2023-09-29,2023-09-29T00:00:00+00:00,2023-09-29,2023-12-26,momentum,60,19,19,0,valid,0.12428470117500774,-0.024775847290439357,down
loose,replay_loose_2023-09-29,2023-09-29T00:00:00+00:00,2023-09-29,2024-03-22,momentum,120,19,19,0,valid,0.39148767984058863,-0.024775847290439357,down
loose,replay_loose_2023-09-29,2023-09-29T00:00:00+00:00,2023-09-29,2023-10-27,research_pool,20,30,30,0,valid,-0.06487861102954427,-0.024775847290439357,down
loose,replay_loose_2023-09-29,2023-09-29T00:00:00+00:00,2023-09-29,2023-12-26,research_pool,60,30,30,0,valid,0.0973013319671403,-0.024775847290439357,down
loose,replay_loose_2023-09-29,2023-09-29T00:00:00+00:00,2023-09-29,2024-03-22,research_pool,120,30,30,0,valid,0.23019028758292379,-0.024775847290439357,down
loose,replay_loose_2023-10-31,2023-10-31T00:00:00+00:00,2023-10-31,2023-11-29,low_value,20,13,13,0,valid,0.09125271285183076,-0.06465195608144114,down
loose,replay_loose_2023-10-31,2023-10-31T00:00:00+00:00,2023-10-31,2024-01-29,low_value,60,13,13,0,valid,0.2098098006921638,-0.06465195608144114,down
loose,replay_loose_2023-10-31,2023-10-31T00:00:00+00:00,2023-10-31,2024-04-24,low_value,120,13,13,0,valid,0.5062126559635401,-0.06465195608144114,down
loose,replay_loose_2023-10-31,2023-10-31T00:00:00+00:00,2023-10-31,2023-11-29,industry_trend,20,21,21,0,valid,0.09255261757872299,-0.06465195608144114,down
loose,replay_loose_2023-10-31,2023-10-31T00:00:00+00:00,2023-10-31,2024-01-29,industry_trend,60,21,21,0,valid,0.18813947174321557,-0.06465195608144114,down
loose,replay_loose_2023-10-31,2023-10-31T00:00:00+00:00,2023-10-31,2024-04-24,industry_trend,120,21,21,0,valid,0.2451268531253016,-0.06465195608144114,down
loose,replay_loose_2023-10-31,2023-10-31T00:00:00+00:00,2023-10-31,2023-11-29,momentum,20,20,20,0,valid,0.08938218311020729,-0.06465195608144114,down
loose,replay_loose_2023-10-31,2023-10-31T00:00:00+00:00,2023-10-31,2024-01-29,momentum,60,20,20,0,valid,0.19056418764178726,-0.06465195608144114,down
loose,replay_loose_2023-10-31,2023-10-31T00:00:00+00:00,2023-10-31,2024-04-24,momentum,120,20,20,0,valid,0.31448155960306107,-0.06465195608144114,down
loose,replay_loose_2023-10-31,2023-10-31T00:00:00+00:00,2023-10-31,2023-11-29,research_pool,20,30,30,0,valid,0.0837515442600268,-0.06465195608144114,down
loose,replay_loose_2023-10-31,2023-10-31T00:00:00+00:00,2023-10-31,2024-01-29,research_pool,60,30,30,0,valid,0.22734556755085913,-0.06465195608144114,down
loose,replay_loose_2023-10-31,2023-10-31T00:00:00+00:00,2023-10-31,2024-04-24,research_pool,120,30,30,0,valid,0.2913251828263643,-0.06465195608144114,down
loose,replay_loose_2023-11-30,2023-11-30T00:00:00+00:00,2023-11-30,2023-12-29,low_value,20,20,20,0,valid,0.06301820739229196,0.03764373182509417,up
loose,replay_loose_2023-11-30,2023-11-30T00:00:00+00:00,2023-11-30,2024-02-28,low_value,60,20,20,0,valid,0.17450553195973964,0.03764373182509417,up
loose,replay_loose_2023-11-30,2023-11-30T00:00:00+00:00,2023-11-30,2024-05-23,low_value,120,20,20,0,valid,0.24429547865697607,0.03764373182509417,up
loose,replay_loose_2023-11-30,2023-11-30T00:00:00+00:00,2023-11-30,2023-12-29,industry_trend,20,23,23,0,valid,0.056362205078009146,0.03764373182509417,up
loose,replay_loose_2023-11-30,2023-11-30T00:00:00+00:00,2023-11-30,2024-02-28,industry_trend,60,23,23,0,valid,0.1265848517146939,0.03764373182509417,up
loose,replay_loose_2023-11-30,2023-11-30T00:00:00+00:00,2023-11-30,2024-05-23,industry_trend,120,23,23,0,valid,0.1882026243223808,0.03764373182509417,up
loose,replay_loose_2023-11-30,2023-11-30T00:00:00+00:00,2023-11-30,2023-12-29,momentum,20,21,21,0,valid,0.06199303954251646,0.03764373182509417,up
loose,replay_loose_2023-11-30,2023-11-30T00:00:00+00:00,2023-11-30,2024-02-28,momentum,60,21,21,0,valid,0.12936836380457825,0.03764373182509417,up
loose,replay_loose_2023-11-30,2023-11-30T00:00:00+00:00,2023-11-30,2024-05-23,momentum,120,21,21,0,valid,0.12092464483244013,0.03764373182509417,up
loose,replay_loose_2023-11-30,2023-11-30T00:00:00+00:00,2023-11-30,2023-12-29,research_pool,20,30,30,0,valid,0.06877703096801792,0.03764373182509417,up
loose,replay_loose_2023-11-30,2023-11-30T00:00:00+00:00,2023-11-30,2024-02-28,research_pool,60,30,30,0,valid,0.20753143381618686,0.03764373182509417,up
loose,replay_loose_2023-11-30,2023-11-30T00:00:00+00:00,2023-11-30,2024-05-23,research_pool,120,30,30,0,valid,0.34700747900622086,0.03764373182509417,up
loose,replay_loose_2023-12-29,2023-12-29T00:00:00+00:00,2023-12-29,2024-01-30,low_value,20,22,22,0,valid,0.04982219291196921,0.13827421327699296,up
loose,replay_loose_2023-12-29,2023-12-29T00:00:00+00:00,2023-12-29,2024-03-27,low_value,60,22,22,0,valid,0.16855997516128166,0.13827421327699296,up
loose,replay_loose_2023-12-29,2023-12-29T00:00:00+00:00,2023-12-29,2024-06-24,low_value,120,22,22,0,valid,0.18843849953671493,0.13827421327699296,up
loose,replay_loose_2023-12-29,2023-12-29T00:00:00+00:00,2023-12-29,2024-01-30,industry_trend,20,20,20,0,valid,0.033611374582104336,0.13827421327699296,up
loose,replay_loose_2023-12-29,2023-12-29T00:00:00+00:00,2023-12-29,2024-03-27,industry_trend,60,20,20,0,valid,0.13977387258446547,0.13827421327699296,up
loose,replay_loose_2023-12-29,2023-12-29T00:00:00+00:00,2023-12-29,2024-06-24,industry_trend,120,20,20,0,valid,0.17188979256642073,0.13827421327699296,up
loose,replay_loose_2023-12-29,2023-12-29T00:00:00+00:00,2023-12-29,2024-01-30,momentum,20,21,21,0,valid,0.016766097869959053,0.13827421327699296,up
loose,replay_loose_2023-12-29,2023-12-29T00:00:00+00:00,2023-12-29,2024-03-27,momentum,60,21,21,0,valid,0.1240622518337384,0.13827421327699296,up
loose,replay_loose_2023-12-29,2023-12-29T00:00:00+00:00,2023-12-29,2024-06-24,momentum,120,21,21,0,valid,0.15938588026262623,0.13827421327699296,up
loose,replay_loose_2023-12-29,2023-12-29T00:00:00+00:00,2023-12-29,2024-01-30,research_pool,20,30,30,0,valid,0.0357484860954196,0.13827421327699296,up
loose,replay_loose_2023-12-29,2023-12-29T00:00:00+00:00,2023-12-29,2024-03-27,research_pool,60,30,30,0,valid,0.1714176885486334,0.13827421327699296,up
loose,replay_loose_2023-12-29,2023-12-29T00:00:00+00:00,2023-12-29,2024-06-24,research_pool,120,30,30,0,valid,0.1710798931182053,0.13827421327699296,up
loose,replay_loose_2024-01-31,2024-01-31T00:00:00+00:00,2024-01-31,2024-02-29,low_value,20,22,22,0,valid,0.09341056852738046,0.14713731532175967,up
loose,replay_loose_2024-01-31,2024-01-31T00:00:00+00:00,2024-01-31,2024-04-26,low_value,60,22,22,0,valid,0.11949093485117344,0.14713731532175967,up
loose,replay_loose_2024-01-31,2024-01-31T00:00:00+00:00,2024-01-31,2024-07-24,low_value,120,22,22,0,valid,0.12642886957356592,0.14713731532175967,up
loose,replay_loose_2024-01-31,2024-01-31T00:00:00+00:00,2024-01-31,2024-02-29,industry_trend,20,21,21,0,valid,0.0737189220104311,0.14713731532175967,up
loose,replay_loose_2024-01-31,2024-01-31T00:00:00+00:00,2024-01-31,2024-04-26,industry_trend,60,21,21,0,valid,0.09134618306477275,0.14713731532175967,up
loose,replay_loose_2024-01-31,2024-01-31T00:00:00+00:00,2024-01-31,2024-07-24,industry_trend,120,21,21,0,valid,0.12408531057525994,0.14713731532175967,up
loose,replay_loose_2024-01-31,2024-01-31T00:00:00+00:00,2024-01-31,2024-02-29,momentum,20,21,21,0,valid,0.11443818879500865,0.14713731532175967,up
loose,replay_loose_2024-01-31,2024-01-31T00:00:00+00:00,2024-01-31,2024-04-26,momentum,60,21,21,0,valid,0.1186451465048215,0.14713731532175967,up
loose,replay_loose_2024-01-31,2024-01-31T00:00:00+00:00,2024-01-31,2024-07-24,momentum,120,21,21,0,valid,0.12935896389541246,0.14713731532175967,up
loose,replay_loose_2024-01-31,2024-01-31T00:00:00+00:00,2024-01-31,2024-02-29,research_pool,20,30,30,0,valid,0.08571522315584591,0.14713731532175967,up
loose,replay_loose_2024-01-31,2024-01-31T00:00:00+00:00,2024-01-31,2024-04-26,research_pool,60,30,30,0,valid,0.1030092730942914,0.14713731532175967,up
loose,replay_loose_2024-01-31,2024-01-31T00:00:00+00:00,2024-01-31,2024-07-24,research_pool,120,30,30,0,valid,0.11684426614867964,0.14713731532175967,up
loose,replay_loose_2024-02-29,2024-02-29T00:00:00+00:00,2024-02-29,2024-03-28,low_value,20,21,21,0,valid,0.04605847718481328,0.1260674445441723,up
loose,replay_loose_2024-02-29,2024-02-29T00:00:00+00:00,2024-02-29,2024-05-24,low_value,60,21,21,0,valid,0.05801265424841084,0.1260674445441723,up
loose,replay_loose_2024-02-29,2024-02-29T00:00:00+00:00,2024-02-29,2024-08-21,low_value,120,21,21,0,valid,0.050588834083254465,0.1260674445441723,up
loose,replay_loose_2024-02-29,2024-02-29T00:00:00+00:00,2024-02-29,2024-03-28,industry_trend,20,22,22,0,valid,0.03758356580128433,0.1260674445441723,up
loose,replay_loose_2024-02-29,2024-02-29T00:00:00+00:00,2024-02-29,2024-05-24,industry_trend,60,22,22,0,valid,0.07078706023822899,0.1260674445441723,up
loose,replay_loose_2024-02-29,2024-02-29T00:00:00+00:00,2024-02-29,2024-08-21,industry_trend,120,22,22,0,valid,0.07404063054618538,0.1260674445441723,up
loose,replay_loose_2024-02-29,2024-02-29T00:00:00+00:00,2024-02-29,2024-03-28,momentum,20,21,21,0,valid,0.04486630429727754,0.1260674445441723,up
loose,replay_loose_2024-02-29,2024-02-29T00:00:00+00:00,2024-02-29,2024-05-24,momentum,60,21,21,0,valid,0.0750248060423269,0.1260674445441723,up
loose,replay_loose_2024-02-29,2024-02-29T00:00:00+00:00,2024-02-29,2024-08-21,momentum,120,21,21,0,valid,0.07088151314224474,0.1260674445441723,up
loose,replay_loose_2024-02-29,2024-02-29T00:00:00+00:00,2024-02-29,2024-03-28,research_pool,20,30,30,0,valid,0.03658329385880356,0.1260674445441723,up
loose,replay_loose_2024-02-29,2024-02-29T00:00:00+00:00,2024-02-29,2024-05-24,research_pool,60,30,30,0,valid,0.06533281589961891,0.1260674445441723,up
loose,replay_loose_2024-02-29,2024-02-29T00:00:00+00:00,2024-02-29,2024-08-21,research_pool,120,30,30,0,valid,0.08562722750533601,0.1260674445441723,up
loose,replay_loose_2024-03-29,2024-03-29T00:00:00+00:00,2024-03-29,2024-04-26,low_value,20,23,23,0,valid,-0.02365442426244871,0.10305514157973161,up
loose,replay_loose_2024-03-29,2024-03-29T00:00:00+00:00,2024-03-29,2024-06-25,low_value,60,23,23,0,valid,0.038988424263533925,0.10305514157973161,up
loose,replay_loose_2024-03-29,2024-03-29T00:00:00+00:00,2024-03-29,2024-09-19,low_value,120,23,23,0,valid,0.07101224736096405,0.10305514157973161,up
loose,replay_loose_2024-03-29,2024-03-29T00:00:00+00:00,2024-03-29,2024-04-26,industry_trend,20,19,19,0,valid,-0.019103703627373465,0.10305514157973161,up
loose,replay_loose_2024-03-29,2024-03-29T00:00:00+00:00,2024-03-29,2024-06-25,industry_trend,60,19,19,0,valid,0.04022530201711752,0.10305514157973161,up
loose,replay_loose_2024-03-29,2024-03-29T00:00:00+00:00,2024-03-29,2024-09-19,industry_trend,120,19,19,0,valid,0.13969953085357498,0.10305514157973161,up
loose,replay_loose_2024-03-29,2024-03-29T00:00:00+00:00,2024-03-29,2024-04-26,momentum,20,19,19,0,valid,-0.013309693641700952,0.10305514157973161,up
loose,replay_loose_2024-03-29,2024-03-29T00:00:00+00:00,2024-03-29,2024-06-25,momentum,60,19,19,0,valid,0.06248289168394428,0.10305514157973161,up
loose,replay_loose_2024-03-29,2024-03-29T00:00:00+00:00,2024-03-29,2024-09-19,momentum,120,19,19,0,valid,0.108412419467771,0.10305514157973161,up
loose,replay_loose_2024-03-29,2024-03-29T00:00:00+00:00,2024-03-29,2024-04-26,research_pool,20,30,30,0,valid,-0.026280105611567607,0.10305514157973161,up
loose,replay_loose_2024-03-29,2024-03-29T00:00:00+00:00,2024-03-29,2024-06-25,research_pool,60,30,30,0,valid,-0.019577924099963385,0.10305514157973161,up
loose,replay_loose_2024-03-29,2024-03-29T00:00:00+00:00,2024-03-29,2024-09-19,research_pool,120,30,30,0,valid,0.07295556772130034,0.10305514157973161,up
loose,replay_loose_2024-04-30,2024-04-30T00:00:00+00:00,2024-04-30,2024-05-29,low_value,20,20,20,0,valid,0.05903081311667248,-0.010520919502732151,down
loose,replay_loose_2024-04-30,2024-04-30T00:00:00+00:00,2024-04-30,2024-07-26,low_value,60,20,20,0,valid,0.03327685091405632,-0.010520919502732151,down
loose,replay_loose_2024-04-30,2024-04-30T00:00:00+00:00,2024-04-30,2024-10-21,low_value,120,20,20,0,valid,0.14917409535405796,-0.010520919502732151,down
loose,replay_loose_2024-04-30,2024-04-30T00:00:00+00:00,2024-04-30,2024-05-29,industry_trend,20,19,19,0,valid,0.05542781829315923,-0.010520919502732151,down
loose,replay_loose_2024-04-30,2024-04-30T00:00:00+00:00,2024-04-30,2024-07-26,industry_trend,60,19,19,0,valid,0.05134703051257519,-0.010520919502732151,down
loose,replay_loose_2024-04-30,2024-04-30T00:00:00+00:00,2024-04-30,2024-10-21,industry_trend,120,19,19,0,valid,0.1994065118662597,-0.010520919502732151,down
loose,replay_loose_2024-04-30,2024-04-30T00:00:00+00:00,2024-04-30,2024-05-29,momentum,20,19,19,0,valid,0.07010135462363927,-0.010520919502732151,down
loose,replay_loose_2024-04-30,2024-04-30T00:00:00+00:00,2024-04-30,2024-07-26,momentum,60,19,19,0,valid,0.06233204044251012,-0.010520919502732151,down
loose,replay_loose_2024-04-30,2024-04-30T00:00:00+00:00,2024-04-30,2024-10-21,momentum,120,19,19,0,valid,0.19716446989156977,-0.010520919502732151,down
loose,replay_loose_2024-04-30,2024-04-30T00:00:00+00:00,2024-04-30,2024-05-29,research_pool,20,30,30,0,valid,0.01113235470803169,-0.010520919502732151,down
loose,replay_loose_2024-04-30,2024-04-30T00:00:00+00:00,2024-04-30,2024-07-26,research_pool,60,30,30,0,valid,0.048368864020487554,-0.010520919502732151,down
loose,replay_loose_2024-04-30,2024-04-30T00:00:00+00:00,2024-04-30,2024-10-21,research_pool,120,30,30,0,valid,0.16579077982582413,-0.010520919502732151,down
loose,replay_loose_2024-05-31,2024-05-31T00:00:00+00:00,2024-05-31,2024-07-01,low_value,20,21,21,0,valid,-0.028349524241630064,0.029029758920840365,up
loose,replay_loose_2024-05-31,2024-05-31T00:00:00+00:00,2024-05-31,2024-08-27,low_value,60,21,21,0,valid,-0.019751823931972383,0.029029758920840365,up
loose,replay_loose_2024-05-31,2024-05-31T00:00:00+00:00,2024-05-31,2024-11-20,low_value,120,21,21,0,valid,0.23111177377152164,0.029029758920840365,up
loose,replay_loose_2024-05-31,2024-05-31T00:00:00+00:00,2024-05-31,2024-07-01,industry_trend,20,20,20,0,valid,0.022994009681122744,0.029029758920840365,up
loose,replay_loose_2024-05-31,2024-05-31T00:00:00+00:00,2024-05-31,2024-08-27,industry_trend,60,20,20,0,valid,0.039428810140729395,0.029029758920840365,up
loose,replay_loose_2024-05-31,2024-05-31T00:00:00+00:00,2024-05-31,2024-11-20,industry_trend,120,20,20,0,valid,0.1603539491127597,0.029029758920840365,up
loose,replay_loose_2024-05-31,2024-05-31T00:00:00+00:00,2024-05-31,2024-07-01,momentum,20,20,20,0,valid,0.008959096558736024,0.029029758920840365,up
loose,replay_loose_2024-05-31,2024-05-31T00:00:00+00:00,2024-05-31,2024-08-27,momentum,60,20,20,0,valid,0.029351686700151126,0.029029758920840365,up
loose,replay_loose_2024-05-31,2024-05-31T00:00:00+00:00,2024-05-31,2024-11-20,momentum,120,20,20,0,valid,0.15845474360036219,0.029029758920840365,up
loose,replay_loose_2024-05-31,2024-05-31T00:00:00+00:00,2024-05-31,2024-07-01,research_pool,20,30,30,0,valid,0.01632692714137774,0.029029758920840365,up
loose,replay_loose_2024-05-31,2024-05-31T00:00:00+00:00,2024-05-31,2024-08-27,research_pool,60,30,30,0,valid,0.07854929252763704,0.029029758920840365,up
loose,replay_loose_2024-05-31,2024-05-31T00:00:00+00:00,2024-05-31,2024-11-20,research_pool,120,30,30,0,valid,0.25403901660080114,0.029029758920840365,up
loose,replay_loose_2024-06-28,2024-06-28T00:00:00+00:00,2024-06-28,2024-07-29,low_value,20,20,20,0,valid,-0.016821884051492337,0.0836255061186637,up
loose,replay_loose_2024-06-28,2024-06-28T00:00:00+00:00,2024-06-28,2024-09-24,low_value,60,20,20,0,valid,0.05642673173717494,0.0836255061186637,up
loose,replay_loose_2024-06-28,2024-06-28T00:00:00+00:00,2024-06-28,2024-12-18,low_value,120,20,20,0,valid,0.09528271746393444,0.0836255061186637,up
loose,replay_loose_2024-06-28,2024-06-28T00:00:00+00:00,2024-06-28,2024-07-29,industry_trend,20,21,21,0,valid,0.008216560143469772,0.0836255061186637,up
loose,replay_loose_2024-06-28,2024-06-28T00:00:00+00:00,2024-06-28,2024-09-24,industry_trend,60,21,21,0,valid,0.09422497936442069,0.0836255061186637,up
loose,replay_loose_2024-06-28,2024-06-28T00:00:00+00:00,2024-06-28,2024-12-18,industry_trend,120,21,21,0,valid,0.16294462448890987,0.0836255061186637,up
loose,replay_loose_2024-06-28,2024-06-28T00:00:00+00:00,2024-06-28,2024-07-29,momentum,20,21,21,0,valid,0.021407877837919236,0.0836255061186637,up
loose,replay_loose_2024-06-28,2024-06-28T00:00:00+00:00,2024-06-28,2024-09-24,momentum,60,21,21,0,valid,0.10412483241202997,0.0836255061186637,up
loose,replay_loose_2024-06-28,2024-06-28T00:00:00+00:00,2024-06-28,2024-12-18,momentum,120,21,21,0,valid,0.18802835168452564,0.0836255061186637,up
loose,replay_loose_2024-06-28,2024-06-28T00:00:00+00:00,2024-06-28,2024-07-29,research_pool,20,30,30,0,valid,0.008106013904505915,0.0836255061186637,up
loose,replay_loose_2024-06-28,2024-06-28T00:00:00+00:00,2024-06-28,2024-09-24,research_pool,60,30,30,0,valid,0.10468675050615853,0.0836255061186637,up
loose,replay_loose_2024-06-28,2024-06-28T00:00:00+00:00,2024-06-28,2024-12-18,research_pool,120,30,30,0,valid,0.20934051955467683,0.0836255061186637,up
loose,replay_loose_2024-07-31,2024-07-31T00:00:00+00:00,2024-07-31,2024-08-28,low_value,20,25,25,0,valid,-0.0005620822454431223,0.08169990928611615,up
loose,replay_loose_2024-07-31,2024-07-31T00:00:00+00:00,2024-07-31,2024-10-24,low_value,60,25,25,0,valid,0.1004019652385873,0.08169990928611615,up
loose,replay_loose_2024-07-31,2024-07-31T00:00:00+00:00,2024-07-31,2025-01-23,low_value,120,25,25,0,valid,0.15720684856555864,0.08169990928611615,up
loose,replay_loose_2024-07-31,2024-07-31T00:00:00+00:00,2024-07-31,2024-08-28,industry_trend,20,19,19,0,valid,-0.00955834655093782,0.08169990928611615,up
loose,replay_loose_2024-07-31,2024-07-31T00:00:00+00:00,2024-07-31,2024-10-24,industry_trend,60,19,19,0,valid,0.08485541612670895,0.08169990928611615,up
loose,replay_loose_2024-07-31,2024-07-31T00:00:00+00:00,2024-07-31,2025-01-23,industry_trend,120,19,19,0,valid,0.20497632666111218,0.08169990928611615,up
loose,replay_loose_2024-07-31,2024-07-31T00:00:00+00:00,2024-07-31,2024-08-28,momentum,20,19,19,0,valid,0.002729768956835055,0.08169990928611615,up
loose,replay_loose_2024-07-31,2024-07-31T00:00:00+00:00,2024-07-31,2024-10-24,momentum,60,19,19,0,valid,0.08893257039729498,0.08169990928611615,up
loose,replay_loose_2024-07-31,2024-07-31T00:00:00+00:00,2024-07-31,2025-01-23,momentum,120,19,19,0,valid,0.16475749305098222,0.08169990928611615,up
loose,replay_loose_2024-07-31,2024-07-31T00:00:00+00:00,2024-07-31,2024-08-28,research_pool,20,30,30,0,valid,0.016676100137046745,0.08169990928611615,up
loose,replay_loose_2024-07-31,2024-07-31T00:00:00+00:00,2024-07-31,2024-10-24,research_pool,60,30,30,0,valid,0.10362225723637111,0.08169990928611615,up
loose,replay_loose_2024-07-31,2024-07-31T00:00:00+00:00,2024-07-31,2025-01-23,research_pool,120,30,30,0,valid,0.24639178551571536,0.08169990928611615,up
loose,replay_loose_2024-08-30,2024-08-30T00:00:00+00:00,2024-08-30,2024-09-30,low_value,20,21,21,0,valid,0.05125582683277986,0.027696887335792564,up
loose,replay_loose_2024-08-30,2024-08-30T00:00:00+00:00,2024-08-30,2024-11-25,low_value,60,21,21,0,valid,0.117922578591129,0.027696887335792564,up
loose,replay_loose_2024-08-30,2024-08-30T00:00:00+00:00,2024-08-30,2025-02-25,low_value,120,21,21,0,valid,0.08562639647272038,0.027696887335792564,up
loose,replay_loose_2024-08-30,2024-08-30T00:00:00+00:00,2024-08-30,2024-09-30,industry_trend,20,23,23,0,valid,0.07013172495056767,0.027696887335792564,up
loose,replay_loose_2024-08-30,2024-08-30T00:00:00+00:00,2024-08-30,2024-11-25,industry_trend,60,23,23,0,valid,0.13316662620518682,0.027696887335792564,up
loose,replay_loose_2024-08-30,2024-08-30T00:00:00+00:00,2024-08-30,2025-02-25,industry_trend,120,23,23,0,valid,0.07856660297649641,0.027696887335792564,up
loose,replay_loose_2024-08-30,2024-08-30T00:00:00+00:00,2024-08-30,2024-09-30,momentum,20,19,19,0,valid,0.08599258254087236,0.027696887335792564,up
loose,replay_loose_2024-08-30,2024-08-30T00:00:00+00:00,2024-08-30,2024-11-25,momentum,60,19,19,0,valid,0.203666903657793,0.027696887335792564,up
loose,replay_loose_2024-08-30,2024-08-30T00:00:00+00:00,2024-08-30,2025-02-25,momentum,120,19,19,0,valid,0.12561349334129351,0.027696887335792564,up
loose,replay_loose_2024-08-30,2024-08-30T00:00:00+00:00,2024-08-30,2024-09-30,research_pool,20,30,30,0,valid,0.063972960426079,0.027696887335792564,up
loose,replay_loose_2024-08-30,2024-08-30T00:00:00+00:00,2024-08-30,2024-11-25,research_pool,60,30,30,0,valid,0.224048496162447,0.027696887335792564,up
loose,replay_loose_2024-08-30,2024-08-30T00:00:00+00:00,2024-08-30,2025-02-25,research_pool,120,30,30,0,valid,0.12986755034869146,0.027696887335792564,up
loose,replay_loose_2024-09-30,2024-09-30T00:00:00+00:00,2024-09-30,2024-10-28,low_value,20,21,21,0,valid,0.023391173746789843,-0.016705962960723908,down
loose,replay_loose_2024-09-30,2024-09-30T00:00:00+00:00,2024-09-30,2024-12-24,low_value,60,21,21,0,valid,0.05326385300394798,-0.016705962960723908,down
loose,replay_loose_2024-09-30,2024-09-30T00:00:00+00:00,2024-09-30,2025-03-25,low_value,120,21,21,0,valid,-0.009877562982933963,-0.016705962960723908,down
loose,replay_loose_2024-09-30,2024-09-30T00:00:00+00:00,2024-09-30,2024-10-28,industry_trend,20,20,20,0,valid,0.006882316531136329,-0.016705962960723908,down
loose,replay_loose_2024-09-30,2024-09-30T00:00:00+00:00,2024-09-30,2024-12-24,industry_trend,60,20,20,0,valid,0.053306245654376846,-0.016705962960723908,down
loose,replay_loose_2024-09-30,2024-09-30T00:00:00+00:00,2024-09-30,2025-03-25,industry_trend,120,20,20,0,valid,-0.054214489076318005,-0.016705962960723908,down
loose,replay_loose_2024-09-30,2024-09-30T00:00:00+00:00,2024-09-30,2024-10-28,momentum,20,20,20,0,valid,0.005682766544952806,-0.016705962960723908,down
loose,replay_loose_2024-09-30,2024-09-30T00:00:00+00:00,2024-09-30,2024-12-24,momentum,60,20,20,0,valid,0.0326667830160033,-0.016705962960723908,down
loose,replay_loose_2024-09-30,2024-09-30T00:00:00+00:00,2024-09-30,2025-03-25,momentum,120,20,20,0,valid,-0.04597884951154998,-0.016705962960723908,down
loose,replay_loose_2024-09-30,2024-09-30T00:00:00+00:00,2024-09-30,2024-10-28,research_pool,20,30,30,0,valid,0.04308541280126429,-0.016705962960723908,down
loose,replay_loose_2024-09-30,2024-09-30T00:00:00+00:00,2024-09-30,2024-12-24,research_pool,60,30,30,0,valid,0.08063354446501227,-0.016705962960723908,down
loose,replay_loose_2024-09-30,2024-09-30T00:00:00+00:00,2024-09-30,2025-03-25,research_pool,120,30,30,0,valid,0.023817811222653907,-0.016705962960723908,down
loose,replay_loose_2024-10-31,2024-10-31T00:00:00+00:00,2024-10-31,2024-11-29,low_value,20,21,21,0,valid,0.08928103119860833,0.11245229227019826,up
loose,replay_loose_2024-10-31,2024-10-31T00:00:00+00:00,2024-10-31,2025-01-30,low_value,60,21,21,0,valid,0.08133345705870915,0.11245229227019826,up
loose,replay_loose_2024-10-31,2024-10-31T00:00:00+00:00,2024-10-31,2025-04-28,low_value,120,21,21,0,valid,-0.059600651535562106,0.11245229227019826,up
loose,replay_loose_2024-10-31,2024-10-31T00:00:00+00:00,2024-10-31,2024-11-29,industry_trend,20,20,20,0,valid,0.07343292581252023,0.11245229227019826,up
loose,replay_loose_2024-10-31,2024-10-31T00:00:00+00:00,2024-10-31,2025-01-30,industry_trend,60,20,20,0,valid,0.09327321124016703,0.11245229227019826,up
loose,replay_loose_2024-10-31,2024-10-31T00:00:00+00:00,2024-10-31,2025-04-28,industry_trend,120,20,20,0,valid,-0.07947695387627254,0.11245229227019826,up
loose,replay_loose_2024-10-31,2024-10-31T00:00:00+00:00,2024-10-31,2024-11-29,momentum,20,21,21,0,valid,0.09578822327607439,0.11245229227019826,up
loose,replay_loose_2024-10-31,2024-10-31T00:00:00+00:00,2024-10-31,2025-01-30,momentum,60,21,21,0,valid,0.11817416122569775,0.11245229227019826,up
loose,replay_loose_2024-10-31,2024-10-31T00:00:00+00:00,2024-10-31,2025-04-28,momentum,120,21,21,0,valid,-0.059767473216316154,0.11245229227019826,up
loose,replay_loose_2024-10-31,2024-10-31T00:00:00+00:00,2024-10-31,2024-11-29,research_pool,20,30,30,0,valid,0.0757060385474785,0.11245229227019826,up
loose,replay_loose_2024-10-31,2024-10-31T00:00:00+00:00,2024-10-31,2025-01-30,research_pool,60,30,30,0,valid,0.06753547304456585,0.11245229227019826,up
loose,replay_loose_2024-10-31,2024-10-31T00:00:00+00:00,2024-10-31,2025-04-28,research_pool,120,30,30,0,valid,-0.04703107562199924,0.11245229227019826,up
loose,replay_loose_2024-11-29,2024-11-29T00:00:00+00:00,2024-11-29,2024-12-30,low_value,20,20,20,0,valid,-0.04045264363323266,0.10541495890529795,up
loose,replay_loose_2024-11-29,2024-11-29T00:00:00+00:00,2024-11-29,2025-02-28,low_value,60,20,20,0,valid,-0.06287057215796912,0.10541495890529795,up
loose,replay_loose_2024-11-29,2024-11-29T00:00:00+00:00,2024-11-29,2025-05-27,low_value,120,20,20,0,valid,-0.0438924204520591,0.10541495890529795,up
loose,replay_loose_2024-11-29,2024-11-29T00:00:00+00:00,2024-11-29,2024-12-30,industry_trend,20,21,21,0,valid,-0.021172062902144392,0.10541495890529795,up
loose,replay_loose_2024-11-29,2024-11-29T00:00:00+00:00,2024-11-29,2025-02-28,industry_trend,60,21,21,0,valid,-0.07237340533940696,0.10541495890529795,up
loose,replay_loose_2024-11-29,2024-11-29T00:00:00+00:00,2024-11-29,2025-05-27,industry_trend,120,21,21,0,valid,-0.039276675805020485,0.10541495890529795,up
loose,replay_loose_2024-11-29,2024-11-29T00:00:00+00:00,2024-11-29,2024-12-30,momentum,20,21,21,0,valid,-0.03552487442458788,0.10541495890529795,up
loose,replay_loose_2024-11-29,2024-11-29T00:00:00+00:00,2024-11-29,2025-02-28,momentum,60,21,21,0,valid,-0.07275097060830517,0.10541495890529795,up
loose,replay_loose_2024-11-29,2024-11-29T00:00:00+00:00,2024-11-29,2025-05-27,momentum,120,21,21,0,valid,0.0024330615510311107,0.10541495890529795,up
loose,replay_loose_2024-11-29,2024-11-29T00:00:00+00:00,2024-11-29,2024-12-30,research_pool,20,30,30,0,valid,-0.04713924422672234,0.10541495890529795,up
loose,replay_loose_2024-11-29,2024-11-29T00:00:00+00:00,2024-11-29,2025-02-28,research_pool,60,30,30,0,valid,-0.05694669664460009,0.10541495890529795,up
loose,replay_loose_2024-11-29,2024-11-29T00:00:00+00:00,2024-11-29,2025-05-27,research_pool,120,30,30,0,valid,-0.009901909753771206,0.10541495890529795,up
loose,replay_loose_2024-12-31,2024-12-31T00:00:00+00:00,2024-12-31,2025-01-31,low_value,20,15,15,0,valid,0.07115926619034099,0.048956644848882735,up
loose,replay_loose_2024-12-31,2024-12-31T00:00:00+00:00,2024-12-31,2025-03-31,low_value,60,15,15,0,valid,-0.20770826344494994,0.048956644848882735,up
loose,replay_loose_2024-12-31,2024-12-31T00:00:00+00:00,2024-12-31,2025-06-26,low_value,120,15,15,0,valid,0.10971316477177101,0.048956644848882735,up
loose,replay_loose_2024-12-31,2024-12-31T00:00:00+00:00,2024-12-31,2025-01-31,industry_trend,20,21,21,0,valid,0.0073703216551818055,0.048956644848882735,up
loose,replay_loose_2024-12-31,2024-12-31T00:00:00+00:00,2024-12-31,2025-03-31,industry_trend,60,21,21,0,valid,-0.1299757963165566,0.048956644848882735,up
loose,replay_loose_2024-12-31,2024-12-31T00:00:00+00:00,2024-12-31,2025-06-26,industry_trend,120,21,21,0,valid,-0.013939074669544128,0.048956644848882735,up
loose,replay_loose_2024-12-31,2024-12-31T00:00:00+00:00,2024-12-31,2025-01-31,momentum,20,21,21,0,valid,0.012572334199082278,0.048956644848882735,up
loose,replay_loose_2024-12-31,2024-12-31T00:00:00+00:00,2024-12-31,2025-03-31,momentum,60,21,21,0,valid,-0.1137799912362824,0.048956644848882735,up
loose,replay_loose_2024-12-31,2024-12-31T00:00:00+00:00,2024-12-31,2025-06-26,momentum,120,21,21,0,valid,0.023915543078897435,0.048956644848882735,up
loose,replay_loose_2024-12-31,2024-12-31T00:00:00+00:00,2024-12-31,2025-01-31,research_pool,20,30,30,0,valid,0.03691534449828236,0.048956644848882735,up
loose,replay_loose_2024-12-31,2024-12-31T00:00:00+00:00,2024-12-31,2025-03-31,research_pool,60,30,30,0,valid,-0.07924427317061772,0.048956644848882735,up
loose,replay_loose_2024-12-31,2024-12-31T00:00:00+00:00,2024-12-31,2025-06-26,research_pool,120,30,30,0,valid,-0.002634557883968162,0.048956644848882735,up
loose,replay_loose_2025-01-31,2025-01-31T00:00:00+00:00,2025-01-31,2025-03-03,low_value,20,21,21,0,valid,-0.04704346030589267,0.07158244599002872,up
loose,replay_loose_2025-01-31,2025-01-31T00:00:00+00:00,2025-01-31,2025-04-29,low_value,60,21,21,0,valid,-0.10030269256928445,0.07158244599002872,up
loose,replay_loose_2025-01-31,2025-01-31T00:00:00+00:00,2025-01-31,2025-07-25,low_value,120,21,21,0,valid,0.04060630241758824,0.07158244599002872,up
loose,replay_loose_2025-01-31,2025-01-31T00:00:00+00:00,2025-01-31,2025-03-03,industry_trend,20,20,20,0,valid,-0.06578690552372483,0.07158244599002872,up
loose,replay_loose_2025-01-31,2025-01-31T00:00:00+00:00,2025-01-31,2025-04-29,industry_trend,60,20,20,0,valid,-0.11900157993078386,0.07158244599002872,up
loose,replay_loose_2025-01-31,2025-01-31T00:00:00+00:00,2025-01-31,2025-07-25,industry_trend,120,20,20,0,valid,0.08754265845339919,0.07158244599002872,up
loose,replay_loose_2025-01-31,2025-01-31T00:00:00+00:00,2025-01-31,2025-03-03,momentum,20,19,19,0,valid,-0.053165693082634115,0.07158244599002872,up
loose,replay_loose_2025-01-31,2025-01-31T00:00:00+00:00,2025-01-31,2025-04-29,momentum,60,19,19,0,valid,-0.1002760913391839,0.07158244599002872,up
loose,replay_loose_2025-01-31,2025-01-31T00:00:00+00:00,2025-01-31,2025-07-25,momentum,120,19,19,0,valid,0.07539977497045185,0.07158244599002872,up
loose,replay_loose_2025-01-31,2025-01-31T00:00:00+00:00,2025-01-31,2025-03-03,research_pool,20,30,30,0,valid,-0.06273437321776539,0.07158244599002872,up
loose,replay_loose_2025-01-31,2025-01-31T00:00:00+00:00,2025-01-31,2025-04-29,research_pool,60,30,30,0,valid,-0.0598639805045222,0.07158244599002872,up
loose,replay_loose_2025-01-31,2025-01-31T00:00:00+00:00,2025-01-31,2025-07-25,research_pool,120,30,30,0,valid,0.07927003246199896,0.07158244599002872,up
loose,replay_loose_2025-02-28,2025-02-28T00:00:00+00:00,2025-02-28,2025-03-28,low_value,20,19,19,0,valid,-0.07079533749786916,-0.0032565621689488733,down
loose,replay_loose_2025-02-28,2025-02-28T00:00:00+00:00,2025-02-28,2025-05-27,low_value,60,19,19,0,valid,-0.013236339900065406,-0.0032565621689488733,down
loose,replay_loose_2025-02-28,2025-02-28T00:00:00+00:00,2025-02-28,2025-08-21,low_value,120,19,19,0,valid,0.0035817530093059367,-0.0032565621689488733,down
loose,replay_loose_2025-02-28,2025-02-28T00:00:00+00:00,2025-02-28,2025-03-28,industry_trend,20,19,19,0,valid,-0.06861252033379527,-0.0032565621689488733,down
loose,replay_loose_2025-02-28,2025-02-28T00:00:00+00:00,2025-02-28,2025-05-27,industry_trend,60,19,19,0,valid,0.01795568106030494,-0.0032565621689488733,down
loose,replay_loose_2025-02-28,2025-02-28T00:00:00+00:00,2025-02-28,2025-08-21,industry_trend,120,19,19,0,valid,0.11647251651687929,-0.0032565621689488733,down
loose,replay_loose_2025-02-28,2025-02-28T00:00:00+00:00,2025-02-28,2025-03-28,momentum,20,19,19,0,valid,-0.057987585771495084,-0.0032565621689488733,down
loose,replay_loose_2025-02-28,2025-02-28T00:00:00+00:00,2025-02-28,2025-05-27,momentum,60,19,19,0,valid,0.024571378761680057,-0.0032565621689488733,down
loose,replay_loose_2025-02-28,2025-02-28T00:00:00+00:00,2025-02-28,2025-08-21,momentum,120,19,19,0,valid,0.12432530675357165,-0.0032565621689488733,down
loose,replay_loose_2025-02-28,2025-02-28T00:00:00+00:00,2025-02-28,2025-03-28,research_pool,20,30,30,0,valid,-0.067262488770461,-0.0032565621689488733,down
loose,replay_loose_2025-02-28,2025-02-28T00:00:00+00:00,2025-02-28,2025-05-27,research_pool,60,30,30,0,valid,0.03334185568146344,-0.0032565621689488733,down
loose,replay_loose_2025-02-28,2025-02-28T00:00:00+00:00,2025-02-28,2025-08-21,research_pool,120,30,30,0,valid,0.12075459692003666,-0.0032565621689488733,down
loose,replay_loose_2025-03-31,2025-03-31T00:00:00+00:00,2025-03-31,2025-05-08,low_value,20,0,0,0,no_signal,,-0.0827611838115917,down
loose,replay_loose_2025-03-31,2025-03-31T00:00:00+00:00,2025-03-31,2025-07-03,low_value,60,0,0,0,no_signal,,-0.0827611838115917,down
loose,replay_loose_2025-03-31,2025-03-31T00:00:00+00:00,2025-03-31,2025-09-25,low_value,120,0,0,0,no_signal,,-0.0827611838115917,down
loose,replay_loose_2025-03-31,2025-03-31T00:00:00+00:00,2025-03-31,2025-05-08,industry_trend,20,0,0,0,no_signal,,-0.0827611838115917,down
loose,replay_loose_2025-03-31,2025-03-31T00:00:00+00:00,2025-03-31,2025-07-03,industry_trend,60,0,0,0,no_signal,,-0.0827611838115917,down
loose,replay_loose_2025-03-31,2025-03-31T00:00:00+00:00,2025-03-31,2025-09-25,industry_trend,120,0,0,0,no_signal,,-0.0827611838115917,down
loose,replay_loose_2025-03-31,2025-03-31T00:00:00+00:00,2025-03-31,2025-05-08,momentum,20,0,0,0,no_signal,,-0.0827611838115917,down
loose,replay_loose_2025-03-31,2025-03-31T00:00:00+00:00,2025-03-31,2025-07-03,momentum,60,0,0,0,no_signal,,-0.0827611838115917,down
loose,replay_loose_2025-03-31,2025-03-31T00:00:00+00:00,2025-03-31,2025-09-25,momentum,120,0,0,0,no_signal,,-0.0827611838115917,down
loose,replay_loose_2025-03-31,2025-03-31T00:00:00+00:00,2025-03-31,2025-04-29,research_pool,20,30,30,0,valid,0.019230203571963197,-0.0827611838115917,down
loose,replay_loose_2025-03-31,2025-03-31T00:00:00+00:00,2025-03-31,2025-06-26,research_pool,60,30,30,0,valid,0.17058981973750148,-0.0827611838115917,down
loose,replay_loose_2025-03-31,2025-03-31T00:00:00+00:00,2025-03-31,2025-09-22,research_pool,120,30,30,0,valid,0.33832364052177716,-0.0827611838115917,down
loose,replay_loose_2025-04-30,2025-04-30T00:00:00+00:00,2025-04-30,2025-06-07,low_value,20,0,0,0,no_signal,,-0.0825144313377223,down
loose,replay_loose_2025-04-30,2025-04-30T00:00:00+00:00,2025-04-30,2025-08-02,low_value,60,0,0,0,no_signal,,-0.0825144313377223,down
loose,replay_loose_2025-04-30,2025-04-30T00:00:00+00:00,2025-04-30,2025-10-25,low_value,120,0,0,0,no_signal,,-0.0825144313377223,down
loose,replay_loose_2025-04-30,2025-04-30T00:00:00+00:00,2025-04-30,2025-06-07,industry_trend,20,0,0,0,no_signal,,-0.0825144313377223,down
loose,replay_loose_2025-04-30,2025-04-30T00:00:00+00:00,2025-04-30,2025-08-02,industry_trend,60,0,0,0,no_signal,,-0.0825144313377223,down
loose,replay_loose_2025-04-30,2025-04-30T00:00:00+00:00,2025-04-30,2025-10-25,industry_trend,120,0,0,0,no_signal,,-0.0825144313377223,down
loose,replay_loose_2025-04-30,2025-04-30T00:00:00+00:00,2025-04-30,2025-06-07,momentum,20,0,0,0,no_signal,,-0.0825144313377223,down
loose,replay_loose_2025-04-30,2025-04-30T00:00:00+00:00,2025-04-30,2025-08-02,momentum,60,0,0,0,no_signal,,-0.0825144313377223,down
loose,replay_loose_2025-04-30,2025-04-30T00:00:00+00:00,2025-04-30,2025-10-25,momentum,120,0,0,0,no_signal,,-0.0825144313377223,down
loose,replay_loose_2025-04-30,2025-04-30T00:00:00+00:00,2025-04-30,2025-05-29,research_pool,20,30,30,0,valid,0.0700775767728245,-0.0825144313377223,down
loose,replay_loose_2025-04-30,2025-04-30T00:00:00+00:00,2025-04-30,2025-07-28,research_pool,60,30,30,0,valid,0.17172130359706497,-0.0825144313377223,down
loose,replay_loose_2025-04-30,2025-04-30T00:00:00+00:00,2025-04-30,2025-10-21,research_pool,120,30,30,0,valid,0.23576104996867853,-0.0825144313377223,down
loose,replay_loose_2025-05-30,2025-05-30T00:00:00+00:00,2025-05-30,2025-06-30,low_value,20,21,21,0,valid,0.08404389529482272,0.03415926383300816,up
loose,replay_loose_2025-05-30,2025-05-30T00:00:00+00:00,2025-05-30,2025-08-26,low_value,60,21,21,0,valid,0.12586865398305988,0.03415926383300816,up
loose,replay_loose_2025-05-30,2025-05-30T00:00:00+00:00,2025-05-30,2025-11-19,low_value,120,21,21,0,valid,0.16032167527755897,0.03415926383300816,up
loose,replay_loose_2025-05-30,2025-05-30T00:00:00+00:00,2025-05-30,2025-06-30,industry_trend,20,20,20,0,valid,0.10395875585065147,0.03415926383300816,up
loose,replay_loose_2025-05-30,2025-05-30T00:00:00+00:00,2025-05-30,2025-08-26,industry_trend,60,20,20,0,valid,0.14037049491564274,0.03415926383300816,up
loose,replay_loose_2025-05-30,2025-05-30T00:00:00+00:00,2025-05-30,2025-11-19,industry_trend,120,20,20,0,valid,0.19866002535491456,0.03415926383300816,up
loose,replay_loose_2025-05-30,2025-05-30T00:00:00+00:00,2025-05-30,2025-06-30,momentum,20,19,19,0,valid,0.12079893914535296,0.03415926383300816,up
loose,replay_loose_2025-05-30,2025-05-30T00:00:00+00:00,2025-05-30,2025-08-26,momentum,60,19,19,0,valid,0.15740088435279437,0.03415926383300816,up
loose,replay_loose_2025-05-30,2025-05-30T00:00:00+00:00,2025-05-30,2025-11-19,momentum,120,19,19,0,valid,0.20541201810534906,0.03415926383300816,up
loose,replay_loose_2025-05-30,2025-05-30T00:00:00+00:00,2025-05-30,2025-06-30,research_pool,20,30,30,0,valid,0.06788341765409059,0.03415926383300816,up
loose,replay_loose_2025-05-30,2025-05-30T00:00:00+00:00,2025-05-30,2025-08-26,research_pool,60,30,30,0,valid,0.12144845749706439,0.03415926383300816,up
loose,replay_loose_2025-05-30,2025-05-30T00:00:00+00:00,2025-05-30,2025-11-19,research_pool,120,30,30,0,valid,0.13056984522878887,0.03415926383300816,up
loose,replay_loose_2025-06-30,2025-06-30T00:00:00+00:00,2025-06-30,2025-07-29,low_value,20,19,19,0,valid,0.03992751119319096,0.1585314626564731,up
loose,replay_loose_2025-06-30,2025-06-30T00:00:00+00:00,2025-06-30,2025-09-24,low_value,60,19,19,0,valid,0.09916249952725155,0.1585314626564731,up
loose,replay_loose_2025-06-30,2025-06-30T00:00:00+00:00,2025-06-30,2025-12-18,low_value,120,19,19,0,valid,0.06821548093823626,0.1585314626564731,up
loose,replay_loose_2025-06-30,2025-06-30T00:00:00+00:00,2025-06-30,2025-07-29,industry_trend,20,19,19,0,valid,0.07129022669901212,0.1585314626564731,up
loose,replay_loose_2025-06-30,2025-06-30T00:00:00+00:00,2025-06-30,2025-09-24,industry_trend,60,19,19,0,valid,0.1133014258303418,0.1585314626564731,up
loose,replay_loose_2025-06-30,2025-06-30T00:00:00+00:00,2025-06-30,2025-12-18,industry_trend,120,19,19,0,valid,0.13828656207765083,0.1585314626564731,up
loose,replay_loose_2025-06-30,2025-06-30T00:00:00+00:00,2025-06-30,2025-07-29,momentum,20,20,20,0,valid,0.05994897612571679,0.1585314626564731,up
loose,replay_loose_2025-06-30,2025-06-30T00:00:00+00:00,2025-06-30,2025-09-24,momentum,60,20,20,0,valid,0.11561239587944161,0.1585314626564731,up
loose,replay_loose_2025-06-30,2025-06-30T00:00:00+00:00,2025-06-30,2025-12-18,momentum,120,20,20,0,valid,0.17385166857523246,0.1585314626564731,up
loose,replay_loose_2025-06-30,2025-06-30T00:00:00+00:00,2025-06-30,2025-07-29,research_pool,20,30,30,0,valid,0.029402293897039737,0.1585314626564731,up
loose,replay_loose_2025-06-30,2025-06-30T00:00:00+00:00,2025-06-30,2025-09-24,research_pool,60,30,30,0,valid,0.052747491845029866,0.1585314626564731,up
loose,replay_loose_2025-06-30,2025-06-30T00:00:00+00:00,2025-06-30,2025-12-18,research_pool,120,30,30,0,valid,0.06011004283032866,0.1585314626564731,up
loose,replay_loose_2025-07-31,2025-07-31T00:00:00+00:00,2025-07-31,2025-08-28,low_value,20,20,20,0,valid,0.032839815406647835,0.16267105669307536,up
loose,replay_loose_2025-07-31,2025-07-31T00:00:00+00:00,2025-07-31,2025-10-24,low_value,60,20,20,0,valid,0.1037716154459329,0.16267105669307536,up
loose,replay_loose_2025-07-31,2025-07-31T00:00:00+00:00,2025-07-31,2026-01-22,low_value,120,20,20,0,valid,0.17952983043809478,0.16267105669307536,up
loose,replay_loose_2025-07-31,2025-07-31T00:00:00+00:00,2025-07-31,2025-08-28,industry_trend,20,21,21,0,valid,0.017602945570208268,0.16267105669307536,up
loose,replay_loose_2025-07-31,2025-07-31T00:00:00+00:00,2025-07-31,2025-10-24,industry_trend,60,21,21,0,valid,0.12675201233180516,0.16267105669307536,up
loose,replay_loose_2025-07-31,2025-07-31T00:00:00+00:00,2025-07-31,2026-01-22,industry_trend,120,21,21,0,valid,0.12095050746750766,0.16267105669307536,up
loose,replay_loose_2025-07-31,2025-07-31T00:00:00+00:00,2025-07-31,2025-08-28,momentum,20,21,21,0,valid,0.016823331011483235,0.16267105669307536,up
loose,replay_loose_2025-07-31,2025-07-31T00:00:00+00:00,2025-07-31,2025-10-24,momentum,60,21,21,0,valid,0.13612093305964335,0.16267105669307536,up
loose,replay_loose_2025-07-31,2025-07-31T00:00:00+00:00,2025-07-31,2026-01-22,momentum,120,21,21,0,valid,0.09750633319699421,0.16267105669307536,up
loose,replay_loose_2025-07-31,2025-07-31T00:00:00+00:00,2025-07-31,2025-08-28,research_pool,20,30,30,0,valid,0.04458664787717212,0.16267105669307536,up
loose,replay_loose_2025-07-31,2025-07-31T00:00:00+00:00,2025-07-31,2025-10-24,research_pool,60,30,30,0,valid,0.0845247120073323,0.16267105669307536,up
loose,replay_loose_2025-07-31,2025-07-31T00:00:00+00:00,2025-07-31,2026-01-22,research_pool,120,30,30,0,valid,0.1648292942383689,0.16267105669307536,up
loose,replay_loose_2025-08-29,2025-08-29T00:00:00+00:00,2025-08-29,2025-09-29,low_value,20,19,19,0,valid,0.04036155120919462,0.07858007413571366,up
loose,replay_loose_2025-08-29,2025-08-29T00:00:00+00:00,2025-08-29,2025-11-24,low_value,60,19,19,0,valid,0.05623691397062744,0.07858007413571366,up
loose,replay_loose_2025-08-29,2025-08-29T00:00:00+00:00,2025-08-29,2026-02-23,low_value,120,19,19,0,valid,0.1936926298869286,0.07858007413571366,up
loose,replay_loose_2025-08-29,2025-08-29T00:00:00+00:00,2025-08-29,2025-09-29,industry_trend,20,21,21,0,valid,0.023469020260630642,0.07858007413571366,up
loose,replay_loose_2025-08-29,2025-08-29T00:00:00+00:00,2025-08-29,2025-11-24,industry_trend,60,21,21,0,valid,0.014771737632811085,0.07858007413571366,up
loose,replay_loose_2025-08-29,2025-08-29T00:00:00+00:00,2025-08-29,2026-02-23,industry_trend,120,21,21,0,valid,0.06489239139654515,0.07858007413571366,up
loose,replay_loose_2025-08-29,2025-08-29T00:00:00+00:00,2025-08-29,2025-09-29,momentum,20,19,19,0,valid,0.046592719641435354,0.07858007413571366,up
loose,replay_loose_2025-08-29,2025-08-29T00:00:00+00:00,2025-08-29,2025-11-24,momentum,60,19,19,0,valid,0.08100723194355235,0.07858007413571366,up
loose,replay_loose_2025-08-29,2025-08-29T00:00:00+00:00,2025-08-29,2026-02-23,momentum,120,19,19,0,valid,0.25924182282027064,0.07858007413571366,up
loose,replay_loose_2025-08-29,2025-08-29T00:00:00+00:00,2025-08-29,2025-09-29,research_pool,20,30,30,0,valid,0.021597004617819524,0.07858007413571366,up
loose,replay_loose_2025-08-29,2025-08-29T00:00:00+00:00,2025-08-29,2025-11-24,research_pool,60,30,30,0,valid,0.01300817593884153,0.07858007413571366,up
loose,replay_loose_2025-08-29,2025-08-29T00:00:00+00:00,2025-08-29,2026-02-23,research_pool,120,30,30,0,valid,0.05649742560822686,0.07858007413571366,up
loose,replay_loose_2025-09-30,2025-09-30T00:00:00+00:00,2025-09-30,2025-10-28,low_value,20,20,20,0,valid,0.04587766595588878,0.08710138891403951,up
loose,replay_loose_2025-09-30,2025-09-30T00:00:00+00:00,2025-09-30,2025-12-24,low_value,60,20,20,0,valid,0.03027676120071034,0.08710138891403951,up
loose,replay_loose_2025-09-30,2025-09-30T00:00:00+00:00,2025-09-30,2026-03-24,low_value,120,20,20,0,valid,0.10424006237240373,0.08710138891403951,up
loose,replay_loose_2025-09-30,2025-09-30T00:00:00+00:00,2025-09-30,2025-10-28,industry_trend,20,22,22,0,valid,0.06031477091174089,0.08710138891403951,up
loose,replay_loose_2025-09-30,2025-09-30T00:00:00+00:00,2025-09-30,2025-12-24,industry_trend,60,22,22,0,valid,0.06689600517743836,0.08710138891403951,up
loose,replay_loose_2025-09-30,2025-09-30T00:00:00+00:00,2025-09-30,2026-03-24,industry_trend,120,22,22,0,valid,0.13729078478645915,0.08710138891403951,up
loose,replay_loose_2025-09-30,2025-09-30T00:00:00+00:00,2025-09-30,2025-10-28,momentum,20,20,20,0,valid,0.09712167011278947,0.08710138891403951,up
loose,replay_loose_2025-09-30,2025-09-30T00:00:00+00:00,2025-09-30,2025-12-24,momentum,60,20,20,0,valid,0.15095710650098607,0.08710138891403951,up
loose,replay_loose_2025-09-30,2025-09-30T00:00:00+00:00,2025-09-30,2026-03-24,momentum,120,20,20,0,valid,0.4996710645866809,0.08710138891403951,up
loose,replay_loose_2025-09-30,2025-09-30T00:00:00+00:00,2025-09-30,2025-10-28,research_pool,20,30,30,0,valid,0.031028509711232607,0.08710138891403951,up
loose,replay_loose_2025-09-30,2025-09-30T00:00:00+00:00,2025-09-30,2025-12-24,research_pool,60,30,30,0,valid,0.062124938963908395,0.08710138891403951,up
loose,replay_loose_2025-09-30,2025-09-30T00:00:00+00:00,2025-09-30,2026-03-24,research_pool,120,30,30,0,valid,0.04316199225390174,0.08710138891403951,up
loose,replay_loose_2025-10-31,2025-10-31T00:00:00+00:00,2025-10-31,2025-12-01,low_value,20,22,22,0,valid,-0.06905950427795232,0.10547767119918472,up
loose,replay_loose_2025-10-31,2025-10-31T00:00:00+00:00,2025-10-31,2026-01-29,low_value,60,22,22,0,valid,0.1109229331927995,0.10547767119918472,up
loose,replay_loose_2025-10-31,2025-10-31T00:00:00+00:00,2025-10-31,2026-04-27,low_value,120,22,22,0,valid,0.2728925022795694,0.10547767119918472,up
loose,replay_loose_2025-10-31,2025-10-31T00:00:00+00:00,2025-10-31,2025-12-01,industry_trend,20,23,23,0,valid,-0.05701404204777381,0.10547767119918472,up
loose,replay_loose_2025-10-31,2025-10-31T00:00:00+00:00,2025-10-31,2026-01-29,industry_trend,60,23,23,0,valid,0.050184993067532165,0.10547767119918472,up
loose,replay_loose_2025-10-31,2025-10-31T00:00:00+00:00,2025-10-31,2026-04-27,industry_trend,120,23,23,0,valid,0.17649930924619403,0.10547767119918472,up
loose,replay_loose_2025-10-31,2025-10-31T00:00:00+00:00,2025-10-31,2025-12-01,momentum,20,21,21,0,valid,-0.05801335069410286,0.10547767119918472,up
loose,replay_loose_2025-10-31,2025-10-31T00:00:00+00:00,2025-10-31,2026-01-29,momentum,60,21,21,0,valid,0.09352145189794359,0.10547767119918472,up
loose,replay_loose_2025-10-31,2025-10-31T00:00:00+00:00,2025-10-31,2026-04-27,momentum,120,21,21,0,valid,0.2637181264152837,0.10547767119918472,up
loose,replay_loose_2025-10-31,2025-10-31T00:00:00+00:00,2025-10-31,2025-12-01,research_pool,20,30,30,0,valid,-0.008791177591480256,0.10547767119918472,up
loose,replay_loose_2025-10-31,2025-10-31T00:00:00+00:00,2025-10-31,2026-01-29,research_pool,60,30,30,0,valid,0.04038126374209889,0.10547767119918472,up
loose,replay_loose_2025-10-31,2025-10-31T00:00:00+00:00,2025-10-31,2026-04-27,research_pool,120,30,30,0,valid,0.09838422951412241,0.10547767119918472,up
loose,replay_loose_2025-11-28,2025-11-28T00:00:00+00:00,2025-11-28,2025-12-29,low_value,20,22,22,0,valid,0.04016888754349612,0.07620901853075135,up
loose,replay_loose_2025-11-28,2025-11-28T00:00:00+00:00,2025-11-28,2026-02-26,low_value,60,22,22,0,valid,0.18752426027636593,0.07620901853075135,up
loose,replay_loose_2025-11-28,2025-11-28T00:00:00+00:00,2025-11-28,2026-05-22,low_value,120,22,22,0,valid,0.5104494566033222,0.07620901853075135,up
loose,replay_loose_2025-11-28,2025-11-28T00:00:00+00:00,2025-11-28,2025-12-29,industry_trend,20,22,22,0,valid,0.028158644577579283,0.07620901853075135,up
loose,replay_loose_2025-11-28,2025-11-28T00:00:00+00:00,2025-11-28,2026-02-26,industry_trend,60,22,22,0,valid,0.1530462492292227,0.07620901853075135,up
loose,replay_loose_2025-11-28,2025-11-28T00:00:00+00:00,2025-11-28,2026-05-22,industry_trend,120,22,22,0,valid,0.30946110688071343,0.07620901853075135,up
loose,replay_loose_2025-11-28,2025-11-28T00:00:00+00:00,2025-11-28,2025-12-29,momentum,20,21,21,0,valid,0.026728808316063262,0.07620901853075135,up
loose,replay_loose_2025-11-28,2025-11-28T00:00:00+00:00,2025-11-28,2026-02-26,momentum,60,21,21,0,valid,0.17335044531497518,0.07620901853075135,up
loose,replay_loose_2025-11-28,2025-11-28T00:00:00+00:00,2025-11-28,2026-05-22,momentum,120,21,21,0,valid,0.35933895443895514,0.07620901853075135,up
loose,replay_loose_2025-11-28,2025-11-28T00:00:00+00:00,2025-11-28,2025-12-29,research_pool,20,30,30,0,valid,0.014000829967540299,0.07620901853075135,up
loose,replay_loose_2025-11-28,2025-11-28T00:00:00+00:00,2025-11-28,2026-02-26,research_pool,60,30,30,0,valid,0.07658955440121659,0.07620901853075135,up
loose,replay_loose_2025-11-28,2025-11-28T00:00:00+00:00,2025-11-28,2026-05-22,research_pool,120,30,30,0,valid,0.31493631144305334,0.07620901853075135,up
loose,replay_loose_2025-12-31,2025-12-31T00:00:00+00:00,2025-12-31,2026-01-30,low_value,20,22,22,0,valid,0.15699495619435602,0.01081161137440767,up
loose,replay_loose_2025-12-31,2025-12-31T00:00:00+00:00,2025-12-31,2026-03-30,low_value,60,22,22,0,valid,0.05727270961033357,0.01081161137440767,up
loose,replay_loose_2025-12-31,2025-12-31T00:00:00+00:00,2025-12-31,2026-06-25,low_value,120,22,22,0,valid,0.9883436893077199,0.01081161137440767,up
loose,replay_loose_2025-12-31,2025-12-31T00:00:00+00:00,2025-12-31,2026-01-30,industry_trend,20,20,20,0,valid,0.05807588619068142,0.01081161137440767,up
loose,replay_loose_2025-12-31,2025-12-31T00:00:00+00:00,2025-12-31,2026-03-30,industry_trend,60,20,20,0,valid,-0.04236208434724294,0.01081161137440767,up
loose,replay_loose_2025-12-31,2025-12-31T00:00:00+00:00,2025-12-31,2026-06-25,industry_trend,120,20,20,0,valid,0.29950912142802066,0.01081161137440767,up
loose,replay_loose_2025-12-31,2025-12-31T00:00:00+00:00,2025-12-31,2026-01-30,momentum,20,19,19,0,valid,0.09441115511538258,0.01081161137440767,up
loose,replay_loose_2025-12-31,2025-12-31T00:00:00+00:00,2025-12-31,2026-03-30,momentum,60,19,19,0,valid,0.0015347404401515024,0.01081161137440767,up
loose,replay_loose_2025-12-31,2025-12-31T00:00:00+00:00,2025-12-31,2026-06-25,momentum,120,19,19,0,valid,0.40940316407149124,0.01081161137440767,up
loose,replay_loose_2025-12-31,2025-12-31T00:00:00+00:00,2025-12-31,2026-01-30,research_pool,20,30,30,0,valid,0.02212618501151443,0.01081161137440767,up
loose,replay_loose_2025-12-31,2025-12-31T00:00:00+00:00,2025-12-31,2026-03-30,research_pool,60,30,30,0,valid,-0.03395979176977678,0.01081161137440767,up
loose,replay_loose_2025-12-31,2025-12-31T00:00:00+00:00,2025-12-31,2026-06-25,research_pool,120,30,30,0,valid,0.12283852082536728,0.01081161137440767,up
loose,replay_loose_2026-01-30,2026-01-30T00:00:00+00:00,2026-01-30,2026-03-02,low_value,20,20,20,0,valid,0.0424785224199676,-0.016499509602303175,down
loose,replay_loose_2026-01-30,2026-01-30T00:00:00+00:00,2026-01-30,2026-04-28,low_value,60,20,20,0,valid,0.0835584940486723,-0.016499509602303175,down
loose,replay_loose_2026-01-30,2026-01-30T00:00:00+00:00,2026-01-30,2026-07-24,low_value,120,20,20,0,valid,0.2025749189231663,-0.016499509602303175,down
loose,replay_loose_2026-01-30,2026-01-30T00:00:00+00:00,2026-01-30,2026-03-02,industry_trend,20,21,21,0,valid,0.030193266795041106,-0.016499509602303175,down
loose,replay_loose_2026-01-30,2026-01-30T00:00:00+00:00,2026-01-30,2026-04-28,industry_trend,60,21,21,0,valid,0.09644220496063322,-0.016499509602303175,down
loose,replay_loose_2026-01-30,2026-01-30T00:00:00+00:00,2026-01-30,2026-07-24,industry_trend,120,21,21,0,valid,0.22057731535645392,-0.016499509602303175,down
loose,replay_loose_2026-01-30,2026-01-30T00:00:00+00:00,2026-01-30,2026-03-02,momentum,20,20,20,0,valid,0.052044271500686023,-0.016499509602303175,down
loose,replay_loose_2026-01-30,2026-01-30T00:00:00+00:00,2026-01-30,2026-04-28,momentum,60,20,20,0,valid,0.15080088168586786,-0.016499509602303175,down
loose,replay_loose_2026-01-30,2026-01-30T00:00:00+00:00,2026-01-30,2026-07-24,momentum,120,20,20,0,valid,0.288542211072315,-0.016499509602303175,down
loose,replay_loose_2026-01-30,2026-01-30T00:00:00+00:00,2026-01-30,2026-03-02,research_pool,20,30,30,0,valid,0.025164200026366344,-0.016499509602303175,down
loose,replay_loose_2026-01-30,2026-01-30T00:00:00+00:00,2026-01-30,2026-04-28,research_pool,60,30,30,0,valid,0.11340693371682033,-0.016499509602303175,down
loose,replay_loose_2026-01-30,2026-01-30T00:00:00+00:00,2026-01-30,2026-07-24,research_pool,120,30,30,0,valid,0.18099847060504867,-0.016499509602303175,down
loose,replay_loose_2026-02-27,2026-02-27T00:00:00+00:00,2026-02-27,2026-03-27,low_value,20,21,21,0,valid,-0.06083332451303861,-0.01606318347509106,down
loose,replay_loose_2026-02-27,2026-02-27T00:00:00+00:00,2026-02-27,2026-05-26,low_value,60,21,21,0,valid,0.12870748220070463,-0.01606318347509106,down
loose,replay_loose_2026-02-27,2026-02-27T00:00:00+00:00,2026-02-27,2026-08-20,low_value,120,21,21,0,valid,0.07085015036780265,-0.01606318347509106,down
loose,replay_loose_2026-02-27,2026-02-27T00:00:00+00:00,2026-02-27,2026-03-27,industry_trend,20,20,20,0,valid,-0.06968385110572564,-0.01606318347509106,down
loose,replay_loose_2026-02-27,2026-02-27T00:00:00+00:00,2026-02-27,2026-05-26,industry_trend,60,20,20,0,valid,0.20923192606842744,-0.01606318347509106,down
loose,replay_loose_2026-02-27,2026-02-27T00:00:00+00:00,2026-02-27,2026-08-20,industry_trend,120,20,20,0,valid,0.18955117580253306,-0.01606318347509106,down
loose,replay_loose_2026-02-27,2026-02-27T00:00:00+00:00,2026-02-27,2026-03-27,momentum,20,20,20,0,valid,-0.06688183110851806,-0.01606318347509106,down
loose,replay_loose_2026-02-27,2026-02-27T00:00:00+00:00,2026-02-27,2026-05-26,momentum,60,20,20,0,valid,0.2168350210465158,-0.01606318347509106,down
loose,replay_loose_2026-02-27,2026-02-27T00:00:00+00:00,2026-02-27,2026-08-20,momentum,120,20,20,0,valid,0.17107772620316736,-0.01606318347509106,down
loose,replay_loose_2026-02-27,2026-02-27T00:00:00+00:00,2026-02-27,2026-03-27,research_pool,20,30,30,0,valid,-0.0579236574239793,-0.01606318347509106,down
loose,replay_loose_2026-02-27,2026-02-27T00:00:00+00:00,2026-02-27,2026-05-26,research_pool,60,30,30,0,valid,0.2429060103401434,-0.01606318347509106,down
loose,replay_loose_2026-02-27,2026-02-27T00:00:00+00:00,2026-02-27,2026-08-20,research_pool,120,30,30,0,valid,0.21921900644100545,-0.01606318347509106,down
loose,replay_loose_2026-03-31,2026-03-31T00:00:00+00:00,2026-03-31,2026-05-08,low_value,20,0,0,0,no_signal,,-0.05867097279311029,down
loose,replay_loose_2026-03-31,2026-03-31T00:00:00+00:00,2026-03-31,2026-07-03,low_value,60,0,0,0,no_signal,,-0.05867097279311029,down
loose,replay_loose_2026-03-31,2026-03-31T00:00:00+00:00,2026-03-31,2026-09-25,low_value,120,0,0,0,no_signal,,-0.05867097279311029,down
loose,replay_loose_2026-03-31,2026-03-31T00:00:00+00:00,2026-03-31,2026-05-08,industry_trend,20,0,0,0,no_signal,,-0.05867097279311029,down
loose,replay_loose_2026-03-31,2026-03-31T00:00:00+00:00,2026-03-31,2026-07-03,industry_trend,60,0,0,0,no_signal,,-0.05867097279311029,down
loose,replay_loose_2026-03-31,2026-03-31T00:00:00+00:00,2026-03-31,2026-09-25,industry_trend,120,0,0,0,no_signal,,-0.05867097279311029,down
loose,replay_loose_2026-03-31,2026-03-31T00:00:00+00:00,2026-03-31,2026-05-08,momentum,20,0,0,0,no_signal,,-0.05867097279311029,down
loose,replay_loose_2026-03-31,2026-03-31T00:00:00+00:00,2026-03-31,2026-07-03,momentum,60,0,0,0,no_signal,,-0.05867097279311029,down
loose,replay_loose_2026-03-31,2026-03-31T00:00:00+00:00,2026-03-31,2026-09-25,momentum,120,0,0,0,no_signal,,-0.05867097279311029,down
loose,replay_loose_2026-03-31,2026-03-31T00:00:00+00:00,2026-03-31,2026-04-29,research_pool,20,30,30,0,valid,0.09755248285782278,-0.05867097279311029,down
loose,replay_loose_2026-03-31,2026-03-31T00:00:00+00:00,2026-03-31,2026-06-26,research_pool,60,30,30,0,valid,0.22656079229029974,-0.05867097279311029,down
loose,replay_loose_2026-03-31,2026-03-31T00:00:00+00:00,2026-03-31,2026-09-22,research_pool,120,30,30,0,valid,0.2925293180783654,-0.05867097279311029,down
strict,replay_strict_2023-01-31,2023-01-31T00:00:00+00:00,2023-01-31,2023-03-01,low_value,20,18,18,0,valid,0.0005109024564688794,0.10936264729134515,up
strict,replay_strict_2023-01-31,2023-01-31T00:00:00+00:00,2023-01-31,2023-04-27,low_value,60,18,18,0,valid,-0.01972601330402869,0.10936264729134515,up
strict,replay_strict_2023-01-31,2023-01-31T00:00:00+00:00,2023-01-31,2023-07-25,low_value,120,18,18,0,valid,0.1552168439994193,0.10936264729134515,up
strict,replay_strict_2023-01-31,2023-01-31T00:00:00+00:00,2023-01-31,2023-03-01,industry_trend,20,20,20,0,valid,-0.010008392755932355,0.10936264729134515,up
strict,replay_strict_2023-01-31,2023-01-31T00:00:00+00:00,2023-01-31,2023-04-27,industry_trend,60,20,20,0,valid,0.013309611174153014,0.10936264729134515,up
strict,replay_strict_2023-01-31,2023-01-31T00:00:00+00:00,2023-01-31,2023-07-25,industry_trend,120,20,20,0,valid,0.20922426626912705,0.10936264729134515,up
strict,replay_strict_2023-01-31,2023-01-31T00:00:00+00:00,2023-01-31,2023-03-01,momentum,20,19,19,0,valid,-0.0005331146203534248,0.10936264729134515,up
strict,replay_strict_2023-01-31,2023-01-31T00:00:00+00:00,2023-01-31,2023-04-27,momentum,60,19,19,0,valid,0.016434545543482414,0.10936264729134515,up
strict,replay_strict_2023-01-31,2023-01-31T00:00:00+00:00,2023-01-31,2023-07-25,momentum,120,19,19,0,valid,0.26508643920801145,0.10936264729134515,up
strict,replay_strict_2023-01-31,2023-01-31T00:00:00+00:00,2023-01-31,2023-03-01,research_pool,20,30,30,0,valid,-0.0010040204119230493,0.10936264729134515,up
strict,replay_strict_2023-01-31,2023-01-31T00:00:00+00:00,2023-01-31,2023-04-27,research_pool,60,30,30,0,valid,-0.028044175415204826,0.10936264729134515,up
strict,replay_strict_2023-01-31,2023-01-31T00:00:00+00:00,2023-01-31,2023-07-25,research_pool,120,30,30,0,valid,0.15707692606708473,0.10936264729134515,up
strict,replay_strict_2023-02-28,2023-02-28T00:00:00+00:00,2023-02-28,2023-03-28,low_value,20,21,21,0,valid,-0.0013724592471973634,0.00044303581774185474,up
strict,replay_strict_2023-02-28,2023-02-28T00:00:00+00:00,2023-02-28,2023-05-24,low_value,60,21,21,0,valid,0.022668764989136597,0.00044303581774185474,up
strict,replay_strict_2023-02-28,2023-02-28T00:00:00+00:00,2023-02-28,2023-08-21,low_value,120,21,21,0,valid,0.22056987519658033,0.00044303581774185474,up
strict,replay_strict_2023-02-28,2023-02-28T00:00:00+00:00,2023-02-28,2023-03-28,industry_trend,20,19,19,0,valid,0.00019092553488172923,0.00044303581774185474,up
strict,replay_strict_2023-02-28,2023-02-28T00:00:00+00:00,2023-02-28,2023-05-24,industry_trend,60,19,19,0,valid,0.034513552142010975,0.00044303581774185474,up
strict,replay_strict_2023-02-28,2023-02-28T00:00:00+00:00,2023-02-28,2023-08-21,industry_trend,120,19,19,0,valid,0.21883883701530185,0.00044303581774185474,up
strict,replay_strict_2023-02-28,2023-02-28T00:00:00+00:00,2023-02-28,2023-03-28,momentum,20,19,19,0,valid,-0.0007881855832045224,0.00044303581774185474,up
strict,replay_strict_2023-02-28,2023-02-28T00:00:00+00:00,2023-02-28,2023-05-24,momentum,60,19,19,0,valid,0.08489223936290233,0.00044303581774185474,up
strict,replay_strict_2023-02-28,2023-02-28T00:00:00+00:00,2023-02-28,2023-08-21,momentum,120,19,19,0,valid,0.2866328337400322,0.00044303581774185474,up
strict,replay_strict_2023-02-28,2023-02-28T00:00:00+00:00,2023-02-28,2023-03-28,research_pool,20,30,30,0,valid,-0.021780608354104967,0.00044303581774185474,up
strict,replay_strict_2023-02-28,2023-02-28T00:00:00+00:00,2023-02-28,2023-05-24,research_pool,60,30,30,0,valid,-0.008582142084986154,0.00044303581774185474,up
strict,replay_strict_2023-02-28,2023-02-28T00:00:00+00:00,2023-02-28,2023-08-21,research_pool,120,30,30,0,valid,0.11509532633518164,0.00044303581774185474,up
strict,replay_strict_2023-03-31,2023-03-31T00:00:00+00:00,2023-03-31,2023-05-01,low_value,20,22,22,0,valid,0.002284230142254126,0.2072170379289584,up
strict,replay_strict_2023-03-31,2023-03-31T00:00:00+00:00,2023-03-31,2023-06-28,low_value,60,22,22,0,valid,0.17295301547865846,0.2072170379289584,up
strict,replay_strict_2023-03-31,2023-03-31T00:00:00+00:00,2023-03-31,2023-09-22,low_value,120,22,22,0,valid,0.15416135001853656,0.2072170379289584,up
strict,replay_strict_2023-03-31,2023-03-31T00:00:00+00:00,2023-03-31,2023-05-01,industry_trend,20,24,24,0,valid,-0.011648734965953214,0.2072170379289584,up
strict,replay_strict_2023-03-31,2023-03-31T00:00:00+00:00,2023-03-31,2023-06-28,industry_trend,60,24,24,0,valid,0.08946574411946388,0.2072170379289584,up
strict,replay_strict_2023-03-31,2023-03-31T00:00:00+00:00,2023-03-31,2023-09-22,industry_trend,120,24,24,0,valid,0.048431382801799795,0.2072170379289584,up
strict,replay_strict_2023-03-31,2023-03-31T00:00:00+00:00,2023-03-31,2023-05-01,momentum,20,22,22,0,valid,-0.007455070177213469,0.2072170379289584,up
strict,replay_strict_2023-03-31,2023-03-31T00:00:00+00:00,2023-03-31,2023-06-28,momentum,60,22,22,0,valid,0.0869325473363534,0.2072170379289584,up
strict,replay_strict_2023-03-31,2023-03-31T00:00:00+00:00,2023-03-31,2023-09-22,momentum,120,22,22,0,valid,0.06120457075725532,0.2072170379289584,up
strict,replay_strict_2023-03-31,2023-03-31T00:00:00+00:00,2023-03-31,2023-05-01,research_pool,20,30,30,0,valid,-0.039392182418664067,0.2072170379289584,up
strict,replay_strict_2023-03-31,2023-03-31T00:00:00+00:00,2023-03-31,2023-06-28,research_pool,60,30,30,0,valid,0.043758799587962756,0.2072170379289584,up
strict,replay_strict_2023-03-31,2023-03-31T00:00:00+00:00,2023-03-31,2023-09-22,research_pool,120,30,30,0,valid,0.050455851675656464,0.2072170379289584,up
strict,replay_strict_2023-04-28,2023-04-28T00:00:00+00:00,2023-04-28,2023-05-26,low_value,20,19,19,0,valid,0.017602508152634866,0.07172280911567341,up
strict,replay_strict_2023-04-28,2023-04-28T00:00:00+00:00,2023-04-28,2023-07-26,low_value,60,19,19,0,valid,0.12392102126952668,0.07172280911567341,up
strict,replay_strict_2023-04-28,2023-04-28T00:00:00+00:00,2023-04-28,2023-10-19,low_value,120,19,19,0,valid,0.03973505268478433,0.07172280911567341,up
strict,replay_strict_2023-04-28,2023-04-28T00:00:00+00:00,2023-04-28,2023-05-26,industry_trend,20,19,19,0,valid,0.0855788957280953,0.07172280911567341,up
strict,replay_strict_2023-04-28,2023-04-28T00:00:00+00:00,2023-04-28,2023-07-26,industry_trend,60,19,19,0,valid,0.16694434280770057,0.07172280911567341,up
strict,replay_strict_2023-04-28,2023-04-28T00:00:00+00:00,2023-04-28,2023-10-19,industry_trend,120,19,19,0,valid,0.129393129168717,0.07172280911567341,up
strict,replay_strict_2023-04-28,2023-04-28T00:00:00+00:00,2023-04-28,2023-05-26,momentum,20,19,19,0,valid,0.08511410804231764,0.07172280911567341,up
strict,replay_strict_2023-04-28,2023-04-28T00:00:00+00:00,2023-04-28,2023-07-26,momentum,60,19,19,0,valid,0.20436748719148037,0.07172280911567341,up
strict,replay_strict_2023-04-28,2023-04-28T00:00:00+00:00,2023-04-28,2023-10-19,momentum,120,19,19,0,valid,0.14507852799720825,0.07172280911567341,up
strict,replay_strict_2023-04-28,2023-04-28T00:00:00+00:00,2023-04-28,2023-05-26,research_pool,20,30,30,0,valid,0.01755697789404813,0.07172280911567341,up
strict,replay_strict_2023-04-28,2023-04-28T00:00:00+00:00,2023-04-28,2023-07-26,research_pool,60,30,30,0,valid,0.1385262316037009,0.07172280911567341,up
strict,replay_strict_2023-04-28,2023-04-28T00:00:00+00:00,2023-04-28,2023-10-19,research_pool,120,30,30,0,valid,0.05238000558685071,0.07172280911567341,up
strict,replay_strict_2023-05-31,2023-05-31T00:00:00+00:00,2023-05-31,2023-06-29,low_value,20,18,18,0,valid,0.08239533306989115,0.15848415158484164,up
strict,replay_strict_2023-05-31,2023-05-31T00:00:00+00:00,2023-05-31,2023-08-25,low_value,60,18,18,0,valid,0.09861933199877998,0.15848415158484164,up
strict,replay_strict_2023-05-31,2023-05-31T00:00:00+00:00,2023-05-31,2023-11-20,low_value,120,18,18,0,valid,0.18203522642353664,0.15848415158484164,up
strict,replay_strict_2023-05-31,2023-05-31T00:00:00+00:00,2023-05-31,2023-06-29,industry_trend,20,20,20,0,valid,0.06096617710594369,0.15848415158484164,up
strict,replay_strict_2023-05-31,2023-05-31T00:00:00+00:00,2023-05-31,2023-08-25,industry_trend,60,20,20,0,valid,0.07095728912674212,0.15848415158484164,up
strict,replay_strict_2023-05-31,2023-05-31T00:00:00+00:00,2023-05-31,2023-11-20,industry_trend,120,20,20,0,valid,0.15073841775298716,0.15848415158484164,up
strict,replay_strict_2023-05-31,2023-05-31T00:00:00+00:00,2023-05-31,2023-06-29,momentum,20,23,23,0,valid,0.05712850381743717,0.15848415158484164,up
strict,replay_strict_2023-05-31,2023-05-31T00:00:00+00:00,2023-05-31,2023-08-25,momentum,60,23,23,0,valid,0.06500777990255363,0.15848415158484164,up
strict,replay_strict_2023-05-31,2023-05-31T00:00:00+00:00,2023-05-31,2023-11-20,momentum,120,23,23,0,valid,0.17426747142509294,0.15848415158484164,up
strict,replay_strict_2023-05-31,2023-05-31T00:00:00+00:00,2023-05-31,2023-06-29,research_pool,20,30,30,0,valid,0.08763598891703515,0.15848415158484164,up
strict,replay_strict_2023-05-31,2023-05-31T00:00:00+00:00,2023-05-31,2023-08-25,research_pool,60,30,30,0,valid,0.1271558174977438,0.15848415158484164,up
strict,replay_strict_2023-05-31,2023-05-31T00:00:00+00:00,2023-05-31,2023-11-20,research_pool,120,30,30,0,valid,0.1362301306760643,0.15848415158484164,up
strict,replay_strict_2023-06-30,2023-06-30T00:00:00+00:00,2023-06-30,2023-07-31,low_value,20,21,21,0,valid,0.057905179981026705,0.1580514250795193,up
strict,replay_strict_2023-06-30,2023-06-30T00:00:00+00:00,2023-06-30,2023-09-26,low_value,60,21,21,0,valid,-0.0712995963857732,0.1580514250795193,up
strict,replay_strict_2023-06-30,2023-06-30T00:00:00+00:00,2023-06-30,2023-12-20,low_value,120,21,21,0,valid,0.07966965722660291,0.1580514250795193,up
strict,replay_strict_2023-06-30,2023-06-30T00:00:00+00:00,2023-06-30,2023-07-31,industry_trend,20,22,22,0,valid,0.03241814810263347,0.1580514250795193,up
strict,replay_strict_2023-06-30,2023-06-30T00:00:00+00:00,2023-06-30,2023-09-26,industry_trend,60,22,22,0,valid,-0.07071960054812966,0.1580514250795193,up
strict,replay_strict_2023-06-30,2023-06-30T00:00:00+00:00,2023-06-30,2023-12-20,industry_trend,120,22,22,0,valid,0.043118110023133406,0.1580514250795193,up
strict,replay_strict_2023-06-30,2023-06-30T00:00:00+00:00,2023-06-30,2023-07-31,momentum,20,19,19,0,valid,0.04221448711399648,0.1580514250795193,up
strict,replay_strict_2023-06-30,2023-06-30T00:00:00+00:00,2023-06-30,2023-09-26,momentum,60,19,19,0,valid,-0.05620500195358467,0.1580514250795193,up
strict,replay_strict_2023-06-30,2023-06-30T00:00:00+00:00,2023-06-30,2023-12-20,momentum,120,19,19,0,valid,0.057171286681027646,0.1580514250795193,up
strict,replay_strict_2023-06-30,2023-06-30T00:00:00+00:00,2023-06-30,2023-07-31,research_pool,20,30,30,0,valid,0.05638287389005787,0.1580514250795193,up
strict,replay_strict_2023-06-30,2023-06-30T00:00:00+00:00,2023-06-30,2023-09-26,research_pool,60,30,30,0,valid,-0.03814874015250611,0.1580514250795193,up
strict,replay_strict_2023-06-30,2023-06-30T00:00:00+00:00,2023-06-30,2023-12-20,research_pool,120,30,30,0,valid,0.05766317712223089,0.1580514250795193,up
strict,replay_strict_2023-07-31,2023-07-31T00:00:00+00:00,2023-07-31,2023-08-28,low_value,20,18,18,0,valid,-0.0627464999243357,0.20940271935214505,up
strict,replay_strict_2023-07-31,2023-07-31T00:00:00+00:00,2023-07-31,2023-10-24,low_value,60,18,18,0,valid,-0.10732521156250409,0.20940271935214505,up
strict,replay_strict_2023-07-31,2023-07-31T00:00:00+00:00,2023-07-31,2024-01-22,low_value,120,18,18,0,valid,0.08820802707269082,0.20940271935214505,up
strict,replay_strict_2023-07-31,2023-07-31T00:00:00+00:00,2023-07-31,2023-08-28,industry_trend,20,19,19,0,valid,-0.06701518414187115,0.20940271935214505,up
strict,replay_strict_2023-07-31,2023-07-31T00:00:00+00:00,2023-07-31,2023-10-24,industry_trend,60,19,19,0,valid,-0.11198137465960044,0.20940271935214505,up
strict,replay_strict_2023-07-31,2023-07-31T00:00:00+00:00,2023-07-31,2024-01-22,industry_trend,120,19,19,0,valid,0.08970734162339937,0.20940271935214505,up
strict,replay_strict_2023-07-31,2023-07-31T00:00:00+00:00,2023-07-31,2023-08-28,momentum,20,20,20,0,valid,-0.0759200818540498,0.20940271935214505,up
strict,replay_strict_2023-07-31,2023-07-31T00:00:00+00:00,2023-07-31,2023-10-24,momentum,60,20,20,0,valid,-0.10609839892032938,0.20940271935214505,up
strict,replay_strict_2023-07-31,2023-07-31T00:00:00+00:00,2023-07-31,2024-01-22,momentum,120,20,20,0,valid,0.08617430787128352,0.20940271935214505,up
strict,replay_strict_2023-07-31,2023-07-31T00:00:00+00:00,2023-07-31,2023-08-28,research_pool,20,30,30,0,valid,-0.03334810174240291,0.20940271935214505,up
strict,replay_strict_2023-07-31,2023-07-31T00:00:00+00:00,2023-07-31,2023-10-24,research_pool,60,30,30,0,valid,-0.09406583131203859,0.20940271935214505,up
strict,replay_strict_2023-07-31,2023-07-31T00:00:00+00:00,2023-07-31,2024-01-22,research_pool,120,30,30,0,valid,0.02860166551545892,0.20940271935214505,up
strict,replay_strict_2023-08-31,2023-08-31T00:00:00+00:00,2023-08-31,2023-09-29,low_value,20,20,20,0,valid,-0.05314850291287956,0.06465335098740743,up
strict,replay_strict_2023-08-31,2023-08-31T00:00:00+00:00,2023-08-31,2023-11-27,low_value,60,20,20,0,valid,-0.0035500231051061593,0.06465335098740743,up
strict,replay_strict_2023-08-31,2023-08-31T00:00:00+00:00,2023-08-31,2024-02-23,low_value,120,20,20,0,valid,0.19744186006613273,0.06465335098740743,up
strict,replay_strict_2023-08-31,2023-08-31T00:00:00+00:00,2023-08-31,2023-09-29,industry_trend,20,20,20,0,valid,-0.07003103378942671,0.06465335098740743,up
strict,replay_strict_2023-08-31,2023-08-31T00:00:00+00:00,2023-08-31,2023-11-27,industry_trend,60,20,20,0,valid,0.018168557411865273,0.06465335098740743,up
strict,replay_strict_2023-08-31,2023-08-31T00:00:00+00:00,2023-08-31,2024-02-23,industry_trend,120,20,20,0,valid,0.17065707756564025,0.06465335098740743,up
strict,replay_strict_2023-08-31,2023-08-31T00:00:00+00:00,2023-08-31,2023-09-29,momentum,20,20,20,0,valid,-0.07009309663026003,0.06465335098740743,up
strict,replay_strict_2023-08-31,2023-08-31T00:00:00+00:00,2023-08-31,2023-11-27,momentum,60,20,20,0,valid,0.00948479384389414,0.06465335098740743,up
strict,replay_strict_2023-08-31,2023-08-31T00:00:00+00:00,2023-08-31,2024-02-23,momentum,120,20,20,0,valid,0.18610466854840696,0.06465335098740743,up
strict,replay_strict_2023-08-31,2023-08-31T00:00:00+00:00,2023-08-31,2023-09-29,research_pool,20,30,30,0,valid,-0.07837946610412357,0.06465335098740743,up
strict,replay_strict_2023-08-31,2023-08-31T00:00:00+00:00,2023-08-31,2023-11-27,research_pool,60,30,30,0,valid,-0.03944082394136029,0.06465335098740743,up
strict,replay_strict_2023-08-31,2023-08-31T00:00:00+00:00,2023-08-31,2024-02-23,research_pool,120,30,30,0,valid,0.11944741390063868,0.06465335098740743,up
strict,replay_strict_2023-09-29,2023-09-29T00:00:00+00:00,2023-09-29,2023-10-27,low_value,20,10,10,0,valid,-0.06326464984924206,-0.024775847290439357,down
strict,replay_strict_2023-09-29,2023-09-29T00:00:00+00:00,2023-09-29,2023-12-26,low_value,60,10,10,0,valid,0.08292699246894181,-0.024775847290439357,down
strict,replay_strict_2023-09-29,2023-09-29T00:00:00+00:00,2023-09-29,2024-03-22,low_value,120,10,10,0,valid,0.38854190304552993,-0.024775847290439357,down
strict,replay_strict_2023-09-29,2023-09-29T00:00:00+00:00,2023-09-29,2023-10-27,industry_trend,20,20,20,0,valid,-0.035350494080817786,-0.024775847290439357,down
strict,replay_strict_2023-09-29,2023-09-29T00:00:00+00:00,2023-09-29,2023-12-26,industry_trend,60,20,20,0,valid,0.1418041253556575,-0.024775847290439357,down
strict,replay_strict_2023-09-29,2023-09-29T00:00:00+00:00,2023-09-29,2024-03-22,industry_trend,120,20,20,0,valid,0.32688126399940354,-0.024775847290439357,down
strict,replay_strict_2023-09-29,2023-09-29T00:00:00+00:00,2023-09-29,2023-10-27,momentum,20,19,19,0,valid,-0.03814578097021917,-0.024775847290439357,down
strict,replay_strict_2023-09-29,2023-09-29T00:00:00+00:00,2023-09-29,2023-12-26,momentum,60,19,19,0,valid,0.12428470117500774,-0.024775847290439357,down
strict,replay_strict_2023-09-29,2023-09-29T00:00:00+00:00,2023-09-29,2024-03-22,momentum,120,19,19,0,valid,0.39148767984058863,-0.024775847290439357,down
strict,replay_strict_2023-09-29,2023-09-29T00:00:00+00:00,2023-09-29,2023-10-27,research_pool,20,30,30,0,valid,-0.06487861102954427,-0.024775847290439357,down
strict,replay_strict_2023-09-29,2023-09-29T00:00:00+00:00,2023-09-29,2023-12-26,research_pool,60,30,30,0,valid,0.0973013319671403,-0.024775847290439357,down
strict,replay_strict_2023-09-29,2023-09-29T00:00:00+00:00,2023-09-29,2024-03-22,research_pool,120,30,30,0,valid,0.23019028758292379,-0.024775847290439357,down
strict,replay_strict_2023-10-31,2023-10-31T00:00:00+00:00,2023-10-31,2023-11-29,low_value,20,13,13,0,valid,0.09125271285183076,-0.06465195608144114,down
strict,replay_strict_2023-10-31,2023-10-31T00:00:00+00:00,2023-10-31,2024-01-29,low_value,60,13,13,0,valid,0.2098098006921638,-0.06465195608144114,down
strict,replay_strict_2023-10-31,2023-10-31T00:00:00+00:00,2023-10-31,2024-04-24,low_value,120,13,13,0,valid,0.5062126559635401,-0.06465195608144114,down
strict,replay_strict_2023-10-31,2023-10-31T00:00:00+00:00,2023-10-31,2023-11-29,industry_trend,20,21,21,0,valid,0.09255261757872299,-0.06465195608144114,down
strict,replay_strict_2023-10-31,2023-10-31T00:00:00+00:00,2023-10-31,2024-01-29,industry_trend,60,21,21,0,valid,0.18813947174321557,-0.06465195608144114,down
strict,replay_strict_2023-10-31,2023-10-31T00:00:00+00:00,2023-10-31,2024-04-24,industry_trend,120,21,21,0,valid,0.2451268531253016,-0.06465195608144114,down
strict,replay_strict_2023-10-31,2023-10-31T00:00:00+00:00,2023-10-31,2023-11-29,momentum,20,20,20,0,valid,0.08938218311020732,-0.06465195608144114,down
strict,replay_strict_2023-10-31,2023-10-31T00:00:00+00:00,2023-10-31,2024-01-29,momentum,60,20,20,0,valid,0.19056418764178726,-0.06465195608144114,down
strict,replay_strict_2023-10-31,2023-10-31T00:00:00+00:00,2023-10-31,2024-04-24,momentum,120,20,20,0,valid,0.31448155960306107,-0.06465195608144114,down
strict,replay_strict_2023-10-31,2023-10-31T00:00:00+00:00,2023-10-31,2023-11-29,research_pool,20,30,30,0,valid,0.0837515442600268,-0.06465195608144114,down
strict,replay_strict_2023-10-31,2023-10-31T00:00:00+00:00,2023-10-31,2024-01-29,research_pool,60,30,30,0,valid,0.22734556755085913,-0.06465195608144114,down
strict,replay_strict_2023-10-31,2023-10-31T00:00:00+00:00,2023-10-31,2024-04-24,research_pool,120,30,30,0,valid,0.2913251828263643,-0.06465195608144114,down
strict,replay_strict_2023-11-30,2023-11-30T00:00:00+00:00,2023-11-30,2023-12-29,low_value,20,20,20,0,valid,0.0581737996346374,0.03764373182509417,up
strict,replay_strict_2023-11-30,2023-11-30T00:00:00+00:00,2023-11-30,2024-02-28,low_value,60,20,20,0,valid,0.16159764663356763,0.03764373182509417,up
strict,replay_strict_2023-11-30,2023-11-30T00:00:00+00:00,2023-11-30,2024-05-23,low_value,120,20,20,0,valid,0.23216978124560242,0.03764373182509417,up
strict,replay_strict_2023-11-30,2023-11-30T00:00:00+00:00,2023-11-30,2023-12-29,industry_trend,20,23,23,0,valid,0.056362205078009146,0.03764373182509417,up
strict,replay_strict_2023-11-30,2023-11-30T00:00:00+00:00,2023-11-30,2024-02-28,industry_trend,60,23,23,0,valid,0.1265848517146939,0.03764373182509417,up
strict,replay_strict_2023-11-30,2023-11-30T00:00:00+00:00,2023-11-30,2024-05-23,industry_trend,120,23,23,0,valid,0.1882026243223808,0.03764373182509417,up
strict,replay_strict_2023-11-30,2023-11-30T00:00:00+00:00,2023-11-30,2023-12-29,momentum,20,21,21,0,valid,0.06199303954251646,0.03764373182509417,up
strict,replay_strict_2023-11-30,2023-11-30T00:00:00+00:00,2023-11-30,2024-02-28,momentum,60,21,21,0,valid,0.12936836380457825,0.03764373182509417,up
strict,replay_strict_2023-11-30,2023-11-30T00:00:00+00:00,2023-11-30,2024-05-23,momentum,120,21,21,0,valid,0.12092464483244013,0.03764373182509417,up
strict,replay_strict_2023-11-30,2023-11-30T00:00:00+00:00,2023-11-30,2023-12-29,research_pool,20,30,30,0,valid,0.06877703096801792,0.03764373182509417,up
strict,replay_strict_2023-11-30,2023-11-30T00:00:00+00:00,2023-11-30,2024-02-28,research_pool,60,30,30,0,valid,0.20753143381618686,0.03764373182509417,up
strict,replay_strict_2023-11-30,2023-11-30T00:00:00+00:00,2023-11-30,2024-05-23,research_pool,120,30,30,0,valid,0.34700747900622086,0.03764373182509417,up
strict,replay_strict_2023-12-29,2023-12-29T00:00:00+00:00,2023-12-29,2024-01-30,low_value,20,22,22,0,valid,0.04982219291196921,0.13827421327699296,up
strict,replay_strict_2023-12-29,2023-12-29T00:00:00+00:00,2023-12-29,2024-03-27,low_value,60,22,22,0,valid,0.16855997516128166,0.13827421327699296,up
strict,replay_strict_2023-12-29,2023-12-29T00:00:00+00:00,2023-12-29,2024-06-24,low_value,120,22,22,0,valid,0.18843849953671496,0.13827421327699296,up
strict,replay_strict_2023-12-29,2023-12-29T00:00:00+00:00,2023-12-29,2024-01-30,industry_trend,20,20,20,0,valid,0.033611374582104336,0.13827421327699296,up
strict,replay_strict_2023-12-29,2023-12-29T00:00:00+00:00,2023-12-29,2024-03-27,industry_trend,60,20,20,0,valid,0.13977387258446547,0.13827421327699296,up
strict,replay_strict_2023-12-29,2023-12-29T00:00:00+00:00,2023-12-29,2024-06-24,industry_trend,120,20,20,0,valid,0.17188979256642073,0.13827421327699296,up
strict,replay_strict_2023-12-29,2023-12-29T00:00:00+00:00,2023-12-29,2024-01-30,momentum,20,21,21,0,valid,0.016766097869959053,0.13827421327699296,up
strict,replay_strict_2023-12-29,2023-12-29T00:00:00+00:00,2023-12-29,2024-03-27,momentum,60,21,21,0,valid,0.1240622518337384,0.13827421327699296,up
strict,replay_strict_2023-12-29,2023-12-29T00:00:00+00:00,2023-12-29,2024-06-24,momentum,120,21,21,0,valid,0.15938588026262623,0.13827421327699296,up
strict,replay_strict_2023-12-29,2023-12-29T00:00:00+00:00,2023-12-29,2024-01-30,research_pool,20,30,30,0,valid,0.0357484860954196,0.13827421327699296,up
strict,replay_strict_2023-12-29,2023-12-29T00:00:00+00:00,2023-12-29,2024-03-27,research_pool,60,30,30,0,valid,0.1714176885486334,0.13827421327699296,up
strict,replay_strict_2023-12-29,2023-12-29T00:00:00+00:00,2023-12-29,2024-06-24,research_pool,120,30,30,0,valid,0.1710798931182053,0.13827421327699296,up
strict,replay_strict_2024-01-31,2024-01-31T00:00:00+00:00,2024-01-31,2024-02-29,low_value,20,22,22,0,valid,0.09341056852738046,0.14713731532175967,up
strict,replay_strict_2024-01-31,2024-01-31T00:00:00+00:00,2024-01-31,2024-04-26,low_value,60,22,22,0,valid,0.11949093485117344,0.14713731532175967,up
strict,replay_strict_2024-01-31,2024-01-31T00:00:00+00:00,2024-01-31,2024-07-24,low_value,120,22,22,0,valid,0.12642886957356592,0.14713731532175967,up
strict,replay_strict_2024-01-31,2024-01-31T00:00:00+00:00,2024-01-31,2024-02-29,industry_trend,20,21,21,0,valid,0.0737189220104311,0.14713731532175967,up
strict,replay_strict_2024-01-31,2024-01-31T00:00:00+00:00,2024-01-31,2024-04-26,industry_trend,60,21,21,0,valid,0.09134618306477275,0.14713731532175967,up
strict,replay_strict_2024-01-31,2024-01-31T00:00:00+00:00,2024-01-31,2024-07-24,industry_trend,120,21,21,0,valid,0.12408531057525994,0.14713731532175967,up
strict,replay_strict_2024-01-31,2024-01-31T00:00:00+00:00,2024-01-31,2024-02-29,momentum,20,21,21,0,valid,0.11443818879500865,0.14713731532175967,up
strict,replay_strict_2024-01-31,2024-01-31T00:00:00+00:00,2024-01-31,2024-04-26,momentum,60,21,21,0,valid,0.1186451465048215,0.14713731532175967,up
strict,replay_strict_2024-01-31,2024-01-31T00:00:00+00:00,2024-01-31,2024-07-24,momentum,120,21,21,0,valid,0.12935896389541246,0.14713731532175967,up
strict,replay_strict_2024-01-31,2024-01-31T00:00:00+00:00,2024-01-31,2024-02-29,research_pool,20,30,30,0,valid,0.08571522315584591,0.14713731532175967,up
strict,replay_strict_2024-01-31,2024-01-31T00:00:00+00:00,2024-01-31,2024-04-26,research_pool,60,30,30,0,valid,0.1030092730942914,0.14713731532175967,up
strict,replay_strict_2024-01-31,2024-01-31T00:00:00+00:00,2024-01-31,2024-07-24,research_pool,120,30,30,0,valid,0.11684426614867964,0.14713731532175967,up
strict,replay_strict_2024-02-29,2024-02-29T00:00:00+00:00,2024-02-29,2024-03-28,low_value,20,21,21,0,valid,0.04605847718481328,0.1260674445441723,up
strict,replay_strict_2024-02-29,2024-02-29T00:00:00+00:00,2024-02-29,2024-05-24,low_value,60,21,21,0,valid,0.05801265424841085,0.1260674445441723,up
strict,replay_strict_2024-02-29,2024-02-29T00:00:00+00:00,2024-02-29,2024-08-21,low_value,120,21,21,0,valid,0.050588834083254465,0.1260674445441723,up
strict,replay_strict_2024-02-29,2024-02-29T00:00:00+00:00,2024-02-29,2024-03-28,industry_trend,20,22,22,0,valid,0.03758356580128433,0.1260674445441723,up
strict,replay_strict_2024-02-29,2024-02-29T00:00:00+00:00,2024-02-29,2024-05-24,industry_trend,60,22,22,0,valid,0.07078706023822899,0.1260674445441723,up
strict,replay_strict_2024-02-29,2024-02-29T00:00:00+00:00,2024-02-29,2024-08-21,industry_trend,120,22,22,0,valid,0.07404063054618538,0.1260674445441723,up
strict,replay_strict_2024-02-29,2024-02-29T00:00:00+00:00,2024-02-29,2024-03-28,momentum,20,21,21,0,valid,0.04486630429727754,0.1260674445441723,up
strict,replay_strict_2024-02-29,2024-02-29T00:00:00+00:00,2024-02-29,2024-05-24,momentum,60,21,21,0,valid,0.0750248060423269,0.1260674445441723,up
strict,replay_strict_2024-02-29,2024-02-29T00:00:00+00:00,2024-02-29,2024-08-21,momentum,120,21,21,0,valid,0.07088151314224474,0.1260674445441723,up
strict,replay_strict_2024-02-29,2024-02-29T00:00:00+00:00,2024-02-29,2024-03-28,research_pool,20,30,30,0,valid,0.03658329385880356,0.1260674445441723,up
strict,replay_strict_2024-02-29,2024-02-29T00:00:00+00:00,2024-02-29,2024-05-24,research_pool,60,30,30,0,valid,0.06533281589961891,0.1260674445441723,up
strict,replay_strict_2024-02-29,2024-02-29T00:00:00+00:00,2024-02-29,2024-08-21,research_pool,120,30,30,0,valid,0.08562722750533601,0.1260674445441723,up
strict,replay_strict_2024-03-29,2024-03-29T00:00:00+00:00,2024-03-29,2024-04-26,low_value,20,23,23,0,valid,-0.02365442426244871,0.10305514157973161,up
strict,replay_strict_2024-03-29,2024-03-29T00:00:00+00:00,2024-03-29,2024-06-25,low_value,60,23,23,0,valid,0.038988424263533925,0.10305514157973161,up
strict,replay_strict_2024-03-29,2024-03-29T00:00:00+00:00,2024-03-29,2024-09-19,low_value,120,23,23,0,valid,0.07101224736096404,0.10305514157973161,up
strict,replay_strict_2024-03-29,2024-03-29T00:00:00+00:00,2024-03-29,2024-04-26,industry_trend,20,19,19,0,valid,-0.019103703627373465,0.10305514157973161,up
strict,replay_strict_2024-03-29,2024-03-29T00:00:00+00:00,2024-03-29,2024-06-25,industry_trend,60,19,19,0,valid,0.04022530201711752,0.10305514157973161,up
strict,replay_strict_2024-03-29,2024-03-29T00:00:00+00:00,2024-03-29,2024-09-19,industry_trend,120,19,19,0,valid,0.13969953085357498,0.10305514157973161,up
strict,replay_strict_2024-03-29,2024-03-29T00:00:00+00:00,2024-03-29,2024-04-26,momentum,20,19,19,0,valid,-0.013309693641700952,0.10305514157973161,up
strict,replay_strict_2024-03-29,2024-03-29T00:00:00+00:00,2024-03-29,2024-06-25,momentum,60,19,19,0,valid,0.06248289168394428,0.10305514157973161,up
strict,replay_strict_2024-03-29,2024-03-29T00:00:00+00:00,2024-03-29,2024-09-19,momentum,120,19,19,0,valid,0.108412419467771,0.10305514157973161,up
strict,replay_strict_2024-03-29,2024-03-29T00:00:00+00:00,2024-03-29,2024-04-26,research_pool,20,30,30,0,valid,-0.026280105611567607,0.10305514157973161,up
strict,replay_strict_2024-03-29,2024-03-29T00:00:00+00:00,2024-03-29,2024-06-25,research_pool,60,30,30,0,valid,-0.019577924099963385,0.10305514157973161,up
strict,replay_strict_2024-03-29,2024-03-29T00:00:00+00:00,2024-03-29,2024-09-19,research_pool,120,30,30,0,valid,0.07295556772130034,0.10305514157973161,up
strict,replay_strict_2024-04-30,2024-04-30T00:00:00+00:00,2024-04-30,2024-05-29,low_value,20,20,20,0,valid,0.05903081311667248,-0.010520919502732151,down
strict,replay_strict_2024-04-30,2024-04-30T00:00:00+00:00,2024-04-30,2024-07-26,low_value,60,20,20,0,valid,0.03327685091405632,-0.010520919502732151,down
strict,replay_strict_2024-04-30,2024-04-30T00:00:00+00:00,2024-04-30,2024-10-21,low_value,120,20,20,0,valid,0.14917409535405796,-0.010520919502732151,down
strict,replay_strict_2024-04-30,2024-04-30T00:00:00+00:00,2024-04-30,2024-05-29,industry_trend,20,19,19,0,valid,0.05542781829315923,-0.010520919502732151,down
strict,replay_strict_2024-04-30,2024-04-30T00:00:00+00:00,2024-04-30,2024-07-26,industry_trend,60,19,19,0,valid,0.05134703051257519,-0.010520919502732151,down
strict,replay_strict_2024-04-30,2024-04-30T00:00:00+00:00,2024-04-30,2024-10-21,industry_trend,120,19,19,0,valid,0.1994065118662597,-0.010520919502732151,down
strict,replay_strict_2024-04-30,2024-04-30T00:00:00+00:00,2024-04-30,2024-05-29,momentum,20,19,19,0,valid,0.06984970518930617,-0.010520919502732151,down
strict,replay_strict_2024-04-30,2024-04-30T00:00:00+00:00,2024-04-30,2024-07-26,momentum,60,19,19,0,valid,0.05405362195661904,-0.010520919502732151,down
strict,replay_strict_2024-04-30,2024-04-30T00:00:00+00:00,2024-04-30,2024-10-21,momentum,120,19,19,0,valid,0.2053984519444848,-0.010520919502732151,down
strict,replay_strict_2024-04-30,2024-04-30T00:00:00+00:00,2024-04-30,2024-05-29,research_pool,20,30,30,0,valid,0.01113235470803169,-0.010520919502732151,down
strict,replay_strict_2024-04-30,2024-04-30T00:00:00+00:00,2024-04-30,2024-07-26,research_pool,60,30,30,0,valid,0.048368864020487554,-0.010520919502732151,down
strict,replay_strict_2024-04-30,2024-04-30T00:00:00+00:00,2024-04-30,2024-10-21,research_pool,120,30,30,0,valid,0.16579077982582413,-0.010520919502732151,down
strict,replay_strict_2024-05-31,2024-05-31T00:00:00+00:00,2024-05-31,2024-07-01,low_value,20,21,21,0,valid,-0.028349524241630064,0.029029758920840365,up
strict,replay_strict_2024-05-31,2024-05-31T00:00:00+00:00,2024-05-31,2024-08-27,low_value,60,21,21,0,valid,-0.019751823931972383,0.029029758920840365,up
strict,replay_strict_2024-05-31,2024-05-31T00:00:00+00:00,2024-05-31,2024-11-20,low_value,120,21,21,0,valid,0.23111177377152164,0.029029758920840365,up
strict,replay_strict_2024-05-31,2024-05-31T00:00:00+00:00,2024-05-31,2024-07-01,industry_trend,20,20,20,0,valid,0.022994009681122744,0.029029758920840365,up
strict,replay_strict_2024-05-31,2024-05-31T00:00:00+00:00,2024-05-31,2024-08-27,industry_trend,60,20,20,0,valid,0.039428810140729395,0.029029758920840365,up
strict,replay_strict_2024-05-31,2024-05-31T00:00:00+00:00,2024-05-31,2024-11-20,industry_trend,120,20,20,0,valid,0.1603539491127597,0.029029758920840365,up
strict,replay_strict_2024-05-31,2024-05-31T00:00:00+00:00,2024-05-31,2024-07-01,momentum,20,20,20,0,valid,0.008959096558736024,0.029029758920840365,up
strict,replay_strict_2024-05-31,2024-05-31T00:00:00+00:00,2024-05-31,2024-08-27,momentum,60,20,20,0,valid,0.029351686700151126,0.029029758920840365,up
strict,replay_strict_2024-05-31,2024-05-31T00:00:00+00:00,2024-05-31,2024-11-20,momentum,120,20,20,0,valid,0.15845474360036219,0.029029758920840365,up
strict,replay_strict_2024-05-31,2024-05-31T00:00:00+00:00,2024-05-31,2024-07-01,research_pool,20,30,30,0,valid,0.01632692714137774,0.029029758920840365,up
strict,replay_strict_2024-05-31,2024-05-31T00:00:00+00:00,2024-05-31,2024-08-27,research_pool,60,30,30,0,valid,0.07854929252763704,0.029029758920840365,up
strict,replay_strict_2024-05-31,2024-05-31T00:00:00+00:00,2024-05-31,2024-11-20,research_pool,120,30,30,0,valid,0.25403901660080114,0.029029758920840365,up
strict,replay_strict_2024-06-28,2024-06-28T00:00:00+00:00,2024-06-28,2024-07-29,low_value,20,20,20,0,valid,-0.016821884051492337,0.0836255061186637,up
strict,replay_strict_2024-06-28,2024-06-28T00:00:00+00:00,2024-06-28,2024-09-24,low_value,60,20,20,0,valid,0.05642673173717494,0.0836255061186637,up
strict,replay_strict_2024-06-28,2024-06-28T00:00:00+00:00,2024-06-28,2024-12-18,low_value,120,20,20,0,valid,0.09528271746393444,0.0836255061186637,up
strict,replay_strict_2024-06-28,2024-06-28T00:00:00+00:00,2024-06-28,2024-07-29,industry_trend,20,21,21,0,valid,0.008216560143469772,0.0836255061186637,up
strict,replay_strict_2024-06-28,2024-06-28T00:00:00+00:00,2024-06-28,2024-09-24,industry_trend,60,21,21,0,valid,0.09422497936442069,0.0836255061186637,up
strict,replay_strict_2024-06-28,2024-06-28T00:00:00+00:00,2024-06-28,2024-12-18,industry_trend,120,21,21,0,valid,0.16294462448890987,0.0836255061186637,up
strict,replay_strict_2024-06-28,2024-06-28T00:00:00+00:00,2024-06-28,2024-07-29,momentum,20,21,21,0,valid,0.021407877837919236,0.0836255061186637,up
strict,replay_strict_2024-06-28,2024-06-28T00:00:00+00:00,2024-06-28,2024-09-24,momentum,60,21,21,0,valid,0.10412483241202997,0.0836255061186637,up
strict,replay_strict_2024-06-28,2024-06-28T00:00:00+00:00,2024-06-28,2024-12-18,momentum,120,21,21,0,valid,0.18802835168452564,0.0836255061186637,up
strict,replay_strict_2024-06-28,2024-06-28T00:00:00+00:00,2024-06-28,2024-07-29,research_pool,20,30,30,0,valid,0.008106013904505915,0.0836255061186637,up
strict,replay_strict_2024-06-28,2024-06-28T00:00:00+00:00,2024-06-28,2024-09-24,research_pool,60,30,30,0,valid,0.10468675050615853,0.0836255061186637,up
strict,replay_strict_2024-06-28,2024-06-28T00:00:00+00:00,2024-06-28,2024-12-18,research_pool,120,30,30,0,valid,0.20934051955467683,0.0836255061186637,up
strict,replay_strict_2024-07-31,2024-07-31T00:00:00+00:00,2024-07-31,2024-08-28,low_value,20,25,25,0,valid,-0.0005620822454431223,0.08169990928611615,up
strict,replay_strict_2024-07-31,2024-07-31T00:00:00+00:00,2024-07-31,2024-10-24,low_value,60,25,25,0,valid,0.1004019652385873,0.08169990928611615,up
strict,replay_strict_2024-07-31,2024-07-31T00:00:00+00:00,2024-07-31,2025-01-23,low_value,120,25,25,0,valid,0.15720684856555864,0.08169990928611615,up
strict,replay_strict_2024-07-31,2024-07-31T00:00:00+00:00,2024-07-31,2024-08-28,industry_trend,20,19,19,0,valid,-0.00955834655093782,0.08169990928611615,up
strict,replay_strict_2024-07-31,2024-07-31T00:00:00+00:00,2024-07-31,2024-10-24,industry_trend,60,19,19,0,valid,0.08485541612670895,0.08169990928611615,up
strict,replay_strict_2024-07-31,2024-07-31T00:00:00+00:00,2024-07-31,2025-01-23,industry_trend,120,19,19,0,valid,0.20497632666111218,0.08169990928611615,up
strict,replay_strict_2024-07-31,2024-07-31T00:00:00+00:00,2024-07-31,2024-08-28,momentum,20,19,19,0,valid,0.002729768956835055,0.08169990928611615,up
strict,replay_strict_2024-07-31,2024-07-31T00:00:00+00:00,2024-07-31,2024-10-24,momentum,60,19,19,0,valid,0.08893257039729498,0.08169990928611615,up
strict,replay_strict_2024-07-31,2024-07-31T00:00:00+00:00,2024-07-31,2025-01-23,momentum,120,19,19,0,valid,0.16475749305098222,0.08169990928611615,up
strict,replay_strict_2024-07-31,2024-07-31T00:00:00+00:00,2024-07-31,2024-08-28,research_pool,20,30,30,0,valid,0.016676100137046745,0.08169990928611615,up
strict,replay_strict_2024-07-31,2024-07-31T00:00:00+00:00,2024-07-31,2024-10-24,research_pool,60,30,30,0,valid,0.10362225723637111,0.08169990928611615,up
strict,replay_strict_2024-07-31,2024-07-31T00:00:00+00:00,2024-07-31,2025-01-23,research_pool,120,30,30,0,valid,0.24639178551571536,0.08169990928611615,up
strict,replay_strict_2024-08-30,2024-08-30T00:00:00+00:00,2024-08-30,2024-09-30,low_value,20,21,21,0,valid,0.04940502043527016,0.027696887335792564,up
strict,replay_strict_2024-08-30,2024-08-30T00:00:00+00:00,2024-08-30,2024-11-25,low_value,60,21,21,0,valid,0.12697632277124676,0.027696887335792564,up
strict,replay_strict_2024-08-30,2024-08-30T00:00:00+00:00,2024-08-30,2025-02-25,low_value,120,21,21,0,valid,0.09504951364858483,0.027696887335792564,up
strict,replay_strict_2024-08-30,2024-08-30T00:00:00+00:00,2024-08-30,2024-09-30,industry_trend,20,23,23,0,valid,0.07013172495056767,0.027696887335792564,up
strict,replay_strict_2024-08-30,2024-08-30T00:00:00+00:00,2024-08-30,2024-11-25,industry_trend,60,23,23,0,valid,0.13316662620518682,0.027696887335792564,up
strict,replay_strict_2024-08-30,2024-08-30T00:00:00+00:00,2024-08-30,2025-02-25,industry_trend,120,23,23,0,valid,0.07856660297649641,0.027696887335792564,up
strict,replay_strict_2024-08-30,2024-08-30T00:00:00+00:00,2024-08-30,2024-09-30,momentum,20,19,19,0,valid,0.08599258254087236,0.027696887335792564,up
strict,replay_strict_2024-08-30,2024-08-30T00:00:00+00:00,2024-08-30,2024-11-25,momentum,60,19,19,0,valid,0.203666903657793,0.027696887335792564,up
strict,replay_strict_2024-08-30,2024-08-30T00:00:00+00:00,2024-08-30,2025-02-25,momentum,120,19,19,0,valid,0.12561349334129351,0.027696887335792564,up
strict,replay_strict_2024-08-30,2024-08-30T00:00:00+00:00,2024-08-30,2024-09-30,research_pool,20,30,30,0,valid,0.063972960426079,0.027696887335792564,up
strict,replay_strict_2024-08-30,2024-08-30T00:00:00+00:00,2024-08-30,2024-11-25,research_pool,60,30,30,0,valid,0.224048496162447,0.027696887335792564,up
strict,replay_strict_2024-08-30,2024-08-30T00:00:00+00:00,2024-08-30,2025-02-25,research_pool,120,30,30,0,valid,0.12986755034869146,0.027696887335792564,up
strict,replay_strict_2024-09-30,2024-09-30T00:00:00+00:00,2024-09-30,2024-10-28,low_value,20,21,21,0,valid,0.024119325487742437,-0.016705962960723908,down
strict,replay_strict_2024-09-30,2024-09-30T00:00:00+00:00,2024-09-30,2024-12-24,low_value,60,21,21,0,valid,0.06337004747009259,-0.016705962960723908,down
strict,replay_strict_2024-09-30,2024-09-30T00:00:00+00:00,2024-09-30,2025-03-25,low_value,120,21,21,0,valid,-0.004196286172870986,-0.016705962960723908,down
strict,replay_strict_2024-09-30,2024-09-30T00:00:00+00:00,2024-09-30,2024-10-28,industry_trend,20,20,20,0,valid,0.006882316531136329,-0.016705962960723908,down
strict,replay_strict_2024-09-30,2024-09-30T00:00:00+00:00,2024-09-30,2024-12-24,industry_trend,60,20,20,0,valid,0.053306245654376846,-0.016705962960723908,down
strict,replay_strict_2024-09-30,2024-09-30T00:00:00+00:00,2024-09-30,2025-03-25,industry_trend,120,20,20,0,valid,-0.054214489076318005,-0.016705962960723908,down
strict,replay_strict_2024-09-30,2024-09-30T00:00:00+00:00,2024-09-30,2024-10-28,momentum,20,20,20,0,valid,0.005682766544952806,-0.016705962960723908,down
strict,replay_strict_2024-09-30,2024-09-30T00:00:00+00:00,2024-09-30,2024-12-24,momentum,60,20,20,0,valid,0.0326667830160033,-0.016705962960723908,down
strict,replay_strict_2024-09-30,2024-09-30T00:00:00+00:00,2024-09-30,2025-03-25,momentum,120,20,20,0,valid,-0.04597884951154998,-0.016705962960723908,down
strict,replay_strict_2024-09-30,2024-09-30T00:00:00+00:00,2024-09-30,2024-10-28,research_pool,20,30,30,0,valid,0.04308541280126429,-0.016705962960723908,down
strict,replay_strict_2024-09-30,2024-09-30T00:00:00+00:00,2024-09-30,2024-12-24,research_pool,60,30,30,0,valid,0.08063354446501227,-0.016705962960723908,down
strict,replay_strict_2024-09-30,2024-09-30T00:00:00+00:00,2024-09-30,2025-03-25,research_pool,120,30,30,0,valid,0.023817811222653907,-0.016705962960723908,down
strict,replay_strict_2024-10-31,2024-10-31T00:00:00+00:00,2024-10-31,2024-11-29,low_value,20,21,21,0,valid,0.08928103119860833,0.11245229227019826,up
strict,replay_strict_2024-10-31,2024-10-31T00:00:00+00:00,2024-10-31,2025-01-30,low_value,60,21,21,0,valid,0.08133345705870915,0.11245229227019826,up
strict,replay_strict_2024-10-31,2024-10-31T00:00:00+00:00,2024-10-31,2025-04-28,low_value,120,21,21,0,valid,-0.059600651535562106,0.11245229227019826,up
strict,replay_strict_2024-10-31,2024-10-31T00:00:00+00:00,2024-10-31,2024-11-29,industry_trend,20,20,20,0,valid,0.07343292581252023,0.11245229227019826,up
strict,replay_strict_2024-10-31,2024-10-31T00:00:00+00:00,2024-10-31,2025-01-30,industry_trend,60,20,20,0,valid,0.09327321124016703,0.11245229227019826,up
strict,replay_strict_2024-10-31,2024-10-31T00:00:00+00:00,2024-10-31,2025-04-28,industry_trend,120,20,20,0,valid,-0.07947695387627254,0.11245229227019826,up
strict,replay_strict_2024-10-31,2024-10-31T00:00:00+00:00,2024-10-31,2024-11-29,momentum,20,21,21,0,valid,0.09578822327607439,0.11245229227019826,up
strict,replay_strict_2024-10-31,2024-10-31T00:00:00+00:00,2024-10-31,2025-01-30,momentum,60,21,21,0,valid,0.11817416122569775,0.11245229227019826,up
strict,replay_strict_2024-10-31,2024-10-31T00:00:00+00:00,2024-10-31,2025-04-28,momentum,120,21,21,0,valid,-0.059767473216316154,0.11245229227019826,up
strict,replay_strict_2024-10-31,2024-10-31T00:00:00+00:00,2024-10-31,2024-11-29,research_pool,20,30,30,0,valid,0.0757060385474785,0.11245229227019826,up
strict,replay_strict_2024-10-31,2024-10-31T00:00:00+00:00,2024-10-31,2025-01-30,research_pool,60,30,30,0,valid,0.06753547304456585,0.11245229227019826,up
strict,replay_strict_2024-10-31,2024-10-31T00:00:00+00:00,2024-10-31,2025-04-28,research_pool,120,30,30,0,valid,-0.04703107562199924,0.11245229227019826,up
strict,replay_strict_2024-11-29,2024-11-29T00:00:00+00:00,2024-11-29,2024-12-30,low_value,20,20,20,0,valid,-0.04022164829660053,0.10541495890529795,up
strict,replay_strict_2024-11-29,2024-11-29T00:00:00+00:00,2024-11-29,2025-02-28,low_value,60,20,20,0,valid,-0.06109332706462871,0.10541495890529795,up
strict,replay_strict_2024-11-29,2024-11-29T00:00:00+00:00,2024-11-29,2025-05-27,low_value,120,20,20,0,valid,-0.04360110434380371,0.10541495890529795,up
strict,replay_strict_2024-11-29,2024-11-29T00:00:00+00:00,2024-11-29,2024-12-30,industry_trend,20,21,21,0,valid,-0.021172062902144392,0.10541495890529795,up
strict,replay_strict_2024-11-29,2024-11-29T00:00:00+00:00,2024-11-29,2025-02-28,industry_trend,60,21,21,0,valid,-0.07237340533940696,0.10541495890529795,up
strict,replay_strict_2024-11-29,2024-11-29T00:00:00+00:00,2024-11-29,2025-05-27,industry_trend,120,21,21,0,valid,-0.039276675805020485,0.10541495890529795,up
strict,replay_strict_2024-11-29,2024-11-29T00:00:00+00:00,2024-11-29,2024-12-30,momentum,20,21,21,0,valid,-0.03552487442458788,0.10541495890529795,up
strict,replay_strict_2024-11-29,2024-11-29T00:00:00+00:00,2024-11-29,2025-02-28,momentum,60,21,21,0,valid,-0.07275097060830517,0.10541495890529795,up
strict,replay_strict_2024-11-29,2024-11-29T00:00:00+00:00,2024-11-29,2025-05-27,momentum,120,21,21,0,valid,0.0024330615510311107,0.10541495890529795,up
strict,replay_strict_2024-11-29,2024-11-29T00:00:00+00:00,2024-11-29,2024-12-30,research_pool,20,30,30,0,valid,-0.04713924422672234,0.10541495890529795,up
strict,replay_strict_2024-11-29,2024-11-29T00:00:00+00:00,2024-11-29,2025-02-28,research_pool,60,30,30,0,valid,-0.05694669664460009,0.10541495890529795,up
strict,replay_strict_2024-11-29,2024-11-29T00:00:00+00:00,2024-11-29,2025-05-27,research_pool,120,30,30,0,valid,-0.009901909753771206,0.10541495890529795,up
strict,replay_strict_2024-12-31,2024-12-31T00:00:00+00:00,2024-12-31,2025-01-31,low_value,20,15,15,0,valid,0.07115926619034099,0.048956644848882735,up
strict,replay_strict_2024-12-31,2024-12-31T00:00:00+00:00,2024-12-31,2025-03-31,low_value,60,15,15,0,valid,-0.20770826344494994,0.048956644848882735,up
strict,replay_strict_2024-12-31,2024-12-31T00:00:00+00:00,2024-12-31,2025-06-26,low_value,120,15,15,0,valid,0.10971316477177101,0.048956644848882735,up
strict,replay_strict_2024-12-31,2024-12-31T00:00:00+00:00,2024-12-31,2025-01-31,industry_trend,20,21,21,0,valid,0.0073703216551818055,0.048956644848882735,up
strict,replay_strict_2024-12-31,2024-12-31T00:00:00+00:00,2024-12-31,2025-03-31,industry_trend,60,21,21,0,valid,-0.1299757963165566,0.048956644848882735,up
strict,replay_strict_2024-12-31,2024-12-31T00:00:00+00:00,2024-12-31,2025-06-26,industry_trend,120,21,21,0,valid,-0.013939074669544128,0.048956644848882735,up
strict,replay_strict_2024-12-31,2024-12-31T00:00:00+00:00,2024-12-31,2025-01-31,momentum,20,21,21,0,valid,0.012572334199082278,0.048956644848882735,up
strict,replay_strict_2024-12-31,2024-12-31T00:00:00+00:00,2024-12-31,2025-03-31,momentum,60,21,21,0,valid,-0.1137799912362824,0.048956644848882735,up
strict,replay_strict_2024-12-31,2024-12-31T00:00:00+00:00,2024-12-31,2025-06-26,momentum,120,21,21,0,valid,0.023915543078897435,0.048956644848882735,up
strict,replay_strict_2024-12-31,2024-12-31T00:00:00+00:00,2024-12-31,2025-01-31,research_pool,20,30,30,0,valid,0.03691534449828236,0.048956644848882735,up
strict,replay_strict_2024-12-31,2024-12-31T00:00:00+00:00,2024-12-31,2025-03-31,research_pool,60,30,30,0,valid,-0.07924427317061772,0.048956644848882735,up
strict,replay_strict_2024-12-31,2024-12-31T00:00:00+00:00,2024-12-31,2025-06-26,research_pool,120,30,30,0,valid,-0.002634557883968162,0.048956644848882735,up
strict,replay_strict_2025-01-31,2025-01-31T00:00:00+00:00,2025-01-31,2025-03-03,low_value,20,21,21,0,valid,-0.04704346030589267,0.07158244599002872,up
strict,replay_strict_2025-01-31,2025-01-31T00:00:00+00:00,2025-01-31,2025-04-29,low_value,60,21,21,0,valid,-0.1003026925692845,0.07158244599002872,up
strict,replay_strict_2025-01-31,2025-01-31T00:00:00+00:00,2025-01-31,2025-07-25,low_value,120,21,21,0,valid,0.04060630241758824,0.07158244599002872,up
strict,replay_strict_2025-01-31,2025-01-31T00:00:00+00:00,2025-01-31,2025-03-03,industry_trend,20,20,20,0,valid,-0.06578690552372483,0.07158244599002872,up
strict,replay_strict_2025-01-31,2025-01-31T00:00:00+00:00,2025-01-31,2025-04-29,industry_trend,60,20,20,0,valid,-0.11900157993078386,0.07158244599002872,up
strict,replay_strict_2025-01-31,2025-01-31T00:00:00+00:00,2025-01-31,2025-07-25,industry_trend,120,20,20,0,valid,0.08754265845339919,0.07158244599002872,up
strict,replay_strict_2025-01-31,2025-01-31T00:00:00+00:00,2025-01-31,2025-03-03,momentum,20,19,19,0,valid,-0.06247707287708716,0.07158244599002872,up
strict,replay_strict_2025-01-31,2025-01-31T00:00:00+00:00,2025-01-31,2025-04-29,momentum,60,19,19,0,valid,-0.10538673031915934,0.07158244599002872,up
strict,replay_strict_2025-01-31,2025-01-31T00:00:00+00:00,2025-01-31,2025-07-25,momentum,120,19,19,0,valid,0.0648897064449356,0.07158244599002872,up
strict,replay_strict_2025-01-31,2025-01-31T00:00:00+00:00,2025-01-31,2025-03-03,research_pool,20,30,30,0,valid,-0.06273437321776539,0.07158244599002872,up
strict,replay_strict_2025-01-31,2025-01-31T00:00:00+00:00,2025-01-31,2025-04-29,research_pool,60,30,30,0,valid,-0.0598639805045222,0.07158244599002872,up
strict,replay_strict_2025-01-31,2025-01-31T00:00:00+00:00,2025-01-31,2025-07-25,research_pool,120,30,30,0,valid,0.07927003246199896,0.07158244599002872,up
strict,replay_strict_2025-02-28,2025-02-28T00:00:00+00:00,2025-02-28,2025-03-28,low_value,20,19,19,0,valid,-0.07079533749786915,-0.0032565621689488733,down
strict,replay_strict_2025-02-28,2025-02-28T00:00:00+00:00,2025-02-28,2025-05-27,low_value,60,19,19,0,valid,-0.013236339900065406,-0.0032565621689488733,down
strict,replay_strict_2025-02-28,2025-02-28T00:00:00+00:00,2025-02-28,2025-08-21,low_value,120,19,19,0,valid,0.0035817530093059367,-0.0032565621689488733,down
strict,replay_strict_2025-02-28,2025-02-28T00:00:00+00:00,2025-02-28,2025-03-28,industry_trend,20,19,19,0,valid,-0.06861252033379527,-0.0032565621689488733,down
strict,replay_strict_2025-02-28,2025-02-28T00:00:00+00:00,2025-02-28,2025-05-27,industry_trend,60,19,19,0,valid,0.01795568106030494,-0.0032565621689488733,down
strict,replay_strict_2025-02-28,2025-02-28T00:00:00+00:00,2025-02-28,2025-08-21,industry_trend,120,19,19,0,valid,0.11647251651687929,-0.0032565621689488733,down
strict,replay_strict_2025-02-28,2025-02-28T00:00:00+00:00,2025-02-28,2025-03-28,momentum,20,19,19,0,valid,-0.057987585771495084,-0.0032565621689488733,down
strict,replay_strict_2025-02-28,2025-02-28T00:00:00+00:00,2025-02-28,2025-05-27,momentum,60,19,19,0,valid,0.024571378761680057,-0.0032565621689488733,down
strict,replay_strict_2025-02-28,2025-02-28T00:00:00+00:00,2025-02-28,2025-08-21,momentum,120,19,19,0,valid,0.12432530675357165,-0.0032565621689488733,down
strict,replay_strict_2025-02-28,2025-02-28T00:00:00+00:00,2025-02-28,2025-03-28,research_pool,20,30,30,0,valid,-0.067262488770461,-0.0032565621689488733,down
strict,replay_strict_2025-02-28,2025-02-28T00:00:00+00:00,2025-02-28,2025-05-27,research_pool,60,30,30,0,valid,0.03334185568146344,-0.0032565621689488733,down
strict,replay_strict_2025-02-28,2025-02-28T00:00:00+00:00,2025-02-28,2025-08-21,research_pool,120,30,30,0,valid,0.12075459692003666,-0.0032565621689488733,down
strict,replay_strict_2025-03-31,2025-03-31T00:00:00+00:00,2025-03-31,2025-05-08,low_value,20,0,0,0,no_signal,,-0.0827611838115917,down
strict,replay_strict_2025-03-31,2025-03-31T00:00:00+00:00,2025-03-31,2025-07-03,low_value,60,0,0,0,no_signal,,-0.0827611838115917,down
strict,replay_strict_2025-03-31,2025-03-31T00:00:00+00:00,2025-03-31,2025-09-25,low_value,120,0,0,0,no_signal,,-0.0827611838115917,down
strict,replay_strict_2025-03-31,2025-03-31T00:00:00+00:00,2025-03-31,2025-05-08,industry_trend,20,0,0,0,no_signal,,-0.0827611838115917,down
strict,replay_strict_2025-03-31,2025-03-31T00:00:00+00:00,2025-03-31,2025-07-03,industry_trend,60,0,0,0,no_signal,,-0.0827611838115917,down
strict,replay_strict_2025-03-31,2025-03-31T00:00:00+00:00,2025-03-31,2025-09-25,industry_trend,120,0,0,0,no_signal,,-0.0827611838115917,down
strict,replay_strict_2025-03-31,2025-03-31T00:00:00+00:00,2025-03-31,2025-05-08,momentum,20,0,0,0,no_signal,,-0.0827611838115917,down
strict,replay_strict_2025-03-31,2025-03-31T00:00:00+00:00,2025-03-31,2025-07-03,momentum,60,0,0,0,no_signal,,-0.0827611838115917,down
strict,replay_strict_2025-03-31,2025-03-31T00:00:00+00:00,2025-03-31,2025-09-25,momentum,120,0,0,0,no_signal,,-0.0827611838115917,down
strict,replay_strict_2025-03-31,2025-03-31T00:00:00+00:00,2025-03-31,2025-04-29,research_pool,20,30,30,0,valid,0.019230203571963197,-0.0827611838115917,down
strict,replay_strict_2025-03-31,2025-03-31T00:00:00+00:00,2025-03-31,2025-06-26,research_pool,60,30,30,0,valid,0.17058981973750148,-0.0827611838115917,down
strict,replay_strict_2025-03-31,2025-03-31T00:00:00+00:00,2025-03-31,2025-09-22,research_pool,120,30,30,0,valid,0.33832364052177716,-0.0827611838115917,down
strict,replay_strict_2025-04-30,2025-04-30T00:00:00+00:00,2025-04-30,2025-06-07,low_value,20,0,0,0,no_signal,,-0.0825144313377223,down
strict,replay_strict_2025-04-30,2025-04-30T00:00:00+00:00,2025-04-30,2025-08-02,low_value,60,0,0,0,no_signal,,-0.0825144313377223,down
strict,replay_strict_2025-04-30,2025-04-30T00:00:00+00:00,2025-04-30,2025-10-25,low_value,120,0,0,0,no_signal,,-0.0825144313377223,down
strict,replay_strict_2025-04-30,2025-04-30T00:00:00+00:00,2025-04-30,2025-06-07,industry_trend,20,0,0,0,no_signal,,-0.0825144313377223,down
strict,replay_strict_2025-04-30,2025-04-30T00:00:00+00:00,2025-04-30,2025-08-02,industry_trend,60,0,0,0,no_signal,,-0.0825144313377223,down
strict,replay_strict_2025-04-30,2025-04-30T00:00:00+00:00,2025-04-30,2025-10-25,industry_trend,120,0,0,0,no_signal,,-0.0825144313377223,down
strict,replay_strict_2025-04-30,2025-04-30T00:00:00+00:00,2025-04-30,2025-06-07,momentum,20,0,0,0,no_signal,,-0.0825144313377223,down
strict,replay_strict_2025-04-30,2025-04-30T00:00:00+00:00,2025-04-30,2025-08-02,momentum,60,0,0,0,no_signal,,-0.0825144313377223,down
strict,replay_strict_2025-04-30,2025-04-30T00:00:00+00:00,2025-04-30,2025-10-25,momentum,120,0,0,0,no_signal,,-0.0825144313377223,down
strict,replay_strict_2025-04-30,2025-04-30T00:00:00+00:00,2025-04-30,2025-05-29,research_pool,20,30,30,0,valid,0.0700775767728245,-0.0825144313377223,down
strict,replay_strict_2025-04-30,2025-04-30T00:00:00+00:00,2025-04-30,2025-07-28,research_pool,60,30,30,0,valid,0.17172130359706497,-0.0825144313377223,down
strict,replay_strict_2025-04-30,2025-04-30T00:00:00+00:00,2025-04-30,2025-10-21,research_pool,120,30,30,0,valid,0.23576104996867853,-0.0825144313377223,down
strict,replay_strict_2025-05-30,2025-05-30T00:00:00+00:00,2025-05-30,2025-06-30,low_value,20,21,21,0,valid,0.08404389529482272,0.03415926383300816,up
strict,replay_strict_2025-05-30,2025-05-30T00:00:00+00:00,2025-05-30,2025-08-26,low_value,60,21,21,0,valid,0.12586865398305988,0.03415926383300816,up
strict,replay_strict_2025-05-30,2025-05-30T00:00:00+00:00,2025-05-30,2025-11-19,low_value,120,21,21,0,valid,0.16032167527755897,0.03415926383300816,up
strict,replay_strict_2025-05-30,2025-05-30T00:00:00+00:00,2025-05-30,2025-06-30,industry_trend,20,20,20,0,valid,0.10395875585065147,0.03415926383300816,up
strict,replay_strict_2025-05-30,2025-05-30T00:00:00+00:00,2025-05-30,2025-08-26,industry_trend,60,20,20,0,valid,0.14037049491564274,0.03415926383300816,up
strict,replay_strict_2025-05-30,2025-05-30T00:00:00+00:00,2025-05-30,2025-11-19,industry_trend,120,20,20,0,valid,0.19866002535491456,0.03415926383300816,up
strict,replay_strict_2025-05-30,2025-05-30T00:00:00+00:00,2025-05-30,2025-06-30,momentum,20,19,19,0,valid,0.12079893914535296,0.03415926383300816,up
strict,replay_strict_2025-05-30,2025-05-30T00:00:00+00:00,2025-05-30,2025-08-26,momentum,60,19,19,0,valid,0.15740088435279437,0.03415926383300816,up
strict,replay_strict_2025-05-30,2025-05-30T00:00:00+00:00,2025-05-30,2025-11-19,momentum,120,19,19,0,valid,0.20541201810534906,0.03415926383300816,up
strict,replay_strict_2025-05-30,2025-05-30T00:00:00+00:00,2025-05-30,2025-06-30,research_pool,20,30,30,0,valid,0.06788341765409059,0.03415926383300816,up
strict,replay_strict_2025-05-30,2025-05-30T00:00:00+00:00,2025-05-30,2025-08-26,research_pool,60,30,30,0,valid,0.12144845749706439,0.03415926383300816,up
strict,replay_strict_2025-05-30,2025-05-30T00:00:00+00:00,2025-05-30,2025-11-19,research_pool,120,30,30,0,valid,0.13056984522878887,0.03415926383300816,up
strict,replay_strict_2025-06-30,2025-06-30T00:00:00+00:00,2025-06-30,2025-07-29,low_value,20,19,19,0,valid,0.03992751119319096,0.1585314626564731,up
strict,replay_strict_2025-06-30,2025-06-30T00:00:00+00:00,2025-06-30,2025-09-24,low_value,60,19,19,0,valid,0.09916249952725155,0.1585314626564731,up
strict,replay_strict_2025-06-30,2025-06-30T00:00:00+00:00,2025-06-30,2025-12-18,low_value,120,19,19,0,valid,0.06821548093823626,0.1585314626564731,up
strict,replay_strict_2025-06-30,2025-06-30T00:00:00+00:00,2025-06-30,2025-07-29,industry_trend,20,19,19,0,valid,0.07129022669901212,0.1585314626564731,up
strict,replay_strict_2025-06-30,2025-06-30T00:00:00+00:00,2025-06-30,2025-09-24,industry_trend,60,19,19,0,valid,0.1133014258303418,0.1585314626564731,up
strict,replay_strict_2025-06-30,2025-06-30T00:00:00+00:00,2025-06-30,2025-12-18,industry_trend,120,19,19,0,valid,0.13828656207765083,0.1585314626564731,up
strict,replay_strict_2025-06-30,2025-06-30T00:00:00+00:00,2025-06-30,2025-07-29,momentum,20,20,20,0,valid,0.05994897612571679,0.1585314626564731,up
strict,replay_strict_2025-06-30,2025-06-30T00:00:00+00:00,2025-06-30,2025-09-24,momentum,60,20,20,0,valid,0.11561239587944161,0.1585314626564731,up
strict,replay_strict_2025-06-30,2025-06-30T00:00:00+00:00,2025-06-30,2025-12-18,momentum,120,20,20,0,valid,0.17385166857523246,0.1585314626564731,up
strict,replay_strict_2025-06-30,2025-06-30T00:00:00+00:00,2025-06-30,2025-07-29,research_pool,20,30,30,0,valid,0.029402293897039737,0.1585314626564731,up
strict,replay_strict_2025-06-30,2025-06-30T00:00:00+00:00,2025-06-30,2025-09-24,research_pool,60,30,30,0,valid,0.052747491845029866,0.1585314626564731,up
strict,replay_strict_2025-06-30,2025-06-30T00:00:00+00:00,2025-06-30,2025-12-18,research_pool,120,30,30,0,valid,0.06011004283032866,0.1585314626564731,up
strict,replay_strict_2025-07-31,2025-07-31T00:00:00+00:00,2025-07-31,2025-08-28,low_value,20,20,20,0,valid,0.032839815406647835,0.16267105669307536,up
strict,replay_strict_2025-07-31,2025-07-31T00:00:00+00:00,2025-07-31,2025-10-24,low_value,60,20,20,0,valid,0.1037716154459329,0.16267105669307536,up
strict,replay_strict_2025-07-31,2025-07-31T00:00:00+00:00,2025-07-31,2026-01-22,low_value,120,20,20,0,valid,0.17952983043809478,0.16267105669307536,up
strict,replay_strict_2025-07-31,2025-07-31T00:00:00+00:00,2025-07-31,2025-08-28,industry_trend,20,21,21,0,valid,0.017602945570208268,0.16267105669307536,up
strict,replay_strict_2025-07-31,2025-07-31T00:00:00+00:00,2025-07-31,2025-10-24,industry_trend,60,21,21,0,valid,0.12675201233180516,0.16267105669307536,up
strict,replay_strict_2025-07-31,2025-07-31T00:00:00+00:00,2025-07-31,2026-01-22,industry_trend,120,21,21,0,valid,0.12095050746750766,0.16267105669307536,up
strict,replay_strict_2025-07-31,2025-07-31T00:00:00+00:00,2025-07-31,2025-08-28,momentum,20,21,21,0,valid,0.016823331011483235,0.16267105669307536,up
strict,replay_strict_2025-07-31,2025-07-31T00:00:00+00:00,2025-07-31,2025-10-24,momentum,60,21,21,0,valid,0.13612093305964335,0.16267105669307536,up
strict,replay_strict_2025-07-31,2025-07-31T00:00:00+00:00,2025-07-31,2026-01-22,momentum,120,21,21,0,valid,0.09750633319699421,0.16267105669307536,up
strict,replay_strict_2025-07-31,2025-07-31T00:00:00+00:00,2025-07-31,2025-08-28,research_pool,20,30,30,0,valid,0.04458664787717212,0.16267105669307536,up
strict,replay_strict_2025-07-31,2025-07-31T00:00:00+00:00,2025-07-31,2025-10-24,research_pool,60,30,30,0,valid,0.0845247120073323,0.16267105669307536,up
strict,replay_strict_2025-07-31,2025-07-31T00:00:00+00:00,2025-07-31,2026-01-22,research_pool,120,30,30,0,valid,0.1648292942383689,0.16267105669307536,up
strict,replay_strict_2025-08-29,2025-08-29T00:00:00+00:00,2025-08-29,2025-09-29,low_value,20,19,19,0,valid,0.02052394324068848,0.07858007413571366,up
strict,replay_strict_2025-08-29,2025-08-29T00:00:00+00:00,2025-08-29,2025-11-24,low_value,60,19,19,0,valid,0.024640864234823666,0.07858007413571366,up
strict,replay_strict_2025-08-29,2025-08-29T00:00:00+00:00,2025-08-29,2026-02-23,low_value,120,19,19,0,valid,0.1361592553725076,0.07858007413571366,up
strict,replay_strict_2025-08-29,2025-08-29T00:00:00+00:00,2025-08-29,2025-09-29,industry_trend,20,21,21,0,valid,0.023469020260630642,0.07858007413571366,up
strict,replay_strict_2025-08-29,2025-08-29T00:00:00+00:00,2025-08-29,2025-11-24,industry_trend,60,21,21,0,valid,0.014771737632811085,0.07858007413571366,up
strict,replay_strict_2025-08-29,2025-08-29T00:00:00+00:00,2025-08-29,2026-02-23,industry_trend,120,21,21,0,valid,0.06489239139654515,0.07858007413571366,up
strict,replay_strict_2025-08-29,2025-08-29T00:00:00+00:00,2025-08-29,2025-09-29,momentum,20,20,20,0,valid,0.051752568637904374,0.07858007413571366,up
strict,replay_strict_2025-08-29,2025-08-29T00:00:00+00:00,2025-08-29,2025-11-24,momentum,60,20,20,0,valid,0.09800858708457216,0.07858007413571366,up
strict,replay_strict_2025-08-29,2025-08-29T00:00:00+00:00,2025-08-29,2026-02-23,momentum,120,20,20,0,valid,0.33287651279513697,0.07858007413571366,up
strict,replay_strict_2025-08-29,2025-08-29T00:00:00+00:00,2025-08-29,2025-09-29,research_pool,20,30,30,0,valid,0.021597004617819524,0.07858007413571366,up
strict,replay_strict_2025-08-29,2025-08-29T00:00:00+00:00,2025-08-29,2025-11-24,research_pool,60,30,30,0,valid,0.01300817593884153,0.07858007413571366,up
strict,replay_strict_2025-08-29,2025-08-29T00:00:00+00:00,2025-08-29,2026-02-23,research_pool,120,30,30,0,valid,0.05649742560822686,0.07858007413571366,up
strict,replay_strict_2025-09-30,2025-09-30T00:00:00+00:00,2025-09-30,2025-10-28,low_value,20,20,20,0,valid,0.04587766595588878,0.08710138891403951,up
strict,replay_strict_2025-09-30,2025-09-30T00:00:00+00:00,2025-09-30,2025-12-24,low_value,60,20,20,0,valid,0.03027676120071034,0.08710138891403951,up
strict,replay_strict_2025-09-30,2025-09-30T00:00:00+00:00,2025-09-30,2026-03-24,low_value,120,20,20,0,valid,0.10424006237240373,0.08710138891403951,up
strict,replay_strict_2025-09-30,2025-09-30T00:00:00+00:00,2025-09-30,2025-10-28,industry_trend,20,22,22,0,valid,0.06031477091174089,0.08710138891403951,up
strict,replay_strict_2025-09-30,2025-09-30T00:00:00+00:00,2025-09-30,2025-12-24,industry_trend,60,22,22,0,valid,0.06689600517743836,0.08710138891403951,up
strict,replay_strict_2025-09-30,2025-09-30T00:00:00+00:00,2025-09-30,2026-03-24,industry_trend,120,22,22,0,valid,0.13729078478645915,0.08710138891403951,up
strict,replay_strict_2025-09-30,2025-09-30T00:00:00+00:00,2025-09-30,2025-10-28,momentum,20,20,20,0,valid,0.09712167011278947,0.08710138891403951,up
strict,replay_strict_2025-09-30,2025-09-30T00:00:00+00:00,2025-09-30,2025-12-24,momentum,60,20,20,0,valid,0.15095710650098607,0.08710138891403951,up
strict,replay_strict_2025-09-30,2025-09-30T00:00:00+00:00,2025-09-30,2026-03-24,momentum,120,20,20,0,valid,0.4996710645866809,0.08710138891403951,up
strict,replay_strict_2025-09-30,2025-09-30T00:00:00+00:00,2025-09-30,2025-10-28,research_pool,20,30,30,0,valid,0.031028509711232607,0.08710138891403951,up
strict,replay_strict_2025-09-30,2025-09-30T00:00:00+00:00,2025-09-30,2025-12-24,research_pool,60,30,30,0,valid,0.062124938963908395,0.08710138891403951,up
strict,replay_strict_2025-09-30,2025-09-30T00:00:00+00:00,2025-09-30,2026-03-24,research_pool,120,30,30,0,valid,0.04316199225390174,0.08710138891403951,up
strict,replay_strict_2025-10-31,2025-10-31T00:00:00+00:00,2025-10-31,2025-12-01,low_value,20,21,21,0,valid,-0.04315044086400903,0.10547767119918472,up
strict,replay_strict_2025-10-31,2025-10-31T00:00:00+00:00,2025-10-31,2026-01-29,low_value,60,21,21,0,valid,0.11544222050464467,0.10547767119918472,up
strict,replay_strict_2025-10-31,2025-10-31T00:00:00+00:00,2025-10-31,2026-04-27,low_value,120,21,21,0,valid,0.263723465778135,0.10547767119918472,up
strict,replay_strict_2025-10-31,2025-10-31T00:00:00+00:00,2025-10-31,2025-12-01,industry_trend,20,23,23,0,valid,-0.05701404204777381,0.10547767119918472,up
strict,replay_strict_2025-10-31,2025-10-31T00:00:00+00:00,2025-10-31,2026-01-29,industry_trend,60,23,23,0,valid,0.050184993067532165,0.10547767119918472,up
strict,replay_strict_2025-10-31,2025-10-31T00:00:00+00:00,2025-10-31,2026-04-27,industry_trend,120,23,23,0,valid,0.17649930924619403,0.10547767119918472,up
strict,replay_strict_2025-10-31,2025-10-31T00:00:00+00:00,2025-10-31,2025-12-01,momentum,20,21,21,0,valid,-0.05801335069410286,0.10547767119918472,up
strict,replay_strict_2025-10-31,2025-10-31T00:00:00+00:00,2025-10-31,2026-01-29,momentum,60,21,21,0,valid,0.09352145189794359,0.10547767119918472,up
strict,replay_strict_2025-10-31,2025-10-31T00:00:00+00:00,2025-10-31,2026-04-27,momentum,120,21,21,0,valid,0.2637181264152837,0.10547767119918472,up
strict,replay_strict_2025-10-31,2025-10-31T00:00:00+00:00,2025-10-31,2025-12-01,research_pool,20,30,30,0,valid,-0.008791177591480256,0.10547767119918472,up
strict,replay_strict_2025-10-31,2025-10-31T00:00:00+00:00,2025-10-31,2026-01-29,research_pool,60,30,30,0,valid,0.04038126374209889,0.10547767119918472,up
strict,replay_strict_2025-10-31,2025-10-31T00:00:00+00:00,2025-10-31,2026-04-27,research_pool,120,30,30,0,valid,0.09838422951412241,0.10547767119918472,up
strict,replay_strict_2025-11-28,2025-11-28T00:00:00+00:00,2025-11-28,2025-12-29,low_value,20,21,21,0,valid,0.04083265979800388,0.07620901853075135,up
strict,replay_strict_2025-11-28,2025-11-28T00:00:00+00:00,2025-11-28,2026-02-26,low_value,60,21,21,0,valid,0.1896657468595827,0.07620901853075135,up
strict,replay_strict_2025-11-28,2025-11-28T00:00:00+00:00,2025-11-28,2026-05-22,low_value,120,21,21,0,valid,0.5144548199743092,0.07620901853075135,up
strict,replay_strict_2025-11-28,2025-11-28T00:00:00+00:00,2025-11-28,2025-12-29,industry_trend,20,22,22,0,valid,0.028158644577579283,0.07620901853075135,up
strict,replay_strict_2025-11-28,2025-11-28T00:00:00+00:00,2025-11-28,2026-02-26,industry_trend,60,22,22,0,valid,0.1530462492292227,0.07620901853075135,up
strict,replay_strict_2025-11-28,2025-11-28T00:00:00+00:00,2025-11-28,2026-05-22,industry_trend,120,22,22,0,valid,0.30946110688071343,0.07620901853075135,up
strict,replay_strict_2025-11-28,2025-11-28T00:00:00+00:00,2025-11-28,2025-12-29,momentum,20,21,21,0,valid,0.026728808316063262,0.07620901853075135,up
strict,replay_strict_2025-11-28,2025-11-28T00:00:00+00:00,2025-11-28,2026-02-26,momentum,60,21,21,0,valid,0.17335044531497518,0.07620901853075135,up
strict,replay_strict_2025-11-28,2025-11-28T00:00:00+00:00,2025-11-28,2026-05-22,momentum,120,21,21,0,valid,0.35933895443895514,0.07620901853075135,up
strict,replay_strict_2025-11-28,2025-11-28T00:00:00+00:00,2025-11-28,2025-12-29,research_pool,20,30,30,0,valid,0.014000829967540299,0.07620901853075135,up
strict,replay_strict_2025-11-28,2025-11-28T00:00:00+00:00,2025-11-28,2026-02-26,research_pool,60,30,30,0,valid,0.07658955440121659,0.07620901853075135,up
strict,replay_strict_2025-11-28,2025-11-28T00:00:00+00:00,2025-11-28,2026-05-22,research_pool,120,30,30,0,valid,0.31493631144305334,0.07620901853075135,up
strict,replay_strict_2025-12-31,2025-12-31T00:00:00+00:00,2025-12-31,2026-01-30,low_value,20,22,22,0,valid,0.15699495619435605,0.01081161137440767,up
strict,replay_strict_2025-12-31,2025-12-31T00:00:00+00:00,2025-12-31,2026-03-30,low_value,60,22,22,0,valid,0.05727270961033357,0.01081161137440767,up
strict,replay_strict_2025-12-31,2025-12-31T00:00:00+00:00,2025-12-31,2026-06-25,low_value,120,22,22,0,valid,0.9883436893077199,0.01081161137440767,up
strict,replay_strict_2025-12-31,2025-12-31T00:00:00+00:00,2025-12-31,2026-01-30,industry_trend,20,20,20,0,valid,0.05807588619068142,0.01081161137440767,up
strict,replay_strict_2025-12-31,2025-12-31T00:00:00+00:00,2025-12-31,2026-03-30,industry_trend,60,20,20,0,valid,-0.04236208434724294,0.01081161137440767,up
strict,replay_strict_2025-12-31,2025-12-31T00:00:00+00:00,2025-12-31,2026-06-25,industry_trend,120,20,20,0,valid,0.29950912142802066,0.01081161137440767,up
strict,replay_strict_2025-12-31,2025-12-31T00:00:00+00:00,2025-12-31,2026-01-30,momentum,20,19,19,0,valid,0.09441115511538258,0.01081161137440767,up
strict,replay_strict_2025-12-31,2025-12-31T00:00:00+00:00,2025-12-31,2026-03-30,momentum,60,19,19,0,valid,0.0015347404401515024,0.01081161137440767,up
strict,replay_strict_2025-12-31,2025-12-31T00:00:00+00:00,2025-12-31,2026-06-25,momentum,120,19,19,0,valid,0.40940316407149124,0.01081161137440767,up
strict,replay_strict_2025-12-31,2025-12-31T00:00:00+00:00,2025-12-31,2026-01-30,research_pool,20,30,30,0,valid,0.02212618501151443,0.01081161137440767,up
strict,replay_strict_2025-12-31,2025-12-31T00:00:00+00:00,2025-12-31,2026-03-30,research_pool,60,30,30,0,valid,-0.03395979176977678,0.01081161137440767,up
strict,replay_strict_2025-12-31,2025-12-31T00:00:00+00:00,2025-12-31,2026-06-25,research_pool,120,30,30,0,valid,0.12283852082536728,0.01081161137440767,up
strict,replay_strict_2026-01-30,2026-01-30T00:00:00+00:00,2026-01-30,2026-03-02,low_value,20,20,20,0,valid,0.0424785224199676,-0.016499509602303175,down
strict,replay_strict_2026-01-30,2026-01-30T00:00:00+00:00,2026-01-30,2026-04-28,low_value,60,20,20,0,valid,0.0835584940486723,-0.016499509602303175,down
strict,replay_strict_2026-01-30,2026-01-30T00:00:00+00:00,2026-01-30,2026-07-24,low_value,120,20,20,0,valid,0.2025749189231663,-0.016499509602303175,down
strict,replay_strict_2026-01-30,2026-01-30T00:00:00+00:00,2026-01-30,2026-03-02,industry_trend,20,21,21,0,valid,0.030193266795041106,-0.016499509602303175,down
strict,replay_strict_2026-01-30,2026-01-30T00:00:00+00:00,2026-01-30,2026-04-28,industry_trend,60,21,21,0,valid,0.09644220496063322,-0.016499509602303175,down
strict,replay_strict_2026-01-30,2026-01-30T00:00:00+00:00,2026-01-30,2026-07-24,industry_trend,120,21,21,0,valid,0.22057731535645392,-0.016499509602303175,down
strict,replay_strict_2026-01-30,2026-01-30T00:00:00+00:00,2026-01-30,2026-03-02,momentum,20,20,20,0,valid,0.052044271500686023,-0.016499509602303175,down
strict,replay_strict_2026-01-30,2026-01-30T00:00:00+00:00,2026-01-30,2026-04-28,momentum,60,20,20,0,valid,0.15080088168586786,-0.016499509602303175,down
strict,replay_strict_2026-01-30,2026-01-30T00:00:00+00:00,2026-01-30,2026-07-24,momentum,120,20,20,0,valid,0.288542211072315,-0.016499509602303175,down
strict,replay_strict_2026-01-30,2026-01-30T00:00:00+00:00,2026-01-30,2026-03-02,research_pool,20,30,30,0,valid,0.025164200026366344,-0.016499509602303175,down
strict,replay_strict_2026-01-30,2026-01-30T00:00:00+00:00,2026-01-30,2026-04-28,research_pool,60,30,30,0,valid,0.11340693371682033,-0.016499509602303175,down
strict,replay_strict_2026-01-30,2026-01-30T00:00:00+00:00,2026-01-30,2026-07-24,research_pool,120,30,30,0,valid,0.18099847060504867,-0.016499509602303175,down
strict,replay_strict_2026-02-27,2026-02-27T00:00:00+00:00,2026-02-27,2026-03-27,low_value,20,20,20,0,valid,-0.059087073040184734,-0.01606318347509106,down
strict,replay_strict_2026-02-27,2026-02-27T00:00:00+00:00,2026-02-27,2026-05-26,low_value,60,20,20,0,valid,0.10283662889088993,-0.01606318347509106,down
strict,replay_strict_2026-02-27,2026-02-27T00:00:00+00:00,2026-02-27,2026-08-20,low_value,120,20,20,0,valid,0.062029681677302606,-0.01606318347509106,down
strict,replay_strict_2026-02-27,2026-02-27T00:00:00+00:00,2026-02-27,2026-03-27,industry_trend,20,20,20,0,valid,-0.06968385110572564,-0.01606318347509106,down
strict,replay_strict_2026-02-27,2026-02-27T00:00:00+00:00,2026-02-27,2026-05-26,industry_trend,60,20,20,0,valid,0.20923192606842744,-0.01606318347509106,down
strict,replay_strict_2026-02-27,2026-02-27T00:00:00+00:00,2026-02-27,2026-08-20,industry_trend,120,20,20,0,valid,0.18955117580253306,-0.01606318347509106,down
strict,replay_strict_2026-02-27,2026-02-27T00:00:00+00:00,2026-02-27,2026-03-27,momentum,20,20,20,0,valid,-0.06688183110851806,-0.01606318347509106,down
strict,replay_strict_2026-02-27,2026-02-27T00:00:00+00:00,2026-02-27,2026-05-26,momentum,60,20,20,0,valid,0.2168350210465158,-0.01606318347509106,down
strict,replay_strict_2026-02-27,2026-02-27T00:00:00+00:00,2026-02-27,2026-08-20,momentum,120,20,20,0,valid,0.17107772620316736,-0.01606318347509106,down
strict,replay_strict_2026-02-27,2026-02-27T00:00:00+00:00,2026-02-27,2026-03-27,research_pool,20,30,30,0,valid,-0.0579236574239793,-0.01606318347509106,down
strict,replay_strict_2026-02-27,2026-02-27T00:00:00+00:00,2026-02-27,2026-05-26,research_pool,60,30,30,0,valid,0.2429060103401434,-0.01606318347509106,down
strict,replay_strict_2026-02-27,2026-02-27T00:00:00+00:00,2026-02-27,2026-08-20,research_pool,120,30,30,0,valid,0.21921900644100545,-0.01606318347509106,down
strict,replay_strict_2026-03-31,2026-03-31T00:00:00+00:00,2026-03-31,2026-05-08,low_value,20,0,0,0,no_signal,,-0.05867097279311029,down
strict,replay_strict_2026-03-31,2026-03-31T00:00:00+00:00,2026-03-31,2026-07-03,low_value,60,0,0,0,no_signal,,-0.05867097279311029,down
strict,replay_strict_2026-03-31,2026-03-31T00:00:00+00:00,2026-03-31,2026-09-25,low_value,120,0,0,0,no_signal,,-0.05867097279311029,down
strict,replay_strict_2026-03-31,2026-03-31T00:00:00+00:00,2026-03-31,2026-05-08,industry_trend,20,0,0,0,no_signal,,-0.05867097279311029,down
strict,replay_strict_2026-03-31,2026-03-31T00:00:00+00:00,2026-03-31,2026-07-03,industry_trend,60,0,0,0,no_signal,,-0.05867097279311029,down
strict,replay_strict_2026-03-31,2026-03-31T00:00:00+00:00,2026-03-31,2026-09-25,industry_trend,120,0,0,0,no_signal,,-0.05867097279311029,down
strict,replay_strict_2026-03-31,2026-03-31T00:00:00+00:00,2026-03-31,2026-05-08,momentum,20,0,0,0,no_signal,,-0.05867097279311029,down
strict,replay_strict_2026-03-31,2026-03-31T00:00:00+00:00,2026-03-31,2026-07-03,momentum,60,0,0,0,no_signal,,-0.05867097279311029,down
strict,replay_strict_2026-03-31,2026-03-31T00:00:00+00:00,2026-03-31,2026-09-25,momentum,120,0,0,0,no_signal,,-0.05867097279311029,down
strict,replay_strict_2026-03-31,2026-03-31T00:00:00+00:00,2026-03-31,2026-04-29,research_pool,20,30,30,0,valid,0.09755248285782278,-0.05867097279311029,down
strict,replay_strict_2026-03-31,2026-03-31T00:00:00+00:00,2026-03-31,2026-06-26,research_pool,60,30,30,0,valid,0.22656079229029974,-0.05867097279311029,down
strict,replay_strict_2026-03-31,2026-03-31T00:00:00+00:00,2026-03-31,2026-09-22,research_pool,120,30,30,0,valid,0.2925293180783654,-0.05867097279311029,down
