scenario,run_stem,run_ts_utc,signal_date,label_end_date,list_type,horizon_days,n_selected,n_priced,n_assumed_delist,event_status,portfolio_return,benchmark_trailing_60d,regime
base,replay_base_2023-01-31,2023-01-31T00:00:00+00:00,2023-01-31,2023-03-01,low_value,20,23,23,0,valid,-0.006894386211065852,0.10936264729134515,up
base,replay_base_2023-01-31,2023-01-31T00:00:00+00:00,2023-01-31,2023-04-27,low_value,60,23,23,0,valid,-0.018962147222605422,0.10936264729134515,up
base,replay_base_2023-01-31,2023-01-31T00:00:00+00:00,2023-01-31,2023-07-25,low_value,120,23,23,0,valid,0.21437485513802487,0.10936264729134515,up
base,replay_base_2023-01-31,2023-01-31T00:00:00+00:00,2023-01-31,2023-03-01,industry_trend,20,20,20,0,valid,-0.015075265030005424,0.10936264729134515,up
base,replay_base_2023-01-31,2023-01-31T00:00:00+00:00,2023-01-31,2023-04-27,industry_trend,60,20,20,0,valid,0.014001673962135553,0.10936264729134515,up
base,replay_base_2023-01-31,2023-01-31T00:00:00+00:00,2023-01-31,2023-07-25,industry_trend,120,20,20,0,valid,0.2086863803339647,0.10936264729134515,up
base,replay_base_2023-01-31,2023-01-31T00:00:00+00:00,2023-01-31,2023-03-01,momentum,20,19,19,0,valid,-0.012951006370087977,0.10936264729134515,up
base,replay_base_2023-01-31,2023-01-31T00:00:00+00:00,2023-01-31,2023-04-27,momentum,60,19,19,0,valid,0.02348858287716668,0.10936264729134515,up
base,replay_base_2023-01-31,2023-01-31T00:00:00+00:00,2023-01-31,2023-07-25,momentum,120,19,19,0,valid,0.21980770251737525,0.10936264729134515,up
base,replay_base_2023-01-31,2023-01-31T00:00:00+00:00,2023-01-31,2023-03-01,research_pool,20,30,30,0,valid,-0.0010040204119230493,0.10936264729134515,up
base,replay_base_2023-01-31,2023-01-31T00:00:00+00:00,2023-01-31,2023-04-27,research_pool,60,30,30,0,valid,-0.028044175415204826,0.10936264729134515,up
base,replay_base_2023-01-31,2023-01-31T00:00:00+00:00,2023-01-31,2023-07-25,research_pool,120,30,30,0,valid,0.15707692606708473,0.10936264729134515,up
base,replay_base_2023-02-28,2023-02-28T00:00:00+00:00,2023-02-28,2023-03-28,low_value,20,22,22,0,valid,-0.023995828526704385,0.00044303581774185474,up
base,replay_base_2023-02-28,2023-02-28T00:00:00+00:00,2023-02-28,2023-05-24,low_value,60,22,22,0,valid,0.026258291500952914,0.00044303581774185474,up
base,replay_base_2023-02-28,2023-02-28T00:00:00+00:00,2023-02-28,2023-08-21,low_value,120,22,22,0,valid,0.11997583252896335,0.00044303581774185474,up
base,replay_base_2023-02-28,2023-02-28T00:00:00+00:00,2023-02-28,2023-03-28,industry_trend,20,19,19,0,valid,0.0007365292679697783,0.00044303581774185474,up
base,replay_base_2023-02-28,2023-02-28T00:00:00+00:00,2023-02-28,2023-05-24,industry_trend,60,19,19,0,valid,0.02344716504765575,0.00044303581774185474,up
base,replay_base_2023-02-28,2023-02-28T00:00:00+00:00,2023-02-28,2023-08-21,industry_trend,120,19,19,0,valid,0.19781467529086494,0.00044303581774185474,up
base,replay_base_2023-02-28,2023-02-28T00:00:00+00:00,2023-02-28,2023-03-28,momentum,20,21,21,0,valid,-0.0016818402795441424,0.00044303581774185474,up
base,replay_base_2023-02-28,2023-02-28T00:00:00+00:00,2023-02-28,2023-05-24,momentum,60,21,21,0,valid,0.052253439381674406,0.00044303581774185474,up
base,replay_base_2023-02-28,2023-02-28T00:00:00+00:00,2023-02-28,2023-08-21,momentum,120,21,21,0,valid,0.24400451619438496,0.00044303581774185474,up
base,replay_base_2023-02-28,2023-02-28T00:00:00+00:00,2023-02-28,2023-03-28,research_pool,20,30,30,0,valid,-0.02359248269796552,0.00044303581774185474,up
base,replay_base_2023-02-28,2023-02-28T00:00:00+00:00,2023-02-28,2023-05-24,research_pool,60,30,30,0,valid,-0.008954492163817407,0.00044303581774185474,up
base,replay_base_2023-02-28,2023-02-28T00:00:00+00:00,2023-02-28,2023-08-21,research_pool,120,30,30,0,valid,0.11032147940771017,0.00044303581774185474,up
base,replay_base_2023-03-31,2023-03-31T00:00:00+00:00,2023-03-31,2023-05-01,low_value,20,19,19,0,valid,-0.0590918193428203,0.2072170379289584,up
base,replay_base_2023-03-31,2023-03-31T00:00:00+00:00,2023-03-31,2023-06-28,low_value,60,19,19,0,valid,0.11173083840684016,0.2072170379289584,up
base,replay_base_2023-03-31,2023-03-31T00:00:00+00:00,2023-03-31,2023-09-22,low_value,120,19,19,0,valid,0.07524794530949631,0.2072170379289584,up
base,replay_base_2023-03-31,2023-03-31T00:00:00+00:00,2023-03-31,2023-05-01,industry_trend,20,22,22,0,valid,-0.008587588909724598,0.2072170379289584,up
base,replay_base_2023-03-31,2023-03-31T00:00:00+00:00,2023-03-31,2023-06-28,industry_trend,60,22,22,0,valid,0.07116446768162399,0.2072170379289584,up
base,replay_base_2023-03-31,2023-03-31T00:00:00+00:00,2023-03-31,2023-09-22,industry_trend,120,22,22,0,valid,0.05104154716852136,0.2072170379289584,up
base,replay_base_2023-03-31,2023-03-31T00:00:00+00:00,2023-03-31,2023-05-01,momentum,20,23,23,0,valid,-0.00929548426050975,0.2072170379289584,up
base,replay_base_2023-03-31,2023-03-31T00:00:00+00:00,2023-03-31,2023-06-28,momentum,60,23,23,0,valid,0.08277011260000039,0.2072170379289584,up
base,replay_base_2023-03-31,2023-03-31T00:00:00+00:00,2023-03-31,2023-09-22,momentum,120,23,23,0,valid,0.07329009790331409,0.2072170379289584,up
base,replay_base_2023-03-31,2023-03-31T00:00:00+00:00,2023-03-31,2023-05-01,research_pool,20,30,30,0,valid,-0.03851341636962705,0.2072170379289584,up
base,replay_base_2023-03-31,2023-03-31T00:00:00+00:00,2023-03-31,2023-06-28,research_pool,60,30,30,0,valid,0.037222076870328476,0.2072170379289584,up
base,replay_base_2023-03-31,2023-03-31T00:00:00+00:00,2023-03-31,2023-09-22,research_pool,120,30,30,0,valid,0.04465026859720904,0.2072170379289584,up
base,replay_base_2023-04-28,2023-04-28T00:00:00+00:00,2023-04-28,2023-05-26,low_value,20,21,21,0,valid,0.10360606295707359,0.07172280911567341,up
base,replay_base_2023-04-28,2023-04-28T00:00:00+00:00,2023-04-28,2023-07-26,low_value,60,21,21,0,valid,0.21201429459705126,0.07172280911567341,up
base,replay_base_2023-04-28,2023-04-28T00:00:00+00:00,2023-04-28,2023-10-19,low_value,120,21,21,0,valid,0.1536403337198918,0.07172280911567341,up
base,replay_base_2023-04-28,2023-04-28T00:00:00+00:00,2023-04-28,2023-05-26,industry_trend,20,19,19,0,valid,0.08401178934663049,0.07172280911567341,up
base,replay_base_2023-04-28,2023-04-28T00:00:00+00:00,2023-04-28,2023-07-26,industry_trend,60,19,19,0,valid,0.1661842707807894,0.07172280911567341,up
base,replay_base_2023-04-28,2023-04-28T00:00:00+00:00,2023-04-28,2023-10-19,industry_trend,120,19,19,0,valid,0.13690637195645922,0.07172280911567341,up
base,replay_base_2023-04-28,2023-04-28T00:00:00+00:00,2023-04-28,2023-05-26,momentum,20,19,19,0,valid,0.0941373339873943,0.07172280911567341,up
base,replay_base_2023-04-28,2023-04-28T00:00:00+00:00,2023-04-28,2023-07-26,momentum,60,19,19,0,valid,0.20465522932310576,0.07172280911567341,up
base,replay_base_2023-04-28,2023-04-28T00:00:00+00:00,2023-04-28,2023-10-19,momentum,120,19,19,0,valid,0.16500182141275427,0.07172280911567341,up
base,replay_base_2023-04-28,2023-04-28T00:00:00+00:00,2023-04-28,2023-05-26,research_pool,20,30,30,0,valid,0.022807171998817835,0.07172280911567341,up
base,replay_base_2023-04-28,2023-04-28T00:00:00+00:00,2023-04-28,2023-07-26,research_pool,60,30,30,0,valid,0.14319094438937083,0.07172280911567341,up
base,replay_base_2023-04-28,2023-04-28T00:00:00+00:00,2023-04-28,2023-10-19,research_pool,120,30,30,0,valid,0.059627857865285,0.07172280911567341,up
base,replay_base_2023-05-31,2023-05-31T00:00:00+00:00,2023-05-31,2023-06-29,low_value,20,23,23,0,valid,0.07219061473122979,0.15848415158484164,up
base,replay_base_2023-05-31,2023-05-31T00:00:00+00:00,2023-05-31,2023-08-25,low_value,60,23,23,0,valid,0.0649914190253016,0.15848415158484164,up
base,replay_base_2023-05-31,2023-05-31T00:00:00+00:00,2023-05-31,2023-11-20,low_value,120,23,23,0,valid,0.13836934403971118,0.15848415158484164,up
base,replay_base_2023-05-31,2023-05-31T00:00:00+00:00,2023-05-31,2023-06-29,industry_trend,20,20,20,0,valid,0.05763608424193887,0.15848415158484164,up
base,replay_base_2023-05-31,2023-05-31T00:00:00+00:00,2023-05-31,2023-08-25,industry_trend,60,20,20,0,valid,0.0704160055895674,0.15848415158484164,up
base,replay_base_2023-05-31,2023-05-31T00:00:00+00:00,2023-05-31,2023-11-20,industry_trend,120,20,20,0,valid,0.14801296664831426,0.15848415158484164,up
base,replay_base_2023-05-31,2023-05-31T00:00:00+00:00,2023-05-31,2023-06-29,momentum,20,22,22,0,valid,0.05486515927829719,0.15848415158484164,up
base,replay_base_2023-05-31,2023-05-31T00:00:00+00:00,2023-05-31,2023-08-25,momentum,60,22,22,0,valid,0.06294606968077344,0.15848415158484164,up
base,replay_base_2023-05-31,2023-05-31T00:00:00+00:00,2023-05-31,2023-11-20,momentum,120,22,22,0,valid,0.13772586805491757,0.15848415158484164,up
base,replay_base_2023-05-31,2023-05-31T00:00:00+00:00,2023-05-31,2023-06-29,research_pool,20,30,30,0,valid,0.07866729699827131,0.15848415158484164,up
base,replay_base_2023-05-31,2023-05-31T00:00:00+00:00,2023-05-31,2023-08-25,research_pool,60,30,30,0,valid,0.10812106845216765,0.15848415158484164,up
base,replay_base_2023-05-31,2023-05-31T00:00:00+00:00,2023-05-31,2023-11-20,research_pool,120,30,30,0,valid,0.09954952294131071,0.15848415158484164,up
base,replay_base_2023-06-30,2023-06-30T00:00:00+00:00,2023-06-30,2023-07-31,low_value,20,25,25,0,valid,0.0628769451655511,0.1580514250795193,up
base,replay_base_2023-06-30,2023-06-30T00:00:00+00:00,2023-06-30,2023-09-26,low_value,60,25,25,0,valid,-0.0445865811943265,0.1580514250795193,up
base,replay_base_2023-06-30,2023-06-30T00:00:00+00:00,2023-06-30,2023-12-20,low_value,120,25,25,0,valid,0.13038399052413352,0.1580514250795193,up
base,replay_base_2023-06-30,2023-06-30T00:00:00+00:00,2023-06-30,2023-07-31,industry_trend,20,21,21,0,valid,0.027787556595774948,0.1580514250795193,up
base,replay_base_2023-06-30,2023-06-30T00:00:00+00:00,2023-06-30,2023-09-26,industry_trend,60,21,21,0,valid,-0.0714615254329457,0.1580514250795193,up
base,replay_base_2023-06-30,2023-06-30T00:00:00+00:00,2023-06-30,2023-12-20,industry_trend,120,21,21,0,valid,0.05230714748390172,0.1580514250795193,up
base,replay_base_2023-06-30,2023-06-30T00:00:00+00:00,2023-06-30,2023-07-31,momentum,20,20,20,0,valid,0.04458294820800064,0.1580514250795193,up
base,replay_base_2023-06-30,2023-06-30T00:00:00+00:00,2023-06-30,2023-09-26,momentum,60,20,20,0,valid,-0.06123536972592951,0.1580514250795193,up
base,replay_base_2023-06-30,2023-06-30T00:00:00+00:00,2023-06-30,2023-12-20,momentum,120,20,20,0,valid,0.04487538679138399,0.1580514250795193,up
base,replay_base_2023-06-30,2023-06-30T00:00:00+00:00,2023-06-30,2023-07-31,research_pool,20,30,30,0,valid,0.05638287389005787,0.1580514250795193,up
base,replay_base_2023-06-30,2023-06-30T00:00:00+00:00,2023-06-30,2023-09-26,research_pool,60,30,30,0,valid,-0.03814874015250611,0.1580514250795193,up
base,replay_base_2023-06-30,2023-06-30T00:00:00+00:00,2023-06-30,2023-12-20,research_pool,120,30,30,0,valid,0.05766317712223089,0.1580514250795193,up
base,replay_base_2023-07-31,2023-07-31T00:00:00+00:00,2023-07-31,2023-08-28,low_value,20,22,22,0,valid,-0.060530618010331994,0.20940271935214505,up
base,replay_base_2023-07-31,2023-07-31T00:00:00+00:00,2023-07-31,2023-10-24,low_value,60,22,22,0,valid,-0.09823780668044858,0.20940271935214505,up
base,replay_base_2023-07-31,2023-07-31T00:00:00+00:00,2023-07-31,2024-01-22,low_value,120,22,22,0,valid,0.06661071361221206,0.20940271935214505,up
base,replay_base_2023-07-31,2023-07-31T00:00:00+00:00,2023-07-31,2023-08-28,industry_trend,20,20,20,0,valid,-0.07024744033238348,0.20940271935214505,up
base,replay_base_2023-07-31,2023-07-31T00:00:00+00:00,2023-07-31,2023-10-24,industry_trend,60,20,20,0,valid,-0.09815739719044461,0.20940271935214505,up
base,replay_base_2023-07-31,2023-07-31T00:00:00+00:00,2023-07-31,2024-01-22,industry_trend,120,20,20,0,valid,0.10731117303104984,0.20940271935214505,up
base,replay_base_2023-07-31,2023-07-31T00:00:00+00:00,2023-07-31,2023-08-28,momentum,20,20,20,0,valid,-0.06861996271099399,0.20940271935214505,up
base,replay_base_2023-07-31,2023-07-31T00:00:00+00:00,2023-07-31,2023-10-24,momentum,60,20,20,0,valid,-0.09336995233360115,0.20940271935214505,up
base,replay_base_2023-07-31,2023-07-31T00:00:00+00:00,2023-07-31,2024-01-22,momentum,120,20,20,0,valid,0.07870981717761734,0.20940271935214505,up
base,replay_base_2023-07-31,2023-07-31T00:00:00+00:00,2023-07-31,2023-08-28,research_pool,20,30,30,0,valid,-0.0398563580412752,0.20940271935214505,up
base,replay_base_2023-07-31,2023-07-31T00:00:00+00:00,2023-07-31,2023-10-24,research_pool,60,30,30,0,valid,-0.10078340723343805,0.20940271935214505,up
base,replay_base_2023-07-31,2023-07-31T00:00:00+00:00,2023-07-31,2024-01-22,research_pool,120,30,30,0,valid,0.01392040970213767,0.20940271935214505,up
base,replay_base_2023-08-31,2023-08-31T00:00:00+00:00,2023-08-31,2023-09-29,low_value,20,21,21,0,valid,-0.07046406522114339,0.06465335098740743,up
base,replay_base_2023-08-31,2023-08-31T00:00:00+00:00,2023-08-31,2023-11-27,low_value,60,21,21,0,valid,-0.03472037615066528,0.06465335098740743,up
base,replay_base_2023-08-31,2023-08-31T00:00:00+00:00,2023-08-31,2024-02-23,low_value,120,21,21,0,valid,0.04589996135837387,0.06465335098740743,up
base,replay_base_2023-08-31,2023-08-31T00:00:00+00:00,2023-08-31,2023-09-29,industry_trend,20,21,21,0,valid,-0.06909345121797518,0.06465335098740743,up
base,replay_base_2023-08-31,2023-08-31T00:00:00+00:00,2023-08-31,2023-11-27,industry_trend,60,21,21,0,valid,0.01682610067338194,0.06465335098740743,up
base,replay_base_2023-08-31,2023-08-31T00:00:00+00:00,2023-08-31,2024-02-23,industry_trend,120,21,21,0,valid,0.16465246113180743,0.06465335098740743,up
base,replay_base_2023-08-31,2023-08-31T00:00:00+00:00,2023-08-31,2023-09-29,momentum,20,20,20,0,valid,-0.07809307807313111,0.06465335098740743,up
base,replay_base_2023-08-31,2023-08-31T00:00:00+00:00,2023-08-31,2023-11-27,momentum,60,20,20,0,valid,-0.000544124543107792,0.06465335098740743,up
base,replay_base_2023-08-31,2023-08-31T00:00:00+00:00,2023-08-31,2024-02-23,momentum,120,20,20,0,valid,0.144717233935839,0.06465335098740743,up
base,replay_base_2023-08-31,2023-08-31T00:00:00+00:00,2023-08-31,2023-09-29,research_pool,20,30,30,0,valid,-0.07837946610412357,0.06465335098740743,up
base,replay_base_2023-08-31,2023-08-31T00:00:00+00:00,2023-08-31,2023-11-27,research_pool,60,30,30,0,valid,-0.03944082394136029,0.06465335098740743,up
base,replay_base_2023-08-31,2023-08-31T00:00:00+00:00,2023-08-31,2024-02-23,research_pool,120,30,30,0,valid,0.11944741390063868,0.06465335098740743,up
base,replay_base_2023-09-29,2023-09-29T00:00:00+00:00,2023-09-29,2023-10-27,low_value,20,23,23,0,valid,-0.06720640296849778,-0.024775847290439357,down
base,replay_base_2023-09-29,2023-09-29T00:00:00+00:00,2023-09-29,2023-12-26,low_value,60,23,23,0,valid,0.14306843553923274,-0.024775847290439357,down
base,replay_base_2023-09-29,2023-09-29T00:00:00+00:00,2023-09-29,2024-03-22,low_value,120,23,23,0,valid,0.2215147894335366,-0.024775847290439357,down
base,replay_base_2023-09-29,2023-09-29T00:00:00+00:00,2023-09-29,2023-10-27,industry_trend,20,20,20,0,valid,-0.03874301426375114,-0.024775847290439357,down
base,replay_base_2023-09-29,2023-09-29T00:00:00+00:00,2023-09-29,2023-12-26,industry_trend,60,20,20,0,valid,0.13251866835301637,-0.024775847290439357,down
base,replay_base_2023-09-29,2023-09-29T00:00:00+00:00,2023-09-29,2024-03-22,industry_trend,120,20,20,0,valid,0.31450460578868217,-0.024775847290439357,down
base,replay_base_2023-09-29,2023-09-29T00:00:00+00:00,2023-09-29,2023-10-27,momentum,20,20,20,0,valid,-0.02656045225386259,-0.024775847290439357,down
base,replay_base_2023-09-29,2023-09-29T00:00:00+00:00,2023-09-29,2023-12-26,momentum,60,20,20,0,valid,0.1465509969260515,-0.024775847290439357,down
base,replay_base_2023-09-29,2023-09-29T00:00:00+00:00,2023-09-29,2024-03-22,momentum,120,20,20,0,valid,0.32767486622431174,-0.024775847290439357,down
base,replay_base_2023-09-29,2023-09-29T00:00:00+00:00,2023-09-29,2023-10-27,research_pool,20,30,30,0,valid,-0.0611563492598382,-0.024775847290439357,down
base,replay_base_2023-09-29,2023-09-29T00:00:00+00:00,2023-09-29,2023-12-26,research_pool,60,30,30,0,valid,0.11580257018141923,-0.024775847290439357,down
base,replay_base_2023-09-29,2023-09-29T00:00:00+00:00,2023-09-29,2024-03-22,research_pool,120,30,30,0,valid,0.24641188399033737,-0.024775847290439357,down
base,replay_base_2023-10-31,2023-10-31T00:00:00+00:00,2023-10-31,2023-11-29,low_value,20,22,22,0,valid,0.14857510168130994,-0.06465195608144114,down
base,replay_base_2023-10-31,2023-10-31T00:00:00+00:00,2023-10-31,2024-01-29,low_value,60,22,22,0,valid,0.23947791438493352,-0.06465195608144114,down
base,replay_base_2023-10-31,2023-10-31T00:00:00+00:00,2023-10-31,2024-04-24,low_value,120,22,22,0,valid,0.31855773472102533,-0.06465195608144114,down
base,replay_base_2023-10-31,2023-10-31T00:00:00+00:00,2023-10-31,2023-11-29,industry_trend,20,20,20,0,valid,0.0851345837373815,-0.06465195608144114,down
base,replay_base_2023-10-31,2023-10-31T00:00:00+00:00,2023-10-31,2024-01-29,industry_trend,60,20,20,0,valid,0.19921702314031384,-0.06465195608144114,down
base,replay_base_2023-10-31,2023-10-31T00:00:00+00:00,2023-10-31,2024-04-24,industry_trend,120,20,20,0,valid,0.25136376214696327,-0.06465195608144114,down
base,replay_base_2023-10-31,2023-10-31T00:00:00+00:00,2023-10-31,2023-11-29,momentum,20,19,19,0,valid,0.09102156878774145,-0.06465195608144114,down
base,replay_base_2023-10-31,2023-10-31T00:00:00+00:00,2023-10-31,2024-01-29,momentum,60,19,19,0,valid,0.17678534139750338,-0.06465195608144114,down
base,replay_base_2023-10-31,2023-10-31T00:00:00+00:00,2023-10-31,2024-04-24,momentum,120,19,19,0,valid,0.2374440986709823,-0.06465195608144114,down
base,replay_base_2023-10-31,2023-10-31T00:00:00+00:00,2023-10-31,2023-11-29,research_pool,20,30,30,0,valid,0.07840746751698509,-0.06465195608144114,down
base,replay_base_2023-10-31,2023-10-31T00:00:00+00:00,2023-10-31,2024-01-29,research_pool,60,30,30,0,valid,0.2182903181198345,-0.06465195608144114,down
base,replay_base_2023-10-31,2023-10-31T00:00:00+00:00,2023-10-31,2024-04-24,research_pool,120,30,30,0,valid,0.2970308866458228,-0.06465195608144114,down
base,replay_base_2023-11-30,2023-11-30T00:00:00+00:00,2023-11-30,2023-12-29,low_value,20,22,22,0,valid,0.09628713862464745,0.03764373182509417,up
base,replay_base_2023-11-30,2023-11-30T00:00:00+00:00,2023-11-30,2024-02-28,low_value,60,22,22,0,valid,0.059030972968937674,0.03764373182509417,up
base,replay_base_2023-11-30,2023-11-30T00:00:00+00:00,2023-11-30,2024-05-23,low_value,120,22,22,0,valid,0.12213194712513765,0.03764373182509417,up
base,replay_base_2023-11-30,2023-11-30T00:00:00+00:00,2023-11-30,2023-12-29,industry_trend,20,21,21,0,valid,0.05868041686304956,0.03764373182509417,up
base,replay_base_2023-11-30,2023-11-30T00:00:00+00:00,2023-11-30,2024-02-28,industry_trend,60,21,21,0,valid,0.12277839998197404,0.03764373182509417,up
base,replay_base_2023-11-30,2023-11-30T00:00:00+00:00,2023-11-30,2024-05-23,industry_trend,120,21,21,0,valid,0.13924215507420334,0.03764373182509417,up
base,replay_base_2023-11-30,2023-11-30T00:00:00+00:00,2023-11-30,2023-12-29,momentum,20,20,20,0,valid,0.062113845683735534,0.03764373182509417,up
base,replay_base_2023-11-30,2023-11-30T00:00:00+00:00,2023-11-30,2024-02-28,momentum,60,20,20,0,valid,0.13033061723078188,0.03764373182509417,up
base,replay_base_2023-11-30,2023-11-30T00:00:00+00:00,2023-11-30,2024-05-23,momentum,120,20,20,0,valid,0.15297854895548874,0.03764373182509417,up
base,replay_base_2023-11-30,2023-11-30T00:00:00+00:00,2023-11-30,2023-12-29,research_pool,20,30,30,0,valid,0.06541457084082979,0.03764373182509417,up
base,replay_base_2023-11-30,2023-11-30T00:00:00+00:00,2023-11-30,2024-02-28,research_pool,60,30,30,0,valid,0.19798156159234193,0.03764373182509417,up
base,replay_base_2023-11-30,2023-11-30T00:00:00+00:00,2023-11-30,2024-05-23,research_pool,120,30,30,0,valid,0.3244671193821363,0.03764373182509417,up
base,replay_base_2023-12-29,2023-12-29T00:00:00+00:00,2023-12-29,2024-01-30,low_value,20,20,20,0,valid,-0.03263017452977569,0.13827421327699296,up
base,replay_base_2023-12-29,2023-12-29T00:00:00+00:00,2023-12-29,2024-03-27,low_value,60,20,20,0,valid,0.028262731716069696,0.13827421327699296,up
base,replay_base_2023-12-29,2023-12-29T00:00:00+00:00,2023-12-29,2024-06-24,low_value,120,20,20,0,valid,0.015465433433553999,0.13827421327699296,up
base,replay_base_2023-12-29,2023-12-29T00:00:00+00:00,2023-12-29,2024-01-30,industry_trend,20,21,21,0,valid,0.0362280465427422,0.13827421327699296,up
base,replay_base_2023-12-29,2023-12-29T00:00:00+00:00,2023-12-29,2024-03-27,industry_trend,60,21,21,0,valid,0.1371823531937983,0.13827421327699296,up
base,replay_base_2023-12-29,2023-12-29T00:00:00+00:00,2023-12-29,2024-06-24,industry_trend,120,21,21,0,valid,0.17749195294306827,0.13827421327699296,up
base,replay_base_2023-12-29,2023-12-29T00:00:00+00:00,2023-12-29,2024-01-30,momentum,20,20,20,0,valid,0.022812996187840957,0.13827421327699296,up
base,replay_base_2023-12-29,2023-12-29T00:00:00+00:00,2023-12-29,2024-03-27,momentum,60,20,20,0,valid,0.13247247413460148,0.13827421327699296,up
base,replay_base_2023-12-29,2023-12-29T00:00:00+00:00,2023-12-29,2024-06-24,momentum,120,20,20,0,valid,0.18124043505822166,0.13827421327699296,up
base,replay_base_2023-12-29,2023-12-29T00:00:00+00:00,2023-12-29,2024-01-30,research_pool,20,30,30,0,valid,0.0368770416102016,0.13827421327699296,up
base,replay_base_2023-12-29,2023-12-29T00:00:00+00:00,2023-12-29,2024-03-27,research_pool,60,30,30,0,valid,0.16523516893587054,0.13827421327699296,up
base,replay_base_2023-12-29,2023-12-29T00:00:00+00:00,2023-12-29,2024-06-24,research_pool,120,30,30,0,valid,0.15644496397472493,0.13827421327699296,up
base,replay_base_2024-01-31,2024-01-31T00:00:00+00:00,2024-01-31,2024-02-29,low_value,20,21,21,0,valid,0.03044318259745344,0.14713731532175967,up
base,replay_base_2024-01-31,2024-01-31T00:00:00+00:00,2024-01-31,2024-04-26,low_value,60,21,21,0,valid,0.0712454285008606,0.14713731532175967,up
base,replay_base_2024-01-31,2024-01-31T00:00:00+00:00,2024-01-31,2024-07-24,low_value,120,21,21,0,valid,0.03837539926351103,0.14713731532175967,up
base,replay_base_2024-01-31,2024-01-31T00:00:00+00:00,2024-01-31,2024-02-29,industry_trend,20,21,21,0,valid,0.10298755538907857,0.14713731532175967,up
base,replay_base_2024-01-31,2024-01-31T00:00:00+00:00,2024-01-31,2024-04-26,industry_trend,60,21,21,0,valid,0.11764529772345046,0.14713731532175967,up
base,replay_base_2024-01-31,2024-01-31T00:00:00+00:00,2024-01-31,2024-07-24,industry_trend,120,21,21,0,valid,0.12835380435088845,0.14713731532175967,up
base,replay_base_2024-01-31,2024-01-31T00:00:00+00:00,2024-01-31,2024-02-29,momentum,20,22,22,0,valid,0.08331636642777954,0.14713731532175967,up
base,replay_base_2024-01-31,2024-01-31T00:00:00+00:00,2024-01-31,2024-04-26,momentum,60,22,22,0,valid,0.1059837027698335,0.14713731532175967,up
base,replay_base_2024-01-31,2024-01-31T00:00:00+00:00,2024-01-31,2024-07-24,momentum,120,22,22,0,valid,0.12272957661728946,0.14713731532175967,up
base,replay_base_2024-01-31,2024-01-31T00:00:00+00:00,2024-01-31,2024-02-29,research_pool,20,30,30,0,valid,0.07592869396703365,0.14713731532175967,up
base,replay_base_2024-01-31,2024-01-31T00:00:00+00:00,2024-01-31,2024-04-26,research_pool,60,30,30,0,valid,0.09651613675009131,0.14713731532175967,up
base,replay_base_2024-01-31,2024-01-31T00:00:00+00:00,2024-01-31,2024-07-24,research_pool,120,30,30,0,valid,0.09838901884762627,0.14713731532175967,up
base,replay_base_2024-02-29,2024-02-29T00:00:00+00:00,2024-02-29,2024-03-28,low_value,20,20,20,0,valid,0.027306715097558137,0.1260674445441723,up
base,replay_base_2024-02-29,2024-02-29T00:00:00+00:00,2024-02-29,2024-05-24,low_value,60,20,20,0,valid,0.010806507877002375,0.1260674445441723,up
base,replay_base_2024-02-29,2024-02-29T00:00:00+00:00,2024-02-29,2024-08-21,low_value,120,20,20,0,valid,0.02237136174800521,0.1260674445441723,up
base,replay_base_2024-02-29,2024-02-29T00:00:00+00:00,2024-02-29,2024-03-28,industry_trend,20,21,21,0,valid,0.034145385408635764,0.1260674445441723,up
base,replay_base_2024-02-29,2024-02-29T00:00:00+00:00,2024-02-29,2024-05-24,industry_trend,60,21,21,0,valid,0.05988580159341946,0.1260674445441723,up
base,replay_base_2024-02-29,2024-02-29T00:00:00+00:00,2024-02-29,2024-08-21,industry_trend,120,21,21,0,valid,0.06801486816278275,0.1260674445441723,up
base,replay_base_2024-02-29,2024-02-29T00:00:00+00:00,2024-02-29,2024-03-28,momentum,20,22,22,0,valid,0.05044055163472596,0.1260674445441723,up
base,replay_base_2024-02-29,2024-02-29T00:00:00+00:00,2024-02-29,2024-05-24,momentum,60,22,22,0,valid,0.0894001944342294,0.1260674445441723,up
base,replay_base_2024-02-29,2024-02-29T00:00:00+00:00,2024-02-29,2024-08-21,momentum,120,22,22,0,valid,0.07896024859654065,0.1260674445441723,up
base,replay_base_2024-02-29,2024-02-29T00:00:00+00:00,2024-02-29,2024-03-28,research_pool,20,30,30,0,valid,0.035246696284133454,0.1260674445441723,up
base,replay_base_2024-02-29,2024-02-29T00:00:00+00:00,2024-02-29,2024-05-24,research_pool,60,30,30,0,valid,0.0657359948813733,0.1260674445441723,up
base,replay_base_2024-02-29,2024-02-29T00:00:00+00:00,2024-02-29,2024-08-21,research_pool,120,30,30,0,valid,0.08040641974052876,0.1260674445441723,up
base,replay_base_2024-03-29,2024-03-29T00:00:00+00:00,2024-03-29,2024-04-26,low_value,20,21,21,0,valid,-0.03984436234069586,0.10305514157973161,up
base,replay_base_2024-03-29,2024-03-29T00:00:00+00:00,2024-03-29,2024-06-25,low_value,60,21,21,0,valid,-0.06130234066173265,0.10305514157973161,up
base,replay_base_2024-03-29,2024-03-29T00:00:00+00:00,2024-03-29,2024-09-19,low_value,120,21,21,0,valid,0.030260656412382552,0.10305514157973161,up
base,replay_base_2024-03-29,2024-03-29T00:00:00+00:00,2024-03-29,2024-04-26,industry_trend,20,19,19,0,valid,-0.008698722242893201,0.10305514157973161,up
base,replay_base_2024-03-29,2024-03-29T00:00:00+00:00,2024-03-29,2024-06-25,industry_trend,60,19,19,0,valid,0.052712671385797036,0.10305514157973161,up
base,replay_base_2024-03-29,2024-03-29T00:00:00+00:00,2024-03-29,2024-09-19,industry_trend,120,19,19,0,valid,0.13323676802668175,0.10305514157973161,up
base,replay_base_2024-03-29,2024-03-29T00:00:00+00:00,2024-03-29,2024-04-26,momentum,20,19,19,0,valid,-0.0041984358905298,0.10305514157973161,up
base,replay_base_2024-03-29,2024-03-29T00:00:00+00:00,2024-03-29,2024-06-25,momentum,60,19,19,0,valid,0.053942745757217095,0.10305514157973161,up
base,replay_base_2024-03-29,2024-03-29T00:00:00+00:00,2024-03-29,2024-09-19,momentum,120,19,19,0,valid,0.11571947736660561,0.10305514157973161,up
base,replay_base_2024-03-29,2024-03-29T00:00:00+00:00,2024-03-29,2024-04-26,research_pool,20,30,30,0,valid,-0.020953008993786045,0.10305514157973161,up
base,replay_base_2024-03-29,2024-03-29T00:00:00+00:00,2024-03-29,2024-06-25,research_pool,60,30,30,0,valid,-0.011444703380313337,0.10305514157973161,up
base,replay_base_2024-03-29,2024-03-29T00:00:00+00:00,2024-03-29,2024-09-19,research_pool,120,30,30,0,valid,0.06371308765252667,0.10305514157973161,up
base,replay_base_2024-04-30,2024-04-30T00:00:00+00:00,2024-04-30,2024-05-29,low_value,20,21,21,0,valid,0.022489305342810812,-0.010520919502732151,down
base,replay_base_2024-04-30,2024-04-30T00:00:00+00:00,2024-04-30,2024-07-26,low_value,60,21,21,0,valid,0.0586353214136713,-0.010520919502732151,down
base,replay_base_2024-04-30,2024-04-30T00:00:00+00:00,2024-04-30,2024-10-21,low_value,120,21,21,0,valid,0.1570349058072155,-0.010520919502732151,down
base,replay_base_2024-04-30,2024-04-30T00:00:00+00:00,2024-04-30,2024-05-29,industry_trend,20,20,20,0,valid,0.056033852768662816,-0.010520919502732151,down
base,replay_base_2024-04-30,2024-04-30T00:00:00+00:00,2024-04-30,2024-07-26,industry_trend,60,20,20,0,valid,0.049440424020562694,-0.010520919502732151,down
base,replay_base_2024-04-30,2024-04-30T00:00:00+00:00,2024-04-30,2024-10-21,industry_trend,120,20,20,0,valid,0.1892086102941204,-0.010520919502732151,down
base,replay_base_2024-04-30,2024-04-30T00:00:00+00:00,2024-04-30,2024-05-29,momentum,20,19,19,0,valid,0.07057761465110465,-0.010520919502732151,down
base,replay_base_2024-04-30,2024-04-30T00:00:00+00:00,2024-04-30,2024-07-26,momentum,60,19,19,0,valid,0.06467444919325072,-0.010520919502732151,down
base,replay_base_2024-04-30,2024-04-30T00:00:00+00:00,2024-04-30,2024-10-21,momentum,120,19,19,0,valid,0.19911920983620437,-0.010520919502732151,down
base,replay_base_2024-04-30,2024-04-30T00:00:00+00:00,2024-04-30,2024-05-29,research_pool,20,30,30,0,valid,0.02033289010128458,-0.010520919502732151,down
base,replay_base_2024-04-30,2024-04-30T00:00:00+00:00,2024-04-30,2024-07-26,research_pool,60,30,30,0,valid,0.05246813132432293,-0.010520919502732151,down
base,replay_base_2024-04-30,2024-04-30T00:00:00+00:00,2024-04-30,2024-10-21,research_pool,120,30,30,0,valid,0.2105838340216202,-0.010520919502732151,down
base,replay_base_2024-05-31,2024-05-31T00:00:00+00:00,2024-05-31,2024-07-01,low_value,20,21,21,0,valid,0.002069560515577041,0.029029758920840365,up
base,replay_base_2024-05-31,2024-05-31T00:00:00+00:00,2024-05-31,2024-08-27,low_value,60,21,21,0,valid,0.06431517742617504,0.029029758920840365,up
base,replay_base_2024-05-31,2024-05-31T00:00:00+00:00,2024-05-31,2024-11-20,low_value,120,21,21,0,valid,0.18351966813783274,0.029029758920840365,up
base,replay_base_2024-05-31,2024-05-31T00:00:00+00:00,2024-05-31,2024-07-01,industry_trend,20,20,20,0,valid,0.024043581509987793,0.029029758920840365,up
base,replay_base_2024-05-31,2024-05-31T00:00:00+00:00,2024-05-31,2024-08-27,industry_trend,60,20,20,0,valid,0.03420624894977282,0.029029758920840365,up
base,replay_base_2024-05-31,2024-05-31T00:00:00+00:00,2024-05-31,2024-11-20,industry_trend,120,20,20,0,valid,0.12578788395421064,0.029029758920840365,up
base,replay_base_2024-05-31,2024-05-31T00:00:00+00:00,2024-05-31,2024-07-01,momentum,20,21,21,0,valid,0.016835279314231316,0.029029758920840365,up
base,replay_base_2024-05-31,2024-05-31T00:00:00+00:00,2024-05-31,2024-08-27,momentum,60,21,21,0,valid,0.04067703775141665,0.029029758920840365,up
base,replay_base_2024-05-31,2024-05-31T00:00:00+00:00,2024-05-31,2024-11-20,momentum,120,21,21,0,valid,0.09742406550751688,0.029029758920840365,up
base,replay_base_2024-05-31,2024-05-31T00:00:00+00:00,2024-05-31,2024-07-01,research_pool,20,30,30,0,valid,0.02043091988583183,0.029029758920840365,up
base,replay_base_2024-05-31,2024-05-31T00:00:00+00:00,2024-05-31,2024-08-27,research_pool,60,30,30,0,valid,0.07580662233385321,0.029029758920840365,up
base,replay_base_2024-05-31,2024-05-31T00:00:00+00:00,2024-05-31,2024-11-20,research_pool,120,30,30,0,valid,0.24487672261161816,0.029029758920840365,up
base,replay_base_2024-06-28,2024-06-28T00:00:00+00:00,2024-06-28,2024-07-29,low_value,20,19,19,0,valid,0.009154082556976847,0.0836255061186637,up
base,replay_base_2024-06-28,2024-06-28T00:00:00+00:00,2024-06-28,2024-09-24,low_value,60,19,19,0,valid,0.057953665652852246,0.0836255061186637,up
base,replay_base_2024-06-28,2024-06-28T00:00:00+00:00,2024-06-28,2024-12-18,low_value,120,19,19,0,valid,0.1963950644441943,0.0836255061186637,up
base,replay_base_2024-06-28,2024-06-28T00:00:00+00:00,2024-06-28,2024-07-29,industry_trend,20,20,20,0,valid,-0.0011827817154694109,0.0836255061186637,up
base,replay_base_2024-06-28,2024-06-28T00:00:00+00:00,2024-06-28,2024-09-24,industry_trend,60,20,20,0,valid,0.07729074841981129,0.0836255061186637,up
base,replay_base_2024-06-28,2024-06-28T00:00:00+00:00,2024-06-28,2024-12-18,industry_trend,120,20,20,0,valid,0.10257475646576697,0.0836255061186637,up
base,replay_base_2024-06-28,2024-06-28T00:00:00+00:00,2024-06-28,2024-07-29,momentum,20,20,20,0,valid,0.01945453572466322,0.0836255061186637,up
base,replay_base_2024-06-28,2024-06-28T00:00:00+00:00,2024-06-28,2024-09-24,momentum,60,20,20,0,valid,0.09775512513238167,0.0836255061186637,up
base,replay_base_2024-06-28,2024-06-28T00:00:00+00:00,2024-06-28,2024-12-18,momentum,120,20,20,0,valid,0.11240441669120045,0.0836255061186637,up
base,replay_base_2024-06-28,2024-06-28T00:00:00+00:00,2024-06-28,2024-07-29,research_pool,20,30,30,0,valid,0.009478600411635918,0.0836255061186637,up
base,replay_base_2024-06-28,2024-06-28T00:00:00+00:00,2024-06-28,2024-09-24,research_pool,60,30,30,0,valid,0.0992872539429342,0.0836255061186637,up
base,replay_base_2024-06-28,2024-06-28T00:00:00+00:00,2024-06-28,2024-12-18,research_pool,120,30,30,0,valid,0.19775896347769806,0.0836255061186637,up
base,replay_base_2024-07-31,2024-07-31T00:00:00+00:00,2024-07-31,2024-08-28,low_value,20,19,19,0,valid,-0.02989779459195984,0.08169990928611615,up
base,replay_base_2024-07-31,2024-07-31T00:00:00+00:00,2024-07-31,2024-10-24,low_value,60,19,19,0,valid,0.08860902730157694,0.08169990928611615,up
base,replay_base_2024-07-31,2024-07-31T00:00:00+00:00,2024-07-31,2025-01-23,low_value,120,19,19,0,valid,0.21543966889601282,0.08169990928611615,up
base,replay_base_2024-07-31,2024-07-31T00:00:00+00:00,2024-07-31,2024-08-28,industry_trend,20,19,19,0,valid,-0.006899547500235457,0.08169990928611615,up
base,replay_base_2024-07-31,2024-07-31T00:00:00+00:00,2024-07-31,2024-10-24,industry_trend,60,19,19,0,valid,0.07479452104769212,0.08169990928611615,up
base,replay_base_2024-07-31,2024-07-31T00:00:00+00:00,2024-07-31,2025-01-23,industry_trend,120,19,19,0,valid,0.17068832257498556,0.08169990928611615,up
base,replay_base_2024-07-31,2024-07-31T00:00:00+00:00,2024-07-31,2024-08-28,momentum,20,20,20,0,valid,0.005018028038785429,0.08169990928611615,up
base,replay_base_2024-07-31,2024-07-31T00:00:00+00:00,2024-07-31,2024-10-24,momentum,60,20,20,0,valid,0.07795104250972248,0.08169990928611615,up
base,replay_base_2024-07-31,2024-07-31T00:00:00+00:00,2024-07-31,2025-01-23,momentum,120,20,20,0,valid,0.13773300202036692,0.08169990928611615,up
base,replay_base_2024-07-31,2024-07-31T00:00:00+00:00,2024-07-31,2024-08-28,research_pool,20,30,30,0,valid,0.014129611075203581,0.08169990928611615,up
base,replay_base_2024-07-31,2024-07-31T00:00:00+00:00,2024-07-31,2024-10-24,research_pool,60,30,30,0,valid,0.09520749583614657,0.08169990928611615,up
base,replay_base_2024-07-31,2024-07-31T00:00:00+00:00,2024-07-31,2025-01-23,research_pool,120,30,30,0,valid,0.2371673633630074,0.08169990928611615,up
base,replay_base_2024-08-30,2024-08-30T00:00:00+00:00,2024-08-30,2024-09-30,low_value,20,22,22,0,valid,0.05832268979634225,0.027696887335792564,up
base,replay_base_2024-08-30,2024-08-30T00:00:00+00:00,2024-08-30,2024-11-25,low_value,60,22,22,0,valid,0.1669203364399567,0.027696887335792564,up
base,replay_base_2024-08-30,2024-08-30T00:00:00+00:00,2024-08-30,2025-02-25,low_value,120,22,22,0,valid,0.13090299904178884,0.027696887335792564,up
base,replay_base_2024-08-30,2024-08-30T00:00:00+00:00,2024-08-30,2024-09-30,industry_trend,20,23,23,0,valid,0.06803455146081692,0.027696887335792564,up
base,replay_base_2024-08-30,2024-08-30T00:00:00+00:00,2024-08-30,2024-11-25,industry_trend,60,23,23,0,valid,0.13818635857125788,0.027696887335792564,up
base,replay_base_2024-08-30,2024-08-30T00:00:00+00:00,2024-08-30,2025-02-25,industry_trend,120,23,23,0,valid,0.08008856000592281,0.027696887335792564,up
base,replay_base_2024-08-30,2024-08-30T00:00:00+00:00,2024-08-30,2024-09-30,momentum,20,19,19,0,valid,0.09470241654543443,0.027696887335792564,up
base,replay_base_2024-08-30,2024-08-30T00:00:00+00:00,2024-08-30,2024-11-25,momentum,60,19,19,0,valid,0.2124463679757393,0.027696887335792564,up
base,replay_base_2024-08-30,2024-08-30T00:00:00+00:00,2024-08-30,2025-02-25,momentum,120,19,19,0,valid,0.1313684783161832,0.027696887335792564,up
base,replay_base_2024-08-30,2024-08-30T00:00:00+00:00,2024-08-30,2024-09-30,research_pool,20,30,30,0,valid,0.07990155961099604,0.027696887335792564,up
base,replay_base_2024-08-30,2024-08-30T00:00:00+00:00,2024-08-30,2024-11-25,research_pool,60,30,30,0,valid,0.22633747934045237,0.027696887335792564,up
base,replay_base_2024-08-30,2024-08-30T00:00:00+00:00,2024-08-30,2025-02-25,research_pool,120,30,30,0,valid,0.2737509738237999,0.027696887335792564,up
base,replay_base_2024-09-30,2024-09-30T00:00:00+00:00,2024-09-30,2024-10-28,low_value,20,22,22,0,valid,0.006752288883463217,-0.016705962960723908,down
base,replay_base_2024-09-30,2024-09-30T00:00:00+00:00,2024-09-30,2024-12-24,low_value,60,22,22,0,valid,0.02308347708030398,-0.016705962960723908,down
base,replay_base_2024-09-30,2024-09-30T00:00:00+00:00,2024-09-30,2025-03-25,low_value,120,22,22,0,valid,0.026259795599958734,-0.016705962960723908,down
base,replay_base_2024-09-30,2024-09-30T00:00:00+00:00,2024-09-30,2024-10-28,industry_trend,20,20,20,0,valid,0.004482990178501933,-0.016705962960723908,down
base,replay_base_2024-09-30,2024-09-30T00:00:00+00:00,2024-09-30,2024-12-24,industry_trend,60,20,20,0,valid,0.06600213360601245,-0.016705962960723908,down
base,replay_base_2024-09-30,2024-09-30T00:00:00+00:00,2024-09-30,2025-03-25,industry_trend,120,20,20,0,valid,-0.052905240985979526,-0.016705962960723908,down
base,replay_base_2024-09-30,2024-09-30T00:00:00+00:00,2024-09-30,2024-10-28,momentum,20,19,19,0,valid,0.017141236569284398,-0.016705962960723908,down
base,replay_base_2024-09-30,2024-09-30T00:00:00+00:00,2024-09-30,2024-12-24,momentum,60,19,19,0,valid,0.07920410803974964,-0.016705962960723908,down
base,replay_base_2024-09-30,2024-09-30T00:00:00+00:00,2024-09-30,2025-03-25,momentum,120,19,19,0,valid,-0.023848867623411044,-0.016705962960723908,down
base,replay_base_2024-09-30,2024-09-30T00:00:00+00:00,2024-09-30,2024-10-28,research_pool,20,30,30,0,valid,0.04292999408047837,-0.016705962960723908,down
base,replay_base_2024-09-30,2024-09-30T00:00:00+00:00,2024-09-30,2024-12-24,research_pool,60,30,30,0,valid,0.08460741511326565,-0.016705962960723908,down
base,replay_base_2024-09-30,2024-09-30T00:00:00+00:00,2024-09-30,2025-03-25,research_pool,120,30,30,0,valid,0.021667767721396725,-0.016705962960723908,down
base,replay_base_2024-10-31,2024-10-31T00:00:00+00:00,2024-10-31,2024-11-29,low_value,20,23,23,0,valid,0.050412006052034386,0.11245229227019826,up
base,replay_base_2024-10-31,2024-10-31T00:00:00+00:00,2024-10-31,2025-01-30,low_value,60,23,23,0,valid,0.042448283925591565,0.11245229227019826,up
base,replay_base_2024-10-31,2024-10-31T00:00:00+00:00,2024-10-31,2025-04-28,low_value,120,23,23,0,valid,0.001505221937932368,0.11245229227019826,up
base,replay_base_2024-10-31,2024-10-31T00:00:00+00:00,2024-10-31,2024-11-29,industry_trend,20,21,21,0,valid,0.07473830164250851,0.11245229227019826,up
base,replay_base_2024-10-31,2024-10-31T00:00:00+00:00,2024-10-31,2025-01-30,industry_trend,60,21,21,0,valid,0.07956528673502725,0.11245229227019826,up
base,replay_base_2024-10-31,2024-10-31T00:00:00+00:00,2024-10-31,2025-04-28,industry_trend,120,21,21,0,valid,-0.06979130576327447,0.11245229227019826,up
base,replay_base_2024-10-31,2024-10-31T00:00:00+00:00,2024-10-31,2024-11-29,momentum,20,21,21,0,valid,0.07287903285898195,0.11245229227019826,up
base,replay_base_2024-10-31,2024-10-31T00:00:00+00:00,2024-10-31,2025-01-30,momentum,60,21,21,0,valid,0.07422482360248833,0.11245229227019826,up
base,replay_base_2024-10-31,2024-10-31T00:00:00+00:00,2024-10-31,2025-04-28,momentum,120,21,21,0,valid,-0.0857642182503918,0.11245229227019826,up
base,replay_base_2024-10-31,2024-10-31T00:00:00+00:00,2024-10-31,2024-11-29,research_pool,20,30,30,0,valid,0.06705153786796723,0.11245229227019826,up
base,replay_base_2024-10-31,2024-10-31T00:00:00+00:00,2024-10-31,2025-01-30,research_pool,60,30,30,0,valid,0.06576056787279548,0.11245229227019826,up
base,replay_base_2024-10-31,2024-10-31T00:00:00+00:00,2024-10-31,2025-04-28,research_pool,120,30,30,0,valid,-0.04128172829217364,0.11245229227019826,up
base,replay_base_2024-11-29,2024-11-29T00:00:00+00:00,2024-11-29,2024-12-30,low_value,20,21,21,0,valid,-0.05098860273906621,0.10541495890529795,up
base,replay_base_2024-11-29,2024-11-29T00:00:00+00:00,2024-11-29,2025-02-28,low_value,60,21,21,0,valid,-0.05169111082046292,0.10541495890529795,up
base,replay_base_2024-11-29,2024-11-29T00:00:00+00:00,2024-11-29,2025-05-27,low_value,120,21,21,0,valid,-0.01118554208068375,0.10541495890529795,up
base,replay_base_2024-11-29,2024-11-29T00:00:00+00:00,2024-11-29,2024-12-30,industry_trend,20,21,21,0,valid,-0.012806597463998396,0.10541495890529795,up
base,replay_base_2024-11-29,2024-11-29T00:00:00+00:00,2024-11-29,2025-02-28,industry_trend,60,21,21,0,valid,-0.054536865597347516,0.10541495890529795,up
base,replay_base_2024-11-29,2024-11-29T00:00:00+00:00,2024-11-29,2025-05-27,industry_trend,120,21,21,0,valid,0.010244614846694103,0.10541495890529795,up
base,replay_base_2024-11-29,2024-11-29T00:00:00+00:00,2024-11-29,2024-12-30,momentum,20,21,21,0,valid,-0.027001792645636655,0.10541495890529795,up
base,replay_base_2024-11-29,2024-11-29T00:00:00+00:00,2024-11-29,2025-02-28,momentum,60,21,21,0,valid,-0.07512105444325289,0.10541495890529795,up
base,replay_base_2024-11-29,2024-11-29T00:00:00+00:00,2024-11-29,2025-05-27,momentum,120,21,21,0,valid,0.011446618677026302,0.10541495890529795,up
base,replay_base_2024-11-29,2024-11-29T00:00:00+00:00,2024-11-29,2024-12-30,research_pool,20,30,30,0,valid,-0.04449747659827932,0.10541495890529795,up
base,replay_base_2024-11-29,2024-11-29T00:00:00+00:00,2024-11-29,2025-02-28,research_pool,60,30,30,0,valid,-0.05697879227731246,0.10541495890529795,up
base,replay_base_2024-11-29,2024-11-29T00:00:00+00:00,2024-11-29,2025-05-27,research_pool,120,30,30,0,valid,-0.008469553704724268,0.10541495890529795,up
base,replay_base_2024-12-31,2024-12-31T00:00:00+00:00,2024-12-31,2025-01-31,low_value,20,22,22,0,valid,0.015597010075842395,0.048956644848882735,up
base,replay_base_2024-12-31,2024-12-31T00:00:00+00:00,2024-12-31,2025-03-31,low_value,60,22,22,0,valid,-0.026610951791287408,0.048956644848882735,up
base,replay_base_2024-12-31,2024-12-31T00:00:00+00:00,2024-12-31,2025-06-26,low_value,120,22,22,0,valid,0.11134960311813136,0.048956644848882735,up
base,replay_base_2024-12-31,2024-12-31T00:00:00+00:00,2024-12-31,2025-01-31,industry_trend,20,22,22,0,valid,0.009151463652863763,0.048956644848882735,up
base,replay_base_2024-12-31,2024-12-31T00:00:00+00:00,2024-12-31,2025-03-31,industry_trend,60,22,22,0,valid,-0.1395754198715929,0.048956644848882735,up
base,replay_base_2024-12-31,2024-12-31T00:00:00+00:00,2024-12-31,2025-06-26,industry_trend,120,22,22,0,valid,-0.016027006918333142,0.048956644848882735,up
base,replay_base_2024-12-31,2024-12-31T00:00:00+00:00,2024-12-31,2025-01-31,momentum,20,20,20,0,valid,0.023371424701789774,0.048956644848882735,up
base,replay_base_2024-12-31,2024-12-31T00:00:00+00:00,2024-12-31,2025-03-31,momentum,60,20,20,0,valid,-0.11040110841021736,0.048956644848882735,up
base,replay_base_2024-12-31,2024-12-31T00:00:00+00:00,2024-12-31,2025-06-26,momentum,120,20,20,0,valid,0.017202190500526106,0.048956644848882735,up
base,replay_base_2024-12-31,2024-12-31T00:00:00+00:00,2024-12-31,2025-01-31,research_pool,20,30,30,0,valid,0.04213508193324702,0.048956644848882735,up
base,replay_base_2024-12-31,2024-12-31T00:00:00+00:00,2024-12-31,2025-03-31,research_pool,60,30,30,0,valid,-0.06443329267684976,0.048956644848882735,up
base,replay_base_2024-12-31,2024-12-31T00:00:00+00:00,2024-12-31,2025-06-26,research_pool,120,30,30,0,valid,0.011093418591044327,0.048956644848882735,up
base,replay_base_2025-01-31,2025-01-31T00:00:00+00:00,2025-01-31,2025-03-03,low_value,20,21,21,0,valid,-0.0009582436784266467,0.07158244599002872,up
base,replay_base_2025-01-31,2025-01-31T00:00:00+00:00,2025-01-31,2025-04-29,low_value,60,21,21,0,valid,0.003736243345720721,0.07158244599002872,up
base,replay_base_2025-01-31,2025-01-31T00:00:00+00:00,2025-01-31,2025-07-25,low_value,120,21,21,0,valid,0.21011454928487105,0.07158244599002872,up
base,replay_base_2025-01-31,2025-01-31T00:00:00+00:00,2025-01-31,2025-03-03,industry_trend,20,21,21,0,valid,-0.07426755945606622,0.07158244599002872,up
base,replay_base_2025-01-31,2025-01-31T00:00:00+00:00,2025-01-31,2025-04-29,industry_trend,60,21,21,0,valid,-0.12767967055272256,0.07158244599002872,up
base,replay_base_2025-01-31,2025-01-31T00:00:00+00:00,2025-01-31,2025-07-25,industry_trend,120,21,21,0,valid,0.042450753100437055,0.07158244599002872,up
base,replay_base_2025-01-31,2025-01-31T00:00:00+00:00,2025-01-31,2025-03-03,momentum,20,20,20,0,valid,-0.05956143653205481,0.07158244599002872,up
base,replay_base_2025-01-31,2025-01-31T00:00:00+00:00,2025-01-31,2025-04-29,momentum,60,20,20,0,valid,-0.10871079037612259,0.07158244599002872,up
base,replay_base_2025-01-31,2025-01-31T00:00:00+00:00,2025-01-31,2025-07-25,momentum,120,20,20,0,valid,0.0606249729506694,0.07158244599002872,up
base,replay_base_2025-01-31,2025-01-31T00:00:00+00:00,2025-01-31,2025-03-03,research_pool,20,30,30,0,valid,-0.057401338202418974,0.07158244599002872,up
base,replay_base_2025-01-31,2025-01-31T00:00:00+00:00,2025-01-31,2025-04-29,research_pool,60,30,30,0,valid,-0.05953881742258385,0.07158244599002872,up
base,replay_base_2025-01-31,2025-01-31T00:00:00+00:00,2025-01-31,2025-07-25,research_pool,120,30,30,0,valid,0.08300398344890032,0.07158244599002872,up
base,replay_base_2025-02-28,2025-02-28T00:00:00+00:00,2025-02-28,2025-03-28,low_value,20,19,19,0,valid,-0.06494496578017597,-0.0032565621689488733,down
base,replay_base_2025-02-28,2025-02-28T00:00:00+00:00,2025-02-28,2025-05-27,low_value,60,19,19,0,valid,0.010920003410358604,-0.0032565621689488733,down
base,replay_base_2025-02-28,2025-02-28T00:00:00+00:00,2025-02-28,2025-08-21,low_value,120,19,19,0,valid,0.10069543453392782,-0.0032565621689488733,down
base,replay_base_2025-02-28,2025-02-28T00:00:00+00:00,2025-02-28,2025-03-28,industry_trend,20,19,19,0,valid,-0.06884769645598507,-0.0032565621689488733,down
base,replay_base_2025-02-28,2025-02-28T00:00:00+00:00,2025-02-28,2025-05-27,industry_trend,60,19,19,0,valid,0.023240423501143942,-0.0032565621689488733,down
base,replay_base_2025-02-28,2025-02-28T00:00:00+00:00,2025-02-28,2025-08-21,industry_trend,120,19,19,0,valid,0.1323000129033516,-0.0032565621689488733,down
base,replay_base_2025-02-28,2025-02-28T00:00:00+00:00,2025-02-28,2025-03-28,momentum,20,19,19,0,valid,-0.04926364305378592,-0.0032565621689488733,down
base,replay_base_2025-02-28,2025-02-28T00:00:00+00:00,2025-02-28,2025-05-27,momentum,60,19,19,0,valid,0.02708083565903493,-0.0032565621689488733,down
base,replay_base_2025-02-28,2025-02-28T00:00:00+00:00,2025-02-28,2025-08-21,momentum,120,19,19,0,valid,0.11537250481012021,-0.0032565621689488733,down
base,replay_base_2025-02-28,2025-02-28T00:00:00+00:00,2025-02-28,2025-03-28,research_pool,20,30,30,0,valid,-0.0675856940388742,-0.0032565621689488733,down
base,replay_base_2025-02-28,2025-02-28T00:00:00+00:00,2025-02-28,2025-05-27,research_pool,60,30,30,0,valid,0.030213038737524248,-0.0032565621689488733,down
base,replay_base_2025-02-28,2025-02-28T00:00:00+00:00,2025-02-28,2025-08-21,research_pool,120,30,30,0,valid,0.1257646976467493,-0.0032565621689488733,down
base,replay_base_2025-03-31,2025-03-31T00:00:00+00:00,2025-03-31,2025-05-08,low_value,20,0,0,0,no_signal,,-0.0827611838115917,down
base,replay_base_2025-03-31,2025-03-31T00:00:00+00:00,2025-03-31,2025-07-03,low_value,60,0,0,0,no_signal,,-0.0827611838115917,down
base,replay_base_2025-03-31,2025-03-31T00:00:00+00:00,2025-03-31,2025-09-25,low_value,120,0,0,0,no_signal,,-0.0827611838115917,down
base,replay_base_2025-03-31,2025-03-31T00:00:00+00:00,2025-03-31,2025-05-08,industry_trend,20,0,0,0,no_signal,,-0.0827611838115917,down
base,replay_base_2025-03-31,2025-03-31T00:00:00+00:00,2025-03-31,2025-07-03,industry_trend,60,0,0,0,no_signal,,-0.0827611838115917,down
base,replay_base_2025-03-31,2025-03-31T00:00:00+00:00,2025-03-31,2025-09-25,industry_trend,120,0,0,0,no_signal,,-0.0827611838115917,down
base,replay_base_2025-03-31,2025-03-31T00:00:00+00:00,2025-03-31,2025-05-08,momentum,20,0,0,0,no_signal,,-0.0827611838115917,down
base,replay_base_2025-03-31,2025-03-31T00:00:00+00:00,2025-03-31,2025-07-03,momentum,60,0,0,0,no_signal,,-0.0827611838115917,down
base,replay_base_2025-03-31,2025-03-31T00:00:00+00:00,2025-03-31,2025-09-25,momentum,120,0,0,0,no_signal,,-0.0827611838115917,down
base,replay_base_2025-03-31,2025-03-31T00:00:00+00:00,2025-03-31,2025-04-29,research_pool,20,30,30,0,valid,0.018429278843005117,-0.0827611838115917,down
base,replay_base_2025-03-31,2025-03-31T00:00:00+00:00,2025-03-31,2025-06-26,research_pool,60,30,30,0,valid,0.16552557899079365,-0.0827611838115917,down
base,replay_base_2025-03-31,2025-03-31T00:00:00+00:00,2025-03-31,2025-09-22,research_pool,120,30,30,0,valid,0.35620791270108854,-0.0827611838115917,down
base,replay_base_2025-04-30,2025-04-30T00:00:00+00:00,2025-04-30,2025-06-07,low_value,20,0,0,0,no_signal,,-0.0825144313377223,down
base,replay_base_2025-04-30,2025-04-30T00:00:00+00:00,2025-04-30,2025-08-02,low_value,60,0,0,0,no_signal,,-0.0825144313377223,down
base,replay_base_2025-04-30,2025-04-30T00:00:00+00:00,2025-04-30,2025-10-25,low_value,120,0,0,0,no_signal,,-0.0825144313377223,down
base,replay_base_2025-04-30,2025-04-30T00:00:00+00:00,2025-04-30,2025-06-07,industry_trend,20,0,0,0,no_signal,,-0.0825144313377223,down
base,replay_base_2025-04-30,2025-04-30T00:00:00+00:00,2025-04-30,2025-08-02,industry_trend,60,0,0,0,no_signal,,-0.0825144313377223,down
base,replay_base_2025-04-30,2025-04-30T00:00:00+00:00,2025-04-30,2025-10-25,industry_trend,120,0,0,0,no_signal,,-0.0825144313377223,down
base,replay_base_2025-04-30,2025-04-30T00:00:00+00:00,2025-04-30,2025-06-07,momentum,20,0,0,0,no_signal,,-0.0825144313377223,down
base,replay_base_2025-04-30,2025-04-30T00:00:00+00:00,2025-04-30,2025-08-02,momentum,60,0,0,0,no_signal,,-0.0825144313377223,down
base,replay_base_2025-04-30,2025-04-30T00:00:00+00:00,2025-04-30,2025-10-25,momentum,120,0,0,0,no_signal,,-0.0825144313377223,down
base,replay_base_2025-04-30,2025-04-30T00:00:00+00:00,2025-04-30,2025-05-29,research_pool,20,30,30,0,valid,0.06780499702793512,-0.0825144313377223,down
base,replay_base_2025-04-30,2025-04-30T00:00:00+00:00,2025-04-30,2025-07-28,research_pool,60,30,30,0,valid,0.17749120515767297,-0.0825144313377223,down
base,replay_base_2025-04-30,2025-04-30T00:00:00+00:00,2025-04-30,2025-10-21,research_pool,120,30,30,0,valid,0.2778999693820123,-0.0825144313377223,down
base,replay_base_2025-05-30,2025-05-30T00:00:00+00:00,2025-05-30,2025-06-30,low_value,20,20,20,0,valid,0.05918095703478219,0.03415926383300816,up
base,replay_base_2025-05-30,2025-05-30T00:00:00+00:00,2025-05-30,2025-08-26,low_value,60,20,20,0,valid,0.10694360320083333,0.03415926383300816,up
base,replay_base_2025-05-30,2025-05-30T00:00:00+00:00,2025-05-30,2025-11-19,low_value,120,20,20,0,valid,0.22412697460535153,0.03415926383300816,up
base,replay_base_2025-05-30,2025-05-30T00:00:00+00:00,2025-05-30,2025-06-30,industry_trend,20,21,21,0,valid,0.10107972930012925,0.03415926383300816,up
base,replay_base_2025-05-30,2025-05-30T00:00:00+00:00,2025-05-30,2025-08-26,industry_trend,60,21,21,0,valid,0.14450993379227403,0.03415926383300816,up
base,replay_base_2025-05-30,2025-05-30T00:00:00+00:00,2025-05-30,2025-11-19,industry_trend,120,21,21,0,valid,0.22423344429747305,0.03415926383300816,up
base,replay_base_2025-05-30,2025-05-30T00:00:00+00:00,2025-05-30,2025-06-30,momentum,20,20,20,0,valid,0.10794367610466737,0.03415926383300816,up
base,replay_base_2025-05-30,2025-05-30T00:00:00+00:00,2025-05-30,2025-08-26,momentum,60,20,20,0,valid,0.1608968011419986,0.03415926383300816,up
base,replay_base_2025-05-30,2025-05-30T00:00:00+00:00,2025-05-30,2025-11-19,momentum,120,20,20,0,valid,0.23491919843726666,0.03415926383300816,up
base,replay_base_2025-05-30,2025-05-30T00:00:00+00:00,2025-05-30,2025-06-30,research_pool,20,30,30,0,valid,0.07014805102671759,0.03415926383300816,up
base,replay_base_2025-05-30,2025-05-30T00:00:00+00:00,2025-05-30,2025-08-26,research_pool,60,30,30,0,valid,0.12613465787875436,0.03415926383300816,up
base,replay_base_2025-05-30,2025-05-30T00:00:00+00:00,2025-05-30,2025-11-19,research_pool,120,30,30,0,valid,0.17029998508508468,0.03415926383300816,up
base,replay_base_2025-06-30,2025-06-30T00:00:00+00:00,2025-06-30,2025-07-29,low_value,20,20,20,0,valid,0.018841807231543002,0.1585314626564731,up
base,replay_base_2025-06-30,2025-06-30T00:00:00+00:00,2025-06-30,2025-09-24,low_value,60,20,20,0,valid,0.07681241127284118,0.1585314626564731,up
base,replay_base_2025-06-30,2025-06-30T00:00:00+00:00,2025-06-30,2025-12-18,low_value,120,20,20,0,valid,0.11884396668260142,0.1585314626564731,up
base,replay_base_2025-06-30,2025-06-30T00:00:00+00:00,2025-06-30,2025-07-29,industry_trend,20,19,19,0,valid,0.06997887647453657,0.1585314626564731,up
base,replay_base_2025-06-30,2025-06-30T00:00:00+00:00,2025-06-30,2025-09-24,industry_trend,60,19,19,0,valid,0.10247776215148094,0.1585314626564731,up
base,replay_base_2025-06-30,2025-06-30T00:00:00+00:00,2025-06-30,2025-12-18,industry_trend,120,19,19,0,valid,0.12625193830136175,0.1585314626564731,up
base,replay_base_2025-06-30,2025-06-30T00:00:00+00:00,2025-06-30,2025-07-29,momentum,20,20,20,0,valid,0.06065684872445828,0.1585314626564731,up
base,replay_base_2025-06-30,2025-06-30T00:00:00+00:00,2025-06-30,2025-09-24,momentum,60,20,20,0,valid,0.11353843508185361,0.1585314626564731,up
base,replay_base_2025-06-30,2025-06-30T00:00:00+00:00,2025-06-30,2025-12-18,momentum,120,20,20,0,valid,0.17651676850835135,0.1585314626564731,up
base,replay_base_2025-06-30,2025-06-30T00:00:00+00:00,2025-06-30,2025-07-29,research_pool,20,30,30,0,valid,0.029132020020394226,0.1585314626564731,up
base,replay_base_2025-06-30,2025-06-30T00:00:00+00:00,2025-06-30,2025-09-24,research_pool,60,30,30,0,valid,0.06149208707857533,0.1585314626564731,up
base,replay_base_2025-06-30,2025-06-30T00:00:00+00:00,2025-06-30,2025-12-18,research_pool,120,30,30,0,valid,0.09871473279562439,0.1585314626564731,up
base,replay_base_2025-07-31,2025-07-31T00:00:00+00:00,2025-07-31,2025-08-28,low_value,20,19,19,0,valid,0.05004670223239293,0.16267105669307536,up
base,replay_base_2025-07-31,2025-07-31T00:00:00+00:00,2025-07-31,2025-10-24,low_value,60,19,19,0,valid,0.13832045342512309,0.16267105669307536,up
base,replay_base_2025-07-31,2025-07-31T00:00:00+00:00,2025-07-31,2026-01-22,low_value,120,19,19,0,valid,0.23697289797368926,0.16267105669307536,up
base,replay_base_2025-07-31,2025-07-31T00:00:00+00:00,2025-07-31,2025-08-28,industry_trend,20,20,20,0,valid,0.018841546190254667,0.16267105669307536,up
base,replay_base_2025-07-31,2025-07-31T00:00:00+00:00,2025-07-31,2025-10-24,industry_trend,60,20,20,0,valid,0.12818327070919813,0.16267105669307536,up
base,replay_base_2025-07-31,2025-07-31T00:00:00+00:00,2025-07-31,2026-01-22,industry_trend,120,20,20,0,valid,0.13364474956647932,0.16267105669307536,up
base,replay_base_2025-07-31,2025-07-31T00:00:00+00:00,2025-07-31,2025-08-28,momentum,20,20,20,0,valid,0.01240920694228358,0.16267105669307536,up
base,replay_base_2025-07-31,2025-07-31T00:00:00+00:00,2025-07-31,2025-10-24,momentum,60,20,20,0,valid,0.14183183892475393,0.16267105669307536,up
base,replay_base_2025-07-31,2025-07-31T00:00:00+00:00,2025-07-31,2026-01-22,momentum,120,20,20,0,valid,0.13782951472026517,0.16267105669307536,up
base,replay_base_2025-07-31,2025-07-31T00:00:00+00:00,2025-07-31,2025-08-28,research_pool,20,30,30,0,valid,0.05445886642332393,0.16267105669307536,up
base,replay_base_2025-07-31,2025-07-31T00:00:00+00:00,2025-07-31,2025-10-24,research_pool,60,30,30,0,valid,0.08620515200791351,0.16267105669307536,up
base,replay_base_2025-07-31,2025-07-31T00:00:00+00:00,2025-07-31,2026-01-22,research_pool,120,30,30,0,valid,0.20579565704727815,0.16267105669307536,up
base,replay_base_2025-08-29,2025-08-29T00:00:00+00:00,2025-08-29,2025-09-29,low_value,20,19,19,0,valid,0.03850640160125958,0.07858007413571366,up
base,replay_base_2025-08-29,2025-08-29T00:00:00+00:00,2025-08-29,2025-11-24,low_value,60,19,19,0,valid,0.015484316384962954,0.07858007413571366,up
base,replay_base_2025-08-29,2025-08-29T00:00:00+00:00,2025-08-29,2026-02-23,low_value,120,19,19,0,valid,0.08267047504381639,0.07858007413571366,up
base,replay_base_2025-08-29,2025-08-29T00:00:00+00:00,2025-08-29,2025-09-29,industry_trend,20,21,21,0,valid,0.03156803893667985,0.07858007413571366,up
base,replay_base_2025-08-29,2025-08-29T00:00:00+00:00,2025-08-29,2025-11-24,industry_trend,60,21,21,0,valid,0.053416383027477345,0.07858007413571366,up
base,replay_base_2025-08-29,2025-08-29T00:00:00+00:00,2025-08-29,2026-02-23,industry_trend,120,21,21,0,valid,0.10048811630825998,0.07858007413571366,up
base,replay_base_2025-08-29,2025-08-29T00:00:00+00:00,2025-08-29,2025-09-29,momentum,20,19,19,0,valid,0.04234350944777867,0.07858007413571366,up
base,replay_base_2025-08-29,2025-08-29T00:00:00+00:00,2025-08-29,2025-11-24,momentum,60,19,19,0,valid,0.09247447245889932,0.07858007413571366,up
base,replay_base_2025-08-29,2025-08-29T00:00:00+00:00,2025-08-29,2026-02-23,momentum,120,19,19,0,valid,0.26974295898556233,0.07858007413571366,up
base,replay_base_2025-08-29,2025-08-29T00:00:00+00:00,2025-08-29,2025-09-29,research_pool,20,30,30,0,valid,0.021618176092983055,0.07858007413571366,up
base,replay_base_2025-08-29,2025-08-29T00:00:00+00:00,2025-08-29,2025-11-24,research_pool,60,30,30,0,valid,0.04017964013181604,0.07858007413571366,up
base,replay_base_2025-08-29,2025-08-29T00:00:00+00:00,2025-08-29,2026-02-23,research_pool,120,30,30,0,valid,0.11899300890315612,0.07858007413571366,up
base,replay_base_2025-09-30,2025-09-30T00:00:00+00:00,2025-09-30,2025-10-28,low_value,20,20,20,0,valid,0.029409359148073615,0.08710138891403951,up
base,replay_base_2025-09-30,2025-09-30T00:00:00+00:00,2025-09-30,2025-12-24,low_value,60,20,20,0,valid,0.009549465424211612,0.08710138891403951,up
base,replay_base_2025-09-30,2025-09-30T00:00:00+00:00,2025-09-30,2026-03-24,low_value,120,20,20,0,valid,-0.135582512635598,0.08710138891403951,up
base,replay_base_2025-09-30,2025-09-30T00:00:00+00:00,2025-09-30,2025-10-28,industry_trend,20,20,20,0,valid,0.05170535472611726,0.08710138891403951,up
base,replay_base_2025-09-30,2025-09-30T00:00:00+00:00,2025-09-30,2025-12-24,industry_trend,60,20,20,0,valid,0.0736479436773183,0.08710138891403951,up
base,replay_base_2025-09-30,2025-09-30T00:00:00+00:00,2025-09-30,2026-03-24,industry_trend,120,20,20,0,valid,0.11998206400884237,0.08710138891403951,up
base,replay_base_2025-09-30,2025-09-30T00:00:00+00:00,2025-09-30,2025-10-28,momentum,20,21,21,0,valid,0.08089050538829655,0.08710138891403951,up
base,replay_base_2025-09-30,2025-09-30T00:00:00+00:00,2025-09-30,2025-12-24,momentum,60,21,21,0,valid,0.09926669714830437,0.08710138891403951,up
base,replay_base_2025-09-30,2025-09-30T00:00:00+00:00,2025-09-30,2026-03-24,momentum,120,21,21,0,valid,0.22168272917406123,0.08710138891403951,up
base,replay_base_2025-09-30,2025-09-30T00:00:00+00:00,2025-09-30,2025-10-28,research_pool,20,30,30,0,valid,0.01704965202247677,0.08710138891403951,up
base,replay_base_2025-09-30,2025-09-30T00:00:00+00:00,2025-09-30,2025-12-24,research_pool,60,30,30,0,valid,0.05211712127233056,0.08710138891403951,up
base,replay_base_2025-09-30,2025-09-30T00:00:00+00:00,2025-09-30,2026-03-24,research_pool,120,30,30,0,valid,0.01881500705815454,0.08710138891403951,up
base,replay_base_2025-10-31,2025-10-31T00:00:00+00:00,2025-10-31,2025-12-01,low_value,20,20,20,0,valid,-0.03175589066420662,0.10547767119918472,up
base,replay_base_2025-10-31,2025-10-31T00:00:00+00:00,2025-10-31,2026-01-29,low_value,60,20,20,0,valid,0.04293808482966592,0.10547767119918472,up
base,replay_base_2025-10-31,2025-10-31T00:00:00+00:00,2025-10-31,2026-04-27,low_value,120,20,20,0,valid,0.06457694728643038,0.10547767119918472,up
base,replay_base_2025-10-31,2025-10-31T00:00:00+00:00,2025-10-31,2025-12-01,industry_trend,20,24,24,0,valid,-0.048962161923270985,0.10547767119918472,up
base,replay_base_2025-10-31,2025-10-31T00:00:00+00:00,2025-10-31,2026-01-29,industry_trend,60,24,24,0,valid,0.055860560540730596,0.10547767119918472,up
base,replay_base_2025-10-31,2025-10-31T00:00:00+00:00,2025-10-31,2026-04-27,industry_trend,120,24,24,0,valid,0.18690090603394918,0.10547767119918472,up
base,replay_base_2025-10-31,2025-10-31T00:00:00+00:00,2025-10-31,2025-12-01,momentum,20,21,21,0,valid,-0.042111537120706644,0.10547767119918472,up
base,replay_base_2025-10-31,2025-10-31T00:00:00+00:00,2025-10-31,2026-01-29,momentum,60,21,21,0,valid,0.08795581714961577,0.10547767119918472,up
base,replay_base_2025-10-31,2025-10-31T00:00:00+00:00,2025-10-31,2026-04-27,momentum,120,21,21,0,valid,0.26491112912920867,0.10547767119918472,up
base,replay_base_2025-10-31,2025-10-31T00:00:00+00:00,2025-10-31,2025-12-01,research_pool,20,30,30,0,valid,-0.014186812814774904,0.10547767119918472,up
base,replay_base_2025-10-31,2025-10-31T00:00:00+00:00,2025-10-31,2026-01-29,research_pool,60,30,30,0,valid,0.0321081057616014,0.10547767119918472,up
base,replay_base_2025-10-31,2025-10-31T00:00:00+00:00,2025-10-31,2026-04-27,research_pool,120,30,30,0,valid,0.09055775541650385,0.10547767119918472,up
base,replay_base_2025-11-28,2025-11-28T00:00:00+00:00,2025-11-28,2025-12-29,low_value,20,20,20,0,valid,0.03658162122590256,0.07620901853075135,up
base,replay_base_2025-11-28,2025-11-28T00:00:00+00:00,2025-11-28,2026-02-26,low_value,60,20,20,0,valid,-0.03277580724751067,0.07620901853075135,up
base,replay_base_2025-11-28,2025-11-28T00:00:00+00:00,2025-11-28,2026-05-22,low_value,120,20,20,0,valid,-0.010431923133138394,0.07620901853075135,up
base,replay_base_2025-11-28,2025-11-28T00:00:00+00:00,2025-11-28,2025-12-29,industry_trend,20,21,21,0,valid,0.025241439349123627,0.07620901853075135,up
base,replay_base_2025-11-28,2025-11-28T00:00:00+00:00,2025-11-28,2026-02-26,industry_trend,60,21,21,0,valid,0.14929908604860923,0.07620901853075135,up
base,replay_base_2025-11-28,2025-11-28T00:00:00+00:00,2025-11-28,2026-05-22,industry_trend,120,21,21,0,valid,0.29765022800337837,0.07620901853075135,up
base,replay_base_2025-11-28,2025-11-28T00:00:00+00:00,2025-11-28,2025-12-29,momentum,20,21,21,0,valid,0.03339980840686251,0.07620901853075135,up
base,replay_base_2025-11-28,2025-11-28T00:00:00+00:00,2025-11-28,2026-02-26,momentum,60,21,21,0,valid,0.16046790275167636,0.07620901853075135,up
base,replay_base_2025-11-28,2025-11-28T00:00:00+00:00,2025-11-28,2026-05-22,momentum,120,21,21,0,valid,0.3680405978483386,0.07620901853075135,up
base,replay_base_2025-11-28,2025-11-28T00:00:00+00:00,2025-11-28,2025-12-29,research_pool,20,30,30,0,valid,0.014000829967540299,0.07620901853075135,up
base,replay_base_2025-11-28,2025-11-28T00:00:00+00:00,2025-11-28,2026-02-26,research_pool,60,30,30,0,valid,0.07658955440121659,0.07620901853075135,up
base,replay_base_2025-11-28,2025-11-28T00:00:00+00:00,2025-11-28,2026-05-22,research_pool,120,30,30,0,valid,0.31493631144305334,0.07620901853075135,up
base,replay_base_2025-12-31,2025-12-31T00:00:00+00:00,2025-12-31,2026-01-30,low_value,20,19,19,0,valid,-0.033630878545474197,0.01081161137440767,up
base,replay_base_2025-12-31,2025-12-31T00:00:00+00:00,2025-12-31,2026-03-30,low_value,60,19,19,0,valid,-0.1360761178010297,0.01081161137440767,up
base,replay_base_2025-12-31,2025-12-31T00:00:00+00:00,2025-12-31,2026-06-25,low_value,120,19,19,0,valid,-0.12664446383627423,0.01081161137440767,up
base,replay_base_2025-12-31,2025-12-31T00:00:00+00:00,2025-12-31,2026-01-30,industry_trend,20,20,20,0,valid,0.06954853788745245,0.01081161137440767,up
base,replay_base_2025-12-31,2025-12-31T00:00:00+00:00,2025-12-31,2026-03-30,industry_trend,60,20,20,0,valid,-0.03483267440294703,0.01081161137440767,up
base,replay_base_2025-12-31,2025-12-31T00:00:00+00:00,2025-12-31,2026-06-25,industry_trend,120,20,20,0,valid,0.3357096311465034,0.01081161137440767,up
base,replay_base_2025-12-31,2025-12-31T00:00:00+00:00,2025-12-31,2026-01-30,momentum,20,21,21,0,valid,0.09143478725416535,0.01081161137440767,up
base,replay_base_2025-12-31,2025-12-31T00:00:00+00:00,2025-12-31,2026-03-30,momentum,60,21,21,0,valid,-0.009682466602106962,0.01081161137440767,up
base,replay_base_2025-12-31,2025-12-31T00:00:00+00:00,2025-12-31,2026-06-25,momentum,120,21,21,0,valid,0.37214269161332025,0.01081161137440767,up
base,replay_base_2025-12-31,2025-12-31T00:00:00+00:00,2025-12-31,2026-01-30,research_pool,20,30,30,0,valid,0.023588576964026147,0.01081161137440767,up
base,replay_base_2025-12-31,2025-12-31T00:00:00+00:00,2025-12-31,2026-03-30,research_pool,60,30,30,0,valid,-0.02812903889409932,0.01081161137440767,up
base,replay_base_2025-12-31,2025-12-31T00:00:00+00:00,2025-12-31,2026-06-25,research_pool,120,30,30,0,valid,0.1277924931203859,0.01081161137440767,up
base,replay_base_2026-01-30,2026-01-30T00:00:00+00:00,2026-01-30,2026-03-02,low_value,20,19,19,0,valid,-0.05699081915440736,-0.016499509602303175,down
base,replay_base_2026-01-30,2026-01-30T00:00:00+00:00,2026-01-30,2026-04-28,low_value,60,19,19,0,valid,-0.0688565898133276,-0.016499509602303175,down
base,replay_base_2026-01-30,2026-01-30T00:00:00+00:00,2026-01-30,2026-07-24,low_value,120,19,19,0,valid,-0.012532045994578484,-0.016499509602303175,down
base,replay_base_2026-01-30,2026-01-30T00:00:00+00:00,2026-01-30,2026-03-02,industry_trend,20,22,22,0,valid,0.03385336120327387,-0.016499509602303175,down
base,replay_base_2026-01-30,2026-01-30T00:00:00+00:00,2026-01-30,2026-04-28,industry_trend,60,22,22,0,valid,0.11547678405541313,-0.016499509602303175,down
base,replay_base_2026-01-30,2026-01-30T00:00:00+00:00,2026-01-30,2026-07-24,industry_trend,120,22,22,0,valid,0.2294842056814104,-0.016499509602303175,down
base,replay_base_2026-01-30,2026-01-30T00:00:00+00:00,2026-01-30,2026-03-02,momentum,20,20,20,0,valid,0.05252824207567536,-0.016499509602303175,down
base,replay_base_2026-01-30,2026-01-30T00:00:00+00:00,2026-01-30,2026-04-28,momentum,60,20,20,0,valid,0.12908663174163706,-0.016499509602303175,down
base,replay_base_2026-01-30,2026-01-30T00:00:00+00:00,2026-01-30,2026-07-24,momentum,120,20,20,0,valid,0.256840600381434,-0.016499509602303175,down
base,replay_base_2026-01-30,2026-01-30T00:00:00+00:00,2026-01-30,2026-03-02,research_pool,20,30,30,0,valid,0.019064989049848265,-0.016499509602303175,down
base,replay_base_2026-01-30,2026-01-30T00:00:00+00:00,2026-01-30,2026-04-28,research_pool,60,30,30,0,valid,0.10920652887711296,-0.016499509602303175,down
base,replay_base_2026-01-30,2026-01-30T00:00:00+00:00,2026-01-30,2026-07-24,research_pool,120,30,30,0,valid,0.17045433363465387,-0.016499509602303175,down
base,replay_base_2026-02-27,2026-02-27T00:00:00+00:00,2026-02-27,2026-03-27,low_value,20,20,20,0,valid,-0.05478108672699465,-0.01606318347509106,down
base,replay_base_2026-02-27,2026-02-27T00:00:00+00:00,2026-02-27,2026-05-26,low_value,60,20,20,0,valid,0.08052419793536199,-0.01606318347509106,down
base,replay_base_2026-02-27,2026-02-27T00:00:00+00:00,2026-02-27,2026-08-20,low_value,120,20,20,0,valid,0.22399879098875086,-0.01606318347509106,down
base,replay_base_2026-02-27,2026-02-27T00:00:00+00:00,2026-02-27,2026-03-27,industry_trend,20,20,20,0,valid,-0.06881604208738414,-0.01606318347509106,down
base,replay_base_2026-02-27,2026-02-27T00:00:00+00:00,2026-02-27,2026-05-26,industry_trend,60,20,20,0,valid,0.20912489376627802,-0.01606318347509106,down
base,replay_base_2026-02-27,2026-02-27T00:00:00+00:00,2026-02-27,2026-08-20,industry_trend,120,20,20,0,valid,0.1882919203991587,-0.01606318347509106,down
base,replay_base_2026-02-27,2026-02-27T00:00:00+00:00,2026-02-27,2026-03-27,momentum,20,20,20,0,valid,-0.0689181688868836,-0.01606318347509106,down
base,replay_base_2026-02-27,2026-02-27T00:00:00+00:00,2026-02-27,2026-05-26,momentum,60,20,20,0,valid,0.19514904134751515,-0.01606318347509106,down
base,replay_base_2026-02-27,2026-02-27T00:00:00+00:00,2026-02-27,2026-08-20,momentum,120,20,20,0,valid,0.16565967599340903,-0.01606318347509106,down
base,replay_base_2026-02-27,2026-02-27T00:00:00+00:00,2026-02-27,2026-03-27,research_pool,20,30,30,0,valid,-0.05832734534386013,-0.01606318347509106,down
base,replay_base_2026-02-27,2026-02-27T00:00:00+00:00,2026-02-27,2026-05-26,research_pool,60,30,30,0,valid,0.21011515517661503,-0.01606318347509106,down
base,replay_base_2026-02-27,2026-02-27T00:00:00+00:00,2026-02-27,2026-08-20,research_pool,120,30,30,0,valid,0.19535377414251356,-0.01606318347509106,down
base,replay_base_2026-03-31,2026-03-31T00:00:00+00:00,2026-03-31,2026-05-08,low_value,20,0,0,0,no_signal,,-0.05867097279311029,down
base,replay_base_2026-03-31,2026-03-31T00:00:00+00:00,2026-03-31,2026-07-03,low_value,60,0,0,0,no_signal,,-0.05867097279311029,down
base,replay_base_2026-03-31,2026-03-31T00:00:00+00:00,2026-03-31,2026-09-25,low_value,120,0,0,0,no_signal,,-0.05867097279311029,down
base,replay_base_2026-03-31,2026-03-31T00:00:00+00:00,2026-03-31,2026-05-08,industry_trend,20,0,0,0,no_signal,,-0.05867097279311029,down
base,replay_base_2026-03-31,2026-03-31T00:00:00+00:00,2026-03-31,2026-07-03,industry_trend,60,0,0,0,no_signal,,-0.05867097279311029,down
base,replay_base_2026-03-31,2026-03-31T00:00:00+00:00,2026-03-31,2026-09-25,industry_trend,120,0,0,0,no_signal,,-0.05867097279311029,down
base,replay_base_2026-03-31,2026-03-31T00:00:00+00:00,2026-03-31,2026-05-08,momentum,20,0,0,0,no_signal,,-0.05867097279311029,down
base,replay_base_2026-03-31,2026-03-31T00:00:00+00:00,2026-03-31,2026-07-03,momentum,60,0,0,0,no_signal,,-0.05867097279311029,down
base,replay_base_2026-03-31,2026-03-31T00:00:00+00:00,2026-03-31,2026-09-25,momentum,120,0,0,0,no_signal,,-0.05867097279311029,down
base,replay_base_2026-03-31,2026-03-31T00:00:00+00:00,2026-03-31,2026-04-29,research_pool,20,30,30,0,valid,0.10418022874602025,-0.05867097279311029,down
base,replay_base_2026-03-31,2026-03-31T00:00:00+00:00,2026-03-31,2026-06-26,research_pool,60,30,30,0,valid,0.22821257864166253,-0.05867097279311029,down
base,replay_base_2026-03-31,2026-03-31T00:00:00+00:00,2026-03-31,2026-09-22,research_pool,120,30,30,0,valid,0.3130452197778703,-0.05867097279311029,down
loose,replay_loose_2023-01-31,2023-01-31T00:00:00+00:00,2023-01-31,2023-03-01,low_value,20,22,22,0,valid,-0.0005026369506293589,0.10936264729134515,up
loose,replay_loose_2023-01-31,2023-01-31T00:00:00+00:00,2023-01-31,2023-04-27,low_value,60,22,22,0,valid,-0.02380732256671809,0.10936264729134515,up
loose,replay_loose_2023-01-31,2023-01-31T00:00:00+00:00,2023-01-31,2023-07-25,low_value,120,22,22,0,valid,0.23285296997636615,0.10936264729134515,up
loose,replay_loose_2023-01-31,2023-01-31T00:00:00+00:00,2023-01-31,2023-03-01,industry_trend,20,20,20,0,valid,-0.015075265030005424,0.10936264729134515,up
loose,replay_loose_2023-01-31,2023-01-31T00:00:00+00:00,2023-01-31,2023-04-27,industry_trend,60,20,20,0,valid,0.014001673962135553,0.10936264729134515,up
loose,replay_loose_2023-01-31,2023-01-31T00:00:00+00:00,2023-01-31,2023-07-25,industry_trend,120,20,20,0,valid,0.2086863803339647,0.10936264729134515,up
loose,replay_loose_2023-01-31,2023-01-31T00:00:00+00:00,2023-01-31,2023-03-01,momentum,20,19,19,0,valid,-0.012951006370087977,0.10936264729134515,up
loose,replay_loose_2023-01-31,2023-01-31T00:00:00+00:00,2023-01-31,2023-04-27,momentum,60,19,19,0,valid,0.02348858287716668,0.10936264729134515,up
loose,replay_loose_2023-01-31,2023-01-31T00:00:00+00:00,2023-01-31,2023-07-25,momentum,120,19,19,0,valid,0.21980770251737525,0.10936264729134515,up
loose,replay_loose_2023-01-31,2023-01-31T00:00:00+00:00,2023-01-31,2023-03-01,research_pool,20,30,30,0,valid,-0.0010040204119230493,0.10936264729134515,up
loose,replay_loose_2023-01-31,2023-01-31T00:00:00+00:00,2023-01-31,2023-04-27,research_pool,60,30,30,0,valid,-0.028044175415204826,0.10936264729134515,up
loose,replay_loose_2023-01-31,2023-01-31T00:00:00+00:00,2023-01-31,2023-07-25,research_pool,120,30,30,0,valid,0.15707692606708473,0.10936264729134515,up
loose,replay_loose_2023-02-28,2023-02-28T00:00:00+00:00,2023-02-28,2023-03-28,low_value,20,21,21,0,valid,-0.0076655327180115565,0.00044303581774185474,up
loose,replay_loose_2023-02-28,2023-02-28T00:00:00+00:00,2023-02-28,2023-05-24,low_value,60,21,21,0,valid,0.05132240449094717,0.00044303581774185474,up
loose,replay_loose_2023-02-28,2023-02-28T00:00:00+00:00,2023-02-28,2023-08-21,low_value,120,21,21,0,valid,0.1594925523153187,0.00044303581774185474,up
loose,replay_loose_2023-02-28,2023-02-28T00:00:00+00:00,2023-02-28,2023-03-28,industry_trend,20,19,19,0,valid,0.0007365292679697783,0.00044303581774185474,up
loose,replay_loose_2023-02-28,2023-02-28T00:00:00+00:00,2023-02-28,2023-05-24,industry_trend,60,19,19,0,valid,0.02344716504765575,0.00044303581774185474,up
loose,replay_loose_2023-02-28,2023-02-28T00:00:00+00:00,2023-02-28,2023-08-21,industry_trend,120,19,19,0,valid,0.19781467529086494,0.00044303581774185474,up
loose,replay_loose_2023-02-28,2023-02-28T00:00:00+00:00,2023-02-28,2023-03-28,momentum,20,21,21,0,valid,-0.0016818402795441424,0.00044303581774185474,up
loose,replay_loose_2023-02-28,2023-02-28T00:00:00+00:00,2023-02-28,2023-05-24,momentum,60,21,21,0,valid,0.052253439381674406,0.00044303581774185474,up
loose,replay_loose_2023-02-28,2023-02-28T00:00:00+00:00,2023-02-28,2023-08-21,momentum,120,21,21,0,valid,0.24400451619438496,0.00044303581774185474,up
loose,replay_loose_2023-02-28,2023-02-28T00:00:00+00:00,2023-02-28,2023-03-28,research_pool,20,30,30,0,valid,-0.02359248269796552,0.00044303581774185474,up
loose,replay_loose_2023-02-28,2023-02-28T00:00:00+00:00,2023-02-28,2023-05-24,research_pool,60,30,30,0,valid,-0.008954492163817407,0.00044303581774185474,up
loose,replay_loose_2023-02-28,2023-02-28T00:00:00+00:00,2023-02-28,2023-08-21,research_pool,120,30,30,0,valid,0.11032147940771017,0.00044303581774185474,up
loose,replay_loose_2023-03-31,2023-03-31T00:00:00+00:00,2023-03-31,2023-05-01,low_value,20,20,20,0,valid,-0.0788585541621631,0.2072170379289584,up
loose,replay_loose_2023-03-31,2023-03-31T00:00:00+00:00,2023-03-31,2023-06-28,low_value,60,20,20,0,valid,0.0912481489551272,0.2072170379289584,up
loose,replay_loose_2023-03-31,2023-03-31T00:00:00+00:00,2023-03-31,2023-09-22,low_value,120,20,20,0,valid,0.08219995063217947,0.2072170379289584,up
loose,replay_loose_2023-03-31,2023-03-31T00:00:00+00:00,2023-03-31,2023-05-01,industry_trend,20,22,22,0,valid,-0.008587588909724598,0.2072170379289584,up
loose,replay_loose_2023-03-31,2023-03-31T00:00:00+00:00,2023-03-31,2023-06-28,industry_trend,60,22,22,0,valid,0.07116446768162399,0.2072170379289584,up
loose,replay_loose_2023-03-31,2023-03-31T00:00:00+00:00,2023-03-31,2023-09-22,industry_trend,120,22,22,0,valid,0.05104154716852136,0.2072170379289584,up
loose,replay_loose_2023-03-31,2023-03-31T00:00:00+00:00,2023-03-31,2023-05-01,momentum,20,23,23,0,valid,-0.00929548426050975,0.2072170379289584,up
loose,replay_loose_2023-03-31,2023-03-31T00:00:00+00:00,2023-03-31,2023-06-28,momentum,60,23,23,0,valid,0.08277011260000039,0.2072170379289584,up
loose,replay_loose_2023-03-31,2023-03-31T00:00:00+00:00,2023-03-31,2023-09-22,momentum,120,23,23,0,valid,0.07329009790331407,0.2072170379289584,up
loose,replay_loose_2023-03-31,2023-03-31T00:00:00+00:00,2023-03-31,2023-05-01,research_pool,20,30,30,0,valid,-0.03851341636962705,0.2072170379289584,up
loose,replay_loose_2023-03-31,2023-03-31T00:00:00+00:00,2023-03-31,2023-06-28,research_pool,60,30,30,0,valid,0.037222076870328476,0.2072170379289584,up
loose,replay_loose_2023-03-31,2023-03-31T00:00:00+00:00,2023-03-31,2023-09-22,research_pool,120,30,30,0,valid,0.04465026859720904,0.2072170379289584,up
loose,replay_loose_2023-04-28,2023-04-28T00:00:00+00:00,2023-04-28,2023-05-26,low_value,20,21,21,0,valid,0.10151006251197917,0.07172280911567341,up
loose,replay_loose_2023-04-28,2023-04-28T00:00:00+00:00,2023-04-28,2023-07-26,low_value,60,21,21,0,valid,0.19354185868638685,0.07172280911567341,up
loose,replay_loose_2023-04-28,2023-04-28T00:00:00+00:00,2023-04-28,2023-10-19,low_value,120,21,21,0,valid,0.15315670181468566,0.07172280911567341,up
loose,replay_loose_2023-04-28,2023-04-28T00:00:00+00:00,2023-04-28,2023-05-26,industry_trend,20,19,19,0,valid,0.08401178934663049,0.07172280911567341,up
loose,replay_loose_2023-04-28,2023-04-28T00:00:00+00:00,2023-04-28,2023-07-26,industry_trend,60,19,19,0,valid,0.1661842707807894,0.07172280911567341,up
loose,replay_loose_2023-04-28,2023-04-28T00:00:00+00:00,2023-04-28,2023-10-19,industry_trend,120,19,19,0,valid,0.13690637195645922,0.07172280911567341,up
loose,replay_loose_2023-04-28,2023-04-28T00:00:00+00:00,2023-04-28,2023-05-26,momentum,20,19,19,0,valid,0.0941373339873943,0.07172280911567341,up
loose,replay_loose_2023-04-28,2023-04-28T00:00:00+00:00,2023-04-28,2023-07-26,momentum,60,19,19,0,valid,0.20465522932310576,0.07172280911567341,up
loose,replay_loose_2023-04-28,2023-04-28T00:00:00+00:00,2023-04-28,2023-10-19,momentum,120,19,19,0,valid,0.16500182141275427,0.07172280911567341,up
loose,replay_loose_2023-04-28,2023-04-28T00:00:00+00:00,2023-04-28,2023-05-26,research_pool,20,30,30,0,valid,0.022807171998817835,0.07172280911567341,up
loose,replay_loose_2023-04-28,2023-04-28T00:00:00+00:00,2023-04-28,2023-07-26,research_pool,60,30,30,0,valid,0.14319094438937083,0.07172280911567341,up
loose,replay_loose_2023-04-28,2023-04-28T00:00:00+00:00,2023-04-28,2023-10-19,research_pool,120,30,30,0,valid,0.059627857865285,0.07172280911567341,up
loose,replay_loose_2023-05-31,2023-05-31T00:00:00+00:00,2023-05-31,2023-06-29,low_value,20,21,21,0,valid,0.06266662820986027,0.15848415158484164,up
loose,replay_loose_2023-05-31,2023-05-31T00:00:00+00:00,2023-05-31,2023-08-25,low_value,60,21,21,0,valid,0.08200333708054988,0.15848415158484164,up
loose,replay_loose_2023-05-31,2023-05-31T00:00:00+00:00,2023-05-31,2023-11-20,low_value,120,21,21,0,valid,0.1847894466725165,0.15848415158484164,up
loose,replay_loose_2023-05-31,2023-05-31T00:00:00+00:00,2023-05-31,2023-06-29,industry_trend,20,20,20,0,valid,0.05763608424193887,0.15848415158484164,up
loose,replay_loose_2023-05-31,2023-05-31T00:00:00+00:00,2023-05-31,2023-08-25,industry_trend,60,20,20,0,valid,0.0704160055895674,0.15848415158484164,up
loose,replay_loose_2023-05-31,2023-05-31T00:00:00+00:00,2023-05-31,2023-11-20,industry_trend,120,20,20,0,valid,0.14801296664831426,0.15848415158484164,up
loose,replay_loose_2023-05-31,2023-05-31T00:00:00+00:00,2023-05-31,2023-06-29,momentum,20,22,22,0,valid,0.05486515927829719,0.15848415158484164,up
loose,replay_loose_2023-05-31,2023-05-31T00:00:00+00:00,2023-05-31,2023-08-25,momentum,60,22,22,0,valid,0.06294606968077344,0.15848415158484164,up
loose,replay_loose_2023-05-31,2023-05-31T00:00:00+00:00,2023-05-31,2023-11-20,momentum,120,22,22,0,valid,0.13772586805491757,0.15848415158484164,up
loose,replay_loose_2023-05-31,2023-05-31T00:00:00+00:00,2023-05-31,2023-06-29,research_pool,20,30,30,0,valid,0.07866729699827131,0.15848415158484164,up
loose,replay_loose_2023-05-31,2023-05-31T00:00:00+00:00,2023-05-31,2023-08-25,research_pool,60,30,30,0,valid,0.10812106845216765,0.15848415158484164,up
loose,replay_loose_2023-05-31,2023-05-31T00:00:00+00:00,2023-05-31,2023-11-20,research_pool,120,30,30,0,valid,0.09954952294131071,0.15848415158484164,up
loose,replay_loose_2023-06-30,2023-06-30T00:00:00+00:00,2023-06-30,2023-07-31,low_value,20,23,23,0,valid,0.061436844401169186,0.1580514250795193,up
loose,replay_loose_2023-06-30,2023-06-30T00:00:00+00:00,2023-06-30,2023-09-26,low_value,60,23,23,0,valid,-0.03319980536484383,0.1580514250795193,up
loose,replay_loose_2023-06-30,2023-06-30T00:00:00+00:00,2023-06-30,2023-12-20,low_value,120,23,23,0,valid,0.17734950327325077,0.1580514250795193,up
loose,replay_loose_2023-06-30,2023-06-30T00:00:00+00:00,2023-06-30,2023-07-31,industry_trend,20,21,21,0,valid,0.027787556595774948,0.1580514250795193,up
loose,replay_loose_2023-06-30,2023-06-30T00:00:00+00:00,2023-06-30,2023-09-26,industry_trend,60,21,21,0,valid,-0.0714615254329457,0.1580514250795193,up
loose,replay_loose_2023-06-30,2023-06-30T00:00:00+00:00,2023-06-30,2023-12-20,industry_trend,120,21,21,0,valid,0.05230714748390172,0.1580514250795193,up
loose,replay_loose_2023-06-30,2023-06-30T00:00:00+00:00,2023-06-30,2023-07-31,momentum,20,20,20,0,valid,0.04458294820800064,0.1580514250795193,up
loose,replay_loose_2023-06-30,2023-06-30T00:00:00+00:00,2023-06-30,2023-09-26,momentum,60,20,20,0,valid,-0.06123536972592951,0.1580514250795193,up
loose,replay_loose_2023-06-30,2023-06-30T00:00:00+00:00,2023-06-30,2023-12-20,momentum,120,20,20,0,valid,0.04487538679138399,0.1580514250795193,up
loose,replay_loose_2023-06-30,2023-06-30T00:00:00+00:00,2023-06-30,2023-07-31,research_pool,20,30,30,0,valid,0.05638287389005787,0.1580514250795193,up
loose,replay_loose_2023-06-30,2023-06-30T00:00:00+00:00,2023-06-30,2023-09-26,research_pool,60,30,30,0,valid,-0.03814874015250611,0.1580514250795193,up
loose,replay_loose_2023-06-30,2023-06-30T00:00:00+00:00,2023-06-30,2023-12-20,research_pool,120,30,30,0,valid,0.05766317712223089,0.1580514250795193,up
loose,replay_loose_2023-07-31,2023-07-31T00:00:00+00:00,2023-07-31,2023-08-28,low_value,20,24,24,0,valid,-0.0728606561956946,0.20940271935214505,up
loose,replay_loose_2023-07-31,2023-07-31T00:00:00+00:00,2023-07-31,2023-10-24,low_value,60,24,24,0,valid,-0.09802685222329381,0.20940271935214505,up
loose,replay_loose_2023-07-31,2023-07-31T00:00:00+00:00,2023-07-31,2024-01-22,low_value,120,24,24,0,valid,0.1105922770595507,0.20940271935214505,up
loose,replay_loose_2023-07-31,2023-07-31T00:00:00+00:00,2023-07-31,2023-08-28,industry_trend,20,20,20,0,valid,-0.07024744033238348,0.20940271935214505,up
loose,replay_loose_2023-07-31,2023-07-31T00:00:00+00:00,2023-07-31,2023-10-24,industry_trend,60,20,20,0,valid,-0.09815739719044461,0.20940271935214505,up
loose,replay_loose_2023-07-31,2023-07-31T00:00:00+00:00,2023-07-31,2024-01-22,industry_trend,120,20,20,0,valid,0.10731117303104984,0.20940271935214505,up
loose,replay_loose_2023-07-31,2023-07-31T00:00:00+00:00,2023-07-31,2023-08-28,momentum,20,20,20,0,valid,-0.06861996271099399,0.20940271935214505,up
loose,replay_loose_2023-07-31,2023-07-31T00:00:00+00:00,2023-07-31,2023-10-24,momentum,60,20,20,0,valid,-0.09336995233360115,0.20940271935214505,up
loose,replay_loose_2023-07-31,2023-07-31T00:00:00+00:00,2023-07-31,2024-01-22,momentum,120,20,20,0,valid,0.07870981717761734,0.20940271935214505,up
loose,replay_loose_2023-07-31,2023-07-31T00:00:00+00:00,2023-07-31,2023-08-28,research_pool,20,30,30,0,valid,-0.0398563580412752,0.20940271935214505,up
loose,replay_loose_2023-07-31,2023-07-31T00:00:00+00:00,2023-07-31,2023-10-24,research_pool,60,30,30,0,valid,-0.10078340723343805,0.20940271935214505,up
loose,replay_loose_2023-07-31,2023-07-31T00:00:00+00:00,2023-07-31,2024-01-22,research_pool,120,30,30,0,valid,0.01392040970213767,0.20940271935214505,up
loose,replay_loose_2023-08-31,2023-08-31T00:00:00+00:00,2023-08-31,2023-09-29,low_value,20,21,21,0,valid,-0.07185456798369738,0.06465335098740743,up
loose,replay_loose_2023-08-31,2023-08-31T00:00:00+00:00,2023-08-31,2023-11-27,low_value,60,21,21,0,valid,-0.0009287933690195574,0.06465335098740743,up
loose,replay_loose_2023-08-31,2023-08-31T00:00:00+00:00,2023-08-31,2024-02-23,low_value,120,21,21,0,valid,0.10367364065826999,0.06465335098740743,up
loose,replay_loose_2023-08-31,2023-08-31T00:00:00+00:00,2023-08-31,2023-09-29,industry_trend,20,21,21,0,valid,-0.06909345121797518,0.06465335098740743,up
loose,replay_loose_2023-08-31,2023-08-31T00:00:00+00:00,2023-08-31,2023-11-27,industry_trend,60,21,21,0,valid,0.01682610067338194,0.06465335098740743,up
loose,replay_loose_2023-08-31,2023-08-31T00:00:00+00:00,2023-08-31,2024-02-23,industry_trend,120,21,21,0,valid,0.16465246113180743,0.06465335098740743,up
loose,replay_loose_2023-08-31,2023-08-31T00:00:00+00:00,2023-08-31,2023-09-29,momentum,20,20,20,0,valid,-0.07809307807313111,0.06465335098740743,up
loose,replay_loose_2023-08-31,2023-08-31T00:00:00+00:00,2023-08-31,2023-11-27,momentum,60,20,20,0,valid,-0.0005441245431077934,0.06465335098740743,up
loose,replay_loose_2023-08-31,2023-08-31T00:00:00+00:00,2023-08-31,2024-02-23,momentum,120,20,20,0,valid,0.144717233935839,0.06465335098740743,up
loose,replay_loose_2023-08-31,2023-08-31T00:00:00+00:00,2023-08-31,2023-09-29,research_pool,20,30,30,0,valid,-0.07837946610412357,0.06465335098740743,up
loose,replay_loose_2023-08-31,2023-08-31T00:00:00+00:00,2023-08-31,2023-11-27,research_pool,60,30,30,0,valid,-0.03944082394136029,0.06465335098740743,up
loose,replay_loose_2023-08-31,2023-08-31T00:00:00+00:00,2023-08-31,2024-02-23,research_pool,120,30,30,0,valid,0.11944741390063868,0.06465335098740743,up
loose,replay_loose_2023-09-29,2023-09-29T00:00:00+00:00,2023-09-29,2023-10-27,low_value,20,23,23,0,valid,-0.0496772263487965,-0.024775847290439357,down
loose,replay_loose_2023-09-29,2023-09-29T00:00:00+00:00,2023-09-29,2023-12-26,low_value,60,23,23,0,valid,0.19683896308387924,-0.024775847290439357,down
loose,replay_loose_2023-09-29,2023-09-29T00:00:00+00:00,2023-09-29,2024-03-22,low_value,120,23,23,0,valid,0.2926592733609278,-0.024775847290439357,down
loose,replay_loose_2023-09-29,2023-09-29T00:00:00+00:00,2023-09-29,2023-10-27,industry_trend,20,20,20,0,valid,-0.03874301426375114,-0.024775847290439357,down
loose,replay_loose_2023-09-29,2023-09-29T00:00:00+00:00,2023-09-29,2023-12-26,industry_trend,60,20,20,0,valid,0.13251866835301637,-0.024775847290439357,down
loose,replay_loose_2023-09-29,2023-09-29T00:00:00+00:00,2023-09-29,2024-03-22,industry_trend,120,20,20,0,valid,0.31450460578868217,-0.024775847290439357,down
loose,replay_loose_2023-09-29,2023-09-29T00:00:00+00:00,2023-09-29,2023-10-27,momentum,20,20,20,0,valid,-0.02656045225386259,-0.024775847290439357,down
loose,replay_loose_2023-09-29,2023-09-29T00:00:00+00:00,2023-09-29,2023-12-26,momentum,60,20,20,0,valid,0.1465509969260515,-0.024775847290439357,down
loose,replay_loose_2023-09-29,2023-09-29T00:00:00+00:00,2023-09-29,2024-03-22,momentum,120,20,20,0,valid,0.32767486622431174,-0.024775847290439357,down
loose,replay_loose_2023-09-29,2023-09-29T00:00:00+00:00,2023-09-29,2023-10-27,research_pool,20,30,30,0,valid,-0.0611563492598382,-0.024775847290439357,down
loose,replay_loose_2023-09-29,2023-09-29T00:00:00+00:00,2023-09-29,2023-12-26,research_pool,60,30,30,0,valid,0.11580257018141923,-0.024775847290439357,down
loose,replay_loose_2023-09-29,2023-09-29T00:00:00+00:00,2023-09-29,2024-03-22,research_pool,120,30,30,0,valid,0.24641188399033737,-0.024775847290439357,down
loose,replay_loose_2023-10-31,2023-10-31T00:00:00+00:00,2023-10-31,2023-11-29,low_value,20,22,22,0,valid,0.11347994470872119,-0.06465195608144114,down
loose,replay_loose_2023-10-31,2023-10-31T00:00:00+00:00,2023-10-31,2024-01-29,low_value,60,22,22,0,valid,0.2515972262934907,-0.06465195608144114,down
loose,replay_loose_2023-10-31,2023-10-31T00:00:00+00:00,2023-10-31,2024-04-24,low_value,120,22,22,0,valid,0.3551867651815625,-0.06465195608144114,down
loose,replay_loose_2023-10-31,2023-10-31T00:00:00+00:00,2023-10-31,2023-11-29,industry_trend,20,20,20,0,valid,0.0851345837373815,-0.06465195608144114,down
loose,replay_loose_2023-10-31,2023-10-31T00:00:00+00:00,2023-10-31,2024-01-29,industry_trend,60,20,20,0,valid,0.19921702314031384,-0.06465195608144114,down
loose,replay_loose_2023-10-31,2023-10-31T00:00:00+00:00,2023-10-31,2024-04-24,industry_trend,120,20,20,0,valid,0.25136376214696327,-0.06465195608144114,down
loose,replay_loose_2023-10-31,2023-10-31T00:00:00+00:00,2023-10-31,2023-11-29,momentum,20,19,19,0,valid,0.09102156878774145,-0.06465195608144114,down
loose,replay_loose_2023-10-31,2023-10-31T00:00:00+00:00,2023-10-31,2024-01-29,momentum,60,19,19,0,valid,0.17678534139750338,-0.06465195608144114,down
loose,replay_loose_2023-10-31,2023-10-31T00:00:00+00:00,2023-10-31,2024-04-24,momentum,120,19,19,0,valid,0.2374440986709823,-0.06465195608144114,down
loose,replay_loose_2023-10-31,2023-10-31T00:00:00+00:00,2023-10-31,2023-11-29,research_pool,20,30,30,0,valid,0.07840746751698509,-0.06465195608144114,down
loose,replay_loose_2023-10-31,2023-10-31T00:00:00+00:00,2023-10-31,2024-01-29,research_pool,60,30,30,0,valid,0.2182903181198345,-0.06465195608144114,down
loose,replay_loose_2023-10-31,2023-10-31T00:00:00+00:00,2023-10-31,2024-04-24,research_pool,120,30,30,0,valid,0.2970308866458228,-0.06465195608144114,down
loose,replay_loose_2023-11-30,2023-11-30T00:00:00+00:00,2023-11-30,2023-12-29,low_value,20,24,24,0,valid,0.09229449388050377,0.03764373182509417,up
loose,replay_loose_2023-11-30,2023-11-30T00:00:00+00:00,2023-11-30,2024-02-28,low_value,60,24,24,0,valid,0.10756553900472787,0.03764373182509417,up
loose,replay_loose_2023-11-30,2023-11-30T00:00:00+00:00,2023-11-30,2024-05-23,low_value,120,24,24,0,valid,0.16328150080260787,0.03764373182509417,up
loose,replay_loose_2023-11-30,2023-11-30T00:00:00+00:00,2023-11-30,2023-12-29,industry_trend,20,21,21,0,valid,0.05868041686304956,0.03764373182509417,up
loose,replay_loose_2023-11-30,2023-11-30T00:00:00+00:00,2023-11-30,2024-02-28,industry_trend,60,21,21,0,valid,0.12277839998197404,0.03764373182509417,up
loose,replay_loose_2023-11-30,2023-11-30T00:00:00+00:00,2023-11-30,2024-05-23,industry_trend,120,21,21,0,valid,0.13924215507420334,0.03764373182509417,up
loose,replay_loose_2023-11-30,2023-11-30T00:00:00+00:00,2023-11-30,2023-12-29,momentum,20,20,20,0,valid,0.062113845683735534,0.03764373182509417,up
loose,replay_loose_2023-11-30,2023-11-30T00:00:00+00:00,2023-11-30,2024-02-28,momentum,60,20,20,0,valid,0.13033061723078188,0.03764373182509417,up
loose,replay_loose_2023-11-30,2023-11-30T00:00:00+00:00,2023-11-30,2024-05-23,momentum,120,20,20,0,valid,0.15297854895548874,0.03764373182509417,up
loose,replay_loose_2023-11-30,2023-11-30T00:00:00+00:00,2023-11-30,2023-12-29,research_pool,20,30,30,0,valid,0.06541457084082979,0.03764373182509417,up
loose,replay_loose_2023-11-30,2023-11-30T00:00:00+00:00,2023-11-30,2024-02-28,research_pool,60,30,30,0,valid,0.19798156159234193,0.03764373182509417,up
loose,replay_loose_2023-11-30,2023-11-30T00:00:00+00:00,2023-11-30,2024-05-23,research_pool,120,30,30,0,valid,0.3244671193821363,0.03764373182509417,up
loose,replay_loose_2023-12-29,2023-12-29T00:00:00+00:00,2023-12-29,2024-01-30,low_value,20,23,23,0,valid,0.021815346144808404,0.13827421327699296,up
loose,replay_loose_2023-12-29,2023-12-29T00:00:00+00:00,2023-12-29,2024-03-27,low_value,60,23,23,0,valid,0.17756212934700066,0.13827421327699296,up
loose,replay_loose_2023-12-29,2023-12-29T00:00:00+00:00,2023-12-29,2024-06-24,low_value,120,23,23,0,valid,0.1201172052261545,0.13827421327699296,up
loose,replay_loose_2023-12-29,2023-12-29T00:00:00+00:00,2023-12-29,2024-01-30,industry_trend,20,21,21,0,valid,0.0362280465427422,0.13827421327699296,up
loose,replay_loose_2023-12-29,2023-12-29T00:00:00+00:00,2023-12-29,2024-03-27,industry_trend,60,21,21,0,valid,0.1371823531937983,0.13827421327699296,up
loose,replay_loose_2023-12-29,2023-12-29T00:00:00+00:00,2023-12-29,2024-06-24,industry_trend,120,21,21,0,valid,0.17749195294306827,0.13827421327699296,up
loose,replay_loose_2023-12-29,2023-12-29T00:00:00+00:00,2023-12-29,2024-01-30,momentum,20,20,20,0,valid,0.022812996187840957,0.13827421327699296,up
loose,replay_loose_2023-12-29,2023-12-29T00:00:00+00:00,2023-12-29,2024-03-27,momentum,60,20,20,0,valid,0.13247247413460148,0.13827421327699296,up
loose,replay_loose_2023-12-29,2023-12-29T00:00:00+00:00,2023-12-29,2024-06-24,momentum,120,20,20,0,valid,0.18124043505822166,0.13827421327699296,up
loose,replay_loose_2023-12-29,2023-12-29T00:00:00+00:00,2023-12-29,2024-01-30,research_pool,20,30,30,0,valid,0.0368770416102016,0.13827421327699296,up
loose,replay_loose_2023-12-29,2023-12-29T00:00:00+00:00,2023-12-29,2024-03-27,research_pool,60,30,30,0,valid,0.16523516893587054,0.13827421327699296,up
loose,replay_loose_2023-12-29,2023-12-29T00:00:00+00:00,2023-12-29,2024-06-24,research_pool,120,30,30,0,valid,0.15644496397472493,0.13827421327699296,up
loose,replay_loose_2024-01-31,2024-01-31T00:00:00+00:00,2024-01-31,2024-02-29,low_value,20,22,22,0,valid,0.031159559696224894,0.14713731532175967,up
loose,replay_loose_2024-01-31,2024-01-31T00:00:00+00:00,2024-01-31,2024-04-26,low_value,60,22,22,0,valid,0.05264620124571604,0.14713731532175967,up
loose,replay_loose_2024-01-31,2024-01-31T00:00:00+00:00,2024-01-31,2024-07-24,low_value,120,22,22,0,valid,0.012350237611708488,0.14713731532175967,up
loose,replay_loose_2024-01-31,2024-01-31T00:00:00+00:00,2024-01-31,2024-02-29,industry_trend,20,21,21,0,valid,0.10298755538907857,0.14713731532175967,up
loose,replay_loose_2024-01-31,2024-01-31T00:00:00+00:00,2024-01-31,2024-04-26,industry_trend,60,21,21,0,valid,0.11764529772345046,0.14713731532175967,up
loose,replay_loose_2024-01-31,2024-01-31T00:00:00+00:00,2024-01-31,2024-07-24,industry_trend,120,21,21,0,valid,0.12835380435088845,0.14713731532175967,up
loose,replay_loose_2024-01-31,2024-01-31T00:00:00+00:00,2024-01-31,2024-02-29,momentum,20,22,22,0,valid,0.08331636642777954,0.14713731532175967,up
loose,replay_loose_2024-01-31,2024-01-31T00:00:00+00:00,2024-01-31,2024-04-26,momentum,60,22,22,0,valid,0.1059837027698335,0.14713731532175967,up
loose,replay_loose_2024-01-31,2024-01-31T00:00:00+00:00,2024-01-31,2024-07-24,momentum,120,22,22,0,valid,0.12272957661728946,0.14713731532175967,up
loose,replay_loose_2024-01-31,2024-01-31T00:00:00+00:00,2024-01-31,2024-02-29,research_pool,20,30,30,0,valid,0.07592869396703365,0.14713731532175967,up
loose,replay_loose_2024-01-31,2024-01-31T00:00:00+00:00,2024-01-31,2024-04-26,research_pool,60,30,30,0,valid,0.09651613675009131,0.14713731532175967,up
loose,replay_loose_2024-01-31,2024-01-31T00:00:00+00:00,2024-01-31,2024-07-24,research_pool,120,30,30,0,valid,0.09838901884762627,0.14713731532175967,up
loose,replay_loose_2024-02-29,2024-02-29T00:00:00+00:00,2024-02-29,2024-03-28,low_value,20,21,21,0,valid,0.028814344835266466,0.1260674445441723,up
loose,replay_loose_2024-02-29,2024-02-29T00:00:00+00:00,2024-02-29,2024-05-24,low_value,60,21,21,0,valid,0.010208127414756423,0.1260674445441723,up
loose,replay_loose_2024-02-29,2024-02-29T00:00:00+00:00,2024-02-29,2024-08-21,low_value,120,21,21,0,valid,0.01820988477441313,0.1260674445441723,up
loose,replay_loose_2024-02-29,2024-02-29T00:00:00+00:00,2024-02-29,2024-03-28,industry_trend,20,21,21,0,valid,0.034145385408635764,0.1260674445441723,up
loose,replay_loose_2024-02-29,2024-02-29T00:00:00+00:00,2024-02-29,2024-05-24,industry_trend,60,21,21,0,valid,0.05988580159341946,0.1260674445441723,up
loose,replay_loose_2024-02-29,2024-02-29T00:00:00+00:00,2024-02-29,2024-08-21,industry_trend,120,21,21,0,valid,0.06801486816278275,0.1260674445441723,up
loose,replay_loose_2024-02-29,2024-02-29T00:00:00+00:00,2024-02-29,2024-03-28,momentum,20,22,22,0,valid,0.05044055163472596,0.1260674445441723,up
loose,replay_loose_2024-02-29,2024-02-29T00:00:00+00:00,2024-02-29,2024-05-24,momentum,60,22,22,0,valid,0.0894001944342294,0.1260674445441723,up
loose,replay_loose_2024-02-29,2024-02-29T00:00:00+00:00,2024-02-29,2024-08-21,momentum,120,22,22,0,valid,0.07896024859654065,0.1260674445441723,up
loose,replay_loose_2024-02-29,2024-02-29T00:00:00+00:00,2024-02-29,2024-03-28,research_pool,20,30,30,0,valid,0.035246696284133454,0.1260674445441723,up
loose,replay_loose_2024-02-29,2024-02-29T00:00:00+00:00,2024-02-29,2024-05-24,research_pool,60,30,30,0,valid,0.0657359948813733,0.1260674445441723,up
loose,replay_loose_2024-02-29,2024-02-29T00:00:00+00:00,2024-02-29,2024-08-21,research_pool,120,30,30,0,valid,0.08040641974052876,0.1260674445441723,up
loose,replay_loose_2024-03-29,2024-03-29T00:00:00+00:00,2024-03-29,2024-04-26,low_value,20,20,20,0,valid,-0.03719062524582332,0.10305514157973161,up
loose,replay_loose_2024-03-29,2024-03-29T00:00:00+00:00,2024-03-29,2024-06-25,low_value,60,20,20,0,valid,-0.04536482148740523,0.10305514157973161,up
loose,replay_loose_2024-03-29,2024-03-29T00:00:00+00:00,2024-03-29,2024-09-19,low_value,120,20,20,0,valid,0.05010705516082074,0.10305514157973161,up
loose,replay_loose_2024-03-29,2024-03-29T00:00:00+00:00,2024-03-29,2024-04-26,industry_trend,20,19,19,0,valid,-0.008698722242893201,0.10305514157973161,up
loose,replay_loose_2024-03-29,2024-03-29T00:00:00+00:00,2024-03-29,2024-06-25,industry_trend,60,19,19,0,valid,0.052712671385797036,0.10305514157973161,up
loose,replay_loose_2024-03-29,2024-03-29T00:00:00+00:00,2024-03-29,2024-09-19,industry_trend,120,19,19,0,valid,0.13323676802668175,0.10305514157973161,up
loose,replay_loose_2024-03-29,2024-03-29T00:00:00+00:00,2024-03-29,2024-04-26,momentum,20,19,19,0,valid,-0.0041984358905298,0.10305514157973161,up
loose,replay_loose_2024-03-29,2024-03-29T00:00:00+00:00,2024-03-29,2024-06-25,momentum,60,19,19,0,valid,0.053942745757217095,0.10305514157973161,up
loose,replay_loose_2024-03-29,2024-03-29T00:00:00+00:00,2024-03-29,2024-09-19,momentum,120,19,19,0,valid,0.11571947736660561,0.10305514157973161,up
loose,replay_loose_2024-03-29,2024-03-29T00:00:00+00:00,2024-03-29,2024-04-26,research_pool,20,30,30,0,valid,-0.020953008993786045,0.10305514157973161,up
loose,replay_loose_2024-03-29,2024-03-29T00:00:00+00:00,2024-03-29,2024-06-25,research_pool,60,30,30,0,valid,-0.011444703380313337,0.10305514157973161,up
loose,replay_loose_2024-03-29,2024-03-29T00:00:00+00:00,2024-03-29,2024-09-19,research_pool,120,30,30,0,valid,0.06371308765252667,0.10305514157973161,up
loose,replay_loose_2024-04-30,2024-04-30T00:00:00+00:00,2024-04-30,2024-05-29,low_value,20,21,21,0,valid,0.024021409668653505,-0.010520919502732151,down
loose,replay_loose_2024-04-30,2024-04-30T00:00:00+00:00,2024-04-30,2024-07-26,low_value,60,21,21,0,valid,0.052607671626570915,-0.010520919502732151,down
loose,replay_loose_2024-04-30,2024-04-30T00:00:00+00:00,2024-04-30,2024-10-21,low_value,120,21,21,0,valid,0.17001688586273803,-0.010520919502732151,down
loose,replay_loose_2024-04-30,2024-04-30T00:00:00+00:00,2024-04-30,2024-05-29,industry_trend,20,20,20,0,valid,0.056033852768662816,-0.010520919502732151,down
loose,replay_loose_2024-04-30,2024-04-30T00:00:00+00:00,2024-04-30,2024-07-26,industry_trend,60,20,20,0,valid,0.049440424020562694,-0.010520919502732151,down
loose,replay_loose_2024-04-30,2024-04-30T00:00:00+00:00,2024-04-30,2024-10-21,industry_trend,120,20,20,0,valid,0.1892086102941204,-0.010520919502732151,down
loose,replay_loose_2024-04-30,2024-04-30T00:00:00+00:00,2024-04-30,2024-05-29,momentum,20,19,19,0,valid,0.07057761465110465,-0.010520919502732151,down
loose,replay_loose_2024-04-30,2024-04-30T00:00:00+00:00,2024-04-30,2024-07-26,momentum,60,19,19,0,valid,0.06467444919325072,-0.010520919502732151,down
loose,replay_loose_2024-04-30,2024-04-30T00:00:00+00:00,2024-04-30,2024-10-21,momentum,120,19,19,0,valid,0.19911920983620437,-0.010520919502732151,down
loose,replay_loose_2024-04-30,2024-04-30T00:00:00+00:00,2024-04-30,2024-05-29,research_pool,20,30,30,0,valid,0.02033289010128458,-0.010520919502732151,down
loose,replay_loose_2024-04-30,2024-04-30T00:00:00+00:00,2024-04-30,2024-07-26,research_pool,60,30,30,0,valid,0.05246813132432293,-0.010520919502732151,down
loose,replay_loose_2024-04-30,2024-04-30T00:00:00+00:00,2024-04-30,2024-10-21,research_pool,120,30,30,0,valid,0.2105838340216202,-0.010520919502732151,down
loose,replay_loose_2024-05-31,2024-05-31T00:00:00+00:00,2024-05-31,2024-07-01,low_value,20,21,21,0,valid,0.008991089545331121,0.029029758920840365,up
loose,replay_loose_2024-05-31,2024-05-31T00:00:00+00:00,2024-05-31,2024-08-27,low_value,60,21,21,0,valid,0.06350644217579786,0.029029758920840365,up
loose,replay_loose_2024-05-31,2024-05-31T00:00:00+00:00,2024-05-31,2024-11-20,low_value,120,21,21,0,valid,0.17255615563907709,0.029029758920840365,up
loose,replay_loose_2024-05-31,2024-05-31T00:00:00+00:00,2024-05-31,2024-07-01,industry_trend,20,20,20,0,valid,0.024043581509987793,0.029029758920840365,up
loose,replay_loose_2024-05-31,2024-05-31T00:00:00+00:00,2024-05-31,2024-08-27,industry_trend,60,20,20,0,valid,0.03420624894977282,0.029029758920840365,up
loose,replay_loose_2024-05-31,2024-05-31T00:00:00+00:00,2024-05-31,2024-11-20,industry_trend,120,20,20,0,valid,0.12578788395421064,0.029029758920840365,up
loose,replay_loose_2024-05-31,2024-05-31T00:00:00+00:00,2024-05-31,2024-07-01,momentum,20,21,21,0,valid,0.016835279314231316,0.029029758920840365,up
loose,replay_loose_2024-05-31,2024-05-31T00:00:00+00:00,2024-05-31,2024-08-27,momentum,60,21,21,0,valid,0.04067703775141665,0.029029758920840365,up
loose,replay_loose_2024-05-31,2024-05-31T00:00:00+00:00,2024-05-31,2024-11-20,momentum,120,21,21,0,valid,0.09742406550751688,0.029029758920840365,up
loose,replay_loose_2024-05-31,2024-05-31T00:00:00+00:00,2024-05-31,2024-07-01,research_pool,20,30,30,0,valid,0.02043091988583183,0.029029758920840365,up
loose,replay_loose_2024-05-31,2024-05-31T00:00:00+00:00,2024-05-31,2024-08-27,research_pool,60,30,30,0,valid,0.07580662233385321,0.029029758920840365,up
loose,replay_loose_2024-05-31,2024-05-31T00:00:00+00:00,2024-05-31,2024-11-20,research_pool,120,30,30,0,valid,0.24487672261161816,0.029029758920840365,up
loose,replay_loose_2024-06-28,2024-06-28T00:00:00+00:00,2024-06-28,2024-07-29,low_value,20,21,21,0,valid,0.009794611935972123,0.0836255061186637,up
loose,replay_loose_2024-06-28,2024-06-28T00:00:00+00:00,2024-06-28,2024-09-24,low_value,60,21,21,0,valid,0.07113168130548556,0.0836255061186637,up
loose,replay_loose_2024-06-28,2024-06-28T00:00:00+00:00,2024-06-28,2024-12-18,low_value,120,21,21,0,valid,0.20354923551550075,0.0836255061186637,up
loose,replay_loose_2024-06-28,2024-06-28T00:00:00+00:00,2024-06-28,2024-07-29,industry_trend,20,20,20,0,valid,-0.0011827817154694109,0.0836255061186637,up
loose,replay_loose_2024-06-28,2024-06-28T00:00:00+00:00,2024-06-28,2024-09-24,industry_trend,60,20,20,0,valid,0.07729074841981129,0.0836255061186637,up
loose,replay_loose_2024-06-28,2024-06-28T00:00:00+00:00,2024-06-28,2024-12-18,industry_trend,120,20,20,0,valid,0.10257475646576697,0.0836255061186637,up
loose,replay_loose_2024-06-28,2024-06-28T00:00:00+00:00,2024-06-28,2024-07-29,momentum,20,20,20,0,valid,0.01945453572466322,0.0836255061186637,up
loose,replay_loose_2024-06-28,2024-06-28T00:00:00+00:00,2024-06-28,2024-09-24,momentum,60,20,20,0,valid,0.09775512513238167,0.0836255061186637,up
loose,replay_loose_2024-06-28,2024-06-28T00:00:00+00:00,2024-06-28,2024-12-18,momentum,120,20,20,0,valid,0.11240441669120045,0.0836255061186637,up
loose,replay_loose_2024-06-28,2024-06-28T00:00:00+00:00,2024-06-28,2024-07-29,research_pool,20,30,30,0,valid,0.009478600411635918,0.0836255061186637,up
loose,replay_loose_2024-06-28,2024-06-28T00:00:00+00:00,2024-06-28,2024-09-24,research_pool,60,30,30,0,valid,0.0992872539429342,0.0836255061186637,up
loose,replay_loose_2024-06-28,2024-06-28T00:00:00+00:00,2024-06-28,2024-12-18,research_pool,120,30,30,0,valid,0.19775896347769806,0.0836255061186637,up
loose,replay_loose_2024-07-31,2024-07-31T00:00:00+00:00,2024-07-31,2024-08-28,low_value,20,20,20,0,valid,-0.026414760290412585,0.08169990928611615,up
loose,replay_loose_2024-07-31,2024-07-31T00:00:00+00:00,2024-07-31,2024-10-24,low_value,60,20,20,0,valid,0.096160787568548,0.08169990928611615,up
loose,replay_loose_2024-07-31,2024-07-31T00:00:00+00:00,2024-07-31,2025-01-23,low_value,120,20,20,0,valid,0.22909677470250264,0.08169990928611615,up
loose,replay_loose_2024-07-31,2024-07-31T00:00:00+00:00,2024-07-31,2024-08-28,industry_trend,20,19,19,0,valid,-0.006899547500235457,0.08169990928611615,up
loose,replay_loose_2024-07-31,2024-07-31T00:00:00+00:00,2024-07-31,2024-10-24,industry_trend,60,19,19,0,valid,0.07479452104769212,0.08169990928611615,up
loose,replay_loose_2024-07-31,2024-07-31T00:00:00+00:00,2024-07-31,2025-01-23,industry_trend,120,19,19,0,valid,0.17068832257498556,0.08169990928611615,up
loose,replay_loose_2024-07-31,2024-07-31T00:00:00+00:00,2024-07-31,2024-08-28,momentum,20,20,20,0,valid,0.005018028038785429,0.08169990928611615,up
loose,replay_loose_2024-07-31,2024-07-31T00:00:00+00:00,2024-07-31,2024-10-24,momentum,60,20,20,0,valid,0.07795104250972248,0.08169990928611615,up
loose,replay_loose_2024-07-31,2024-07-31T00:00:00+00:00,2024-07-31,2025-01-23,momentum,120,20,20,0,valid,0.13773300202036692,0.08169990928611615,up
loose,replay_loose_2024-07-31,2024-07-31T00:00:00+00:00,2024-07-31,2024-08-28,research_pool,20,30,30,0,valid,0.014129611075203581,0.08169990928611615,up
loose,replay_loose_2024-07-31,2024-07-31T00:00:00+00:00,2024-07-31,2024-10-24,research_pool,60,30,30,0,valid,0.09520749583614657,0.08169990928611615,up
loose,replay_loose_2024-07-31,2024-07-31T00:00:00+00:00,2024-07-31,2025-01-23,research_pool,120,30,30,0,valid,0.2371673633630074,0.08169990928611615,up
loose,replay_loose_2024-08-30,2024-08-30T00:00:00+00:00,2024-08-30,2024-09-30,low_value,20,20,20,0,valid,0.07050017273485998,0.027696887335792564,up
loose,replay_loose_2024-08-30,2024-08-30T00:00:00+00:00,2024-08-30,2024-11-25,low_value,60,20,20,0,valid,0.17219271125335112,0.027696887335792564,up
loose,replay_loose_2024-08-30,2024-08-30T00:00:00+00:00,2024-08-30,2025-02-25,low_value,120,20,20,0,valid,0.12579906480325814,0.027696887335792564,up
loose,replay_loose_2024-08-30,2024-08-30T00:00:00+00:00,2024-08-30,2024-09-30,industry_trend,20,23,23,0,valid,0.06803455146081692,0.027696887335792564,up
loose,replay_loose_2024-08-30,2024-08-30T00:00:00+00:00,2024-08-30,2024-11-25,industry_trend,60,23,23,0,valid,0.13818635857125788,0.027696887335792564,up
loose,replay_loose_2024-08-30,2024-08-30T00:00:00+00:00,2024-08-30,2025-02-25,industry_trend,120,23,23,0,valid,0.08008856000592281,0.027696887335792564,up
loose,replay_loose_2024-08-30,2024-08-30T00:00:00+00:00,2024-08-30,2024-09-30,momentum,20,19,19,0,valid,0.09470241654543443,0.027696887335792564,up
loose,replay_loose_2024-08-30,2024-08-30T00:00:00+00:00,2024-08-30,2024-11-25,momentum,60,19,19,0,valid,0.2124463679757393,0.027696887335792564,up
loose,replay_loose_2024-08-30,2024-08-30T00:00:00+00:00,2024-08-30,2025-02-25,momentum,120,19,19,0,valid,0.1313684783161832,0.027696887335792564,up
loose,replay_loose_2024-08-30,2024-08-30T00:00:00+00:00,2024-08-30,2024-09-30,research_pool,20,30,30,0,valid,0.07990155961099604,0.027696887335792564,up
loose,replay_loose_2024-08-30,2024-08-30T00:00:00+00:00,2024-08-30,2024-11-25,research_pool,60,30,30,0,valid,0.22633747934045237,0.027696887335792564,up
loose,replay_loose_2024-08-30,2024-08-30T00:00:00+00:00,2024-08-30,2025-02-25,research_pool,120,30,30,0,valid,0.2737509738237999,0.027696887335792564,up
loose,replay_loose_2024-09-30,2024-09-30T00:00:00+00:00,2024-09-30,2024-10-28,low_value,20,21,21,0,valid,0.010510051732554598,-0.016705962960723908,down
loose,replay_loose_2024-09-30,2024-09-30T00:00:00+00:00,2024-09-30,2024-12-24,low_value,60,21,21,0,valid,0.057151736252006625,-0.016705962960723908,down
loose,replay_loose_2024-09-30,2024-09-30T00:00:00+00:00,2024-09-30,2025-03-25,low_value,120,21,21,0,valid,0.01641876817045214,-0.016705962960723908,down
loose,replay_loose_2024-09-30,2024-09-30T00:00:00+00:00,2024-09-30,2024-10-28,industry_trend,20,20,20,0,valid,0.004482990178501933,-0.016705962960723908,down
loose,replay_loose_2024-09-30,2024-09-30T00:00:00+00:00,2024-09-30,2024-12-24,industry_trend,60,20,20,0,valid,0.06600213360601245,-0.016705962960723908,down
loose,replay_loose_2024-09-30,2024-09-30T00:00:00+00:00,2024-09-30,2025-03-25,industry_trend,120,20,20,0,valid,-0.052905240985979526,-0.016705962960723908,down
loose,replay_loose_2024-09-30,2024-09-30T00:00:00+00:00,2024-09-30,2024-10-28,momentum,20,19,19,0,valid,0.017141236569284398,-0.016705962960723908,down
loose,replay_loose_2024-09-30,2024-09-30T00:00:00+00:00,2024-09-30,2024-12-24,momentum,60,19,19,0,valid,0.07920410803974964,-0.016705962960723908,down
loose,replay_loose_2024-09-30,2024-09-30T00:00:00+00:00,2024-09-30,2025-03-25,momentum,120,19,19,0,valid,-0.023848867623411044,-0.016705962960723908,down
loose,replay_loose_2024-09-30,2024-09-30T00:00:00+00:00,2024-09-30,2024-10-28,research_pool,20,30,30,0,valid,0.04292999408047837,-0.016705962960723908,down
loose,replay_loose_2024-09-30,2024-09-30T00:00:00+00:00,2024-09-30,2024-12-24,research_pool,60,30,30,0,valid,0.08460741511326565,-0.016705962960723908,down
loose,replay_loose_2024-09-30,2024-09-30T00:00:00+00:00,2024-09-30,2025-03-25,research_pool,120,30,30,0,valid,0.021667767721396725,-0.016705962960723908,down
loose,replay_loose_2024-10-31,2024-10-31T00:00:00+00:00,2024-10-31,2024-11-29,low_value,20,21,21,0,valid,0.06563419443879244,0.11245229227019826,up
loose,replay_loose_2024-10-31,2024-10-31T00:00:00+00:00,2024-10-31,2025-01-30,low_value,60,21,21,0,valid,0.06608338981814173,0.11245229227019826,up
loose,replay_loose_2024-10-31,2024-10-31T00:00:00+00:00,2024-10-31,2025-04-28,low_value,120,21,21,0,valid,0.010282559201494436,0.11245229227019826,up
loose,replay_loose_2024-10-31,2024-10-31T00:00:00+00:00,2024-10-31,2024-11-29,industry_trend,20,21,21,0,valid,0.07473830164250851,0.11245229227019826,up
loose,replay_loose_2024-10-31,2024-10-31T00:00:00+00:00,2024-10-31,2025-01-30,industry_trend,60,21,21,0,valid,0.07956528673502725,0.11245229227019826,up
loose,replay_loose_2024-10-31,2024-10-31T00:00:00+00:00,2024-10-31,2025-04-28,industry_trend,120,21,21,0,valid,-0.06979130576327447,0.11245229227019826,up
loose,replay_loose_2024-10-31,2024-10-31T00:00:00+00:00,2024-10-31,2024-11-29,momentum,20,21,21,0,valid,0.07287903285898195,0.11245229227019826,up
loose,replay_loose_2024-10-31,2024-10-31T00:00:00+00:00,2024-10-31,2025-01-30,momentum,60,21,21,0,valid,0.07422482360248833,0.11245229227019826,up
loose,replay_loose_2024-10-31,2024-10-31T00:00:00+00:00,2024-10-31,2025-04-28,momentum,120,21,21,0,valid,-0.0857642182503918,0.11245229227019826,up
loose,replay_loose_2024-10-31,2024-10-31T00:00:00+00:00,2024-10-31,2024-11-29,research_pool,20,30,30,0,valid,0.06705153786796723,0.11245229227019826,up
loose,replay_loose_2024-10-31,2024-10-31T00:00:00+00:00,2024-10-31,2025-01-30,research_pool,60,30,30,0,valid,0.06576056787279548,0.11245229227019826,up
loose,replay_loose_2024-10-31,2024-10-31T00:00:00+00:00,2024-10-31,2025-04-28,research_pool,120,30,30,0,valid,-0.04128172829217364,0.11245229227019826,up
loose,replay_loose_2024-11-29,2024-11-29T00:00:00+00:00,2024-11-29,2024-12-30,low_value,20,24,24,0,valid,-0.051486611930627015,0.10541495890529795,up
loose,replay_loose_2024-11-29,2024-11-29T00:00:00+00:00,2024-11-29,2025-02-28,low_value,60,24,24,0,valid,-0.0553232245854228,0.10541495890529795,up
loose,replay_loose_2024-11-29,2024-11-29T00:00:00+00:00,2024-11-29,2025-05-27,low_value,120,24,24,0,valid,0.027247892068702106,0.10541495890529795,up
loose,replay_loose_2024-11-29,2024-11-29T00:00:00+00:00,2024-11-29,2024-12-30,industry_trend,20,21,21,0,valid,-0.012806597463998396,0.10541495890529795,up
loose,replay_loose_2024-11-29,2024-11-29T00:00:00+00:00,2024-11-29,2025-02-28,industry_trend,60,21,21,0,valid,-0.054536865597347516,0.10541495890529795,up
loose,replay_loose_2024-11-29,2024-11-29T00:00:00+00:00,2024-11-29,2025-05-27,industry_trend,120,21,21,0,valid,0.010244614846694103,0.10541495890529795,up
loose,replay_loose_2024-11-29,2024-11-29T00:00:00+00:00,2024-11-29,2024-12-30,momentum,20,21,21,0,valid,-0.027001792645636655,0.10541495890529795,up
loose,replay_loose_2024-11-29,2024-11-29T00:00:00+00:00,2024-11-29,2025-02-28,momentum,60,21,21,0,valid,-0.07512105444325289,0.10541495890529795,up
loose,replay_loose_2024-11-29,2024-11-29T00:00:00+00:00,2024-11-29,2025-05-27,momentum,120,21,21,0,valid,0.011446618677026302,0.10541495890529795,up
loose,replay_loose_2024-11-29,2024-11-29T00:00:00+00:00,2024-11-29,2024-12-30,research_pool,20,30,30,0,valid,-0.04449747659827932,0.10541495890529795,up
loose,replay_loose_2024-11-29,2024-11-29T00:00:00+00:00,2024-11-29,2025-02-28,research_pool,60,30,30,0,valid,-0.05697879227731246,0.10541495890529795,up
loose,replay_loose_2024-11-29,2024-11-29T00:00:00+00:00,2024-11-29,2025-05-27,research_pool,120,30,30,0,valid,-0.008469553704724268,0.10541495890529795,up
loose,replay_loose_2024-12-31,2024-12-31T00:00:00+00:00,2024-12-31,2025-01-31,low_value,20,22,22,0,valid,0.01413407197404856,0.048956644848882735,up
loose,replay_loose_2024-12-31,2024-12-31T00:00:00+00:00,2024-12-31,2025-03-31,low_value,60,22,22,0,valid,-0.020219503433269826,0.048956644848882735,up
loose,replay_loose_2024-12-31,2024-12-31T00:00:00+00:00,2024-12-31,2025-06-26,low_value,120,22,22,0,valid,0.13118079898971435,0.048956644848882735,up
loose,replay_loose_2024-12-31,2024-12-31T00:00:00+00:00,2024-12-31,2025-01-31,industry_trend,20,22,22,0,valid,0.009151463652863763,0.048956644848882735,up
loose,replay_loose_2024-12-31,2024-12-31T00:00:00+00:00,2024-12-31,2025-03-31,industry_trend,60,22,22,0,valid,-0.1395754198715929,0.048956644848882735,up
loose,replay_loose_2024-12-31,2024-12-31T00:00:00+00:00,2024-12-31,2025-06-26,industry_trend,120,22,22,0,valid,-0.016027006918333142,0.048956644848882735,up
loose,replay_loose_2024-12-31,2024-12-31T00:00:00+00:00,2024-12-31,2025-01-31,momentum,20,20,20,0,valid,0.023371424701789774,0.048956644848882735,up
loose,replay_loose_2024-12-31,2024-12-31T00:00:00+00:00,2024-12-31,2025-03-31,momentum,60,20,20,0,valid,-0.11040110841021736,0.048956644848882735,up
loose,replay_loose_2024-12-31,2024-12-31T00:00:00+00:00,2024-12-31,2025-06-26,momentum,120,20,20,0,valid,0.017202190500526106,0.048956644848882735,up
loose,replay_loose_2024-12-31,2024-12-31T00:00:00+00:00,2024-12-31,2025-01-31,research_pool,20,30,30,0,valid,0.04213508193324702,0.048956644848882735,up
loose,replay_loose_2024-12-31,2024-12-31T00:00:00+00:00,2024-12-31,2025-03-31,research_pool,60,30,30,0,valid,-0.06443329267684976,0.048956644848882735,up
loose,replay_loose_2024-12-31,2024-12-31T00:00:00+00:00,2024-12-31,2025-06-26,research_pool,120,30,30,0,valid,0.011093418591044327,0.048956644848882735,up
loose,replay_loose_2025-01-31,2025-01-31T00:00:00+00:00,2025-01-31,2025-03-03,low_value,20,21,21,0,valid,-0.021662544540449663,0.07158244599002872,up
loose,replay_loose_2025-01-31,2025-01-31T00:00:00+00:00,2025-01-31,2025-04-29,low_value,60,21,21,0,valid,-0.031931430959342644,0.07158244599002872,up
loose,replay_loose_2025-01-31,2025-01-31T00:00:00+00:00,2025-01-31,2025-07-25,low_value,120,21,21,0,valid,0.1774658066654169,0.07158244599002872,up
loose,replay_loose_2025-01-31,2025-01-31T00:00:00+00:00,2025-01-31,2025-03-03,industry_trend,20,21,21,0,valid,-0.07426755945606622,0.07158244599002872,up
loose,replay_loose_2025-01-31,2025-01-31T00:00:00+00:00,2025-01-31,2025-04-29,industry_trend,60,21,21,0,valid,-0.12767967055272256,0.07158244599002872,up
loose,replay_loose_2025-01-31,2025-01-31T00:00:00+00:00,2025-01-31,2025-07-25,industry_trend,120,21,21,0,valid,0.042450753100437055,0.07158244599002872,up
loose,replay_loose_2025-01-31,2025-01-31T00:00:00+00:00,2025-01-31,2025-03-03,momentum,20,20,20,0,valid,-0.05956143653205481,0.07158244599002872,up
loose,replay_loose_2025-01-31,2025-01-31T00:00:00+00:00,2025-01-31,2025-04-29,momentum,60,20,20,0,valid,-0.10871079037612259,0.07158244599002872,up
loose,replay_loose_2025-01-31,2025-01-31T00:00:00+00:00,2025-01-31,2025-07-25,momentum,120,20,20,0,valid,0.0606249729506694,0.07158244599002872,up
loose,replay_loose_2025-01-31,2025-01-31T00:00:00+00:00,2025-01-31,2025-03-03,research_pool,20,30,30,0,valid,-0.057401338202418974,0.07158244599002872,up
loose,replay_loose_2025-01-31,2025-01-31T00:00:00+00:00,2025-01-31,2025-04-29,research_pool,60,30,30,0,valid,-0.05953881742258385,0.07158244599002872,up
loose,replay_loose_2025-01-31,2025-01-31T00:00:00+00:00,2025-01-31,2025-07-25,research_pool,120,30,30,0,valid,0.08300398344890032,0.07158244599002872,up
loose,replay_loose_2025-02-28,2025-02-28T00:00:00+00:00,2025-02-28,2025-03-28,low_value,20,21,21,0,valid,-0.06007348315344782,-0.0032565621689488733,down
loose,replay_loose_2025-02-28,2025-02-28T00:00:00+00:00,2025-02-28,2025-05-27,low_value,60,21,21,0,valid,0.03050286896560343,-0.0032565621689488733,down
loose,replay_loose_2025-02-28,2025-02-28T00:00:00+00:00,2025-02-28,2025-08-21,low_value,120,21,21,0,valid,0.12257798645075671,-0.0032565621689488733,down
loose,replay_loose_2025-02-28,2025-02-28T00:00:00+00:00,2025-02-28,2025-03-28,industry_trend,20,19,19,0,valid,-0.06884769645598507,-0.0032565621689488733,down
loose,replay_loose_2025-02-28,2025-02-28T00:00:00+00:00,2025-02-28,2025-05-27,industry_trend,60,19,19,0,valid,0.023240423501143942,-0.0032565621689488733,down
loose,replay_loose_2025-02-28,2025-02-28T00:00:00+00:00,2025-02-28,2025-08-21,industry_trend,120,19,19,0,valid,0.1323000129033516,-0.0032565621689488733,down
loose,replay_loose_2025-02-28,2025-02-28T00:00:00+00:00,2025-02-28,2025-03-28,momentum,20,19,19,0,valid,-0.04926364305378592,-0.0032565621689488733,down
loose,replay_loose_2025-02-28,2025-02-28T00:00:00+00:00,2025-02-28,2025-05-27,momentum,60,19,19,0,valid,0.02708083565903493,-0.0032565621689488733,down
loose,replay_loose_2025-02-28,2025-02-28T00:00:00+00:00,2025-02-28,2025-08-21,momentum,120,19,19,0,valid,0.11537250481012021,-0.0032565621689488733,down
loose,replay_loose_2025-02-28,2025-02-28T00:00:00+00:00,2025-02-28,2025-03-28,research_pool,20,30,30,0,valid,-0.0675856940388742,-0.0032565621689488733,down
loose,replay_loose_2025-02-28,2025-02-28T00:00:00+00:00,2025-02-28,2025-05-27,research_pool,60,30,30,0,valid,0.030213038737524248,-0.0032565621689488733,down
loose,replay_loose_2025-02-28,2025-02-28T00:00:00+00:00,2025-02-28,2025-08-21,research_pool,120,30,30,0,valid,0.1257646976467493,-0.0032565621689488733,down
loose,replay_loose_2025-03-31,2025-03-31T00:00:00+00:00,2025-03-31,2025-05-08,low_value,20,0,0,0,no_signal,,-0.0827611838115917,down
loose,replay_loose_2025-03-31,2025-03-31T00:00:00+00:00,2025-03-31,2025-07-03,low_value,60,0,0,0,no_signal,,-0.0827611838115917,down
loose,replay_loose_2025-03-31,2025-03-31T00:00:00+00:00,2025-03-31,2025-09-25,low_value,120,0,0,0,no_signal,,-0.0827611838115917,down
loose,replay_loose_2025-03-31,2025-03-31T00:00:00+00:00,2025-03-31,2025-05-08,industry_trend,20,0,0,0,no_signal,,-0.0827611838115917,down
loose,replay_loose_2025-03-31,2025-03-31T00:00:00+00:00,2025-03-31,2025-07-03,industry_trend,60,0,0,0,no_signal,,-0.0827611838115917,down
loose,replay_loose_2025-03-31,2025-03-31T00:00:00+00:00,2025-03-31,2025-09-25,industry_trend,120,0,0,0,no_signal,,-0.0827611838115917,down
loose,replay_loose_2025-03-31,2025-03-31T00:00:00+00:00,2025-03-31,2025-05-08,momentum,20,0,0,0,no_signal,,-0.0827611838115917,down
loose,replay_loose_2025-03-31,2025-03-31T00:00:00+00:00,2025-03-31,2025-07-03,momentum,60,0,0,0,no_signal,,-0.0827611838115917,down
loose,replay_loose_2025-03-31,2025-03-31T00:00:00+00:00,2025-03-31,2025-09-25,momentum,120,0,0,0,no_signal,,-0.0827611838115917,down
loose,replay_loose_2025-03-31,2025-03-31T00:00:00+00:00,2025-03-31,2025-04-29,research_pool,20,30,30,0,valid,0.018429278843005117,-0.0827611838115917,down
loose,replay_loose_2025-03-31,2025-03-31T00:00:00+00:00,2025-03-31,2025-06-26,research_pool,60,30,30,0,valid,0.16552557899079365,-0.0827611838115917,down
loose,replay_loose_2025-03-31,2025-03-31T00:00:00+00:00,2025-03-31,2025-09-22,research_pool,120,30,30,0,valid,0.35620791270108854,-0.0827611838115917,down
loose,replay_loose_2025-04-30,2025-04-30T00:00:00+00:00,2025-04-30,2025-06-07,low_value,20,0,0,0,no_signal,,-0.0825144313377223,down
loose,replay_loose_2025-04-30,2025-04-30T00:00:00+00:00,2025-04-30,2025-08-02,low_value,60,0,0,0,no_signal,,-0.0825144313377223,down
loose,replay_loose_2025-04-30,2025-04-30T00:00:00+00:00,2025-04-30,2025-10-25,low_value,120,0,0,0,no_signal,,-0.0825144313377223,down
loose,replay_loose_2025-04-30,2025-04-30T00:00:00+00:00,2025-04-30,2025-06-07,industry_trend,20,0,0,0,no_signal,,-0.0825144313377223,down
loose,replay_loose_2025-04-30,2025-04-30T00:00:00+00:00,2025-04-30,2025-08-02,industry_trend,60,0,0,0,no_signal,,-0.0825144313377223,down
loose,replay_loose_2025-04-30,2025-04-30T00:00:00+00:00,2025-04-30,2025-10-25,industry_trend,120,0,0,0,no_signal,,-0.0825144313377223,down
loose,replay_loose_2025-04-30,2025-04-30T00:00:00+00:00,2025-04-30,2025-06-07,momentum,20,0,0,0,no_signal,,-0.0825144313377223,down
loose,replay_loose_2025-04-30,2025-04-30T00:00:00+00:00,2025-04-30,2025-08-02,momentum,60,0,0,0,no_signal,,-0.0825144313377223,down
loose,replay_loose_2025-04-30,2025-04-30T00:00:00+00:00,2025-04-30,2025-10-25,momentum,120,0,0,0,no_signal,,-0.0825144313377223,down
loose,replay_loose_2025-04-30,2025-04-30T00:00:00+00:00,2025-04-30,2025-05-29,research_pool,20,30,30,0,valid,0.06780499702793512,-0.0825144313377223,down
loose,replay_loose_2025-04-30,2025-04-30T00:00:00+00:00,2025-04-30,2025-07-28,research_pool,60,30,30,0,valid,0.17749120515767297,-0.0825144313377223,down
loose,replay_loose_2025-04-30,2025-04-30T00:00:00+00:00,2025-04-30,2025-10-21,research_pool,120,30,30,0,valid,0.2778999693820123,-0.0825144313377223,down
loose,replay_loose_2025-05-30,2025-05-30T00:00:00+00:00,2025-05-30,2025-06-30,low_value,20,20,20,0,valid,0.05059735666356384,0.03415926383300816,up
loose,replay_loose_2025-05-30,2025-05-30T00:00:00+00:00,2025-05-30,2025-08-26,low_value,60,20,20,0,valid,0.10596359269346407,0.03415926383300816,up
loose,replay_loose_2025-05-30,2025-05-30T00:00:00+00:00,2025-05-30,2025-11-19,low_value,120,20,20,0,valid,0.23013903368592517,0.03415926383300816,up
loose,replay_loose_2025-05-30,2025-05-30T00:00:00+00:00,2025-05-30,2025-06-30,industry_trend,20,21,21,0,valid,0.10107972930012925,0.03415926383300816,up
loose,replay_loose_2025-05-30,2025-05-30T00:00:00+00:00,2025-05-30,2025-08-26,industry_trend,60,21,21,0,valid,0.14450993379227403,0.03415926383300816,up
loose,replay_loose_2025-05-30,2025-05-30T00:00:00+00:00,2025-05-30,2025-11-19,industry_trend,120,21,21,0,valid,0.22423344429747305,0.03415926383300816,up
loose,replay_loose_2025-05-30,2025-05-30T00:00:00+00:00,2025-05-30,2025-06-30,momentum,20,20,20,0,valid,0.10794367610466737,0.03415926383300816,up
loose,replay_loose_2025-05-30,2025-05-30T00:00:00+00:00,2025-05-30,2025-08-26,momentum,60,20,20,0,valid,0.1608968011419986,0.03415926383300816,up
loose,replay_loose_2025-05-30,2025-05-30T00:00:00+00:00,2025-05-30,2025-11-19,momentum,120,20,20,0,valid,0.23491919843726666,0.03415926383300816,up
loose,replay_loose_2025-05-30,2025-05-30T00:00:00+00:00,2025-05-30,2025-06-30,research_pool,20,30,30,0,valid,0.07014805102671759,0.03415926383300816,up
loose,replay_loose_2025-05-30,2025-05-30T00:00:00+00:00,2025-05-30,2025-08-26,research_pool,60,30,30,0,valid,0.12613465787875436,0.03415926383300816,up
loose,replay_loose_2025-05-30,2025-05-30T00:00:00+00:00,2025-05-30,2025-11-19,research_pool,120,30,30,0,valid,0.17029998508508468,0.03415926383300816,up
loose,replay_loose_2025-06-30,2025-06-30T00:00:00+00:00,2025-06-30,2025-07-29,low_value,20,20,20,0,valid,0.01899181720113715,0.1585314626564731,up
loose,replay_loose_2025-06-30,2025-06-30T00:00:00+00:00,2025-06-30,2025-09-24,low_value,60,20,20,0,valid,0.08303218428065862,0.1585314626564731,up
loose,replay_loose_2025-06-30,2025-06-30T00:00:00+00:00,2025-06-30,2025-12-18,low_value,120,20,20,0,valid,0.12740788765600836,0.1585314626564731,up
loose,replay_loose_2025-06-30,2025-06-30T00:00:00+00:00,2025-06-30,2025-07-29,industry_trend,20,19,19,0,valid,0.06997887647453657,0.1585314626564731,up
loose,replay_loose_2025-06-30,2025-06-30T00:00:00+00:00,2025-06-30,2025-09-24,industry_trend,60,19,19,0,valid,0.10247776215148094,0.1585314626564731,up
loose,replay_loose_2025-06-30,2025-06-30T00:00:00+00:00,2025-06-30,2025-12-18,industry_trend,120,19,19,0,valid,0.12625193830136175,0.1585314626564731,up
loose,replay_loose_2025-06-30,2025-06-30T00:00:00+00:00,2025-06-30,2025-07-29,momentum,20,20,20,0,valid,0.06065684872445828,0.1585314626564731,up
loose,replay_loose_2025-06-30,2025-06-30T00:00:00+00:00,2025-06-30,2025-09-24,momentum,60,20,20,0,valid,0.11353843508185361,0.1585314626564731,up
loose,replay_loose_2025-06-30,2025-06-30T00:00:00+00:00,2025-06-30,2025-12-18,momentum,120,20,20,0,valid,0.17651676850835135,0.1585314626564731,up
loose,replay_loose_2025-06-30,2025-06-30T00:00:00+00:00,2025-06-30,2025-07-29,research_pool,20,30,30,0,valid,0.029132020020394226,0.1585314626564731,up
loose,replay_loose_2025-06-30,2025-06-30T00:00:00+00:00,2025-06-30,2025-09-24,research_pool,60,30,30,0,valid,0.06149208707857533,0.1585314626564731,up
loose,replay_loose_2025-06-30,2025-06-30T00:00:00+00:00,2025-06-30,2025-12-18,research_pool,120,30,30,0,valid,0.09871473279562439,0.1585314626564731,up
loose,replay_loose_2025-07-31,2025-07-31T00:00:00+00:00,2025-07-31,2025-08-28,low_value,20,19,19,0,valid,0.03415886829423137,0.16267105669307536,up
loose,replay_loose_2025-07-31,2025-07-31T00:00:00+00:00,2025-07-31,2025-10-24,low_value,60,19,19,0,valid,0.12199568449527325,0.16267105669307536,up
loose,replay_loose_2025-07-31,2025-07-31T00:00:00+00:00,2025-07-31,2026-01-22,low_value,120,19,19,0,valid,0.2361268178344542,0.16267105669307536,up
loose,replay_loose_2025-07-31,2025-07-31T00:00:00+00:00,2025-07-31,2025-08-28,industry_trend,20,20,20,0,valid,0.018841546190254667,0.16267105669307536,up
loose,replay_loose_2025-07-31,2025-07-31T00:00:00+00:00,2025-07-31,2025-10-24,industry_trend,60,20,20,0,valid,0.12818327070919813,0.16267105669307536,up
loose,replay_loose_2025-07-31,2025-07-31T00:00:00+00:00,2025-07-31,2026-01-22,industry_trend,120,20,20,0,valid,0.13364474956647932,0.16267105669307536,up
loose,replay_loose_2025-07-31,2025-07-31T00:00:00+00:00,2025-07-31,2025-08-28,momentum,20,20,20,0,valid,0.01240920694228358,0.16267105669307536,up
loose,replay_loose_2025-07-31,2025-07-31T00:00:00+00:00,2025-07-31,2025-10-24,momentum,60,20,20,0,valid,0.14183183892475393,0.16267105669307536,up
loose,replay_loose_2025-07-31,2025-07-31T00:00:00+00:00,2025-07-31,2026-01-22,momentum,120,20,20,0,valid,0.13782951472026517,0.16267105669307536,up
loose,replay_loose_2025-07-31,2025-07-31T00:00:00+00:00,2025-07-31,2025-08-28,research_pool,20,30,30,0,valid,0.05445886642332393,0.16267105669307536,up
loose,replay_loose_2025-07-31,2025-07-31T00:00:00+00:00,2025-07-31,2025-10-24,research_pool,60,30,30,0,valid,0.08620515200791351,0.16267105669307536,up
loose,replay_loose_2025-07-31,2025-07-31T00:00:00+00:00,2025-07-31,2026-01-22,research_pool,120,30,30,0,valid,0.20579565704727815,0.16267105669307536,up
loose,replay_loose_2025-08-29,2025-08-29T00:00:00+00:00,2025-08-29,2025-09-29,low_value,20,19,19,0,valid,0.04186189983623066,0.07858007413571366,up
loose,replay_loose_2025-08-29,2025-08-29T00:00:00+00:00,2025-08-29,2025-11-24,low_value,60,19,19,0,valid,0.013299658431193162,0.07858007413571366,up
loose,replay_loose_2025-08-29,2025-08-29T00:00:00+00:00,2025-08-29,2026-02-23,low_value,120,19,19,0,valid,0.0790333757830282,0.07858007413571366,up
loose,replay_loose_2025-08-29,2025-08-29T00:00:00+00:00,2025-08-29,2025-09-29,industry_trend,20,21,21,0,valid,0.03156803893667985,0.07858007413571366,up
loose,replay_loose_2025-08-29,2025-08-29T00:00:00+00:00,2025-08-29,2025-11-24,industry_trend,60,21,21,0,valid,0.053416383027477345,0.07858007413571366,up
loose,replay_loose_2025-08-29,2025-08-29T00:00:00+00:00,2025-08-29,2026-02-23,industry_trend,120,21,21,0,valid,0.10048811630825998,0.07858007413571366,up
loose,replay_loose_2025-08-29,2025-08-29T00:00:00+00:00,2025-08-29,2025-09-29,momentum,20,19,19,0,valid,0.04234350944777867,0.07858007413571366,up
loose,replay_loose_2025-08-29,2025-08-29T00:00:00+00:00,2025-08-29,2025-11-24,momentum,60,19,19,0,valid,0.09247447245889932,0.07858007413571366,up
loose,replay_loose_2025-08-29,2025-08-29T00:00:00+00:00,2025-08-29,2026-02-23,momentum,120,19,19,0,valid,0.26974295898556233,0.07858007413571366,up
loose,replay_loose_2025-08-29,2025-08-29T00:00:00+00:00,2025-08-29,2025-09-29,research_pool,20,30,30,0,valid,0.021618176092983055,0.07858007413571366,up
loose,replay_loose_2025-08-29,2025-08-29T00:00:00+00:00,2025-08-29,2025-11-24,research_pool,60,30,30,0,valid,0.04017964013181604,0.07858007413571366,up
loose,replay_loose_2025-08-29,2025-08-29T00:00:00+00:00,2025-08-29,2026-02-23,research_pool,120,30,30,0,valid,0.11899300890315612,0.07858007413571366,up
loose,replay_loose_2025-09-30,2025-09-30T00:00:00+00:00,2025-09-30,2025-10-28,low_value,20,19,19,0,valid,0.03248277259649253,0.08710138891403951,up
loose,replay_loose_2025-09-30,2025-09-30T00:00:00+00:00,2025-09-30,2025-12-24,low_value,60,19,19,0,valid,0.03520665078316867,0.08710138891403951,up
loose,replay_loose_2025-09-30,2025-09-30T00:00:00+00:00,2025-09-30,2026-03-24,low_value,120,19,19,0,valid,-0.056802559104733884,0.08710138891403951,up
loose,replay_loose_2025-09-30,2025-09-30T00:00:00+00:00,2025-09-30,2025-10-28,industry_trend,20,20,20,0,valid,0.05170535472611726,0.08710138891403951,up
loose,replay_loose_2025-09-30,2025-09-30T00:00:00+00:00,2025-09-30,2025-12-24,industry_trend,60,20,20,0,valid,0.0736479436773183,0.08710138891403951,up
loose,replay_loose_2025-09-30,2025-09-30T00:00:00+00:00,2025-09-30,2026-03-24,industry_trend,120,20,20,0,valid,0.11998206400884237,0.08710138891403951,up
loose,replay_loose_2025-09-30,2025-09-30T00:00:00+00:00,2025-09-30,2025-10-28,momentum,20,21,21,0,valid,0.08089050538829655,0.08710138891403951,up
loose,replay_loose_2025-09-30,2025-09-30T00:00:00+00:00,2025-09-30,2025-12-24,momentum,60,21,21,0,valid,0.09926669714830437,0.08710138891403951,up
loose,replay_loose_2025-09-30,2025-09-30T00:00:00+00:00,2025-09-30,2026-03-24,momentum,120,21,21,0,valid,0.22168272917406123,0.08710138891403951,up
loose,replay_loose_2025-09-30,2025-09-30T00:00:00+00:00,2025-09-30,2025-10-28,research_pool,20,30,30,0,valid,0.01704965202247677,0.08710138891403951,up
loose,replay_loose_2025-09-30,2025-09-30T00:00:00+00:00,2025-09-30,2025-12-24,research_pool,60,30,30,0,valid,0.05211712127233056,0.08710138891403951,up
loose,replay_loose_2025-09-30,2025-09-30T00:00:00+00:00,2025-09-30,2026-03-24,research_pool,120,30,30,0,valid,0.01881500705815454,0.08710138891403951,up
loose,replay_loose_2025-10-31,2025-10-31T00:00:00+00:00,2025-10-31,2025-12-01,low_value,20,21,21,0,valid,-0.0319567275596511,0.10547767119918472,up
loose,replay_loose_2025-10-31,2025-10-31T00:00:00+00:00,2025-10-31,2026-01-29,low_value,60,21,21,0,valid,0.0390523168422966,0.10547767119918472,up
loose,replay_loose_2025-10-31,2025-10-31T00:00:00+00:00,2025-10-31,2026-04-27,low_value,120,21,21,0,valid,0.04207357386535363,0.10547767119918472,up
loose,replay_loose_2025-10-31,2025-10-31T00:00:00+00:00,2025-10-31,2025-12-01,industry_trend,20,24,24,0,valid,-0.048962161923270985,0.10547767119918472,up
loose,replay_loose_2025-10-31,2025-10-31T00:00:00+00:00,2025-10-31,2026-01-29,industry_trend,60,24,24,0,valid,0.055860560540730596,0.10547767119918472,up
loose,replay_loose_2025-10-31,2025-10-31T00:00:00+00:00,2025-10-31,2026-04-27,industry_trend,120,24,24,0,valid,0.18690090603394918,0.10547767119918472,up
loose,replay_loose_2025-10-31,2025-10-31T00:00:00+00:00,2025-10-31,2025-12-01,momentum,20,21,21,0,valid,-0.042111537120706644,0.10547767119918472,up
loose,replay_loose_2025-10-31,2025-10-31T00:00:00+00:00,2025-10-31,2026-01-29,momentum,60,21,21,0,valid,0.08795581714961577,0.10547767119918472,up
loose,replay_loose_2025-10-31,2025-10-31T00:00:00+00:00,2025-10-31,2026-04-27,momentum,120,21,21,0,valid,0.26491112912920867,0.10547767119918472,up
loose,replay_loose_2025-10-31,2025-10-31T00:00:00+00:00,2025-10-31,2025-12-01,research_pool,20,30,30,0,valid,-0.014186812814774904,0.10547767119918472,up
loose,replay_loose_2025-10-31,2025-10-31T00:00:00+00:00,2025-10-31,2026-01-29,research_pool,60,30,30,0,valid,0.0321081057616014,0.10547767119918472,up
loose,replay_loose_2025-10-31,2025-10-31T00:00:00+00:00,2025-10-31,2026-04-27,research_pool,120,30,30,0,valid,0.09055775541650385,0.10547767119918472,up
loose,replay_loose_2025-11-28,2025-11-28T00:00:00+00:00,2025-11-28,2025-12-29,low_value,20,20,20,0,valid,0.03146355119283421,0.07620901853075135,up
loose,replay_loose_2025-11-28,2025-11-28T00:00:00+00:00,2025-11-28,2026-02-26,low_value,60,20,20,0,valid,0.007105656949698075,0.07620901853075135,up
loose,replay_loose_2025-11-28,2025-11-28T00:00:00+00:00,2025-11-28,2026-05-22,low_value,120,20,20,0,valid,0.026817444948590348,0.07620901853075135,up
loose,replay_loose_2025-11-28,2025-11-28T00:00:00+00:00,2025-11-28,2025-12-29,industry_trend,20,21,21,0,valid,0.025241439349123627,0.07620901853075135,up
loose,replay_loose_2025-11-28,2025-11-28T00:00:00+00:00,2025-11-28,2026-02-26,industry_trend,60,21,21,0,valid,0.14929908604860923,0.07620901853075135,up
loose,replay_loose_2025-11-28,2025-11-28T00:00:00+00:00,2025-11-28,2026-05-22,industry_trend,120,21,21,0,valid,0.29765022800337837,0.07620901853075135,up
loose,replay_loose_2025-11-28,2025-11-28T00:00:00+00:00,2025-11-28,2025-12-29,momentum,20,21,21,0,valid,0.03339980840686251,0.07620901853075135,up
loose,replay_loose_2025-11-28,2025-11-28T00:00:00+00:00,2025-11-28,2026-02-26,momentum,60,21,21,0,valid,0.16046790275167636,0.07620901853075135,up
loose,replay_loose_2025-11-28,2025-11-28T00:00:00+00:00,2025-11-28,2026-05-22,momentum,120,21,21,0,valid,0.3680405978483386,0.07620901853075135,up
loose,replay_loose_2025-11-28,2025-11-28T00:00:00+00:00,2025-11-28,2025-12-29,research_pool,20,30,30,0,valid,0.014000829967540299,0.07620901853075135,up
loose,replay_loose_2025-11-28,2025-11-28T00:00:00+00:00,2025-11-28,2026-02-26,research_pool,60,30,30,0,valid,0.07658955440121659,0.07620901853075135,up
loose,replay_loose_2025-11-28,2025-11-28T00:00:00+00:00,2025-11-28,2026-05-22,research_pool,120,30,30,0,valid,0.31493631144305334,0.07620901853075135,up
loose,replay_loose_2025-12-31,2025-12-31T00:00:00+00:00,2025-12-31,2026-01-30,low_value,20,19,19,0,valid,-0.009615819745517524,0.01081161137440767,up
loose,replay_loose_2025-12-31,2025-12-31T00:00:00+00:00,2025-12-31,2026-03-30,low_value,60,19,19,0,valid,-0.13887329428460735,0.01081161137440767,up
loose,replay_loose_2025-12-31,2025-12-31T00:00:00+00:00,2025-12-31,2026-06-25,low_value,120,19,19,0,valid,-0.102723941365109,0.01081161137440767,up
loose,replay_loose_2025-12-31,2025-12-31T00:00:00+00:00,2025-12-31,2026-01-30,industry_trend,20,20,20,0,valid,0.06954853788745245,0.01081161137440767,up
loose,replay_loose_2025-12-31,2025-12-31T00:00:00+00:00,2025-12-31,2026-03-30,industry_trend,60,20,20,0,valid,-0.03483267440294703,0.01081161137440767,up
loose,replay_loose_2025-12-31,2025-12-31T00:00:00+00:00,2025-12-31,2026-06-25,industry_trend,120,20,20,0,valid,0.3357096311465034,0.01081161137440767,up
loose,replay_loose_2025-12-31,2025-12-31T00:00:00+00:00,2025-12-31,2026-01-30,momentum,20,21,21,0,valid,0.09143478725416535,0.01081161137440767,up
loose,replay_loose_2025-12-31,2025-12-31T00:00:00+00:00,2025-12-31,2026-03-30,momentum,60,21,21,0,valid,-0.009682466602106962,0.01081161137440767,up
loose,replay_loose_2025-12-31,2025-12-31T00:00:00+00:00,2025-12-31,2026-06-25,momentum,120,21,21,0,valid,0.37214269161332025,0.01081161137440767,up
loose,replay_loose_2025-12-31,2025-12-31T00:00:00+00:00,2025-12-31,2026-01-30,research_pool,20,30,30,0,valid,0.023588576964026147,0.01081161137440767,up
loose,replay_loose_2025-12-31,2025-12-31T00:00:00+00:00,2025-12-31,2026-03-30,research_pool,60,30,30,0,valid,-0.02812903889409932,0.01081161137440767,up
loose,replay_loose_2025-12-31,2025-12-31T00:00:00+00:00,2025-12-31,2026-06-25,research_pool,120,30,30,0,valid,0.1277924931203859,0.01081161137440767,up
loose,replay_loose_2026-01-30,2026-01-30T00:00:00+00:00,2026-01-30,2026-03-02,low_value,20,19,19,0,valid,-0.052822331477760366,-0.016499509602303175,down
loose,replay_loose_2026-01-30,2026-01-30T00:00:00+00:00,2026-01-30,2026-04-28,low_value,60,19,19,0,valid,-0.0571855955722804,-0.016499509602303175,down
loose,replay_loose_2026-01-30,2026-01-30T00:00:00+00:00,2026-01-30,2026-07-24,low_value,120,19,19,0,valid,-0.03269875857369424,-0.016499509602303175,down
loose,replay_loose_2026-01-30,2026-01-30T00:00:00+00:00,2026-01-30,2026-03-02,industry_trend,20,22,22,0,valid,0.03385336120327387,-0.016499509602303175,down
loose,replay_loose_2026-01-30,2026-01-30T00:00:00+00:00,2026-01-30,2026-04-28,industry_trend,60,22,22,0,valid,0.11547678405541313,-0.016499509602303175,down
loose,replay_loose_2026-01-30,2026-01-30T00:00:00+00:00,2026-01-30,2026-07-24,industry_trend,120,22,22,0,valid,0.2294842056814104,-0.016499509602303175,down
loose,replay_loose_2026-01-30,2026-01-30T00:00:00+00:00,2026-01-30,2026-03-02,momentum,20,20,20,0,valid,0.05252824207567536,-0.016499509602303175,down
loose,replay_loose_2026-01-30,2026-01-30T00:00:00+00:00,2026-01-30,2026-04-28,momentum,60,20,20,0,valid,0.12908663174163706,-0.016499509602303175,down
loose,replay_loose_2026-01-30,2026-01-30T00:00:00+00:00,2026-01-30,2026-07-24,momentum,120,20,20,0,valid,0.256840600381434,-0.016499509602303175,down
loose,replay_loose_2026-01-30,2026-01-30T00:00:00+00:00,2026-01-30,2026-03-02,research_pool,20,30,30,0,valid,0.019064989049848265,-0.016499509602303175,down
loose,replay_loose_2026-01-30,2026-01-30T00:00:00+00:00,2026-01-30,2026-04-28,research_pool,60,30,30,0,valid,0.10920652887711296,-0.016499509602303175,down
loose,replay_loose_2026-01-30,2026-01-30T00:00:00+00:00,2026-01-30,2026-07-24,research_pool,120,30,30,0,valid,0.17045433363465387,-0.016499509602303175,down
loose,replay_loose_2026-02-27,2026-02-27T00:00:00+00:00,2026-02-27,2026-03-27,low_value,20,20,20,0,valid,-0.04265702099952478,-0.01606318347509106,down
loose,replay_loose_2026-02-27,2026-02-27T00:00:00+00:00,2026-02-27,2026-05-26,low_value,60,20,20,0,valid,0.0630200514041627,-0.01606318347509106,down
loose,replay_loose_2026-02-27,2026-02-27T00:00:00+00:00,2026-02-27,2026-08-20,low_value,120,20,20,0,valid,0.17226398179353897,-0.01606318347509106,down
loose,replay_loose_2026-02-27,2026-02-27T00:00:00+00:00,2026-02-27,2026-03-27,industry_trend,20,20,20,0,valid,-0.06881604208738414,-0.01606318347509106,down
loose,replay_loose_2026-02-27,2026-02-27T00:00:00+00:00,2026-02-27,2026-05-26,industry_trend,60,20,20,0,valid,0.20912489376627802,-0.01606318347509106,down
loose,replay_loose_2026-02-27,2026-02-27T00:00:00+00:00,2026-02-27,2026-08-20,industry_trend,120,20,20,0,valid,0.1882919203991587,-0.01606318347509106,down
loose,replay_loose_2026-02-27,2026-02-27T00:00:00+00:00,2026-02-27,2026-03-27,momentum,20,20,20,0,valid,-0.0689181688868836,-0.01606318347509106,down
loose,replay_loose_2026-02-27,2026-02-27T00:00:00+00:00,2026-02-27,2026-05-26,momentum,60,20,20,0,valid,0.19514904134751515,-0.01606318347509106,down
loose,replay_loose_2026-02-27,2026-02-27T00:00:00+00:00,2026-02-27,2026-08-20,momentum,120,20,20,0,valid,0.16565967599340903,-0.01606318347509106,down
loose,replay_loose_2026-02-27,2026-02-27T00:00:00+00:00,2026-02-27,2026-03-27,research_pool,20,30,30,0,valid,-0.05832734534386013,-0.01606318347509106,down
loose,replay_loose_2026-02-27,2026-02-27T00:00:00+00:00,2026-02-27,2026-05-26,research_pool,60,30,30,0,valid,0.21011515517661503,-0.01606318347509106,down
loose,replay_loose_2026-02-27,2026-02-27T00:00:00+00:00,2026-02-27,2026-08-20,research_pool,120,30,30,0,valid,0.19535377414251356,-0.01606318347509106,down
loose,replay_loose_2026-03-31,2026-03-31T00:00:00+00:00,2026-03-31,2026-05-08,low_value,20,0,0,0,no_signal,,-0.05867097279311029,down
loose,replay_loose_2026-03-31,2026-03-31T00:00:00+00:00,2026-03-31,2026-07-03,low_value,60,0,0,0,no_signal,,-0.05867097279311029,down
loose,replay_loose_2026-03-31,2026-03-31T00:00:00+00:00,2026-03-31,2026-09-25,low_value,120,0,0,0,no_signal,,-0.05867097279311029,down
loose,replay_loose_2026-03-31,2026-03-31T00:00:00+00:00,2026-03-31,2026-05-08,industry_trend,20,0,0,0,no_signal,,-0.05867097279311029,down
loose,replay_loose_2026-03-31,2026-03-31T00:00:00+00:00,2026-03-31,2026-07-03,industry_trend,60,0,0,0,no_signal,,-0.05867097279311029,down
loose,replay_loose_2026-03-31,2026-03-31T00:00:00+00:00,2026-03-31,2026-09-25,industry_trend,120,0,0,0,no_signal,,-0.05867097279311029,down
loose,replay_loose_2026-03-31,2026-03-31T00:00:00+00:00,2026-03-31,2026-05-08,momentum,20,0,0,0,no_signal,,-0.05867097279311029,down
loose,replay_loose_2026-03-31,2026-03-31T00:00:00+00:00,2026-03-31,2026-07-03,momentum,60,0,0,0,no_signal,,-0.05867097279311029,down
loose,replay_loose_2026-03-31,2026-03-31T00:00:00+00:00,2026-03-31,2026-09-25,momentum,120,0,0,0,no_signal,,-0.05867097279311029,down
loose,replay_loose_2026-03-31,2026-03-31T00:00:00+00:00,2026-03-31,2026-04-29,research_pool,20,30,30,0,valid,0.10418022874602025,-0.05867097279311029,down
loose,replay_loose_2026-03-31,2026-03-31T00:00:00+00:00,2026-03-31,2026-06-26,research_pool,60,30,30,0,valid,0.22821257864166253,-0.05867097279311029,down
loose,replay_loose_2026-03-31,2026-03-31T00:00:00+00:00,2026-03-31,2026-09-22,research_pool,120,30,30,0,valid,0.3130452197778703,-0.05867097279311029,down
strict,replay_strict_2023-01-31,2023-01-31T00:00:00+00:00,2023-01-31,2023-03-01,low_value,20,23,23,0,valid,-0.021738793842413583,0.10936264729134515,up
strict,replay_strict_2023-01-31,2023-01-31T00:00:00+00:00,2023-01-31,2023-04-27,low_value,60,23,23,0,valid,-0.013233248554784737,0.10936264729134515,up
strict,replay_strict_2023-01-31,2023-01-31T00:00:00+00:00,2023-01-31,2023-07-25,low_value,120,23,23,0,valid,0.18800973383980768,0.10936264729134515,up
strict,replay_strict_2023-01-31,2023-01-31T00:00:00+00:00,2023-01-31,2023-03-01,industry_trend,20,20,20,0,valid,-0.015075265030005424,0.10936264729134515,up
strict,replay_strict_2023-01-31,2023-01-31T00:00:00+00:00,2023-01-31,2023-04-27,industry_trend,60,20,20,0,valid,0.014001673962135553,0.10936264729134515,up
strict,replay_strict_2023-01-31,2023-01-31T00:00:00+00:00,2023-01-31,2023-07-25,industry_trend,120,20,20,0,valid,0.2086863803339647,0.10936264729134515,up
strict,replay_strict_2023-01-31,2023-01-31T00:00:00+00:00,2023-01-31,2023-03-01,momentum,20,19,19,0,valid,-0.012951006370087977,0.10936264729134515,up
strict,replay_strict_2023-01-31,2023-01-31T00:00:00+00:00,2023-01-31,2023-04-27,momentum,60,19,19,0,valid,0.02348858287716668,0.10936264729134515,up
strict,replay_strict_2023-01-31,2023-01-31T00:00:00+00:00,2023-01-31,2023-07-25,momentum,120,19,19,0,valid,0.21980770251737525,0.10936264729134515,up
strict,replay_strict_2023-01-31,2023-01-31T00:00:00+00:00,2023-01-31,2023-03-01,research_pool,20,30,30,0,valid,-0.0010040204119230493,0.10936264729134515,up
strict,replay_strict_2023-01-31,2023-01-31T00:00:00+00:00,2023-01-31,2023-04-27,research_pool,60,30,30,0,valid,-0.028044175415204826,0.10936264729134515,up
strict,replay_strict_2023-01-31,2023-01-31T00:00:00+00:00,2023-01-31,2023-07-25,research_pool,120,30,30,0,valid,0.15707692606708473,0.10936264729134515,up
strict,replay_strict_2023-02-28,2023-02-28T00:00:00+00:00,2023-02-28,2023-03-28,low_value,20,21,21,0,valid,-0.028697051191747855,0.00044303581774185474,up
strict,replay_strict_2023-02-28,2023-02-28T00:00:00+00:00,2023-02-28,2023-05-24,low_value,60,21,21,0,valid,0.02253435830428917,0.00044303581774185474,up
strict,replay_strict_2023-02-28,2023-02-28T00:00:00+00:00,2023-02-28,2023-08-21,low_value,120,21,21,0,valid,0.0869843339312125,0.00044303581774185474,up
strict,replay_strict_2023-02-28,2023-02-28T00:00:00+00:00,2023-02-28,2023-03-28,industry_trend,20,19,19,0,valid,0.0007365292679697783,0.00044303581774185474,up
strict,replay_strict_2023-02-28,2023-02-28T00:00:00+00:00,2023-02-28,2023-05-24,industry_trend,60,19,19,0,valid,0.02344716504765575,0.00044303581774185474,up
strict,replay_strict_2023-02-28,2023-02-28T00:00:00+00:00,2023-02-28,2023-08-21,industry_trend,120,19,19,0,valid,0.19781467529086494,0.00044303581774185474,up
strict,replay_strict_2023-02-28,2023-02-28T00:00:00+00:00,2023-02-28,2023-03-28,momentum,20,21,21,0,valid,-0.00403942618461306,0.00044303581774185474,up
strict,replay_strict_2023-02-28,2023-02-28T00:00:00+00:00,2023-02-28,2023-05-24,momentum,60,21,21,0,valid,0.04520724345401494,0.00044303581774185474,up
strict,replay_strict_2023-02-28,2023-02-28T00:00:00+00:00,2023-02-28,2023-08-21,momentum,120,21,21,0,valid,0.235735642763214,0.00044303581774185474,up
strict,replay_strict_2023-02-28,2023-02-28T00:00:00+00:00,2023-02-28,2023-03-28,research_pool,20,30,30,0,valid,-0.02359248269796552,0.00044303581774185474,up
strict,replay_strict_2023-02-28,2023-02-28T00:00:00+00:00,2023-02-28,2023-05-24,research_pool,60,30,30,0,valid,-0.008954492163817407,0.00044303581774185474,up
strict,replay_strict_2023-02-28,2023-02-28T00:00:00+00:00,2023-02-28,2023-08-21,research_pool,120,30,30,0,valid,0.11032147940771017,0.00044303581774185474,up
strict,replay_strict_2023-03-31,2023-03-31T00:00:00+00:00,2023-03-31,2023-05-01,low_value,20,22,22,0,valid,-0.06725540677244758,0.2072170379289584,up
strict,replay_strict_2023-03-31,2023-03-31T00:00:00+00:00,2023-03-31,2023-06-28,low_value,60,22,22,0,valid,0.05613560949634439,0.2072170379289584,up
strict,replay_strict_2023-03-31,2023-03-31T00:00:00+00:00,2023-03-31,2023-09-22,low_value,120,22,22,0,valid,0.004705284293792805,0.2072170379289584,up
strict,replay_strict_2023-03-31,2023-03-31T00:00:00+00:00,2023-03-31,2023-05-01,industry_trend,20,22,22,0,valid,-0.008587588909724598,0.2072170379289584,up
strict,replay_strict_2023-03-31,2023-03-31T00:00:00+00:00,2023-03-31,2023-06-28,industry_trend,60,22,22,0,valid,0.07116446768162399,0.2072170379289584,up
strict,replay_strict_2023-03-31,2023-03-31T00:00:00+00:00,2023-03-31,2023-09-22,industry_trend,120,22,22,0,valid,0.05104154716852136,0.2072170379289584,up
strict,replay_strict_2023-03-31,2023-03-31T00:00:00+00:00,2023-03-31,2023-05-01,momentum,20,22,22,0,valid,-0.00770983763746154,0.2072170379289584,up
strict,replay_strict_2023-03-31,2023-03-31T00:00:00+00:00,2023-03-31,2023-06-28,momentum,60,22,22,0,valid,0.08138709332074769,0.2072170379289584,up
strict,replay_strict_2023-03-31,2023-03-31T00:00:00+00:00,2023-03-31,2023-09-22,momentum,120,22,22,0,valid,0.07000765023329093,0.2072170379289584,up
strict,replay_strict_2023-03-31,2023-03-31T00:00:00+00:00,2023-03-31,2023-05-01,research_pool,20,30,30,0,valid,-0.03851341636962705,0.2072170379289584,up
strict,replay_strict_2023-03-31,2023-03-31T00:00:00+00:00,2023-03-31,2023-06-28,research_pool,60,30,30,0,valid,0.037222076870328476,0.2072170379289584,up
strict,replay_strict_2023-03-31,2023-03-31T00:00:00+00:00,2023-03-31,2023-09-22,research_pool,120,30,30,0,valid,0.04465026859720904,0.2072170379289584,up
strict,replay_strict_2023-04-28,2023-04-28T00:00:00+00:00,2023-04-28,2023-05-26,low_value,20,22,22,0,valid,0.10638196030731951,0.07172280911567341,up
strict,replay_strict_2023-04-28,2023-04-28T00:00:00+00:00,2023-04-28,2023-07-26,low_value,60,22,22,0,valid,0.2056596448568145,0.07172280911567341,up
strict,replay_strict_2023-04-28,2023-04-28T00:00:00+00:00,2023-04-28,2023-10-19,low_value,120,22,22,0,valid,0.1195037317603924,0.07172280911567341,up
strict,replay_strict_2023-04-28,2023-04-28T00:00:00+00:00,2023-04-28,2023-05-26,industry_trend,20,19,19,0,valid,0.08401178934663049,0.07172280911567341,up
strict,replay_strict_2023-04-28,2023-04-28T00:00:00+00:00,2023-04-28,2023-07-26,industry_trend,60,19,19,0,valid,0.1661842707807894,0.07172280911567341,up
strict,replay_strict_2023-04-28,2023-04-28T00:00:00+00:00,2023-04-28,2023-10-19,industry_trend,120,19,19,0,valid,0.13690637195645922,0.07172280911567341,up
strict,replay_strict_2023-04-28,2023-04-28T00:00:00+00:00,2023-04-28,2023-05-26,momentum,20,19,19,0,valid,0.0882817088985834,0.07172280911567341,up
strict,replay_strict_2023-04-28,2023-04-28T00:00:00+00:00,2023-04-28,2023-07-26,momentum,60,19,19,0,valid,0.19130837958658484,0.07172280911567341,up
strict,replay_strict_2023-04-28,2023-04-28T00:00:00+00:00,2023-04-28,2023-10-19,momentum,120,19,19,0,valid,0.1457406515180323,0.07172280911567341,up
strict,replay_strict_2023-04-28,2023-04-28T00:00:00+00:00,2023-04-28,2023-05-26,research_pool,20,30,30,0,valid,0.022807171998817835,0.07172280911567341,up
strict,replay_strict_2023-04-28,2023-04-28T00:00:00+00:00,2023-04-28,2023-07-26,research_pool,60,30,30,0,valid,0.14319094438937083,0.07172280911567341,up
strict,replay_strict_2023-04-28,2023-04-28T00:00:00+00:00,2023-04-28,2023-10-19,research_pool,120,30,30,0,valid,0.059627857865285,0.07172280911567341,up
strict,replay_strict_2023-05-31,2023-05-31T00:00:00+00:00,2023-05-31,2023-06-29,low_value,20,22,22,0,valid,0.07786364493958385,0.15848415158484164,up
strict,replay_strict_2023-05-31,2023-05-31T00:00:00+00:00,2023-05-31,2023-08-25,low_value,60,22,22,0,valid,0.08698281545239746,0.15848415158484164,up
strict,replay_strict_2023-05-31,2023-05-31T00:00:00+00:00,2023-05-31,2023-11-20,low_value,120,22,22,0,valid,0.11142807400211963,0.15848415158484164,up
strict,replay_strict_2023-05-31,2023-05-31T00:00:00+00:00,2023-05-31,2023-06-29,industry_trend,20,20,20,0,valid,0.05763608424193887,0.15848415158484164,up
strict,replay_strict_2023-05-31,2023-05-31T00:00:00+00:00,2023-05-31,2023-08-25,industry_trend,60,20,20,0,valid,0.0704160055895674,0.15848415158484164,up
strict,replay_strict_2023-05-31,2023-05-31T00:00:00+00:00,2023-05-31,2023-11-20,industry_trend,120,20,20,0,valid,0.14801296664831426,0.15848415158484164,up
strict,replay_strict_2023-05-31,2023-05-31T00:00:00+00:00,2023-05-31,2023-06-29,momentum,20,22,22,0,valid,0.05486515927829719,0.15848415158484164,up
strict,replay_strict_2023-05-31,2023-05-31T00:00:00+00:00,2023-05-31,2023-08-25,momentum,60,22,22,0,valid,0.06294606968077344,0.15848415158484164,up
strict,replay_strict_2023-05-31,2023-05-31T00:00:00+00:00,2023-05-31,2023-11-20,momentum,120,22,22,0,valid,0.13772586805491757,0.15848415158484164,up
strict,replay_strict_2023-05-31,2023-05-31T00:00:00+00:00,2023-05-31,2023-06-29,research_pool,20,30,30,0,valid,0.07866729699827131,0.15848415158484164,up
strict,replay_strict_2023-05-31,2023-05-31T00:00:00+00:00,2023-05-31,2023-08-25,research_pool,60,30,30,0,valid,0.10812106845216765,0.15848415158484164,up
strict,replay_strict_2023-05-31,2023-05-31T00:00:00+00:00,2023-05-31,2023-11-20,research_pool,120,30,30,0,valid,0.09954952294131071,0.15848415158484164,up
strict,replay_strict_2023-06-30,2023-06-30T00:00:00+00:00,2023-06-30,2023-07-31,low_value,20,22,22,0,valid,0.06053863381591404,0.1580514250795193,up
strict,replay_strict_2023-06-30,2023-06-30T00:00:00+00:00,2023-06-30,2023-09-26,low_value,60,22,22,0,valid,-0.07595499407884558,0.1580514250795193,up
strict,replay_strict_2023-06-30,2023-06-30T00:00:00+00:00,2023-06-30,2023-12-20,low_value,120,22,22,0,valid,0.026277941125714643,0.1580514250795193,up
strict,replay_strict_2023-06-30,2023-06-30T00:00:00+00:00,2023-06-30,2023-07-31,industry_trend,20,21,21,0,valid,0.027787556595774948,0.1580514250795193,up
strict,replay_strict_2023-06-30,2023-06-30T00:00:00+00:00,2023-06-30,2023-09-26,industry_trend,60,21,21,0,valid,-0.0714615254329457,0.1580514250795193,up
strict,replay_strict_2023-06-30,2023-06-30T00:00:00+00:00,2023-06-30,2023-12-20,industry_trend,120,21,21,0,valid,0.05230714748390172,0.1580514250795193,up
strict,replay_strict_2023-06-30,2023-06-30T00:00:00+00:00,2023-06-30,2023-07-31,momentum,20,20,20,0,valid,0.04458294820800064,0.1580514250795193,up
strict,replay_strict_2023-06-30,2023-06-30T00:00:00+00:00,2023-06-30,2023-09-26,momentum,60,20,20,0,valid,-0.06123536972592951,0.1580514250795193,up
strict,replay_strict_2023-06-30,2023-06-30T00:00:00+00:00,2023-06-30,2023-12-20,momentum,120,20,20,0,valid,0.04487538679138399,0.1580514250795193,up
strict,replay_strict_2023-06-30,2023-06-30T00:00:00+00:00,2023-06-30,2023-07-31,research_pool,20,30,30,0,valid,0.05638287389005787,0.1580514250795193,up
strict,replay_strict_2023-06-30,2023-06-30T00:00:00+00:00,2023-06-30,2023-09-26,research_pool,60,30,30,0,valid,-0.03814874015250611,0.1580514250795193,up
strict,replay_strict_2023-06-30,2023-06-30T00:00:00+00:00,2023-06-30,2023-12-20,research_pool,120,30,30,0,valid,0.05766317712223089,0.1580514250795193,up
strict,replay_strict_2023-07-31,2023-07-31T00:00:00+00:00,2023-07-31,2023-08-28,low_value,20,16,16,0,valid,-0.0538851980171734,0.20940271935214505,up
strict,replay_strict_2023-07-31,2023-07-31T00:00:00+00:00,2023-07-31,2023-10-24,low_value,60,16,16,0,valid,-0.11949782618541571,0.20940271935214505,up
strict,replay_strict_2023-07-31,2023-07-31T00:00:00+00:00,2023-07-31,2024-01-22,low_value,120,16,16,0,valid,-0.04563044052217612,0.20940271935214505,up
strict,replay_strict_2023-07-31,2023-07-31T00:00:00+00:00,2023-07-31,2023-08-28,industry_trend,20,20,20,0,valid,-0.07024744033238348,0.20940271935214505,up
strict,replay_strict_2023-07-31,2023-07-31T00:00:00+00:00,2023-07-31,2023-10-24,industry_trend,60,20,20,0,valid,-0.09815739719044461,0.20940271935214505,up
strict,replay_strict_2023-07-31,2023-07-31T00:00:00+00:00,2023-07-31,2024-01-22,industry_trend,120,20,20,0,valid,0.10731117303104984,0.20940271935214505,up
strict,replay_strict_2023-07-31,2023-07-31T00:00:00+00:00,2023-07-31,2023-08-28,momentum,20,20,20,0,valid,-0.06861996271099399,0.20940271935214505,up
strict,replay_strict_2023-07-31,2023-07-31T00:00:00+00:00,2023-07-31,2023-10-24,momentum,60,20,20,0,valid,-0.09336995233360115,0.20940271935214505,up
strict,replay_strict_2023-07-31,2023-07-31T00:00:00+00:00,2023-07-31,2024-01-22,momentum,120,20,20,0,valid,0.07870981717761734,0.20940271935214505,up
strict,replay_strict_2023-07-31,2023-07-31T00:00:00+00:00,2023-07-31,2023-08-28,research_pool,20,30,30,0,valid,-0.0398563580412752,0.20940271935214505,up
strict,replay_strict_2023-07-31,2023-07-31T00:00:00+00:00,2023-07-31,2023-10-24,research_pool,60,30,30,0,valid,-0.10078340723343805,0.20940271935214505,up
strict,replay_strict_2023-07-31,2023-07-31T00:00:00+00:00,2023-07-31,2024-01-22,research_pool,120,30,30,0,valid,0.01392040970213767,0.20940271935214505,up
strict,replay_strict_2023-08-31,2023-08-31T00:00:00+00:00,2023-08-31,2023-09-29,low_value,20,20,20,0,valid,-0.06361346621943502,0.06465335098740743,up
strict,replay_strict_2023-08-31,2023-08-31T00:00:00+00:00,2023-08-31,2023-11-27,low_value,60,20,20,0,valid,-0.03339417876092382,0.06465335098740743,up
strict,replay_strict_2023-08-31,2023-08-31T00:00:00+00:00,2023-08-31,2024-02-23,low_value,120,20,20,0,valid,0.08204786931338348,0.06465335098740743,up
strict,replay_strict_2023-08-31,2023-08-31T00:00:00+00:00,2023-08-31,2023-09-29,industry_trend,20,21,21,0,valid,-0.06909345121797518,0.06465335098740743,up
strict,replay_strict_2023-08-31,2023-08-31T00:00:00+00:00,2023-08-31,2023-11-27,industry_trend,60,21,21,0,valid,0.01682610067338194,0.06465335098740743,up
strict,replay_strict_2023-08-31,2023-08-31T00:00:00+00:00,2023-08-31,2024-02-23,industry_trend,120,21,21,0,valid,0.16465246113180743,0.06465335098740743,up
strict,replay_strict_2023-08-31,2023-08-31T00:00:00+00:00,2023-08-31,2023-09-29,momentum,20,20,20,0,valid,-0.07809307807313111,0.06465335098740743,up
strict,replay_strict_2023-08-31,2023-08-31T00:00:00+00:00,2023-08-31,2023-11-27,momentum,60,20,20,0,valid,-0.000544124543107792,0.06465335098740743,up
strict,replay_strict_2023-08-31,2023-08-31T00:00:00+00:00,2023-08-31,2024-02-23,momentum,120,20,20,0,valid,0.144717233935839,0.06465335098740743,up
strict,replay_strict_2023-08-31,2023-08-31T00:00:00+00:00,2023-08-31,2023-09-29,research_pool,20,30,30,0,valid,-0.07837946610412357,0.06465335098740743,up
strict,replay_strict_2023-08-31,2023-08-31T00:00:00+00:00,2023-08-31,2023-11-27,research_pool,60,30,30,0,valid,-0.03944082394136029,0.06465335098740743,up
strict,replay_strict_2023-08-31,2023-08-31T00:00:00+00:00,2023-08-31,2024-02-23,research_pool,120,30,30,0,valid,0.11944741390063868,0.06465335098740743,up
strict,replay_strict_2023-09-29,2023-09-29T00:00:00+00:00,2023-09-29,2023-10-27,low_value,20,20,20,0,valid,-0.07013127378161367,-0.024775847290439357,down
strict,replay_strict_2023-09-29,2023-09-29T00:00:00+00:00,2023-09-29,2023-12-26,low_value,60,20,20,0,valid,0.13626250740075535,-0.024775847290439357,down
strict,replay_strict_2023-09-29,2023-09-29T00:00:00+00:00,2023-09-29,2024-03-22,low_value,120,20,20,0,valid,0.13223545094462624,-0.024775847290439357,down
strict,replay_strict_2023-09-29,2023-09-29T00:00:00+00:00,2023-09-29,2023-10-27,industry_trend,20,20,20,0,valid,-0.03874301426375114,-0.024775847290439357,down
strict,replay_strict_2023-09-29,2023-09-29T00:00:00+00:00,2023-09-29,2023-12-26,industry_trend,60,20,20,0,valid,0.13251866835301637,-0.024775847290439357,down
strict,replay_strict_2023-09-29,2023-09-29T00:00:00+00:00,2023-09-29,2024-03-22,industry_trend,120,20,20,0,valid,0.31450460578868217,-0.024775847290439357,down
strict,replay_strict_2023-09-29,2023-09-29T00:00:00+00:00,2023-09-29,2023-10-27,momentum,20,20,20,0,valid,-0.02656045225386259,-0.024775847290439357,down
strict,replay_strict_2023-09-29,2023-09-29T00:00:00+00:00,2023-09-29,2023-12-26,momentum,60,20,20,0,valid,0.1465509969260515,-0.024775847290439357,down
strict,replay_strict_2023-09-29,2023-09-29T00:00:00+00:00,2023-09-29,2024-03-22,momentum,120,20,20,0,valid,0.32767486622431174,-0.024775847290439357,down
strict,replay_strict_2023-09-29,2023-09-29T00:00:00+00:00,2023-09-29,2023-10-27,research_pool,20,30,30,0,valid,-0.0611563492598382,-0.024775847290439357,down
strict,replay_strict_2023-09-29,2023-09-29T00:00:00+00:00,2023-09-29,2023-12-26,research_pool,60,30,30,0,valid,0.11580257018141923,-0.024775847290439357,down
strict,replay_strict_2023-09-29,2023-09-29T00:00:00+00:00,2023-09-29,2024-03-22,research_pool,120,30,30,0,valid,0.24641188399033737,-0.024775847290439357,down
strict,replay_strict_2023-10-31,2023-10-31T00:00:00+00:00,2023-10-31,2023-11-29,low_value,20,22,22,0,valid,0.14636334965696374,-0.06465195608144114,down
strict,replay_strict_2023-10-31,2023-10-31T00:00:00+00:00,2023-10-31,2024-01-29,low_value,60,22,22,0,valid,0.23586344304882004,-0.06465195608144114,down
strict,replay_strict_2023-10-31,2023-10-31T00:00:00+00:00,2023-10-31,2024-04-24,low_value,120,22,22,0,valid,0.2610787092874147,-0.06465195608144114,down
strict,replay_strict_2023-10-31,2023-10-31T00:00:00+00:00,2023-10-31,2023-11-29,industry_trend,20,20,20,0,valid,0.0851345837373815,-0.06465195608144114,down
strict,replay_strict_2023-10-31,2023-10-31T00:00:00+00:00,2023-10-31,2024-01-29,industry_trend,60,20,20,0,valid,0.19921702314031384,-0.06465195608144114,down
strict,replay_strict_2023-10-31,2023-10-31T00:00:00+00:00,2023-10-31,2024-04-24,industry_trend,120,20,20,0,valid,0.25136376214696327,-0.06465195608144114,down
strict,replay_strict_2023-10-31,2023-10-31T00:00:00+00:00,2023-10-31,2023-11-29,momentum,20,19,19,0,valid,0.09102156878774145,-0.06465195608144114,down
strict,replay_strict_2023-10-31,2023-10-31T00:00:00+00:00,2023-10-31,2024-01-29,momentum,60,19,19,0,valid,0.17678534139750338,-0.06465195608144114,down
strict,replay_strict_2023-10-31,2023-10-31T00:00:00+00:00,2023-10-31,2024-04-24,momentum,120,19,19,0,valid,0.2374440986709823,-0.06465195608144114,down
strict,replay_strict_2023-10-31,2023-10-31T00:00:00+00:00,2023-10-31,2023-11-29,research_pool,20,30,30,0,valid,0.07840746751698509,-0.06465195608144114,down
strict,replay_strict_2023-10-31,2023-10-31T00:00:00+00:00,2023-10-31,2024-01-29,research_pool,60,30,30,0,valid,0.2182903181198345,-0.06465195608144114,down
strict,replay_strict_2023-10-31,2023-10-31T00:00:00+00:00,2023-10-31,2024-04-24,research_pool,120,30,30,0,valid,0.2970308866458228,-0.06465195608144114,down
strict,replay_strict_2023-11-30,2023-11-30T00:00:00+00:00,2023-11-30,2023-12-29,low_value,20,21,21,0,valid,0.11010116962369733,0.03764373182509417,up
strict,replay_strict_2023-11-30,2023-11-30T00:00:00+00:00,2023-11-30,2024-02-28,low_value,60,21,21,0,valid,0.08292260872731874,0.03764373182509417,up
strict,replay_strict_2023-11-30,2023-11-30T00:00:00+00:00,2023-11-30,2024-05-23,low_value,120,21,21,0,valid,0.11569790703479327,0.03764373182509417,up
strict,replay_strict_2023-11-30,2023-11-30T00:00:00+00:00,2023-11-30,2023-12-29,industry_trend,20,21,21,0,valid,0.05868041686304956,0.03764373182509417,up
strict,replay_strict_2023-11-30,2023-11-30T00:00:00+00:00,2023-11-30,2024-02-28,industry_trend,60,21,21,0,valid,0.12277839998197404,0.03764373182509417,up
strict,replay_strict_2023-11-30,2023-11-30T00:00:00+00:00,2023-11-30,2024-05-23,industry_trend,120,21,21,0,valid,0.13924215507420334,0.03764373182509417,up
strict,replay_strict_2023-11-30,2023-11-30T00:00:00+00:00,2023-11-30,2023-12-29,momentum,20,20,20,0,valid,0.062113845683735534,0.03764373182509417,up
strict,replay_strict_2023-11-30,2023-11-30T00:00:00+00:00,2023-11-30,2024-02-28,momentum,60,20,20,0,valid,0.13033061723078188,0.03764373182509417,up
strict,replay_strict_2023-11-30,2023-11-30T00:00:00+00:00,2023-11-30,2024-05-23,momentum,120,20,20,0,valid,0.15297854895548874,0.03764373182509417,up
strict,replay_strict_2023-11-30,2023-11-30T00:00:00+00:00,2023-11-30,2023-12-29,research_pool,20,30,30,0,valid,0.06541457084082979,0.03764373182509417,up
strict,replay_strict_2023-11-30,2023-11-30T00:00:00+00:00,2023-11-30,2024-02-28,research_pool,60,30,30,0,valid,0.19798156159234193,0.03764373182509417,up
strict,replay_strict_2023-11-30,2023-11-30T00:00:00+00:00,2023-11-30,2024-05-23,research_pool,120,30,30,0,valid,0.3244671193821363,0.03764373182509417,up
strict,replay_strict_2023-12-29,2023-12-29T00:00:00+00:00,2023-12-29,2024-01-30,low_value,20,20,20,0,valid,-0.01604025145782555,0.13827421327699296,up
strict,replay_strict_2023-12-29,2023-12-29T00:00:00+00:00,2023-12-29,2024-03-27,low_value,60,20,20,0,valid,0.05706486743532495,0.13827421327699296,up
strict,replay_strict_2023-12-29,2023-12-29T00:00:00+00:00,2023-12-29,2024-06-24,low_value,120,20,20,0,valid,0.02881023697755903,0.13827421327699296,up
strict,replay_strict_2023-12-29,2023-12-29T00:00:00+00:00,2023-12-29,2024-01-30,industry_trend,20,21,21,0,valid,0.0362280465427422,0.13827421327699296,up
strict,replay_strict_2023-12-29,2023-12-29T00:00:00+00:00,2023-12-29,2024-03-27,industry_trend,60,21,21,0,valid,0.1371823531937983,0.13827421327699296,up
strict,replay_strict_2023-12-29,2023-12-29T00:00:00+00:00,2023-12-29,2024-06-24,industry_trend,120,21,21,0,valid,0.17749195294306827,0.13827421327699296,up
strict,replay_strict_2023-12-29,2023-12-29T00:00:00+00:00,2023-12-29,2024-01-30,momentum,20,20,20,0,valid,0.022812996187840957,0.13827421327699296,up
strict,replay_strict_2023-12-29,2023-12-29T00:00:00+00:00,2023-12-29,2024-03-27,momentum,60,20,20,0,valid,0.13247247413460148,0.13827421327699296,up
strict,replay_strict_2023-12-29,2023-12-29T00:00:00+00:00,2023-12-29,2024-06-24,momentum,120,20,20,0,valid,0.18124043505822166,0.13827421327699296,up
strict,replay_strict_2023-12-29,2023-12-29T00:00:00+00:00,2023-12-29,2024-01-30,research_pool,20,30,30,0,valid,0.0368770416102016,0.13827421327699296,up
strict,replay_strict_2023-12-29,2023-12-29T00:00:00+00:00,2023-12-29,2024-03-27,research_pool,60,30,30,0,valid,0.16523516893587054,0.13827421327699296,up
strict,replay_strict_2023-12-29,2023-12-29T00:00:00+00:00,2023-12-29,2024-06-24,research_pool,120,30,30,0,valid,0.15644496397472493,0.13827421327699296,up
strict,replay_strict_2024-01-31,2024-01-31T00:00:00+00:00,2024-01-31,2024-02-29,low_value,20,20,20,0,valid,0.04558602408483352,0.14713731532175967,up
strict,replay_strict_2024-01-31,2024-01-31T00:00:00+00:00,2024-01-31,2024-04-26,low_value,60,20,20,0,valid,0.04651142897027571,0.14713731532175967,up
strict,replay_strict_2024-01-31,2024-01-31T00:00:00+00:00,2024-01-31,2024-07-24,low_value,120,20,20,0,valid,0.060517460639985886,0.14713731532175967,up
strict,replay_strict_2024-01-31,2024-01-31T00:00:00+00:00,2024-01-31,2024-02-29,industry_trend,20,21,21,0,valid,0.10298755538907857,0.14713731532175967,up
strict,replay_strict_2024-01-31,2024-01-31T00:00:00+00:00,2024-01-31,2024-04-26,industry_trend,60,21,21,0,valid,0.11764529772345046,0.14713731532175967,up
strict,replay_strict_2024-01-31,2024-01-31T00:00:00+00:00,2024-01-31,2024-07-24,industry_trend,120,21,21,0,valid,0.12835380435088845,0.14713731532175967,up
strict,replay_strict_2024-01-31,2024-01-31T00:00:00+00:00,2024-01-31,2024-02-29,momentum,20,22,22,0,valid,0.08331636642777954,0.14713731532175967,up
strict,replay_strict_2024-01-31,2024-01-31T00:00:00+00:00,2024-01-31,2024-04-26,momentum,60,22,22,0,valid,0.1059837027698335,0.14713731532175967,up
strict,replay_strict_2024-01-31,2024-01-31T00:00:00+00:00,2024-01-31,2024-07-24,momentum,120,22,22,0,valid,0.12272957661728946,0.14713731532175967,up
strict,replay_strict_2024-01-31,2024-01-31T00:00:00+00:00,2024-01-31,2024-02-29,research_pool,20,30,30,0,valid,0.07592869396703365,0.14713731532175967,up
strict,replay_strict_2024-01-31,2024-01-31T00:00:00+00:00,2024-01-31,2024-04-26,research_pool,60,30,30,0,valid,0.09651613675009131,0.14713731532175967,up
strict,replay_strict_2024-01-31,2024-01-31T00:00:00+00:00,2024-01-31,2024-07-24,research_pool,120,30,30,0,valid,0.09838901884762627,0.14713731532175967,up
strict,replay_strict_2024-02-29,2024-02-29T00:00:00+00:00,2024-02-29,2024-03-28,low_value,20,21,21,0,valid,0.03502202066418193,0.1260674445441723,up
strict,replay_strict_2024-02-29,2024-02-29T00:00:00+00:00,2024-02-29,2024-05-24,low_value,60,21,21,0,valid,0.027558758598184678,0.1260674445441723,up
strict,replay_strict_2024-02-29,2024-02-29T00:00:00+00:00,2024-02-29,2024-08-21,low_value,120,21,21,0,valid,0.0345025323178055,0.1260674445441723,up
strict,replay_strict_2024-02-29,2024-02-29T00:00:00+00:00,2024-02-29,2024-03-28,industry_trend,20,21,21,0,valid,0.034145385408635764,0.1260674445441723,up
strict,replay_strict_2024-02-29,2024-02-29T00:00:00+00:00,2024-02-29,2024-05-24,industry_trend,60,21,21,0,valid,0.05988580159341946,0.1260674445441723,up
strict,replay_strict_2024-02-29,2024-02-29T00:00:00+00:00,2024-02-29,2024-08-21,industry_trend,120,21,21,0,valid,0.06801486816278275,0.1260674445441723,up
strict,replay_strict_2024-02-29,2024-02-29T00:00:00+00:00,2024-02-29,2024-03-28,momentum,20,22,22,0,valid,0.05044055163472596,0.1260674445441723,up
strict,replay_strict_2024-02-29,2024-02-29T00:00:00+00:00,2024-02-29,2024-05-24,momentum,60,22,22,0,valid,0.0894001944342294,0.1260674445441723,up
strict,replay_strict_2024-02-29,2024-02-29T00:00:00+00:00,2024-02-29,2024-08-21,momentum,120,22,22,0,valid,0.07896024859654065,0.1260674445441723,up
strict,replay_strict_2024-02-29,2024-02-29T00:00:00+00:00,2024-02-29,2024-03-28,research_pool,20,30,30,0,valid,0.035246696284133454,0.1260674445441723,up
strict,replay_strict_2024-02-29,2024-02-29T00:00:00+00:00,2024-02-29,2024-05-24,research_pool,60,30,30,0,valid,0.0657359948813733,0.1260674445441723,up
strict,replay_strict_2024-02-29,2024-02-29T00:00:00+00:00,2024-02-29,2024-08-21,research_pool,120,30,30,0,valid,0.08040641974052876,0.1260674445441723,up
strict,replay_strict_2024-03-29,2024-03-29T00:00:00+00:00,2024-03-29,2024-04-26,low_value,20,21,21,0,valid,-0.036126195524072556,0.10305514157973161,up
strict,replay_strict_2024-03-29,2024-03-29T00:00:00+00:00,2024-03-29,2024-06-25,low_value,60,21,21,0,valid,-0.05087634226156802,0.10305514157973161,up
strict,replay_strict_2024-03-29,2024-03-29T00:00:00+00:00,2024-03-29,2024-09-19,low_value,120,21,21,0,valid,0.010963702693624339,0.10305514157973161,up
strict,replay_strict_2024-03-29,2024-03-29T00:00:00+00:00,2024-03-29,2024-04-26,industry_trend,20,19,19,0,valid,-0.008698722242893201,0.10305514157973161,up
strict,replay_strict_2024-03-29,2024-03-29T00:00:00+00:00,2024-03-29,2024-06-25,industry_trend,60,19,19,0,valid,0.052712671385797036,0.10305514157973161,up
strict,replay_strict_2024-03-29,2024-03-29T00:00:00+00:00,2024-03-29,2024-09-19,industry_trend,120,19,19,0,valid,0.13323676802668175,0.10305514157973161,up
strict,replay_strict_2024-03-29,2024-03-29T00:00:00+00:00,2024-03-29,2024-04-26,momentum,20,19,19,0,valid,-0.0041984358905298,0.10305514157973161,up
strict,replay_strict_2024-03-29,2024-03-29T00:00:00+00:00,2024-03-29,2024-06-25,momentum,60,19,19,0,valid,0.053942745757217095,0.10305514157973161,up
strict,replay_strict_2024-03-29,2024-03-29T00:00:00+00:00,2024-03-29,2024-09-19,momentum,120,19,19,0,valid,0.11571947736660561,0.10305514157973161,up
strict,replay_strict_2024-03-29,2024-03-29T00:00:00+00:00,2024-03-29,2024-04-26,research_pool,20,30,30,0,valid,-0.020953008993786045,0.10305514157973161,up
strict,replay_strict_2024-03-29,2024-03-29T00:00:00+00:00,2024-03-29,2024-06-25,research_pool,60,30,30,0,valid,-0.011444703380313337,0.10305514157973161,up
strict,replay_strict_2024-03-29,2024-03-29T00:00:00+00:00,2024-03-29,2024-09-19,research_pool,120,30,30,0,valid,0.06371308765252667,0.10305514157973161,up
strict,replay_strict_2024-04-30,2024-04-30T00:00:00+00:00,2024-04-30,2024-05-29,low_value,20,22,22,0,valid,0.0060720033995238405,-0.010520919502732151,down
strict,replay_strict_2024-04-30,2024-04-30T00:00:00+00:00,2024-04-30,2024-07-26,low_value,60,22,22,0,valid,0.0754475098385475,-0.010520919502732151,down
strict,replay_strict_2024-04-30,2024-04-30T00:00:00+00:00,2024-04-30,2024-10-21,low_value,120,22,22,0,valid,0.14830263849053169,-0.010520919502732151,down
strict,replay_strict_2024-04-30,2024-04-30T00:00:00+00:00,2024-04-30,2024-05-29,industry_trend,20,20,20,0,valid,0.056033852768662816,-0.010520919502732151,down
strict,replay_strict_2024-04-30,2024-04-30T00:00:00+00:00,2024-04-30,2024-07-26,industry_trend,60,20,20,0,valid,0.049440424020562694,-0.010520919502732151,down
strict,replay_strict_2024-04-30,2024-04-30T00:00:00+00:00,2024-04-30,2024-10-21,industry_trend,120,20,20,0,valid,0.1892086102941204,-0.010520919502732151,down
strict,replay_strict_2024-04-30,2024-04-30T00:00:00+00:00,2024-04-30,2024-05-29,momentum,20,19,19,0,valid,0.07057761465110465,-0.010520919502732151,down
strict,replay_strict_2024-04-30,2024-04-30T00:00:00+00:00,2024-04-30,2024-07-26,momentum,60,19,19,0,valid,0.06467444919325072,-0.010520919502732151,down
strict,replay_strict_2024-04-30,2024-04-30T00:00:00+00:00,2024-04-30,2024-10-21,momentum,120,19,19,0,valid,0.19911920983620437,-0.010520919502732151,down
strict,replay_strict_2024-04-30,2024-04-30T00:00:00+00:00,2024-04-30,2024-05-29,research_pool,20,30,30,0,valid,0.02033289010128458,-0.010520919502732151,down
strict,replay_strict_2024-04-30,2024-04-30T00:00:00+00:00,2024-04-30,2024-07-26,research_pool,60,30,30,0,valid,0.05246813132432293,-0.010520919502732151,down
strict,replay_strict_2024-04-30,2024-04-30T00:00:00+00:00,2024-04-30,2024-10-21,research_pool,120,30,30,0,valid,0.2105838340216202,-0.010520919502732151,down
strict,replay_strict_2024-05-31,2024-05-31T00:00:00+00:00,2024-05-31,2024-07-01,low_value,20,23,23,0,valid,0.011010033658966965,0.029029758920840365,up
strict,replay_strict_2024-05-31,2024-05-31T00:00:00+00:00,2024-05-31,2024-08-27,low_value,60,23,23,0,valid,0.0784584169349892,0.029029758920840365,up
strict,replay_strict_2024-05-31,2024-05-31T00:00:00+00:00,2024-05-31,2024-11-20,low_value,120,23,23,0,valid,0.17649195446248556,0.029029758920840365,up
strict,replay_strict_2024-05-31,2024-05-31T00:00:00+00:00,2024-05-31,2024-07-01,industry_trend,20,20,20,0,valid,0.024043581509987793,0.029029758920840365,up
strict,replay_strict_2024-05-31,2024-05-31T00:00:00+00:00,2024-05-31,2024-08-27,industry_trend,60,20,20,0,valid,0.03420624894977282,0.029029758920840365,up
strict,replay_strict_2024-05-31,2024-05-31T00:00:00+00:00,2024-05-31,2024-11-20,industry_trend,120,20,20,0,valid,0.12578788395421064,0.029029758920840365,up
strict,replay_strict_2024-05-31,2024-05-31T00:00:00+00:00,2024-05-31,2024-07-01,momentum,20,20,20,0,valid,0.014233993595383538,0.029029758920840365,up
strict,replay_strict_2024-05-31,2024-05-31T00:00:00+00:00,2024-05-31,2024-08-27,momentum,60,20,20,0,valid,0.03772303038712352,0.029029758920840365,up
strict,replay_strict_2024-05-31,2024-05-31T00:00:00+00:00,2024-05-31,2024-11-20,momentum,120,20,20,0,valid,0.09236285061690933,0.029029758920840365,up
strict,replay_strict_2024-05-31,2024-05-31T00:00:00+00:00,2024-05-31,2024-07-01,research_pool,20,30,30,0,valid,0.02043091988583183,0.029029758920840365,up
strict,replay_strict_2024-05-31,2024-05-31T00:00:00+00:00,2024-05-31,2024-08-27,research_pool,60,30,30,0,valid,0.07580662233385321,0.029029758920840365,up
strict,replay_strict_2024-05-31,2024-05-31T00:00:00+00:00,2024-05-31,2024-11-20,research_pool,120,30,30,0,valid,0.24487672261161816,0.029029758920840365,up
strict,replay_strict_2024-06-28,2024-06-28T00:00:00+00:00,2024-06-28,2024-07-29,low_value,20,20,20,0,valid,0.041394293420084285,0.0836255061186637,up
strict,replay_strict_2024-06-28,2024-06-28T00:00:00+00:00,2024-06-28,2024-09-24,low_value,60,20,20,0,valid,0.07873174236959693,0.0836255061186637,up
strict,replay_strict_2024-06-28,2024-06-28T00:00:00+00:00,2024-06-28,2024-12-18,low_value,120,20,20,0,valid,0.1721292294814365,0.0836255061186637,up
strict,replay_strict_2024-06-28,2024-06-28T00:00:00+00:00,2024-06-28,2024-07-29,industry_trend,20,20,20,0,valid,-0.0011827817154694109,0.0836255061186637,up
strict,replay_strict_2024-06-28,2024-06-28T00:00:00+00:00,2024-06-28,2024-09-24,industry_trend,60,20,20,0,valid,0.07729074841981129,0.0836255061186637,up
strict,replay_strict_2024-06-28,2024-06-28T00:00:00+00:00,2024-06-28,2024-12-18,industry_trend,120,20,20,0,valid,0.10257475646576697,0.0836255061186637,up
strict,replay_strict_2024-06-28,2024-06-28T00:00:00+00:00,2024-06-28,2024-07-29,momentum,20,20,20,0,valid,0.01945453572466322,0.0836255061186637,up
strict,replay_strict_2024-06-28,2024-06-28T00:00:00+00:00,2024-06-28,2024-09-24,momentum,60,20,20,0,valid,0.09775512513238167,0.0836255061186637,up
strict,replay_strict_2024-06-28,2024-06-28T00:00:00+00:00,2024-06-28,2024-12-18,momentum,120,20,20,0,valid,0.11240441669120046,0.0836255061186637,up
strict,replay_strict_2024-06-28,2024-06-28T00:00:00+00:00,2024-06-28,2024-07-29,research_pool,20,30,30,0,valid,0.009478600411635918,0.0836255061186637,up
strict,replay_strict_2024-06-28,2024-06-28T00:00:00+00:00,2024-06-28,2024-09-24,research_pool,60,30,30,0,valid,0.0992872539429342,0.0836255061186637,up
strict,replay_strict_2024-06-28,2024-06-28T00:00:00+00:00,2024-06-28,2024-12-18,research_pool,120,30,30,0,valid,0.19775896347769806,0.0836255061186637,up
strict,replay_strict_2024-07-31,2024-07-31T00:00:00+00:00,2024-07-31,2024-08-28,low_value,20,21,21,0,valid,-0.009977249375831871,0.08169990928611615,up
strict,replay_strict_2024-07-31,2024-07-31T00:00:00+00:00,2024-07-31,2024-10-24,low_value,60,21,21,0,valid,0.11215997117475428,0.08169990928611615,up
strict,replay_strict_2024-07-31,2024-07-31T00:00:00+00:00,2024-07-31,2025-01-23,low_value,120,21,21,0,valid,0.28462021935978815,0.08169990928611615,up
strict,replay_strict_2024-07-31,2024-07-31T00:00:00+00:00,2024-07-31,2024-08-28,industry_trend,20,19,19,0,valid,-0.006899547500235457,0.08169990928611615,up
strict,replay_strict_2024-07-31,2024-07-31T00:00:00+00:00,2024-07-31,2024-10-24,industry_trend,60,19,19,0,valid,0.07479452104769212,0.08169990928611615,up
strict,replay_strict_2024-07-31,2024-07-31T00:00:00+00:00,2024-07-31,2025-01-23,industry_trend,120,19,19,0,valid,0.17068832257498556,0.08169990928611615,up
strict,replay_strict_2024-07-31,2024-07-31T00:00:00+00:00,2024-07-31,2024-08-28,momentum,20,20,20,0,valid,0.005018028038785429,0.08169990928611615,up
strict,replay_strict_2024-07-31,2024-07-31T00:00:00+00:00,2024-07-31,2024-10-24,momentum,60,20,20,0,valid,0.07795104250972248,0.08169990928611615,up
strict,replay_strict_2024-07-31,2024-07-31T00:00:00+00:00,2024-07-31,2025-01-23,momentum,120,20,20,0,valid,0.13773300202036692,0.08169990928611615,up
strict,replay_strict_2024-07-31,2024-07-31T00:00:00+00:00,2024-07-31,2024-08-28,research_pool,20,30,30,0,valid,0.014129611075203581,0.08169990928611615,up
strict,replay_strict_2024-07-31,2024-07-31T00:00:00+00:00,2024-07-31,2024-10-24,research_pool,60,30,30,0,valid,0.09520749583614657,0.08169990928611615,up
strict,replay_strict_2024-07-31,2024-07-31T00:00:00+00:00,2024-07-31,2025-01-23,research_pool,120,30,30,0,valid,0.2371673633630074,0.08169990928611615,up
strict,replay_strict_2024-08-30,2024-08-30T00:00:00+00:00,2024-08-30,2024-09-30,low_value,20,22,22,0,valid,0.05341880932249731,0.027696887335792564,up
strict,replay_strict_2024-08-30,2024-08-30T00:00:00+00:00,2024-08-30,2024-11-25,low_value,60,22,22,0,valid,0.1865018723617724,0.027696887335792564,up
strict,replay_strict_2024-08-30,2024-08-30T00:00:00+00:00,2024-08-30,2025-02-25,low_value,120,22,22,0,valid,0.18855134385071806,0.027696887335792564,up
strict,replay_strict_2024-08-30,2024-08-30T00:00:00+00:00,2024-08-30,2024-09-30,industry_trend,20,23,23,0,valid,0.06803455146081692,0.027696887335792564,up
strict,replay_strict_2024-08-30,2024-08-30T00:00:00+00:00,2024-08-30,2024-11-25,industry_trend,60,23,23,0,valid,0.13818635857125788,0.027696887335792564,up
strict,replay_strict_2024-08-30,2024-08-30T00:00:00+00:00,2024-08-30,2025-02-25,industry_trend,120,23,23,0,valid,0.08008856000592281,0.027696887335792564,up
strict,replay_strict_2024-08-30,2024-08-30T00:00:00+00:00,2024-08-30,2024-09-30,momentum,20,19,19,0,valid,0.09470241654543443,0.027696887335792564,up
strict,replay_strict_2024-08-30,2024-08-30T00:00:00+00:00,2024-08-30,2024-11-25,momentum,60,19,19,0,valid,0.2124463679757393,0.027696887335792564,up
strict,replay_strict_2024-08-30,2024-08-30T00:00:00+00:00,2024-08-30,2025-02-25,momentum,120,19,19,0,valid,0.1313684783161832,0.027696887335792564,up
strict,replay_strict_2024-08-30,2024-08-30T00:00:00+00:00,2024-08-30,2024-09-30,research_pool,20,30,30,0,valid,0.07990155961099604,0.027696887335792564,up
strict,replay_strict_2024-08-30,2024-08-30T00:00:00+00:00,2024-08-30,2024-11-25,research_pool,60,30,30,0,valid,0.22633747934045237,0.027696887335792564,up
strict,replay_strict_2024-08-30,2024-08-30T00:00:00+00:00,2024-08-30,2025-02-25,research_pool,120,30,30,0,valid,0.2737509738237999,0.027696887335792564,up
strict,replay_strict_2024-09-30,2024-09-30T00:00:00+00:00,2024-09-30,2024-10-28,low_value,20,21,21,0,valid,0.013536184167915197,-0.016705962960723908,down
strict,replay_strict_2024-09-30,2024-09-30T00:00:00+00:00,2024-09-30,2024-12-24,low_value,60,21,21,0,valid,-0.017538808810983585,-0.016705962960723908,down
strict,replay_strict_2024-09-30,2024-09-30T00:00:00+00:00,2024-09-30,2025-03-25,low_value,120,21,21,0,valid,0.02188128678812693,-0.016705962960723908,down
strict,replay_strict_2024-09-30,2024-09-30T00:00:00+00:00,2024-09-30,2024-10-28,industry_trend,20,20,20,0,valid,0.004482990178501933,-0.016705962960723908,down
strict,replay_strict_2024-09-30,2024-09-30T00:00:00+00:00,2024-09-30,2024-12-24,industry_trend,60,20,20,0,valid,0.06600213360601245,-0.016705962960723908,down
strict,replay_strict_2024-09-30,2024-09-30T00:00:00+00:00,2024-09-30,2025-03-25,industry_trend,120,20,20,0,valid,-0.052905240985979526,-0.016705962960723908,down
strict,replay_strict_2024-09-30,2024-09-30T00:00:00+00:00,2024-09-30,2024-10-28,momentum,20,19,19,0,valid,0.014104598311219574,-0.016705962960723908,down
strict,replay_strict_2024-09-30,2024-09-30T00:00:00+00:00,2024-09-30,2024-12-24,momentum,60,19,19,0,valid,0.07412909182296523,-0.016705962960723908,down
strict,replay_strict_2024-09-30,2024-09-30T00:00:00+00:00,2024-09-30,2025-03-25,momentum,120,19,19,0,valid,-0.035094038685610805,-0.016705962960723908,down
strict,replay_strict_2024-09-30,2024-09-30T00:00:00+00:00,2024-09-30,2024-10-28,research_pool,20,30,30,0,valid,0.04292999408047837,-0.016705962960723908,down
strict,replay_strict_2024-09-30,2024-09-30T00:00:00+00:00,2024-09-30,2024-12-24,research_pool,60,30,30,0,valid,0.08460741511326565,-0.016705962960723908,down
strict,replay_strict_2024-09-30,2024-09-30T00:00:00+00:00,2024-09-30,2025-03-25,research_pool,120,30,30,0,valid,0.021667767721396725,-0.016705962960723908,down
strict,replay_strict_2024-10-31,2024-10-31T00:00:00+00:00,2024-10-31,2024-11-29,low_value,20,21,21,0,valid,0.02898618597996812,0.11245229227019826,up
strict,replay_strict_2024-10-31,2024-10-31T00:00:00+00:00,2024-10-31,2025-01-30,low_value,60,21,21,0,valid,0.002251060514796383,0.11245229227019826,up
strict,replay_strict_2024-10-31,2024-10-31T00:00:00+00:00,2024-10-31,2025-04-28,low_value,120,21,21,0,valid,-0.07810182322766576,0.11245229227019826,up
strict,replay_strict_2024-10-31,2024-10-31T00:00:00+00:00,2024-10-31,2024-11-29,industry_trend,20,21,21,0,valid,0.07473830164250851,0.11245229227019826,up
strict,replay_strict_2024-10-31,2024-10-31T00:00:00+00:00,2024-10-31,2025-01-30,industry_trend,60,21,21,0,valid,0.07956528673502725,0.11245229227019826,up
strict,replay_strict_2024-10-31,2024-10-31T00:00:00+00:00,2024-10-31,2025-04-28,industry_trend,120,21,21,0,valid,-0.06979130576327447,0.11245229227019826,up
strict,replay_strict_2024-10-31,2024-10-31T00:00:00+00:00,2024-10-31,2024-11-29,momentum,20,21,21,0,valid,0.07287903285898195,0.11245229227019826,up
strict,replay_strict_2024-10-31,2024-10-31T00:00:00+00:00,2024-10-31,2025-01-30,momentum,60,21,21,0,valid,0.07422482360248833,0.11245229227019826,up
strict,replay_strict_2024-10-31,2024-10-31T00:00:00+00:00,2024-10-31,2025-04-28,momentum,120,21,21,0,valid,-0.0857642182503918,0.11245229227019826,up
strict,replay_strict_2024-10-31,2024-10-31T00:00:00+00:00,2024-10-31,2024-11-29,research_pool,20,30,30,0,valid,0.06705153786796723,0.11245229227019826,up
strict,replay_strict_2024-10-31,2024-10-31T00:00:00+00:00,2024-10-31,2025-01-30,research_pool,60,30,30,0,valid,0.06576056787279548,0.11245229227019826,up
strict,replay_strict_2024-10-31,2024-10-31T00:00:00+00:00,2024-10-31,2025-04-28,research_pool,120,30,30,0,valid,-0.04128172829217364,0.11245229227019826,up
strict,replay_strict_2024-11-29,2024-11-29T00:00:00+00:00,2024-11-29,2024-12-30,low_value,20,23,23,0,valid,-0.06675551246487592,0.10541495890529795,up
strict,replay_strict_2024-11-29,2024-11-29T00:00:00+00:00,2024-11-29,2025-02-28,low_value,60,23,23,0,valid,-0.06492754777243526,0.10541495890529795,up
strict,replay_strict_2024-11-29,2024-11-29T00:00:00+00:00,2024-11-29,2025-05-27,low_value,120,23,23,0,valid,-0.04256842906070505,0.10541495890529795,up
strict,replay_strict_2024-11-29,2024-11-29T00:00:00+00:00,2024-11-29,2024-12-30,industry_trend,20,21,21,0,valid,-0.012806597463998396,0.10541495890529795,up
strict,replay_strict_2024-11-29,2024-11-29T00:00:00+00:00,2024-11-29,2025-02-28,industry_trend,60,21,21,0,valid,-0.054536865597347516,0.10541495890529795,up
strict,replay_strict_2024-11-29,2024-11-29T00:00:00+00:00,2024-11-29,2025-05-27,industry_trend,120,21,21,0,valid,0.010244614846694103,0.10541495890529795,up
strict,replay_strict_2024-11-29,2024-11-29T00:00:00+00:00,2024-11-29,2024-12-30,momentum,20,21,21,0,valid,-0.027001792645636655,0.10541495890529795,up
strict,replay_strict_2024-11-29,2024-11-29T00:00:00+00:00,2024-11-29,2025-02-28,momentum,60,21,21,0,valid,-0.07512105444325289,0.10541495890529795,up
strict,replay_strict_2024-11-29,2024-11-29T00:00:00+00:00,2024-11-29,2025-05-27,momentum,120,21,21,0,valid,0.011446618677026302,0.10541495890529795,up
strict,replay_strict_2024-11-29,2024-11-29T00:00:00+00:00,2024-11-29,2024-12-30,research_pool,20,30,30,0,valid,-0.04449747659827932,0.10541495890529795,up
strict,replay_strict_2024-11-29,2024-11-29T00:00:00+00:00,2024-11-29,2025-02-28,research_pool,60,30,30,0,valid,-0.05697879227731246,0.10541495890529795,up
strict,replay_strict_2024-11-29,2024-11-29T00:00:00+00:00,2024-11-29,2025-05-27,research_pool,120,30,30,0,valid,-0.008469553704724268,0.10541495890529795,up
strict,replay_strict_2024-12-31,2024-12-31T00:00:00+00:00,2024-12-31,2025-01-31,low_value,20,20,20,0,valid,0.015630699348350468,0.048956644848882735,up
strict,replay_strict_2024-12-31,2024-12-31T00:00:00+00:00,2024-12-31,2025-03-31,low_value,60,20,20,0,valid,-0.01737512352987438,0.048956644848882735,up
strict,replay_strict_2024-12-31,2024-12-31T00:00:00+00:00,2024-12-31,2025-06-26,low_value,120,20,20,0,valid,0.11369528721472674,0.048956644848882735,up
strict,replay_strict_2024-12-31,2024-12-31T00:00:00+00:00,2024-12-31,2025-01-31,industry_trend,20,22,22,0,valid,0.009151463652863763,0.048956644848882735,up
strict,replay_strict_2024-12-31,2024-12-31T00:00:00+00:00,2024-12-31,2025-03-31,industry_trend,60,22,22,0,valid,-0.1395754198715929,0.048956644848882735,up
strict,replay_strict_2024-12-31,2024-12-31T00:00:00+00:00,2024-12-31,2025-06-26,industry_trend,120,22,22,0,valid,-0.016027006918333142,0.048956644848882735,up
strict,replay_strict_2024-12-31,2024-12-31T00:00:00+00:00,2024-12-31,2025-01-31,momentum,20,20,20,0,valid,0.023371424701789774,0.048956644848882735,up
strict,replay_strict_2024-12-31,2024-12-31T00:00:00+00:00,2024-12-31,2025-03-31,momentum,60,20,20,0,valid,-0.11040110841021736,0.048956644848882735,up
strict,replay_strict_2024-12-31,2024-12-31T00:00:00+00:00,2024-12-31,2025-06-26,momentum,120,20,20,0,valid,0.017202190500526106,0.048956644848882735,up
strict,replay_strict_2024-12-31,2024-12-31T00:00:00+00:00,2024-12-31,2025-01-31,research_pool,20,30,30,0,valid,0.04213508193324702,0.048956644848882735,up
strict,replay_strict_2024-12-31,2024-12-31T00:00:00+00:00,2024-12-31,2025-03-31,research_pool,60,30,30,0,valid,-0.06443329267684976,0.048956644848882735,up
strict,replay_strict_2024-12-31,2024-12-31T00:00:00+00:00,2024-12-31,2025-06-26,research_pool,120,30,30,0,valid,0.011093418591044327,0.048956644848882735,up
strict,replay_strict_2025-01-31,2025-01-31T00:00:00+00:00,2025-01-31,2025-03-03,low_value,20,20,20,0,valid,0.004811271066792505,0.07158244599002872,up
strict,replay_strict_2025-01-31,2025-01-31T00:00:00+00:00,2025-01-31,2025-04-29,low_value,60,20,20,0,valid,-0.0020573296021837275,0.07158244599002872,up
strict,replay_strict_2025-01-31,2025-01-31T00:00:00+00:00,2025-01-31,2025-07-25,low_value,120,20,20,0,valid,0.15127297319512442,0.07158244599002872,up
strict,replay_strict_2025-01-31,2025-01-31T00:00:00+00:00,2025-01-31,2025-03-03,industry_trend,20,21,21,0,valid,-0.07426755945606622,0.07158244599002872,up
strict,replay_strict_2025-01-31,2025-01-31T00:00:00+00:00,2025-01-31,2025-04-29,industry_trend,60,21,21,0,valid,-0.12767967055272256,0.07158244599002872,up
strict,replay_strict_2025-01-31,2025-01-31T00:00:00+00:00,2025-01-31,2025-07-25,industry_trend,120,21,21,0,valid,0.042450753100437055,0.07158244599002872,up
strict,replay_strict_2025-01-31,2025-01-31T00:00:00+00:00,2025-01-31,2025-03-03,momentum,20,20,20,0,valid,-0.04498587741593026,0.07158244599002872,up
strict,replay_strict_2025-01-31,2025-01-31T00:00:00+00:00,2025-01-31,2025-04-29,momentum,60,20,20,0,valid,-0.09488766705419938,0.07158244599002872,up
strict,replay_strict_2025-01-31,2025-01-31T00:00:00+00:00,2025-01-31,2025-07-25,momentum,120,20,20,0,valid,0.07056491117083812,0.07158244599002872,up
strict,replay_strict_2025-01-31,2025-01-31T00:00:00+00:00,2025-01-31,2025-03-03,research_pool,20,30,30,0,valid,-0.057401338202418974,0.07158244599002872,up
strict,replay_strict_2025-01-31,2025-01-31T00:00:00+00:00,2025-01-31,2025-04-29,research_pool,60,30,30,0,valid,-0.05953881742258385,0.07158244599002872,up
strict,replay_strict_2025-01-31,2025-01-31T00:00:00+00:00,2025-01-31,2025-07-25,research_pool,120,30,30,0,valid,0.08300398344890032,0.07158244599002872,up
strict,replay_strict_2025-02-28,2025-02-28T00:00:00+00:00,2025-02-28,2025-03-28,low_value,20,19,19,0,valid,-0.03455060826212565,-0.0032565621689488733,down
strict,replay_strict_2025-02-28,2025-02-28T00:00:00+00:00,2025-02-28,2025-05-27,low_value,60,19,19,0,valid,0.045099398496779984,-0.0032565621689488733,down
strict,replay_strict_2025-02-28,2025-02-28T00:00:00+00:00,2025-02-28,2025-08-21,low_value,120,19,19,0,valid,0.1425331018072554,-0.0032565621689488733,down
strict,replay_strict_2025-02-28,2025-02-28T00:00:00+00:00,2025-02-28,2025-03-28,industry_trend,20,19,19,0,valid,-0.06884769645598507,-0.0032565621689488733,down
strict,replay_strict_2025-02-28,2025-02-28T00:00:00+00:00,2025-02-28,2025-05-27,industry_trend,60,19,19,0,valid,0.023240423501143942,-0.0032565621689488733,down
strict,replay_strict_2025-02-28,2025-02-28T00:00:00+00:00,2025-02-28,2025-08-21,industry_trend,120,19,19,0,valid,0.1323000129033516,-0.0032565621689488733,down
strict,replay_strict_2025-02-28,2025-02-28T00:00:00+00:00,2025-02-28,2025-03-28,momentum,20,19,19,0,valid,-0.04926364305378592,-0.0032565621689488733,down
strict,replay_strict_2025-02-28,2025-02-28T00:00:00+00:00,2025-02-28,2025-05-27,momentum,60,19,19,0,valid,0.02708083565903493,-0.0032565621689488733,down
strict,replay_strict_2025-02-28,2025-02-28T00:00:00+00:00,2025-02-28,2025-08-21,momentum,120,19,19,0,valid,0.11537250481012021,-0.0032565621689488733,down
strict,replay_strict_2025-02-28,2025-02-28T00:00:00+00:00,2025-02-28,2025-03-28,research_pool,20,30,30,0,valid,-0.0675856940388742,-0.0032565621689488733,down
strict,replay_strict_2025-02-28,2025-02-28T00:00:00+00:00,2025-02-28,2025-05-27,research_pool,60,30,30,0,valid,0.030213038737524248,-0.0032565621689488733,down
strict,replay_strict_2025-02-28,2025-02-28T00:00:00+00:00,2025-02-28,2025-08-21,research_pool,120,30,30,0,valid,0.1257646976467493,-0.0032565621689488733,down
strict,replay_strict_2025-03-31,2025-03-31T00:00:00+00:00,2025-03-31,2025-05-08,low_value,20,0,0,0,no_signal,,-0.0827611838115917,down
strict,replay_strict_2025-03-31,2025-03-31T00:00:00+00:00,2025-03-31,2025-07-03,low_value,60,0,0,0,no_signal,,-0.0827611838115917,down
strict,replay_strict_2025-03-31,2025-03-31T00:00:00+00:00,2025-03-31,2025-09-25,low_value,120,0,0,0,no_signal,,-0.0827611838115917,down
strict,replay_strict_2025-03-31,2025-03-31T00:00:00+00:00,2025-03-31,2025-05-08,industry_trend,20,0,0,0,no_signal,,-0.0827611838115917,down
strict,replay_strict_2025-03-31,2025-03-31T00:00:00+00:00,2025-03-31,2025-07-03,industry_trend,60,0,0,0,no_signal,,-0.0827611838115917,down
strict,replay_strict_2025-03-31,2025-03-31T00:00:00+00:00,2025-03-31,2025-09-25,industry_trend,120,0,0,0,no_signal,,-0.0827611838115917,down
strict,replay_strict_2025-03-31,2025-03-31T00:00:00+00:00,2025-03-31,2025-05-08,momentum,20,0,0,0,no_signal,,-0.0827611838115917,down
strict,replay_strict_2025-03-31,2025-03-31T00:00:00+00:00,2025-03-31,2025-07-03,momentum,60,0,0,0,no_signal,,-0.0827611838115917,down
strict,replay_strict_2025-03-31,2025-03-31T00:00:00+00:00,2025-03-31,2025-09-25,momentum,120,0,0,0,no_signal,,-0.0827611838115917,down
strict,replay_strict_2025-03-31,2025-03-31T00:00:00+00:00,2025-03-31,2025-04-29,research_pool,20,30,30,0,valid,0.018429278843005117,-0.0827611838115917,down
strict,replay_strict_2025-03-31,2025-03-31T00:00:00+00:00,2025-03-31,2025-06-26,research_pool,60,30,30,0,valid,0.16552557899079365,-0.0827611838115917,down
strict,replay_strict_2025-03-31,2025-03-31T00:00:00+00:00,2025-03-31,2025-09-22,research_pool,120,30,30,0,valid,0.35620791270108854,-0.0827611838115917,down
strict,replay_strict_2025-04-30,2025-04-30T00:00:00+00:00,2025-04-30,2025-06-07,low_value,20,0,0,0,no_signal,,-0.0825144313377223,down
strict,replay_strict_2025-04-30,2025-04-30T00:00:00+00:00,2025-04-30,2025-08-02,low_value,60,0,0,0,no_signal,,-0.0825144313377223,down
strict,replay_strict_2025-04-30,2025-04-30T00:00:00+00:00,2025-04-30,2025-10-25,low_value,120,0,0,0,no_signal,,-0.0825144313377223,down
strict,replay_strict_2025-04-30,2025-04-30T00:00:00+00:00,2025-04-30,2025-06-07,industry_trend,20,0,0,0,no_signal,,-0.0825144313377223,down
strict,replay_strict_2025-04-30,2025-04-30T00:00:00+00:00,2025-04-30,2025-08-02,industry_trend,60,0,0,0,no_signal,,-0.0825144313377223,down
strict,replay_strict_2025-04-30,2025-04-30T00:00:00+00:00,2025-04-30,2025-10-25,industry_trend,120,0,0,0,no_signal,,-0.0825144313377223,down
strict,replay_strict_2025-04-30,2025-04-30T00:00:00+00:00,2025-04-30,2025-06-07,momentum,20,0,0,0,no_signal,,-0.0825144313377223,down
strict,replay_strict_2025-04-30,2025-04-30T00:00:00+00:00,2025-04-30,2025-08-02,momentum,60,0,0,0,no_signal,,-0.0825144313377223,down
strict,replay_strict_2025-04-30,2025-04-30T00:00:00+00:00,2025-04-30,2025-10-25,momentum,120,0,0,0,no_signal,,-0.0825144313377223,down
strict,replay_strict_2025-04-30,2025-04-30T00:00:00+00:00,2025-04-30,2025-05-29,research_pool,20,30,30,0,valid,0.06780499702793512,-0.0825144313377223,down
strict,replay_strict_2025-04-30,2025-04-30T00:00:00+00:00,2025-04-30,2025-07-28,research_pool,60,30,30,0,valid,0.17749120515767297,-0.0825144313377223,down
strict,replay_strict_2025-04-30,2025-04-30T00:00:00+00:00,2025-04-30,2025-10-21,research_pool,120,30,30,0,valid,0.2778999693820123,-0.0825144313377223,down
strict,replay_strict_2025-05-30,2025-05-30T00:00:00+00:00,2025-05-30,2025-06-30,low_value,20,19,19,0,valid,0.06464960359164207,0.03415926383300816,up
strict,replay_strict_2025-05-30,2025-05-30T00:00:00+00:00,2025-05-30,2025-08-26,low_value,60,19,19,0,valid,0.11994547063016281,0.03415926383300816,up
strict,replay_strict_2025-05-30,2025-05-30T00:00:00+00:00,2025-05-30,2025-11-19,low_value,120,19,19,0,valid,0.26182405617302856,0.03415926383300816,up
strict,replay_strict_2025-05-30,2025-05-30T00:00:00+00:00,2025-05-30,2025-06-30,industry_trend,20,21,21,0,valid,0.10107972930012925,0.03415926383300816,up
strict,replay_strict_2025-05-30,2025-05-30T00:00:00+00:00,2025-05-30,2025-08-26,industry_trend,60,21,21,0,valid,0.14450993379227403,0.03415926383300816,up
strict,replay_strict_2025-05-30,2025-05-30T00:00:00+00:00,2025-05-30,2025-11-19,industry_trend,120,21,21,0,valid,0.22423344429747305,0.03415926383300816,up
strict,replay_strict_2025-05-30,2025-05-30T00:00:00+00:00,2025-05-30,2025-06-30,momentum,20,20,20,0,valid,0.10794367610466737,0.03415926383300816,up
strict,replay_strict_2025-05-30,2025-05-30T00:00:00+00:00,2025-05-30,2025-08-26,momentum,60,20,20,0,valid,0.1608968011419986,0.03415926383300816,up
strict,replay_strict_2025-05-30,2025-05-30T00:00:00+00:00,2025-05-30,2025-11-19,momentum,120,20,20,0,valid,0.23491919843726666,0.03415926383300816,up
strict,replay_strict_2025-05-30,2025-05-30T00:00:00+00:00,2025-05-30,2025-06-30,research_pool,20,30,30,0,valid,0.07014805102671759,0.03415926383300816,up
strict,replay_strict_2025-05-30,2025-05-30T00:00:00+00:00,2025-05-30,2025-08-26,research_pool,60,30,30,0,valid,0.12613465787875436,0.03415926383300816,up
strict,replay_strict_2025-05-30,2025-05-30T00:00:00+00:00,2025-05-30,2025-11-19,research_pool,120,30,30,0,valid,0.17029998508508468,0.03415926383300816,up
strict,replay_strict_2025-06-30,2025-06-30T00:00:00+00:00,2025-06-30,2025-07-29,low_value,20,22,22,0,valid,0.021999852490325753,0.1585314626564731,up
strict,replay_strict_2025-06-30,2025-06-30T00:00:00+00:00,2025-06-30,2025-09-24,low_value,60,22,22,0,valid,0.08078395418955947,0.1585314626564731,up
strict,replay_strict_2025-06-30,2025-06-30T00:00:00+00:00,2025-06-30,2025-12-18,low_value,120,22,22,0,valid,0.09725234722554194,0.1585314626564731,up
strict,replay_strict_2025-06-30,2025-06-30T00:00:00+00:00,2025-06-30,2025-07-29,industry_trend,20,19,19,0,valid,0.06997887647453657,0.1585314626564731,up
strict,replay_strict_2025-06-30,2025-06-30T00:00:00+00:00,2025-06-30,2025-09-24,industry_trend,60,19,19,0,valid,0.10247776215148094,0.1585314626564731,up
strict,replay_strict_2025-06-30,2025-06-30T00:00:00+00:00,2025-06-30,2025-12-18,industry_trend,120,19,19,0,valid,0.12625193830136175,0.1585314626564731,up
strict,replay_strict_2025-06-30,2025-06-30T00:00:00+00:00,2025-06-30,2025-07-29,momentum,20,20,20,0,valid,0.06065684872445828,0.1585314626564731,up
strict,replay_strict_2025-06-30,2025-06-30T00:00:00+00:00,2025-06-30,2025-09-24,momentum,60,20,20,0,valid,0.11353843508185361,0.1585314626564731,up
strict,replay_strict_2025-06-30,2025-06-30T00:00:00+00:00,2025-06-30,2025-12-18,momentum,120,20,20,0,valid,0.17651676850835135,0.1585314626564731,up
strict,replay_strict_2025-06-30,2025-06-30T00:00:00+00:00,2025-06-30,2025-07-29,research_pool,20,30,30,0,valid,0.029132020020394226,0.1585314626564731,up
strict,replay_strict_2025-06-30,2025-06-30T00:00:00+00:00,2025-06-30,2025-09-24,research_pool,60,30,30,0,valid,0.06149208707857533,0.1585314626564731,up
strict,replay_strict_2025-06-30,2025-06-30T00:00:00+00:00,2025-06-30,2025-12-18,research_pool,120,30,30,0,valid,0.09871473279562439,0.1585314626564731,up
strict,replay_strict_2025-07-31,2025-07-31T00:00:00+00:00,2025-07-31,2025-08-28,low_value,20,20,20,0,valid,0.033772856503052964,0.16267105669307536,up
strict,replay_strict_2025-07-31,2025-07-31T00:00:00+00:00,2025-07-31,2025-10-24,low_value,60,20,20,0,valid,0.08127640801628666,0.16267105669307536,up
strict,replay_strict_2025-07-31,2025-07-31T00:00:00+00:00,2025-07-31,2026-01-22,low_value,120,20,20,0,valid,0.09553651769139737,0.16267105669307536,up
strict,replay_strict_2025-07-31,2025-07-31T00:00:00+00:00,2025-07-31,2025-08-28,industry_trend,20,20,20,0,valid,0.018841546190254667,0.16267105669307536,up
strict,replay_strict_2025-07-31,2025-07-31T00:00:00+00:00,2025-07-31,2025-10-24,industry_trend,60,20,20,0,valid,0.12818327070919813,0.16267105669307536,up
strict,replay_strict_2025-07-31,2025-07-31T00:00:00+00:00,2025-07-31,2026-01-22,industry_trend,120,20,20,0,valid,0.13364474956647932,0.16267105669307536,up
strict,replay_strict_2025-07-31,2025-07-31T00:00:00+00:00,2025-07-31,2025-08-28,momentum,20,20,20,0,valid,0.01240920694228358,0.16267105669307536,up
strict,replay_strict_2025-07-31,2025-07-31T00:00:00+00:00,2025-07-31,2025-10-24,momentum,60,20,20,0,valid,0.14183183892475393,0.16267105669307536,up
strict,replay_strict_2025-07-31,2025-07-31T00:00:00+00:00,2025-07-31,2026-01-22,momentum,120,20,20,0,valid,0.13782951472026517,0.16267105669307536,up
strict,replay_strict_2025-07-31,2025-07-31T00:00:00+00:00,2025-07-31,2025-08-28,research_pool,20,30,30,0,valid,0.05445886642332393,0.16267105669307536,up
strict,replay_strict_2025-07-31,2025-07-31T00:00:00+00:00,2025-07-31,2025-10-24,research_pool,60,30,30,0,valid,0.08620515200791351,0.16267105669307536,up
strict,replay_strict_2025-07-31,2025-07-31T00:00:00+00:00,2025-07-31,2026-01-22,research_pool,120,30,30,0,valid,0.20579565704727815,0.16267105669307536,up
strict,replay_strict_2025-08-29,2025-08-29T00:00:00+00:00,2025-08-29,2025-09-29,low_value,20,19,19,0,valid,0.019731102663587345,0.07858007413571366,up
strict,replay_strict_2025-08-29,2025-08-29T00:00:00+00:00,2025-08-29,2025-11-24,low_value,60,19,19,0,valid,-0.07521849544371585,0.07858007413571366,up
strict,replay_strict_2025-08-29,2025-08-29T00:00:00+00:00,2025-08-29,2026-02-23,low_value,120,19,19,0,valid,-0.061286314371745754,0.07858007413571366,up
strict,replay_strict_2025-08-29,2025-08-29T00:00:00+00:00,2025-08-29,2025-09-29,industry_trend,20,21,21,0,valid,0.03156803893667985,0.07858007413571366,up
strict,replay_strict_2025-08-29,2025-08-29T00:00:00+00:00,2025-08-29,2025-11-24,industry_trend,60,21,21,0,valid,0.053416383027477345,0.07858007413571366,up
strict,replay_strict_2025-08-29,2025-08-29T00:00:00+00:00,2025-08-29,2026-02-23,industry_trend,120,21,21,0,valid,0.10048811630825998,0.07858007413571366,up
strict,replay_strict_2025-08-29,2025-08-29T00:00:00+00:00,2025-08-29,2025-09-29,momentum,20,19,19,0,valid,0.04234350944777867,0.07858007413571366,up
strict,replay_strict_2025-08-29,2025-08-29T00:00:00+00:00,2025-08-29,2025-11-24,momentum,60,19,19,0,valid,0.09247447245889932,0.07858007413571366,up
strict,replay_strict_2025-08-29,2025-08-29T00:00:00+00:00,2025-08-29,2026-02-23,momentum,120,19,19,0,valid,0.26974295898556233,0.07858007413571366,up
strict,replay_strict_2025-08-29,2025-08-29T00:00:00+00:00,2025-08-29,2025-09-29,research_pool,20,30,30,0,valid,0.021618176092983055,0.07858007413571366,up
strict,replay_strict_2025-08-29,2025-08-29T00:00:00+00:00,2025-08-29,2025-11-24,research_pool,60,30,30,0,valid,0.04017964013181604,0.07858007413571366,up
strict,replay_strict_2025-08-29,2025-08-29T00:00:00+00:00,2025-08-29,2026-02-23,research_pool,120,30,30,0,valid,0.11899300890315612,0.07858007413571366,up
strict,replay_strict_2025-09-30,2025-09-30T00:00:00+00:00,2025-09-30,2025-10-28,low_value,20,20,20,0,valid,0.011013654217235668,0.08710138891403951,up
strict,replay_strict_2025-09-30,2025-09-30T00:00:00+00:00,2025-09-30,2025-12-24,low_value,60,20,20,0,valid,-0.026317822430542398,0.08710138891403951,up
strict,replay_strict_2025-09-30,2025-09-30T00:00:00+00:00,2025-09-30,2026-03-24,low_value,120,20,20,0,valid,-0.15133125031565833,0.08710138891403951,up
strict,replay_strict_2025-09-30,2025-09-30T00:00:00+00:00,2025-09-30,2025-10-28,industry_trend,20,20,20,0,valid,0.05170535472611726,0.08710138891403951,up
strict,replay_strict_2025-09-30,2025-09-30T00:00:00+00:00,2025-09-30,2025-12-24,industry_trend,60,20,20,0,valid,0.0736479436773183,0.08710138891403951,up
strict,replay_strict_2025-09-30,2025-09-30T00:00:00+00:00,2025-09-30,2026-03-24,industry_trend,120,20,20,0,valid,0.11998206400884237,0.08710138891403951,up
strict,replay_strict_2025-09-30,2025-09-30T00:00:00+00:00,2025-09-30,2025-10-28,momentum,20,21,21,0,valid,0.08089050538829655,0.08710138891403951,up
strict,replay_strict_2025-09-30,2025-09-30T00:00:00+00:00,2025-09-30,2025-12-24,momentum,60,21,21,0,valid,0.09926669714830437,0.08710138891403951,up
strict,replay_strict_2025-09-30,2025-09-30T00:00:00+00:00,2025-09-30,2026-03-24,momentum,120,21,21,0,valid,0.22168272917406123,0.08710138891403951,up
strict,replay_strict_2025-09-30,2025-09-30T00:00:00+00:00,2025-09-30,2025-10-28,research_pool,20,30,30,0,valid,0.01704965202247677,0.08710138891403951,up
strict,replay_strict_2025-09-30,2025-09-30T00:00:00+00:00,2025-09-30,2025-12-24,research_pool,60,30,30,0,valid,0.05211712127233056,0.08710138891403951,up
strict,replay_strict_2025-09-30,2025-09-30T00:00:00+00:00,2025-09-30,2026-03-24,research_pool,120,30,30,0,valid,0.01881500705815454,0.08710138891403951,up
strict,replay_strict_2025-10-31,2025-10-31T00:00:00+00:00,2025-10-31,2025-12-01,low_value,20,20,20,0,valid,-0.029943517040494638,0.10547767119918472,up
strict,replay_strict_2025-10-31,2025-10-31T00:00:00+00:00,2025-10-31,2026-01-29,low_value,60,20,20,0,valid,0.00787064045748242,0.10547767119918472,up
strict,replay_strict_2025-10-31,2025-10-31T00:00:00+00:00,2025-10-31,2026-04-27,low_value,120,20,20,0,valid,-0.03215794935789597,0.10547767119918472,up
strict,replay_strict_2025-10-31,2025-10-31T00:00:00+00:00,2025-10-31,2025-12-01,industry_trend,20,24,24,0,valid,-0.048962161923270985,0.10547767119918472,up
strict,replay_strict_2025-10-31,2025-10-31T00:00:00+00:00,2025-10-31,2026-01-29,industry_trend,60,24,24,0,valid,0.055860560540730596,0.10547767119918472,up
strict,replay_strict_2025-10-31,2025-10-31T00:00:00+00:00,2025-10-31,2026-04-27,industry_trend,120,24,24,0,valid,0.18690090603394918,0.10547767119918472,up
strict,replay_strict_2025-10-31,2025-10-31T00:00:00+00:00,2025-10-31,2025-12-01,momentum,20,21,21,0,valid,-0.042111537120706644,0.10547767119918472,up
strict,replay_strict_2025-10-31,2025-10-31T00:00:00+00:00,2025-10-31,2026-01-29,momentum,60,21,21,0,valid,0.08795581714961577,0.10547767119918472,up
strict,replay_strict_2025-10-31,2025-10-31T00:00:00+00:00,2025-10-31,2026-04-27,momentum,120,21,21,0,valid,0.26491112912920867,0.10547767119918472,up
strict,replay_strict_2025-10-31,2025-10-31T00:00:00+00:00,2025-10-31,2025-12-01,research_pool,20,30,30,0,valid,-0.014186812814774904,0.10547767119918472,up
strict,replay_strict_2025-10-31,2025-10-31T00:00:00+00:00,2025-10-31,2026-01-29,research_pool,60,30,30,0,valid,0.0321081057616014,0.10547767119918472,up
strict,replay_strict_2025-10-31,2025-10-31T00:00:00+00:00,2025-10-31,2026-04-27,research_pool,120,30,30,0,valid,0.09055775541650385,0.10547767119918472,up
strict,replay_strict_2025-11-28,2025-11-28T00:00:00+00:00,2025-11-28,2025-12-29,low_value,20,18,18,0,valid,0.020183397968610975,0.07620901853075135,up
strict,replay_strict_2025-11-28,2025-11-28T00:00:00+00:00,2025-11-28,2026-02-26,low_value,60,18,18,0,valid,-0.08232748751917196,0.07620901853075135,up
strict,replay_strict_2025-11-28,2025-11-28T00:00:00+00:00,2025-11-28,2026-05-22,low_value,120,18,18,0,valid,-0.059436385961387415,0.07620901853075135,up
strict,replay_strict_2025-11-28,2025-11-28T00:00:00+00:00,2025-11-28,2025-12-29,industry_trend,20,21,21,0,valid,0.025241439349123627,0.07620901853075135,up
strict,replay_strict_2025-11-28,2025-11-28T00:00:00+00:00,2025-11-28,2026-02-26,industry_trend,60,21,21,0,valid,0.14929908604860923,0.07620901853075135,up
strict,replay_strict_2025-11-28,2025-11-28T00:00:00+00:00,2025-11-28,2026-05-22,industry_trend,120,21,21,0,valid,0.29765022800337837,0.07620901853075135,up
strict,replay_strict_2025-11-28,2025-11-28T00:00:00+00:00,2025-11-28,2025-12-29,momentum,20,21,21,0,valid,0.03339980840686251,0.07620901853075135,up
strict,replay_strict_2025-11-28,2025-11-28T00:00:00+00:00,2025-11-28,2026-02-26,momentum,60,21,21,0,valid,0.16046790275167636,0.07620901853075135,up
strict,replay_strict_2025-11-28,2025-11-28T00:00:00+00:00,2025-11-28,2026-05-22,momentum,120,21,21,0,valid,0.3680405978483386,0.07620901853075135,up
strict,replay_strict_2025-11-28,2025-11-28T00:00:00+00:00,2025-11-28,2025-12-29,research_pool,20,30,30,0,valid,0.014000829967540299,0.07620901853075135,up
strict,replay_strict_2025-11-28,2025-11-28T00:00:00+00:00,2025-11-28,2026-02-26,research_pool,60,30,30,0,valid,0.07658955440121659,0.07620901853075135,up
strict,replay_strict_2025-11-28,2025-11-28T00:00:00+00:00,2025-11-28,2026-05-22,research_pool,120,30,30,0,valid,0.31493631144305334,0.07620901853075135,up
strict,replay_strict_2025-12-31,2025-12-31T00:00:00+00:00,2025-12-31,2026-01-30,low_value,20,21,21,0,valid,-0.02444387690692025,0.01081161137440767,up
strict,replay_strict_2025-12-31,2025-12-31T00:00:00+00:00,2025-12-31,2026-03-30,low_value,60,21,21,0,valid,-0.14078624907039183,0.01081161137440767,up
strict,replay_strict_2025-12-31,2025-12-31T00:00:00+00:00,2025-12-31,2026-06-25,low_value,120,21,21,0,valid,-0.12221212263683269,0.01081161137440767,up
strict,replay_strict_2025-12-31,2025-12-31T00:00:00+00:00,2025-12-31,2026-01-30,industry_trend,20,20,20,0,valid,0.06954853788745245,0.01081161137440767,up
strict,replay_strict_2025-12-31,2025-12-31T00:00:00+00:00,2025-12-31,2026-03-30,industry_trend,60,20,20,0,valid,-0.03483267440294703,0.01081161137440767,up
strict,replay_strict_2025-12-31,2025-12-31T00:00:00+00:00,2025-12-31,2026-06-25,industry_trend,120,20,20,0,valid,0.3357096311465034,0.01081161137440767,up
strict,replay_strict_2025-12-31,2025-12-31T00:00:00+00:00,2025-12-31,2026-01-30,momentum,20,21,21,0,valid,0.09143478725416535,0.01081161137440767,up
strict,replay_strict_2025-12-31,2025-12-31T00:00:00+00:00,2025-12-31,2026-03-30,momentum,60,21,21,0,valid,-0.009682466602106962,0.01081161137440767,up
strict,replay_strict_2025-12-31,2025-12-31T00:00:00+00:00,2025-12-31,2026-06-25,momentum,120,21,21,0,valid,0.37214269161332025,0.01081161137440767,up
strict,replay_strict_2025-12-31,2025-12-31T00:00:00+00:00,2025-12-31,2026-01-30,research_pool,20,30,30,0,valid,0.023588576964026147,0.01081161137440767,up
strict,replay_strict_2025-12-31,2025-12-31T00:00:00+00:00,2025-12-31,2026-03-30,research_pool,60,30,30,0,valid,-0.02812903889409932,0.01081161137440767,up
strict,replay_strict_2025-12-31,2025-12-31T00:00:00+00:00,2025-12-31,2026-06-25,research_pool,120,30,30,0,valid,0.1277924931203859,0.01081161137440767,up
strict,replay_strict_2026-01-30,2026-01-30T00:00:00+00:00,2026-01-30,2026-03-02,low_value,20,19,19,0,valid,-0.05643147929990002,-0.016499509602303175,down
strict,replay_strict_2026-01-30,2026-01-30T00:00:00+00:00,2026-01-30,2026-04-28,low_value,60,19,19,0,valid,-0.056372390519000476,-0.016499509602303175,down
strict,replay_strict_2026-01-30,2026-01-30T00:00:00+00:00,2026-01-30,2026-07-24,low_value,120,19,19,0,valid,-0.034690635060419556,-0.016499509602303175,down
strict,replay_strict_2026-01-30,2026-01-30T00:00:00+00:00,2026-01-30,2026-03-02,industry_trend,20,22,22,0,valid,0.03385336120327387,-0.016499509602303175,down
strict,replay_strict_2026-01-30,2026-01-30T00:00:00+00:00,2026-01-30,2026-04-28,industry_trend,60,22,22,0,valid,0.11547678405541313,-0.016499509602303175,down
strict,replay_strict_2026-01-30,2026-01-30T00:00:00+00:00,2026-01-30,2026-07-24,industry_trend,120,22,22,0,valid,0.2294842056814104,-0.016499509602303175,down
strict,replay_strict_2026-01-30,2026-01-30T00:00:00+00:00,2026-01-30,2026-03-02,momentum,20,20,20,0,valid,0.05252824207567536,-0.016499509602303175,down
strict,replay_strict_2026-01-30,2026-01-30T00:00:00+00:00,2026-01-30,2026-04-28,momentum,60,20,20,0,valid,0.12908663174163706,-0.016499509602303175,down
strict,replay_strict_2026-01-30,2026-01-30T00:00:00+00:00,2026-01-30,2026-07-24,momentum,120,20,20,0,valid,0.256840600381434,-0.016499509602303175,down
strict,replay_strict_2026-01-30,2026-01-30T00:00:00+00:00,2026-01-30,2026-03-02,research_pool,20,30,30,0,valid,0.019064989049848265,-0.016499509602303175,down
strict,replay_strict_2026-01-30,2026-01-30T00:00:00+00:00,2026-01-30,2026-04-28,research_pool,60,30,30,0,valid,0.10920652887711296,-0.016499509602303175,down
strict,replay_strict_2026-01-30,2026-01-30T00:00:00+00:00,2026-01-30,2026-07-24,research_pool,120,30,30,0,valid,0.17045433363465387,-0.016499509602303175,down
strict,replay_strict_2026-02-27,2026-02-27T00:00:00+00:00,2026-02-27,2026-03-27,low_value,20,18,18,0,valid,-0.04438515098805823,-0.01606318347509106,down
strict,replay_strict_2026-02-27,2026-02-27T00:00:00+00:00,2026-02-27,2026-05-26,low_value,60,18,18,0,valid,0.058972057062399975,-0.01606318347509106,down
strict,replay_strict_2026-02-27,2026-02-27T00:00:00+00:00,2026-02-27,2026-08-20,low_value,120,18,18,0,valid,0.2168928412895319,-0.01606318347509106,down
strict,replay_strict_2026-02-27,2026-02-27T00:00:00+00:00,2026-02-27,2026-03-27,industry_trend,20,20,20,0,valid,-0.06881604208738414,-0.01606318347509106,down
strict,replay_strict_2026-02-27,2026-02-27T00:00:00+00:00,2026-02-27,2026-05-26,industry_trend,60,20,20,0,valid,0.20912489376627802,-0.01606318347509106,down
strict,replay_strict_2026-02-27,2026-02-27T00:00:00+00:00,2026-02-27,2026-08-20,industry_trend,120,20,20,0,valid,0.1882919203991587,-0.01606318347509106,down
strict,replay_strict_2026-02-27,2026-02-27T00:00:00+00:00,2026-02-27,2026-03-27,momentum,20,20,20,0,valid,-0.0689181688868836,-0.01606318347509106,down
strict,replay_strict_2026-02-27,2026-02-27T00:00:00+00:00,2026-02-27,2026-05-26,momentum,60,20,20,0,valid,0.19514904134751515,-0.01606318347509106,down
strict,replay_strict_2026-02-27,2026-02-27T00:00:00+00:00,2026-02-27,2026-08-20,momentum,120,20,20,0,valid,0.16565967599340903,-0.01606318347509106,down
strict,replay_strict_2026-02-27,2026-02-27T00:00:00+00:00,2026-02-27,2026-03-27,research_pool,20,30,30,0,valid,-0.05832734534386013,-0.01606318347509106,down
strict,replay_strict_2026-02-27,2026-02-27T00:00:00+00:00,2026-02-27,2026-05-26,research_pool,60,30,30,0,valid,0.21011515517661503,-0.01606318347509106,down
strict,replay_strict_2026-02-27,2026-02-27T00:00:00+00:00,2026-02-27,2026-08-20,research_pool,120,30,30,0,valid,0.19535377414251356,-0.01606318347509106,down
strict,replay_strict_2026-03-31,2026-03-31T00:00:00+00:00,2026-03-31,2026-05-08,low_value,20,0,0,0,no_signal,,-0.05867097279311029,down
strict,replay_strict_2026-03-31,2026-03-31T00:00:00+00:00,2026-03-31,2026-07-03,low_value,60,0,0,0,no_signal,,-0.05867097279311029,down
strict,replay_strict_2026-03-31,2026-03-31T00:00:00+00:00,2026-03-31,2026-09-25,low_value,120,0,0,0,no_signal,,-0.05867097279311029,down
strict,replay_strict_2026-03-31,2026-03-31T00:00:00+00:00,2026-03-31,2026-05-08,industry_trend,20,0,0,0,no_signal,,-0.05867097279311029,down
strict,replay_strict_2026-03-31,2026-03-31T00:00:00+00:00,2026-03-31,2026-07-03,industry_trend,60,0,0,0,no_signal,,-0.05867097279311029,down
strict,replay_strict_2026-03-31,2026-03-31T00:00:00+00:00,2026-03-31,2026-09-25,industry_trend,120,0,0,0,no_signal,,-0.05867097279311029,down
strict,replay_strict_2026-03-31,2026-03-31T00:00:00+00:00,2026-03-31,2026-05-08,momentum,20,0,0,0,no_signal,,-0.05867097279311029,down
strict,replay_strict_2026-03-31,2026-03-31T00:00:00+00:00,2026-03-31,2026-07-03,momentum,60,0,0,0,no_signal,,-0.05867097279311029,down
strict,replay_strict_2026-03-31,2026-03-31T00:00:00+00:00,2026-03-31,2026-09-25,momentum,120,0,0,0,no_signal,,-0.05867097279311029,down
strict,replay_strict_2026-03-31,2026-03-31T00:00:00+00:00,2026-03-31,2026-04-29,research_pool,20,30,30,0,valid,0.10418022874602025,-0.05867097279311029,down
strict,replay_strict_2026-03-31,2026-03-31T00:00:00+00:00,2026-03-31,2026-06-26,research_pool,60,30,30,0,valid,0.22821257864166253,-0.05867097279311029,down
strict,replay_strict_2026-03-31,2026-03-31T00:00:00+00:00,2026-03-31,2026-09-22,research_pool,120,30,30,0,valid,0.3130452197778703,-0.05867097279311029,down
