scenario,run_stem,signal_date,list_type,watchlist_source,channel,layer,before,remaining,removed,pass_rate
base,replay_base_2023-01-31,2023-01-31,low_value,union_superset_approx,ai_enabler,base_hard,630,215,256,0.3412698412698413
base,replay_base_2023-01-31,2023-01-31,low_value,union_superset_approx,ai_enabler,quality_or_theme_hard,287,215,72,0.7491289198606271
base,replay_base_2023-01-31,2023-01-31,low_value,union_superset_approx,ai_enabler,valuation_hard,374,287,87,0.767379679144385
base,replay_base_2023-01-31,2023-01-31,low_value,union_superset_approx,ai_peripheral,base_hard,630,109,377,0.173015873015873
base,replay_base_2023-01-31,2023-01-31,low_value,union_superset_approx,ai_peripheral,quality_or_theme_hard,310,230,80,0.7419354838709677
base,replay_base_2023-01-31,2023-01-31,low_value,union_superset_approx,ai_peripheral,valuation_hard,374,310,64,0.8288770053475936
base,replay_base_2023-01-31,2023-01-31,low_value,union_superset_approx,core_ai,base_hard,630,63,386,0.1
base,replay_base_2023-01-31,2023-01-31,low_value,union_superset_approx,core_ai,quality_or_theme_hard,252,193,59,0.7658730158730159
base,replay_base_2023-01-31,2023-01-31,low_value,union_superset_approx,core_ai,valuation_hard,374,252,122,0.6737967914438503
base,replay_base_2023-01-31,2023-01-31,industry_trend,union_superset_approx,ai_enabler,base_hard,630,271,256,0.4301587301587302
base,replay_base_2023-01-31,2023-01-31,industry_trend,union_superset_approx,ai_enabler,quality_or_theme_hard,374,271,103,0.7245989304812834
base,replay_base_2023-01-31,2023-01-31,industry_trend,union_superset_approx,ai_peripheral,base_hard,630,134,393,0.2126984126984127
base,replay_base_2023-01-31,2023-01-31,industry_trend,union_superset_approx,ai_peripheral,quality_or_theme_hard,374,134,103,0.3582887700534759
base,replay_base_2023-01-31,2023-01-31,industry_trend,union_superset_approx,core_ai,base_hard,630,87,440,0.1380952380952381
base,replay_base_2023-01-31,2023-01-31,industry_trend,union_superset_approx,core_ai,quality_or_theme_hard,374,87,103,0.232620320855615
base,replay_base_2023-01-31,2023-01-31,momentum,union_superset_approx,ai_enabler,base_hard,630,271,256,0.4301587301587302
base,replay_base_2023-01-31,2023-01-31,momentum,union_superset_approx,ai_enabler,quality_or_theme_hard,374,271,103,0.7245989304812834
base,replay_base_2023-01-31,2023-01-31,momentum,union_superset_approx,ai_peripheral,base_hard,630,134,393,0.2126984126984127
base,replay_base_2023-01-31,2023-01-31,momentum,union_superset_approx,ai_peripheral,quality_or_theme_hard,374,134,103,0.3582887700534759
base,replay_base_2023-01-31,2023-01-31,momentum,union_superset_approx,core_ai,base_hard,630,87,440,0.1380952380952381
base,replay_base_2023-01-31,2023-01-31,momentum,union_superset_approx,core_ai,quality_or_theme_hard,374,87,103,0.232620320855615
base,replay_base_2023-02-28,2023-02-28,low_value,union_superset_approx,ai_enabler,base_hard,632,226,261,0.3575949367088608
base,replay_base_2023-02-28,2023-02-28,low_value,union_superset_approx,ai_enabler,quality_or_theme_hard,291,226,65,0.7766323024054983
base,replay_base_2023-02-28,2023-02-28,low_value,union_superset_approx,ai_enabler,valuation_hard,371,291,80,0.784366576819407
base,replay_base_2023-02-28,2023-02-28,low_value,union_superset_approx,ai_peripheral,base_hard,632,124,384,0.1962025316455696
base,replay_base_2023-02-28,2023-02-28,low_value,union_superset_approx,ai_peripheral,quality_or_theme_hard,317,247,70,0.7791798107255521
base,replay_base_2023-02-28,2023-02-28,low_value,union_superset_approx,ai_peripheral,valuation_hard,371,317,54,0.8544474393530997
base,replay_base_2023-02-28,2023-02-28,low_value,union_superset_approx,core_ai,base_hard,632,61,408,0.09651898734177215
base,replay_base_2023-02-28,2023-02-28,low_value,union_superset_approx,core_ai,quality_or_theme_hard,268,208,60,0.7761194029850746
base,replay_base_2023-02-28,2023-02-28,low_value,union_superset_approx,core_ai,valuation_hard,371,268,103,0.7223719676549866
base,replay_base_2023-02-28,2023-02-28,industry_trend,union_superset_approx,ai_enabler,base_hard,632,286,261,0.4525316455696203
base,replay_base_2023-02-28,2023-02-28,industry_trend,union_superset_approx,ai_enabler,quality_or_theme_hard,371,286,85,0.77088948787062
base,replay_base_2023-02-28,2023-02-28,industry_trend,union_superset_approx,ai_peripheral,base_hard,632,140,407,0.22151898734177214
base,replay_base_2023-02-28,2023-02-28,industry_trend,union_superset_approx,ai_peripheral,quality_or_theme_hard,371,140,85,0.37735849056603776
base,replay_base_2023-02-28,2023-02-28,industry_trend,union_superset_approx,core_ai,base_hard,632,92,455,0.14556962025316456
base,replay_base_2023-02-28,2023-02-28,industry_trend,union_superset_approx,core_ai,quality_or_theme_hard,371,92,85,0.24797843665768193
base,replay_base_2023-02-28,2023-02-28,momentum,union_superset_approx,ai_enabler,base_hard,632,286,261,0.4525316455696203
base,replay_base_2023-02-28,2023-02-28,momentum,union_superset_approx,ai_enabler,quality_or_theme_hard,371,286,85,0.77088948787062
base,replay_base_2023-02-28,2023-02-28,momentum,union_superset_approx,ai_peripheral,base_hard,632,140,407,0.22151898734177214
base,replay_base_2023-02-28,2023-02-28,momentum,union_superset_approx,ai_peripheral,quality_or_theme_hard,371,140,85,0.37735849056603776
base,replay_base_2023-02-28,2023-02-28,momentum,union_superset_approx,core_ai,base_hard,632,92,455,0.14556962025316456
base,replay_base_2023-02-28,2023-02-28,momentum,union_superset_approx,core_ai,quality_or_theme_hard,371,92,85,0.24797843665768193
base,replay_base_2023-03-31,2023-03-31,low_value,union_superset_approx,ai_enabler,base_hard,632,196,265,0.310126582278481
base,replay_base_2023-03-31,2023-03-31,low_value,union_superset_approx,ai_enabler,quality_or_theme_hard,261,196,65,0.7509578544061303
base,replay_base_2023-03-31,2023-03-31,low_value,union_superset_approx,ai_enabler,valuation_hard,367,261,106,0.7111716621253406
base,replay_base_2023-03-31,2023-03-31,low_value,union_superset_approx,ai_peripheral,base_hard,632,117,360,0.185126582278481
base,replay_base_2023-03-31,2023-03-31,low_value,union_superset_approx,ai_peripheral,quality_or_theme_hard,284,212,72,0.7464788732394366
base,replay_base_2023-03-31,2023-03-31,low_value,union_superset_approx,ai_peripheral,valuation_hard,367,284,83,0.773841961852861
base,replay_base_2023-03-31,2023-03-31,low_value,union_superset_approx,core_ai,base_hard,632,46,399,0.07278481012658228
base,replay_base_2023-03-31,2023-03-31,low_value,union_superset_approx,core_ai,quality_or_theme_hard,240,180,60,0.75
base,replay_base_2023-03-31,2023-03-31,low_value,union_superset_approx,core_ai,valuation_hard,367,240,127,0.6539509536784741
base,replay_base_2023-03-31,2023-03-31,industry_trend,union_superset_approx,ai_enabler,base_hard,632,264,265,0.4177215189873418
base,replay_base_2023-03-31,2023-03-31,industry_trend,union_superset_approx,ai_enabler,quality_or_theme_hard,367,264,103,0.7193460490463215
base,replay_base_2023-03-31,2023-03-31,industry_trend,union_superset_approx,ai_peripheral,base_hard,632,131,398,0.20727848101265822
base,replay_base_2023-03-31,2023-03-31,industry_trend,union_superset_approx,ai_peripheral,quality_or_theme_hard,367,131,103,0.3569482288828338
base,replay_base_2023-03-31,2023-03-31,industry_trend,union_superset_approx,core_ai,base_hard,632,86,443,0.1360759493670886
base,replay_base_2023-03-31,2023-03-31,industry_trend,union_superset_approx,core_ai,quality_or_theme_hard,367,86,103,0.23433242506811988
base,replay_base_2023-03-31,2023-03-31,momentum,union_superset_approx,ai_enabler,base_hard,632,264,265,0.4177215189873418
base,replay_base_2023-03-31,2023-03-31,momentum,union_superset_approx,ai_enabler,quality_or_theme_hard,367,264,103,0.7193460490463215
base,replay_base_2023-03-31,2023-03-31,momentum,union_superset_approx,ai_peripheral,base_hard,632,131,398,0.20727848101265822
base,replay_base_2023-03-31,2023-03-31,momentum,union_superset_approx,ai_peripheral,quality_or_theme_hard,367,131,103,0.3569482288828338
base,replay_base_2023-03-31,2023-03-31,momentum,union_superset_approx,core_ai,base_hard,632,86,443,0.1360759493670886
base,replay_base_2023-03-31,2023-03-31,momentum,union_superset_approx,core_ai,quality_or_theme_hard,367,86,103,0.23433242506811988
base,replay_base_2023-04-28,2023-04-28,low_value,union_superset_approx,ai_enabler,base_hard,631,198,278,0.31378763866877973
base,replay_base_2023-04-28,2023-04-28,low_value,union_superset_approx,ai_enabler,quality_or_theme_hard,283,198,85,0.6996466431095406
base,replay_base_2023-04-28,2023-04-28,low_value,union_superset_approx,ai_enabler,valuation_hard,353,283,70,0.8016997167138811
base,replay_base_2023-04-28,2023-04-28,low_value,union_superset_approx,ai_peripheral,base_hard,631,102,383,0.16164817749603805
base,replay_base_2023-04-28,2023-04-28,low_value,union_superset_approx,ai_peripheral,quality_or_theme_hard,297,207,90,0.696969696969697
base,replay_base_2023-04-28,2023-04-28,low_value,union_superset_approx,ai_peripheral,valuation_hard,353,297,56,0.8413597733711048
base,replay_base_2023-04-28,2023-04-28,low_value,union_superset_approx,core_ai,base_hard,631,59,399,0.09350237717908082
base,replay_base_2023-04-28,2023-04-28,low_value,union_superset_approx,core_ai,quality_or_theme_hard,258,180,78,0.6976744186046512
base,replay_base_2023-04-28,2023-04-28,low_value,union_superset_approx,core_ai,valuation_hard,353,258,95,0.7308781869688386
base,replay_base_2023-04-28,2023-04-28,industry_trend,union_superset_approx,ai_enabler,base_hard,631,245,278,0.38827258320126784
base,replay_base_2023-04-28,2023-04-28,industry_trend,union_superset_approx,ai_enabler,quality_or_theme_hard,353,245,108,0.6940509915014165
base,replay_base_2023-04-28,2023-04-28,industry_trend,union_superset_approx,ai_peripheral,base_hard,631,119,404,0.18858954041204437
base,replay_base_2023-04-28,2023-04-28,industry_trend,union_superset_approx,ai_peripheral,quality_or_theme_hard,353,119,108,0.3371104815864023
base,replay_base_2023-04-28,2023-04-28,industry_trend,union_superset_approx,core_ai,base_hard,631,88,435,0.13946117274167988
base,replay_base_2023-04-28,2023-04-28,industry_trend,union_superset_approx,core_ai,quality_or_theme_hard,353,88,108,0.24929178470254956
base,replay_base_2023-04-28,2023-04-28,momentum,union_superset_approx,ai_enabler,base_hard,631,245,278,0.38827258320126784
base,replay_base_2023-04-28,2023-04-28,momentum,union_superset_approx,ai_enabler,quality_or_theme_hard,353,245,108,0.6940509915014165
base,replay_base_2023-04-28,2023-04-28,momentum,union_superset_approx,ai_peripheral,base_hard,631,119,404,0.18858954041204437
base,replay_base_2023-04-28,2023-04-28,momentum,union_superset_approx,ai_peripheral,quality_or_theme_hard,353,119,108,0.3371104815864023
base,replay_base_2023-04-28,2023-04-28,momentum,union_superset_approx,core_ai,base_hard,631,88,435,0.13946117274167988
base,replay_base_2023-04-28,2023-04-28,momentum,union_superset_approx,core_ai,quality_or_theme_hard,353,88,108,0.24929178470254956
base,replay_base_2023-05-31,2023-05-31,low_value,union_superset_approx,ai_enabler,base_hard,632,190,251,0.30063291139240506
base,replay_base_2023-05-31,2023-05-31,low_value,union_superset_approx,ai_enabler,quality_or_theme_hard,291,190,101,0.6529209621993127
base,replay_base_2023-05-31,2023-05-31,low_value,union_superset_approx,ai_enabler,valuation_hard,381,291,90,0.7637795275590551
base,replay_base_2023-05-31,2023-05-31,low_value,union_superset_approx,ai_peripheral,base_hard,632,116,333,0.18354430379746836
base,replay_base_2023-05-31,2023-05-31,low_value,union_superset_approx,ai_peripheral,quality_or_theme_hard,304,198,106,0.6513157894736842
base,replay_base_2023-05-31,2023-05-31,low_value,union_superset_approx,ai_peripheral,valuation_hard,381,304,77,0.7979002624671916
base,replay_base_2023-05-31,2023-05-31,low_value,union_superset_approx,core_ai,base_hard,632,38,385,0.060126582278481014
base,replay_base_2023-05-31,2023-05-31,low_value,union_superset_approx,core_ai,quality_or_theme_hard,265,172,93,0.6490566037735849
base,replay_base_2023-05-31,2023-05-31,low_value,union_superset_approx,core_ai,valuation_hard,381,265,116,0.6955380577427821
base,replay_base_2023-05-31,2023-05-31,industry_trend,union_superset_approx,ai_enabler,base_hard,632,256,251,0.4050632911392405
base,replay_base_2023-05-31,2023-05-31,industry_trend,union_superset_approx,ai_enabler,quality_or_theme_hard,381,256,125,0.6719160104986877
base,replay_base_2023-05-31,2023-05-31,industry_trend,union_superset_approx,ai_peripheral,base_hard,632,123,384,0.19462025316455697
base,replay_base_2023-05-31,2023-05-31,industry_trend,union_superset_approx,ai_peripheral,quality_or_theme_hard,381,123,125,0.3228346456692913
base,replay_base_2023-05-31,2023-05-31,industry_trend,union_superset_approx,core_ai,base_hard,632,90,417,0.14240506329113925
base,replay_base_2023-05-31,2023-05-31,industry_trend,union_superset_approx,core_ai,quality_or_theme_hard,381,90,125,0.23622047244094488
base,replay_base_2023-05-31,2023-05-31,momentum,union_superset_approx,ai_enabler,base_hard,632,256,251,0.4050632911392405
base,replay_base_2023-05-31,2023-05-31,momentum,union_superset_approx,ai_enabler,quality_or_theme_hard,381,256,125,0.6719160104986877
base,replay_base_2023-05-31,2023-05-31,momentum,union_superset_approx,ai_peripheral,base_hard,632,123,384,0.19462025316455697
base,replay_base_2023-05-31,2023-05-31,momentum,union_superset_approx,ai_peripheral,quality_or_theme_hard,381,123,125,0.3228346456692913
base,replay_base_2023-05-31,2023-05-31,momentum,union_superset_approx,core_ai,base_hard,632,90,417,0.14240506329113925
base,replay_base_2023-05-31,2023-05-31,momentum,union_superset_approx,core_ai,quality_or_theme_hard,381,90,125,0.23622047244094488
base,replay_base_2023-06-30,2023-06-30,low_value,union_superset_approx,ai_enabler,base_hard,633,136,290,0.21484992101105846
base,replay_base_2023-06-30,2023-06-30,low_value,union_superset_approx,ai_enabler,quality_or_theme_hard,184,136,48,0.7391304347826086
base,replay_base_2023-06-30,2023-06-30,low_value,union_superset_approx,ai_enabler,valuation_hard,343,184,159,0.5364431486880467
base,replay_base_2023-06-30,2023-06-30,low_value,union_superset_approx,ai_peripheral,base_hard,633,87,351,0.13744075829383887
base,replay_base_2023-06-30,2023-06-30,low_value,union_superset_approx,ai_peripheral,quality_or_theme_hard,199,148,51,0.7437185929648241
base,replay_base_2023-06-30,2023-06-30,low_value,union_superset_approx,ai_peripheral,valuation_hard,343,199,144,0.5801749271137027
base,replay_base_2023-06-30,2023-06-30,low_value,union_superset_approx,core_ai,base_hard,633,24,388,0.037914691943127965
base,replay_base_2023-06-30,2023-06-30,low_value,union_superset_approx,core_ai,quality_or_theme_hard,166,122,44,0.7349397590361446
base,replay_base_2023-06-30,2023-06-30,low_value,union_superset_approx,core_ai,valuation_hard,343,166,177,0.4839650145772595
base,replay_base_2023-06-30,2023-06-30,industry_trend,union_superset_approx,ai_enabler,base_hard,633,253,290,0.39968404423380727
base,replay_base_2023-06-30,2023-06-30,industry_trend,union_superset_approx,ai_enabler,quality_or_theme_hard,343,253,90,0.7376093294460642
base,replay_base_2023-06-30,2023-06-30,industry_trend,union_superset_approx,ai_peripheral,base_hard,633,120,423,0.1895734597156398
base,replay_base_2023-06-30,2023-06-30,industry_trend,union_superset_approx,ai_peripheral,quality_or_theme_hard,343,120,90,0.3498542274052478
base,replay_base_2023-06-30,2023-06-30,industry_trend,union_superset_approx,core_ai,base_hard,633,90,453,0.14218009478672985
base,replay_base_2023-06-30,2023-06-30,industry_trend,union_superset_approx,core_ai,quality_or_theme_hard,343,90,90,0.26239067055393583
base,replay_base_2023-06-30,2023-06-30,momentum,union_superset_approx,ai_enabler,base_hard,633,253,290,0.39968404423380727
base,replay_base_2023-06-30,2023-06-30,momentum,union_superset_approx,ai_enabler,quality_or_theme_hard,343,253,90,0.7376093294460642
base,replay_base_2023-06-30,2023-06-30,momentum,union_superset_approx,ai_peripheral,base_hard,633,120,423,0.1895734597156398
base,replay_base_2023-06-30,2023-06-30,momentum,union_superset_approx,ai_peripheral,quality_or_theme_hard,343,120,90,0.3498542274052478
base,replay_base_2023-06-30,2023-06-30,momentum,union_superset_approx,core_ai,base_hard,633,90,453,0.14218009478672985
base,replay_base_2023-06-30,2023-06-30,momentum,union_superset_approx,core_ai,quality_or_theme_hard,343,90,90,0.26239067055393583
base,replay_base_2023-07-31,2023-07-31,low_value,union_superset_approx,ai_enabler,base_hard,633,126,271,0.1990521327014218
base,replay_base_2023-07-31,2023-07-31,low_value,union_superset_approx,ai_enabler,quality_or_theme_hard,193,126,67,0.6528497409326425
base,replay_base_2023-07-31,2023-07-31,low_value,union_superset_approx,ai_enabler,valuation_hard,362,193,169,0.5331491712707183
base,replay_base_2023-07-31,2023-07-31,low_value,union_superset_approx,ai_peripheral,base_hard,633,81,330,0.12796208530805686
base,replay_base_2023-07-31,2023-07-31,low_value,union_superset_approx,ai_peripheral,quality_or_theme_hard,212,140,72,0.660377358490566
base,replay_base_2023-07-31,2023-07-31,low_value,union_superset_approx,ai_peripheral,valuation_hard,362,212,150,0.585635359116022
base,replay_base_2023-07-31,2023-07-31,low_value,union_superset_approx,core_ai,base_hard,633,16,351,0.02527646129541864
base,replay_base_2023-07-31,2023-07-31,low_value,union_superset_approx,core_ai,quality_or_theme_hard,154,96,58,0.6233766233766234
base,replay_base_2023-07-31,2023-07-31,low_value,union_superset_approx,core_ai,valuation_hard,362,154,208,0.425414364640884
base,replay_base_2023-07-31,2023-07-31,industry_trend,union_superset_approx,ai_enabler,base_hard,633,247,271,0.3902053712480253
base,replay_base_2023-07-31,2023-07-31,industry_trend,union_superset_approx,ai_enabler,quality_or_theme_hard,362,247,115,0.6823204419889503
base,replay_base_2023-07-31,2023-07-31,industry_trend,union_superset_approx,ai_peripheral,base_hard,633,117,401,0.1848341232227488
base,replay_base_2023-07-31,2023-07-31,industry_trend,union_superset_approx,ai_peripheral,quality_or_theme_hard,362,117,115,0.32320441988950277
base,replay_base_2023-07-31,2023-07-31,industry_trend,union_superset_approx,core_ai,base_hard,633,91,427,0.14375987361769352
base,replay_base_2023-07-31,2023-07-31,industry_trend,union_superset_approx,core_ai,quality_or_theme_hard,362,91,115,0.2513812154696133
base,replay_base_2023-07-31,2023-07-31,momentum,union_superset_approx,ai_enabler,base_hard,633,247,271,0.3902053712480253
base,replay_base_2023-07-31,2023-07-31,momentum,union_superset_approx,ai_enabler,quality_or_theme_hard,362,247,115,0.6823204419889503
base,replay_base_2023-07-31,2023-07-31,momentum,union_superset_approx,ai_peripheral,base_hard,633,117,401,0.1848341232227488
base,replay_base_2023-07-31,2023-07-31,momentum,union_superset_approx,ai_peripheral,quality_or_theme_hard,362,117,115,0.32320441988950277
base,replay_base_2023-07-31,2023-07-31,momentum,union_superset_approx,core_ai,base_hard,633,91,427,0.14375987361769352
base,replay_base_2023-07-31,2023-07-31,momentum,union_superset_approx,core_ai,quality_or_theme_hard,362,91,115,0.2513812154696133
base,replay_base_2023-08-31,2023-08-31,low_value,union_superset_approx,ai_enabler,base_hard,633,129,295,0.2037914691943128
base,replay_base_2023-08-31,2023-08-31,low_value,union_superset_approx,ai_enabler,quality_or_theme_hard,209,129,80,0.6172248803827751
base,replay_base_2023-08-31,2023-08-31,low_value,union_superset_approx,ai_enabler,valuation_hard,338,209,129,0.6183431952662722
base,replay_base_2023-08-31,2023-08-31,low_value,union_superset_approx,ai_peripheral,base_hard,633,82,353,0.12954186413902052
base,replay_base_2023-08-31,2023-08-31,low_value,union_superset_approx,ai_peripheral,quality_or_theme_hard,230,140,90,0.6086956521739131
base,replay_base_2023-08-31,2023-08-31,low_value,union_superset_approx,ai_peripheral,valuation_hard,338,230,108,0.6804733727810651
base,replay_base_2023-08-31,2023-08-31,low_value,union_superset_approx,core_ai,base_hard,633,24,376,0.037914691943127965
base,replay_base_2023-08-31,2023-08-31,low_value,union_superset_approx,core_ai,quality_or_theme_hard,178,105,73,0.5898876404494382
base,replay_base_2023-08-31,2023-08-31,low_value,union_superset_approx,core_ai,valuation_hard,338,178,160,0.5266272189349113
base,replay_base_2023-08-31,2023-08-31,industry_trend,union_superset_approx,ai_enabler,base_hard,633,212,295,0.334913112164297
base,replay_base_2023-08-31,2023-08-31,industry_trend,union_superset_approx,ai_enabler,quality_or_theme_hard,338,212,126,0.6272189349112426
base,replay_base_2023-08-31,2023-08-31,industry_trend,union_superset_approx,ai_peripheral,base_hard,633,104,403,0.16429699842022116
base,replay_base_2023-08-31,2023-08-31,industry_trend,union_superset_approx,ai_peripheral,quality_or_theme_hard,338,104,126,0.3076923076923077
base,replay_base_2023-08-31,2023-08-31,industry_trend,union_superset_approx,core_ai,base_hard,633,79,428,0.12480252764612954
base,replay_base_2023-08-31,2023-08-31,industry_trend,union_superset_approx,core_ai,quality_or_theme_hard,338,79,126,0.23372781065088757
base,replay_base_2023-08-31,2023-08-31,momentum,union_superset_approx,ai_enabler,base_hard,633,212,295,0.334913112164297
base,replay_base_2023-08-31,2023-08-31,momentum,union_superset_approx,ai_enabler,quality_or_theme_hard,338,212,126,0.6272189349112426
base,replay_base_2023-08-31,2023-08-31,momentum,union_superset_approx,ai_peripheral,base_hard,633,104,403,0.16429699842022116
base,replay_base_2023-08-31,2023-08-31,momentum,union_superset_approx,ai_peripheral,quality_or_theme_hard,338,104,126,0.3076923076923077
base,replay_base_2023-08-31,2023-08-31,momentum,union_superset_approx,core_ai,base_hard,633,79,428,0.12480252764612954
base,replay_base_2023-08-31,2023-08-31,momentum,union_superset_approx,core_ai,quality_or_theme_hard,338,79,126,0.23372781065088757
base,replay_base_2023-09-29,2023-09-29,low_value,union_superset_approx,ai_enabler,base_hard,635,185,295,0.29133858267716534
base,replay_base_2023-09-29,2023-09-29,low_value,union_superset_approx,ai_enabler,quality_or_theme_hard,285,185,100,0.6491228070175439
base,replay_base_2023-09-29,2023-09-29,low_value,union_superset_approx,ai_enabler,valuation_hard,340,285,55,0.8382352941176471
base,replay_base_2023-09-29,2023-09-29,low_value,union_superset_approx,ai_peripheral,base_hard,635,102,393,0.16062992125984252
base,replay_base_2023-09-29,2023-09-29,low_value,union_superset_approx,ai_peripheral,quality_or_theme_hard,303,200,103,0.6600660066006601
base,replay_base_2023-09-29,2023-09-29,low_value,union_superset_approx,ai_peripheral,valuation_hard,340,303,37,0.8911764705882353
base,replay_base_2023-09-29,2023-09-29,low_value,union_superset_approx,core_ai,base_hard,635,49,411,0.07716535433070866
base,replay_base_2023-09-29,2023-09-29,low_value,union_superset_approx,core_ai,quality_or_theme_hard,256,165,91,0.64453125
base,replay_base_2023-09-29,2023-09-29,low_value,union_superset_approx,core_ai,valuation_hard,340,256,84,0.7529411764705882
base,replay_base_2023-09-29,2023-09-29,industry_trend,union_superset_approx,ai_enabler,base_hard,635,227,295,0.35748031496062993
base,replay_base_2023-09-29,2023-09-29,industry_trend,union_superset_approx,ai_enabler,quality_or_theme_hard,340,227,113,0.6676470588235294
base,replay_base_2023-09-29,2023-09-29,industry_trend,union_superset_approx,ai_peripheral,base_hard,635,112,410,0.1763779527559055
base,replay_base_2023-09-29,2023-09-29,industry_trend,union_superset_approx,ai_peripheral,quality_or_theme_hard,340,112,113,0.32941176470588235
base,replay_base_2023-09-29,2023-09-29,industry_trend,union_superset_approx,core_ai,base_hard,635,81,441,0.12755905511811025
base,replay_base_2023-09-29,2023-09-29,industry_trend,union_superset_approx,core_ai,quality_or_theme_hard,340,81,113,0.23823529411764705
base,replay_base_2023-09-29,2023-09-29,momentum,union_superset_approx,ai_enabler,base_hard,635,227,295,0.35748031496062993
base,replay_base_2023-09-29,2023-09-29,momentum,union_superset_approx,ai_enabler,quality_or_theme_hard,340,227,113,0.6676470588235294
base,replay_base_2023-09-29,2023-09-29,momentum,union_superset_approx,ai_peripheral,base_hard,635,112,410,0.1763779527559055
base,replay_base_2023-09-29,2023-09-29,momentum,union_superset_approx,ai_peripheral,quality_or_theme_hard,340,112,113,0.32941176470588235
base,replay_base_2023-09-29,2023-09-29,momentum,union_superset_approx,core_ai,base_hard,635,81,441,0.12755905511811025
base,replay_base_2023-09-29,2023-09-29,momentum,union_superset_approx,core_ai,quality_or_theme_hard,340,81,113,0.23823529411764705
base,replay_base_2023-10-31,2023-10-31,low_value,union_superset_approx,ai_enabler,base_hard,635,217,276,0.3417322834645669
base,replay_base_2023-10-31,2023-10-31,low_value,union_superset_approx,ai_enabler,quality_or_theme_hard,333,217,116,0.6516516516516516
base,replay_base_2023-10-31,2023-10-31,low_value,union_superset_approx,ai_enabler,valuation_hard,359,333,26,0.9275766016713092
base,replay_base_2023-10-31,2023-10-31,low_value,union_superset_approx,ai_peripheral,base_hard,635,118,380,0.1858267716535433
base,replay_base_2023-10-31,2023-10-31,low_value,union_superset_approx,ai_peripheral,quality_or_theme_hard,339,222,117,0.6548672566371682
base,replay_base_2023-10-31,2023-10-31,low_value,union_superset_approx,ai_peripheral,valuation_hard,359,339,20,0.9442896935933147
base,replay_base_2023-10-31,2023-10-31,low_value,union_superset_approx,core_ai,base_hard,635,59,412,0.09291338582677165
base,replay_base_2023-10-31,2023-10-31,low_value,union_superset_approx,core_ai,quality_or_theme_hard,303,195,108,0.6435643564356436
base,replay_base_2023-10-31,2023-10-31,low_value,union_superset_approx,core_ai,valuation_hard,359,303,56,0.8440111420612814
base,replay_base_2023-10-31,2023-10-31,industry_trend,union_superset_approx,ai_enabler,base_hard,635,237,276,0.3732283464566929
base,replay_base_2023-10-31,2023-10-31,industry_trend,union_superset_approx,ai_enabler,quality_or_theme_hard,359,237,122,0.6601671309192201
base,replay_base_2023-10-31,2023-10-31,industry_trend,union_superset_approx,ai_peripheral,base_hard,635,122,391,0.1921259842519685
base,replay_base_2023-10-31,2023-10-31,industry_trend,union_superset_approx,ai_peripheral,quality_or_theme_hard,359,122,122,0.3398328690807799
base,replay_base_2023-10-31,2023-10-31,industry_trend,union_superset_approx,core_ai,base_hard,635,80,433,0.12598425196850394
base,replay_base_2023-10-31,2023-10-31,industry_trend,union_superset_approx,core_ai,quality_or_theme_hard,359,80,122,0.22284122562674094
base,replay_base_2023-10-31,2023-10-31,momentum,union_superset_approx,ai_enabler,base_hard,635,237,276,0.3732283464566929
base,replay_base_2023-10-31,2023-10-31,momentum,union_superset_approx,ai_enabler,quality_or_theme_hard,359,237,122,0.6601671309192201
base,replay_base_2023-10-31,2023-10-31,momentum,union_superset_approx,ai_peripheral,base_hard,635,122,391,0.1921259842519685
base,replay_base_2023-10-31,2023-10-31,momentum,union_superset_approx,ai_peripheral,quality_or_theme_hard,359,122,122,0.3398328690807799
base,replay_base_2023-10-31,2023-10-31,momentum,union_superset_approx,core_ai,base_hard,635,80,433,0.12598425196850394
base,replay_base_2023-10-31,2023-10-31,momentum,union_superset_approx,core_ai,quality_or_theme_hard,359,80,122,0.22284122562674094
base,replay_base_2023-11-30,2023-11-30,low_value,union_superset_approx,ai_enabler,base_hard,635,159,286,0.2503937007874016
base,replay_base_2023-11-30,2023-11-30,low_value,union_superset_approx,ai_enabler,quality_or_theme_hard,232,159,73,0.6853448275862069
base,replay_base_2023-11-30,2023-11-30,low_value,union_superset_approx,ai_enabler,valuation_hard,349,232,117,0.664756446991404
base,replay_base_2023-11-30,2023-11-30,low_value,union_superset_approx,ai_peripheral,base_hard,635,98,359,0.15433070866141732
base,replay_base_2023-11-30,2023-11-30,low_value,union_superset_approx,ai_peripheral,quality_or_theme_hard,247,171,76,0.6923076923076923
base,replay_base_2023-11-30,2023-11-30,low_value,union_superset_approx,ai_peripheral,valuation_hard,349,247,102,0.7077363896848138
base,replay_base_2023-11-30,2023-11-30,low_value,union_superset_approx,core_ai,base_hard,635,30,390,0.047244094488188976
base,replay_base_2023-11-30,2023-11-30,low_value,union_superset_approx,core_ai,quality_or_theme_hard,199,134,65,0.6733668341708543
base,replay_base_2023-11-30,2023-11-30,low_value,union_superset_approx,core_ai,valuation_hard,349,199,150,0.5702005730659025
base,replay_base_2023-11-30,2023-11-30,industry_trend,union_superset_approx,ai_enabler,base_hard,635,251,286,0.3952755905511811
base,replay_base_2023-11-30,2023-11-30,industry_trend,union_superset_approx,ai_enabler,quality_or_theme_hard,349,251,98,0.7191977077363897
base,replay_base_2023-11-30,2023-11-30,industry_trend,union_superset_approx,ai_peripheral,base_hard,635,123,414,0.19370078740157481
base,replay_base_2023-11-30,2023-11-30,industry_trend,union_superset_approx,ai_peripheral,quality_or_theme_hard,349,123,98,0.3524355300859599
base,replay_base_2023-11-30,2023-11-30,industry_trend,union_superset_approx,core_ai,base_hard,635,86,451,0.13543307086614173
base,replay_base_2023-11-30,2023-11-30,industry_trend,union_superset_approx,core_ai,quality_or_theme_hard,349,86,98,0.24641833810888253
base,replay_base_2023-11-30,2023-11-30,momentum,union_superset_approx,ai_enabler,base_hard,635,251,286,0.3952755905511811
base,replay_base_2023-11-30,2023-11-30,momentum,union_superset_approx,ai_enabler,quality_or_theme_hard,349,251,98,0.7191977077363897
base,replay_base_2023-11-30,2023-11-30,momentum,union_superset_approx,ai_peripheral,base_hard,635,123,414,0.19370078740157481
base,replay_base_2023-11-30,2023-11-30,momentum,union_superset_approx,ai_peripheral,quality_or_theme_hard,349,123,98,0.3524355300859599
base,replay_base_2023-11-30,2023-11-30,momentum,union_superset_approx,core_ai,base_hard,635,86,451,0.13543307086614173
base,replay_base_2023-11-30,2023-11-30,momentum,union_superset_approx,core_ai,quality_or_theme_hard,349,86,98,0.24641833810888253
base,replay_base_2023-12-29,2023-12-29,low_value,union_superset_approx,ai_enabler,base_hard,635,122,342,0.1921259842519685
base,replay_base_2023-12-29,2023-12-29,low_value,union_superset_approx,ai_enabler,quality_or_theme_hard,154,122,32,0.7922077922077922
base,replay_base_2023-12-29,2023-12-29,low_value,union_superset_approx,ai_enabler,valuation_hard,293,154,139,0.5255972696245734
base,replay_base_2023-12-29,2023-12-29,low_value,union_superset_approx,ai_peripheral,base_hard,635,85,393,0.13385826771653545
base,replay_base_2023-12-29,2023-12-29,low_value,union_superset_approx,ai_peripheral,quality_or_theme_hard,171,136,35,0.7953216374269005
base,replay_base_2023-12-29,2023-12-29,low_value,union_superset_approx,ai_peripheral,valuation_hard,293,171,122,0.5836177474402731
base,replay_base_2023-12-29,2023-12-29,low_value,union_superset_approx,core_ai,base_hard,635,17,418,0.026771653543307086
base,replay_base_2023-12-29,2023-12-29,low_value,union_superset_approx,core_ai,quality_or_theme_hard,119,93,26,0.7815126050420168
base,replay_base_2023-12-29,2023-12-29,low_value,union_superset_approx,core_ai,valuation_hard,293,119,174,0.4061433447098976
base,replay_base_2023-12-29,2023-12-29,industry_trend,union_superset_approx,ai_enabler,base_hard,635,243,342,0.3826771653543307
base,replay_base_2023-12-29,2023-12-29,industry_trend,union_superset_approx,ai_enabler,quality_or_theme_hard,293,243,50,0.8293515358361775
base,replay_base_2023-12-29,2023-12-29,industry_trend,union_superset_approx,ai_peripheral,base_hard,635,118,467,0.1858267716535433
base,replay_base_2023-12-29,2023-12-29,industry_trend,union_superset_approx,ai_peripheral,quality_or_theme_hard,293,118,50,0.40273037542662116
base,replay_base_2023-12-29,2023-12-29,industry_trend,union_superset_approx,core_ai,base_hard,635,83,502,0.13070866141732285
base,replay_base_2023-12-29,2023-12-29,industry_trend,union_superset_approx,core_ai,quality_or_theme_hard,293,83,50,0.2832764505119454
base,replay_base_2023-12-29,2023-12-29,momentum,union_superset_approx,ai_enabler,base_hard,635,243,342,0.3826771653543307
base,replay_base_2023-12-29,2023-12-29,momentum,union_superset_approx,ai_enabler,quality_or_theme_hard,293,243,50,0.8293515358361775
base,replay_base_2023-12-29,2023-12-29,momentum,union_superset_approx,ai_peripheral,base_hard,635,118,467,0.1858267716535433
base,replay_base_2023-12-29,2023-12-29,momentum,union_superset_approx,ai_peripheral,quality_or_theme_hard,293,118,50,0.40273037542662116
base,replay_base_2023-12-29,2023-12-29,momentum,union_superset_approx,core_ai,base_hard,635,83,502,0.13070866141732285
base,replay_base_2023-12-29,2023-12-29,momentum,union_superset_approx,core_ai,quality_or_theme_hard,293,83,50,0.2832764505119454
base,replay_base_2024-01-31,2024-01-31,low_value,union_superset_approx,ai_enabler,base_hard,637,141,266,0.22135007849293564
base,replay_base_2024-01-31,2024-01-31,low_value,union_superset_approx,ai_enabler,quality_or_theme_hard,225,141,84,0.6266666666666667
base,replay_base_2024-01-31,2024-01-31,low_value,union_superset_approx,ai_enabler,valuation_hard,371,225,146,0.6064690026954178
base,replay_base_2024-01-31,2024-01-31,low_value,union_superset_approx,ai_peripheral,base_hard,637,102,339,0.16012558869701726
base,replay_base_2024-01-31,2024-01-31,low_value,union_superset_approx,ai_peripheral,quality_or_theme_hard,271,175,96,0.6457564575645757
base,replay_base_2024-01-31,2024-01-31,low_value,union_superset_approx,ai_peripheral,valuation_hard,371,271,100,0.7304582210242587
base,replay_base_2024-01-31,2024-01-31,low_value,union_superset_approx,core_ai,base_hard,637,27,357,0.0423861852433281
base,replay_base_2024-01-31,2024-01-31,low_value,union_superset_approx,core_ai,quality_or_theme_hard,190,118,72,0.6210526315789474
base,replay_base_2024-01-31,2024-01-31,low_value,union_superset_approx,core_ai,valuation_hard,371,190,181,0.5121293800539084
base,replay_base_2024-01-31,2024-01-31,industry_trend,union_superset_approx,ai_enabler,base_hard,637,249,266,0.39089481946624804
base,replay_base_2024-01-31,2024-01-31,industry_trend,union_superset_approx,ai_enabler,quality_or_theme_hard,371,249,122,0.6711590296495957
base,replay_base_2024-01-31,2024-01-31,industry_trend,union_superset_approx,ai_peripheral,base_hard,637,120,395,0.18838304552590268
base,replay_base_2024-01-31,2024-01-31,industry_trend,union_superset_approx,ai_peripheral,quality_or_theme_hard,371,120,122,0.32345013477088946
base,replay_base_2024-01-31,2024-01-31,industry_trend,union_superset_approx,core_ai,base_hard,637,87,428,0.13657770800627944
base,replay_base_2024-01-31,2024-01-31,industry_trend,union_superset_approx,core_ai,quality_or_theme_hard,371,87,122,0.23450134770889489
base,replay_base_2024-01-31,2024-01-31,momentum,union_superset_approx,ai_enabler,base_hard,637,249,266,0.39089481946624804
base,replay_base_2024-01-31,2024-01-31,momentum,union_superset_approx,ai_enabler,quality_or_theme_hard,371,249,122,0.6711590296495957
base,replay_base_2024-01-31,2024-01-31,momentum,union_superset_approx,ai_peripheral,base_hard,637,120,395,0.18838304552590268
base,replay_base_2024-01-31,2024-01-31,momentum,union_superset_approx,ai_peripheral,quality_or_theme_hard,371,120,122,0.32345013477088946
base,replay_base_2024-01-31,2024-01-31,momentum,union_superset_approx,core_ai,base_hard,637,87,428,0.13657770800627944
base,replay_base_2024-01-31,2024-01-31,momentum,union_superset_approx,core_ai,quality_or_theme_hard,371,87,122,0.23450134770889489
base,replay_base_2024-02-29,2024-02-29,low_value,union_superset_approx,ai_enabler,base_hard,638,132,262,0.20689655172413793
base,replay_base_2024-02-29,2024-02-29,low_value,union_superset_approx,ai_enabler,quality_or_theme_hard,194,132,62,0.6804123711340206
base,replay_base_2024-02-29,2024-02-29,low_value,union_superset_approx,ai_enabler,valuation_hard,376,194,182,0.5159574468085106
base,replay_base_2024-02-29,2024-02-29,low_value,union_superset_approx,ai_peripheral,base_hard,638,79,325,0.1238244514106583
base,replay_base_2024-02-29,2024-02-29,low_value,union_superset_approx,ai_peripheral,quality_or_theme_hard,209,142,67,0.6794258373205742
base,replay_base_2024-02-29,2024-02-29,low_value,union_superset_approx,ai_peripheral,valuation_hard,376,209,167,0.5558510638297872
base,replay_base_2024-02-29,2024-02-29,low_value,union_superset_approx,core_ai,base_hard,638,31,345,0.048589341692789965
base,replay_base_2024-02-29,2024-02-29,low_value,union_superset_approx,core_ai,quality_or_theme_hard,168,114,54,0.6785714285714286
base,replay_base_2024-02-29,2024-02-29,low_value,union_superset_approx,core_ai,valuation_hard,376,168,208,0.44680851063829785
base,replay_base_2024-02-29,2024-02-29,industry_trend,union_superset_approx,ai_enabler,base_hard,638,273,262,0.4278996865203762
base,replay_base_2024-02-29,2024-02-29,industry_trend,union_superset_approx,ai_enabler,quality_or_theme_hard,376,273,103,0.726063829787234
base,replay_base_2024-02-29,2024-02-29,industry_trend,union_superset_approx,ai_peripheral,base_hard,638,134,401,0.21003134796238246
base,replay_base_2024-02-29,2024-02-29,industry_trend,union_superset_approx,ai_peripheral,quality_or_theme_hard,376,134,103,0.35638297872340424
base,replay_base_2024-02-29,2024-02-29,industry_trend,union_superset_approx,core_ai,base_hard,638,95,440,0.14890282131661442
base,replay_base_2024-02-29,2024-02-29,industry_trend,union_superset_approx,core_ai,quality_or_theme_hard,376,95,103,0.2526595744680851
base,replay_base_2024-02-29,2024-02-29,momentum,union_superset_approx,ai_enabler,base_hard,638,273,262,0.4278996865203762
base,replay_base_2024-02-29,2024-02-29,momentum,union_superset_approx,ai_enabler,quality_or_theme_hard,376,273,103,0.726063829787234
base,replay_base_2024-02-29,2024-02-29,momentum,union_superset_approx,ai_peripheral,base_hard,638,134,401,0.21003134796238246
base,replay_base_2024-02-29,2024-02-29,momentum,union_superset_approx,ai_peripheral,quality_or_theme_hard,376,134,103,0.35638297872340424
base,replay_base_2024-02-29,2024-02-29,momentum,union_superset_approx,core_ai,base_hard,638,95,440,0.14890282131661442
base,replay_base_2024-02-29,2024-02-29,momentum,union_superset_approx,core_ai,quality_or_theme_hard,376,95,103,0.2526595744680851
base,replay_base_2024-03-29,2024-03-29,low_value,union_superset_approx,ai_enabler,base_hard,640,123,287,0.1921875
base,replay_base_2024-03-29,2024-03-29,low_value,union_superset_approx,ai_enabler,quality_or_theme_hard,177,123,54,0.6949152542372882
base,replay_base_2024-03-29,2024-03-29,low_value,union_superset_approx,ai_enabler,valuation_hard,353,177,176,0.5014164305949008
base,replay_base_2024-03-29,2024-03-29,low_value,union_superset_approx,ai_peripheral,base_hard,640,65,362,0.1015625
base,replay_base_2024-03-29,2024-03-29,low_value,union_superset_approx,ai_peripheral,quality_or_theme_hard,197,140,57,0.7106598984771574
base,replay_base_2024-03-29,2024-03-29,low_value,union_superset_approx,ai_peripheral,valuation_hard,353,197,156,0.5580736543909348
base,replay_base_2024-03-29,2024-03-29,low_value,union_superset_approx,core_ai,base_hard,640,26,358,0.040625
base,replay_base_2024-03-29,2024-03-29,low_value,union_superset_approx,core_ai,quality_or_theme_hard,143,97,46,0.6783216783216783
base,replay_base_2024-03-29,2024-03-29,low_value,union_superset_approx,core_ai,valuation_hard,353,143,210,0.40509915014164305
base,replay_base_2024-03-29,2024-03-29,industry_trend,union_superset_approx,ai_enabler,base_hard,640,254,287,0.396875
base,replay_base_2024-03-29,2024-03-29,industry_trend,union_superset_approx,ai_enabler,quality_or_theme_hard,353,254,99,0.7195467422096318
base,replay_base_2024-03-29,2024-03-29,industry_trend,union_superset_approx,ai_peripheral,base_hard,640,120,421,0.1875
base,replay_base_2024-03-29,2024-03-29,industry_trend,union_superset_approx,ai_peripheral,quality_or_theme_hard,353,120,99,0.33994334277620397
base,replay_base_2024-03-29,2024-03-29,industry_trend,union_superset_approx,core_ai,base_hard,640,89,452,0.1390625
base,replay_base_2024-03-29,2024-03-29,industry_trend,union_superset_approx,core_ai,quality_or_theme_hard,353,89,99,0.2521246458923513
base,replay_base_2024-03-29,2024-03-29,momentum,union_superset_approx,ai_enabler,base_hard,640,254,287,0.396875
base,replay_base_2024-03-29,2024-03-29,momentum,union_superset_approx,ai_enabler,quality_or_theme_hard,353,254,99,0.7195467422096318
base,replay_base_2024-03-29,2024-03-29,momentum,union_superset_approx,ai_peripheral,base_hard,640,120,421,0.1875
base,replay_base_2024-03-29,2024-03-29,momentum,union_superset_approx,ai_peripheral,quality_or_theme_hard,353,120,99,0.33994334277620397
base,replay_base_2024-03-29,2024-03-29,momentum,union_superset_approx,core_ai,base_hard,640,89,452,0.1390625
base,replay_base_2024-03-29,2024-03-29,momentum,union_superset_approx,core_ai,quality_or_theme_hard,353,89,99,0.2521246458923513
base,replay_base_2024-04-30,2024-04-30,low_value,union_superset_approx,ai_enabler,base_hard,642,176,274,0.27414330218068533
base,replay_base_2024-04-30,2024-04-30,low_value,union_superset_approx,ai_enabler,quality_or_theme_hard,265,176,89,0.6641509433962264
base,replay_base_2024-04-30,2024-04-30,low_value,union_superset_approx,ai_enabler,valuation_hard,368,265,103,0.720108695652174
base,replay_base_2024-04-30,2024-04-30,low_value,union_superset_approx,ai_peripheral,base_hard,642,101,370,0.1573208722741433
base,replay_base_2024-04-30,2024-04-30,low_value,union_superset_approx,ai_peripheral,quality_or_theme_hard,292,197,95,0.6746575342465754
base,replay_base_2024-04-30,2024-04-30,low_value,union_superset_approx,ai_peripheral,valuation_hard,368,292,76,0.7934782608695652
base,replay_base_2024-04-30,2024-04-30,low_value,union_superset_approx,core_ai,base_hard,642,39,373,0.06074766355140187
base,replay_base_2024-04-30,2024-04-30,low_value,union_superset_approx,core_ai,quality_or_theme_hard,217,138,79,0.6359447004608295
base,replay_base_2024-04-30,2024-04-30,low_value,union_superset_approx,core_ai,valuation_hard,368,217,151,0.5896739130434783
base,replay_base_2024-04-30,2024-04-30,industry_trend,union_superset_approx,ai_enabler,base_hard,642,248,274,0.3862928348909657
base,replay_base_2024-04-30,2024-04-30,industry_trend,union_superset_approx,ai_enabler,quality_or_theme_hard,368,248,120,0.6739130434782609
base,replay_base_2024-04-30,2024-04-30,industry_trend,union_superset_approx,ai_peripheral,base_hard,642,124,398,0.19314641744548286
base,replay_base_2024-04-30,2024-04-30,industry_trend,union_superset_approx,ai_peripheral,quality_or_theme_hard,368,124,120,0.33695652173913043
base,replay_base_2024-04-30,2024-04-30,industry_trend,union_superset_approx,core_ai,base_hard,642,89,433,0.13862928348909656
base,replay_base_2024-04-30,2024-04-30,industry_trend,union_superset_approx,core_ai,quality_or_theme_hard,368,89,120,0.2418478260869565
base,replay_base_2024-04-30,2024-04-30,momentum,union_superset_approx,ai_enabler,base_hard,642,248,274,0.3862928348909657
base,replay_base_2024-04-30,2024-04-30,momentum,union_superset_approx,ai_enabler,quality_or_theme_hard,368,248,120,0.6739130434782609
base,replay_base_2024-04-30,2024-04-30,momentum,union_superset_approx,ai_peripheral,base_hard,642,124,398,0.19314641744548286
base,replay_base_2024-04-30,2024-04-30,momentum,union_superset_approx,ai_peripheral,quality_or_theme_hard,368,124,120,0.33695652173913043
base,replay_base_2024-04-30,2024-04-30,momentum,union_superset_approx,core_ai,base_hard,642,89,433,0.13862928348909656
base,replay_base_2024-04-30,2024-04-30,momentum,union_superset_approx,core_ai,quality_or_theme_hard,368,89,120,0.2418478260869565
base,replay_base_2024-05-31,2024-05-31,low_value,union_superset_approx,ai_enabler,base_hard,643,158,267,0.24572317262830481
base,replay_base_2024-05-31,2024-05-31,low_value,union_superset_approx,ai_enabler,quality_or_theme_hard,236,158,78,0.6694915254237288
base,replay_base_2024-05-31,2024-05-31,low_value,union_superset_approx,ai_enabler,valuation_hard,376,236,140,0.6276595744680851
base,replay_base_2024-05-31,2024-05-31,low_value,union_superset_approx,ai_peripheral,base_hard,643,84,352,0.13063763608087092
base,replay_base_2024-05-31,2024-05-31,low_value,union_superset_approx,ai_peripheral,quality_or_theme_hard,257,169,88,0.6575875486381323
base,replay_base_2024-05-31,2024-05-31,low_value,union_superset_approx,ai_peripheral,valuation_hard,376,257,119,0.6835106382978723
base,replay_base_2024-05-31,2024-05-31,low_value,union_superset_approx,core_ai,base_hard,643,44,352,0.06842923794712286
base,replay_base_2024-05-31,2024-05-31,low_value,union_superset_approx,core_ai,quality_or_theme_hard,194,129,65,0.6649484536082474
base,replay_base_2024-05-31,2024-05-31,low_value,union_superset_approx,core_ai,valuation_hard,376,194,182,0.5159574468085106
base,replay_base_2024-05-31,2024-05-31,industry_trend,union_superset_approx,ai_enabler,base_hard,643,253,267,0.39346811819595645
base,replay_base_2024-05-31,2024-05-31,industry_trend,union_superset_approx,ai_enabler,quality_or_theme_hard,376,253,123,0.6728723404255319
base,replay_base_2024-05-31,2024-05-31,industry_trend,union_superset_approx,ai_peripheral,base_hard,643,119,401,0.18506998444790046
base,replay_base_2024-05-31,2024-05-31,industry_trend,union_superset_approx,ai_peripheral,quality_or_theme_hard,376,119,123,0.31648936170212766
base,replay_base_2024-05-31,2024-05-31,industry_trend,union_superset_approx,core_ai,base_hard,643,92,428,0.14307931570762053
base,replay_base_2024-05-31,2024-05-31,industry_trend,union_superset_approx,core_ai,quality_or_theme_hard,376,92,123,0.24468085106382978
base,replay_base_2024-05-31,2024-05-31,momentum,union_superset_approx,ai_enabler,base_hard,643,253,267,0.39346811819595645
base,replay_base_2024-05-31,2024-05-31,momentum,union_superset_approx,ai_enabler,quality_or_theme_hard,376,253,123,0.6728723404255319
base,replay_base_2024-05-31,2024-05-31,momentum,union_superset_approx,ai_peripheral,base_hard,643,119,401,0.18506998444790046
base,replay_base_2024-05-31,2024-05-31,momentum,union_superset_approx,ai_peripheral,quality_or_theme_hard,376,119,123,0.31648936170212766
base,replay_base_2024-05-31,2024-05-31,momentum,union_superset_approx,core_ai,base_hard,643,92,428,0.14307931570762053
base,replay_base_2024-05-31,2024-05-31,momentum,union_superset_approx,core_ai,quality_or_theme_hard,376,92,123,0.24468085106382978
base,replay_base_2024-06-28,2024-06-28,low_value,union_superset_approx,ai_enabler,base_hard,646,161,246,0.24922600619195046
base,replay_base_2024-06-28,2024-06-28,low_value,union_superset_approx,ai_enabler,quality_or_theme_hard,273,161,112,0.5897435897435898
base,replay_base_2024-06-28,2024-06-28,low_value,union_superset_approx,ai_enabler,valuation_hard,400,273,127,0.6825
base,replay_base_2024-06-28,2024-06-28,low_value,union_superset_approx,ai_peripheral,base_hard,646,99,323,0.15325077399380804
base,replay_base_2024-06-28,2024-06-28,low_value,union_superset_approx,ai_peripheral,quality_or_theme_hard,297,176,121,0.5925925925925926
base,replay_base_2024-06-28,2024-06-28,low_value,union_superset_approx,ai_peripheral,valuation_hard,400,297,103,0.7425
base,replay_base_2024-06-28,2024-06-28,low_value,union_superset_approx,core_ai,base_hard,646,37,342,0.05727554179566564
base,replay_base_2024-06-28,2024-06-28,low_value,union_superset_approx,core_ai,quality_or_theme_hard,232,133,99,0.5732758620689655
base,replay_base_2024-06-28,2024-06-28,low_value,union_superset_approx,core_ai,valuation_hard,400,232,168,0.58
base,replay_base_2024-06-28,2024-06-28,industry_trend,union_superset_approx,ai_enabler,base_hard,646,244,246,0.37770897832817335
base,replay_base_2024-06-28,2024-06-28,industry_trend,union_superset_approx,ai_enabler,quality_or_theme_hard,400,244,156,0.61
base,replay_base_2024-06-28,2024-06-28,industry_trend,union_superset_approx,ai_peripheral,base_hard,646,117,373,0.18111455108359134
base,replay_base_2024-06-28,2024-06-28,industry_trend,union_superset_approx,ai_peripheral,quality_or_theme_hard,400,117,156,0.2925
base,replay_base_2024-06-28,2024-06-28,industry_trend,union_superset_approx,core_ai,base_hard,646,89,401,0.13777089783281735
base,replay_base_2024-06-28,2024-06-28,industry_trend,union_superset_approx,core_ai,quality_or_theme_hard,400,89,156,0.2225
base,replay_base_2024-06-28,2024-06-28,momentum,union_superset_approx,ai_enabler,base_hard,646,244,246,0.37770897832817335
base,replay_base_2024-06-28,2024-06-28,momentum,union_superset_approx,ai_enabler,quality_or_theme_hard,400,244,156,0.61
base,replay_base_2024-06-28,2024-06-28,momentum,union_superset_approx,ai_peripheral,base_hard,646,117,373,0.18111455108359134
base,replay_base_2024-06-28,2024-06-28,momentum,union_superset_approx,ai_peripheral,quality_or_theme_hard,400,117,156,0.2925
base,replay_base_2024-06-28,2024-06-28,momentum,union_superset_approx,core_ai,base_hard,646,89,401,0.13777089783281735
base,replay_base_2024-06-28,2024-06-28,momentum,union_superset_approx,core_ai,quality_or_theme_hard,400,89,156,0.2225
base,replay_base_2024-07-31,2024-07-31,low_value,union_superset_approx,ai_enabler,base_hard,647,165,255,0.2550231839258114
base,replay_base_2024-07-31,2024-07-31,low_value,union_superset_approx,ai_enabler,quality_or_theme_hard,242,165,77,0.6818181818181818
base,replay_base_2024-07-31,2024-07-31,low_value,union_superset_approx,ai_enabler,valuation_hard,392,242,150,0.6173469387755102
base,replay_base_2024-07-31,2024-07-31,low_value,union_superset_approx,ai_peripheral,base_hard,647,85,356,0.13137557959814528
base,replay_base_2024-07-31,2024-07-31,low_value,union_superset_approx,ai_peripheral,quality_or_theme_hard,268,186,82,0.6940298507462687
base,replay_base_2024-07-31,2024-07-31,low_value,union_superset_approx,ai_peripheral,valuation_hard,392,268,124,0.6836734693877551
base,replay_base_2024-07-31,2024-07-31,low_value,union_superset_approx,core_ai,base_hard,647,55,337,0.08500772797527048
base,replay_base_2024-07-31,2024-07-31,low_value,union_superset_approx,core_ai,quality_or_theme_hard,201,137,64,0.681592039800995
base,replay_base_2024-07-31,2024-07-31,low_value,union_superset_approx,core_ai,valuation_hard,392,201,191,0.5127551020408163
base,replay_base_2024-07-31,2024-07-31,industry_trend,union_superset_approx,ai_enabler,base_hard,647,259,255,0.40030911901081917
base,replay_base_2024-07-31,2024-07-31,industry_trend,union_superset_approx,ai_enabler,quality_or_theme_hard,392,259,133,0.6607142857142857
base,replay_base_2024-07-31,2024-07-31,industry_trend,union_superset_approx,ai_peripheral,base_hard,647,125,389,0.19319938176197837
base,replay_base_2024-07-31,2024-07-31,industry_trend,union_superset_approx,ai_peripheral,quality_or_theme_hard,392,125,133,0.31887755102040816
base,replay_base_2024-07-31,2024-07-31,industry_trend,union_superset_approx,core_ai,base_hard,647,93,421,0.1437403400309119
base,replay_base_2024-07-31,2024-07-31,industry_trend,union_superset_approx,core_ai,quality_or_theme_hard,392,93,133,0.2372448979591837
base,replay_base_2024-07-31,2024-07-31,momentum,union_superset_approx,ai_enabler,base_hard,647,259,255,0.40030911901081917
base,replay_base_2024-07-31,2024-07-31,momentum,union_superset_approx,ai_enabler,quality_or_theme_hard,392,259,133,0.6607142857142857
base,replay_base_2024-07-31,2024-07-31,momentum,union_superset_approx,ai_peripheral,base_hard,647,125,389,0.19319938176197837
base,replay_base_2024-07-31,2024-07-31,momentum,union_superset_approx,ai_peripheral,quality_or_theme_hard,392,125,133,0.31887755102040816
base,replay_base_2024-07-31,2024-07-31,momentum,union_superset_approx,core_ai,base_hard,647,93,421,0.1437403400309119
base,replay_base_2024-07-31,2024-07-31,momentum,union_superset_approx,core_ai,quality_or_theme_hard,392,93,133,0.2372448979591837
base,replay_base_2024-08-30,2024-08-30,low_value,union_superset_approx,ai_enabler,base_hard,646,160,278,0.2476780185758514
base,replay_base_2024-08-30,2024-08-30,low_value,union_superset_approx,ai_enabler,quality_or_theme_hard,219,160,59,0.730593607305936
base,replay_base_2024-08-30,2024-08-30,low_value,union_superset_approx,ai_enabler,valuation_hard,368,219,149,0.595108695652174
base,replay_base_2024-08-30,2024-08-30,low_value,union_superset_approx,ai_peripheral,base_hard,646,83,375,0.12848297213622292
base,replay_base_2024-08-30,2024-08-30,low_value,union_superset_approx,ai_peripheral,quality_or_theme_hard,240,180,60,0.75
base,replay_base_2024-08-30,2024-08-30,low_value,union_superset_approx,ai_peripheral,valuation_hard,368,240,128,0.6521739130434783
base,replay_base_2024-08-30,2024-08-30,low_value,union_superset_approx,core_ai,base_hard,646,52,356,0.0804953560371517
base,replay_base_2024-08-30,2024-08-30,low_value,union_superset_approx,core_ai,quality_or_theme_hard,176,130,46,0.7386363636363636
base,replay_base_2024-08-30,2024-08-30,low_value,union_superset_approx,core_ai,valuation_hard,368,176,192,0.4782608695652174
base,replay_base_2024-08-30,2024-08-30,industry_trend,union_superset_approx,ai_enabler,base_hard,646,266,278,0.4117647058823529
base,replay_base_2024-08-30,2024-08-30,industry_trend,union_superset_approx,ai_enabler,quality_or_theme_hard,368,266,102,0.7228260869565217
base,replay_base_2024-08-30,2024-08-30,industry_trend,union_superset_approx,ai_peripheral,base_hard,646,132,412,0.2043343653250774
base,replay_base_2024-08-30,2024-08-30,industry_trend,union_superset_approx,ai_peripheral,quality_or_theme_hard,368,132,102,0.358695652173913
base,replay_base_2024-08-30,2024-08-30,industry_trend,union_superset_approx,core_ai,base_hard,646,92,452,0.14241486068111456
base,replay_base_2024-08-30,2024-08-30,industry_trend,union_superset_approx,core_ai,quality_or_theme_hard,368,92,102,0.25
base,replay_base_2024-08-30,2024-08-30,momentum,union_superset_approx,ai_enabler,base_hard,646,266,278,0.4117647058823529
base,replay_base_2024-08-30,2024-08-30,momentum,union_superset_approx,ai_enabler,quality_or_theme_hard,368,266,102,0.7228260869565217
base,replay_base_2024-08-30,2024-08-30,momentum,union_superset_approx,ai_peripheral,base_hard,646,132,412,0.2043343653250774
base,replay_base_2024-08-30,2024-08-30,momentum,union_superset_approx,ai_peripheral,quality_or_theme_hard,368,132,102,0.358695652173913
base,replay_base_2024-08-30,2024-08-30,momentum,union_superset_approx,core_ai,base_hard,646,92,452,0.14241486068111456
base,replay_base_2024-08-30,2024-08-30,momentum,union_superset_approx,core_ai,quality_or_theme_hard,368,92,102,0.25
base,replay_base_2024-09-30,2024-09-30,low_value,union_superset_approx,ai_enabler,base_hard,647,153,258,0.23647604327666152
base,replay_base_2024-09-30,2024-09-30,low_value,union_superset_approx,ai_enabler,quality_or_theme_hard,208,153,55,0.7355769230769231
base,replay_base_2024-09-30,2024-09-30,low_value,union_superset_approx,ai_enabler,valuation_hard,389,208,181,0.5347043701799485
base,replay_base_2024-09-30,2024-09-30,low_value,union_superset_approx,ai_peripheral,base_hard,647,80,354,0.12364760432766615
base,replay_base_2024-09-30,2024-09-30,low_value,union_superset_approx,ai_peripheral,quality_or_theme_hard,239,176,63,0.7364016736401674
base,replay_base_2024-09-30,2024-09-30,low_value,union_superset_approx,ai_peripheral,valuation_hard,389,239,150,0.6143958868894601
base,replay_base_2024-09-30,2024-09-30,low_value,union_superset_approx,core_ai,base_hard,647,52,325,0.080370942812983
base,replay_base_2024-09-30,2024-09-30,low_value,union_superset_approx,core_ai,quality_or_theme_hard,162,119,43,0.7345679012345679
base,replay_base_2024-09-30,2024-09-30,low_value,union_superset_approx,core_ai,valuation_hard,389,162,227,0.41645244215938304
base,replay_base_2024-09-30,2024-09-30,industry_trend,union_superset_approx,ai_enabler,base_hard,647,291,258,0.44976816074188564
base,replay_base_2024-09-30,2024-09-30,industry_trend,union_superset_approx,ai_enabler,quality_or_theme_hard,389,291,98,0.7480719794344473
base,replay_base_2024-09-30,2024-09-30,industry_trend,union_superset_approx,ai_peripheral,base_hard,647,141,408,0.21792890262751158
base,replay_base_2024-09-30,2024-09-30,industry_trend,union_superset_approx,ai_peripheral,quality_or_theme_hard,389,141,98,0.36246786632390743
base,replay_base_2024-09-30,2024-09-30,industry_trend,union_superset_approx,core_ai,base_hard,647,98,451,0.15146831530139104
base,replay_base_2024-09-30,2024-09-30,industry_trend,union_superset_approx,core_ai,quality_or_theme_hard,389,98,98,0.2519280205655527
base,replay_base_2024-09-30,2024-09-30,momentum,union_superset_approx,ai_enabler,base_hard,647,291,258,0.44976816074188564
base,replay_base_2024-09-30,2024-09-30,momentum,union_superset_approx,ai_enabler,quality_or_theme_hard,389,291,98,0.7480719794344473
base,replay_base_2024-09-30,2024-09-30,momentum,union_superset_approx,ai_peripheral,base_hard,647,141,408,0.21792890262751158
base,replay_base_2024-09-30,2024-09-30,momentum,union_superset_approx,ai_peripheral,quality_or_theme_hard,389,141,98,0.36246786632390743
base,replay_base_2024-09-30,2024-09-30,momentum,union_superset_approx,core_ai,base_hard,647,98,451,0.15146831530139104
base,replay_base_2024-09-30,2024-09-30,momentum,union_superset_approx,core_ai,quality_or_theme_hard,389,98,98,0.2519280205655527
base,replay_base_2024-10-31,2024-10-31,low_value,union_superset_approx,ai_enabler,base_hard,649,205,216,0.31587057010785824
base,replay_base_2024-10-31,2024-10-31,low_value,union_superset_approx,ai_enabler,quality_or_theme_hard,293,205,88,0.6996587030716723
base,replay_base_2024-10-31,2024-10-31,low_value,union_superset_approx,ai_enabler,valuation_hard,433,293,140,0.6766743648960739
base,replay_base_2024-10-31,2024-10-31,low_value,union_superset_approx,ai_peripheral,base_hard,649,119,325,0.18335901386748846
base,replay_base_2024-10-31,2024-10-31,low_value,union_superset_approx,ai_peripheral,quality_or_theme_hard,323,228,95,0.7058823529411765
base,replay_base_2024-10-31,2024-10-31,low_value,union_superset_approx,ai_peripheral,valuation_hard,433,323,110,0.745958429561201
base,replay_base_2024-10-31,2024-10-31,low_value,union_superset_approx,core_ai,base_hard,649,52,323,0.08012326656394453
base,replay_base_2024-10-31,2024-10-31,low_value,union_superset_approx,core_ai,quality_or_theme_hard,233,159,74,0.6824034334763949
base,replay_base_2024-10-31,2024-10-31,low_value,union_superset_approx,core_ai,valuation_hard,433,233,200,0.5381062355658198
base,replay_base_2024-10-31,2024-10-31,industry_trend,union_superset_approx,ai_enabler,base_hard,649,308,216,0.4745762711864407
base,replay_base_2024-10-31,2024-10-31,industry_trend,union_superset_approx,ai_enabler,quality_or_theme_hard,433,308,125,0.7113163972286374
base,replay_base_2024-10-31,2024-10-31,industry_trend,union_superset_approx,ai_peripheral,base_hard,649,154,370,0.23728813559322035
base,replay_base_2024-10-31,2024-10-31,industry_trend,union_superset_approx,ai_peripheral,quality_or_theme_hard,433,154,125,0.3556581986143187
base,replay_base_2024-10-31,2024-10-31,industry_trend,union_superset_approx,core_ai,base_hard,649,102,422,0.15716486902927582
base,replay_base_2024-10-31,2024-10-31,industry_trend,union_superset_approx,core_ai,quality_or_theme_hard,433,102,125,0.23556581986143188
base,replay_base_2024-10-31,2024-10-31,momentum,union_superset_approx,ai_enabler,base_hard,649,308,216,0.4745762711864407
base,replay_base_2024-10-31,2024-10-31,momentum,union_superset_approx,ai_enabler,quality_or_theme_hard,433,308,125,0.7113163972286374
base,replay_base_2024-10-31,2024-10-31,momentum,union_superset_approx,ai_peripheral,base_hard,649,154,370,0.23728813559322035
base,replay_base_2024-10-31,2024-10-31,momentum,union_superset_approx,ai_peripheral,quality_or_theme_hard,433,154,125,0.3556581986143187
base,replay_base_2024-10-31,2024-10-31,momentum,union_superset_approx,core_ai,base_hard,649,102,422,0.15716486902927582
base,replay_base_2024-10-31,2024-10-31,momentum,union_superset_approx,core_ai,quality_or_theme_hard,433,102,125,0.23556581986143188
base,replay_base_2024-11-29,2024-11-29,low_value,union_superset_approx,ai_enabler,base_hard,649,159,304,0.24499229583975346
base,replay_base_2024-11-29,2024-11-29,low_value,union_superset_approx,ai_enabler,quality_or_theme_hard,170,159,11,0.9352941176470588
base,replay_base_2024-11-29,2024-11-29,low_value,union_superset_approx,ai_enabler,valuation_hard,345,170,175,0.4927536231884058
base,replay_base_2024-11-29,2024-11-29,low_value,union_superset_approx,ai_peripheral,base_hard,649,91,390,0.14021571648690292
base,replay_base_2024-11-29,2024-11-29,low_value,union_superset_approx,ai_peripheral,quality_or_theme_hard,188,177,11,0.9414893617021277
base,replay_base_2024-11-29,2024-11-29,low_value,union_superset_approx,ai_peripheral,valuation_hard,345,188,157,0.5449275362318841
base,replay_base_2024-11-29,2024-11-29,low_value,union_superset_approx,core_ai,base_hard,649,41,380,0.06317411402157165
base,replay_base_2024-11-29,2024-11-29,low_value,union_superset_approx,core_ai,quality_or_theme_hard,128,117,11,0.9140625
base,replay_base_2024-11-29,2024-11-29,low_value,union_superset_approx,core_ai,valuation_hard,345,128,217,0.3710144927536232
base,replay_base_2024-11-29,2024-11-29,industry_trend,union_superset_approx,ai_enabler,base_hard,649,321,304,0.4946070878274268
base,replay_base_2024-11-29,2024-11-29,industry_trend,union_superset_approx,ai_enabler,quality_or_theme_hard,345,321,24,0.9304347826086956
base,replay_base_2024-11-29,2024-11-29,industry_trend,union_superset_approx,ai_peripheral,base_hard,649,153,472,0.2357473035439137
base,replay_base_2024-11-29,2024-11-29,industry_trend,union_superset_approx,ai_peripheral,quality_or_theme_hard,345,153,24,0.4434782608695652
base,replay_base_2024-11-29,2024-11-29,industry_trend,union_superset_approx,core_ai,base_hard,649,103,522,0.15870570107858242
base,replay_base_2024-11-29,2024-11-29,industry_trend,union_superset_approx,core_ai,quality_or_theme_hard,345,103,24,0.2985507246376812
base,replay_base_2024-11-29,2024-11-29,momentum,union_superset_approx,ai_enabler,base_hard,649,321,304,0.4946070878274268
base,replay_base_2024-11-29,2024-11-29,momentum,union_superset_approx,ai_enabler,quality_or_theme_hard,345,321,24,0.9304347826086956
base,replay_base_2024-11-29,2024-11-29,momentum,union_superset_approx,ai_peripheral,base_hard,649,153,472,0.2357473035439137
base,replay_base_2024-11-29,2024-11-29,momentum,union_superset_approx,ai_peripheral,quality_or_theme_hard,345,153,24,0.4434782608695652
base,replay_base_2024-11-29,2024-11-29,momentum,union_superset_approx,core_ai,base_hard,649,103,522,0.15870570107858242
base,replay_base_2024-11-29,2024-11-29,momentum,union_superset_approx,core_ai,quality_or_theme_hard,345,103,24,0.2985507246376812
base,replay_base_2024-12-31,2024-12-31,low_value,union_superset_approx,ai_enabler,base_hard,651,228,273,0.35023041474654376
base,replay_base_2024-12-31,2024-12-31,low_value,union_superset_approx,ai_enabler,quality_or_theme_hard,273,228,45,0.8351648351648352
base,replay_base_2024-12-31,2024-12-31,low_value,union_superset_approx,ai_enabler,valuation_hard,378,273,105,0.7222222222222222
base,replay_base_2024-12-31,2024-12-31,low_value,union_superset_approx,ai_peripheral,base_hard,651,124,391,0.19047619047619047
base,replay_base_2024-12-31,2024-12-31,low_value,union_superset_approx,ai_peripheral,quality_or_theme_hard,289,242,47,0.8373702422145328
base,replay_base_2024-12-31,2024-12-31,low_value,union_superset_approx,ai_peripheral,valuation_hard,378,289,89,0.7645502645502645
base,replay_base_2024-12-31,2024-12-31,low_value,union_superset_approx,core_ai,base_hard,651,58,420,0.0890937019969278
base,replay_base_2024-12-31,2024-12-31,low_value,union_superset_approx,core_ai,quality_or_theme_hard,250,205,45,0.82
base,replay_base_2024-12-31,2024-12-31,low_value,union_superset_approx,core_ai,valuation_hard,378,250,128,0.6613756613756614
base,replay_base_2024-12-31,2024-12-31,industry_trend,union_superset_approx,ai_enabler,base_hard,651,313,273,0.4807987711213518
base,replay_base_2024-12-31,2024-12-31,industry_trend,union_superset_approx,ai_enabler,quality_or_theme_hard,378,313,65,0.828042328042328
base,replay_base_2024-12-31,2024-12-31,industry_trend,union_superset_approx,ai_peripheral,base_hard,651,142,444,0.21812596006144394
base,replay_base_2024-12-31,2024-12-31,industry_trend,union_superset_approx,ai_peripheral,quality_or_theme_hard,378,142,65,0.37566137566137564
base,replay_base_2024-12-31,2024-12-31,industry_trend,union_superset_approx,core_ai,base_hard,651,107,479,0.16436251920122888
base,replay_base_2024-12-31,2024-12-31,industry_trend,union_superset_approx,core_ai,quality_or_theme_hard,378,107,65,0.2830687830687831
base,replay_base_2024-12-31,2024-12-31,momentum,union_superset_approx,ai_enabler,base_hard,651,313,273,0.4807987711213518
base,replay_base_2024-12-31,2024-12-31,momentum,union_superset_approx,ai_enabler,quality_or_theme_hard,378,313,65,0.828042328042328
base,replay_base_2024-12-31,2024-12-31,momentum,union_superset_approx,ai_peripheral,base_hard,651,142,444,0.21812596006144394
base,replay_base_2024-12-31,2024-12-31,momentum,union_superset_approx,ai_peripheral,quality_or_theme_hard,378,142,65,0.37566137566137564
base,replay_base_2024-12-31,2024-12-31,momentum,union_superset_approx,core_ai,base_hard,651,107,479,0.16436251920122888
base,replay_base_2024-12-31,2024-12-31,momentum,union_superset_approx,core_ai,quality_or_theme_hard,378,107,65,0.2830687830687831
base,replay_base_2025-01-31,2025-01-31,low_value,union_superset_approx,ai_enabler,base_hard,652,219,199,0.33588957055214724
base,replay_base_2025-01-31,2025-01-31,low_value,union_superset_approx,ai_enabler,quality_or_theme_hard,291,219,72,0.7525773195876289
base,replay_base_2025-01-31,2025-01-31,low_value,union_superset_approx,ai_enabler,valuation_hard,453,291,162,0.6423841059602649
base,replay_base_2025-01-31,2025-01-31,low_value,union_superset_approx,ai_peripheral,base_hard,652,133,304,0.20398773006134968
base,replay_base_2025-01-31,2025-01-31,low_value,union_superset_approx,ai_peripheral,quality_or_theme_hard,317,238,79,0.750788643533123
base,replay_base_2025-01-31,2025-01-31,low_value,union_superset_approx,ai_peripheral,valuation_hard,453,317,136,0.6997792494481236
base,replay_base_2025-01-31,2025-01-31,low_value,union_superset_approx,core_ai,base_hard,652,51,342,0.07822085889570553
base,replay_base_2025-01-31,2025-01-31,low_value,union_superset_approx,core_ai,quality_or_theme_hard,258,194,64,0.751937984496124
base,replay_base_2025-01-31,2025-01-31,low_value,union_superset_approx,core_ai,valuation_hard,453,258,195,0.5695364238410596
base,replay_base_2025-01-31,2025-01-31,industry_trend,union_superset_approx,ai_enabler,base_hard,652,341,199,0.5230061349693251
base,replay_base_2025-01-31,2025-01-31,industry_trend,union_superset_approx,ai_enabler,quality_or_theme_hard,453,341,112,0.7527593818984547
base,replay_base_2025-01-31,2025-01-31,industry_trend,union_superset_approx,ai_peripheral,base_hard,652,161,379,0.2469325153374233
base,replay_base_2025-01-31,2025-01-31,industry_trend,union_superset_approx,ai_peripheral,quality_or_theme_hard,453,161,112,0.3554083885209713
base,replay_base_2025-01-31,2025-01-31,industry_trend,union_superset_approx,core_ai,base_hard,652,111,429,0.17024539877300612
base,replay_base_2025-01-31,2025-01-31,industry_trend,union_superset_approx,core_ai,quality_or_theme_hard,453,111,112,0.24503311258278146
base,replay_base_2025-01-31,2025-01-31,momentum,union_superset_approx,ai_enabler,base_hard,652,341,199,0.5230061349693251
base,replay_base_2025-01-31,2025-01-31,momentum,union_superset_approx,ai_enabler,quality_or_theme_hard,453,341,112,0.7527593818984547
base,replay_base_2025-01-31,2025-01-31,momentum,union_superset_approx,ai_peripheral,base_hard,652,161,379,0.2469325153374233
base,replay_base_2025-01-31,2025-01-31,momentum,union_superset_approx,ai_peripheral,quality_or_theme_hard,453,161,112,0.3554083885209713
base,replay_base_2025-01-31,2025-01-31,momentum,union_superset_approx,core_ai,base_hard,652,111,429,0.17024539877300612
base,replay_base_2025-01-31,2025-01-31,momentum,union_superset_approx,core_ai,quality_or_theme_hard,453,111,112,0.24503311258278146
base,replay_base_2025-02-28,2025-02-28,low_value,union_superset_approx,ai_enabler,base_hard,654,260,190,0.39755351681957185
base,replay_base_2025-02-28,2025-02-28,low_value,union_superset_approx,ai_enabler,quality_or_theme_hard,339,260,79,0.7669616519174042
base,replay_base_2025-02-28,2025-02-28,low_value,union_superset_approx,ai_enabler,valuation_hard,464,339,125,0.7306034482758621
base,replay_base_2025-02-28,2025-02-28,low_value,union_superset_approx,ai_peripheral,base_hard,654,138,324,0.21100917431192662
base,replay_base_2025-02-28,2025-02-28,low_value,union_superset_approx,ai_peripheral,quality_or_theme_hard,357,272,85,0.7619047619047619
base,replay_base_2025-02-28,2025-02-28,low_value,union_superset_approx,ai_peripheral,valuation_hard,464,357,107,0.7693965517241379
base,replay_base_2025-02-28,2025-02-28,low_value,union_superset_approx,core_ai,base_hard,654,78,350,0.11926605504587157
base,replay_base_2025-02-28,2025-02-28,low_value,union_superset_approx,core_ai,quality_or_theme_hard,313,238,75,0.7603833865814696
base,replay_base_2025-02-28,2025-02-28,low_value,union_superset_approx,core_ai,valuation_hard,464,313,151,0.6745689655172413
base,replay_base_2025-02-28,2025-02-28,industry_trend,union_superset_approx,ai_enabler,base_hard,654,364,190,0.5565749235474006
base,replay_base_2025-02-28,2025-02-28,industry_trend,union_superset_approx,ai_enabler,quality_or_theme_hard,464,364,100,0.7844827586206896
base,replay_base_2025-02-28,2025-02-28,industry_trend,union_superset_approx,ai_peripheral,base_hard,654,167,387,0.25535168195718655
base,replay_base_2025-02-28,2025-02-28,industry_trend,union_superset_approx,ai_peripheral,quality_or_theme_hard,464,167,100,0.3599137931034483
base,replay_base_2025-02-28,2025-02-28,industry_trend,union_superset_approx,core_ai,base_hard,654,116,438,0.17737003058103976
base,replay_base_2025-02-28,2025-02-28,industry_trend,union_superset_approx,core_ai,quality_or_theme_hard,464,116,100,0.25
base,replay_base_2025-02-28,2025-02-28,momentum,union_superset_approx,ai_enabler,base_hard,654,364,190,0.5565749235474006
base,replay_base_2025-02-28,2025-02-28,momentum,union_superset_approx,ai_enabler,quality_or_theme_hard,464,364,100,0.7844827586206896
base,replay_base_2025-02-28,2025-02-28,momentum,union_superset_approx,ai_peripheral,base_hard,654,167,387,0.25535168195718655
base,replay_base_2025-02-28,2025-02-28,momentum,union_superset_approx,ai_peripheral,quality_or_theme_hard,464,167,100,0.3599137931034483
base,replay_base_2025-02-28,2025-02-28,momentum,union_superset_approx,core_ai,base_hard,654,116,438,0.17737003058103976
base,replay_base_2025-02-28,2025-02-28,momentum,union_superset_approx,core_ai,quality_or_theme_hard,464,116,100,0.25
base,replay_base_2025-03-31,2025-03-31,low_value,union_superset_approx,ai_enabler,base_hard,655,0,216,0.0
base,replay_base_2025-03-31,2025-03-31,low_value,union_superset_approx,ai_enabler,quality_or_theme_hard,374,0,374,0.0
base,replay_base_2025-03-31,2025-03-31,low_value,union_superset_approx,ai_enabler,valuation_hard,439,374,65,0.8519362186788155
base,replay_base_2025-03-31,2025-03-31,low_value,union_superset_approx,ai_peripheral,base_hard,655,0,216,0.0
base,replay_base_2025-03-31,2025-03-31,low_value,union_superset_approx,ai_peripheral,quality_or_theme_hard,386,0,386,0.0
base,replay_base_2025-03-31,2025-03-31,low_value,union_superset_approx,ai_peripheral,valuation_hard,439,386,53,0.8792710706150342
base,replay_base_2025-03-31,2025-03-31,low_value,union_superset_approx,core_ai,base_hard,655,0,216,0.0
base,replay_base_2025-03-31,2025-03-31,low_value,union_superset_approx,core_ai,quality_or_theme_hard,340,0,340,0.0
base,replay_base_2025-03-31,2025-03-31,low_value,union_superset_approx,core_ai,valuation_hard,439,340,99,0.7744874715261959
base,replay_base_2025-03-31,2025-03-31,industry_trend,union_superset_approx,ai_enabler,base_hard,655,351,216,0.5358778625954198
base,replay_base_2025-03-31,2025-03-31,industry_trend,union_superset_approx,ai_enabler,quality_or_theme_hard,439,0,439,0.0
base,replay_base_2025-03-31,2025-03-31,industry_trend,union_superset_approx,ai_peripheral,base_hard,655,165,402,0.25190839694656486
base,replay_base_2025-03-31,2025-03-31,industry_trend,union_superset_approx,ai_peripheral,quality_or_theme_hard,439,0,253,0.0
base,replay_base_2025-03-31,2025-03-31,industry_trend,union_superset_approx,core_ai,base_hard,655,113,454,0.17251908396946564
base,replay_base_2025-03-31,2025-03-31,industry_trend,union_superset_approx,core_ai,quality_or_theme_hard,439,0,201,0.0
base,replay_base_2025-03-31,2025-03-31,momentum,union_superset_approx,ai_enabler,base_hard,655,351,216,0.5358778625954198
base,replay_base_2025-03-31,2025-03-31,momentum,union_superset_approx,ai_enabler,quality_or_theme_hard,439,0,439,0.0
base,replay_base_2025-03-31,2025-03-31,momentum,union_superset_approx,ai_peripheral,base_hard,655,165,402,0.25190839694656486
base,replay_base_2025-03-31,2025-03-31,momentum,union_superset_approx,ai_peripheral,quality_or_theme_hard,439,0,253,0.0
base,replay_base_2025-03-31,2025-03-31,momentum,union_superset_approx,core_ai,base_hard,655,113,454,0.17251908396946564
base,replay_base_2025-03-31,2025-03-31,momentum,union_superset_approx,core_ai,quality_or_theme_hard,439,0,201,0.0
base,replay_base_2025-04-30,2025-04-30,low_value,union_superset_approx,ai_enabler,base_hard,655,0,230,0.0
base,replay_base_2025-04-30,2025-04-30,low_value,union_superset_approx,ai_enabler,quality_or_theme_hard,374,0,374,0.0
base,replay_base_2025-04-30,2025-04-30,low_value,union_superset_approx,ai_enabler,valuation_hard,425,374,51,0.88
base,replay_base_2025-04-30,2025-04-30,low_value,union_superset_approx,ai_peripheral,base_hard,655,0,230,0.0
base,replay_base_2025-04-30,2025-04-30,low_value,union_superset_approx,ai_peripheral,quality_or_theme_hard,383,0,383,0.0
base,replay_base_2025-04-30,2025-04-30,low_value,union_superset_approx,ai_peripheral,valuation_hard,425,383,42,0.9011764705882352
base,replay_base_2025-04-30,2025-04-30,low_value,union_superset_approx,core_ai,base_hard,655,0,230,0.0
base,replay_base_2025-04-30,2025-04-30,low_value,union_superset_approx,core_ai,quality_or_theme_hard,337,0,337,0.0
base,replay_base_2025-04-30,2025-04-30,low_value,union_superset_approx,core_ai,valuation_hard,425,337,88,0.7929411764705883
base,replay_base_2025-04-30,2025-04-30,industry_trend,union_superset_approx,ai_enabler,base_hard,655,344,230,0.5251908396946565
base,replay_base_2025-04-30,2025-04-30,industry_trend,union_superset_approx,ai_enabler,quality_or_theme_hard,425,0,425,0.0
base,replay_base_2025-04-30,2025-04-30,industry_trend,union_superset_approx,ai_peripheral,base_hard,655,170,404,0.2595419847328244
base,replay_base_2025-04-30,2025-04-30,industry_trend,union_superset_approx,ai_peripheral,quality_or_theme_hard,425,0,251,0.0
base,replay_base_2025-04-30,2025-04-30,industry_trend,union_superset_approx,core_ai,base_hard,655,110,464,0.16793893129770993
base,replay_base_2025-04-30,2025-04-30,industry_trend,union_superset_approx,core_ai,quality_or_theme_hard,425,0,191,0.0
base,replay_base_2025-04-30,2025-04-30,momentum,union_superset_approx,ai_enabler,base_hard,655,344,230,0.5251908396946565
base,replay_base_2025-04-30,2025-04-30,momentum,union_superset_approx,ai_enabler,quality_or_theme_hard,425,0,425,0.0
base,replay_base_2025-04-30,2025-04-30,momentum,union_superset_approx,ai_peripheral,base_hard,655,170,404,0.2595419847328244
base,replay_base_2025-04-30,2025-04-30,momentum,union_superset_approx,ai_peripheral,quality_or_theme_hard,425,0,251,0.0
base,replay_base_2025-04-30,2025-04-30,momentum,union_superset_approx,core_ai,base_hard,655,110,464,0.16793893129770993
base,replay_base_2025-04-30,2025-04-30,momentum,union_superset_approx,core_ai,quality_or_theme_hard,425,0,191,0.0
base,replay_base_2025-05-30,2025-05-30,low_value,union_superset_approx,ai_enabler,base_hard,656,264,213,0.4024390243902439
base,replay_base_2025-05-30,2025-05-30,low_value,union_superset_approx,ai_enabler,quality_or_theme_hard,342,264,78,0.7719298245614035
base,replay_base_2025-05-30,2025-05-30,low_value,union_superset_approx,ai_enabler,valuation_hard,443,342,101,0.7720090293453724
base,replay_base_2025-05-30,2025-05-30,low_value,union_superset_approx,ai_peripheral,base_hard,656,138,347,0.21036585365853658
base,replay_base_2025-05-30,2025-05-30,low_value,union_superset_approx,ai_peripheral,quality_or_theme_hard,355,272,83,0.7661971830985915
base,replay_base_2025-05-30,2025-05-30,low_value,union_superset_approx,ai_peripheral,valuation_hard,443,355,88,0.801354401805869
base,replay_base_2025-05-30,2025-05-30,low_value,union_superset_approx,core_ai,base_hard,656,67,382,0.10213414634146341
base,replay_base_2025-05-30,2025-05-30,low_value,union_superset_approx,core_ai,quality_or_theme_hard,312,236,76,0.7564102564102564
base,replay_base_2025-05-30,2025-05-30,low_value,union_superset_approx,core_ai,valuation_hard,443,312,131,0.7042889390519187
base,replay_base_2025-05-30,2025-05-30,industry_trend,union_superset_approx,ai_enabler,base_hard,656,344,213,0.524390243902439
base,replay_base_2025-05-30,2025-05-30,industry_trend,union_superset_approx,ai_enabler,quality_or_theme_hard,443,344,99,0.7765237020316027
base,replay_base_2025-05-30,2025-05-30,industry_trend,union_superset_approx,ai_peripheral,base_hard,656,161,396,0.24542682926829268
base,replay_base_2025-05-30,2025-05-30,industry_trend,union_superset_approx,ai_peripheral,quality_or_theme_hard,443,161,99,0.36343115124153497
base,replay_base_2025-05-30,2025-05-30,industry_trend,union_superset_approx,core_ai,base_hard,656,111,446,0.16920731707317074
base,replay_base_2025-05-30,2025-05-30,industry_trend,union_superset_approx,core_ai,quality_or_theme_hard,443,111,99,0.2505643340857788
base,replay_base_2025-05-30,2025-05-30,momentum,union_superset_approx,ai_enabler,base_hard,656,344,213,0.524390243902439
base,replay_base_2025-05-30,2025-05-30,momentum,union_superset_approx,ai_enabler,quality_or_theme_hard,443,344,99,0.7765237020316027
base,replay_base_2025-05-30,2025-05-30,momentum,union_superset_approx,ai_peripheral,base_hard,656,161,396,0.24542682926829268
base,replay_base_2025-05-30,2025-05-30,momentum,union_superset_approx,ai_peripheral,quality_or_theme_hard,443,161,99,0.36343115124153497
base,replay_base_2025-05-30,2025-05-30,momentum,union_superset_approx,core_ai,base_hard,656,111,446,0.16920731707317074
base,replay_base_2025-05-30,2025-05-30,momentum,union_superset_approx,core_ai,quality_or_theme_hard,443,111,99,0.2505643340857788
base,replay_base_2025-06-30,2025-06-30,low_value,union_superset_approx,ai_enabler,base_hard,657,230,197,0.350076103500761
base,replay_base_2025-06-30,2025-06-30,low_value,union_superset_approx,ai_enabler,quality_or_theme_hard,317,230,87,0.7255520504731862
base,replay_base_2025-06-30,2025-06-30,low_value,union_superset_approx,ai_enabler,valuation_hard,460,317,143,0.6891304347826087
base,replay_base_2025-06-30,2025-06-30,low_value,union_superset_approx,ai_peripheral,base_hard,657,126,313,0.1917808219178082
base,replay_base_2025-06-30,2025-06-30,low_value,union_superset_approx,ai_peripheral,quality_or_theme_hard,333,242,91,0.7267267267267268
base,replay_base_2025-06-30,2025-06-30,low_value,union_superset_approx,ai_peripheral,valuation_hard,460,333,127,0.7239130434782609
base,replay_base_2025-06-30,2025-06-30,low_value,union_superset_approx,core_ai,base_hard,657,48,349,0.0730593607305936
base,replay_base_2025-06-30,2025-06-30,low_value,union_superset_approx,core_ai,quality_or_theme_hard,281,200,81,0.7117437722419929
base,replay_base_2025-06-30,2025-06-30,low_value,union_superset_approx,core_ai,valuation_hard,460,281,179,0.6108695652173913
base,replay_base_2025-06-30,2025-06-30,industry_trend,union_superset_approx,ai_enabler,base_hard,657,345,197,0.5251141552511416
base,replay_base_2025-06-30,2025-06-30,industry_trend,union_superset_approx,ai_enabler,quality_or_theme_hard,460,345,115,0.75
base,replay_base_2025-06-30,2025-06-30,industry_trend,union_superset_approx,ai_peripheral,base_hard,657,156,386,0.2374429223744292
base,replay_base_2025-06-30,2025-06-30,industry_trend,union_superset_approx,ai_peripheral,quality_or_theme_hard,460,156,115,0.3391304347826087
base,replay_base_2025-06-30,2025-06-30,industry_trend,union_superset_approx,core_ai,base_hard,657,114,428,0.1735159817351598
base,replay_base_2025-06-30,2025-06-30,industry_trend,union_superset_approx,core_ai,quality_or_theme_hard,460,114,115,0.24782608695652175
base,replay_base_2025-06-30,2025-06-30,momentum,union_superset_approx,ai_enabler,base_hard,657,345,197,0.5251141552511416
base,replay_base_2025-06-30,2025-06-30,momentum,union_superset_approx,ai_enabler,quality_or_theme_hard,460,345,115,0.75
base,replay_base_2025-06-30,2025-06-30,momentum,union_superset_approx,ai_peripheral,base_hard,657,156,386,0.2374429223744292
base,replay_base_2025-06-30,2025-06-30,momentum,union_superset_approx,ai_peripheral,quality_or_theme_hard,460,156,115,0.3391304347826087
base,replay_base_2025-06-30,2025-06-30,momentum,union_superset_approx,core_ai,base_hard,657,114,428,0.1735159817351598
base,replay_base_2025-06-30,2025-06-30,momentum,union_superset_approx,core_ai,quality_or_theme_hard,460,114,115,0.24782608695652175
base,replay_base_2025-07-31,2025-07-31,low_value,union_superset_approx,ai_enabler,base_hard,660,235,183,0.3560606060606061
base,replay_base_2025-07-31,2025-07-31,low_value,union_superset_approx,ai_enabler,quality_or_theme_hard,321,235,86,0.7320872274143302
base,replay_base_2025-07-31,2025-07-31,low_value,union_superset_approx,ai_enabler,valuation_hard,477,321,156,0.6729559748427673
base,replay_base_2025-07-31,2025-07-31,low_value,union_superset_approx,ai_peripheral,base_hard,660,129,306,0.19545454545454546
base,replay_base_2025-07-31,2025-07-31,low_value,union_superset_approx,ai_peripheral,quality_or_theme_hard,343,252,91,0.7346938775510204
base,replay_base_2025-07-31,2025-07-31,low_value,union_superset_approx,ai_peripheral,valuation_hard,477,343,134,0.7190775681341719
base,replay_base_2025-07-31,2025-07-31,low_value,union_superset_approx,core_ai,base_hard,660,56,335,0.08484848484848485
base,replay_base_2025-07-31,2025-07-31,low_value,union_superset_approx,core_ai,quality_or_theme_hard,290,208,82,0.7172413793103448
base,replay_base_2025-07-31,2025-07-31,low_value,union_superset_approx,core_ai,valuation_hard,477,290,187,0.6079664570230608
base,replay_base_2025-07-31,2025-07-31,industry_trend,union_superset_approx,ai_enabler,base_hard,660,360,183,0.5454545454545454
base,replay_base_2025-07-31,2025-07-31,industry_trend,union_superset_approx,ai_enabler,quality_or_theme_hard,477,360,117,0.7547169811320755
base,replay_base_2025-07-31,2025-07-31,industry_trend,union_superset_approx,ai_peripheral,base_hard,660,168,375,0.2545454545454545
base,replay_base_2025-07-31,2025-07-31,industry_trend,union_superset_approx,ai_peripheral,quality_or_theme_hard,477,168,117,0.3522012578616352
base,replay_base_2025-07-31,2025-07-31,industry_trend,union_superset_approx,core_ai,base_hard,660,115,428,0.17424242424242425
base,replay_base_2025-07-31,2025-07-31,industry_trend,union_superset_approx,core_ai,quality_or_theme_hard,477,115,117,0.24109014675052412
base,replay_base_2025-07-31,2025-07-31,momentum,union_superset_approx,ai_enabler,base_hard,660,360,183,0.5454545454545454
base,replay_base_2025-07-31,2025-07-31,momentum,union_superset_approx,ai_enabler,quality_or_theme_hard,477,360,117,0.7547169811320755
base,replay_base_2025-07-31,2025-07-31,momentum,union_superset_approx,ai_peripheral,base_hard,660,168,375,0.2545454545454545
base,replay_base_2025-07-31,2025-07-31,momentum,union_superset_approx,ai_peripheral,quality_or_theme_hard,477,168,117,0.3522012578616352
base,replay_base_2025-07-31,2025-07-31,momentum,union_superset_approx,core_ai,base_hard,660,115,428,0.17424242424242425
base,replay_base_2025-07-31,2025-07-31,momentum,union_superset_approx,core_ai,quality_or_theme_hard,477,115,117,0.24109014675052412
base,replay_base_2025-08-29,2025-08-29,low_value,union_superset_approx,ai_enabler,base_hard,660,234,225,0.35454545454545455
base,replay_base_2025-08-29,2025-08-29,low_value,union_superset_approx,ai_enabler,quality_or_theme_hard,275,234,41,0.850909090909091
base,replay_base_2025-08-29,2025-08-29,low_value,union_superset_approx,ai_enabler,valuation_hard,435,275,160,0.632183908045977
base,replay_base_2025-08-29,2025-08-29,low_value,union_superset_approx,ai_peripheral,base_hard,660,132,351,0.2
base,replay_base_2025-08-29,2025-08-29,low_value,union_superset_approx,ai_peripheral,quality_or_theme_hard,303,258,45,0.8514851485148515
base,replay_base_2025-08-29,2025-08-29,low_value,union_superset_approx,ai_peripheral,valuation_hard,435,303,132,0.696551724137931
base,replay_base_2025-08-29,2025-08-29,low_value,union_superset_approx,core_ai,base_hard,660,49,357,0.07424242424242425
base,replay_base_2025-08-29,2025-08-29,low_value,union_superset_approx,core_ai,quality_or_theme_hard,220,181,39,0.8227272727272728
base,replay_base_2025-08-29,2025-08-29,low_value,union_superset_approx,core_ai,valuation_hard,435,220,215,0.5057471264367817
base,replay_base_2025-08-29,2025-08-29,industry_trend,union_superset_approx,ai_enabler,base_hard,660,364,225,0.5515151515151515
base,replay_base_2025-08-29,2025-08-29,industry_trend,union_superset_approx,ai_enabler,quality_or_theme_hard,435,364,71,0.8367816091954023
base,replay_base_2025-08-29,2025-08-29,industry_trend,union_superset_approx,ai_peripheral,base_hard,660,164,425,0.24848484848484848
base,replay_base_2025-08-29,2025-08-29,industry_trend,union_superset_approx,ai_peripheral,quality_or_theme_hard,435,164,71,0.37701149425287356
base,replay_base_2025-08-29,2025-08-29,industry_trend,union_superset_approx,core_ai,base_hard,660,117,472,0.17727272727272728
base,replay_base_2025-08-29,2025-08-29,industry_trend,union_superset_approx,core_ai,quality_or_theme_hard,435,117,71,0.2689655172413793
base,replay_base_2025-08-29,2025-08-29,momentum,union_superset_approx,ai_enabler,base_hard,660,364,225,0.5515151515151515
base,replay_base_2025-08-29,2025-08-29,momentum,union_superset_approx,ai_enabler,quality_or_theme_hard,435,364,71,0.8367816091954023
base,replay_base_2025-08-29,2025-08-29,momentum,union_superset_approx,ai_peripheral,base_hard,660,164,425,0.24848484848484848
base,replay_base_2025-08-29,2025-08-29,momentum,union_superset_approx,ai_peripheral,quality_or_theme_hard,435,164,71,0.37701149425287356
base,replay_base_2025-08-29,2025-08-29,momentum,union_superset_approx,core_ai,base_hard,660,117,472,0.17727272727272728
base,replay_base_2025-08-29,2025-08-29,momentum,union_superset_approx,core_ai,quality_or_theme_hard,435,117,71,0.2689655172413793
base,replay_base_2025-09-30,2025-09-30,low_value,union_superset_approx,ai_enabler,base_hard,662,208,192,0.31419939577039274
base,replay_base_2025-09-30,2025-09-30,low_value,union_superset_approx,ai_enabler,quality_or_theme_hard,277,208,69,0.7509025270758123
base,replay_base_2025-09-30,2025-09-30,low_value,union_superset_approx,ai_enabler,valuation_hard,470,277,193,0.5893617021276596
base,replay_base_2025-09-30,2025-09-30,low_value,union_superset_approx,ai_peripheral,base_hard,662,112,301,0.1691842900302115
base,replay_base_2025-09-30,2025-09-30,low_value,union_superset_approx,ai_peripheral,quality_or_theme_hard,290,221,69,0.7620689655172413
base,replay_base_2025-09-30,2025-09-30,low_value,union_superset_approx,ai_peripheral,valuation_hard,470,290,180,0.6170212765957447
base,replay_base_2025-09-30,2025-09-30,low_value,union_superset_approx,core_ai,base_hard,662,45,321,0.06797583081570997
base,replay_base_2025-09-30,2025-09-30,low_value,union_superset_approx,core_ai,quality_or_theme_hard,236,174,62,0.7372881355932204
base,replay_base_2025-09-30,2025-09-30,low_value,union_superset_approx,core_ai,valuation_hard,470,236,234,0.502127659574468
base,replay_base_2025-09-30,2025-09-30,industry_trend,union_superset_approx,ai_enabler,base_hard,662,372,192,0.5619335347432024
base,replay_base_2025-09-30,2025-09-30,industry_trend,union_superset_approx,ai_enabler,quality_or_theme_hard,470,372,98,0.7914893617021277
base,replay_base_2025-09-30,2025-09-30,industry_trend,union_superset_approx,ai_peripheral,base_hard,662,166,398,0.25075528700906347
base,replay_base_2025-09-30,2025-09-30,industry_trend,union_superset_approx,ai_peripheral,quality_or_theme_hard,470,166,98,0.35319148936170214
base,replay_base_2025-09-30,2025-09-30,industry_trend,union_superset_approx,core_ai,base_hard,662,121,443,0.18277945619335348
base,replay_base_2025-09-30,2025-09-30,industry_trend,union_superset_approx,core_ai,quality_or_theme_hard,470,121,98,0.2574468085106383
base,replay_base_2025-09-30,2025-09-30,momentum,union_superset_approx,ai_enabler,base_hard,662,372,192,0.5619335347432024
base,replay_base_2025-09-30,2025-09-30,momentum,union_superset_approx,ai_enabler,quality_or_theme_hard,470,372,98,0.7914893617021277
base,replay_base_2025-09-30,2025-09-30,momentum,union_superset_approx,ai_peripheral,base_hard,662,166,398,0.25075528700906347
base,replay_base_2025-09-30,2025-09-30,momentum,union_superset_approx,ai_peripheral,quality_or_theme_hard,470,166,98,0.35319148936170214
base,replay_base_2025-09-30,2025-09-30,momentum,union_superset_approx,core_ai,base_hard,662,121,443,0.18277945619335348
base,replay_base_2025-09-30,2025-09-30,momentum,union_superset_approx,core_ai,quality_or_theme_hard,470,121,98,0.2574468085106383
base,replay_base_2025-10-31,2025-10-31,low_value,union_superset_approx,ai_enabler,base_hard,665,228,176,0.34285714285714286
base,replay_base_2025-10-31,2025-10-31,low_value,union_superset_approx,ai_enabler,quality_or_theme_hard,308,228,80,0.7402597402597403
base,replay_base_2025-10-31,2025-10-31,low_value,union_superset_approx,ai_enabler,valuation_hard,489,308,181,0.6298568507157464
base,replay_base_2025-10-31,2025-10-31,low_value,union_superset_approx,ai_peripheral,base_hard,665,136,285,0.20451127819548873
base,replay_base_2025-10-31,2025-10-31,low_value,union_superset_approx,ai_peripheral,quality_or_theme_hard,327,245,82,0.7492354740061162
base,replay_base_2025-10-31,2025-10-31,low_value,union_superset_approx,ai_peripheral,valuation_hard,489,327,162,0.6687116564417178
base,replay_base_2025-10-31,2025-10-31,low_value,union_superset_approx,core_ai,base_hard,665,44,330,0.06616541353383458
base,replay_base_2025-10-31,2025-10-31,low_value,union_superset_approx,core_ai,quality_or_theme_hard,273,198,75,0.7252747252747253
base,replay_base_2025-10-31,2025-10-31,low_value,union_superset_approx,core_ai,valuation_hard,489,273,216,0.558282208588957
base,replay_base_2025-10-31,2025-10-31,industry_trend,union_superset_approx,ai_enabler,base_hard,665,381,176,0.5729323308270676
base,replay_base_2025-10-31,2025-10-31,industry_trend,union_superset_approx,ai_enabler,quality_or_theme_hard,489,381,108,0.7791411042944786
base,replay_base_2025-10-31,2025-10-31,industry_trend,union_superset_approx,ai_peripheral,base_hard,665,171,386,0.2571428571428571
base,replay_base_2025-10-31,2025-10-31,industry_trend,union_superset_approx,ai_peripheral,quality_or_theme_hard,489,171,108,0.3496932515337423
base,replay_base_2025-10-31,2025-10-31,industry_trend,union_superset_approx,core_ai,base_hard,665,121,436,0.18195488721804512
base,replay_base_2025-10-31,2025-10-31,industry_trend,union_superset_approx,core_ai,quality_or_theme_hard,489,121,108,0.2474437627811861
base,replay_base_2025-10-31,2025-10-31,momentum,union_superset_approx,ai_enabler,base_hard,665,381,176,0.5729323308270676
base,replay_base_2025-10-31,2025-10-31,momentum,union_superset_approx,ai_enabler,quality_or_theme_hard,489,381,108,0.7791411042944786
base,replay_base_2025-10-31,2025-10-31,momentum,union_superset_approx,ai_peripheral,base_hard,665,171,386,0.2571428571428571
base,replay_base_2025-10-31,2025-10-31,momentum,union_superset_approx,ai_peripheral,quality_or_theme_hard,489,171,108,0.3496932515337423
base,replay_base_2025-10-31,2025-10-31,momentum,union_superset_approx,core_ai,base_hard,665,121,436,0.18195488721804512
base,replay_base_2025-10-31,2025-10-31,momentum,union_superset_approx,core_ai,quality_or_theme_hard,489,121,108,0.2474437627811861
base,replay_base_2025-11-28,2025-11-28,low_value,union_superset_approx,ai_enabler,base_hard,666,208,287,0.3123123123123123
base,replay_base_2025-11-28,2025-11-28,low_value,union_superset_approx,ai_enabler,quality_or_theme_hard,222,208,14,0.9369369369369369
base,replay_base_2025-11-28,2025-11-28,low_value,union_superset_approx,ai_enabler,valuation_hard,379,222,157,0.5857519788918206
base,replay_base_2025-11-28,2025-11-28,low_value,union_superset_approx,ai_peripheral,base_hard,666,107,407,0.16066066066066065
base,replay_base_2025-11-28,2025-11-28,low_value,union_superset_approx,ai_peripheral,quality_or_theme_hard,242,227,15,0.9380165289256198
base,replay_base_2025-11-28,2025-11-28,low_value,union_superset_approx,ai_peripheral,valuation_hard,379,242,137,0.6385224274406333
base,replay_base_2025-11-28,2025-11-28,low_value,union_superset_approx,core_ai,base_hard,666,58,415,0.08708708708708708
base,replay_base_2025-11-28,2025-11-28,low_value,union_superset_approx,core_ai,quality_or_theme_hard,199,186,13,0.9346733668341709
base,replay_base_2025-11-28,2025-11-28,low_value,union_superset_approx,core_ai,valuation_hard,379,199,180,0.525065963060686
base,replay_base_2025-11-28,2025-11-28,industry_trend,union_superset_approx,ai_enabler,base_hard,666,354,287,0.5315315315315315
base,replay_base_2025-11-28,2025-11-28,industry_trend,union_superset_approx,ai_enabler,quality_or_theme_hard,379,354,25,0.9340369393139841
base,replay_base_2025-11-28,2025-11-28,industry_trend,union_superset_approx,ai_peripheral,base_hard,666,154,487,0.23123123123123124
base,replay_base_2025-11-28,2025-11-28,industry_trend,union_superset_approx,ai_peripheral,quality_or_theme_hard,379,154,25,0.40633245382585753
base,replay_base_2025-11-28,2025-11-28,industry_trend,union_superset_approx,core_ai,base_hard,666,118,523,0.17717717717717718
base,replay_base_2025-11-28,2025-11-28,industry_trend,union_superset_approx,core_ai,quality_or_theme_hard,379,118,25,0.3113456464379947
base,replay_base_2025-11-28,2025-11-28,momentum,union_superset_approx,ai_enabler,base_hard,666,354,287,0.5315315315315315
base,replay_base_2025-11-28,2025-11-28,momentum,union_superset_approx,ai_enabler,quality_or_theme_hard,379,354,25,0.9340369393139841
base,replay_base_2025-11-28,2025-11-28,momentum,union_superset_approx,ai_peripheral,base_hard,666,154,487,0.23123123123123124
base,replay_base_2025-11-28,2025-11-28,momentum,union_superset_approx,ai_peripheral,quality_or_theme_hard,379,154,25,0.40633245382585753
base,replay_base_2025-11-28,2025-11-28,momentum,union_superset_approx,core_ai,base_hard,666,118,523,0.17717717717717718
base,replay_base_2025-11-28,2025-11-28,momentum,union_superset_approx,core_ai,quality_or_theme_hard,379,118,25,0.3113456464379947
base,replay_base_2025-12-31,2025-12-31,low_value,union_superset_approx,ai_enabler,base_hard,666,253,256,0.37987987987987987
base,replay_base_2025-12-31,2025-12-31,low_value,union_superset_approx,ai_enabler,quality_or_theme_hard,289,253,36,0.8754325259515571
base,replay_base_2025-12-31,2025-12-31,low_value,union_superset_approx,ai_enabler,valuation_hard,410,289,121,0.7048780487804878
base,replay_base_2025-12-31,2025-12-31,low_value,union_superset_approx,ai_peripheral,base_hard,666,127,392,0.1906906906906907
base,replay_base_2025-12-31,2025-12-31,low_value,union_superset_approx,ai_peripheral,quality_or_theme_hard,301,263,38,0.8737541528239202
base,replay_base_2025-12-31,2025-12-31,low_value,union_superset_approx,ai_peripheral,valuation_hard,410,301,109,0.7341463414634146
base,replay_base_2025-12-31,2025-12-31,low_value,union_superset_approx,core_ai,base_hard,666,64,422,0.0960960960960961
base,replay_base_2025-12-31,2025-12-31,low_value,union_superset_approx,core_ai,quality_or_theme_hard,261,230,31,0.8812260536398467
base,replay_base_2025-12-31,2025-12-31,low_value,union_superset_approx,core_ai,valuation_hard,410,261,149,0.6365853658536585
base,replay_base_2025-12-31,2025-12-31,industry_trend,union_superset_approx,ai_enabler,base_hard,666,362,256,0.5435435435435435
base,replay_base_2025-12-31,2025-12-31,industry_trend,union_superset_approx,ai_enabler,quality_or_theme_hard,410,362,48,0.8829268292682927
base,replay_base_2025-12-31,2025-12-31,industry_trend,union_superset_approx,ai_peripheral,base_hard,666,161,457,0.24174174174174173
base,replay_base_2025-12-31,2025-12-31,industry_trend,union_superset_approx,ai_peripheral,quality_or_theme_hard,410,161,48,0.3926829268292683
base,replay_base_2025-12-31,2025-12-31,industry_trend,union_superset_approx,core_ai,base_hard,666,118,500,0.17717717717717718
base,replay_base_2025-12-31,2025-12-31,industry_trend,union_superset_approx,core_ai,quality_or_theme_hard,410,118,48,0.28780487804878047
base,replay_base_2025-12-31,2025-12-31,momentum,union_superset_approx,ai_enabler,base_hard,666,362,256,0.5435435435435435
base,replay_base_2025-12-31,2025-12-31,momentum,union_superset_approx,ai_enabler,quality_or_theme_hard,410,362,48,0.8829268292682927
base,replay_base_2025-12-31,2025-12-31,momentum,union_superset_approx,ai_peripheral,base_hard,666,161,457,0.24174174174174173
base,replay_base_2025-12-31,2025-12-31,momentum,union_superset_approx,ai_peripheral,quality_or_theme_hard,410,161,48,0.3926829268292683
base,replay_base_2025-12-31,2025-12-31,momentum,union_superset_approx,core_ai,base_hard,666,118,500,0.17717717717717718
base,replay_base_2025-12-31,2025-12-31,momentum,union_superset_approx,core_ai,quality_or_theme_hard,410,118,48,0.28780487804878047
base,replay_base_2026-01-30,2026-01-30,low_value,union_superset_approx,ai_enabler,base_hard,666,264,162,0.3963963963963964
base,replay_base_2026-01-30,2026-01-30,low_value,union_superset_approx,ai_enabler,quality_or_theme_hard,336,264,72,0.7857142857142857
base,replay_base_2026-01-30,2026-01-30,low_value,union_superset_approx,ai_enabler,valuation_hard,504,336,168,0.6666666666666666
base,replay_base_2026-01-30,2026-01-30,low_value,union_superset_approx,ai_peripheral,base_hard,666,126,321,0.1891891891891892
base,replay_base_2026-01-30,2026-01-30,low_value,union_superset_approx,ai_peripheral,quality_or_theme_hard,361,285,76,0.7894736842105263
base,replay_base_2026-01-30,2026-01-30,low_value,union_superset_approx,ai_peripheral,valuation_hard,504,361,143,0.7162698412698413
base,replay_base_2026-01-30,2026-01-30,low_value,union_superset_approx,core_ai,base_hard,666,74,318,0.1111111111111111
base,replay_base_2026-01-30,2026-01-30,low_value,union_superset_approx,core_ai,quality_or_theme_hard,297,230,67,0.7744107744107744
base,replay_base_2026-01-30,2026-01-30,low_value,union_superset_approx,core_ai,valuation_hard,504,297,207,0.5892857142857143
base,replay_base_2026-01-30,2026-01-30,industry_trend,union_superset_approx,ai_enabler,base_hard,666,397,162,0.5960960960960962
base,replay_base_2026-01-30,2026-01-30,industry_trend,union_superset_approx,ai_enabler,quality_or_theme_hard,504,397,107,0.7876984126984127
base,replay_base_2026-01-30,2026-01-30,industry_trend,union_superset_approx,ai_peripheral,base_hard,666,175,384,0.2627627627627628
base,replay_base_2026-01-30,2026-01-30,industry_trend,union_superset_approx,ai_peripheral,quality_or_theme_hard,504,175,107,0.3472222222222222
base,replay_base_2026-01-30,2026-01-30,industry_trend,union_superset_approx,core_ai,base_hard,666,126,433,0.1891891891891892
base,replay_base_2026-01-30,2026-01-30,industry_trend,union_superset_approx,core_ai,quality_or_theme_hard,504,126,107,0.25
base,replay_base_2026-01-30,2026-01-30,momentum,union_superset_approx,ai_enabler,base_hard,666,397,162,0.5960960960960962
base,replay_base_2026-01-30,2026-01-30,momentum,union_superset_approx,ai_enabler,quality_or_theme_hard,504,397,107,0.7876984126984127
base,replay_base_2026-01-30,2026-01-30,momentum,union_superset_approx,ai_peripheral,base_hard,666,175,384,0.2627627627627628
base,replay_base_2026-01-30,2026-01-30,momentum,union_superset_approx,ai_peripheral,quality_or_theme_hard,504,175,107,0.3472222222222222
base,replay_base_2026-01-30,2026-01-30,momentum,union_superset_approx,core_ai,base_hard,666,126,433,0.1891891891891892
base,replay_base_2026-01-30,2026-01-30,momentum,union_superset_approx,core_ai,quality_or_theme_hard,504,126,107,0.25
base,replay_base_2026-02-27,2026-02-27,low_value,union_superset_approx,ai_enabler,base_hard,667,251,169,0.37631184407796103
base,replay_base_2026-02-27,2026-02-27,low_value,union_superset_approx,ai_enabler,quality_or_theme_hard,296,251,45,0.847972972972973
base,replay_base_2026-02-27,2026-02-27,low_value,union_superset_approx,ai_enabler,valuation_hard,498,296,202,0.5943775100401606
base,replay_base_2026-02-27,2026-02-27,low_value,union_superset_approx,ai_peripheral,base_hard,667,93,341,0.13943028485757122
base,replay_base_2026-02-27,2026-02-27,low_value,union_superset_approx,ai_peripheral,quality_or_theme_hard,313,265,48,0.8466453674121406
base,replay_base_2026-02-27,2026-02-27,low_value,union_superset_approx,ai_peripheral,valuation_hard,498,313,185,0.6285140562248996
base,replay_base_2026-02-27,2026-02-27,low_value,union_superset_approx,core_ai,base_hard,667,87,308,0.13043478260869565
base,replay_base_2026-02-27,2026-02-27,low_value,union_superset_approx,core_ai,quality_or_theme_hard,267,226,41,0.846441947565543
base,replay_base_2026-02-27,2026-02-27,low_value,union_superset_approx,core_ai,valuation_hard,498,267,231,0.536144578313253
base,replay_base_2026-02-27,2026-02-27,industry_trend,union_superset_approx,ai_enabler,base_hard,667,429,169,0.6431784107946027
base,replay_base_2026-02-27,2026-02-27,industry_trend,union_superset_approx,ai_enabler,quality_or_theme_hard,498,429,69,0.8614457831325302
base,replay_base_2026-02-27,2026-02-27,industry_trend,union_superset_approx,ai_peripheral,base_hard,667,184,414,0.27586206896551724
base,replay_base_2026-02-27,2026-02-27,industry_trend,union_superset_approx,ai_peripheral,quality_or_theme_hard,498,184,69,0.36947791164658633
base,replay_base_2026-02-27,2026-02-27,industry_trend,union_superset_approx,core_ai,base_hard,667,130,468,0.19490254872563717
base,replay_base_2026-02-27,2026-02-27,industry_trend,union_superset_approx,core_ai,quality_or_theme_hard,498,130,69,0.26104417670682734
base,replay_base_2026-02-27,2026-02-27,momentum,union_superset_approx,ai_enabler,base_hard,667,429,169,0.6431784107946027
base,replay_base_2026-02-27,2026-02-27,momentum,union_superset_approx,ai_enabler,quality_or_theme_hard,498,429,69,0.8614457831325302
base,replay_base_2026-02-27,2026-02-27,momentum,union_superset_approx,ai_peripheral,base_hard,667,184,414,0.27586206896551724
base,replay_base_2026-02-27,2026-02-27,momentum,union_superset_approx,ai_peripheral,quality_or_theme_hard,498,184,69,0.36947791164658633
base,replay_base_2026-02-27,2026-02-27,momentum,union_superset_approx,core_ai,base_hard,667,130,468,0.19490254872563717
base,replay_base_2026-02-27,2026-02-27,momentum,union_superset_approx,core_ai,quality_or_theme_hard,498,130,69,0.26104417670682734
base,replay_base_2026-03-31,2026-03-31,low_value,union_superset_approx,ai_enabler,base_hard,670,0,173,0.0
base,replay_base_2026-03-31,2026-03-31,low_value,union_superset_approx,ai_enabler,quality_or_theme_hard,369,0,369,0.0
base,replay_base_2026-03-31,2026-03-31,low_value,union_superset_approx,ai_enabler,valuation_hard,497,369,128,0.7424547283702213
base,replay_base_2026-03-31,2026-03-31,low_value,union_superset_approx,ai_peripheral,base_hard,670,0,173,0.0
base,replay_base_2026-03-31,2026-03-31,low_value,union_superset_approx,ai_peripheral,quality_or_theme_hard,390,0,390,0.0
base,replay_base_2026-03-31,2026-03-31,low_value,union_superset_approx,ai_peripheral,valuation_hard,497,390,107,0.7847082494969819
base,replay_base_2026-03-31,2026-03-31,low_value,union_superset_approx,core_ai,base_hard,670,0,173,0.0
base,replay_base_2026-03-31,2026-03-31,low_value,union_superset_approx,core_ai,quality_or_theme_hard,330,0,330,0.0
base,replay_base_2026-03-31,2026-03-31,low_value,union_superset_approx,core_ai,valuation_hard,497,330,167,0.6639839034205232
base,replay_base_2026-03-31,2026-03-31,industry_trend,union_superset_approx,ai_enabler,base_hard,670,402,173,0.6
base,replay_base_2026-03-31,2026-03-31,industry_trend,union_superset_approx,ai_enabler,quality_or_theme_hard,497,0,497,0.0
base,replay_base_2026-03-31,2026-03-31,industry_trend,union_superset_approx,ai_peripheral,base_hard,670,178,397,0.2656716417910448
base,replay_base_2026-03-31,2026-03-31,industry_trend,union_superset_approx,ai_peripheral,quality_or_theme_hard,497,0,273,0.0
base,replay_base_2026-03-31,2026-03-31,industry_trend,union_superset_approx,core_ai,base_hard,670,124,451,0.18507462686567164
base,replay_base_2026-03-31,2026-03-31,industry_trend,union_superset_approx,core_ai,quality_or_theme_hard,497,0,219,0.0
base,replay_base_2026-03-31,2026-03-31,momentum,union_superset_approx,ai_enabler,base_hard,670,402,173,0.6
base,replay_base_2026-03-31,2026-03-31,momentum,union_superset_approx,ai_enabler,quality_or_theme_hard,497,0,497,0.0
base,replay_base_2026-03-31,2026-03-31,momentum,union_superset_approx,ai_peripheral,base_hard,670,178,397,0.2656716417910448
base,replay_base_2026-03-31,2026-03-31,momentum,union_superset_approx,ai_peripheral,quality_or_theme_hard,497,0,273,0.0
base,replay_base_2026-03-31,2026-03-31,momentum,union_superset_approx,core_ai,base_hard,670,124,451,0.18507462686567164
base,replay_base_2026-03-31,2026-03-31,momentum,union_superset_approx,core_ai,quality_or_theme_hard,497,0,219,0.0
base,replay_base_2026-04-30,2026-04-30,low_value,union_superset_approx,ai_enabler,base_hard,671,250,150,0.37257824143070045
base,replay_base_2026-04-30,2026-04-30,low_value,union_superset_approx,ai_enabler,quality_or_theme_hard,320,250,70,0.78125
base,replay_base_2026-04-30,2026-04-30,low_value,union_superset_approx,ai_enabler,valuation_hard,521,320,201,0.6142034548944337
base,replay_base_2026-04-30,2026-04-30,low_value,union_superset_approx,ai_peripheral,base_hard,671,118,299,0.17585692995529062
base,replay_base_2026-04-30,2026-04-30,low_value,union_superset_approx,ai_peripheral,quality_or_theme_hard,339,267,72,0.7876106194690266
base,replay_base_2026-04-30,2026-04-30,low_value,union_superset_approx,ai_peripheral,valuation_hard,521,339,182,0.6506717850287908
base,replay_base_2026-04-30,2026-04-30,low_value,union_superset_approx,core_ai,base_hard,671,66,306,0.09836065573770492
base,replay_base_2026-04-30,2026-04-30,low_value,union_superset_approx,core_ai,quality_or_theme_hard,287,222,65,0.7735191637630662
base,replay_base_2026-04-30,2026-04-30,low_value,union_superset_approx,core_ai,valuation_hard,521,287,234,0.5508637236084453
base,replay_base_2026-04-30,2026-04-30,industry_trend,union_superset_approx,ai_enabler,base_hard,671,411,150,0.6125186289120715
base,replay_base_2026-04-30,2026-04-30,industry_trend,union_superset_approx,ai_enabler,quality_or_theme_hard,521,411,110,0.7888675623800384
base,replay_base_2026-04-30,2026-04-30,industry_trend,union_superset_approx,ai_peripheral,base_hard,671,180,381,0.26825633383010433
base,replay_base_2026-04-30,2026-04-30,industry_trend,union_superset_approx,ai_peripheral,quality_or_theme_hard,521,180,110,0.345489443378119
base,replay_base_2026-04-30,2026-04-30,industry_trend,union_superset_approx,core_ai,base_hard,671,127,434,0.18926974664679583
base,replay_base_2026-04-30,2026-04-30,industry_trend,union_superset_approx,core_ai,quality_or_theme_hard,521,127,110,0.2437619961612284
base,replay_base_2026-04-30,2026-04-30,momentum,union_superset_approx,ai_enabler,base_hard,671,411,150,0.6125186289120715
base,replay_base_2026-04-30,2026-04-30,momentum,union_superset_approx,ai_enabler,quality_or_theme_hard,521,411,110,0.7888675623800384
base,replay_base_2026-04-30,2026-04-30,momentum,union_superset_approx,ai_peripheral,base_hard,671,180,381,0.26825633383010433
base,replay_base_2026-04-30,2026-04-30,momentum,union_superset_approx,ai_peripheral,quality_or_theme_hard,521,180,110,0.345489443378119
base,replay_base_2026-04-30,2026-04-30,momentum,union_superset_approx,core_ai,base_hard,671,127,434,0.18926974664679583
base,replay_base_2026-04-30,2026-04-30,momentum,union_superset_approx,core_ai,quality_or_theme_hard,521,127,110,0.2437619961612284
base,replay_base_2026-05-29,2026-05-29,low_value,union_superset_approx,ai_enabler,base_hard,675,270,127,0.4
base,replay_base_2026-05-29,2026-05-29,low_value,union_superset_approx,ai_enabler,quality_or_theme_hard,334,270,64,0.8083832335329342
base,replay_base_2026-05-29,2026-05-29,low_value,union_superset_approx,ai_enabler,valuation_hard,548,334,214,0.6094890510948905
base,replay_base_2026-05-29,2026-05-29,low_value,union_superset_approx,ai_peripheral,base_hard,675,143,268,0.21185185185185185
base,replay_base_2026-05-29,2026-05-29,low_value,union_superset_approx,ai_peripheral,quality_or_theme_hard,350,284,66,0.8114285714285714
base,replay_base_2026-05-29,2026-05-29,low_value,union_superset_approx,ai_peripheral,valuation_hard,548,350,198,0.6386861313868614
base,replay_base_2026-05-29,2026-05-29,low_value,union_superset_approx,core_ai,base_hard,675,61,310,0.09037037037037036
base,replay_base_2026-05-29,2026-05-29,low_value,union_superset_approx,core_ai,quality_or_theme_hard,307,244,63,0.7947882736156352
base,replay_base_2026-05-29,2026-05-29,low_value,union_superset_approx,core_ai,valuation_hard,548,307,241,0.5602189781021898
base,replay_base_2026-05-29,2026-05-29,industry_trend,union_superset_approx,ai_enabler,base_hard,675,448,127,0.6637037037037037
base,replay_base_2026-05-29,2026-05-29,industry_trend,union_superset_approx,ai_enabler,quality_or_theme_hard,548,448,100,0.8175182481751825
base,replay_base_2026-05-29,2026-05-29,industry_trend,union_superset_approx,ai_peripheral,base_hard,675,185,390,0.2740740740740741
base,replay_base_2026-05-29,2026-05-29,industry_trend,union_superset_approx,ai_peripheral,quality_or_theme_hard,548,185,100,0.3375912408759124
base,replay_base_2026-05-29,2026-05-29,industry_trend,union_superset_approx,core_ai,base_hard,675,132,443,0.19555555555555557
base,replay_base_2026-05-29,2026-05-29,industry_trend,union_superset_approx,core_ai,quality_or_theme_hard,548,132,100,0.24087591240875914
base,replay_base_2026-05-29,2026-05-29,momentum,union_superset_approx,ai_enabler,base_hard,675,448,127,0.6637037037037037
base,replay_base_2026-05-29,2026-05-29,momentum,union_superset_approx,ai_enabler,quality_or_theme_hard,548,448,100,0.8175182481751825
base,replay_base_2026-05-29,2026-05-29,momentum,union_superset_approx,ai_peripheral,base_hard,675,185,390,0.2740740740740741
base,replay_base_2026-05-29,2026-05-29,momentum,union_superset_approx,ai_peripheral,quality_or_theme_hard,548,185,100,0.3375912408759124
base,replay_base_2026-05-29,2026-05-29,momentum,union_superset_approx,core_ai,base_hard,675,132,443,0.19555555555555557
base,replay_base_2026-05-29,2026-05-29,momentum,union_superset_approx,core_ai,quality_or_theme_hard,548,132,100,0.24087591240875914
base,replay_base_2026-06-30,2026-06-30,low_value,union_superset_approx,ai_enabler,base_hard,680,272,130,0.4
base,replay_base_2026-06-30,2026-06-30,low_value,union_superset_approx,ai_enabler,quality_or_theme_hard,342,272,70,0.7953216374269005
base,replay_base_2026-06-30,2026-06-30,low_value,union_superset_approx,ai_enabler,valuation_hard,550,342,208,0.6218181818181818
base,replay_base_2026-06-30,2026-06-30,low_value,union_superset_approx,ai_peripheral,base_hard,680,137,282,0.20147058823529412
base,replay_base_2026-06-30,2026-06-30,low_value,union_superset_approx,ai_peripheral,quality_or_theme_hard,362,289,73,0.7983425414364641
base,replay_base_2026-06-30,2026-06-30,low_value,union_superset_approx,ai_peripheral,valuation_hard,550,362,188,0.6581818181818182
base,replay_base_2026-06-30,2026-06-30,low_value,union_superset_approx,core_ai,base_hard,680,68,293,0.1
base,replay_base_2026-06-30,2026-06-30,low_value,union_superset_approx,core_ai,quality_or_theme_hard,293,231,62,0.78839590443686
base,replay_base_2026-06-30,2026-06-30,low_value,union_superset_approx,core_ai,valuation_hard,550,293,257,0.5327272727272727
base,replay_base_2026-06-30,2026-06-30,industry_trend,union_superset_approx,ai_enabler,base_hard,680,447,130,0.6573529411764706
base,replay_base_2026-06-30,2026-06-30,industry_trend,union_superset_approx,ai_enabler,quality_or_theme_hard,550,447,103,0.8127272727272727
base,replay_base_2026-06-30,2026-06-30,industry_trend,union_superset_approx,ai_peripheral,base_hard,680,182,395,0.2676470588235294
base,replay_base_2026-06-30,2026-06-30,industry_trend,union_superset_approx,ai_peripheral,quality_or_theme_hard,550,182,103,0.33090909090909093
base,replay_base_2026-06-30,2026-06-30,industry_trend,union_superset_approx,core_ai,base_hard,680,134,443,0.19705882352941176
base,replay_base_2026-06-30,2026-06-30,industry_trend,union_superset_approx,core_ai,quality_or_theme_hard,550,134,103,0.24363636363636362
base,replay_base_2026-06-30,2026-06-30,momentum,union_superset_approx,ai_enabler,base_hard,680,447,130,0.6573529411764706
base,replay_base_2026-06-30,2026-06-30,momentum,union_superset_approx,ai_enabler,quality_or_theme_hard,550,447,103,0.8127272727272727
base,replay_base_2026-06-30,2026-06-30,momentum,union_superset_approx,ai_peripheral,base_hard,680,182,395,0.2676470588235294
base,replay_base_2026-06-30,2026-06-30,momentum,union_superset_approx,ai_peripheral,quality_or_theme_hard,550,182,103,0.33090909090909093
base,replay_base_2026-06-30,2026-06-30,momentum,union_superset_approx,core_ai,base_hard,680,134,443,0.19705882352941176
base,replay_base_2026-06-30,2026-06-30,momentum,union_superset_approx,core_ai,quality_or_theme_hard,550,134,103,0.24363636363636362
base,replay_base_2026-07-31,2026-07-31,low_value,union_superset_approx,ai_enabler,base_hard,681,331,154,0.48604992657856094
base,replay_base_2026-07-31,2026-07-31,low_value,union_superset_approx,ai_enabler,quality_or_theme_hard,396,331,65,0.8358585858585859
base,replay_base_2026-07-31,2026-07-31,low_value,union_superset_approx,ai_enabler,valuation_hard,527,396,131,0.7514231499051234
base,replay_base_2026-07-31,2026-07-31,low_value,union_superset_approx,ai_peripheral,base_hard,681,159,339,0.23348017621145375
base,replay_base_2026-07-31,2026-07-31,low_value,union_superset_approx,ai_peripheral,quality_or_theme_hard,412,344,68,0.8349514563106796
base,replay_base_2026-07-31,2026-07-31,low_value,union_superset_approx,ai_peripheral,valuation_hard,527,412,115,0.7817836812144212
base,replay_base_2026-07-31,2026-07-31,low_value,union_superset_approx,core_ai,base_hard,681,80,368,0.11747430249632893
base,replay_base_2026-07-31,2026-07-31,low_value,union_superset_approx,core_ai,quality_or_theme_hard,355,294,61,0.828169014084507
base,replay_base_2026-07-31,2026-07-31,low_value,union_superset_approx,core_ai,valuation_hard,527,355,172,0.6736242884250474
base,replay_base_2026-07-31,2026-07-31,industry_trend,union_superset_approx,ai_enabler,base_hard,681,443,154,0.6505139500734214
base,replay_base_2026-07-31,2026-07-31,industry_trend,union_superset_approx,ai_enabler,quality_or_theme_hard,527,443,84,0.8406072106261859
base,replay_base_2026-07-31,2026-07-31,industry_trend,union_superset_approx,ai_peripheral,base_hard,681,186,411,0.27312775330396477
base,replay_base_2026-07-31,2026-07-31,industry_trend,union_superset_approx,ai_peripheral,quality_or_theme_hard,527,186,84,0.35294117647058826
base,replay_base_2026-07-31,2026-07-31,industry_trend,union_superset_approx,core_ai,base_hard,681,131,466,0.19236417033773862
base,replay_base_2026-07-31,2026-07-31,industry_trend,union_superset_approx,core_ai,quality_or_theme_hard,527,131,84,0.24857685009487665
base,replay_base_2026-07-31,2026-07-31,momentum,union_superset_approx,ai_enabler,base_hard,681,443,154,0.6505139500734214
base,replay_base_2026-07-31,2026-07-31,momentum,union_superset_approx,ai_enabler,quality_or_theme_hard,527,443,84,0.8406072106261859
base,replay_base_2026-07-31,2026-07-31,momentum,union_superset_approx,ai_peripheral,base_hard,681,186,411,0.27312775330396477
base,replay_base_2026-07-31,2026-07-31,momentum,union_superset_approx,ai_peripheral,quality_or_theme_hard,527,186,84,0.35294117647058826
base,replay_base_2026-07-31,2026-07-31,momentum,union_superset_approx,core_ai,base_hard,681,131,466,0.19236417033773862
base,replay_base_2026-07-31,2026-07-31,momentum,union_superset_approx,core_ai,quality_or_theme_hard,527,131,84,0.24857685009487665
base,replay_base_2026-08-31,2026-08-31,low_value,union_superset_approx,ai_enabler,base_hard,681,315,169,0.46255506607929514
base,replay_base_2026-08-31,2026-08-31,low_value,union_superset_approx,ai_enabler,quality_or_theme_hard,370,315,55,0.8513513513513513
base,replay_base_2026-08-31,2026-08-31,low_value,union_superset_approx,ai_enabler,valuation_hard,512,370,142,0.72265625
base,replay_base_2026-08-31,2026-08-31,low_value,union_superset_approx,ai_peripheral,base_hard,681,164,341,0.24082232011747431
base,replay_base_2026-08-31,2026-08-31,low_value,union_superset_approx,ai_peripheral,quality_or_theme_hard,395,336,59,0.850632911392405
base,replay_base_2026-08-31,2026-08-31,low_value,union_superset_approx,ai_peripheral,valuation_hard,512,395,117,0.771484375
base,replay_base_2026-08-31,2026-08-31,low_value,union_superset_approx,core_ai,base_hard,681,73,383,0.10719530102790015
base,replay_base_2026-08-31,2026-08-31,low_value,union_superset_approx,core_ai,quality_or_theme_hard,342,287,55,0.8391812865497076
base,replay_base_2026-08-31,2026-08-31,low_value,union_superset_approx,core_ai,valuation_hard,512,342,170,0.66796875
base,replay_base_2026-08-31,2026-08-31,industry_trend,union_superset_approx,ai_enabler,base_hard,681,433,169,0.6358296622613803
base,replay_base_2026-08-31,2026-08-31,industry_trend,union_superset_approx,ai_enabler,quality_or_theme_hard,512,433,79,0.845703125
base,replay_base_2026-08-31,2026-08-31,industry_trend,union_superset_approx,ai_peripheral,base_hard,681,180,422,0.2643171806167401
base,replay_base_2026-08-31,2026-08-31,industry_trend,union_superset_approx,ai_peripheral,quality_or_theme_hard,512,180,79,0.3515625
base,replay_base_2026-08-31,2026-08-31,industry_trend,union_superset_approx,core_ai,base_hard,681,131,471,0.19236417033773862
base,replay_base_2026-08-31,2026-08-31,industry_trend,union_superset_approx,core_ai,quality_or_theme_hard,512,131,79,0.255859375
base,replay_base_2026-08-31,2026-08-31,momentum,union_superset_approx,ai_enabler,base_hard,681,433,169,0.6358296622613803
base,replay_base_2026-08-31,2026-08-31,momentum,union_superset_approx,ai_enabler,quality_or_theme_hard,512,433,79,0.845703125
base,replay_base_2026-08-31,2026-08-31,momentum,union_superset_approx,ai_peripheral,base_hard,681,180,422,0.2643171806167401
base,replay_base_2026-08-31,2026-08-31,momentum,union_superset_approx,ai_peripheral,quality_or_theme_hard,512,180,79,0.3515625
base,replay_base_2026-08-31,2026-08-31,momentum,union_superset_approx,core_ai,base_hard,681,131,471,0.19236417033773862
base,replay_base_2026-08-31,2026-08-31,momentum,union_superset_approx,core_ai,quality_or_theme_hard,512,131,79,0.255859375
base,replay_base_2026-09-30,2026-09-30,low_value,snapshot:ai_watchlist_20260929T062841Z.csv@2026-09-29,ai_enabler,base_hard,681,325,153,0.47723935389133626
base,replay_base_2026-09-30,2026-09-30,low_value,snapshot:ai_watchlist_20260929T062841Z.csv@2026-09-29,ai_enabler,quality_or_theme_hard,410,325,85,0.7926829268292683
base,replay_base_2026-09-30,2026-09-30,low_value,snapshot:ai_watchlist_20260929T062841Z.csv@2026-09-29,ai_enabler,valuation_hard,528,410,118,0.7765151515151515
base,replay_base_2026-09-30,2026-09-30,low_value,snapshot:ai_watchlist_20260929T062841Z.csv@2026-09-29,ai_peripheral,base_hard,681,170,314,0.24963289280469897
base,replay_base_2026-09-30,2026-09-30,low_value,snapshot:ai_watchlist_20260929T062841Z.csv@2026-09-29,ai_peripheral,quality_or_theme_hard,419,331,88,0.7899761336515513
base,replay_base_2026-09-30,2026-09-30,low_value,snapshot:ai_watchlist_20260929T062841Z.csv@2026-09-29,ai_peripheral,valuation_hard,528,419,109,0.7935606060606061
base,replay_base_2026-09-30,2026-09-30,low_value,snapshot:ai_watchlist_20260929T062841Z.csv@2026-09-29,core_ai,base_hard,681,68,385,0.09985315712187959
base,replay_base_2026-09-30,2026-09-30,low_value,snapshot:ai_watchlist_20260929T062841Z.csv@2026-09-29,core_ai,quality_or_theme_hard,378,300,78,0.7936507936507936
base,replay_base_2026-09-30,2026-09-30,low_value,snapshot:ai_watchlist_20260929T062841Z.csv@2026-09-29,core_ai,valuation_hard,528,378,150,0.7159090909090909
base,replay_base_2026-09-30,2026-09-30,industry_trend,snapshot:ai_watchlist_20260929T062841Z.csv@2026-09-29,ai_enabler,base_hard,681,417,153,0.6123348017621145
base,replay_base_2026-09-30,2026-09-30,industry_trend,snapshot:ai_watchlist_20260929T062841Z.csv@2026-09-29,ai_enabler,quality_or_theme_hard,528,417,111,0.7897727272727273
base,replay_base_2026-09-30,2026-09-30,industry_trend,snapshot:ai_watchlist_20260929T062841Z.csv@2026-09-29,ai_peripheral,base_hard,681,176,394,0.25844346549192365
base,replay_base_2026-09-30,2026-09-30,industry_trend,snapshot:ai_watchlist_20260929T062841Z.csv@2026-09-29,ai_peripheral,quality_or_theme_hard,528,176,111,0.3333333333333333
base,replay_base_2026-09-30,2026-09-30,industry_trend,snapshot:ai_watchlist_20260929T062841Z.csv@2026-09-29,core_ai,base_hard,681,128,442,0.18795888399412627
base,replay_base_2026-09-30,2026-09-30,industry_trend,snapshot:ai_watchlist_20260929T062841Z.csv@2026-09-29,core_ai,quality_or_theme_hard,528,128,111,0.24242424242424243
base,replay_base_2026-09-30,2026-09-30,momentum,snapshot:ai_watchlist_20260929T062841Z.csv@2026-09-29,ai_enabler,base_hard,681,417,153,0.6123348017621145
base,replay_base_2026-09-30,2026-09-30,momentum,snapshot:ai_watchlist_20260929T062841Z.csv@2026-09-29,ai_enabler,quality_or_theme_hard,528,417,111,0.7897727272727273
base,replay_base_2026-09-30,2026-09-30,momentum,snapshot:ai_watchlist_20260929T062841Z.csv@2026-09-29,ai_peripheral,base_hard,681,176,394,0.25844346549192365
base,replay_base_2026-09-30,2026-09-30,momentum,snapshot:ai_watchlist_20260929T062841Z.csv@2026-09-29,ai_peripheral,quality_or_theme_hard,528,176,111,0.3333333333333333
base,replay_base_2026-09-30,2026-09-30,momentum,snapshot:ai_watchlist_20260929T062841Z.csv@2026-09-29,core_ai,base_hard,681,128,442,0.18795888399412627
base,replay_base_2026-09-30,2026-09-30,momentum,snapshot:ai_watchlist_20260929T062841Z.csv@2026-09-29,core_ai,quality_or_theme_hard,528,128,111,0.24242424242424243
