scenario,run_stem,signal_date,list_type,watchlist_source,channel,n_input,n_filtered,n_ranked,n_selected_channel,selected_symbols,top_first_fail,top_first_fail_pct,top_near_miss,top_near_miss_pct,near_miss_reasons
base,replay_base_2023-01-31,2023-01-31,low_value,union_superset_approx,ai_enabler,630,52,16,10,"KLAC,NUE,STLD,ON,CAT,JCI,ETN,PH,SNPS,MCHP",min_dollar_volume,0.3857,min_range_position_52w,0.007936507936507936,"[{""count"": 5, ""layer"": ""valuation_hard"", ""pct"": 0.007936507936507936, ""reason"": ""min_range_position_52w""}]"
base,replay_base_2023-01-31,2023-01-31,low_value,union_superset_approx,ai_peripheral,630,40,10,10,"NUE,STLD,CAT,JCI,ETN,VMC,PH,TT,PWR,EQIX",min_dollar_volume,0.3857,channel_bucket_match,0.0031746031746031746,"[{""count"": 2, ""layer"": ""base_hard"", ""pct"": 0.0031746031746031746, ""reason"": ""channel_bucket_match""}, {""count"": 1, ""layer"": ""valuation_hard"", ""pct"": 0.0015873015873015873, ""reason"": ""min_range_position_52w""}, {""count"": 1, ""layer"": ""valuation_hard"", ""pct"": 0.0015873015873015873, ""reason"": ""min_drawdown_percentile""}, {""count"": 1, ""layer"": ""quality_or_theme_hard"", ""pct"": 0.0015873015873015873, ""reason"": ""min_ai_link_score""}]"
base,replay_base_2023-01-31,2023-01-31,low_value,union_superset_approx,core_ai,630,9,6,6,"ON,CAT,SNPS,ADI,PTC,CDNS",min_dollar_volume,0.3857,min_range_position_52w,0.0031746031746031746,"[{""count"": 2, ""layer"": ""valuation_hard"", ""pct"": 0.0031746031746031746, ""reason"": ""min_range_position_52w""}]"
base,replay_base_2023-01-31,2023-01-31,industry_trend,union_superset_approx,ai_enabler,630,271,78,10,"LRCX,NUE,NVDA,TSLA,AVGO,QCOM,META,CAT,NFLX,GOOGL",min_dollar_volume,0.3857,min_ai_link_score,0.007936507936507936,"[{""count"": 5, ""layer"": ""quality_or_theme_hard"", ""pct"": 0.007936507936507936, ""reason"": ""min_ai_link_score""}, {""count"": 4, ""layer"": ""quality_or_theme_hard"", ""pct"": 0.006349206349206349, ""reason"": ""min_current_ratio""}, {""count"": 3, ""layer"": ""valuation_hard"", ""pct"": 0.004761904761904762, ""reason"": ""max_ps_hist_percentile""}, {""count"": 2, ""layer"": ""quality_or_theme_hard"", ""pct"": 0.0031746031746031746, ""reason"": ""max_ev_to_ebit""}, {""count"": 2, ""layer"": ""base_hard"", ""pct"": 0.0031746031746031746, ""reason"": ""trend_min_avg_dollar_volume_20d""}]"
base,replay_base_2023-01-31,2023-01-31,industry_trend,union_superset_approx,ai_peripheral,630,134,64,10,"NUE,CAT,FCX,STLD,UBER,BA,DE,PH,UPS,ETN",min_dollar_volume,0.3857,channel_bucket_match,0.015873015873015872,"[{""count"": 10, ""layer"": ""base_hard"", ""pct"": 0.015873015873015872, ""reason"": ""channel_bucket_match""}, {""count"": 5, ""layer"": ""quality_or_theme_hard"", ""pct"": 0.007936507936507936, ""reason"": ""min_ai_link_score""}, {""count"": 4, ""layer"": ""base_hard"", ""pct"": 0.006349206349206349, ""reason"": ""trend_min_avg_dollar_volume_20d""}, {""count"": 4, ""layer"": ""quality_or_theme_hard"", ""pct"": 0.006349206349206349, ""reason"": ""min_current_ratio""}, {""count"": 2, ""layer"": ""quality_or_theme_hard"", ""pct"": 0.0031746031746031746, ""reason"": ""max_ev_to_ebit""}]"
base,replay_base_2023-01-31,2023-01-31,industry_trend,union_superset_approx,core_ai,630,87,23,10,"AVGO,NVDA,MSFT,TSLA,LRCX,MU,GOOGL,META,CAT,NFLX",min_dollar_volume,0.3857,min_ocf_to_net_income,0.0031746031746031746,"[{""count"": 2, ""layer"": ""quality_or_theme_hard"", ""pct"": 0.0031746031746031746, ""reason"": ""min_ocf_to_net_income""}, {""count"": 2, ""layer"": ""quality_or_theme_hard"", ""pct"": 0.0031746031746031746, ""reason"": ""min_ai_link_score""}, {""count"": 1, ""layer"": ""valuation_hard"", ""pct"": 0.0015873015873015873, ""reason"": ""max_ps_percentile_in_sic""}, {""count"": 1, ""layer"": ""base_hard"", ""pct"": 0.0015873015873015873, ""reason"": ""trend_min_avg_dollar_volume_20d""}, {""count"": 1, ""layer"": ""quality_or_theme_hard"", ""pct"": 0.0015873015873015873, ""reason"": ""max_receivables_growth_gap""}]"
base,replay_base_2023-01-31,2023-01-31,momentum,union_superset_approx,ai_enabler,630,271,78,10,"TSLA,NUE,NVDA,META,LRCX,QCOM,MU,NFLX,UBER,AMZN",min_dollar_volume,0.3857,momentum_min_return_60d,0.0031746031746031746,"[{""count"": 2, ""layer"": ""valuation_hard"", ""pct"": 0.0031746031746031746, ""reason"": ""momentum_min_return_60d""}, {""count"": 2, ""layer"": ""quality_or_theme_hard"", ""pct"": 0.0031746031746031746, ""reason"": ""min_ai_link_score""}, {""count"": 1, ""layer"": ""valuation_hard"", ""pct"": 0.0015873015873015873, ""reason"": ""max_ps_percentile_in_sic""}, {""count"": 1, ""layer"": ""valuation_hard"", ""pct"": 0.0015873015873015873, ""reason"": ""momentum_min_price_to_sma200""}, {""count"": 1, ""layer"": ""valuation_hard"", ""pct"": 0.0015873015873015873, ""reason"": ""momentum_max_drawdown_from_52w_high""}]"
base,replay_base_2023-01-31,2023-01-31,momentum,union_superset_approx,ai_peripheral,630,134,64,10,"NUE,UBER,FCX,STLD,BA,CAT,EQIX,CCI,PH,UPS",min_dollar_volume,0.3857,channel_bucket_match,0.007936507936507936,"[{""count"": 5, ""layer"": ""base_hard"", ""pct"": 0.007936507936507936, ""reason"": ""channel_bucket_match""}, {""count"": 3, ""layer"": ""base_hard"", ""pct"": 0.004761904761904762, ""reason"": ""momentum_min_avg_dollar_volume_20d""}, {""count"": 2, ""layer"": ""quality_or_theme_hard"", ""pct"": 0.0031746031746031746, ""reason"": ""min_ai_link_score""}, {""count"": 1, ""layer"": ""quality_or_theme_hard"", ""pct"": 0.0015873015873015873, ""reason"": ""max_ev_to_ebit""}, {""count"": 1, ""layer"": ""valuation_hard"", ""pct"": 0.0015873015873015873, ""reason"": ""max_ps_hist_percentile""}]"
base,replay_base_2023-01-31,2023-01-31,momentum,union_superset_approx,core_ai,630,87,23,10,"NVDA,TSLA,META,MU,LRCX,QCOM,SHOP,NFLX,AMZN,UBER",min_dollar_volume,0.3857,max_ps_percentile_in_sic,0.0015873015873015873,"[{""count"": 1, ""layer"": ""valuation_hard"", ""pct"": 0.0015873015873015873, ""reason"": ""max_ps_percentile_in_sic""}, {""count"": 1, ""layer"": ""valuation_hard"", ""pct"": 0.0015873015873015873, ""reason"": ""momentum_min_price_to_sma200""}, {""count"": 1, ""layer"": ""base_hard"", ""pct"": 0.0015873015873015873, ""reason"": ""momentum_min_avg_dollar_volume_20d""}, {""count"": 1, ""layer"": ""quality_or_theme_hard"", ""pct"": 0.0015873015873015873, ""reason"": ""min_ocf_to_net_income""}, {""count"": 1, ""layer"": ""quality_or_theme_hard"", ""pct"": 0.0015873015873015873, ""reason"": ""max_receivables_growth_gap""}]"
base,replay_base_2023-01-31,2023-01-31,research_pool,union_superset_approx,ai_enabler,630,89,89,10,"UPS,MLM,CSX,NUE,STLD,NSC,EME,ACN,TT,JCI",,0.0,,0.0,[]
base,replay_base_2023-01-31,2023-01-31,research_pool,union_superset_approx,ai_peripheral,630,93,93,10,"LUV,BLDR,MPC,MATX,EXLS,CHRW,DVN,MOS,CVCO,EXP",,0.0,,0.0,[]
base,replay_base_2023-01-31,2023-01-31,research_pool,union_superset_approx,core_ai,630,61,61,10,"ANET,AVGO,AMAT,LRCX,QCOM,KLAC,NXPI,SHOP,CAT,NOW",,0.0,,0.0,[]
base,replay_base_2023-02-28,2023-02-28,low_value,union_superset_approx,ai_enabler,632,36,8,8,"AVGO,STLD,PWR,ETN,ADI,PH,SNPS,MPWR",min_dollar_volume,0.3924,min_range_position_52w,0.0015822784810126582,"[{""count"": 1, ""layer"": ""valuation_hard"", ""pct"": 0.0015822784810126582, ""reason"": ""min_range_position_52w""}]"
base,replay_base_2023-02-28,2023-02-28,low_value,union_superset_approx,ai_peripheral,632,19,5,5,"STLD,ETN,PWR,PH,TT",min_dollar_volume,0.3924,channel_bucket_match,0.0031645569620253164,"[{""count"": 2, ""layer"": ""base_hard"", ""pct"": 0.0031645569620253164, ""reason"": ""channel_bucket_match""}]"
base,replay_base_2023-02-28,2023-02-28,low_value,union_superset_approx,core_ai,632,11,3,3,"ADI,SNPS,MPWR",min_dollar_volume,0.3924,min_range_position_52w,0.0015822784810126582,"[{""count"": 1, ""layer"": ""valuation_hard"", ""pct"": 0.0015822784810126582, ""reason"": ""min_range_position_52w""}]"
base,replay_base_2023-02-28,2023-02-28,industry_trend,union_superset_approx,ai_enabler,632,286,80,10,"AVGO,PWR,AMAT,TSLA,ANET,ETN,UNP,MSFT,DE,NVDA",min_dollar_volume,0.3924,min_ai_link_score,0.012658227848101266,"[{""count"": 8, ""layer"": ""quality_or_theme_hard"", ""pct"": 0.012658227848101266, ""reason"": ""min_ai_link_score""}, {""count"": 3, ""layer"": ""valuation_hard"", ""pct"": 0.004746835443037975, ""reason"": ""trend_min_return_60d""}, {""count"": 2, ""layer"": ""quality_or_theme_hard"", ""pct"": 0.0031645569620253164, ""reason"": ""min_current_ratio""}, {""count"": 2, ""layer"": ""quality_or_theme_hard"", ""pct"": 0.0031645569620253164, ""reason"": ""min_ocf_to_net_income""}, {""count"": 1, ""layer"": ""quality_or_theme_hard"", ""pct"": 0.0015822784810126582, ""reason"": ""min_net_income_yoy""}]"
base,replay_base_2023-02-28,2023-02-28,industry_trend,union_superset_approx,ai_peripheral,632,140,67,10,"ETN,PWR,DE,UNP,NUE,STLD,LMT,CSX,UPS,RS",min_dollar_volume,0.3924,channel_bucket_match,0.014240506329113924,"[{""count"": 9, ""layer"": ""base_hard"", ""pct"": 0.014240506329113924, ""reason"": ""channel_bucket_match""}, {""count"": 5, ""layer"": ""quality_or_theme_hard"", ""pct"": 0.007911392405063292, ""reason"": ""min_ai_link_score""}, {""count"": 4, ""layer"": ""valuation_hard"", ""pct"": 0.006329113924050633, ""reason"": ""trend_min_return_60d""}, {""count"": 4, ""layer"": ""valuation_hard"", ""pct"": 0.006329113924050633, ""reason"": ""max_ps_hist_percentile""}, {""count"": 1, ""layer"": ""quality_or_theme_hard"", ""pct"": 0.0015822784810126582, ""reason"": ""min_net_income_yoy""}]"
base,replay_base_2023-02-28,2023-02-28,industry_trend,union_superset_approx,core_ai,632,92,23,10,"AVGO,TSLA,MSFT,NVDA,AMAT,ANET,META,LRCX,CSCO,KLAC",min_dollar_volume,0.3924,trend_min_return_60d,0.004746835443037975,"[{""count"": 3, ""layer"": ""valuation_hard"", ""pct"": 0.004746835443037975, ""reason"": ""trend_min_return_60d""}, {""count"": 2, ""layer"": ""quality_or_theme_hard"", ""pct"": 0.0031645569620253164, ""reason"": ""min_ai_link_score""}, {""count"": 1, ""layer"": ""quality_or_theme_hard"", ""pct"": 0.0015822784810126582, ""reason"": ""min_ocf_to_net_income""}]"
base,replay_base_2023-02-28,2023-02-28,momentum,union_superset_approx,ai_enabler,632,286,80,10,"TSLA,PWR,ANET,NVDA,META,ETN,AMAT,AVGO,UNP,CRWD",min_dollar_volume,0.3924,momentum_min_return_60d,0.007911392405063292,"[{""count"": 5, ""layer"": ""valuation_hard"", ""pct"": 0.007911392405063292, ""reason"": ""momentum_min_return_60d""}, {""count"": 2, ""layer"": ""quality_or_theme_hard"", ""pct"": 0.0031645569620253164, ""reason"": ""min_ai_link_score""}]"
base,replay_base_2023-02-28,2023-02-28,momentum,union_superset_approx,ai_peripheral,632,140,67,10,"ETN,PWR,UNP,STLD,NUE,CSX,DE,RS,LMT,PH",min_dollar_volume,0.3924,momentum_min_return_60d,0.006329113924050633,"[{""count"": 4, ""layer"": ""valuation_hard"", ""pct"": 0.006329113924050633, ""reason"": ""momentum_min_return_60d""}, {""count"": 2, ""layer"": ""valuation_hard"", ""pct"": 0.0031645569620253164, ""reason"": ""max_ps_hist_percentile""}, {""count"": 2, ""layer"": ""base_hard"", ""pct"": 0.0031645569620253164, ""reason"": ""channel_bucket_match""}]"
base,replay_base_2023-02-28,2023-02-28,momentum,union_superset_approx,core_ai,632,92,23,10,"TSLA,NVDA,META,AVGO,ANET,MSFT,AMAT,CRWD,CSCO,SMCI",min_dollar_volume,0.3924,momentum_min_return_60d,0.0015822784810126582,"[{""count"": 1, ""layer"": ""valuation_hard"", ""pct"": 0.0015822784810126582, ""reason"": ""momentum_min_return_60d""}, {""count"": 1, ""layer"": ""quality_or_theme_hard"", ""pct"": 0.0015822784810126582, ""reason"": ""min_ai_link_score""}]"
base,replay_base_2023-02-28,2023-02-28,research_pool,union_superset_approx,ai_enabler,632,87,87,10,"CSX,TRGP,NUE,RTX,STLD,ATI,MLM,EME,ACN,LEU",,0.0,,0.0,[]
base,replay_base_2023-02-28,2023-02-28,research_pool,union_superset_approx,ai_peripheral,632,82,82,10,"HII,DVN,KEYS,EOG,ALB,APD,BLDR,EXLS,MOS,ODFL",,0.0,,0.0,[]
base,replay_base_2023-02-28,2023-02-28,research_pool,union_superset_approx,core_ai,632,57,57,10,"AVGO,ANET,KLAC,LRCX,NXPI,DIS,CAT,AMAT,ON,NOW",,0.0,,0.0,[]
base,replay_base_2023-03-31,2023-03-31,low_value,union_superset_approx,ai_enabler,632,42,13,10,"KLAC,LRCX,ON,ANET,MSFT,AMAT,ORCL,PWR,TXN,META",min_dollar_volume,0.4003,min_range_position_52w,0.0031645569620253164,"[{""count"": 2, ""layer"": ""valuation_hard"", ""pct"": 0.0031645569620253164, ""reason"": ""min_range_position_52w""}, {""count"": 1, ""layer"": ""valuation_hard"", ""pct"": 0.0015822784810126582, ""reason"": ""min_return_20d""}, {""count"": 1, ""layer"": ""valuation_hard"", ""pct"": 0.0015822784810126582, ""reason"": ""min_drawdown_percentile""}, {""count"": 1, ""layer"": ""quality_or_theme_hard"", ""pct"": 0.0015822784810126582, ""reason"": ""min_ocf_to_net_income""}, {""count"": 1, ""layer"": ""valuation_hard"", ""pct"": 0.0015822784810126582, ""reason"": ""max_pe_hist_percentile""}]"
base,replay_base_2023-03-31,2023-03-31,low_value,union_superset_approx,ai_peripheral,632,11,2,2,"PWR,EQIX",min_dollar_volume,0.4003,channel_bucket_match,0.004746835443037975,"[{""count"": 3, ""layer"": ""base_hard"", ""pct"": 0.004746835443037975, ""reason"": ""channel_bucket_match""}, {""count"": 2, ""layer"": ""valuation_hard"", ""pct"": 0.0031645569620253164, ""reason"": ""min_range_position_52w""}, {""count"": 1, ""layer"": ""valuation_hard"", ""pct"": 0.0015822784810126582, ""reason"": ""min_return_20d""}]"
base,replay_base_2023-03-31,2023-03-31,low_value,union_superset_approx,core_ai,632,23,9,9,"LRCX,ANET,MSFT,ON,ORCL,TXN,ADI,META,AAPL",min_dollar_volume,0.4003,min_range_position_52w,0.0015822784810126582,"[{""count"": 1, ""layer"": ""valuation_hard"", ""pct"": 0.0015822784810126582, ""reason"": ""min_range_position_52w""}, {""count"": 1, ""layer"": ""quality_or_theme_hard"", ""pct"": 0.0015822784810126582, ""reason"": ""min_ocf_to_net_income""}]"
base,replay_base_2023-03-31,2023-03-31,industry_trend,union_superset_approx,ai_enabler,632,264,77,10,"MSFT,CSCO,AVGO,ANET,GOOGL,LRCX,NFLX,KLAC,GOOG,NVDA",min_dollar_volume,0.4003,min_ai_link_score,0.00949367088607595,"[{""count"": 6, ""layer"": ""quality_or_theme_hard"", ""pct"": 0.00949367088607595, ""reason"": ""min_ai_link_score""}, {""count"": 3, ""layer"": ""quality_or_theme_hard"", ""pct"": 0.004746835443037975, ""reason"": ""min_net_income_yoy""}, {""count"": 3, ""layer"": ""base_hard"", ""pct"": 0.004746835443037975, ""reason"": ""trend_min_avg_dollar_volume_20d""}, {""count"": 2, ""layer"": ""valuation_hard"", ""pct"": 0.0031645569620253164, ""reason"": ""trend_min_return_60d""}, {""count"": 2, ""layer"": ""quality_or_theme_hard"", ""pct"": 0.0031645569620253164, ""reason"": ""min_ocf_to_net_income""}]"
base,replay_base_2023-03-31,2023-03-31,industry_trend,union_superset_approx,ai_peripheral,632,131,63,10,"ETN,DE,LMT,UPS,ACN,BA,CSX,RTX,PWR,SRE",min_dollar_volume,0.4003,channel_bucket_match,0.011075949367088608,"[{""count"": 7, ""layer"": ""base_hard"", ""pct"": 0.011075949367088608, ""reason"": ""channel_bucket_match""}, {""count"": 3, ""layer"": ""quality_or_theme_hard"", ""pct"": 0.004746835443037975, ""reason"": ""min_ai_link_score""}, {""count"": 2, ""layer"": ""quality_or_theme_hard"", ""pct"": 0.0031645569620253164, ""reason"": ""min_net_income_yoy""}, {""count"": 2, ""layer"": ""valuation_hard"", ""pct"": 0.0031645569620253164, ""reason"": ""trend_min_return_60d""}, {""count"": 1, ""layer"": ""quality_or_theme_hard"", ""pct"": 0.0015822784810126582, ""reason"": ""min_revenue_yoy""}]"
base,replay_base_2023-03-31,2023-03-31,industry_trend,union_superset_approx,core_ai,632,86,23,10,"MSFT,GOOGL,AVGO,ANET,CSCO,NVDA,LRCX,NFLX,META,KLAC",min_dollar_volume,0.4003,min_net_income_yoy,0.0031645569620253164,"[{""count"": 2, ""layer"": ""quality_or_theme_hard"", ""pct"": 0.0031645569620253164, ""reason"": ""min_net_income_yoy""}, {""count"": 2, ""layer"": ""valuation_hard"", ""pct"": 0.0031645569620253164, ""reason"": ""trend_min_return_60d""}, {""count"": 2, ""layer"": ""quality_or_theme_hard"", ""pct"": 0.0031645569620253164, ""reason"": ""min_ocf_to_net_income""}, {""count"": 1, ""layer"": ""valuation_hard"", ""pct"": 0.0015822784810126582, ""reason"": ""max_ps_percentile_in_sic""}, {""count"": 1, ""layer"": ""quality_or_theme_hard"", ""pct"": 0.0015822784810126582, ""reason"": ""max_receivables_growth_gap""}]"
base,replay_base_2023-03-31,2023-03-31,momentum,union_superset_approx,ai_enabler,632,264,77,10,"MSFT,ANET,GOOGL,NFLX,LRCX,CSCO,GOOG,NVDA,KLAC,AVGO",min_dollar_volume,0.4003,momentum_min_return_60d,0.006329113924050633,"[{""count"": 4, ""layer"": ""valuation_hard"", ""pct"": 0.006329113924050633, ""reason"": ""momentum_min_return_60d""}, {""count"": 2, ""layer"": ""quality_or_theme_hard"", ""pct"": 0.0031645569620253164, ""reason"": ""min_net_income_yoy""}, {""count"": 2, ""layer"": ""valuation_hard"", ""pct"": 0.0031645569620253164, ""reason"": ""momentum_min_return_20d""}, {""count"": 2, ""layer"": ""quality_or_theme_hard"", ""pct"": 0.0031645569620253164, ""reason"": ""min_ocf_to_net_income""}, {""count"": 1, ""layer"": ""quality_or_theme_hard"", ""pct"": 0.0015822784810126582, ""reason"": ""max_ev_to_ebit""}]"
base,replay_base_2023-03-31,2023-03-31,momentum,union_superset_approx,ai_peripheral,632,131,63,10,"UPS,PWR,ACN,SO,CCI,WM,EMR,SRE,LMT,AMT",min_dollar_volume,0.4003,momentum_min_return_60d,0.0031645569620253164,"[{""count"": 2, ""layer"": ""valuation_hard"", ""pct"": 0.0031645569620253164, ""reason"": ""momentum_min_return_60d""}, {""count"": 2, ""layer"": ""base_hard"", ""pct"": 0.0031645569620253164, ""reason"": ""channel_bucket_match""}, {""count"": 1, ""layer"": ""valuation_hard"", ""pct"": 0.0015822784810126582, ""reason"": ""momentum_min_return_20d""}, {""count"": 1, ""layer"": ""quality_or_theme_hard"", ""pct"": 0.0015822784810126582, ""reason"": ""min_ai_link_score""}]"
base,replay_base_2023-03-31,2023-03-31,momentum,union_superset_approx,core_ai,632,86,23,10,"MSFT,ANET,NVDA,GOOGL,META,INTC,CSCO,NFLX,LRCX,AVGO",min_dollar_volume,0.4003,min_net_income_yoy,0.0031645569620253164,"[{""count"": 2, ""layer"": ""quality_or_theme_hard"", ""pct"": 0.0031645569620253164, ""reason"": ""min_net_income_yoy""}, {""count"": 2, ""layer"": ""valuation_hard"", ""pct"": 0.0031645569620253164, ""reason"": ""momentum_min_return_60d""}, {""count"": 2, ""layer"": ""quality_or_theme_hard"", ""pct"": 0.0031645569620253164, ""reason"": ""min_ocf_to_net_income""}, {""count"": 1, ""layer"": ""valuation_hard"", ""pct"": 0.0015822784810126582, ""reason"": ""momentum_min_return_20d""}, {""count"": 1, ""layer"": ""quality_or_theme_hard"", ""pct"": 0.0015822784810126582, ""reason"": ""max_receivables_growth_gap""}]"
base,replay_base_2023-03-31,2023-03-31,research_pool,union_superset_approx,ai_enabler,632,85,85,10,"CSX,RTX,EME,ACN,STLD,NUE,TT,QLYS,UNP,EQIX",,0.0,,0.0,[]
base,replay_base_2023-03-31,2023-03-31,research_pool,union_superset_approx,ai_peripheral,632,82,82,10,"DVN,MATX,ALB,UFPI,HII,CF,EOG,EXLS,MOS,MPC",,0.0,,0.0,[]
base,replay_base_2023-03-31,2023-03-31,research_pool,union_superset_approx,core_ai,632,52,52,10,"ANET,AVGO,LRCX,QCOM,KLAC,NXPI,ORCL,CAT,DIS,NOW",,0.0,,0.0,[]
base,replay_base_2023-04-28,2023-04-28,low_value,union_superset_approx,ai_enabler,631,29,3,3,"ORCL,MSFT,META",min_dollar_volume,0.4247,,0.0,[]
base,replay_base_2023-04-28,2023-04-28,low_value,union_superset_approx,ai_peripheral,631,19,0,0,,min_dollar_volume,0.4247,min_return_60d,0.001584786053882726,"[{""count"": 1, ""layer"": ""valuation_hard"", ""pct"": 0.001584786053882726, ""reason"": ""min_return_60d""}]"
base,replay_base_2023-04-28,2023-04-28,low_value,union_superset_approx,core_ai,631,8,3,3,"ORCL,MSFT,META",min_dollar_volume,0.4247,,0.0,[]
base,replay_base_2023-04-28,2023-04-28,industry_trend,union_superset_approx,ai_enabler,631,245,75,10,"AVGO,MSFT,GOOGL,LRCX,NOW,CSX,ANET,NVDA,CAT,KLAC",min_dollar_volume,0.4247,trend_min_return_60d,0.009508716323296355,"[{""count"": 6, ""layer"": ""valuation_hard"", ""pct"": 0.009508716323296355, ""reason"": ""trend_min_return_60d""}, {""count"": 3, ""layer"": ""base_hard"", ""pct"": 0.004754358161648178, ""reason"": ""trend_min_avg_dollar_volume_20d""}, {""count"": 2, ""layer"": ""quality_or_theme_hard"", ""pct"": 0.003169572107765452, ""reason"": ""min_ai_link_score""}, {""count"": 1, ""layer"": ""quality_or_theme_hard"", ""pct"": 0.001584786053882726, ""reason"": ""max_ev_to_ebit""}, {""count"": 1, ""layer"": ""quality_or_theme_hard"", ""pct"": 0.001584786053882726, ""reason"": ""min_ocf_to_net_income""}]"
base,replay_base_2023-04-28,2023-04-28,industry_trend,union_superset_approx,ai_peripheral,631,119,64,10,"CSX,CAT,ETN,SRE,LMT,DE,SHW,UNP,GD,EQIX",min_dollar_volume,0.4247,trend_min_return_60d,0.009508716323296355,"[{""count"": 6, ""layer"": ""valuation_hard"", ""pct"": 0.009508716323296355, ""reason"": ""trend_min_return_60d""}, {""count"": 6, ""layer"": ""base_hard"", ""pct"": 0.009508716323296355, ""reason"": ""channel_bucket_match""}, {""count"": 3, ""layer"": ""base_hard"", ""pct"": 0.004754358161648178, ""reason"": ""trend_min_avg_dollar_volume_20d""}, {""count"": 3, ""layer"": ""quality_or_theme_hard"", ""pct"": 0.004754358161648178, ""reason"": ""min_ai_link_score""}, {""count"": 2, ""layer"": ""quality_or_theme_hard"", ""pct"": 0.003169572107765452, ""reason"": ""min_current_ratio""}]"
base,replay_base_2023-04-28,2023-04-28,industry_trend,union_superset_approx,core_ai,631,88,23,10,"AVGO,MSFT,GOOGL,NVDA,LRCX,NOW,CAT,AAPL,KLAC,NFLX",min_dollar_volume,0.4247,trend_min_return_60d,0.006339144215530904,"[{""count"": 4, ""layer"": ""valuation_hard"", ""pct"": 0.006339144215530904, ""reason"": ""trend_min_return_60d""}, {""count"": 1, ""layer"": ""quality_or_theme_hard"", ""pct"": 0.001584786053882726, ""reason"": ""min_ai_link_score""}]"
base,replay_base_2023-04-28,2023-04-28,momentum,union_superset_approx,ai_enabler,631,245,75,10,"MSFT,GOOGL,META,CSX,AVGO,SRE,PWR,LRCX,AAPL,NVDA",min_dollar_volume,0.4247,,0.0,[]
base,replay_base_2023-04-28,2023-04-28,momentum,union_superset_approx,ai_peripheral,631,119,64,10,"CSX,SRE,SHW,PWR,RTX,VMC,SO,CAT,ETN,EQIX",min_dollar_volume,0.4247,momentum_min_return_60d,0.004754358161648178,"[{""count"": 3, ""layer"": ""valuation_hard"", ""pct"": 0.004754358161648178, ""reason"": ""momentum_min_return_60d""}]"
base,replay_base_2023-04-28,2023-04-28,momentum,union_superset_approx,core_ai,631,88,23,10,"MSFT,GOOGL,AVGO,ORCL,NVDA,LRCX,AAPL,KLAC,ANET,AMZN",min_dollar_volume,0.4247,,0.0,[]
base,replay_base_2023-04-28,2023-04-28,research_pool,union_superset_approx,ai_enabler,631,82,82,10,"TRGP,EME,CSX,RTX,ACN,MLM,NUE,TT,UNP,GD",,0.0,,0.0,[]
base,replay_base_2023-04-28,2023-04-28,research_pool,union_superset_approx,ai_peripheral,631,86,86,10,"HII,MOS,MPC,KEYS,ALB,EXLS,DVN,BLDR,ODFL,UFPI",,0.0,,0.0,[]
base,replay_base_2023-04-28,2023-04-28,research_pool,union_superset_approx,core_ai,631,53,53,10,"AVGO,ANET,LRCX,KLAC,CAT,ORCL,DIS,RKLB,NOW,ADI",,0.0,,0.0,[]
base,replay_base_2023-05-31,2023-05-31,low_value,union_superset_approx,ai_enabler,632,54,14,10,"AVGO,KLAC,LRCX,ANET,ON,AMAT,NOW,MSFT,ORCL,PWR",min_dollar_volume,0.3797,min_drawdown_percentile,0.004746835443037975,"[{""count"": 3, ""layer"": ""valuation_hard"", ""pct"": 0.004746835443037975, ""reason"": ""min_drawdown_percentile""}, {""count"": 2, ""layer"": ""valuation_hard"", ""pct"": 0.0031645569620253164, ""reason"": ""min_return_60d""}, {""count"": 1, ""layer"": ""valuation_hard"", ""pct"": 0.0015822784810126582, ""reason"": ""max_price_to_sma200""}]"
base,replay_base_2023-05-31,2023-05-31,low_value,union_superset_approx,ai_peripheral,632,9,5,5,"ACN,VMC,MLM,PWR,EQIX",min_dollar_volume,0.3797,channel_bucket_match,0.0015822784810126582,"[{""count"": 1, ""layer"": ""base_hard"", ""pct"": 0.0015822784810126582, ""reason"": ""channel_bucket_match""}]"
base,replay_base_2023-05-31,2023-05-31,low_value,union_superset_approx,core_ai,632,39,10,10,"AVGO,KLAC,LRCX,ANET,AMAT,ON,NOW,MSFT,ORCL,AAPL",min_dollar_volume,0.3797,max_price_to_sma200,0.0015822784810126582,"[{""count"": 1, ""layer"": ""valuation_hard"", ""pct"": 0.0015822784810126582, ""reason"": ""max_price_to_sma200""}, {""count"": 1, ""layer"": ""valuation_hard"", ""pct"": 0.0015822784810126582, ""reason"": ""min_drawdown_percentile""}]"
base,replay_base_2023-05-31,2023-05-31,industry_trend,union_superset_approx,ai_enabler,632,256,74,10,"AVGO,LRCX,ANET,NFLX,AMAT,KLAC,TSLA,CSCO,NOW,MSFT",min_dollar_volume,0.3797,min_ai_link_score,0.006329113924050633,"[{""count"": 4, ""layer"": ""quality_or_theme_hard"", ""pct"": 0.006329113924050633, ""reason"": ""min_ai_link_score""}, {""count"": 3, ""layer"": ""valuation_hard"", ""pct"": 0.004746835443037975, ""reason"": ""trend_min_return_60d""}, {""count"": 2, ""layer"": ""base_hard"", ""pct"": 0.0031645569620253164, ""reason"": ""trend_min_avg_dollar_volume_20d""}, {""count"": 2, ""layer"": ""valuation_hard"", ""pct"": 0.0031645569620253164, ""reason"": ""max_ps_hist_percentile""}, {""count"": 1, ""layer"": ""valuation_hard"", ""pct"": 0.0015822784810126582, ""reason"": ""max_ps_percentile_in_sic""}]"
base,replay_base_2023-05-31,2023-05-31,industry_trend,union_superset_approx,ai_peripheral,632,123,61,10,"ETN,ACN,PWR,EQIX,VMC,CSX,UNP,UBER,CAT,JCI",min_dollar_volume,0.3797,trend_min_return_60d,0.011075949367088608,"[{""count"": 7, ""layer"": ""valuation_hard"", ""pct"": 0.011075949367088608, ""reason"": ""trend_min_return_60d""}, {""count"": 7, ""layer"": ""base_hard"", ""pct"": 0.011075949367088608, ""reason"": ""channel_bucket_match""}, {""count"": 2, ""layer"": ""quality_or_theme_hard"", ""pct"": 0.0031645569620253164, ""reason"": ""min_ai_link_score""}, {""count"": 1, ""layer"": ""quality_or_theme_hard"", ""pct"": 0.0015822784810126582, ""reason"": ""min_current_ratio""}, {""count"": 1, ""layer"": ""valuation_hard"", ""pct"": 0.0015822784810126582, ""reason"": ""max_ps_hist_percentile""}]"
base,replay_base_2023-05-31,2023-05-31,industry_trend,union_superset_approx,core_ai,632,90,24,10,"AVGO,LRCX,ANET,MSFT,TSLA,NFLX,NVDA,CSCO,AMAT,KLAC",min_dollar_volume,0.3797,max_ps_percentile_in_sic,0.0015822784810126582,"[{""count"": 1, ""layer"": ""valuation_hard"", ""pct"": 0.0015822784810126582, ""reason"": ""max_ps_percentile_in_sic""}, {""count"": 1, ""layer"": ""base_hard"", ""pct"": 0.0015822784810126582, ""reason"": ""trend_min_avg_dollar_volume_20d""}, {""count"": 1, ""layer"": ""quality_or_theme_hard"", ""pct"": 0.0015822784810126582, ""reason"": ""min_ocf_to_net_income""}]"
base,replay_base_2023-05-31,2023-05-31,momentum,union_superset_approx,ai_enabler,632,256,74,10,"AVGO,ANET,NFLX,LRCX,TSLA,KLAC,AMAT,NVDA,CRWD,ZS",min_dollar_volume,0.3797,momentum_min_return_60d,0.0031645569620253164,"[{""count"": 2, ""layer"": ""valuation_hard"", ""pct"": 0.0031645569620253164, ""reason"": ""momentum_min_return_60d""}, {""count"": 1, ""layer"": ""quality_or_theme_hard"", ""pct"": 0.0015822784810126582, ""reason"": ""min_ocf_to_net_income""}]"
base,replay_base_2023-05-31,2023-05-31,momentum,union_superset_approx,ai_peripheral,632,123,61,10,"VMC,PWR,ETN,ACN,UBER,EQIX,CSX,MLM,NSC,UNP",min_dollar_volume,0.3797,channel_bucket_match,0.006329113924050633,"[{""count"": 4, ""layer"": ""base_hard"", ""pct"": 0.006329113924050633, ""reason"": ""channel_bucket_match""}, {""count"": 1, ""layer"": ""valuation_hard"", ""pct"": 0.0015822784810126582, ""reason"": ""momentum_min_return_60d""}]"
base,replay_base_2023-05-31,2023-05-31,momentum,union_superset_approx,core_ai,632,90,24,10,"AVGO,NVDA,ANET,TSLA,NFLX,ZS,LRCX,SMCI,KLAC,CRWD",min_dollar_volume,0.3797,momentum_min_return_60d,0.0015822784810126582,"[{""count"": 1, ""layer"": ""valuation_hard"", ""pct"": 0.0015822784810126582, ""reason"": ""momentum_min_return_60d""}, {""count"": 1, ""layer"": ""base_hard"", ""pct"": 0.0015822784810126582, ""reason"": ""momentum_min_avg_dollar_volume_20d""}, {""count"": 1, ""layer"": ""quality_or_theme_hard"", ""pct"": 0.0015822784810126582, ""reason"": ""min_ocf_to_net_income""}]"
base,replay_base_2023-05-31,2023-05-31,research_pool,union_superset_approx,ai_enabler,632,82,82,10,"CSX,JCI,EME,ACN,MLM,UNP,ETN,GD,AKAM,EQIX",,0.0,,0.0,[]
base,replay_base_2023-05-31,2023-05-31,research_pool,union_superset_approx,ai_peripheral,632,80,80,10,"HII,CVCO,EXLS,MPC,MOS,CW,CF,GPK,IBP,ITW",,0.0,,0.0,[]
base,replay_base_2023-05-31,2023-05-31,research_pool,union_superset_approx,core_ai,632,54,54,10,"AVGO,ANET,LRCX,KLAC,CAT,NOW,RKLB,MCHP,TSLA,ORCL",,0.0,,0.0,[]
base,replay_base_2023-06-30,2023-06-30,low_value,union_superset_approx,ai_enabler,633,101,20,10,"AVGO,KLAC,LRCX,NOW,AMAT,ORCL,CAT,NXPI,CSX,NUE",min_dollar_volume,0.4455,min_drawdown_percentile,0.00315955766192733,"[{""count"": 2, ""layer"": ""valuation_hard"", ""pct"": 0.00315955766192733, ""reason"": ""min_drawdown_percentile""}, {""count"": 2, ""layer"": ""valuation_hard"", ""pct"": 0.00315955766192733, ""reason"": ""min_value_discount_any""}, {""count"": 1, ""layer"": ""quality_or_theme_hard"", ""pct"": 0.001579778830963665, ""reason"": ""max_ev_to_ebit""}, {""count"": 1, ""layer"": ""valuation_hard"", ""pct"": 0.001579778830963665, ""reason"": ""max_price_to_sma200""}, {""count"": 1, ""layer"": ""valuation_hard"", ""pct"": 0.001579778830963665, ""reason"": ""min_return_20d""}]"
base,replay_base_2023-06-30,2023-06-30,low_value,union_superset_approx,ai_peripheral,633,50,10,10,"CAT,CSX,NUE,JCI,ETN,PH,VMC,PWR,TT,EQIX",min_dollar_volume,0.4455,channel_bucket_match,0.00631911532385466,"[{""count"": 4, ""layer"": ""base_hard"", ""pct"": 0.00631911532385466, ""reason"": ""channel_bucket_match""}, {""count"": 1, ""layer"": ""valuation_hard"", ""pct"": 0.001579778830963665, ""reason"": ""min_return_20d""}, {""count"": 1, ""layer"": ""valuation_hard"", ""pct"": 0.001579778830963665, ""reason"": ""min_return_60d""}, {""count"": 1, ""layer"": ""base_hard"", ""pct"": 0.001579778830963665, ""reason"": ""min_avg_dollar_volume_20d""}, {""count"": 1, ""layer"": ""valuation_hard"", ""pct"": 0.001579778830963665, ""reason"": ""min_value_discount_any""}]"
base,replay_base_2023-06-30,2023-06-30,low_value,union_superset_approx,core_ai,633,35,13,10,"AVGO,KLAC,LRCX,ORCL,AMAT,NOW,CAT,ON,TSLA,META",min_dollar_volume,0.4455,max_price_to_sma200,0.001579778830963665,"[{""count"": 1, ""layer"": ""valuation_hard"", ""pct"": 0.001579778830963665, ""reason"": ""max_price_to_sma200""}, {""count"": 1, ""layer"": ""valuation_hard"", ""pct"": 0.001579778830963665, ""reason"": ""min_value_discount_any""}]"
base,replay_base_2023-06-30,2023-06-30,industry_trend,union_superset_approx,ai_enabler,633,253,77,10,"AVGO,TSLA,ORCL,CAT,DE,ETN,AMAT,NFLX,KLAC,PH",min_dollar_volume,0.4455,trend_min_return_60d,0.004739336492890996,"[{""count"": 3, ""layer"": ""valuation_hard"", ""pct"": 0.004739336492890996, ""reason"": ""trend_min_return_60d""}, {""count"": 3, ""layer"": ""base_hard"", ""pct"": 0.004739336492890996, ""reason"": ""trend_min_avg_dollar_volume_20d""}, {""count"": 3, ""layer"": ""quality_or_theme_hard"", ""pct"": 0.004739336492890996, ""reason"": ""min_ai_link_score""}, {""count"": 2, ""layer"": ""quality_or_theme_hard"", ""pct"": 0.00315955766192733, ""reason"": ""min_ocf_to_net_income""}, {""count"": 2, ""layer"": ""valuation_hard"", ""pct"": 0.00315955766192733, ""reason"": ""max_ps_hist_percentile""}]"
base,replay_base_2023-06-30,2023-06-30,industry_trend,union_superset_approx,ai_peripheral,633,120,62,10,"DE,CAT,ETN,PH,CSX,EMR,PWR,NUE,UPS,SHW",min_dollar_volume,0.4455,channel_bucket_match,0.01263823064770932,"[{""count"": 8, ""layer"": ""base_hard"", ""pct"": 0.01263823064770932, ""reason"": ""channel_bucket_match""}, {""count"": 3, ""layer"": ""base_hard"", ""pct"": 0.004739336492890996, ""reason"": ""trend_min_avg_dollar_volume_20d""}, {""count"": 3, ""layer"": ""quality_or_theme_hard"", ""pct"": 0.004739336492890996, ""reason"": ""min_current_ratio""}, {""count"": 2, ""layer"": ""valuation_hard"", ""pct"": 0.00315955766192733, ""reason"": ""max_ps_hist_percentile""}, {""count"": 2, ""layer"": ""quality_or_theme_hard"", ""pct"": 0.00315955766192733, ""reason"": ""min_ai_link_score""}]"
base,replay_base_2023-06-30,2023-06-30,industry_trend,union_superset_approx,core_ai,633,90,25,10,"AVGO,ORCL,TSLA,CAT,DE,NFLX,MSFT,CSCO,AMAT,KLAC",min_dollar_volume,0.4455,trend_min_avg_dollar_volume_20d,0.00315955766192733,"[{""count"": 2, ""layer"": ""base_hard"", ""pct"": 0.00315955766192733, ""reason"": ""trend_min_avg_dollar_volume_20d""}, {""count"": 1, ""layer"": ""valuation_hard"", ""pct"": 0.001579778830963665, ""reason"": ""max_ps_percentile_in_sic""}, {""count"": 1, ""layer"": ""quality_or_theme_hard"", ""pct"": 0.001579778830963665, ""reason"": ""min_ocf_to_net_income""}, {""count"": 1, ""layer"": ""quality_or_theme_hard"", ""pct"": 0.001579778830963665, ""reason"": ""min_ai_link_score""}]"
base,replay_base_2023-06-30,2023-06-30,momentum,union_superset_approx,ai_enabler,633,253,77,10,"TSLA,CAT,AVGO,ORCL,DE,ETN,NUE,MCHP,PH,PWR",min_dollar_volume,0.4455,momentum_min_return_60d,0.00631911532385466,"[{""count"": 4, ""layer"": ""valuation_hard"", ""pct"": 0.00631911532385466, ""reason"": ""momentum_min_return_60d""}, {""count"": 2, ""layer"": ""valuation_hard"", ""pct"": 0.00315955766192733, ""reason"": ""max_ps_hist_percentile""}, {""count"": 1, ""layer"": ""quality_or_theme_hard"", ""pct"": 0.001579778830963665, ""reason"": ""max_ev_to_ebit""}, {""count"": 1, ""layer"": ""base_hard"", ""pct"": 0.001579778830963665, ""reason"": ""momentum_min_avg_dollar_volume_20d""}]"
base,replay_base_2023-06-30,2023-06-30,momentum,union_superset_approx,ai_peripheral,633,120,62,10,"CAT,DE,ETN,NUE,PH,EMR,STLD,PWR,CSX,VMC",min_dollar_volume,0.4455,momentum_min_return_60d,0.00631911532385466,"[{""count"": 4, ""layer"": ""valuation_hard"", ""pct"": 0.00631911532385466, ""reason"": ""momentum_min_return_60d""}, {""count"": 4, ""layer"": ""base_hard"", ""pct"": 0.00631911532385466, ""reason"": ""channel_bucket_match""}, {""count"": 2, ""layer"": ""quality_or_theme_hard"", ""pct"": 0.00315955766192733, ""reason"": ""min_current_ratio""}, {""count"": 2, ""layer"": ""valuation_hard"", ""pct"": 0.00315955766192733, ""reason"": ""max_ps_hist_percentile""}]"
base,replay_base_2023-06-30,2023-06-30,momentum,union_superset_approx,core_ai,633,90,25,10,"AVGO,ORCL,TSLA,CAT,DE,MCHP,NFLX,KLAC,CSCO,AMAT",min_dollar_volume,0.4455,momentum_min_avg_dollar_volume_20d,0.00315955766192733,"[{""count"": 2, ""layer"": ""base_hard"", ""pct"": 0.00315955766192733, ""reason"": ""momentum_min_avg_dollar_volume_20d""}]"
base,replay_base_2023-06-30,2023-06-30,research_pool,union_superset_approx,ai_enabler,633,91,91,10,"EME,ATI,JCI,RTX,CSX,UNP,ACN,NUE,TT,ETN",,0.0,,0.0,[]
base,replay_base_2023-06-30,2023-06-30,research_pool,union_superset_approx,ai_peripheral,633,85,85,10,"HII,IESC,EXLS,MPC,ODFL,MOS,VLO,DAL,DVN,LYFT",,0.0,,0.0,[]
base,replay_base_2023-06-30,2023-06-30,research_pool,union_superset_approx,core_ai,633,56,56,10,"AVGO,ANET,KLAC,LRCX,CAT,NXPI,DIS,NOW,ON,TSLA",,0.0,,0.0,[]
base,replay_base_2023-07-31,2023-07-31,low_value,union_superset_approx,ai_enabler,633,116,18,10,"AVGO,NOW,KLAC,LRCX,AMAT,UNP,CAT,TSLA,NUE,JCI",min_dollar_volume,0.4186,min_return_20d,0.00315955766192733,"[{""count"": 2, ""layer"": ""valuation_hard"", ""pct"": 0.00315955766192733, ""reason"": ""min_return_20d""}, {""count"": 2, ""layer"": ""valuation_hard"", ""pct"": 0.00315955766192733, ""reason"": ""min_drawdown_percentile""}, {""count"": 2, ""layer"": ""quality_or_theme_hard"", ""pct"": 0.00315955766192733, ""reason"": ""min_ai_link_score""}, {""count"": 1, ""layer"": ""quality_or_theme_hard"", ""pct"": 0.001579778830963665, ""reason"": ""max_ev_to_ebit""}, {""count"": 1, ""layer"": ""valuation_hard"", ""pct"": 0.001579778830963665, ""reason"": ""min_value_discount_any""}]"
base,replay_base_2023-07-31,2023-07-31,low_value,union_superset_approx,ai_peripheral,633,50,9,9,"CAT,NUE,UNP,JCI,ETN,PH,PWR,TT,EQIX",min_dollar_volume,0.4186,min_ai_link_score,0.00315955766192733,"[{""count"": 2, ""layer"": ""quality_or_theme_hard"", ""pct"": 0.00315955766192733, ""reason"": ""min_ai_link_score""}, {""count"": 1, ""layer"": ""valuation_hard"", ""pct"": 0.001579778830963665, ""reason"": ""min_range_position_52w""}, {""count"": 1, ""layer"": ""valuation_hard"", ""pct"": 0.001579778830963665, ""reason"": ""min_return_20d""}, {""count"": 1, ""layer"": ""quality_or_theme_hard"", ""pct"": 0.001579778830963665, ""reason"": ""min_current_ratio""}, {""count"": 1, ""layer"": ""quality_or_theme_hard"", ""pct"": 0.001579778830963665, ""reason"": ""min_ocf_to_net_income""}]"
base,replay_base_2023-07-31,2023-07-31,low_value,union_superset_approx,core_ai,633,44,9,9,"AVGO,LRCX,KLAC,NOW,CAT,AMAT,GOOGL,ON,GOOG",min_dollar_volume,0.4186,max_ev_to_ebit,0.001579778830963665,"[{""count"": 1, ""layer"": ""quality_or_theme_hard"", ""pct"": 0.001579778830963665, ""reason"": ""max_ev_to_ebit""}, {""count"": 1, ""layer"": ""valuation_hard"", ""pct"": 0.001579778830963665, ""reason"": ""min_return_20d""}]"
base,replay_base_2023-07-31,2023-07-31,industry_trend,union_superset_approx,ai_enabler,633,247,78,10,"UNP,LRCX,AVGO,GOOGL,ON,KLAC,CAT,CRM,QCOM,ABNB",min_dollar_volume,0.4186,min_ai_link_score,0.007898894154818325,"[{""count"": 5, ""layer"": ""quality_or_theme_hard"", ""pct"": 0.007898894154818325, ""reason"": ""min_ai_link_score""}, {""count"": 3, ""layer"": ""base_hard"", ""pct"": 0.004739336492890996, ""reason"": ""trend_min_avg_dollar_volume_20d""}, {""count"": 3, ""layer"": ""valuation_hard"", ""pct"": 0.004739336492890996, ""reason"": ""max_ps_hist_percentile""}, {""count"": 2, ""layer"": ""quality_or_theme_hard"", ""pct"": 0.00315955766192733, ""reason"": ""min_net_income_yoy""}, {""count"": 2, ""layer"": ""quality_or_theme_hard"", ""pct"": 0.00315955766192733, ""reason"": ""max_ev_to_ebit""}]"
base,replay_base_2023-07-31,2023-07-31,industry_trend,union_superset_approx,ai_peripheral,633,117,62,10,"UNP,CAT,DE,UBER,BA,ETN,PH,PYPL,CSX,GD",min_dollar_volume,0.4186,channel_bucket_match,0.009478672985781991,"[{""count"": 6, ""layer"": ""base_hard"", ""pct"": 0.009478672985781991, ""reason"": ""channel_bucket_match""}, {""count"": 5, ""layer"": ""quality_or_theme_hard"", ""pct"": 0.007898894154818325, ""reason"": ""min_ai_link_score""}, {""count"": 3, ""layer"": ""valuation_hard"", ""pct"": 0.004739336492890996, ""reason"": ""max_ps_hist_percentile""}, {""count"": 2, ""layer"": ""quality_or_theme_hard"", ""pct"": 0.00315955766192733, ""reason"": ""min_net_income_yoy""}, {""count"": 1, ""layer"": ""quality_or_theme_hard"", ""pct"": 0.001579778830963665, ""reason"": ""min_fcf_yield""}]"
base,replay_base_2023-07-31,2023-07-31,industry_trend,union_superset_approx,core_ai,633,91,26,10,"GOOGL,AVGO,LRCX,KLAC,CAT,ON,CRM,MSFT,CSCO,NVDA",min_dollar_volume,0.4186,max_ev_to_ebit,0.001579778830963665,"[{""count"": 1, ""layer"": ""quality_or_theme_hard"", ""pct"": 0.001579778830963665, ""reason"": ""max_ev_to_ebit""}, {""count"": 1, ""layer"": ""valuation_hard"", ""pct"": 0.001579778830963665, ""reason"": ""max_ps_percentile_in_sic""}, {""count"": 1, ""layer"": ""quality_or_theme_hard"", ""pct"": 0.001579778830963665, ""reason"": ""min_ocf_to_net_income""}, {""count"": 1, ""layer"": ""valuation_hard"", ""pct"": 0.001579778830963665, ""reason"": ""max_ps_hist_percentile""}, {""count"": 1, ""layer"": ""valuation_hard"", ""pct"": 0.001579778830963665, ""reason"": ""max_pe_hist_percentile""}]"
base,replay_base_2023-07-31,2023-07-31,momentum,union_superset_approx,ai_enabler,633,247,78,10,"UNP,LRCX,GOOGL,ABNB,ON,QCOM,AVGO,CAT,KLAC,SMCI",min_dollar_volume,0.4186,min_ai_link_score,0.007898894154818325,"[{""count"": 5, ""layer"": ""quality_or_theme_hard"", ""pct"": 0.007898894154818325, ""reason"": ""min_ai_link_score""}, {""count"": 2, ""layer"": ""quality_or_theme_hard"", ""pct"": 0.00315955766192733, ""reason"": ""max_ev_to_ebit""}, {""count"": 2, ""layer"": ""valuation_hard"", ""pct"": 0.00315955766192733, ""reason"": ""momentum_min_return_60d""}, {""count"": 2, ""layer"": ""valuation_hard"", ""pct"": 0.00315955766192733, ""reason"": ""max_ps_hist_percentile""}, {""count"": 1, ""layer"": ""valuation_hard"", ""pct"": 0.001579778830963665, ""reason"": ""momentum_min_return_20d""}]"
base,replay_base_2023-07-31,2023-07-31,momentum,union_superset_approx,ai_peripheral,633,117,62,10,"UNP,CAT,UBER,DE,BA,PYPL,FCX,MPC,NUE,ETN",min_dollar_volume,0.4186,channel_bucket_match,0.00631911532385466,"[{""count"": 4, ""layer"": ""base_hard"", ""pct"": 0.00631911532385466, ""reason"": ""channel_bucket_match""}, {""count"": 3, ""layer"": ""quality_or_theme_hard"", ""pct"": 0.004739336492890996, ""reason"": ""min_ai_link_score""}, {""count"": 1, ""layer"": ""valuation_hard"", ""pct"": 0.001579778830963665, ""reason"": ""momentum_min_return_60d""}, {""count"": 1, ""layer"": ""quality_or_theme_hard"", ""pct"": 0.001579778830963665, ""reason"": ""min_current_ratio""}, {""count"": 1, ""layer"": ""quality_or_theme_hard"", ""pct"": 0.001579778830963665, ""reason"": ""min_ocf_to_net_income""}]"
base,replay_base_2023-07-31,2023-07-31,momentum,union_superset_approx,core_ai,633,91,26,10,"GOOGL,LRCX,SMCI,AVGO,ON,ABNB,PLTR,CAT,QCOM,KLAC",min_dollar_volume,0.4186,max_ev_to_ebit,0.001579778830963665,"[{""count"": 1, ""layer"": ""quality_or_theme_hard"", ""pct"": 0.001579778830963665, ""reason"": ""max_ev_to_ebit""}, {""count"": 1, ""layer"": ""valuation_hard"", ""pct"": 0.001579778830963665, ""reason"": ""momentum_min_return_20d""}, {""count"": 1, ""layer"": ""base_hard"", ""pct"": 0.001579778830963665, ""reason"": ""momentum_min_avg_dollar_volume_20d""}, {""count"": 1, ""layer"": ""quality_or_theme_hard"", ""pct"": 0.001579778830963665, ""reason"": ""min_ocf_to_net_income""}, {""count"": 1, ""layer"": ""valuation_hard"", ""pct"": 0.001579778830963665, ""reason"": ""max_ps_hist_percentile""}]"
base,replay_base_2023-07-31,2023-07-31,research_pool,union_superset_approx,ai_enabler,633,89,89,10,"TRGP,EME,LMT,ATI,JCI,CSX,TT,NUE,QLYS,AKAM",,0.0,,0.0,[]
base,replay_base_2023-07-31,2023-07-31,research_pool,union_superset_approx,ai_peripheral,633,75,75,10,"HII,EXLS,EEFT,EXR,MPC,IESC,ALB,MOS,SLB,ODFL",,0.0,,0.0,[]
base,replay_base_2023-07-31,2023-07-31,research_pool,union_superset_approx,core_ai,633,51,51,10,"AVGO,ANET,LRCX,KLAC,DIS,CAT,QCOM,NOW,MCHP,TSLA",,0.0,,0.0,[]
base,replay_base_2023-08-31,2023-08-31,low_value,union_superset_approx,ai_enabler,633,49,11,10,"AVGO,NOW,NVDA,ANET,ORCL,AMAT,GOOGL,AMZN,ETN,PWR",min_dollar_volume,0.4534,min_drawdown_percentile,0.00315955766192733,"[{""count"": 2, ""layer"": ""valuation_hard"", ""pct"": 0.00315955766192733, ""reason"": ""min_drawdown_percentile""}, {""count"": 1, ""layer"": ""valuation_hard"", ""pct"": 0.001579778830963665, ""reason"": ""min_return_20d""}]"
base,replay_base_2023-08-31,2023-08-31,low_value,union_superset_approx,ai_peripheral,633,18,4,4,"ACN,ETN,PWR,EQIX",min_dollar_volume,0.4534,min_return_20d,0.001579778830963665,"[{""count"": 1, ""layer"": ""valuation_hard"", ""pct"": 0.001579778830963665, ""reason"": ""min_return_20d""}, {""count"": 1, ""layer"": ""valuation_hard"", ""pct"": 0.001579778830963665, ""reason"": ""min_drawdown_percentile""}, {""count"": 1, ""layer"": ""base_hard"", ""pct"": 0.001579778830963665, ""reason"": ""channel_bucket_match""}]"
base,replay_base_2023-08-31,2023-08-31,low_value,union_superset_approx,core_ai,633,20,8,8,"AVGO,NOW,NVDA,ANET,ORCL,AMAT,GOOGL,AMZN",min_dollar_volume,0.4534,min_drawdown_percentile,0.001579778830963665,"[{""count"": 1, ""layer"": ""valuation_hard"", ""pct"": 0.001579778830963665, ""reason"": ""min_drawdown_percentile""}]"
base,replay_base_2023-08-31,2023-08-31,industry_trend,union_superset_approx,ai_enabler,633,212,67,10,"NVDA,AVGO,CSCO,ANET,AMZN,GOOGL,CRM,MSFT,LRCX,AMAT",min_dollar_volume,0.4534,trend_min_avg_dollar_volume_20d,0.007898894154818325,"[{""count"": 5, ""layer"": ""base_hard"", ""pct"": 0.007898894154818325, ""reason"": ""trend_min_avg_dollar_volume_20d""}, {""count"": 2, ""layer"": ""quality_or_theme_hard"", ""pct"": 0.00315955766192733, ""reason"": ""min_net_income_yoy""}, {""count"": 2, ""layer"": ""valuation_hard"", ""pct"": 0.00315955766192733, ""reason"": ""trend_min_return_60d""}, {""count"": 2, ""layer"": ""valuation_hard"", ""pct"": 0.00315955766192733, ""reason"": ""max_pe_hist_percentile""}, {""count"": 2, ""layer"": ""quality_or_theme_hard"", ""pct"": 0.00315955766192733, ""reason"": ""min_ai_link_score""}]"
base,replay_base_2023-08-31,2023-08-31,industry_trend,union_superset_approx,ai_peripheral,633,104,56,10,"ETN,CAT,LMT,DE,UNP,PH,EQIX,PWR,EMR,ACN",min_dollar_volume,0.4534,channel_bucket_match,0.014218009478672985,"[{""count"": 9, ""layer"": ""base_hard"", ""pct"": 0.014218009478672985, ""reason"": ""channel_bucket_match""}, {""count"": 4, ""layer"": ""base_hard"", ""pct"": 0.00631911532385466, ""reason"": ""trend_min_avg_dollar_volume_20d""}, {""count"": 2, ""layer"": ""quality_or_theme_hard"", ""pct"": 0.00315955766192733, ""reason"": ""min_ai_link_score""}, {""count"": 1, ""layer"": ""quality_or_theme_hard"", ""pct"": 0.001579778830963665, ""reason"": ""min_net_income_yoy""}, {""count"": 1, ""layer"": ""valuation_hard"", ""pct"": 0.001579778830963665, ""reason"": ""trend_min_return_60d""}]"
base,replay_base_2023-08-31,2023-08-31,industry_trend,union_superset_approx,core_ai,633,79,22,10,"AVGO,NVDA,CSCO,AMZN,GOOGL,MSFT,CRM,ANET,LRCX,TSLA",min_dollar_volume,0.4534,trend_min_avg_dollar_volume_20d,0.004739336492890996,"[{""count"": 3, ""layer"": ""base_hard"", ""pct"": 0.004739336492890996, ""reason"": ""trend_min_avg_dollar_volume_20d""}, {""count"": 1, ""layer"": ""quality_or_theme_hard"", ""pct"": 0.001579778830963665, ""reason"": ""min_net_income_yoy""}, {""count"": 1, ""layer"": ""quality_or_theme_hard"", ""pct"": 0.001579778830963665, ""reason"": ""max_ev_to_ebit""}, {""count"": 1, ""layer"": ""valuation_hard"", ""pct"": 0.001579778830963665, ""reason"": ""max_ps_percentile_in_sic""}, {""count"": 1, ""layer"": ""valuation_hard"", ""pct"": 0.001579778830963665, ""reason"": ""max_pe_hist_percentile""}]"
base,replay_base_2023-08-31,2023-08-31,momentum,union_superset_approx,ai_enabler,633,212,67,10,"NVDA,CSCO,AVGO,AMZN,ANET,ORCL,GOOGL,ETN,CRM,AMAT",min_dollar_volume,0.4534,momentum_min_return_20d,0.007898894154818325,"[{""count"": 5, ""layer"": ""valuation_hard"", ""pct"": 0.007898894154818325, ""reason"": ""momentum_min_return_20d""}, {""count"": 1, ""layer"": ""valuation_hard"", ""pct"": 0.001579778830963665, ""reason"": ""max_pe_hist_percentile""}, {""count"": 1, ""layer"": ""quality_or_theme_hard"", ""pct"": 0.001579778830963665, ""reason"": ""min_ai_link_score""}]"
base,replay_base_2023-08-31,2023-08-31,momentum,union_superset_approx,ai_peripheral,633,104,56,10,"ETN,PWR,CAT,EMR,VRT,RTX,LMT,EQIX,CEG,DE",min_dollar_volume,0.4534,channel_bucket_match,0.00631911532385466,"[{""count"": 4, ""layer"": ""base_hard"", ""pct"": 0.00631911532385466, ""reason"": ""channel_bucket_match""}, {""count"": 3, ""layer"": ""valuation_hard"", ""pct"": 0.004739336492890996, ""reason"": ""momentum_min_return_20d""}, {""count"": 1, ""layer"": ""valuation_hard"", ""pct"": 0.001579778830963665, ""reason"": ""momentum_min_return_60d""}]"
base,replay_base_2023-08-31,2023-08-31,momentum,union_superset_approx,core_ai,633,79,22,10,"NVDA,AVGO,CSCO,AMZN,ANET,GOOGL,ORCL,CRM,LRCX,AMAT",min_dollar_volume,0.4534,momentum_min_return_20d,0.001579778830963665,"[{""count"": 1, ""layer"": ""valuation_hard"", ""pct"": 0.001579778830963665, ""reason"": ""momentum_min_return_20d""}, {""count"": 1, ""layer"": ""valuation_hard"", ""pct"": 0.001579778830963665, ""reason"": ""max_pe_hist_percentile""}, {""count"": 1, ""layer"": ""quality_or_theme_hard"", ""pct"": 0.001579778830963665, ""reason"": ""min_ai_link_score""}]"
base,replay_base_2023-08-31,2023-08-31,research_pool,union_superset_approx,ai_enabler,633,78,78,10,"LMT,EME,JCI,RTX,ATI,MLM,TT,NUE,ETN,QLYS",,0.0,,0.0,[]
base,replay_base_2023-08-31,2023-08-31,research_pool,union_superset_approx,ai_peripheral,633,71,71,10,"KEYS,IESC,EXLS,ALB,G,GPK,EEFT,DAL,SLB,VLO",,0.0,,0.0,[]
base,replay_base_2023-08-31,2023-08-31,research_pool,union_superset_approx,core_ai,633,50,50,10,"ANET,AVGO,NVDA,PYPL,CAT,KLAC,NOW,ADI,MCHP,ORCL",,0.0,,0.0,[]
base,replay_base_2023-09-29,2023-09-29,low_value,union_superset_approx,ai_enabler,635,11,0,0,,min_dollar_volume,0.4441,min_value_discount_any,0.0015748031496062992,"[{""count"": 1, ""layer"": ""valuation_hard"", ""pct"": 0.0015748031496062992, ""reason"": ""min_value_discount_any""}]"
base,replay_base_2023-09-29,2023-09-29,low_value,union_superset_approx,ai_peripheral,635,5,0,0,,min_dollar_volume,0.4441,min_return_20d,0.0015748031496062992,"[{""count"": 1, ""layer"": ""valuation_hard"", ""pct"": 0.0015748031496062992, ""reason"": ""min_return_20d""}, {""count"": 1, ""layer"": ""base_hard"", ""pct"": 0.0015748031496062992, ""reason"": ""channel_bucket_match""}]"
base,replay_base_2023-09-29,2023-09-29,low_value,union_superset_approx,core_ai,635,3,0,0,,min_dollar_volume,0.4441,,0.0,[]
base,replay_base_2023-09-29,2023-09-29,industry_trend,union_superset_approx,ai_enabler,635,227,74,10,"CSX,CSCO,MSFT,AVGO,TSLA,ABNB,GOOGL,AMZN,NVDA,CAT",min_dollar_volume,0.4441,trend_min_return_60d,0.007874015748031496,"[{""count"": 5, ""layer"": ""valuation_hard"", ""pct"": 0.007874015748031496, ""reason"": ""trend_min_return_60d""}, {""count"": 4, ""layer"": ""quality_or_theme_hard"", ""pct"": 0.006299212598425197, ""reason"": ""min_ai_link_score""}, {""count"": 3, ""layer"": ""base_hard"", ""pct"": 0.004724409448818898, ""reason"": ""trend_min_avg_dollar_volume_20d""}, {""count"": 1, ""layer"": ""quality_or_theme_hard"", ""pct"": 0.0015748031496062992, ""reason"": ""min_net_income_yoy""}, {""count"": 1, ""layer"": ""quality_or_theme_hard"", ""pct"": 0.0015748031496062992, ""reason"": ""max_ev_to_ebit""}]"
base,replay_base_2023-09-29,2023-09-29,industry_trend,union_superset_approx,ai_peripheral,635,112,62,10,"CSX,CAT,DE,ETN,NOC,UNP,OKE,ACN,CEG,SRE",min_dollar_volume,0.4441,channel_bucket_match,0.015748031496062992,"[{""count"": 10, ""layer"": ""base_hard"", ""pct"": 0.015748031496062992, ""reason"": ""channel_bucket_match""}, {""count"": 8, ""layer"": ""valuation_hard"", ""pct"": 0.012598425196850394, ""reason"": ""trend_min_return_60d""}, {""count"": 3, ""layer"": ""quality_or_theme_hard"", ""pct"": 0.004724409448818898, ""reason"": ""min_ai_link_score""}, {""count"": 2, ""layer"": ""base_hard"", ""pct"": 0.0031496062992125984, ""reason"": ""trend_min_avg_dollar_volume_20d""}, {""count"": 1, ""layer"": ""quality_or_theme_hard"", ""pct"": 0.0015748031496062992, ""reason"": ""min_revenue_yoy""}]"
base,replay_base_2023-09-29,2023-09-29,industry_trend,union_superset_approx,core_ai,635,81,23,10,"MSFT,GOOGL,CSCO,TSLA,META,NVDA,AVGO,AMZN,CAT,BKNG",min_dollar_volume,0.4441,trend_min_return_60d,0.0031496062992125984,"[{""count"": 2, ""layer"": ""valuation_hard"", ""pct"": 0.0031496062992125984, ""reason"": ""trend_min_return_60d""}, {""count"": 2, ""layer"": ""base_hard"", ""pct"": 0.0031496062992125984, ""reason"": ""trend_min_avg_dollar_volume_20d""}, {""count"": 1, ""layer"": ""quality_or_theme_hard"", ""pct"": 0.0015748031496062992, ""reason"": ""max_ev_to_ebit""}, {""count"": 1, ""layer"": ""quality_or_theme_hard"", ""pct"": 0.0015748031496062992, ""reason"": ""min_ai_link_score""}]"
base,replay_base_2023-09-29,2023-09-29,momentum,union_superset_approx,ai_enabler,635,227,74,10,"CSX,MSFT,ABNB,META,CEG,TSLA,CSCO,CAT,SRE,NOC",min_dollar_volume,0.4441,momentum_min_return_60d,0.0015748031496062992,"[{""count"": 1, ""layer"": ""valuation_hard"", ""pct"": 0.0015748031496062992, ""reason"": ""momentum_min_return_60d""}]"
base,replay_base_2023-09-29,2023-09-29,momentum,union_superset_approx,ai_peripheral,635,112,62,10,"CSX,CAT,CEG,NOC,SRE,OKE,EMR,DE,MPC,VLO",min_dollar_volume,0.4441,momentum_min_return_20d,0.0015748031496062992,"[{""count"": 1, ""layer"": ""valuation_hard"", ""pct"": 0.0015748031496062992, ""reason"": ""momentum_min_return_20d""}]"
base,replay_base_2023-09-29,2023-09-29,momentum,union_superset_approx,core_ai,635,81,23,10,"MSFT,META,TSLA,GOOGL,CEG,CSCO,CAT,BKNG,AVGO,AMZN",min_dollar_volume,0.4441,,0.0,[]
base,replay_base_2023-09-29,2023-09-29,research_pool,union_superset_approx,ai_enabler,635,76,76,10,"EME,CSX,TT,HPE,GD,ETN,VRT,QLYS,PWR,LMT",,0.0,,0.0,[]
base,replay_base_2023-09-29,2023-09-29,research_pool,union_superset_approx,ai_peripheral,635,63,63,10,"ALB,EEFT,DAL,EXP,ITW,FISV,SON,KBH,IBP,SHW",,0.0,,0.0,[]
base,replay_base_2023-09-29,2023-09-29,research_pool,union_superset_approx,core_ai,635,49,49,10,"ANET,CSCO,NVDA,CAT,MCHP,NOW,FTNT,ADI,DT,TSLA",,0.0,,0.0,[]
base,replay_base_2023-10-31,2023-10-31,low_value,union_superset_approx,ai_enabler,635,15,5,5,"NOW,ANET,VRT,GD,SNPS",min_dollar_volume,0.4173,min_drawdown_percentile,0.0031496062992125984,"[{""count"": 2, ""layer"": ""valuation_hard"", ""pct"": 0.0031496062992125984, ""reason"": ""min_drawdown_percentile""}]"
base,replay_base_2023-10-31,2023-10-31,low_value,union_superset_approx,ai_peripheral,635,5,2,2,"VRT,GD",min_dollar_volume,0.4173,,0.0,[]
base,replay_base_2023-10-31,2023-10-31,low_value,union_superset_approx,core_ai,635,8,2,2,"ANET,SNPS",min_dollar_volume,0.4173,,0.0,[]
base,replay_base_2023-10-31,2023-10-31,industry_trend,union_superset_approx,ai_enabler,635,237,71,10,"ANET,AVGO,AMZN,MSFT,NFLX,LMT,KLAC,NOW,IBM,ETN",min_dollar_volume,0.4173,trend_min_return_60d,0.023622047244094488,"[{""count"": 15, ""layer"": ""valuation_hard"", ""pct"": 0.023622047244094488, ""reason"": ""trend_min_return_60d""}, {""count"": 2, ""layer"": ""base_hard"", ""pct"": 0.0031496062992125984, ""reason"": ""trend_min_avg_dollar_volume_20d""}, {""count"": 2, ""layer"": ""quality_or_theme_hard"", ""pct"": 0.0031496062992125984, ""reason"": ""min_current_ratio""}, {""count"": 1, ""layer"": ""quality_or_theme_hard"", ""pct"": 0.0015748031496062992, ""reason"": ""min_ai_link_score""}]"
base,replay_base_2023-10-31,2023-10-31,industry_trend,union_superset_approx,ai_peripheral,635,122,61,10,"LMT,ETN,GD,UNP,RTX,DE,NOC,PWR,CCI,NEE",min_dollar_volume,0.4173,trend_min_return_60d,0.009448818897637795,"[{""count"": 6, ""layer"": ""valuation_hard"", ""pct"": 0.009448818897637795, ""reason"": ""trend_min_return_60d""}, {""count"": 3, ""layer"": ""base_hard"", ""pct"": 0.004724409448818898, ""reason"": ""channel_bucket_match""}, {""count"": 2, ""layer"": ""valuation_hard"", ""pct"": 0.0031496062992125984, ""reason"": ""max_ps_hist_percentile""}, {""count"": 1, ""layer"": ""quality_or_theme_hard"", ""pct"": 0.0015748031496062992, ""reason"": ""min_current_ratio""}, {""count"": 1, ""layer"": ""quality_or_theme_hard"", ""pct"": 0.0015748031496062992, ""reason"": ""min_ai_link_score""}]"
base,replay_base_2023-10-31,2023-10-31,industry_trend,union_superset_approx,core_ai,635,80,23,10,"AVGO,MSFT,AMZN,ANET,NFLX,NVDA,KLAC,NOW,GOOGL,CSCO",min_dollar_volume,0.4173,trend_min_return_60d,0.006299212598425197,"[{""count"": 4, ""layer"": ""valuation_hard"", ""pct"": 0.006299212598425197, ""reason"": ""trend_min_return_60d""}, {""count"": 1, ""layer"": ""quality_or_theme_hard"", ""pct"": 0.0015748031496062992, ""reason"": ""max_ev_to_ebit""}, {""count"": 1, ""layer"": ""base_hard"", ""pct"": 0.0015748031496062992, ""reason"": ""trend_min_avg_dollar_volume_20d""}, {""count"": 1, ""layer"": ""base_hard"", ""pct"": 0.0015748031496062992, ""reason"": ""channel_bucket_match""}]"
base,replay_base_2023-10-31,2023-10-31,momentum,union_superset_approx,ai_enabler,635,237,71,10,"AMZN,ANET,AVGO,NFLX,MSFT,LMT,KLAC,NOW,IBM,SRE",min_dollar_volume,0.4173,momentum_min_return_60d,0.006299212598425197,"[{""count"": 4, ""layer"": ""valuation_hard"", ""pct"": 0.006299212598425197, ""reason"": ""momentum_min_return_60d""}, {""count"": 1, ""layer"": ""base_hard"", ""pct"": 0.0015748031496062992, ""reason"": ""momentum_min_avg_dollar_volume_20d""}]"
base,replay_base_2023-10-31,2023-10-31,momentum,union_superset_approx,ai_peripheral,635,122,61,10,"LMT,GD,CCI,RTX,SRE,NOC,NEE,VRT,UNP,PEG",min_dollar_volume,0.4173,momentum_min_return_60d,0.0031496062992125984,"[{""count"": 2, ""layer"": ""valuation_hard"", ""pct"": 0.0031496062992125984, ""reason"": ""momentum_min_return_60d""}, {""count"": 1, ""layer"": ""valuation_hard"", ""pct"": 0.0015748031496062992, ""reason"": ""max_ps_hist_percentile""}, {""count"": 1, ""layer"": ""base_hard"", ""pct"": 0.0015748031496062992, ""reason"": ""channel_bucket_match""}]"
base,replay_base_2023-10-31,2023-10-31,momentum,union_superset_approx,core_ai,635,80,23,10,"MSFT,AVGO,AMZN,ANET,NFLX,KLAC,NOW,IBM,ORCL,NVDA",min_dollar_volume,0.4173,momentum_min_return_60d,0.0015748031496062992,"[{""count"": 1, ""layer"": ""valuation_hard"", ""pct"": 0.0015748031496062992, ""reason"": ""momentum_min_return_60d""}, {""count"": 1, ""layer"": ""base_hard"", ""pct"": 0.0015748031496062992, ""reason"": ""momentum_min_avg_dollar_volume_20d""}]"
base,replay_base_2023-10-31,2023-10-31,research_pool,union_superset_approx,ai_enabler,635,85,85,10,"CMI,LMT,EME,ETN,TT,MLM,VMC,EQIX,VRT,PWR",,0.0,,0.0,[]
base,replay_base_2023-10-31,2023-10-31,research_pool,union_superset_approx,ai_peripheral,635,74,74,10,"IESC,ALB,G,EXLS,DAL,SLB,IBP,KEYS,SSD,EEFT",,0.0,,0.0,[]
base,replay_base_2023-10-31,2023-10-31,research_pool,union_superset_approx,core_ai,635,55,55,10,"ANET,AVGO,ORCL,LHX,NOW,CSCO,CRM,FTNT,DT,META",,0.0,,0.0,[]
base,replay_base_2023-11-30,2023-11-30,low_value,union_superset_approx,ai_enabler,635,95,12,10,"AVGO,NOW,ANET,PH,VRT,AMZN,UNP,CRM,MSFT,TT",min_dollar_volume,0.4346,min_return_60d,0.004724409448818898,"[{""count"": 3, ""layer"": ""valuation_hard"", ""pct"": 0.004724409448818898, ""reason"": ""min_return_60d""}, {""count"": 1, ""layer"": ""valuation_hard"", ""pct"": 0.0015748031496062992, ""reason"": ""min_drawdown_percentile""}, {""count"": 1, ""layer"": ""base_hard"", ""pct"": 0.0015748031496062992, ""reason"": ""min_avg_dollar_volume_20d""}]"
base,replay_base_2023-11-30,2023-11-30,low_value,union_superset_approx,ai_peripheral,635,37,5,5,"PH,VRT,UNP,TT,EQIX",min_dollar_volume,0.4346,channel_bucket_match,0.006299212598425197,"[{""count"": 4, ""layer"": ""base_hard"", ""pct"": 0.006299212598425197, ""reason"": ""channel_bucket_match""}, {""count"": 1, ""layer"": ""valuation_hard"", ""pct"": 0.0015748031496062992, ""reason"": ""min_return_60d""}, {""count"": 1, ""layer"": ""quality_or_theme_hard"", ""pct"": 0.0015748031496062992, ""reason"": ""min_current_ratio""}]"
base,replay_base_2023-11-30,2023-11-30,low_value,union_superset_approx,core_ai,635,46,8,8,"AVGO,NOW,ANET,AMZN,MSFT,CRM,MPWR,AMD",min_dollar_volume,0.4346,min_return_60d,0.0031496062992125984,"[{""count"": 2, ""layer"": ""valuation_hard"", ""pct"": 0.0031496062992125984, ""reason"": ""min_return_60d""}]"
base,replay_base_2023-11-30,2023-11-30,industry_trend,union_superset_approx,ai_enabler,635,251,72,10,"CRM,NVDA,AVGO,TSLA,NFLX,CCI,SNOW,AMZN,PWR,MSFT",min_dollar_volume,0.4346,trend_min_avg_dollar_volume_20d,0.009448818897637795,"[{""count"": 6, ""layer"": ""base_hard"", ""pct"": 0.009448818897637795, ""reason"": ""trend_min_avg_dollar_volume_20d""}, {""count"": 5, ""layer"": ""valuation_hard"", ""pct"": 0.007874015748031496, ""reason"": ""trend_min_return_60d""}, {""count"": 2, ""layer"": ""quality_or_theme_hard"", ""pct"": 0.0031496062992125984, ""reason"": ""max_ev_to_ebit""}, {""count"": 2, ""layer"": ""valuation_hard"", ""pct"": 0.0031496062992125984, ""reason"": ""max_ps_percentile_in_sic""}, {""count"": 2, ""layer"": ""quality_or_theme_hard"", ""pct"": 0.0031496062992125984, ""reason"": ""min_ai_link_score""}]"
base,replay_base_2023-11-30,2023-11-30,industry_trend,union_superset_approx,ai_peripheral,635,123,60,10,"CCI,PWR,UNP,CAT,PH,CSX,VRT,ETN,ACN,BA",min_dollar_volume,0.4346,channel_bucket_match,0.015748031496062992,"[{""count"": 10, ""layer"": ""base_hard"", ""pct"": 0.015748031496062992, ""reason"": ""channel_bucket_match""}, {""count"": 4, ""layer"": ""base_hard"", ""pct"": 0.006299212598425197, ""reason"": ""trend_min_avg_dollar_volume_20d""}, {""count"": 3, ""layer"": ""valuation_hard"", ""pct"": 0.004724409448818898, ""reason"": ""trend_min_return_60d""}, {""count"": 3, ""layer"": ""quality_or_theme_hard"", ""pct"": 0.004724409448818898, ""reason"": ""min_current_ratio""}, {""count"": 2, ""layer"": ""valuation_hard"", ""pct"": 0.0031496062992125984, ""reason"": ""max_ps_hist_percentile""}]"
base,replay_base_2023-11-30,2023-11-30,industry_trend,union_superset_approx,core_ai,635,86,24,10,"CRM,NVDA,AVGO,MSFT,GOOGL,TSLA,AMZN,NFLX,KLAC,AMAT",min_dollar_volume,0.4346,trend_min_return_60d,0.004724409448818898,"[{""count"": 3, ""layer"": ""valuation_hard"", ""pct"": 0.004724409448818898, ""reason"": ""trend_min_return_60d""}, {""count"": 2, ""layer"": ""valuation_hard"", ""pct"": 0.0031496062992125984, ""reason"": ""max_ps_percentile_in_sic""}, {""count"": 2, ""layer"": ""base_hard"", ""pct"": 0.0031496062992125984, ""reason"": ""trend_min_avg_dollar_volume_20d""}, {""count"": 2, ""layer"": ""quality_or_theme_hard"", ""pct"": 0.0031496062992125984, ""reason"": ""min_ai_link_score""}, {""count"": 1, ""layer"": ""quality_or_theme_hard"", ""pct"": 0.0015748031496062992, ""reason"": ""min_net_income_yoy""}]"
base,replay_base_2023-11-30,2023-11-30,momentum,union_superset_approx,ai_enabler,635,251,72,10,"CRM,CCI,TSLA,PWR,NVDA,SNOW,DDOG,AVGO,NFLX,KLAC",min_dollar_volume,0.4346,momentum_min_return_60d,0.015748031496062992,"[{""count"": 10, ""layer"": ""valuation_hard"", ""pct"": 0.015748031496062992, ""reason"": ""momentum_min_return_60d""}, {""count"": 1, ""layer"": ""quality_or_theme_hard"", ""pct"": 0.0015748031496062992, ""reason"": ""max_ev_to_ebit""}, {""count"": 1, ""layer"": ""base_hard"", ""pct"": 0.0015748031496062992, ""reason"": ""momentum_min_avg_dollar_volume_20d""}]"
base,replay_base_2023-11-30,2023-11-30,momentum,union_superset_approx,ai_peripheral,635,123,60,10,"CCI,PWR,PH,CAT,BA,UNP,D,CSX,SHW,NUE",min_dollar_volume,0.4346,momentum_min_return_60d,0.004724409448818898,"[{""count"": 3, ""layer"": ""valuation_hard"", ""pct"": 0.004724409448818898, ""reason"": ""momentum_min_return_60d""}, {""count"": 2, ""layer"": ""base_hard"", ""pct"": 0.0031496062992125984, ""reason"": ""channel_bucket_match""}, {""count"": 1, ""layer"": ""quality_or_theme_hard"", ""pct"": 0.0015748031496062992, ""reason"": ""min_current_ratio""}, {""count"": 1, ""layer"": ""valuation_hard"", ""pct"": 0.0015748031496062992, ""reason"": ""max_ps_hist_percentile""}]"
base,replay_base_2023-11-30,2023-11-30,momentum,union_superset_approx,core_ai,635,86,24,10,"CRM,NVDA,AVGO,TSLA,DDOG,SNOW,AMZN,NFLX,KLAC,EXPE",min_dollar_volume,0.4346,momentum_min_return_60d,0.004724409448818898,"[{""count"": 3, ""layer"": ""valuation_hard"", ""pct"": 0.004724409448818898, ""reason"": ""momentum_min_return_60d""}, {""count"": 1, ""layer"": ""quality_or_theme_hard"", ""pct"": 0.0015748031496062992, ""reason"": ""max_ev_to_ebit""}, {""count"": 1, ""layer"": ""base_hard"", ""pct"": 0.0015748031496062992, ""reason"": ""momentum_min_avg_dollar_volume_20d""}, {""count"": 1, ""layer"": ""quality_or_theme_hard"", ""pct"": 0.0015748031496062992, ""reason"": ""min_ai_link_score""}]"
base,replay_base_2023-11-30,2023-11-30,research_pool,union_superset_approx,ai_enabler,635,95,95,10,"LMT,EME,JCI,TT,PH,HPE,NUE,VRT,ETN,PWR",,0.0,,0.0,[]
base,replay_base_2023-11-30,2023-11-30,research_pool,union_superset_approx,ai_peripheral,635,66,66,10,"SLB,IESC,ALB,GPK,VLO,DAL,EEFT,KIM,KEX,EXLS",,0.0,,0.0,[]
base,replay_base_2023-11-30,2023-11-30,research_pool,union_superset_approx,core_ai,635,53,53,10,"ANET,AVGO,NVDA,ON,SMCI,CAT,PYPL,LHX,NOW,MCHP",,0.0,,0.0,[]
base,replay_base_2023-12-29,2023-12-29,low_value,union_superset_approx,ai_enabler,635,125,21,10,"NVDA,AVGO,NOW,ANET,ABNB,CAT,CHKP,AMAT,CSX,PH",min_dollar_volume,0.5213,min_drawdown_percentile,0.0031496062992125984,"[{""count"": 2, ""layer"": ""valuation_hard"", ""pct"": 0.0031496062992125984, ""reason"": ""min_drawdown_percentile""}, {""count"": 2, ""layer"": ""valuation_hard"", ""pct"": 0.0031496062992125984, ""reason"": ""min_value_discount_any""}, {""count"": 1, ""layer"": ""base_hard"", ""pct"": 0.0015748031496062992, ""reason"": ""min_avg_dollar_volume_20d""}, {""count"": 1, ""layer"": ""valuation_hard"", ""pct"": 0.0015748031496062992, ""reason"": ""max_ps_hist_percentile""}]"
base,replay_base_2023-12-29,2023-12-29,low_value,union_superset_approx,ai_peripheral,635,55,15,10,"CAT,PH,CSX,VRT,ACN,VMC,ETN,UNP,GD,LHX",min_dollar_volume,0.5213,channel_bucket_match,0.007874015748031496,"[{""count"": 5, ""layer"": ""base_hard"", ""pct"": 0.007874015748031496, ""reason"": ""channel_bucket_match""}, {""count"": 1, ""layer"": ""valuation_hard"", ""pct"": 0.0015748031496062992, ""reason"": ""min_range_position_52w""}, {""count"": 1, ""layer"": ""valuation_hard"", ""pct"": 0.0015748031496062992, ""reason"": ""min_drawdown_percentile""}, {""count"": 1, ""layer"": ""base_hard"", ""pct"": 0.0015748031496062992, ""reason"": ""min_avg_dollar_volume_20d""}, {""count"": 1, ""layer"": ""quality_or_theme_hard"", ""pct"": 0.0015748031496062992, ""reason"": ""min_current_ratio""}]"
base,replay_base_2023-12-29,2023-12-29,low_value,union_superset_approx,core_ai,635,49,10,10,"NVDA,AVGO,NOW,ANET,CAT,AMAT,ABNB,AMZN,CRM,TER",min_dollar_volume,0.5213,min_drawdown_percentile,0.0015748031496062992,"[{""count"": 1, ""layer"": ""valuation_hard"", ""pct"": 0.0015748031496062992, ""reason"": ""min_drawdown_percentile""}]"
base,replay_base_2023-12-29,2023-12-29,industry_trend,union_superset_approx,ai_enabler,635,243,74,10,"AVGO,CAT,NVDA,GOOGL,PWR,DE,AMZN,CSCO,META,GOOG",min_dollar_volume,0.5213,trend_min_avg_dollar_volume_20d,0.007874015748031496,"[{""count"": 5, ""layer"": ""base_hard"", ""pct"": 0.007874015748031496, ""reason"": ""trend_min_avg_dollar_volume_20d""}, {""count"": 3, ""layer"": ""valuation_hard"", ""pct"": 0.004724409448818898, ""reason"": ""max_ps_hist_percentile""}, {""count"": 2, ""layer"": ""quality_or_theme_hard"", ""pct"": 0.0031496062992125984, ""reason"": ""max_ev_to_ebit""}, {""count"": 2, ""layer"": ""quality_or_theme_hard"", ""pct"": 0.0031496062992125984, ""reason"": ""min_ai_link_score""}, {""count"": 1, ""layer"": ""valuation_hard"", ""pct"": 0.0015748031496062992, ""reason"": ""max_ps_percentile_in_sic""}]"
base,replay_base_2023-12-29,2023-12-29,industry_trend,union_superset_approx,ai_peripheral,635,118,58,10,"CAT,DE,PWR,UNP,FCX,PH,ETN,CSX,LMT,GD",min_dollar_volume,0.5213,channel_bucket_match,0.014173228346456693,"[{""count"": 9, ""layer"": ""base_hard"", ""pct"": 0.014173228346456693, ""reason"": ""channel_bucket_match""}, {""count"": 4, ""layer"": ""base_hard"", ""pct"": 0.006299212598425197, ""reason"": ""trend_min_avg_dollar_volume_20d""}, {""count"": 3, ""layer"": ""valuation_hard"", ""pct"": 0.004724409448818898, ""reason"": ""max_ps_hist_percentile""}, {""count"": 2, ""layer"": ""quality_or_theme_hard"", ""pct"": 0.0031496062992125984, ""reason"": ""min_current_ratio""}, {""count"": 1, ""layer"": ""quality_or_theme_hard"", ""pct"": 0.0015748031496062992, ""reason"": ""min_fcf_yield""}]"
base,replay_base_2023-12-29,2023-12-29,industry_trend,union_superset_approx,core_ai,635,83,24,10,"AVGO,NVDA,CAT,GOOGL,AMZN,META,MSFT,CSCO,DE,TSLA",min_dollar_volume,0.5213,trend_min_avg_dollar_volume_20d,0.0031496062992125984,"[{""count"": 2, ""layer"": ""base_hard"", ""pct"": 0.0031496062992125984, ""reason"": ""trend_min_avg_dollar_volume_20d""}, {""count"": 1, ""layer"": ""quality_or_theme_hard"", ""pct"": 0.0015748031496062992, ""reason"": ""min_net_income_yoy""}, {""count"": 1, ""layer"": ""quality_or_theme_hard"", ""pct"": 0.0015748031496062992, ""reason"": ""max_ev_to_ebit""}, {""count"": 1, ""layer"": ""valuation_hard"", ""pct"": 0.0015748031496062992, ""reason"": ""trend_min_return_60d""}, {""count"": 1, ""layer"": ""quality_or_theme_hard"", ""pct"": 0.0015748031496062992, ""reason"": ""min_current_ratio""}]"
base,replay_base_2023-12-29,2023-12-29,momentum,union_superset_approx,ai_enabler,635,243,74,10,"AVGO,CAT,PWR,NVDA,DE,ON,TEAM,GOOGL,FCX,UNP",min_dollar_volume,0.5213,momentum_min_avg_dollar_volume_20d,0.009448818897637795,"[{""count"": 6, ""layer"": ""base_hard"", ""pct"": 0.009448818897637795, ""reason"": ""momentum_min_avg_dollar_volume_20d""}, {""count"": 3, ""layer"": ""valuation_hard"", ""pct"": 0.004724409448818898, ""reason"": ""max_ps_hist_percentile""}, {""count"": 2, ""layer"": ""valuation_hard"", ""pct"": 0.0031496062992125984, ""reason"": ""momentum_min_return_20d""}, {""count"": 2, ""layer"": ""valuation_hard"", ""pct"": 0.0031496062992125984, ""reason"": ""momentum_min_return_60d""}, {""count"": 1, ""layer"": ""quality_or_theme_hard"", ""pct"": 0.0015748031496062992, ""reason"": ""max_ev_to_ebit""}]"
base,replay_base_2023-12-29,2023-12-29,momentum,union_superset_approx,ai_peripheral,635,118,58,10,"CAT,PWR,DE,FCX,UNP,CSX,ETN,PH,CRH,SHW",min_dollar_volume,0.5213,channel_bucket_match,0.007874015748031496,"[{""count"": 5, ""layer"": ""base_hard"", ""pct"": 0.007874015748031496, ""reason"": ""channel_bucket_match""}, {""count"": 3, ""layer"": ""valuation_hard"", ""pct"": 0.004724409448818898, ""reason"": ""max_ps_hist_percentile""}, {""count"": 2, ""layer"": ""base_hard"", ""pct"": 0.0031496062992125984, ""reason"": ""momentum_min_avg_dollar_volume_20d""}, {""count"": 2, ""layer"": ""quality_or_theme_hard"", ""pct"": 0.0031496062992125984, ""reason"": ""min_current_ratio""}, {""count"": 1, ""layer"": ""valuation_hard"", ""pct"": 0.0015748031496062992, ""reason"": ""momentum_min_return_20d""}]"
base,replay_base_2023-12-29,2023-12-29,momentum,union_superset_approx,core_ai,635,83,24,10,"AVGO,CAT,NVDA,GOOGL,META,ON,DE,AMZN,TEAM,CSCO",min_dollar_volume,0.5213,momentum_min_avg_dollar_volume_20d,0.0031496062992125984,"[{""count"": 2, ""layer"": ""base_hard"", ""pct"": 0.0031496062992125984, ""reason"": ""momentum_min_avg_dollar_volume_20d""}, {""count"": 1, ""layer"": ""quality_or_theme_hard"", ""pct"": 0.0015748031496062992, ""reason"": ""max_ev_to_ebit""}, {""count"": 1, ""layer"": ""valuation_hard"", ""pct"": 0.0015748031496062992, ""reason"": ""momentum_min_return_60d""}, {""count"": 1, ""layer"": ""quality_or_theme_hard"", ""pct"": 0.0015748031496062992, ""reason"": ""max_shares_yoy""}, {""count"": 1, ""layer"": ""valuation_hard"", ""pct"": 0.0015748031496062992, ""reason"": ""max_ps_hist_percentile""}]"
base,replay_base_2023-12-29,2023-12-29,research_pool,union_superset_approx,ai_enabler,635,91,91,10,"LMT,EME,JCI,TT,PH,LEU,MLM,CSX,ACN,CHKP",,0.0,,0.0,[]
base,replay_base_2023-12-29,2023-12-29,research_pool,union_superset_approx,ai_peripheral,635,70,70,10,"IESC,GPK,DAL,ALB,EEFT,EXLS,SLB,EXP,G,KEX",,0.0,,0.0,[]
base,replay_base_2023-12-29,2023-12-29,research_pool,union_superset_approx,core_ai,635,57,57,10,"ANET,CSCO,NVDA,AVGO,CAT,ON,PYPL,LHX,QCOM,NOW",,0.0,,0.0,[]
base,replay_base_2024-01-31,2024-01-31,low_value,union_superset_approx,ai_enabler,637,101,18,10,"AVGO,NVDA,NOW,ANET,NFLX,CHKP,ABNB,CAT,CSX,AMAT",min_dollar_volume,0.4035,max_price_to_sma200,0.0015698587127158557,"[{""count"": 1, ""layer"": ""valuation_hard"", ""pct"": 0.0015698587127158557, ""reason"": ""max_price_to_sma200""}, {""count"": 1, ""layer"": ""valuation_hard"", ""pct"": 0.0015698587127158557, ""reason"": ""min_return_20d""}, {""count"": 1, ""layer"": ""valuation_hard"", ""pct"": 0.0015698587127158557, ""reason"": ""min_drawdown_percentile""}, {""count"": 1, ""layer"": ""valuation_hard"", ""pct"": 0.0015698587127158557, ""reason"": ""min_value_discount_any""}]"
base,replay_base_2024-01-31,2024-01-31,low_value,union_superset_approx,ai_peripheral,637,31,10,10,"CAT,CSX,ACN,ETN,GD,MLM,TT,NUE,BAH,EQIX",min_dollar_volume,0.4035,channel_bucket_match,0.0031397174254317113,"[{""count"": 2, ""layer"": ""base_hard"", ""pct"": 0.0031397174254317113, ""reason"": ""channel_bucket_match""}, {""count"": 1, ""layer"": ""valuation_hard"", ""pct"": 0.0015698587127158557, ""reason"": ""max_ps_hist_percentile""}]"
base,replay_base_2024-01-31,2024-01-31,low_value,union_superset_approx,core_ai,637,49,10,10,"AVGO,NVDA,NOW,ANET,NFLX,MSFT,AMZN,AMAT,ABNB,PANW",min_dollar_volume,0.4035,,0.0,[]
base,replay_base_2024-01-31,2024-01-31,industry_trend,union_superset_approx,ai_enabler,637,249,76,10,"NVDA,AVGO,ANET,NFLX,IBM,MSFT,AMZN,META,CRM,CSCO",min_dollar_volume,0.4035,trend_min_avg_dollar_volume_20d,0.006279434850863423,"[{""count"": 4, ""layer"": ""base_hard"", ""pct"": 0.006279434850863423, ""reason"": ""trend_min_avg_dollar_volume_20d""}, {""count"": 4, ""layer"": ""valuation_hard"", ""pct"": 0.006279434850863423, ""reason"": ""max_ps_hist_percentile""}, {""count"": 1, ""layer"": ""valuation_hard"", ""pct"": 0.0015698587127158557, ""reason"": ""trend_min_return_60d""}, {""count"": 1, ""layer"": ""quality_or_theme_hard"", ""pct"": 0.0015698587127158557, ""reason"": ""max_shares_yoy""}, {""count"": 1, ""layer"": ""quality_or_theme_hard"", ""pct"": 0.0015698587127158557, ""reason"": ""min_ai_link_score""}]"
base,replay_base_2024-01-31,2024-01-31,industry_trend,union_superset_approx,ai_peripheral,637,120,61,10,"CAT,CSX,ETN,PH,GD,ACN,UNP,DE,NUE,CRH",min_dollar_volume,0.4035,channel_bucket_match,0.015698587127158554,"[{""count"": 10, ""layer"": ""base_hard"", ""pct"": 0.015698587127158554, ""reason"": ""channel_bucket_match""}, {""count"": 5, ""layer"": ""base_hard"", ""pct"": 0.007849293563579277, ""reason"": ""trend_min_avg_dollar_volume_20d""}, {""count"": 3, ""layer"": ""quality_or_theme_hard"", ""pct"": 0.004709576138147566, ""reason"": ""min_current_ratio""}, {""count"": 3, ""layer"": ""valuation_hard"", ""pct"": 0.004709576138147566, ""reason"": ""max_ps_hist_percentile""}, {""count"": 1, ""layer"": ""valuation_hard"", ""pct"": 0.0015698587127158557, ""reason"": ""trend_min_return_60d""}]"
base,replay_base_2024-01-31,2024-01-31,industry_trend,union_superset_approx,core_ai,637,87,25,10,"NVDA,AVGO,MSFT,NFLX,ANET,GOOGL,META,IBM,AMZN,CSCO",min_dollar_volume,0.4035,min_ai_link_score,0.006279434850863423,"[{""count"": 4, ""layer"": ""quality_or_theme_hard"", ""pct"": 0.006279434850863423, ""reason"": ""min_ai_link_score""}, {""count"": 3, ""layer"": ""base_hard"", ""pct"": 0.004709576138147566, ""reason"": ""trend_min_avg_dollar_volume_20d""}, {""count"": 1, ""layer"": ""quality_or_theme_hard"", ""pct"": 0.0015698587127158557, ""reason"": ""max_ev_to_ebit""}, {""count"": 1, ""layer"": ""valuation_hard"", ""pct"": 0.0015698587127158557, ""reason"": ""trend_min_return_60d""}, {""count"": 1, ""layer"": ""quality_or_theme_hard"", ""pct"": 0.0015698587127158557, ""reason"": ""max_shares_yoy""}]"
base,replay_base_2024-01-31,2024-01-31,momentum,union_superset_approx,ai_enabler,637,249,76,10,"NVDA,AVGO,IBM,NFLX,ANET,META,CRM,ORCL,AMZN,ASML",min_dollar_volume,0.4035,momentum_min_avg_dollar_volume_20d,0.0031397174254317113,"[{""count"": 2, ""layer"": ""base_hard"", ""pct"": 0.0031397174254317113, ""reason"": ""momentum_min_avg_dollar_volume_20d""}, {""count"": 2, ""layer"": ""valuation_hard"", ""pct"": 0.0031397174254317113, ""reason"": ""max_ps_hist_percentile""}, {""count"": 1, ""layer"": ""valuation_hard"", ""pct"": 0.0015698587127158557, ""reason"": ""momentum_min_return_20d""}, {""count"": 1, ""layer"": ""quality_or_theme_hard"", ""pct"": 0.0015698587127158557, ""reason"": ""max_shares_yoy""}]"
base,replay_base_2024-01-31,2024-01-31,momentum,union_superset_approx,ai_peripheral,637,120,61,10,"CAT,CSX,ETN,CRH,VRT,PH,NUE,ACN,GD,UNP",min_dollar_volume,0.4035,channel_bucket_match,0.009419152276295133,"[{""count"": 6, ""layer"": ""base_hard"", ""pct"": 0.009419152276295133, ""reason"": ""channel_bucket_match""}, {""count"": 2, ""layer"": ""valuation_hard"", ""pct"": 0.0031397174254317113, ""reason"": ""max_ps_hist_percentile""}, {""count"": 1, ""layer"": ""valuation_hard"", ""pct"": 0.0015698587127158557, ""reason"": ""max_pe_hist_percentile""}]"
base,replay_base_2024-01-31,2024-01-31,momentum,union_superset_approx,core_ai,637,87,25,10,"NVDA,NFLX,AVGO,IBM,MSFT,ANET,META,ORCL,ASML,AMZN",min_dollar_volume,0.4035,max_ev_to_ebit,0.0015698587127158557,"[{""count"": 1, ""layer"": ""quality_or_theme_hard"", ""pct"": 0.0015698587127158557, ""reason"": ""max_ev_to_ebit""}, {""count"": 1, ""layer"": ""base_hard"", ""pct"": 0.0015698587127158557, ""reason"": ""momentum_min_avg_dollar_volume_20d""}, {""count"": 1, ""layer"": ""quality_or_theme_hard"", ""pct"": 0.0015698587127158557, ""reason"": ""max_shares_yoy""}, {""count"": 1, ""layer"": ""quality_or_theme_hard"", ""pct"": 0.0015698587127158557, ""reason"": ""min_ai_link_score""}]"
base,replay_base_2024-01-31,2024-01-31,research_pool,union_superset_approx,ai_enabler,637,89,89,10,"JCI,EME,TT,LEU,PH,MLM,CSX,ETN,PWR,VMC",,0.0,,0.0,[]
base,replay_base_2024-01-31,2024-01-31,research_pool,union_superset_approx,ai_peripheral,637,56,56,10,"ALB,SLB,IESC,DAL,EXLS,KEX,EEFT,GPK,EXP,G",,0.0,,0.0,[]
base,replay_base_2024-01-31,2024-01-31,research_pool,union_superset_approx,core_ai,637,54,54,10,"ANET,CSCO,NVDA,AVGO,ON,PYPL,CAT,NFLX,LHX,ORCL",,0.0,,0.0,[]
base,replay_base_2024-02-29,2024-02-29,low_value,union_superset_approx,ai_enabler,638,134,24,10,"NVDA,AVGO,ANET,NFLX,CAT,CRH,PH,ABNB,CSX,EME",min_dollar_volume,0.3966,max_price_to_sma200,0.003134796238244514,"[{""count"": 2, ""layer"": ""valuation_hard"", ""pct"": 0.003134796238244514, ""reason"": ""max_price_to_sma200""}, {""count"": 2, ""layer"": ""valuation_hard"", ""pct"": 0.003134796238244514, ""reason"": ""min_return_20d""}]"
base,replay_base_2024-02-29,2024-02-29,low_value,union_superset_approx,ai_peripheral,638,66,16,10,"CAT,CRH,PH,EME,CSX,ACN,UNP,ETN,GD,PWR",min_dollar_volume,0.3966,,0.0,[]
base,replay_base_2024-02-29,2024-02-29,low_value,union_superset_approx,core_ai,638,48,11,10,"AVGO,NVDA,ANET,NFLX,CAT,MSFT,ABNB,CRM,DIS,AMAT",min_dollar_volume,0.3966,max_price_to_sma200,0.001567398119122257,"[{""count"": 1, ""layer"": ""valuation_hard"", ""pct"": 0.001567398119122257, ""reason"": ""max_price_to_sma200""}]"
base,replay_base_2024-02-29,2024-02-29,industry_trend,union_superset_approx,ai_enabler,638,273,80,10,"NVDA,AVGO,CRH,NFLX,CRM,PWR,GE,META,PH,ETN",min_dollar_volume,0.3966,min_current_ratio,0.003134796238244514,"[{""count"": 2, ""layer"": ""quality_or_theme_hard"", ""pct"": 0.003134796238244514, ""reason"": ""min_current_ratio""}, {""count"": 2, ""layer"": ""valuation_hard"", ""pct"": 0.003134796238244514, ""reason"": ""max_ps_hist_percentile""}, {""count"": 1, ""layer"": ""quality_or_theme_hard"", ""pct"": 0.001567398119122257, ""reason"": ""min_net_income_yoy""}, {""count"": 1, ""layer"": ""valuation_hard"", ""pct"": 0.001567398119122257, ""reason"": ""trend_min_return_60d""}, {""count"": 1, ""layer"": ""base_hard"", ""pct"": 0.001567398119122257, ""reason"": ""trend_min_avg_dollar_volume_20d""}]"
base,replay_base_2024-02-29,2024-02-29,industry_trend,union_superset_approx,ai_peripheral,638,134,65,10,"CRH,GE,ETN,PH,CAT,PWR,EME,VMC,VRT,UNP",min_dollar_volume,0.3966,channel_bucket_match,0.014106583072100314,"[{""count"": 9, ""layer"": ""base_hard"", ""pct"": 0.014106583072100314, ""reason"": ""channel_bucket_match""}, {""count"": 3, ""layer"": ""valuation_hard"", ""pct"": 0.004702194357366771, ""reason"": ""max_ps_hist_percentile""}, {""count"": 1, ""layer"": ""quality_or_theme_hard"", ""pct"": 0.001567398119122257, ""reason"": ""min_net_income_yoy""}]"
base,replay_base_2024-02-29,2024-02-29,industry_trend,union_superset_approx,core_ai,638,95,26,10,"NVDA,AVGO,CRM,GOOGL,MSFT,NFLX,ANET,CAT,TSLA,AMAT",min_dollar_volume,0.3966,min_ai_link_score,0.003134796238244514,"[{""count"": 2, ""layer"": ""quality_or_theme_hard"", ""pct"": 0.003134796238244514, ""reason"": ""min_ai_link_score""}, {""count"": 1, ""layer"": ""quality_or_theme_hard"", ""pct"": 0.001567398119122257, ""reason"": ""max_ev_to_ebit""}, {""count"": 1, ""layer"": ""base_hard"", ""pct"": 0.001567398119122257, ""reason"": ""trend_min_avg_dollar_volume_20d""}, {""count"": 1, ""layer"": ""quality_or_theme_hard"", ""pct"": 0.001567398119122257, ""reason"": ""max_shares_yoy""}, {""count"": 1, ""layer"": ""valuation_hard"", ""pct"": 0.001567398119122257, ""reason"": ""max_ps_hist_percentile""}]"
base,replay_base_2024-02-29,2024-02-29,momentum,union_superset_approx,ai_enabler,638,273,80,10,"NVDA,PWR,AVGO,META,CRH,EME,ETN,AMAT,PH,CAT",min_dollar_volume,0.3966,momentum_min_return_20d,0.001567398119122257,"[{""count"": 1, ""layer"": ""valuation_hard"", ""pct"": 0.001567398119122257, ""reason"": ""momentum_min_return_20d""}, {""count"": 1, ""layer"": ""quality_or_theme_hard"", ""pct"": 0.001567398119122257, ""reason"": ""min_current_ratio""}, {""count"": 1, ""layer"": ""quality_or_theme_hard"", ""pct"": 0.001567398119122257, ""reason"": ""max_shares_yoy""}, {""count"": 1, ""layer"": ""valuation_hard"", ""pct"": 0.001567398119122257, ""reason"": ""max_ps_hist_percentile""}]"
base,replay_base_2024-02-29,2024-02-29,momentum,union_superset_approx,ai_peripheral,638,134,65,10,"CRH,PWR,ETN,GE,EME,PH,CAT,VRT,VMC,HWM",min_dollar_volume,0.3966,max_ps_hist_percentile,0.004702194357366771,"[{""count"": 3, ""layer"": ""valuation_hard"", ""pct"": 0.004702194357366771, ""reason"": ""max_ps_hist_percentile""}, {""count"": 3, ""layer"": ""base_hard"", ""pct"": 0.004702194357366771, ""reason"": ""channel_bucket_match""}, {""count"": 1, ""layer"": ""valuation_hard"", ""pct"": 0.001567398119122257, ""reason"": ""momentum_min_return_20d""}]"
base,replay_base_2024-02-29,2024-02-29,momentum,union_superset_approx,core_ai,638,95,26,10,"NVDA,AVGO,META,CRM,MSFT,AMAT,SMCI,TSLA,NFLX,CAT",min_dollar_volume,0.3966,max_shares_yoy,0.001567398119122257,"[{""count"": 1, ""layer"": ""quality_or_theme_hard"", ""pct"": 0.001567398119122257, ""reason"": ""max_shares_yoy""}, {""count"": 1, ""layer"": ""quality_or_theme_hard"", ""pct"": 0.001567398119122257, ""reason"": ""min_ai_link_score""}]"
base,replay_base_2024-02-29,2024-02-29,research_pool,union_superset_approx,ai_enabler,638,87,87,10,"ATI,JCI,EME,PH,CSX,TT,ETN,CRH,HWM,VMC",,0.0,,0.0,[]
base,replay_base_2024-02-29,2024-02-29,research_pool,union_superset_approx,ai_peripheral,638,57,57,10,"HII,IESC,UAL,SLB,EXLS,KEX,DAL,KIM,VICI,EEFT",,0.0,,0.0,[]
base,replay_base_2024-02-29,2024-02-29,research_pool,union_superset_approx,core_ai,638,50,50,10,"ANET,NVDA,AVGO,CSCO,CAT,PYPL,NFLX,LHX,ORCL,NOW",,0.0,,0.0,[]
base,replay_base_2024-03-29,2024-03-29,low_value,union_superset_approx,ai_enabler,640,105,23,10,"NVDA,ORCL,ANET,GOOGL,JCI,CRH,CHKP,CAT,PH,EME",min_dollar_volume,0.4281,max_price_to_sma200,0.003125,"[{""count"": 2, ""layer"": ""valuation_hard"", ""pct"": 0.003125, ""reason"": ""max_price_to_sma200""}, {""count"": 1, ""layer"": ""valuation_hard"", ""pct"": 0.0015625, ""reason"": ""min_range_position_52w""}, {""count"": 1, ""layer"": ""valuation_hard"", ""pct"": 0.0015625, ""reason"": ""min_return_20d""}, {""count"": 1, ""layer"": ""base_hard"", ""pct"": 0.0015625, ""reason"": ""min_avg_dollar_volume_20d""}, {""count"": 1, ""layer"": ""quality_or_theme_hard"", ""pct"": 0.0015625, ""reason"": ""min_current_ratio""}]"
base,replay_base_2024-03-29,2024-03-29,low_value,union_superset_approx,ai_peripheral,640,57,14,10,"JCI,CAT,CRH,PH,EME,RTX,ETN,GD,PWR,VMC",min_dollar_volume,0.4281,channel_bucket_match,0.003125,"[{""count"": 2, ""layer"": ""base_hard"", ""pct"": 0.003125, ""reason"": ""channel_bucket_match""}, {""count"": 1, ""layer"": ""valuation_hard"", ""pct"": 0.0015625, ""reason"": ""min_range_position_52w""}, {""count"": 1, ""layer"": ""valuation_hard"", ""pct"": 0.0015625, ""reason"": ""min_return_60d""}]"
base,replay_base_2024-03-29,2024-03-29,low_value,union_superset_approx,core_ai,640,28,9,9,"NVDA,ORCL,ANET,GOOGL,GOOG,CAT,DIS,QCOM,TER",min_dollar_volume,0.4281,max_price_to_sma200,0.0015625,"[{""count"": 1, ""layer"": ""valuation_hard"", ""pct"": 0.0015625, ""reason"": ""max_price_to_sma200""}, {""count"": 1, ""layer"": ""quality_or_theme_hard"", ""pct"": 0.0015625, ""reason"": ""min_current_ratio""}]"
base,replay_base_2024-03-29,2024-03-29,industry_trend,union_superset_approx,ai_enabler,640,254,78,10,"NVDA,ORCL,GOOGL,GOOG,GE,FCX,CAT,AVGO,DE,ANET",min_dollar_volume,0.4281,max_ps_hist_percentile,0.0046875,"[{""count"": 3, ""layer"": ""valuation_hard"", ""pct"": 0.0046875, ""reason"": ""max_ps_hist_percentile""}, {""count"": 2, ""layer"": ""base_hard"", ""pct"": 0.003125, ""reason"": ""trend_min_avg_dollar_volume_20d""}, {""count"": 1, ""layer"": ""valuation_hard"", ""pct"": 0.0015625, ""reason"": ""trend_min_return_60d""}, {""count"": 1, ""layer"": ""quality_or_theme_hard"", ""pct"": 0.0015625, ""reason"": ""min_current_ratio""}, {""count"": 1, ""layer"": ""quality_or_theme_hard"", ""pct"": 0.0015625, ""reason"": ""min_ai_link_score""}]"
base,replay_base_2024-03-29,2024-03-29,industry_trend,union_superset_approx,ai_peripheral,640,120,62,10,"FCX,CAT,DE,GE,ETN,LMT,NEE,PYPL,PH,PWR",min_dollar_volume,0.4281,channel_bucket_match,0.009375,"[{""count"": 6, ""layer"": ""base_hard"", ""pct"": 0.009375, ""reason"": ""channel_bucket_match""}, {""count"": 4, ""layer"": ""valuation_hard"", ""pct"": 0.00625, ""reason"": ""max_ps_hist_percentile""}, {""count"": 1, ""layer"": ""quality_or_theme_hard"", ""pct"": 0.0015625, ""reason"": ""min_net_income_yoy""}]"
base,replay_base_2024-03-29,2024-03-29,industry_trend,union_superset_approx,core_ai,640,89,25,10,"NVDA,GOOGL,ORCL,AVGO,MSFT,NFLX,CSCO,ANET,CAT,KLAC",min_dollar_volume,0.4281,min_ai_link_score,0.0046875,"[{""count"": 3, ""layer"": ""quality_or_theme_hard"", ""pct"": 0.0046875, ""reason"": ""min_ai_link_score""}, {""count"": 1, ""layer"": ""quality_or_theme_hard"", ""pct"": 0.0015625, ""reason"": ""max_ev_to_ebit""}, {""count"": 1, ""layer"": ""base_hard"", ""pct"": 0.0015625, ""reason"": ""trend_min_avg_dollar_volume_20d""}, {""count"": 1, ""layer"": ""quality_or_theme_hard"", ""pct"": 0.0015625, ""reason"": ""min_current_ratio""}]"
base,replay_base_2024-03-29,2024-03-29,momentum,union_superset_approx,ai_enabler,640,254,78,10,"NVDA,ORCL,FCX,GOOGL,DE,CAT,GOOG,GE,VRT,ETN",min_dollar_volume,0.4281,momentum_min_return_60d,0.0046875,"[{""count"": 3, ""layer"": ""valuation_hard"", ""pct"": 0.0046875, ""reason"": ""momentum_min_return_60d""}, {""count"": 2, ""layer"": ""valuation_hard"", ""pct"": 0.003125, ""reason"": ""momentum_min_return_20d""}, {""count"": 1, ""layer"": ""base_hard"", ""pct"": 0.0015625, ""reason"": ""momentum_min_avg_dollar_volume_20d""}, {""count"": 1, ""layer"": ""quality_or_theme_hard"", ""pct"": 0.0015625, ""reason"": ""min_current_ratio""}, {""count"": 1, ""layer"": ""valuation_hard"", ""pct"": 0.0015625, ""reason"": ""max_ps_hist_percentile""}]"
base,replay_base_2024-03-29,2024-03-29,momentum,union_superset_approx,ai_peripheral,640,120,62,10,"FCX,DE,VRT,CAT,GE,ETN,NEE,PYPL,PWR,EME",min_dollar_volume,0.4281,momentum_min_return_60d,0.0046875,"[{""count"": 3, ""layer"": ""valuation_hard"", ""pct"": 0.0046875, ""reason"": ""momentum_min_return_60d""}, {""count"": 3, ""layer"": ""valuation_hard"", ""pct"": 0.0046875, ""reason"": ""max_ps_hist_percentile""}, {""count"": 2, ""layer"": ""base_hard"", ""pct"": 0.003125, ""reason"": ""channel_bucket_match""}, {""count"": 1, ""layer"": ""base_hard"", ""pct"": 0.0015625, ""reason"": ""momentum_min_avg_dollar_volume_20d""}]"
base,replay_base_2024-03-29,2024-03-29,momentum,union_superset_approx,core_ai,640,89,25,10,"NVDA,ORCL,GOOGL,DE,GOOG,CAT,AVGO,CSCO,NFLX,TSM",min_dollar_volume,0.4281,momentum_min_return_20d,0.0015625,"[{""count"": 1, ""layer"": ""valuation_hard"", ""pct"": 0.0015625, ""reason"": ""momentum_min_return_20d""}, {""count"": 1, ""layer"": ""quality_or_theme_hard"", ""pct"": 0.0015625, ""reason"": ""min_current_ratio""}, {""count"": 1, ""layer"": ""quality_or_theme_hard"", ""pct"": 0.0015625, ""reason"": ""min_ai_link_score""}]"
base,replay_base_2024-03-29,2024-03-29,research_pool,union_superset_approx,ai_enabler,640,85,85,10,"JCI,EME,ATI,CRH,PH,STLD,CSX,NUE,TT,ETN",,0.0,,0.0,[]
base,replay_base_2024-03-29,2024-03-29,research_pool,union_superset_approx,ai_peripheral,640,50,50,10,"HII,IESC,UAL,SLB,KEX,DAL,CW,KIM,VICI,GPK",,0.0,,0.0,[]
base,replay_base_2024-03-29,2024-03-29,research_pool,union_superset_approx,core_ai,640,42,42,10,"NVDA,ANET,CSCO,PYPL,CAT,NFLX,LHX,NOW,ORCL,GOOG",,0.0,,0.0,[]
base,replay_base_2024-04-30,2024-04-30,low_value,union_superset_approx,ai_enabler,642,32,9,9,"GOOGL,GOOG,RTX,MCHP,HWM,TT,NOC,TXN,TER",min_dollar_volume,0.4081,min_range_position_52w,0.003115264797507788,"[{""count"": 2, ""layer"": ""valuation_hard"", ""pct"": 0.003115264797507788, ""reason"": ""min_range_position_52w""}]"
base,replay_base_2024-04-30,2024-04-30,low_value,union_superset_approx,ai_peripheral,642,23,6,6,"PYPL,LMT,RTX,HWM,TT,NOC",min_dollar_volume,0.4081,,0.0,[]
base,replay_base_2024-04-30,2024-04-30,low_value,union_superset_approx,core_ai,642,10,5,5,"GOOGL,GOOG,MCHP,TXN,TER",min_dollar_volume,0.4081,,0.0,[]
base,replay_base_2024-04-30,2024-04-30,industry_trend,union_superset_approx,ai_enabler,642,248,79,10,"GOOGL,ETN,GOOG,TSLA,NVDA,AVGO,PYPL,NXPI,LMT,PWR",min_dollar_volume,0.4081,trend_min_return_60d,0.00778816199376947,"[{""count"": 5, ""layer"": ""valuation_hard"", ""pct"": 0.00778816199376947, ""reason"": ""trend_min_return_60d""}, {""count"": 3, ""layer"": ""valuation_hard"", ""pct"": 0.004672897196261682, ""reason"": ""max_ps_hist_percentile""}, {""count"": 2, ""layer"": ""base_hard"", ""pct"": 0.003115264797507788, ""reason"": ""trend_min_avg_dollar_volume_20d""}, {""count"": 2, ""layer"": ""quality_or_theme_hard"", ""pct"": 0.003115264797507788, ""reason"": ""min_current_ratio""}, {""count"": 1, ""layer"": ""quality_or_theme_hard"", ""pct"": 0.001557632398753894, ""reason"": ""min_ai_link_score""}]"
base,replay_base_2024-04-30,2024-04-30,industry_trend,union_superset_approx,ai_peripheral,642,124,62,10,"ETN,PYPL,LMT,FCX,DE,GEV,PWR,VRT,CAT,PH",min_dollar_volume,0.4081,max_ps_hist_percentile,0.00778816199376947,"[{""count"": 5, ""layer"": ""valuation_hard"", ""pct"": 0.00778816199376947, ""reason"": ""max_ps_hist_percentile""}, {""count"": 4, ""layer"": ""base_hard"", ""pct"": 0.006230529595015576, ""reason"": ""channel_bucket_match""}, {""count"": 2, ""layer"": ""valuation_hard"", ""pct"": 0.003115264797507788, ""reason"": ""trend_min_return_60d""}, {""count"": 2, ""layer"": ""base_hard"", ""pct"": 0.003115264797507788, ""reason"": ""trend_min_avg_dollar_volume_20d""}, {""count"": 1, ""layer"": ""quality_or_theme_hard"", ""pct"": 0.001557632398753894, ""reason"": ""min_current_ratio""}]"
base,replay_base_2024-04-30,2024-04-30,industry_trend,union_superset_approx,core_ai,642,89,25,10,"GOOGL,NVDA,AVGO,GOOG,TSLA,MSFT,CAT,CSCO,NXPI,AAPL",min_dollar_volume,0.4081,trend_min_return_60d,0.004672897196261682,"[{""count"": 3, ""layer"": ""valuation_hard"", ""pct"": 0.004672897196261682, ""reason"": ""trend_min_return_60d""}, {""count"": 1, ""layer"": ""valuation_hard"", ""pct"": 0.001557632398753894, ""reason"": ""max_ps_hist_percentile""}]"
base,replay_base_2024-04-30,2024-04-30,momentum,union_superset_approx,ai_enabler,642,248,79,10,"GOOGL,TSLA,GOOG,ETN,PANW,PYPL,NVDA,NXPI,AVGO,PWR",min_dollar_volume,0.4081,momentum_min_return_20d,0.001557632398753894,"[{""count"": 1, ""layer"": ""valuation_hard"", ""pct"": 0.001557632398753894, ""reason"": ""momentum_min_return_20d""}, {""count"": 1, ""layer"": ""valuation_hard"", ""pct"": 0.001557632398753894, ""reason"": ""momentum_min_return_60d""}, {""count"": 1, ""layer"": ""valuation_hard"", ""pct"": 0.001557632398753894, ""reason"": ""max_ps_hist_percentile""}]"
base,replay_base_2024-04-30,2024-04-30,momentum,union_superset_approx,ai_peripheral,642,124,62,10,"ETN,PYPL,GEV,FCX,VRT,LMT,TT,GE,PWR,HWM",min_dollar_volume,0.4081,momentum_min_return_60d,0.003115264797507788,"[{""count"": 2, ""layer"": ""valuation_hard"", ""pct"": 0.003115264797507788, ""reason"": ""momentum_min_return_60d""}]"
base,replay_base_2024-04-30,2024-04-30,momentum,union_superset_approx,core_ai,642,89,25,10,"GOOGL,TSLA,GOOG,NVDA,AVGO,PANW,PYPL,GEV,CSCO,AAPL",min_dollar_volume,0.4081,momentum_min_return_20d,0.001557632398753894,"[{""count"": 1, ""layer"": ""valuation_hard"", ""pct"": 0.001557632398753894, ""reason"": ""momentum_min_return_20d""}]"
base,replay_base_2024-04-30,2024-04-30,research_pool,union_superset_approx,ai_enabler,642,82,82,10,"EME,LMT,JCI,ATI,CRH,PH,STLD,TT,QLYS,ETN",,0.0,,0.0,[]
base,replay_base_2024-04-30,2024-04-30,research_pool,union_superset_approx,ai_peripheral,642,44,44,10,"HII,EXLS,SLB,PLD,IESC,UAL,KIM,DAL,KEX,CW",,0.0,,0.0,[]
base,replay_base_2024-04-30,2024-04-30,research_pool,union_superset_approx,core_ai,642,42,42,10,"CSCO,NVDA,CAT,PYPL,ZM,OII,RKLB,TSLA,GOOG,GOOGL",,0.0,,0.0,[]
base,replay_base_2024-05-31,2024-05-31,low_value,union_superset_approx,ai_enabler,643,74,18,10,"NVDA,ANET,NFLX,GOOGL,FCX,GOOG,VRT,EME,ETN,PWR",min_dollar_volume,0.4059,max_price_to_sma200,0.0015552099533437014,"[{""count"": 1, ""layer"": ""valuation_hard"", ""pct"": 0.0015552099533437014, ""reason"": ""max_price_to_sma200""}]"
base,replay_base_2024-05-31,2024-05-31,low_value,union_superset_approx,ai_peripheral,643,36,9,9,"FCX,EME,VRT,ETN,PWR,GD,RTX,HWM,TT",min_dollar_volume,0.4059,channel_bucket_match,0.004665629860031105,"[{""count"": 3, ""layer"": ""base_hard"", ""pct"": 0.004665629860031105, ""reason"": ""channel_bucket_match""}, {""count"": 1, ""layer"": ""valuation_hard"", ""pct"": 0.0015552099533437014, ""reason"": ""min_return_20d""}, {""count"": 1, ""layer"": ""valuation_hard"", ""pct"": 0.0015552099533437014, ""reason"": ""min_return_60d""}]"
base,replay_base_2024-05-31,2024-05-31,low_value,union_superset_approx,core_ai,643,24,9,9,"NVDA,NFLX,GOOGL,GOOG,NXPI,AAPL,MCHP,LDOS,TER",min_dollar_volume,0.4059,min_return_60d,0.0015552099533437014,"[{""count"": 1, ""layer"": ""valuation_hard"", ""pct"": 0.0015552099533437014, ""reason"": ""min_return_60d""}]"
base,replay_base_2024-05-31,2024-05-31,industry_trend,union_superset_approx,ai_enabler,643,253,79,10,"NVDA,ANET,NFLX,AVGO,ORCL,GOOGL,AMAT,CRH,AAPL,MSFT",min_dollar_volume,0.4059,trend_min_return_60d,0.004665629860031105,"[{""count"": 3, ""layer"": ""valuation_hard"", ""pct"": 0.004665629860031105, ""reason"": ""trend_min_return_60d""}, {""count"": 3, ""layer"": ""base_hard"", ""pct"": 0.004665629860031105, ""reason"": ""trend_min_avg_dollar_volume_20d""}, {""count"": 3, ""layer"": ""valuation_hard"", ""pct"": 0.004665629860031105, ""reason"": ""max_ps_hist_percentile""}, {""count"": 2, ""layer"": ""quality_or_theme_hard"", ""pct"": 0.003110419906687403, ""reason"": ""min_ai_link_score""}, {""count"": 1, ""layer"": ""quality_or_theme_hard"", ""pct"": 0.0015552099533437014, ""reason"": ""min_current_ratio""}]"
base,replay_base_2024-05-31,2024-05-31,industry_trend,union_superset_approx,ai_peripheral,643,119,63,10,"AMT,ETN,CRH,PWR,CAT,GEV,JCI,EME,FCX,VRT",min_dollar_volume,0.4059,channel_bucket_match,0.006220839813374806,"[{""count"": 4, ""layer"": ""base_hard"", ""pct"": 0.006220839813374806, ""reason"": ""channel_bucket_match""}, {""count"": 2, ""layer"": ""valuation_hard"", ""pct"": 0.003110419906687403, ""reason"": ""max_ps_hist_percentile""}, {""count"": 1, ""layer"": ""valuation_hard"", ""pct"": 0.0015552099533437014, ""reason"": ""trend_min_return_60d""}, {""count"": 1, ""layer"": ""base_hard"", ""pct"": 0.0015552099533437014, ""reason"": ""trend_min_avg_dollar_volume_20d""}, {""count"": 1, ""layer"": ""quality_or_theme_hard"", ""pct"": 0.0015552099533437014, ""reason"": ""min_current_ratio""}]"
base,replay_base_2024-05-31,2024-05-31,industry_trend,union_superset_approx,core_ai,643,92,25,10,"NVDA,AVGO,ANET,NFLX,MSFT,ORCL,GOOGL,AMZN,CAT,AAPL",min_dollar_volume,0.4059,trend_min_return_60d,0.003110419906687403,"[{""count"": 2, ""layer"": ""valuation_hard"", ""pct"": 0.003110419906687403, ""reason"": ""trend_min_return_60d""}, {""count"": 2, ""layer"": ""quality_or_theme_hard"", ""pct"": 0.003110419906687403, ""reason"": ""min_ai_link_score""}, {""count"": 1, ""layer"": ""valuation_hard"", ""pct"": 0.0015552099533437014, ""reason"": ""max_ps_hist_percentile""}]"
base,replay_base_2024-05-31,2024-05-31,momentum,union_superset_approx,ai_enabler,643,253,79,10,"NVDA,ANET,NFLX,AVGO,JCI,PWR,AAPL,ORCL,AMAT,KLAC",min_dollar_volume,0.4059,momentum_min_return_60d,0.003110419906687403,"[{""count"": 2, ""layer"": ""valuation_hard"", ""pct"": 0.003110419906687403, ""reason"": ""momentum_min_return_60d""}, {""count"": 1, ""layer"": ""quality_or_theme_hard"", ""pct"": 0.0015552099533437014, ""reason"": ""min_ai_link_score""}]"
base,replay_base_2024-05-31,2024-05-31,momentum,union_superset_approx,ai_peripheral,643,119,63,10,"AMT,JCI,GEV,PWR,ETN,FCX,EME,CRH,HWM,VRT",min_dollar_volume,0.4059,channel_bucket_match,0.003110419906687403,"[{""count"": 2, ""layer"": ""base_hard"", ""pct"": 0.003110419906687403, ""reason"": ""channel_bucket_match""}, {""count"": 1, ""layer"": ""valuation_hard"", ""pct"": 0.0015552099533437014, ""reason"": ""momentum_min_return_60d""}]"
base,replay_base_2024-05-31,2024-05-31,momentum,union_superset_approx,core_ai,643,92,25,10,"NVDA,ANET,AVGO,NFLX,ORCL,GOOGL,MSFT,AAPL,KLAC,AMAT",min_dollar_volume,0.4059,momentum_min_return_60d,0.003110419906687403,"[{""count"": 2, ""layer"": ""valuation_hard"", ""pct"": 0.003110419906687403, ""reason"": ""momentum_min_return_60d""}, {""count"": 2, ""layer"": ""quality_or_theme_hard"", ""pct"": 0.003110419906687403, ""reason"": ""min_ai_link_score""}]"
base,replay_base_2024-05-31,2024-05-31,research_pool,union_superset_approx,ai_enabler,643,83,83,10,"EME,ATI,LMT,STLD,PH,VRT,ETN,HWM,PWR,CHKP",,0.0,,0.0,[]
base,replay_base_2024-05-31,2024-05-31,research_pool,union_superset_approx,ai_peripheral,643,52,52,10,"FCX,HII,EXP,IESC,EXLS,HEI,CW,SLB,VICI,G",,0.0,,0.0,[]
base,replay_base_2024-05-31,2024-05-31,research_pool,union_superset_approx,core_ai,643,43,43,10,"NVDA,ANET,ZM,PYPL,NFLX,ORCL,CAT,PANW,TSLA,GOOG",,0.0,,0.0,[]
base,replay_base_2024-06-28,2024-06-28,low_value,union_superset_approx,ai_enabler,646,55,11,10,"NVDA,NFLX,ANET,AMZN,ORCL,GOOGL,GOOG,PANW,AMAT,MPWR",min_dollar_volume,0.3684,max_price_to_sma200,0.0015479876160990713,"[{""count"": 1, ""layer"": ""valuation_hard"", ""pct"": 0.0015479876160990713, ""reason"": ""max_price_to_sma200""}]"
base,replay_base_2024-06-28,2024-06-28,low_value,union_superset_approx,ai_peripheral,646,16,0,0,,min_dollar_volume,0.3684,min_avg_dollar_volume_20d,0.0015479876160990713,"[{""count"": 1, ""layer"": ""base_hard"", ""pct"": 0.0015479876160990713, ""reason"": ""min_avg_dollar_volume_20d""}, {""count"": 1, ""layer"": ""base_hard"", ""pct"": 0.0015479876160990713, ""reason"": ""channel_bucket_match""}]"
base,replay_base_2024-06-28,2024-06-28,low_value,union_superset_approx,core_ai,646,28,11,10,"NVDA,ANET,NFLX,AMZN,ORCL,GOOGL,GOOG,PANW,AMAT,TER",min_dollar_volume,0.3684,,0.0,[]
base,replay_base_2024-06-28,2024-06-28,industry_trend,union_superset_approx,ai_enabler,646,244,76,10,"ORCL,ANET,CRM,NVDA,AMZN,AVGO,NOW,NFLX,TSLA,LRCX",min_dollar_volume,0.3684,trend_min_return_60d,0.007739938080495356,"[{""count"": 5, ""layer"": ""valuation_hard"", ""pct"": 0.007739938080495356, ""reason"": ""trend_min_return_60d""}, {""count"": 4, ""layer"": ""valuation_hard"", ""pct"": 0.006191950464396285, ""reason"": ""max_ps_hist_percentile""}, {""count"": 1, ""layer"": ""quality_or_theme_hard"", ""pct"": 0.0015479876160990713, ""reason"": ""max_ev_to_ebit""}, {""count"": 1, ""layer"": ""base_hard"", ""pct"": 0.0015479876160990713, ""reason"": ""trend_min_avg_dollar_volume_20d""}, {""count"": 1, ""layer"": ""quality_or_theme_hard"", ""pct"": 0.0015479876160990713, ""reason"": ""min_current_ratio""}]"
base,replay_base_2024-06-28,2024-06-28,industry_trend,union_superset_approx,ai_peripheral,646,117,61,10,"LMT,DE,CAT,AMT,UNP,ACN,ETN,PH,CRH,GEV",min_dollar_volume,0.3684,trend_min_return_60d,0.007739938080495356,"[{""count"": 5, ""layer"": ""valuation_hard"", ""pct"": 0.007739938080495356, ""reason"": ""trend_min_return_60d""}, {""count"": 5, ""layer"": ""base_hard"", ""pct"": 0.007739938080495356, ""reason"": ""channel_bucket_match""}, {""count"": 3, ""layer"": ""valuation_hard"", ""pct"": 0.0046439628482972135, ""reason"": ""max_ps_hist_percentile""}, {""count"": 2, ""layer"": ""quality_or_theme_hard"", ""pct"": 0.0030959752321981426, ""reason"": ""min_net_income_yoy""}, {""count"": 1, ""layer"": ""base_hard"", ""pct"": 0.0015479876160990713, ""reason"": ""trend_min_avg_dollar_volume_20d""}]"
base,replay_base_2024-06-28,2024-06-28,industry_trend,union_superset_approx,core_ai,646,89,25,10,"ORCL,AVGO,NVDA,CRM,AMZN,ANET,MSFT,TSLA,LRCX,NFLX",min_dollar_volume,0.3684,min_ai_link_score,0.0030959752321981426,"[{""count"": 2, ""layer"": ""quality_or_theme_hard"", ""pct"": 0.0030959752321981426, ""reason"": ""min_ai_link_score""}]"
base,replay_base_2024-06-28,2024-06-28,momentum,union_superset_approx,ai_enabler,646,244,76,10,"CRM,ORCL,AVGO,ANET,NVDA,AMZN,NOW,TSLA,PANW,LRCX",min_dollar_volume,0.3684,momentum_min_return_60d,0.0030959752321981426,"[{""count"": 2, ""layer"": ""valuation_hard"", ""pct"": 0.0030959752321981426, ""reason"": ""momentum_min_return_60d""}]"
base,replay_base_2024-06-28,2024-06-28,momentum,union_superset_approx,ai_peripheral,646,117,61,10,"DE,AMT,ACN,LMT,CAT,BA,UNP,CSX,WMB,BKR",min_dollar_volume,0.3684,channel_bucket_match,0.0030959752321981426,"[{""count"": 2, ""layer"": ""base_hard"", ""pct"": 0.0030959752321981426, ""reason"": ""channel_bucket_match""}]"
base,replay_base_2024-06-28,2024-06-28,momentum,union_superset_approx,core_ai,646,89,25,10,"ORCL,AVGO,CRM,NVDA,ANET,NOW,AMZN,TSLA,PANW,LRCX",min_dollar_volume,0.3684,momentum_min_return_60d,0.0030959752321981426,"[{""count"": 2, ""layer"": ""valuation_hard"", ""pct"": 0.0030959752321981426, ""reason"": ""momentum_min_return_60d""}, {""count"": 1, ""layer"": ""quality_or_theme_hard"", ""pct"": 0.0015479876160990713, ""reason"": ""min_ai_link_score""}]"
base,replay_base_2024-06-28,2024-06-28,research_pool,union_superset_approx,ai_enabler,646,79,79,10,"EME,LMT,ATI,PH,STLD,AKAM,QLYS,TT,VMC,VRT",,0.0,,0.0,[]
base,replay_base_2024-06-28,2024-06-28,research_pool,union_superset_approx,ai_peripheral,646,48,48,10,"HII,FCX,EEFT,EXP,IESC,UAL,EXLS,SLB,VICI,G",,0.0,,0.0,[]
base,replay_base_2024-06-28,2024-06-28,research_pool,union_superset_approx,core_ai,646,44,44,10,"NVDA,ZM,NFLX,CAT,ANET,NOW,PANW,GOOG,GOOGL,CRM",,0.0,,0.0,[]
base,replay_base_2024-07-31,2024-07-31,low_value,union_superset_approx,ai_enabler,647,83,9,9,"CHKP,CRH,LMT,PH,TT,HWM,RTX,TXN,PLTR",min_dollar_volume,0.3833,min_net_income_yoy,0.0015455950540958269,"[{""count"": 1, ""layer"": ""quality_or_theme_hard"", ""pct"": 0.0015455950540958269, ""reason"": ""min_net_income_yoy""}, {""count"": 1, ""layer"": ""valuation_hard"", ""pct"": 0.0015455950540958269, ""reason"": ""min_return_20d""}]"
base,replay_base_2024-07-31,2024-07-31,low_value,union_superset_approx,ai_peripheral,647,65,11,10,"EME,CRH,LMT,PH,PWR,GD,TT,HWM,VMC,NOC",min_dollar_volume,0.3833,min_avg_dollar_volume_20d,0.0015455950540958269,"[{""count"": 1, ""layer"": ""base_hard"", ""pct"": 0.0015455950540958269, ""reason"": ""min_avg_dollar_volume_20d""}]"
base,replay_base_2024-07-31,2024-07-31,low_value,union_superset_approx,core_ai,647,11,1,1,PLTR,min_dollar_volume,0.3833,min_return_20d,0.0015455950540958269,"[{""count"": 1, ""layer"": ""valuation_hard"", ""pct"": 0.0015455950540958269, ""reason"": ""min_return_20d""}]"
base,replay_base_2024-07-31,2024-07-31,industry_trend,union_superset_approx,ai_enabler,647,259,85,10,"LMT,ANET,IBM,UNP,CRH,PWR,CAT,CRM,AMZN,NVDA",min_dollar_volume,0.3833,max_ps_hist_percentile,0.010819165378670788,"[{""count"": 7, ""layer"": ""valuation_hard"", ""pct"": 0.010819165378670788, ""reason"": ""max_ps_hist_percentile""}, {""count"": 3, ""layer"": ""valuation_hard"", ""pct"": 0.00463678516228748, ""reason"": ""max_ps_percentile_in_sic""}, {""count"": 3, ""layer"": ""valuation_hard"", ""pct"": 0.00463678516228748, ""reason"": ""trend_min_return_60d""}, {""count"": 3, ""layer"": ""base_hard"", ""pct"": 0.00463678516228748, ""reason"": ""trend_min_avg_dollar_volume_20d""}, {""count"": 2, ""layer"": ""quality_or_theme_hard"", ""pct"": 0.0030911901081916537, ""reason"": ""min_current_ratio""}]"
base,replay_base_2024-07-31,2024-07-31,industry_trend,union_superset_approx,ai_peripheral,647,125,70,10,"LMT,CRH,UNP,HWM,AMT,CAT,PYPL,JCI,PWR,PH",min_dollar_volume,0.3833,max_ps_hist_percentile,0.00927357032457496,"[{""count"": 6, ""layer"": ""valuation_hard"", ""pct"": 0.00927357032457496, ""reason"": ""max_ps_hist_percentile""}, {""count"": 4, ""layer"": ""base_hard"", ""pct"": 0.0061823802163833074, ""reason"": ""channel_bucket_match""}, {""count"": 2, ""layer"": ""valuation_hard"", ""pct"": 0.0030911901081916537, ""reason"": ""trend_min_return_60d""}, {""count"": 1, ""layer"": ""base_hard"", ""pct"": 0.0015455950540958269, ""reason"": ""trend_min_avg_dollar_volume_20d""}]"
base,replay_base_2024-07-31,2024-07-31,industry_trend,union_superset_approx,core_ai,647,93,25,10,"NVDA,ANET,CRM,AVGO,IBM,CAT,TSLA,AMZN,GOOGL,MSFT",min_dollar_volume,0.3833,max_ps_percentile_in_sic,0.00463678516228748,"[{""count"": 3, ""layer"": ""valuation_hard"", ""pct"": 0.00463678516228748, ""reason"": ""max_ps_percentile_in_sic""}, {""count"": 1, ""layer"": ""quality_or_theme_hard"", ""pct"": 0.0015455950540958269, ""reason"": ""min_net_income_yoy""}, {""count"": 1, ""layer"": ""valuation_hard"", ""pct"": 0.0015455950540958269, ""reason"": ""trend_min_return_60d""}, {""count"": 1, ""layer"": ""quality_or_theme_hard"", ""pct"": 0.0015455950540958269, ""reason"": ""min_current_ratio""}, {""count"": 1, ""layer"": ""valuation_hard"", ""pct"": 0.0015455950540958269, ""reason"": ""max_ps_hist_percentile""}]"
base,replay_base_2024-07-31,2024-07-31,momentum,union_superset_approx,ai_enabler,647,259,85,10,"CRH,LMT,IBM,UNP,HWM,PWR,AMT,PYPL,CAT,PH",min_dollar_volume,0.3833,momentum_min_return_20d,0.0030911901081916537,"[{""count"": 2, ""layer"": ""valuation_hard"", ""pct"": 0.0030911901081916537, ""reason"": ""momentum_min_return_20d""}, {""count"": 1, ""layer"": ""quality_or_theme_hard"", ""pct"": 0.0015455950540958269, ""reason"": ""min_net_income_yoy""}, {""count"": 1, ""layer"": ""valuation_hard"", ""pct"": 0.0015455950540958269, ""reason"": ""momentum_min_return_60d""}, {""count"": 1, ""layer"": ""base_hard"", ""pct"": 0.0015455950540958269, ""reason"": ""momentum_min_avg_dollar_volume_20d""}, {""count"": 1, ""layer"": ""valuation_hard"", ""pct"": 0.0015455950540958269, ""reason"": ""max_ps_hist_percentile""}]"
base,replay_base_2024-07-31,2024-07-31,momentum,union_superset_approx,ai_peripheral,647,125,70,10,"CRH,HWM,LMT,AMT,UNP,PYPL,CAT,PH,SBAC,JCI",min_dollar_volume,0.3833,momentum_min_return_60d,0.0030911901081916537,"[{""count"": 2, ""layer"": ""valuation_hard"", ""pct"": 0.0030911901081916537, ""reason"": ""momentum_min_return_60d""}, {""count"": 1, ""layer"": ""base_hard"", ""pct"": 0.0015455950540958269, ""reason"": ""momentum_min_avg_dollar_volume_20d""}, {""count"": 1, ""layer"": ""valuation_hard"", ""pct"": 0.0015455950540958269, ""reason"": ""max_ps_hist_percentile""}]"
base,replay_base_2024-07-31,2024-07-31,momentum,union_superset_approx,core_ai,647,93,25,10,"IBM,CAT,CSCO,CRM,NVDA,TSLA,PYPL,AVGO,ORCL,GEV",min_dollar_volume,0.3833,momentum_min_return_20d,0.0030911901081916537,"[{""count"": 2, ""layer"": ""valuation_hard"", ""pct"": 0.0030911901081916537, ""reason"": ""momentum_min_return_20d""}]"
base,replay_base_2024-07-31,2024-07-31,research_pool,union_superset_approx,ai_enabler,647,84,84,10,"EME,LMT,ATI,PH,STLD,AKAM,QLYS,CHKP,HWM,TT",,0.0,,0.0,[]
base,replay_base_2024-07-31,2024-07-31,research_pool,union_superset_approx,ai_peripheral,647,52,52,10,"HII,FCX,UAL,WWD,IESC,G,BKR,SLB,HEI,EXLS",,0.0,,0.0,[]
base,replay_base_2024-07-31,2024-07-31,research_pool,union_superset_approx,core_ai,647,44,44,10,"ANET,ZM,NVDA,NFLX,PYPL,LHX,CAT,QCOM,CRM,PANW",,0.0,,0.0,[]
base,replay_base_2024-08-30,2024-08-30,low_value,union_superset_approx,ai_enabler,646,112,19,10,"ANET,PYPL,NFLX,CAT,LMT,CRH,ORCL,CHKP,PH,UNP",min_dollar_volume,0.4118,min_revenue_yoy,0.0015479876160990713,"[{""count"": 1, ""layer"": ""quality_or_theme_hard"", ""pct"": 0.0015479876160990713, ""reason"": ""min_revenue_yoy""}, {""count"": 1, ""layer"": ""base_hard"", ""pct"": 0.0015479876160990713, ""reason"": ""min_avg_dollar_volume_20d""}]"
base,replay_base_2024-08-30,2024-08-30,low_value,union_superset_approx,ai_peripheral,646,65,15,10,"PYPL,LMT,CAT,CRH,PH,UNP,GE,CMI,LHX,HWM",min_dollar_volume,0.4118,min_drawdown_percentile,0.0015479876160990713,"[{""count"": 1, ""layer"": ""valuation_hard"", ""pct"": 0.0015479876160990713, ""reason"": ""min_drawdown_percentile""}, {""count"": 1, ""layer"": ""valuation_hard"", ""pct"": 0.0015479876160990713, ""reason"": ""max_ps_hist_percentile""}, {""count"": 1, ""layer"": ""base_hard"", ""pct"": 0.0015479876160990713, ""reason"": ""channel_bucket_match""}]"
base,replay_base_2024-08-30,2024-08-30,low_value,union_superset_approx,core_ai,646,31,9,9,"ANET,NFLX,PYPL,CAT,ORCL,META,PANW,TXN,MPWR",min_dollar_volume,0.4118,min_avg_dollar_volume_20d,0.0015479876160990713,"[{""count"": 1, ""layer"": ""base_hard"", ""pct"": 0.0015479876160990713, ""reason"": ""min_avg_dollar_volume_20d""}]"
base,replay_base_2024-08-30,2024-08-30,industry_trend,union_superset_approx,ai_enabler,646,266,80,10,"NFLX,KLAC,AMZN,AVGO,CRH,ANET,CAT,CSCO,CRM,MRVL",min_dollar_volume,0.4118,trend_min_avg_dollar_volume_20d,0.006191950464396285,"[{""count"": 4, ""layer"": ""base_hard"", ""pct"": 0.006191950464396285, ""reason"": ""trend_min_avg_dollar_volume_20d""}, {""count"": 3, ""layer"": ""valuation_hard"", ""pct"": 0.0046439628482972135, ""reason"": ""max_ps_hist_percentile""}, {""count"": 2, ""layer"": ""valuation_hard"", ""pct"": 0.0030959752321981426, ""reason"": ""trend_min_return_60d""}, {""count"": 2, ""layer"": ""quality_or_theme_hard"", ""pct"": 0.0030959752321981426, ""reason"": ""min_current_ratio""}, {""count"": 1, ""layer"": ""quality_or_theme_hard"", ""pct"": 0.0015479876160990713, ""reason"": ""min_revenue_yoy""}]"
base,replay_base_2024-08-30,2024-08-30,industry_trend,union_superset_approx,ai_peripheral,646,132,65,10,"CRH,CAT,PH,PYPL,GEV,ETN,UNP,UBER,DE,VRT",min_dollar_volume,0.4118,channel_bucket_match,0.006191950464396285,"[{""count"": 4, ""layer"": ""base_hard"", ""pct"": 0.006191950464396285, ""reason"": ""channel_bucket_match""}, {""count"": 3, ""layer"": ""valuation_hard"", ""pct"": 0.0046439628482972135, ""reason"": ""max_ps_hist_percentile""}, {""count"": 1, ""layer"": ""base_hard"", ""pct"": 0.0015479876160990713, ""reason"": ""trend_min_avg_dollar_volume_20d""}]"
base,replay_base_2024-08-30,2024-08-30,industry_trend,union_superset_approx,core_ai,646,92,26,10,"AVGO,AMZN,CRM,NFLX,KLAC,MSFT,MRVL,CSCO,GOOGL,ANET",min_dollar_volume,0.4118,trend_min_avg_dollar_volume_20d,0.0030959752321981426,"[{""count"": 2, ""layer"": ""base_hard"", ""pct"": 0.0030959752321981426, ""reason"": ""trend_min_avg_dollar_volume_20d""}, {""count"": 2, ""layer"": ""quality_or_theme_hard"", ""pct"": 0.0030959752321981426, ""reason"": ""min_current_ratio""}, {""count"": 1, ""layer"": ""quality_or_theme_hard"", ""pct"": 0.0015479876160990713, ""reason"": ""min_net_income_yoy""}, {""count"": 1, ""layer"": ""valuation_hard"", ""pct"": 0.0015479876160990713, ""reason"": ""max_ps_percentile_in_sic""}, {""count"": 1, ""layer"": ""valuation_hard"", ""pct"": 0.0015479876160990713, ""reason"": ""trend_min_return_60d""}]"
base,replay_base_2024-08-30,2024-08-30,momentum,union_superset_approx,ai_enabler,646,266,80,10,"KLAC,MRVL,AVGO,NFLX,ZM,UBER,ANET,CRH,GEV,PYPL",min_dollar_volume,0.4118,momentum_min_avg_dollar_volume_20d,0.0046439628482972135,"[{""count"": 3, ""layer"": ""base_hard"", ""pct"": 0.0046439628482972135, ""reason"": ""momentum_min_avg_dollar_volume_20d""}, {""count"": 2, ""layer"": ""valuation_hard"", ""pct"": 0.0030959752321981426, ""reason"": ""momentum_min_return_60d""}, {""count"": 2, ""layer"": ""valuation_hard"", ""pct"": 0.0030959752321981426, ""reason"": ""max_ps_hist_percentile""}, {""count"": 1, ""layer"": ""quality_or_theme_hard"", ""pct"": 0.0015479876160990713, ""reason"": ""min_net_income_yoy""}]"
base,replay_base_2024-08-30,2024-08-30,momentum,union_superset_approx,ai_peripheral,646,132,65,10,"CRH,PH,PYPL,UBER,GEV,CAT,VRT,ETN,PWR,DE",min_dollar_volume,0.4118,max_ps_hist_percentile,0.0030959752321981426,"[{""count"": 2, ""layer"": ""valuation_hard"", ""pct"": 0.0030959752321981426, ""reason"": ""max_ps_hist_percentile""}, {""count"": 1, ""layer"": ""base_hard"", ""pct"": 0.0015479876160990713, ""reason"": ""channel_bucket_match""}]"
base,replay_base_2024-08-30,2024-08-30,momentum,union_superset_approx,core_ai,646,92,26,10,"MRVL,AVGO,KLAC,NFLX,UBER,ZM,CSCO,AMZN,GEV,ANET",min_dollar_volume,0.4118,momentum_min_return_60d,0.0030959752321981426,"[{""count"": 2, ""layer"": ""valuation_hard"", ""pct"": 0.0030959752321981426, ""reason"": ""momentum_min_return_60d""}, {""count"": 2, ""layer"": ""base_hard"", ""pct"": 0.0030959752321981426, ""reason"": ""momentum_min_avg_dollar_volume_20d""}, {""count"": 1, ""layer"": ""quality_or_theme_hard"", ""pct"": 0.0015479876160990713, ""reason"": ""min_net_income_yoy""}]"
base,replay_base_2024-08-30,2024-08-30,research_pool,union_superset_approx,ai_enabler,646,80,80,10,"EME,PH,LMT,CMI,AKAM,TT,CRH,CHKP,HWM,VRT",,0.0,,0.0,[]
base,replay_base_2024-08-30,2024-08-30,research_pool,union_superset_approx,ai_peripheral,646,53,53,10,"FCX,HII,TREX,IESC,G,UAL,SLB,BKR,AXON,DAL",,0.0,,0.0,[]
base,replay_base_2024-08-30,2024-08-30,research_pool,union_superset_approx,core_ai,646,52,52,10,"ANET,NFLX,PYPL,LHX,CAT,GOOG,GOOGL,CRM,PANW,AMZN",,0.0,,0.0,[]
base,replay_base_2024-09-30,2024-09-30,low_value,union_superset_approx,ai_enabler,647,118,15,10,"ANET,PYPL,CAT,CRH,LMT,VRT,EME,PH,ETN,PWR",min_dollar_volume,0.3833,min_net_income_yoy,0.0015455950540958269,"[{""count"": 1, ""layer"": ""quality_or_theme_hard"", ""pct"": 0.0015455950540958269, ""reason"": ""min_net_income_yoy""}, {""count"": 1, ""layer"": ""valuation_hard"", ""pct"": 0.0015455950540958269, ""reason"": ""min_drawdown_percentile""}, {""count"": 1, ""layer"": ""valuation_hard"", ""pct"": 0.0015455950540958269, ""reason"": ""max_ps_hist_percentile""}]"
base,replay_base_2024-09-30,2024-09-30,low_value,union_superset_approx,ai_peripheral,647,72,14,10,"PYPL,CAT,CRH,VRT,LMT,EME,PH,ETN,ACN,HWM",min_dollar_volume,0.3833,max_ps_hist_percentile,0.0061823802163833074,"[{""count"": 4, ""layer"": ""valuation_hard"", ""pct"": 0.0061823802163833074, ""reason"": ""max_ps_hist_percentile""}, {""count"": 2, ""layer"": ""base_hard"", ""pct"": 0.0030911901081916537, ""reason"": ""channel_bucket_match""}, {""count"": 1, ""layer"": ""base_hard"", ""pct"": 0.0015455950540958269, ""reason"": ""min_avg_dollar_volume_20d""}]"
base,replay_base_2024-09-30,2024-09-30,low_value,union_superset_approx,core_ai,647,27,4,4,"PYPL,CAT,ORCL,META",min_dollar_volume,0.3833,min_net_income_yoy,0.0015455950540958269,"[{""count"": 1, ""layer"": ""quality_or_theme_hard"", ""pct"": 0.0015455950540958269, ""reason"": ""min_net_income_yoy""}, {""count"": 1, ""layer"": ""quality_or_theme_hard"", ""pct"": 0.0015455950540958269, ""reason"": ""min_ai_link_score""}]"
base,replay_base_2024-09-30,2024-09-30,industry_trend,union_superset_approx,ai_enabler,647,291,85,10,"TSLA,ORCL,CRM,IBM,CAT,AMZN,ANET,FCX,META,VRT",min_dollar_volume,0.3833,max_ps_hist_percentile,0.0077279752704791345,"[{""count"": 5, ""layer"": ""valuation_hard"", ""pct"": 0.0077279752704791345, ""reason"": ""max_ps_hist_percentile""}, {""count"": 4, ""layer"": ""valuation_hard"", ""pct"": 0.0061823802163833074, ""reason"": ""trend_min_return_60d""}, {""count"": 2, ""layer"": ""base_hard"", ""pct"": 0.0030911901081916537, ""reason"": ""trend_min_avg_dollar_volume_20d""}, {""count"": 2, ""layer"": ""quality_or_theme_hard"", ""pct"": 0.0030911901081916537, ""reason"": ""min_current_ratio""}, {""count"": 1, ""layer"": ""quality_or_theme_hard"", ""pct"": 0.0015455950540958269, ""reason"": ""min_net_income_yoy""}]"
base,replay_base_2024-09-30,2024-09-30,industry_trend,union_superset_approx,ai_peripheral,647,141,70,10,"CAT,FCX,ETN,DE,VRT,GEV,PH,AMT,CRH,HWM",min_dollar_volume,0.3833,max_ps_hist_percentile,0.00927357032457496,"[{""count"": 6, ""layer"": ""valuation_hard"", ""pct"": 0.00927357032457496, ""reason"": ""max_ps_hist_percentile""}, {""count"": 3, ""layer"": ""base_hard"", ""pct"": 0.00463678516228748, ""reason"": ""channel_bucket_match""}]"
base,replay_base_2024-09-30,2024-09-30,industry_trend,union_superset_approx,core_ai,647,98,26,10,"TSLA,ORCL,CRM,AMZN,META,IBM,ANET,CAT,NFLX,GEV",min_dollar_volume,0.3833,trend_min_return_60d,0.0030911901081916537,"[{""count"": 2, ""layer"": ""valuation_hard"", ""pct"": 0.0030911901081916537, ""reason"": ""trend_min_return_60d""}, {""count"": 2, ""layer"": ""quality_or_theme_hard"", ""pct"": 0.0030911901081916537, ""reason"": ""min_ai_link_score""}, {""count"": 1, ""layer"": ""quality_or_theme_hard"", ""pct"": 0.0015455950540958269, ""reason"": ""min_net_income_yoy""}, {""count"": 1, ""layer"": ""quality_or_theme_hard"", ""pct"": 0.0015455950540958269, ""reason"": ""max_ev_to_ebit""}, {""count"": 1, ""layer"": ""base_hard"", ""pct"": 0.0015455950540958269, ""reason"": ""trend_min_avg_dollar_volume_20d""}]"
base,replay_base_2024-09-30,2024-09-30,momentum,union_superset_approx,ai_enabler,647,291,85,10,"TSLA,ORCL,CRM,IBM,ANET,FCX,GEV,CAT,VRT,AMZN",min_dollar_volume,0.3833,momentum_min_return_60d,0.00463678516228748,"[{""count"": 3, ""layer"": ""valuation_hard"", ""pct"": 0.00463678516228748, ""reason"": ""momentum_min_return_60d""}, {""count"": 2, ""layer"": ""valuation_hard"", ""pct"": 0.0030911901081916537, ""reason"": ""max_ps_hist_percentile""}, {""count"": 1, ""layer"": ""quality_or_theme_hard"", ""pct"": 0.0015455950540958269, ""reason"": ""min_net_income_yoy""}, {""count"": 1, ""layer"": ""base_hard"", ""pct"": 0.0015455950540958269, ""reason"": ""momentum_min_avg_dollar_volume_20d""}]"
base,replay_base_2024-09-30,2024-09-30,momentum,union_superset_approx,ai_peripheral,647,141,70,10,"FCX,CAT,ETN,GEV,VRT,DE,PWR,PYPL,EME,PH",min_dollar_volume,0.3833,max_ps_hist_percentile,0.00463678516228748,"[{""count"": 3, ""layer"": ""valuation_hard"", ""pct"": 0.00463678516228748, ""reason"": ""max_ps_hist_percentile""}, {""count"": 1, ""layer"": ""valuation_hard"", ""pct"": 0.0015455950540958269, ""reason"": ""momentum_min_return_60d""}]"
base,replay_base_2024-09-30,2024-09-30,momentum,union_superset_approx,core_ai,647,98,26,10,"ORCL,TSLA,CRM,IBM,GEV,AMZN,ANET,META,CAT,CEG",min_dollar_volume,0.3833,min_net_income_yoy,0.0015455950540958269,"[{""count"": 1, ""layer"": ""quality_or_theme_hard"", ""pct"": 0.0015455950540958269, ""reason"": ""min_net_income_yoy""}, {""count"": 1, ""layer"": ""valuation_hard"", ""pct"": 0.0015455950540958269, ""reason"": ""max_ps_hist_percentile""}, {""count"": 1, ""layer"": ""quality_or_theme_hard"", ""pct"": 0.0015455950540958269, ""reason"": ""min_ai_link_score""}]"
base,replay_base_2024-09-30,2024-09-30,research_pool,union_superset_approx,ai_enabler,647,71,71,10,"EME,LMT,ACN,AKAM,QLYS,TT,PWR,GE,CRH,VRT",,0.0,,0.0,[]
base,replay_base_2024-09-30,2024-09-30,research_pool,union_superset_approx,ai_peripheral,647,46,46,10,"FCX,HII,EEFT,IESC,SLB,TREX,DAL,BKR,G,APD",,0.0,,0.0,[]
base,replay_base_2024-09-30,2024-09-30,research_pool,union_superset_approx,core_ai,647,46,46,10,"ANET,NFLX,PYPL,LHX,CAT,CSCO,GOOG,GOOGL,CRM,META",,0.0,,0.0,[]
base,replay_base_2024-10-31,2024-10-31,low_value,union_superset_approx,ai_enabler,649,96,15,10,"PYPL,GOOGL,NFLX,AMZN,GOOG,CRH,EME,TSLA,CSCO,BWXT",min_dollar_volume,0.3205,min_return_20d,0.0015408320493066256,"[{""count"": 1, ""layer"": ""valuation_hard"", ""pct"": 0.0015408320493066256, ""reason"": ""min_return_20d""}, {""count"": 1, ""layer"": ""valuation_hard"", ""pct"": 0.0015408320493066256, ""reason"": ""max_ps_percentile_in_sic""}]"
base,replay_base_2024-10-31,2024-10-31,low_value,union_superset_approx,ai_peripheral,649,41,7,7,"PYPL,CRH,EME,BAH,VMC,BWXT,EQIX",min_dollar_volume,0.3205,min_return_20d,0.0015408320493066256,"[{""count"": 1, ""layer"": ""valuation_hard"", ""pct"": 0.0015408320493066256, ""reason"": ""min_return_20d""}, {""count"": 1, ""layer"": ""valuation_hard"", ""pct"": 0.0015408320493066256, ""reason"": ""max_ps_hist_percentile""}]"
base,replay_base_2024-10-31,2024-10-31,low_value,union_superset_approx,core_ai,649,35,9,9,"GOOGL,NFLX,GOOG,CRM,TSLA,CSCO,BWXT,PANW,NVDA",min_dollar_volume,0.3205,max_ps_percentile_in_sic,0.0030816640986132513,"[{""count"": 2, ""layer"": ""valuation_hard"", ""pct"": 0.0030816640986132513, ""reason"": ""max_ps_percentile_in_sic""}, {""count"": 1, ""layer"": ""valuation_hard"", ""pct"": 0.0015408320493066256, ""reason"": ""min_return_20d""}]"
base,replay_base_2024-10-31,2024-10-31,industry_trend,union_superset_approx,ai_enabler,649,308,90,10,"NFLX,AMZN,GOOGL,TSLA,CRM,GOOG,ANET,ETN,CSCO,VMC",min_dollar_volume,0.3205,max_ps_hist_percentile,0.0061633281972265025,"[{""count"": 4, ""layer"": ""valuation_hard"", ""pct"": 0.0061633281972265025, ""reason"": ""max_ps_hist_percentile""}, {""count"": 3, ""layer"": ""quality_or_theme_hard"", ""pct"": 0.004622496147919877, ""reason"": ""min_current_ratio""}, {""count"": 2, ""layer"": ""quality_or_theme_hard"", ""pct"": 0.0030816640986132513, ""reason"": ""min_revenue_yoy""}, {""count"": 2, ""layer"": ""quality_or_theme_hard"", ""pct"": 0.0030816640986132513, ""reason"": ""min_net_income_yoy""}, {""count"": 2, ""layer"": ""quality_or_theme_hard"", ""pct"": 0.0030816640986132513, ""reason"": ""max_ev_to_ebit""}]"
base,replay_base_2024-10-31,2024-10-31,industry_trend,union_superset_approx,ai_peripheral,649,154,75,10,"ETN,VMC,CRH,PH,GEV,ETR,CAT,UNP,PYPL,PWR",min_dollar_volume,0.3205,channel_bucket_match,0.009244992295839754,"[{""count"": 6, ""layer"": ""base_hard"", ""pct"": 0.009244992295839754, ""reason"": ""channel_bucket_match""}, {""count"": 4, ""layer"": ""valuation_hard"", ""pct"": 0.0061633281972265025, ""reason"": ""max_ps_hist_percentile""}, {""count"": 3, ""layer"": ""quality_or_theme_hard"", ""pct"": 0.004622496147919877, ""reason"": ""min_current_ratio""}, {""count"": 2, ""layer"": ""quality_or_theme_hard"", ""pct"": 0.0030816640986132513, ""reason"": ""min_ai_link_score""}, {""count"": 1, ""layer"": ""quality_or_theme_hard"", ""pct"": 0.0015408320493066256, ""reason"": ""min_net_income_yoy""}]"
base,replay_base_2024-10-31,2024-10-31,industry_trend,union_superset_approx,core_ai,649,102,27,10,"GOOGL,AMZN,NFLX,TSLA,MSFT,GOOG,ANET,NVDA,CSCO,BKNG",min_dollar_volume,0.3205,max_ps_percentile_in_sic,0.0061633281972265025,"[{""count"": 4, ""layer"": ""valuation_hard"", ""pct"": 0.0061633281972265025, ""reason"": ""max_ps_percentile_in_sic""}, {""count"": 2, ""layer"": ""valuation_hard"", ""pct"": 0.0030816640986132513, ""reason"": ""max_ps_hist_percentile""}, {""count"": 2, ""layer"": ""quality_or_theme_hard"", ""pct"": 0.0030816640986132513, ""reason"": ""min_ai_link_score""}, {""count"": 1, ""layer"": ""quality_or_theme_hard"", ""pct"": 0.0015408320493066256, ""reason"": ""min_revenue_yoy""}, {""count"": 1, ""layer"": ""quality_or_theme_hard"", ""pct"": 0.0015408320493066256, ""reason"": ""min_net_income_yoy""}]"
base,replay_base_2024-10-31,2024-10-31,momentum,union_superset_approx,ai_enabler,649,308,90,10,"NFLX,AMZN,GEV,CRM,TSLA,GOOGL,ZM,ETR,CRH,ALAB",min_dollar_volume,0.3205,max_ps_hist_percentile,0.0030816640986132513,"[{""count"": 2, ""layer"": ""valuation_hard"", ""pct"": 0.0030816640986132513, ""reason"": ""max_ps_hist_percentile""}, {""count"": 1, ""layer"": ""quality_or_theme_hard"", ""pct"": 0.0015408320493066256, ""reason"": ""max_ev_to_ebit""}, {""count"": 1, ""layer"": ""quality_or_theme_hard"", ""pct"": 0.0015408320493066256, ""reason"": ""min_net_income_yoy""}, {""count"": 1, ""layer"": ""valuation_hard"", ""pct"": 0.0015408320493066256, ""reason"": ""momentum_min_return_20d""}, {""count"": 1, ""layer"": ""valuation_hard"", ""pct"": 0.0015408320493066256, ""reason"": ""momentum_min_return_60d""}]"
base,replay_base_2024-10-31,2024-10-31,momentum,union_superset_approx,ai_peripheral,649,154,75,10,"GEV,CRH,VMC,ETR,ETN,MLM,VRT,PYPL,KMI,NVT",min_dollar_volume,0.3205,max_ps_hist_percentile,0.0030816640986132513,"[{""count"": 2, ""layer"": ""valuation_hard"", ""pct"": 0.0030816640986132513, ""reason"": ""max_ps_hist_percentile""}, {""count"": 1, ""layer"": ""base_hard"", ""pct"": 0.0015408320493066256, ""reason"": ""channel_bucket_match""}]"
base,replay_base_2024-10-31,2024-10-31,momentum,union_superset_approx,core_ai,649,102,27,10,"GOOGL,AMZN,NFLX,CRM,TSLA,NVDA,GEV,CSCO,ZM,MRVL",min_dollar_volume,0.3205,max_ev_to_ebit,0.0015408320493066256,"[{""count"": 1, ""layer"": ""quality_or_theme_hard"", ""pct"": 0.0015408320493066256, ""reason"": ""max_ev_to_ebit""}, {""count"": 1, ""layer"": ""quality_or_theme_hard"", ""pct"": 0.0015408320493066256, ""reason"": ""min_net_income_yoy""}, {""count"": 1, ""layer"": ""valuation_hard"", ""pct"": 0.0015408320493066256, ""reason"": ""momentum_min_return_20d""}]"
base,replay_base_2024-10-31,2024-10-31,research_pool,union_superset_approx,ai_enabler,649,69,69,10,"EME,LMT,CMI,AKAM,BAH,CRH,RTX,TT,HWM,PWR",,0.0,,0.0,[]
base,replay_base_2024-10-31,2024-10-31,research_pool,union_superset_approx,ai_peripheral,649,48,48,10,"FCX,HII,SLB,IESC,DAL,MATX,BKR,MTH,G,APD",,0.0,,0.0,[]
base,replay_base_2024-10-31,2024-10-31,research_pool,union_superset_approx,core_ai,649,48,48,10,"ANET,NFLX,LDOS,PYPL,CAT,LHX,CSCO,GOOG,GOOGL,PANW",,0.0,,0.0,[]
base,replay_base_2024-11-29,2024-11-29,low_value,union_superset_approx,ai_enabler,649,173,22,10,"ANET,PYPL,NFLX,AMZN,CAT,CRH,CRM,EME,ACN,PH",min_dollar_volume,0.4576,min_return_20d,0.0030816640986132513,"[{""count"": 2, ""layer"": ""valuation_hard"", ""pct"": 0.0030816640986132513, ""reason"": ""min_return_20d""}, {""count"": 2, ""layer"": ""valuation_hard"", ""pct"": 0.0030816640986132513, ""reason"": ""max_ps_hist_percentile""}]"
base,replay_base_2024-11-29,2024-11-29,low_value,union_superset_approx,ai_peripheral,649,81,16,10,"PYPL,EME,CRH,CAT,PH,ACN,GE,ETN,PWR,HWM",min_dollar_volume,0.4576,max_ps_hist_percentile,0.0061633281972265025,"[{""count"": 4, ""layer"": ""valuation_hard"", ""pct"": 0.0061633281972265025, ""reason"": ""max_ps_hist_percentile""}, {""count"": 2, ""layer"": ""base_hard"", ""pct"": 0.0030816640986132513, ""reason"": ""channel_bucket_match""}]"
base,replay_base_2024-11-29,2024-11-29,low_value,union_superset_approx,core_ai,649,52,10,10,"ANET,PYPL,NFLX,AMZN,CAT,CRM,ORCL,CSCO,TSLA,NVDA",min_dollar_volume,0.4576,,0.0,[]
base,replay_base_2024-11-29,2024-11-29,industry_trend,union_superset_approx,ai_enabler,649,321,89,10,"TSLA,NFLX,AMZN,CRM,IBM,ANET,ORCL,MSFT,UNP,CAT",min_dollar_volume,0.4576,max_ps_hist_percentile,0.007704160246533128,"[{""count"": 5, ""layer"": ""valuation_hard"", ""pct"": 0.007704160246533128, ""reason"": ""max_ps_hist_percentile""}, {""count"": 3, ""layer"": ""valuation_hard"", ""pct"": 0.004622496147919877, ""reason"": ""trend_min_return_60d""}, {""count"": 2, ""layer"": ""quality_or_theme_hard"", ""pct"": 0.0030816640986132513, ""reason"": ""min_current_ratio""}, {""count"": 2, ""layer"": ""quality_or_theme_hard"", ""pct"": 0.0030816640986132513, ""reason"": ""min_ai_link_score""}, {""count"": 1, ""layer"": ""quality_or_theme_hard"", ""pct"": 0.0015408320493066256, ""reason"": ""min_net_income_yoy""}]"
base,replay_base_2024-11-29,2024-11-29,industry_trend,union_superset_approx,ai_peripheral,649,153,72,10,"ETN,CAT,HWM,DE,UNP,KMI,PH,CRH,CSX,PYPL",min_dollar_volume,0.4576,channel_bucket_match,0.01078582434514638,"[{""count"": 7, ""layer"": ""base_hard"", ""pct"": 0.01078582434514638, ""reason"": ""channel_bucket_match""}, {""count"": 5, ""layer"": ""valuation_hard"", ""pct"": 0.007704160246533128, ""reason"": ""max_ps_hist_percentile""}, {""count"": 2, ""layer"": ""quality_or_theme_hard"", ""pct"": 0.0030816640986132513, ""reason"": ""min_current_ratio""}, {""count"": 1, ""layer"": ""quality_or_theme_hard"", ""pct"": 0.0015408320493066256, ""reason"": ""min_net_income_yoy""}, {""count"": 1, ""layer"": ""valuation_hard"", ""pct"": 0.0015408320493066256, ""reason"": ""trend_min_return_60d""}]"
base,replay_base_2024-11-29,2024-11-29,industry_trend,union_superset_approx,core_ai,649,103,27,10,"AMZN,TSLA,MSFT,CRM,NFLX,GOOGL,ANET,IBM,LRCX,NVDA",min_dollar_volume,0.4576,max_ps_percentile_in_sic,0.0030816640986132513,"[{""count"": 2, ""layer"": ""valuation_hard"", ""pct"": 0.0030816640986132513, ""reason"": ""max_ps_percentile_in_sic""}, {""count"": 2, ""layer"": ""valuation_hard"", ""pct"": 0.0030816640986132513, ""reason"": ""trend_min_return_60d""}, {""count"": 2, ""layer"": ""valuation_hard"", ""pct"": 0.0030816640986132513, ""reason"": ""max_ps_hist_percentile""}, {""count"": 1, ""layer"": ""quality_or_theme_hard"", ""pct"": 0.0015408320493066256, ""reason"": ""min_net_income_yoy""}, {""count"": 1, ""layer"": ""quality_or_theme_hard"", ""pct"": 0.0015408320493066256, ""reason"": ""min_ai_link_score""}]"
base,replay_base_2024-11-29,2024-11-29,momentum,union_superset_approx,ai_enabler,649,321,89,10,"TSLA,NFLX,SNOW,AMZN,ALAB,CRM,PLTR,IBM,RKLB,ANET",min_dollar_volume,0.4576,max_ps_hist_percentile,0.004622496147919877,"[{""count"": 3, ""layer"": ""valuation_hard"", ""pct"": 0.004622496147919877, ""reason"": ""max_ps_hist_percentile""}, {""count"": 1, ""layer"": ""quality_or_theme_hard"", ""pct"": 0.0015408320493066256, ""reason"": ""min_net_income_yoy""}, {""count"": 1, ""layer"": ""quality_or_theme_hard"", ""pct"": 0.0015408320493066256, ""reason"": ""min_ai_link_score""}]"
base,replay_base_2024-11-29,2024-11-29,momentum,union_superset_approx,ai_peripheral,649,153,72,10,"HWM,ETN,DE,OKE,KMI,PWR,VRT,EME,CAT,PH",min_dollar_volume,0.4576,max_ps_hist_percentile,0.0061633281972265025,"[{""count"": 4, ""layer"": ""valuation_hard"", ""pct"": 0.0061633281972265025, ""reason"": ""max_ps_hist_percentile""}, {""count"": 3, ""layer"": ""base_hard"", ""pct"": 0.004622496147919877, ""reason"": ""channel_bucket_match""}]"
base,replay_base_2024-11-29,2024-11-29,momentum,union_superset_approx,core_ai,649,103,27,10,"TSLA,AMZN,SNOW,CRM,NFLX,ORCL,ALAB,RKLB,IBM,INTC",min_dollar_volume,0.4576,max_ps_hist_percentile,0.0030816640986132513,"[{""count"": 2, ""layer"": ""valuation_hard"", ""pct"": 0.0030816640986132513, ""reason"": ""max_ps_hist_percentile""}, {""count"": 1, ""layer"": ""quality_or_theme_hard"", ""pct"": 0.0015408320493066256, ""reason"": ""min_net_income_yoy""}, {""count"": 1, ""layer"": ""quality_or_theme_hard"", ""pct"": 0.0015408320493066256, ""reason"": ""min_ai_link_score""}]"
base,replay_base_2024-11-29,2024-11-29,research_pool,union_superset_approx,ai_enabler,649,77,77,10,"EME,OKLO,GE,CHKP,ACN,ATEN,CMI,CRH,QLYS,TT",,0.0,,0.0,[]
base,replay_base_2024-11-29,2024-11-29,research_pool,union_superset_approx,ai_peripheral,649,52,52,10,"FCX,HII,NEM,IESC,WWD,DAL,G,EEFT,SLB,LYB",,0.0,,0.0,[]
base,replay_base_2024-11-29,2024-11-29,research_pool,union_superset_approx,core_ai,649,49,49,10,"ANET,NFLX,PYPL,LDOS,QCOM,CAT,CSCO,GOOG,GOOGL,PANW",,0.0,,0.0,[]
base,replay_base_2024-12-31,2024-12-31,low_value,union_superset_approx,ai_enabler,651,25,6,6,"ANET,GOOGL,GOOG,AMZN,TSLA,PLTR",min_dollar_volume,0.4117,min_drawdown_percentile,0.0015360983102918587,"[{""count"": 1, ""layer"": ""valuation_hard"", ""pct"": 0.0015360983102918587, ""reason"": ""min_drawdown_percentile""}]"
base,replay_base_2024-12-31,2024-12-31,low_value,union_superset_approx,ai_peripheral,651,2,0,0,,min_dollar_volume,0.4117,,0.0,[]
base,replay_base_2024-12-31,2024-12-31,low_value,union_superset_approx,core_ai,651,13,6,6,"ANET,GOOGL,GOOG,AMZN,TSLA,PLTR",min_dollar_volume,0.4117,,0.0,[]
base,replay_base_2024-12-31,2024-12-31,industry_trend,union_superset_approx,ai_enabler,651,313,87,10,"GOOGL,GOOG,AMZN,ANET,CRM,NFLX,TSLA,IBM,AAPL,UNP",min_dollar_volume,0.4117,trend_min_return_60d,0.013824884792626729,"[{""count"": 9, ""layer"": ""valuation_hard"", ""pct"": 0.013824884792626729, ""reason"": ""trend_min_return_60d""}, {""count"": 6, ""layer"": ""valuation_hard"", ""pct"": 0.009216589861751152, ""reason"": ""max_ps_hist_percentile""}, {""count"": 2, ""layer"": ""quality_or_theme_hard"", ""pct"": 0.0030721966205837174, ""reason"": ""min_net_income_yoy""}, {""count"": 2, ""layer"": ""quality_or_theme_hard"", ""pct"": 0.0030721966205837174, ""reason"": ""min_ai_link_score""}, {""count"": 1, ""layer"": ""valuation_hard"", ""pct"": 0.0015360983102918587, ""reason"": ""max_ps_percentile_in_sic""}]"
base,replay_base_2024-12-31,2024-12-31,industry_trend,union_superset_approx,ai_peripheral,651,142,71,10,"UNP,PYPL,GEV,RTX,ACN,BA,HWM,CAT,ETN,KMI",min_dollar_volume,0.4117,trend_min_return_60d,0.007680491551459293,"[{""count"": 5, ""layer"": ""valuation_hard"", ""pct"": 0.007680491551459293, ""reason"": ""trend_min_return_60d""}, {""count"": 4, ""layer"": ""valuation_hard"", ""pct"": 0.006144393241167435, ""reason"": ""max_ps_hist_percentile""}, {""count"": 3, ""layer"": ""quality_or_theme_hard"", ""pct"": 0.004608294930875576, ""reason"": ""min_current_ratio""}, {""count"": 3, ""layer"": ""base_hard"", ""pct"": 0.004608294930875576, ""reason"": ""channel_bucket_match""}, {""count"": 2, ""layer"": ""base_hard"", ""pct"": 0.0030721966205837174, ""reason"": ""trend_min_avg_dollar_volume_20d""}]"
base,replay_base_2024-12-31,2024-12-31,industry_trend,union_superset_approx,core_ai,651,107,28,10,"GOOGL,GOOG,AMZN,MSFT,TSLA,NFLX,ANET,CSCO,AAPL,NVDA",min_dollar_volume,0.4117,trend_min_return_60d,0.004608294930875576,"[{""count"": 3, ""layer"": ""valuation_hard"", ""pct"": 0.004608294930875576, ""reason"": ""trend_min_return_60d""}, {""count"": 1, ""layer"": ""quality_or_theme_hard"", ""pct"": 0.0015360983102918587, ""reason"": ""min_net_income_yoy""}, {""count"": 1, ""layer"": ""valuation_hard"", ""pct"": 0.0015360983102918587, ""reason"": ""max_ps_percentile_in_sic""}, {""count"": 1, ""layer"": ""base_hard"", ""pct"": 0.0015360983102918587, ""reason"": ""trend_min_avg_dollar_volume_20d""}, {""count"": 1, ""layer"": ""valuation_hard"", ""pct"": 0.0015360983102918587, ""reason"": ""max_ps_hist_percentile""}]"
base,replay_base_2024-12-31,2024-12-31,momentum,union_superset_approx,ai_enabler,651,313,87,10,"GOOGL,GOOG,ANET,AMZN,TSLA,CRM,BA,MRVL,NFLX,ALAB",min_dollar_volume,0.4117,max_ps_hist_percentile,0.004608294930875576,"[{""count"": 3, ""layer"": ""valuation_hard"", ""pct"": 0.004608294930875576, ""reason"": ""max_ps_hist_percentile""}, {""count"": 1, ""layer"": ""valuation_hard"", ""pct"": 0.0015360983102918587, ""reason"": ""momentum_min_return_20d""}]"
base,replay_base_2024-12-31,2024-12-31,momentum,union_superset_approx,ai_peripheral,651,142,71,10,"BA,PYPL,GEV,UNP,RTX,KMI,ETR,ACN,HWM,GD",min_dollar_volume,0.4117,channel_bucket_match,0.0015360983102918587,"[{""count"": 1, ""layer"": ""base_hard"", ""pct"": 0.0015360983102918587, ""reason"": ""channel_bucket_match""}]"
base,replay_base_2024-12-31,2024-12-31,momentum,union_superset_approx,core_ai,651,107,28,10,"GOOGL,GOOG,AMZN,ANET,TSLA,CRM,MRVL,NFLX,CSCO,ALAB",min_dollar_volume,0.4117,momentum_min_return_20d,0.0015360983102918587,"[{""count"": 1, ""layer"": ""valuation_hard"", ""pct"": 0.0015360983102918587, ""reason"": ""momentum_min_return_20d""}, {""count"": 1, ""layer"": ""base_hard"", ""pct"": 0.0015360983102918587, ""reason"": ""momentum_min_avg_dollar_volume_20d""}, {""count"": 1, ""layer"": ""valuation_hard"", ""pct"": 0.0015360983102918587, ""reason"": ""max_ps_hist_percentile""}]"
base,replay_base_2024-12-31,2024-12-31,research_pool,union_superset_approx,ai_enabler,651,64,64,10,"EME,HPE,OKLO,CMI,QLYS,AKAM,GD,CRH,RTX,VRT",,0.0,,0.0,[]
base,replay_base_2024-12-31,2024-12-31,research_pool,union_superset_approx,ai_peripheral,651,40,40,10,"HII,FCX,IESC,WWD,LEN,SLB,KEX,MATX,NEM,ECL",,0.0,,0.0,[]
base,replay_base_2024-12-31,2024-12-31,research_pool,union_superset_approx,core_ai,651,43,43,10,"ANET,NFLX,PYPL,CSCO,DIS,GOOG,GOOGL,META,PANW,MSFT",,0.0,,0.0,[]
base,replay_base_2025-01-31,2025-01-31,low_value,union_superset_approx,ai_enabler,652,113,16,10,"ANET,PYPL,NFLX,RTX,GOOGL,GOOG,AMZN,UNP,VRT,PH",min_dollar_volume,0.2991,,0.0,[]
base,replay_base_2025-01-31,2025-01-31,low_value,union_superset_approx,ai_peripheral,652,43,12,10,"PYPL,RTX,CRH,VRT,UNP,PH,GE,HWM,ACN,CMI",min_dollar_volume,0.2991,channel_bucket_match,0.003067484662576687,"[{""count"": 2, ""layer"": ""base_hard"", ""pct"": 0.003067484662576687, ""reason"": ""channel_bucket_match""}]"
base,replay_base_2025-01-31,2025-01-31,low_value,union_superset_approx,core_ai,652,41,7,7,"ANET,PYPL,NFLX,GOOGL,GOOG,AMZN,FTNT",min_dollar_volume,0.2991,max_60d_volatility_percentile,0.0015337423312883436,"[{""count"": 1, ""layer"": ""valuation_hard"", ""pct"": 0.0015337423312883436, ""reason"": ""max_60d_volatility_percentile""}]"
base,replay_base_2025-01-31,2025-01-31,industry_trend,union_superset_approx,ai_enabler,652,341,90,10,"KLAC,IBM,AMZN,GOOGL,NFLX,LRCX,GOOG,META,ANET,UNP",min_dollar_volume,0.2991,max_ps_hist_percentile,0.007668711656441718,"[{""count"": 5, ""layer"": ""valuation_hard"", ""pct"": 0.007668711656441718, ""reason"": ""max_ps_hist_percentile""}, {""count"": 4, ""layer"": ""valuation_hard"", ""pct"": 0.006134969325153374, ""reason"": ""trend_min_return_60d""}, {""count"": 3, ""layer"": ""quality_or_theme_hard"", ""pct"": 0.004601226993865031, ""reason"": ""min_net_income_yoy""}, {""count"": 3, ""layer"": ""quality_or_theme_hard"", ""pct"": 0.004601226993865031, ""reason"": ""min_ai_link_score""}, {""count"": 2, ""layer"": ""base_hard"", ""pct"": 0.003067484662576687, ""reason"": ""trend_min_avg_dollar_volume_20d""}]"
base,replay_base_2025-01-31,2025-01-31,industry_trend,union_superset_approx,ai_peripheral,652,161,75,10,"PH,UNP,RTX,GE,UBER,GEV,CAT,CRH,DE,ACN",min_dollar_volume,0.2991,channel_bucket_match,0.010736196319018405,"[{""count"": 7, ""layer"": ""base_hard"", ""pct"": 0.010736196319018405, ""reason"": ""channel_bucket_match""}, {""count"": 4, ""layer"": ""valuation_hard"", ""pct"": 0.006134969325153374, ""reason"": ""max_ps_hist_percentile""}, {""count"": 3, ""layer"": ""valuation_hard"", ""pct"": 0.004601226993865031, ""reason"": ""trend_min_return_60d""}, {""count"": 2, ""layer"": ""quality_or_theme_hard"", ""pct"": 0.003067484662576687, ""reason"": ""min_net_income_yoy""}, {""count"": 2, ""layer"": ""quality_or_theme_hard"", ""pct"": 0.003067484662576687, ""reason"": ""min_ai_link_score""}]"
base,replay_base_2025-01-31,2025-01-31,industry_trend,union_superset_approx,core_ai,652,111,27,10,"GOOGL,AMZN,KLAC,META,IBM,LRCX,NFLX,MSFT,ANET,QCOM",min_dollar_volume,0.2991,min_net_income_yoy,0.0015337423312883436,"[{""count"": 1, ""layer"": ""quality_or_theme_hard"", ""pct"": 0.0015337423312883436, ""reason"": ""min_net_income_yoy""}, {""count"": 1, ""layer"": ""valuation_hard"", ""pct"": 0.0015337423312883436, ""reason"": ""max_ps_percentile_in_sic""}, {""count"": 1, ""layer"": ""valuation_hard"", ""pct"": 0.0015337423312883436, ""reason"": ""max_pe_percentile_in_sic""}, {""count"": 1, ""layer"": ""valuation_hard"", ""pct"": 0.0015337423312883436, ""reason"": ""trend_max_60d_volatility""}, {""count"": 1, ""layer"": ""quality_or_theme_hard"", ""pct"": 0.0015337423312883436, ""reason"": ""max_shares_yoy""}]"
base,replay_base_2025-01-31,2025-01-31,momentum,union_superset_approx,ai_enabler,652,341,90,10,"KLAC,IBM,LRCX,META,AMZN,NFLX,GOOGL,GE,QCOM,GOOG",min_dollar_volume,0.2991,max_ps_hist_percentile,0.004601226993865031,"[{""count"": 3, ""layer"": ""valuation_hard"", ""pct"": 0.004601226993865031, ""reason"": ""max_ps_hist_percentile""}, {""count"": 1, ""layer"": ""base_hard"", ""pct"": 0.0015337423312883436, ""reason"": ""momentum_min_avg_dollar_volume_20d""}]"
base,replay_base_2025-01-31,2025-01-31,momentum,union_superset_approx,ai_peripheral,652,161,75,10,"GEV,PH,UBER,GE,HWM,RTX,UNP,DE,CRH,NSC",min_dollar_volume,0.2991,channel_bucket_match,0.006134969325153374,"[{""count"": 4, ""layer"": ""base_hard"", ""pct"": 0.006134969325153374, ""reason"": ""channel_bucket_match""}, {""count"": 2, ""layer"": ""valuation_hard"", ""pct"": 0.003067484662576687, ""reason"": ""max_ps_hist_percentile""}]"
base,replay_base_2025-01-31,2025-01-31,momentum,union_superset_approx,core_ai,652,111,27,10,"KLAC,IBM,META,GOOGL,LRCX,AMZN,NFLX,GOOG,QCOM,ANET",min_dollar_volume,0.2991,,0.0,[]
base,replay_base_2025-01-31,2025-01-31,research_pool,union_superset_approx,ai_enabler,652,76,76,10,"EME,QLYS,HPE,NOC,CMI,BAH,AKAM,CRH,RTX,TT",,0.0,,0.0,[]
base,replay_base_2025-01-31,2025-01-31,research_pool,union_superset_approx,ai_peripheral,652,50,50,10,"HII,FCX,IESC,WWD,EEFT,DAL,VICI,G,MTH,KEX",,0.0,,0.0,[]
base,replay_base_2025-01-31,2025-01-31,research_pool,union_superset_approx,core_ai,652,48,48,10,"KLAC,ANET,LDOS,NFLX,PYPL,QCOM,CSCO,DIS,OII,GOOG",,0.0,,0.0,[]
base,replay_base_2025-02-28,2025-02-28,low_value,union_superset_approx,ai_enabler,654,43,4,4,"RTX,CSCO,HWM,FTNT",min_dollar_volume,0.2783,,0.0,[]
base,replay_base_2025-02-28,2025-02-28,low_value,union_superset_approx,ai_peripheral,654,16,2,2,"RTX,HWM",min_dollar_volume,0.2783,,0.0,[]
base,replay_base_2025-02-28,2025-02-28,low_value,union_superset_approx,core_ai,654,14,2,2,"CSCO,FTNT",min_dollar_volume,0.2783,,0.0,[]
base,replay_base_2025-02-28,2025-02-28,industry_trend,union_superset_approx,ai_enabler,654,364,92,10,"NFLX,UBER,IBM,KLAC,CSCO,AMZN,ORCL,LRCX,MSFT,CRH",min_dollar_volume,0.2783,trend_min_return_60d,0.01529051987767584,"[{""count"": 10, ""layer"": ""valuation_hard"", ""pct"": 0.01529051987767584, ""reason"": ""trend_min_return_60d""}, {""count"": 2, ""layer"": ""valuation_hard"", ""pct"": 0.0030581039755351682, ""reason"": ""max_ps_hist_percentile""}, {""count"": 2, ""layer"": ""quality_or_theme_hard"", ""pct"": 0.0030581039755351682, ""reason"": ""min_ai_link_score""}, {""count"": 1, ""layer"": ""base_hard"", ""pct"": 0.0015290519877675841, ""reason"": ""trend_min_avg_dollar_volume_20d""}, {""count"": 1, ""layer"": ""quality_or_theme_hard"", ""pct"": 0.0015290519877675841, ""reason"": ""min_current_ratio""}]"
base,replay_base_2025-02-28,2025-02-28,industry_trend,union_superset_approx,ai_peripheral,654,167,77,10,"UBER,CRH,HWM,RTX,SBAC,AMT,JCI,UNP,AEP,FCX",min_dollar_volume,0.2783,trend_min_return_60d,0.013761467889908258,"[{""count"": 9, ""layer"": ""valuation_hard"", ""pct"": 0.013761467889908258, ""reason"": ""trend_min_return_60d""}, {""count"": 6, ""layer"": ""base_hard"", ""pct"": 0.009174311926605505, ""reason"": ""channel_bucket_match""}, {""count"": 3, ""layer"": ""valuation_hard"", ""pct"": 0.0045871559633027525, ""reason"": ""max_ps_hist_percentile""}, {""count"": 2, ""layer"": ""quality_or_theme_hard"", ""pct"": 0.0030581039755351682, ""reason"": ""min_ai_link_score""}, {""count"": 1, ""layer"": ""quality_or_theme_hard"", ""pct"": 0.0015290519877675841, ""reason"": ""min_net_income_yoy""}]"
base,replay_base_2025-02-28,2025-02-28,industry_trend,union_superset_approx,core_ai,654,116,29,10,"MSFT,NFLX,GOOGL,AMZN,ORCL,CSCO,IBM,KLAC,LRCX,NVDA",min_dollar_volume,0.2783,max_shares_yoy,0.0015290519877675841,"[{""count"": 1, ""layer"": ""quality_or_theme_hard"", ""pct"": 0.0015290519877675841, ""reason"": ""max_shares_yoy""}, {""count"": 1, ""layer"": ""valuation_hard"", ""pct"": 0.0015290519877675841, ""reason"": ""max_ps_hist_percentile""}]"
base,replay_base_2025-02-28,2025-02-28,momentum,union_superset_approx,ai_enabler,654,364,92,10,"UBER,CSCO,NFLX,SBAC,JCI,HWM,AMT,CRH,IBM,AEP",min_dollar_volume,0.2783,momentum_min_return_20d,0.0015290519877675841,"[{""count"": 1, ""layer"": ""valuation_hard"", ""pct"": 0.0015290519877675841, ""reason"": ""momentum_min_return_20d""}]"
base,replay_base_2025-02-28,2025-02-28,momentum,union_superset_approx,ai_peripheral,654,167,77,10,"UBER,SBAC,AMT,HWM,JCI,AEP,CRH,RTX,FCX,XEL",min_dollar_volume,0.2783,,0.0,[]
base,replay_base_2025-02-28,2025-02-28,momentum,union_superset_approx,core_ai,654,116,29,10,"UBER,CSCO,NFLX,ORCL,MSFT,IBM,KLAC,LRCX,NVDA,AMZN",min_dollar_volume,0.2783,momentum_min_return_20d,0.0015290519877675841,"[{""count"": 1, ""layer"": ""valuation_hard"", ""pct"": 0.0015290519877675841, ""reason"": ""momentum_min_return_20d""}]"
base,replay_base_2025-02-28,2025-02-28,research_pool,union_superset_approx,ai_enabler,654,68,68,10,"NOC,LEU,CMI,NSC,RTX,GD,HWM,TT,CRH,ATEN",,0.0,,0.0,[]
base,replay_base_2025-02-28,2025-02-28,research_pool,union_superset_approx,ai_peripheral,654,38,38,10,"FCX,IESC,KEX,EEFT,MATX,SLB,MHO,LYB,MPC,NEM",,0.0,,0.0,[]
base,replay_base_2025-02-28,2025-02-28,research_pool,union_superset_approx,core_ai,654,44,44,10,"KLAC,NFLX,LHX,DIS,CSCO,GOOG,GOOGL,MSFT,DT,NVDA",,0.0,,0.0,[]
base,replay_base_2025-03-31,2025-03-31,low_value,union_superset_approx,ai_enabler,655,0,0,0,,min_dollar_volume,0.3176,,0.0,[]
base,replay_base_2025-03-31,2025-03-31,low_value,union_superset_approx,ai_peripheral,655,0,0,0,,min_dollar_volume,0.3176,,0.0,[]
base,replay_base_2025-03-31,2025-03-31,low_value,union_superset_approx,core_ai,655,0,0,0,,min_dollar_volume,0.3176,,0.0,[]
base,replay_base_2025-03-31,2025-03-31,industry_trend,union_superset_approx,ai_enabler,655,0,0,0,,min_dollar_volume,0.3176,benchmark_trend_filter,0.00916030534351145,"[{""count"": 6, ""layer"": ""quality_or_theme_hard"", ""pct"": 0.00916030534351145, ""reason"": ""benchmark_trend_filter""}]"
base,replay_base_2025-03-31,2025-03-31,industry_trend,union_superset_approx,ai_peripheral,655,0,0,0,,min_dollar_volume,0.3176,benchmark_trend_filter,0.007633587786259542,"[{""count"": 5, ""layer"": ""quality_or_theme_hard"", ""pct"": 0.007633587786259542, ""reason"": ""benchmark_trend_filter""}]"
base,replay_base_2025-03-31,2025-03-31,industry_trend,union_superset_approx,core_ai,655,0,0,0,,min_dollar_volume,0.3176,benchmark_trend_filter,0.004580152671755725,"[{""count"": 3, ""layer"": ""quality_or_theme_hard"", ""pct"": 0.004580152671755725, ""reason"": ""benchmark_trend_filter""}]"
base,replay_base_2025-03-31,2025-03-31,momentum,union_superset_approx,ai_enabler,655,0,0,0,,min_dollar_volume,0.3176,,0.0,[]
base,replay_base_2025-03-31,2025-03-31,momentum,union_superset_approx,ai_peripheral,655,0,0,0,,min_dollar_volume,0.3176,,0.0,[]
base,replay_base_2025-03-31,2025-03-31,momentum,union_superset_approx,core_ai,655,0,0,0,,min_dollar_volume,0.3176,,0.0,[]
base,replay_base_2025-03-31,2025-03-31,research_pool,union_superset_approx,ai_enabler,655,85,85,10,"BAH,ETN,QLYS,TT,NOC,NNE,PH,RTX,PWR,GD",,0.0,,0.0,[]
base,replay_base_2025-03-31,2025-03-31,research_pool,union_superset_approx,ai_peripheral,655,54,54,10,"FCX,MATX,SAIA,IESC,MHO,KEX,SLB,NEM,LYB,MPC",,0.0,,0.0,[]
base,replay_base_2025-03-31,2025-03-31,research_pool,union_superset_approx,core_ai,655,49,49,10,"KLAC,LDOS,QCOM,NFLX,LHX,ZM,MSFT,AMD,NVDA,BWXT",,0.0,,0.0,[]
base,replay_base_2025-04-30,2025-04-30,low_value,union_superset_approx,ai_enabler,655,0,0,0,,min_dollar_volume,0.3374,,0.0,[]
base,replay_base_2025-04-30,2025-04-30,low_value,union_superset_approx,ai_peripheral,655,0,0,0,,min_dollar_volume,0.3374,,0.0,[]
base,replay_base_2025-04-30,2025-04-30,low_value,union_superset_approx,core_ai,655,0,0,0,,min_dollar_volume,0.3374,,0.0,[]
base,replay_base_2025-04-30,2025-04-30,industry_trend,union_superset_approx,ai_enabler,655,0,0,0,,min_dollar_volume,0.3374,benchmark_trend_filter,0.010687022900763359,"[{""count"": 7, ""layer"": ""quality_or_theme_hard"", ""pct"": 0.010687022900763359, ""reason"": ""benchmark_trend_filter""}]"
base,replay_base_2025-04-30,2025-04-30,industry_trend,union_superset_approx,ai_peripheral,655,0,0,0,,min_dollar_volume,0.3374,benchmark_trend_filter,0.00916030534351145,"[{""count"": 6, ""layer"": ""quality_or_theme_hard"", ""pct"": 0.00916030534351145, ""reason"": ""benchmark_trend_filter""}]"
base,replay_base_2025-04-30,2025-04-30,industry_trend,union_superset_approx,core_ai,655,0,0,0,,min_dollar_volume,0.3374,,0.0,[]
base,replay_base_2025-04-30,2025-04-30,momentum,union_superset_approx,ai_enabler,655,0,0,0,,min_dollar_volume,0.3374,benchmark_trend_filter,0.0015267175572519084,"[{""count"": 1, ""layer"": ""quality_or_theme_hard"", ""pct"": 0.0015267175572519084, ""reason"": ""benchmark_trend_filter""}]"
base,replay_base_2025-04-30,2025-04-30,momentum,union_superset_approx,ai_peripheral,655,0,0,0,,min_dollar_volume,0.3374,,0.0,[]
base,replay_base_2025-04-30,2025-04-30,momentum,union_superset_approx,core_ai,655,0,0,0,,min_dollar_volume,0.3374,,0.0,[]
base,replay_base_2025-04-30,2025-04-30,research_pool,union_superset_approx,ai_enabler,655,81,81,10,"EME,HPE,BAH,VST,ACN,QLYS,ATEN,PH,VRT,GD",,0.0,,0.0,[]
base,replay_base_2025-04-30,2025-04-30,research_pool,union_superset_approx,ai_peripheral,655,61,61,10,"FCX,MATX,BKR,KEX,EXPD,IESC,EEFT,NEM,BLDR,LOW",,0.0,,0.0,[]
base,replay_base_2025-04-30,2025-04-30,research_pool,union_superset_approx,core_ai,655,52,52,10,"ZM,KLAC,LDOS,NFLX,ADBE,QCOM,PYPL,LHX,GOOG,GOOGL",,0.0,,0.0,[]
base,replay_base_2025-05-30,2025-05-30,low_value,union_superset_approx,ai_enabler,656,87,18,10,"NFLX,EME,JCI,RTX,PWR,LHX,MSFT,BWXT,VST,TT",min_dollar_volume,0.3155,min_net_income_yoy,0.001524390243902439,"[{""count"": 1, ""layer"": ""quality_or_theme_hard"", ""pct"": 0.001524390243902439, ""reason"": ""min_net_income_yoy""}, {""count"": 1, ""layer"": ""valuation_hard"", ""pct"": 0.001524390243902439, ""reason"": ""min_range_position_52w""}, {""count"": 1, ""layer"": ""valuation_hard"", ""pct"": 0.001524390243902439, ""reason"": ""max_ps_hist_percentile""}]"
base,replay_base_2025-05-30,2025-05-30,low_value,union_superset_approx,ai_peripheral,656,38,13,10,"RTX,EME,JCI,PH,LHX,PWR,VST,BWXT,ATI,HWM",min_dollar_volume,0.3155,max_ps_hist_percentile,0.001524390243902439,"[{""count"": 1, ""layer"": ""valuation_hard"", ""pct"": 0.001524390243902439, ""reason"": ""max_ps_hist_percentile""}]"
base,replay_base_2025-05-30,2025-05-30,low_value,union_superset_approx,core_ai,656,31,9,9,"NFLX,MSFT,LHX,BWXT,NVDA,RKLB,GEV,PLTR,DASH",min_dollar_volume,0.3155,min_range_position_52w,0.001524390243902439,"[{""count"": 1, ""layer"": ""valuation_hard"", ""pct"": 0.001524390243902439, ""reason"": ""min_range_position_52w""}]"
base,replay_base_2025-05-30,2025-05-30,industry_trend,union_superset_approx,ai_enabler,656,344,90,10,"AMZN,KLAC,GE,ORCL,GOOGL,NFLX,MSFT,LRCX,CSCO,NVDA",min_dollar_volume,0.3155,trend_min_return_60d,0.007621951219512195,"[{""count"": 5, ""layer"": ""valuation_hard"", ""pct"": 0.007621951219512195, ""reason"": ""trend_min_return_60d""}, {""count"": 4, ""layer"": ""base_hard"", ""pct"": 0.006097560975609756, ""reason"": ""trend_min_avg_dollar_volume_20d""}, {""count"": 3, ""layer"": ""quality_or_theme_hard"", ""pct"": 0.004573170731707317, ""reason"": ""min_current_ratio""}, {""count"": 3, ""layer"": ""valuation_hard"", ""pct"": 0.004573170731707317, ""reason"": ""max_ps_hist_percentile""}, {""count"": 3, ""layer"": ""quality_or_theme_hard"", ""pct"": 0.004573170731707317, ""reason"": ""min_ai_link_score""}]"
base,replay_base_2025-05-30,2025-05-30,industry_trend,union_superset_approx,ai_peripheral,656,161,75,10,"GE,CSX,CAT,RTX,ETN,PH,NSC,BA,JCI,UBER",min_dollar_volume,0.3155,channel_bucket_match,0.009146341463414634,"[{""count"": 6, ""layer"": ""base_hard"", ""pct"": 0.009146341463414634, ""reason"": ""channel_bucket_match""}, {""count"": 5, ""layer"": ""valuation_hard"", ""pct"": 0.007621951219512195, ""reason"": ""max_ps_hist_percentile""}, {""count"": 4, ""layer"": ""valuation_hard"", ""pct"": 0.006097560975609756, ""reason"": ""trend_min_return_60d""}, {""count"": 2, ""layer"": ""quality_or_theme_hard"", ""pct"": 0.003048780487804878, ""reason"": ""max_ev_to_ebit""}, {""count"": 2, ""layer"": ""quality_or_theme_hard"", ""pct"": 0.003048780487804878, ""reason"": ""min_current_ratio""}]"
base,replay_base_2025-05-30,2025-05-30,industry_trend,union_superset_approx,core_ai,656,111,28,10,"GOOGL,MSFT,AMZN,ORCL,KLAC,NVDA,NFLX,CSCO,TSLA,LRCX",min_dollar_volume,0.3155,max_ps_percentile_in_sic,0.003048780487804878,"[{""count"": 2, ""layer"": ""valuation_hard"", ""pct"": 0.003048780487804878, ""reason"": ""max_ps_percentile_in_sic""}, {""count"": 2, ""layer"": ""quality_or_theme_hard"", ""pct"": 0.003048780487804878, ""reason"": ""min_ai_link_score""}, {""count"": 1, ""layer"": ""quality_or_theme_hard"", ""pct"": 0.001524390243902439, ""reason"": ""min_net_income_yoy""}, {""count"": 1, ""layer"": ""valuation_hard"", ""pct"": 0.001524390243902439, ""reason"": ""trend_min_return_60d""}, {""count"": 1, ""layer"": ""valuation_hard"", ""pct"": 0.001524390243902439, ""reason"": ""max_ps_hist_percentile""}]"
base,replay_base_2025-05-30,2025-05-30,momentum,union_superset_approx,ai_enabler,656,344,90,10,"GE,KLAC,TSLA,LRCX,ORCL,NVDA,SNOW,AMZN,META,CSX",min_dollar_volume,0.3155,momentum_min_return_60d,0.006097560975609756,"[{""count"": 4, ""layer"": ""valuation_hard"", ""pct"": 0.006097560975609756, ""reason"": ""momentum_min_return_60d""}, {""count"": 1, ""layer"": ""quality_or_theme_hard"", ""pct"": 0.001524390243902439, ""reason"": ""min_net_income_yoy""}, {""count"": 1, ""layer"": ""valuation_hard"", ""pct"": 0.001524390243902439, ""reason"": ""max_ps_percentile_in_sic""}, {""count"": 1, ""layer"": ""valuation_hard"", ""pct"": 0.001524390243902439, ""reason"": ""max_ps_hist_percentile""}, {""count"": 1, ""layer"": ""quality_or_theme_hard"", ""pct"": 0.001524390243902439, ""reason"": ""min_ai_link_score""}]"
base,replay_base_2025-05-30,2025-05-30,momentum,union_superset_approx,ai_peripheral,656,161,75,10,"GE,CSX,JCI,VRT,HWM,CAT,VST,NSC,EME,BA",min_dollar_volume,0.3155,max_ps_hist_percentile,0.003048780487804878,"[{""count"": 2, ""layer"": ""valuation_hard"", ""pct"": 0.003048780487804878, ""reason"": ""max_ps_hist_percentile""}, {""count"": 2, ""layer"": ""base_hard"", ""pct"": 0.003048780487804878, ""reason"": ""channel_bucket_match""}, {""count"": 1, ""layer"": ""quality_or_theme_hard"", ""pct"": 0.001524390243902439, ""reason"": ""max_ev_to_ebit""}, {""count"": 1, ""layer"": ""valuation_hard"", ""pct"": 0.001524390243902439, ""reason"": ""momentum_min_return_60d""}, {""count"": 1, ""layer"": ""base_hard"", ""pct"": 0.001524390243902439, ""reason"": ""momentum_min_avg_dollar_volume_20d""}]"
base,replay_base_2025-05-30,2025-05-30,momentum,union_superset_approx,core_ai,656,111,28,10,"ORCL,NVDA,TSLA,GOOGL,AVGO,META,KLAC,AMZN,LRCX,CSCO",min_dollar_volume,0.3155,momentum_min_return_60d,0.004573170731707317,"[{""count"": 3, ""layer"": ""valuation_hard"", ""pct"": 0.004573170731707317, ""reason"": ""momentum_min_return_60d""}, {""count"": 1, ""layer"": ""quality_or_theme_hard"", ""pct"": 0.001524390243902439, ""reason"": ""min_net_income_yoy""}, {""count"": 1, ""layer"": ""valuation_hard"", ""pct"": 0.001524390243902439, ""reason"": ""max_ps_percentile_in_sic""}, {""count"": 1, ""layer"": ""base_hard"", ""pct"": 0.001524390243902439, ""reason"": ""channel_bucket_match""}, {""count"": 1, ""layer"": ""quality_or_theme_hard"", ""pct"": 0.001524390243902439, ""reason"": ""min_ai_link_score""}]"
base,replay_base_2025-05-30,2025-05-30,research_pool,union_superset_approx,ai_enabler,656,86,86,10,"EME,JCI,HPE,ACN,LEU,ATI,PH,VRT,QLYS,HWM",,0.0,,0.0,[]
base,replay_base_2025-05-30,2025-05-30,research_pool,union_superset_approx,ai_peripheral,656,62,62,10,"FCX,SKY,FISV,IESC,MATX,KIM,BKR,IP,KBH,MHO",,0.0,,0.0,[]
base,replay_base_2025-05-30,2025-05-30,research_pool,union_superset_approx,core_ai,656,53,53,10,"QCOM,KLAC,LDOS,PYPL,NFLX,DIS,LHX,CSCO,GOOG,GOOGL",,0.0,,0.0,[]
base,replay_base_2025-06-30,2025-06-30,low_value,union_superset_approx,ai_enabler,657,107,24,10,"KLAC,NFLX,LRCX,GD,EME,JCI,PWR,CSCO,AMZN,RTX",min_dollar_volume,0.2861,min_range_position_52w,0.0030441400304414,"[{""count"": 2, ""layer"": ""valuation_hard"", ""pct"": 0.0030441400304414, ""reason"": ""min_range_position_52w""}, {""count"": 2, ""layer"": ""valuation_hard"", ""pct"": 0.0030441400304414, ""reason"": ""max_ps_hist_percentile""}, {""count"": 1, ""layer"": ""valuation_hard"", ""pct"": 0.0015220700152207, ""reason"": ""min_drawdown_percentile""}]"
base,replay_base_2025-06-30,2025-06-30,low_value,union_superset_approx,ai_peripheral,657,37,13,10,"RTX,EME,JCI,GD,PH,LHX,ETN,CAT,PWR,HWM",min_dollar_volume,0.2861,max_ps_hist_percentile,0.0045662100456621,"[{""count"": 3, ""layer"": ""valuation_hard"", ""pct"": 0.0045662100456621, ""reason"": ""max_ps_hist_percentile""}, {""count"": 1, ""layer"": ""valuation_hard"", ""pct"": 0.0015220700152207, ""reason"": ""min_range_position_52w""}, {""count"": 1, ""layer"": ""base_hard"", ""pct"": 0.0015220700152207, ""reason"": ""channel_bucket_match""}]"
base,replay_base_2025-06-30,2025-06-30,low_value,union_superset_approx,core_ai,657,49,13,10,"KLAC,LRCX,NFLX,AMZN,CSCO,MSFT,META,CAT,DIS,ORCL",min_dollar_volume,0.2861,min_drawdown_percentile,0.0015220700152207,"[{""count"": 1, ""layer"": ""valuation_hard"", ""pct"": 0.0015220700152207, ""reason"": ""min_drawdown_percentile""}]"
base,replay_base_2025-06-30,2025-06-30,industry_trend,union_superset_approx,ai_enabler,657,345,89,10,"ANET,ORCL,KLAC,NFLX,LRCX,AMZN,PWR,META,CSCO,GOOGL",min_dollar_volume,0.2861,trend_min_avg_dollar_volume_20d,0.0091324200913242,"[{""count"": 6, ""layer"": ""base_hard"", ""pct"": 0.0091324200913242, ""reason"": ""trend_min_avg_dollar_volume_20d""}, {""count"": 3, ""layer"": ""valuation_hard"", ""pct"": 0.0045662100456621, ""reason"": ""max_ps_hist_percentile""}, {""count"": 3, ""layer"": ""quality_or_theme_hard"", ""pct"": 0.0045662100456621, ""reason"": ""min_ai_link_score""}, {""count"": 2, ""layer"": ""quality_or_theme_hard"", ""pct"": 0.0030441400304414, ""reason"": ""min_net_income_yoy""}, {""count"": 2, ""layer"": ""quality_or_theme_hard"", ""pct"": 0.0030441400304414, ""reason"": ""min_current_ratio""}]"
base,replay_base_2025-06-30,2025-06-30,industry_trend,union_superset_approx,ai_peripheral,657,156,70,10,"ETN,PWR,UBER,FCX,CAT,HWM,GE,PH,EME,UNP",min_dollar_volume,0.2861,channel_bucket_match,0.0106544901065449,"[{""count"": 7, ""layer"": ""base_hard"", ""pct"": 0.0106544901065449, ""reason"": ""channel_bucket_match""}, {""count"": 4, ""layer"": ""valuation_hard"", ""pct"": 0.0060882800608828, ""reason"": ""max_ps_hist_percentile""}, {""count"": 4, ""layer"": ""quality_or_theme_hard"", ""pct"": 0.0060882800608828, ""reason"": ""min_ai_link_score""}, {""count"": 3, ""layer"": ""valuation_hard"", ""pct"": 0.0045662100456621, ""reason"": ""trend_min_return_60d""}, {""count"": 3, ""layer"": ""quality_or_theme_hard"", ""pct"": 0.0045662100456621, ""reason"": ""min_current_ratio""}]"
base,replay_base_2025-06-30,2025-06-30,industry_trend,union_superset_approx,core_ai,657,114,28,10,"ORCL,GOOGL,META,AMZN,KLAC,ANET,NFLX,NVDA,CSCO,LRCX",min_dollar_volume,0.2861,min_ai_link_score,0.0030441400304414,"[{""count"": 2, ""layer"": ""quality_or_theme_hard"", ""pct"": 0.0030441400304414, ""reason"": ""min_ai_link_score""}, {""count"": 1, ""layer"": ""quality_or_theme_hard"", ""pct"": 0.0015220700152207, ""reason"": ""min_net_income_yoy""}, {""count"": 1, ""layer"": ""valuation_hard"", ""pct"": 0.0015220700152207, ""reason"": ""max_pe_percentile_in_sic""}, {""count"": 1, ""layer"": ""base_hard"", ""pct"": 0.0015220700152207, ""reason"": ""trend_min_avg_dollar_volume_20d""}, {""count"": 1, ""layer"": ""valuation_hard"", ""pct"": 0.0015220700152207, ""reason"": ""max_ps_hist_percentile""}]"
base,replay_base_2025-06-30,2025-06-30,momentum,union_superset_approx,ai_enabler,657,345,89,10,"ORCL,ANET,LRCX,KLAC,AMD,META,PWR,NFLX,AVAV,LEU",min_dollar_volume,0.2861,max_ps_hist_percentile,0.0045662100456621,"[{""count"": 3, ""layer"": ""valuation_hard"", ""pct"": 0.0045662100456621, ""reason"": ""max_ps_hist_percentile""}, {""count"": 2, ""layer"": ""quality_or_theme_hard"", ""pct"": 0.0030441400304414, ""reason"": ""max_shares_yoy""}, {""count"": 1, ""layer"": ""valuation_hard"", ""pct"": 0.0015220700152207, ""reason"": ""momentum_min_price_to_sma200""}, {""count"": 1, ""layer"": ""base_hard"", ""pct"": 0.0015220700152207, ""reason"": ""momentum_min_avg_dollar_volume_20d""}, {""count"": 1, ""layer"": ""quality_or_theme_hard"", ""pct"": 0.0015220700152207, ""reason"": ""min_expectation_proxy""}]"
base,replay_base_2025-06-30,2025-06-30,momentum,union_superset_approx,ai_peripheral,657,156,70,10,"FCX,ETN,PWR,UBER,CAT,EME,HWM,VRT,BWXT,NEM",min_dollar_volume,0.2861,channel_bucket_match,0.0091324200913242,"[{""count"": 6, ""layer"": ""base_hard"", ""pct"": 0.0091324200913242, ""reason"": ""channel_bucket_match""}, {""count"": 3, ""layer"": ""valuation_hard"", ""pct"": 0.0045662100456621, ""reason"": ""max_ps_hist_percentile""}, {""count"": 1, ""layer"": ""quality_or_theme_hard"", ""pct"": 0.0015220700152207, ""reason"": ""max_ev_to_ebit""}, {""count"": 1, ""layer"": ""valuation_hard"", ""pct"": 0.0015220700152207, ""reason"": ""momentum_min_price_to_sma200""}, {""count"": 1, ""layer"": ""valuation_hard"", ""pct"": 0.0015220700152207, ""reason"": ""momentum_min_return_60d""}]"
base,replay_base_2025-06-30,2025-06-30,momentum,union_superset_approx,core_ai,657,114,28,10,"ORCL,ANET,AMD,LRCX,KLAC,META,MU,NVDA,AVAV,MSFT",min_dollar_volume,0.2861,momentum_min_return_20d,0.0030441400304414,"[{""count"": 2, ""layer"": ""valuation_hard"", ""pct"": 0.0030441400304414, ""reason"": ""momentum_min_return_20d""}, {""count"": 1, ""layer"": ""quality_or_theme_hard"", ""pct"": 0.0015220700152207, ""reason"": ""max_shares_yoy""}, {""count"": 1, ""layer"": ""valuation_hard"", ""pct"": 0.0015220700152207, ""reason"": ""max_ps_hist_percentile""}, {""count"": 1, ""layer"": ""quality_or_theme_hard"", ""pct"": 0.0015220700152207, ""reason"": ""min_expectation_proxy""}, {""count"": 1, ""layer"": ""quality_or_theme_hard"", ""pct"": 0.0015220700152207, ""reason"": ""min_ai_link_score""}]"
base,replay_base_2025-06-30,2025-06-30,research_pool,union_superset_approx,ai_enabler,657,84,84,10,"BAH,EME,JCI,OKLO,ATEN,NOC,HWM,PWR,RTX,ETN",,0.0,,0.0,[]
base,replay_base_2025-06-30,2025-06-30,research_pool,union_superset_approx,ai_peripheral,657,62,62,10,"FCX,EEFT,IESC,MATX,KIM,SKY,BKR,IP,KBH,MHO",,0.0,,0.0,[]
base,replay_base_2025-06-30,2025-06-30,research_pool,union_superset_approx,core_ai,657,54,54,10,"LDOS,KLAC,QCOM,NFLX,PYPL,DIS,LHX,CAT,CSCO,GOOG",,0.0,,0.0,[]
base,replay_base_2025-07-31,2025-07-31,low_value,union_superset_approx,ai_enabler,660,111,21,10,"GOOGL,GOOG,GD,RTX,PWR,NSC,ANET,EME,AMZN,PH",min_dollar_volume,0.2606,min_return_20d,0.0015151515151515152,"[{""count"": 1, ""layer"": ""valuation_hard"", ""pct"": 0.0015151515151515152, ""reason"": ""min_return_20d""}]"
base,replay_base_2025-07-31,2025-07-31,low_value,union_superset_approx,ai_peripheral,660,46,14,10,"RTX,GD,PH,EME,NSC,PWR,LHX,HWM,ETN,CSX",min_dollar_volume,0.2606,max_ps_hist_percentile,0.0030303030303030303,"[{""count"": 2, ""layer"": ""valuation_hard"", ""pct"": 0.0030303030303030303, ""reason"": ""max_ps_hist_percentile""}, {""count"": 2, ""layer"": ""base_hard"", ""pct"": 0.0030303030303030303, ""reason"": ""channel_bucket_match""}]"
base,replay_base_2025-07-31,2025-07-31,low_value,union_superset_approx,core_ai,660,45,11,10,"GOOGL,GOOG,ANET,AMZN,MSFT,LHX,CAT,BWXT,GEV,NVDA",min_dollar_volume,0.2606,min_return_20d,0.0015151515151515152,"[{""count"": 1, ""layer"": ""valuation_hard"", ""pct"": 0.0015151515151515152, ""reason"": ""min_return_20d""}]"
base,replay_base_2025-07-31,2025-07-31,industry_trend,union_superset_approx,ai_enabler,660,360,91,10,"ANET,GOOGL,AMZN,GOOG,GEV,PWR,MSFT,ETN,KLAC,CAT",min_dollar_volume,0.2606,min_ai_link_score,0.010606060606060607,"[{""count"": 7, ""layer"": ""quality_or_theme_hard"", ""pct"": 0.010606060606060607, ""reason"": ""min_ai_link_score""}, {""count"": 4, ""layer"": ""valuation_hard"", ""pct"": 0.006060606060606061, ""reason"": ""max_ps_hist_percentile""}, {""count"": 2, ""layer"": ""quality_or_theme_hard"", ""pct"": 0.0030303030303030303, ""reason"": ""min_current_ratio""}, {""count"": 1, ""layer"": ""valuation_hard"", ""pct"": 0.0015151515151515152, ""reason"": ""max_ps_percentile_in_sic""}, {""count"": 1, ""layer"": ""valuation_hard"", ""pct"": 0.0015151515151515152, ""reason"": ""max_pe_percentile_in_sic""}]"
base,replay_base_2025-07-31,2025-07-31,industry_trend,union_superset_approx,ai_peripheral,660,168,75,10,"GEV,PWR,ETN,CAT,RTX,GE,EME,VRT,CSX,HWM",min_dollar_volume,0.2606,max_ps_hist_percentile,0.012121212121212121,"[{""count"": 8, ""layer"": ""valuation_hard"", ""pct"": 0.012121212121212121, ""reason"": ""max_ps_hist_percentile""}, {""count"": 8, ""layer"": ""base_hard"", ""pct"": 0.012121212121212121, ""reason"": ""channel_bucket_match""}, {""count"": 5, ""layer"": ""quality_or_theme_hard"", ""pct"": 0.007575757575757576, ""reason"": ""min_ai_link_score""}, {""count"": 4, ""layer"": ""valuation_hard"", ""pct"": 0.006060606060606061, ""reason"": ""trend_min_return_60d""}, {""count"": 3, ""layer"": ""quality_or_theme_hard"", ""pct"": 0.004545454545454545, ""reason"": ""min_current_ratio""}]"
base,replay_base_2025-07-31,2025-07-31,industry_trend,union_superset_approx,core_ai,660,115,28,10,"GOOGL,AMZN,ANET,MSFT,GOOG,GEV,KLAC,AMD,NVDA,CSCO",min_dollar_volume,0.2606,min_ai_link_score,0.004545454545454545,"[{""count"": 3, ""layer"": ""quality_or_theme_hard"", ""pct"": 0.004545454545454545, ""reason"": ""min_ai_link_score""}, {""count"": 2, ""layer"": ""valuation_hard"", ""pct"": 0.0030303030303030303, ""reason"": ""trend_min_return_60d""}, {""count"": 1, ""layer"": ""valuation_hard"", ""pct"": 0.0015151515151515152, ""reason"": ""max_pe_percentile_in_sic""}, {""count"": 1, ""layer"": ""quality_or_theme_hard"", ""pct"": 0.0015151515151515152, ""reason"": ""max_shares_yoy""}, {""count"": 1, ""layer"": ""valuation_hard"", ""pct"": 0.0015151515151515152, ""reason"": ""max_ps_hist_percentile""}]"
base,replay_base_2025-07-31,2025-07-31,momentum,union_superset_approx,ai_enabler,660,360,91,10,"ANET,GEV,GOOGL,PWR,GOOG,AMZN,MSFT,VRT,EME,AMD",min_dollar_volume,0.2606,max_ps_hist_percentile,0.006060606060606061,"[{""count"": 4, ""layer"": ""valuation_hard"", ""pct"": 0.006060606060606061, ""reason"": ""max_ps_hist_percentile""}, {""count"": 2, ""layer"": ""valuation_hard"", ""pct"": 0.0030303030303030303, ""reason"": ""momentum_min_return_20d""}, {""count"": 1, ""layer"": ""valuation_hard"", ""pct"": 0.0015151515151515152, ""reason"": ""max_ps_percentile_in_sic""}, {""count"": 1, ""layer"": ""base_hard"", ""pct"": 0.0015151515151515152, ""reason"": ""momentum_min_avg_dollar_volume_20d""}, {""count"": 1, ""layer"": ""quality_or_theme_hard"", ""pct"": 0.0015151515151515152, ""reason"": ""min_ai_link_score""}]"
base,replay_base_2025-07-31,2025-07-31,momentum,union_superset_approx,ai_peripheral,660,168,75,10,"GEV,PWR,EME,VRT,ETN,CAT,RTX,GE,NOC,AEP",min_dollar_volume,0.2606,max_ps_hist_percentile,0.00909090909090909,"[{""count"": 6, ""layer"": ""valuation_hard"", ""pct"": 0.00909090909090909, ""reason"": ""max_ps_hist_percentile""}, {""count"": 2, ""layer"": ""base_hard"", ""pct"": 0.0030303030303030303, ""reason"": ""channel_bucket_match""}, {""count"": 1, ""layer"": ""quality_or_theme_hard"", ""pct"": 0.0015151515151515152, ""reason"": ""max_ev_to_ebit""}]"
base,replay_base_2025-07-31,2025-07-31,momentum,union_superset_approx,core_ai,660,115,28,10,"ANET,GOOGL,GEV,MSFT,AMZN,AMD,GOOG,NVDA,CAT,CSCO",min_dollar_volume,0.2606,momentum_min_return_20d,0.0030303030303030303,"[{""count"": 2, ""layer"": ""valuation_hard"", ""pct"": 0.0030303030303030303, ""reason"": ""momentum_min_return_20d""}, {""count"": 1, ""layer"": ""valuation_hard"", ""pct"": 0.0015151515151515152, ""reason"": ""max_ps_hist_percentile""}, {""count"": 1, ""layer"": ""quality_or_theme_hard"", ""pct"": 0.0015151515151515152, ""reason"": ""min_ai_link_score""}]"
base,replay_base_2025-07-31,2025-07-31,research_pool,union_superset_approx,ai_enabler,660,80,80,10,"BAH,EME,JCI,NSC,ATEN,CMI,RTX,QLYS,GD,PWR",,0.0,,0.0,[]
base,replay_base_2025-07-31,2025-07-31,research_pool,union_superset_approx,ai_peripheral,660,54,54,10,"FCX,MATX,SKY,ESS,EEFT,IESC,EXPD,IP,KIM,LYB",,0.0,,0.0,[]
base,replay_base_2025-07-31,2025-07-31,research_pool,union_superset_approx,core_ai,660,49,49,10,"QCOM,LDOS,KLAC,PYPL,NFLX,LHX,DIS,CSCO,CAT,GOOG",,0.0,,0.0,[]
base,replay_base_2025-08-29,2025-08-29,low_value,union_superset_approx,ai_enabler,660,100,14,10,"LRCX,LDOS,GOOGL,GOOG,GD,PH,AMZN,NSC,CRH,CMI",min_dollar_volume,0.3318,min_return_20d,0.004545454545454545,"[{""count"": 3, ""layer"": ""valuation_hard"", ""pct"": 0.004545454545454545, ""reason"": ""min_return_20d""}]"
base,replay_base_2025-08-29,2025-08-29,low_value,union_superset_approx,ai_peripheral,660,48,8,8,"PH,CMI,NSC,GD,CRH,UBER,BWXT,NUE",min_dollar_volume,0.3318,min_return_20d,0.0030303030303030303,"[{""count"": 2, ""layer"": ""valuation_hard"", ""pct"": 0.0030303030303030303, ""reason"": ""min_return_20d""}]"
base,replay_base_2025-08-29,2025-08-29,low_value,union_superset_approx,core_ai,660,35,9,9,"LRCX,GOOGL,LDOS,GOOG,AMZN,ANET,BWXT,TXN,ADI",min_dollar_volume,0.3318,min_return_20d,0.0015151515151515152,"[{""count"": 1, ""layer"": ""valuation_hard"", ""pct"": 0.0015151515151515152, ""reason"": ""min_return_20d""}]"
base,replay_base_2025-08-29,2025-08-29,industry_trend,union_superset_approx,ai_enabler,660,364,92,10,"GOOGL,GOOG,ANET,AMZN,NFLX,LRCX,AAPL,CRM,CRH,KLAC",min_dollar_volume,0.3318,max_ps_hist_percentile,0.00909090909090909,"[{""count"": 6, ""layer"": ""valuation_hard"", ""pct"": 0.00909090909090909, ""reason"": ""max_ps_hist_percentile""}, {""count"": 4, ""layer"": ""quality_or_theme_hard"", ""pct"": 0.006060606060606061, ""reason"": ""min_ai_link_score""}, {""count"": 3, ""layer"": ""valuation_hard"", ""pct"": 0.004545454545454545, ""reason"": ""trend_min_return_60d""}, {""count"": 3, ""layer"": ""base_hard"", ""pct"": 0.004545454545454545, ""reason"": ""trend_min_avg_dollar_volume_20d""}, {""count"": 3, ""layer"": ""quality_or_theme_hard"", ""pct"": 0.004545454545454545, ""reason"": ""min_current_ratio""}]"
base,replay_base_2025-08-29,2025-08-29,industry_trend,union_superset_approx,ai_peripheral,660,164,75,10,"CRH,FCX,PH,UBER,UNP,GE,RTX,BA,NSC,GEV",min_dollar_volume,0.3318,channel_bucket_match,0.012121212121212121,"[{""count"": 8, ""layer"": ""base_hard"", ""pct"": 0.012121212121212121, ""reason"": ""channel_bucket_match""}, {""count"": 6, ""layer"": ""valuation_hard"", ""pct"": 0.00909090909090909, ""reason"": ""max_ps_hist_percentile""}, {""count"": 5, ""layer"": ""quality_or_theme_hard"", ""pct"": 0.007575757575757576, ""reason"": ""min_ai_link_score""}, {""count"": 4, ""layer"": ""quality_or_theme_hard"", ""pct"": 0.006060606060606061, ""reason"": ""min_current_ratio""}, {""count"": 3, ""layer"": ""valuation_hard"", ""pct"": 0.004545454545454545, ""reason"": ""trend_min_return_60d""}]"
base,replay_base_2025-08-29,2025-08-29,industry_trend,union_superset_approx,core_ai,660,117,28,10,"GOOGL,AMZN,GOOG,ANET,CSCO,CRM,NFLX,LRCX,KLAC,AVGO",min_dollar_volume,0.3318,trend_min_return_60d,0.004545454545454545,"[{""count"": 3, ""layer"": ""valuation_hard"", ""pct"": 0.004545454545454545, ""reason"": ""trend_min_return_60d""}, {""count"": 2, ""layer"": ""valuation_hard"", ""pct"": 0.0030303030303030303, ""reason"": ""max_ps_hist_percentile""}, {""count"": 2, ""layer"": ""quality_or_theme_hard"", ""pct"": 0.0030303030303030303, ""reason"": ""min_ai_link_score""}, {""count"": 1, ""layer"": ""quality_or_theme_hard"", ""pct"": 0.0015151515151515152, ""reason"": ""min_net_income_yoy""}, {""count"": 1, ""layer"": ""valuation_hard"", ""pct"": 0.0015151515151515152, ""reason"": ""max_ps_percentile_in_sic""}]"
base,replay_base_2025-08-29,2025-08-29,momentum,union_superset_approx,ai_enabler,660,364,92,10,"ANET,GOOGL,GOOG,CRH,ZM,AMZN,AAPL,FCX,LRCX,TXN",min_dollar_volume,0.3318,max_ps_hist_percentile,0.004545454545454545,"[{""count"": 3, ""layer"": ""valuation_hard"", ""pct"": 0.004545454545454545, ""reason"": ""max_ps_hist_percentile""}, {""count"": 2, ""layer"": ""valuation_hard"", ""pct"": 0.0030303030303030303, ""reason"": ""momentum_min_return_20d""}, {""count"": 2, ""layer"": ""valuation_hard"", ""pct"": 0.0030303030303030303, ""reason"": ""momentum_min_return_60d""}, {""count"": 1, ""layer"": ""base_hard"", ""pct"": 0.0015151515151515152, ""reason"": ""momentum_min_avg_dollar_volume_20d""}, {""count"": 1, ""layer"": ""quality_or_theme_hard"", ""pct"": 0.0015151515151515152, ""reason"": ""min_current_ratio""}]"
base,replay_base_2025-08-29,2025-08-29,momentum,union_superset_approx,ai_peripheral,660,164,75,10,"CRH,FCX,UBER,PH,NEM,UNP,BA,CMI,GD,BWXT",min_dollar_volume,0.3318,max_ps_hist_percentile,0.0030303030303030303,"[{""count"": 2, ""layer"": ""valuation_hard"", ""pct"": 0.0030303030303030303, ""reason"": ""max_ps_hist_percentile""}, {""count"": 1, ""layer"": ""valuation_hard"", ""pct"": 0.0015151515151515152, ""reason"": ""momentum_min_return_20d""}, {""count"": 1, ""layer"": ""valuation_hard"", ""pct"": 0.0015151515151515152, ""reason"": ""momentum_min_return_60d""}]"
base,replay_base_2025-08-29,2025-08-29,momentum,union_superset_approx,core_ai,660,117,28,10,"GOOGL,ANET,GOOG,AMZN,ZM,AAPL,LRCX,NFLX,TXN,MU",min_dollar_volume,0.3318,max_ps_hist_percentile,0.0030303030303030303,"[{""count"": 2, ""layer"": ""valuation_hard"", ""pct"": 0.0030303030303030303, ""reason"": ""max_ps_hist_percentile""}, {""count"": 1, ""layer"": ""valuation_hard"", ""pct"": 0.0015151515151515152, ""reason"": ""momentum_min_return_20d""}, {""count"": 1, ""layer"": ""valuation_hard"", ""pct"": 0.0015151515151515152, ""reason"": ""momentum_min_return_60d""}, {""count"": 1, ""layer"": ""quality_or_theme_hard"", ""pct"": 0.0015151515151515152, ""reason"": ""max_shares_yoy""}, {""count"": 1, ""layer"": ""quality_or_theme_hard"", ""pct"": 0.0015151515151515152, ""reason"": ""min_ai_link_score""}]"
base,replay_base_2025-08-29,2025-08-29,research_pool,union_superset_approx,ai_enabler,660,82,82,10,"BAH,ACN,JCI,ATEN,EME,CMI,NSC,NNE,NUE,SMR",,0.0,,0.0,[]
base,replay_base_2025-08-29,2025-08-29,research_pool,union_superset_approx,ai_peripheral,660,65,65,10,"CF,LII,TDG,IESC,MATX,SKY,ESS,EXPD,HEI,EEFT",,0.0,,0.0,[]
base,replay_base_2025-08-29,2025-08-29,research_pool,union_superset_approx,core_ai,660,51,51,10,"ZM,QCOM,NOW,LDOS,KLAC,PYPL,NFLX,DIS,LHX,GOOG",,0.0,,0.0,[]
base,replay_base_2025-09-30,2025-09-30,low_value,union_superset_approx,ai_enabler,662,137,24,10,"KLAC,LDOS,AMAT,QCOM,GOOGL,VRT,EME,GOOG,LRCX,GD",min_dollar_volume,0.2779,max_ps_hist_percentile,0.0015105740181268882,"[{""count"": 1, ""layer"": ""valuation_hard"", ""pct"": 0.0015105740181268882, ""reason"": ""max_ps_hist_percentile""}, {""count"": 1, ""layer"": ""valuation_hard"", ""pct"": 0.0015105740181268882, ""reason"": ""max_pe_hist_percentile""}, {""count"": 1, ""layer"": ""valuation_hard"", ""pct"": 0.0015105740181268882, ""reason"": ""max_ps_percentile_in_sic""}, {""count"": 1, ""layer"": ""valuation_hard"", ""pct"": 0.0015105740181268882, ""reason"": ""max_pe_percentile_in_sic""}]"
base,replay_base_2025-09-30,2025-09-30,low_value,union_superset_approx,ai_peripheral,662,58,17,10,"JCI,VRT,RTX,EME,CRH,CMI,ETN,GD,CSX,PWR",min_dollar_volume,0.2779,max_ps_hist_percentile,0.0075528700906344415,"[{""count"": 5, ""layer"": ""valuation_hard"", ""pct"": 0.0075528700906344415, ""reason"": ""max_ps_hist_percentile""}]"
base,replay_base_2025-09-30,2025-09-30,low_value,union_superset_approx,core_ai,662,49,13,10,"KLAC,QCOM,LDOS,GOOGL,AMAT,LRCX,GOOG,ANET,CAT,LHX",min_dollar_volume,0.2779,max_pe_percentile_in_sic,0.0015105740181268882,"[{""count"": 1, ""layer"": ""valuation_hard"", ""pct"": 0.0015105740181268882, ""reason"": ""max_pe_percentile_in_sic""}]"
base,replay_base_2025-09-30,2025-09-30,industry_trend,union_superset_approx,ai_enabler,662,372,90,10,"KLAC,LRCX,AMAT,GOOGL,GOOG,ASML,VRT,UNP,TSLA,IBM",min_dollar_volume,0.2779,trend_min_return_60d,0.010574018126888218,"[{""count"": 7, ""layer"": ""valuation_hard"", ""pct"": 0.010574018126888218, ""reason"": ""trend_min_return_60d""}, {""count"": 6, ""layer"": ""valuation_hard"", ""pct"": 0.00906344410876133, ""reason"": ""max_ps_hist_percentile""}, {""count"": 6, ""layer"": ""quality_or_theme_hard"", ""pct"": 0.00906344410876133, ""reason"": ""min_ai_link_score""}, {""count"": 2, ""layer"": ""valuation_hard"", ""pct"": 0.0030211480362537764, ""reason"": ""max_ps_percentile_in_sic""}, {""count"": 1, ""layer"": ""quality_or_theme_hard"", ""pct"": 0.0015105740181268882, ""reason"": ""min_fcf_yield""}]"
base,replay_base_2025-09-30,2025-09-30,industry_trend,union_superset_approx,ai_peripheral,662,166,74,10,"CRH,UNP,GE,ETN,CSX,VRT,CAT,HWM,GEV,PWR",min_dollar_volume,0.2779,max_ps_hist_percentile,0.012084592145015106,"[{""count"": 8, ""layer"": ""valuation_hard"", ""pct"": 0.012084592145015106, ""reason"": ""max_ps_hist_percentile""}, {""count"": 5, ""layer"": ""valuation_hard"", ""pct"": 0.0075528700906344415, ""reason"": ""trend_min_return_60d""}, {""count"": 4, ""layer"": ""quality_or_theme_hard"", ""pct"": 0.006042296072507553, ""reason"": ""min_current_ratio""}, {""count"": 4, ""layer"": ""base_hard"", ""pct"": 0.006042296072507553, ""reason"": ""channel_bucket_match""}, {""count"": 3, ""layer"": ""quality_or_theme_hard"", ""pct"": 0.004531722054380665, ""reason"": ""min_ai_link_score""}]"
base,replay_base_2025-09-30,2025-09-30,industry_trend,union_superset_approx,core_ai,662,121,29,10,"GOOGL,KLAC,LRCX,AMAT,GOOG,MSFT,AMZN,CSCO,NVDA,TSLA",min_dollar_volume,0.2779,trend_min_return_60d,0.004531722054380665,"[{""count"": 3, ""layer"": ""valuation_hard"", ""pct"": 0.004531722054380665, ""reason"": ""trend_min_return_60d""}, {""count"": 1, ""layer"": ""valuation_hard"", ""pct"": 0.0015105740181268882, ""reason"": ""max_ps_percentile_in_sic""}, {""count"": 1, ""layer"": ""valuation_hard"", ""pct"": 0.0015105740181268882, ""reason"": ""max_pe_percentile_in_sic""}, {""count"": 1, ""layer"": ""base_hard"", ""pct"": 0.0015105740181268882, ""reason"": ""trend_min_avg_dollar_volume_20d""}, {""count"": 1, ""layer"": ""valuation_hard"", ""pct"": 0.0015105740181268882, ""reason"": ""max_ps_hist_percentile""}]"
base,replay_base_2025-09-30,2025-09-30,momentum,union_superset_approx,ai_enabler,662,372,90,10,"LRCX,KLAC,AMAT,ASML,GOOGL,TSLA,GOOG,ORCL,VRT,IBM",min_dollar_volume,0.2779,max_ps_hist_percentile,0.006042296072507553,"[{""count"": 4, ""layer"": ""valuation_hard"", ""pct"": 0.006042296072507553, ""reason"": ""max_ps_hist_percentile""}, {""count"": 1, ""layer"": ""quality_or_theme_hard"", ""pct"": 0.0015105740181268882, ""reason"": ""max_ev_to_ebit""}, {""count"": 1, ""layer"": ""quality_or_theme_hard"", ""pct"": 0.0015105740181268882, ""reason"": ""min_ai_link_score""}]"
base,replay_base_2025-09-30,2025-09-30,momentum,union_superset_approx,ai_peripheral,662,166,74,10,"HWM,VRT,CAT,CSX,PWR,ETN,CRH,UNP,GE,GEV",min_dollar_volume,0.2779,max_ps_hist_percentile,0.010574018126888218,"[{""count"": 7, ""layer"": ""valuation_hard"", ""pct"": 0.010574018126888218, ""reason"": ""max_ps_hist_percentile""}, {""count"": 1, ""layer"": ""quality_or_theme_hard"", ""pct"": 0.0015105740181268882, ""reason"": ""max_ev_to_ebit""}, {""count"": 1, ""layer"": ""base_hard"", ""pct"": 0.0015105740181268882, ""reason"": ""channel_bucket_match""}]"
base,replay_base_2025-09-30,2025-09-30,momentum,union_superset_approx,core_ai,662,121,29,10,"LRCX,KLAC,GOOGL,AMAT,ORCL,TSLA,ASML,MU,GOOG,TSM",min_dollar_volume,0.2779,min_ai_link_score,0.0015105740181268882,"[{""count"": 1, ""layer"": ""quality_or_theme_hard"", ""pct"": 0.0015105740181268882, ""reason"": ""min_ai_link_score""}]"
base,replay_base_2025-09-30,2025-09-30,research_pool,union_superset_approx,ai_enabler,662,91,91,10,"ACN,EME,ATEN,JCI,CMI,NNE,STLD,NSC,UNP,CSX",,0.0,,0.0,[]
base,replay_base_2025-09-30,2025-09-30,research_pool,union_superset_approx,ai_peripheral,662,46,46,10,"HII,JKHY,IESC,SKY,MATX,ESS,EXPD,FCX,HEI,EEFT",,0.0,,0.0,[]
base,replay_base_2025-09-30,2025-09-30,research_pool,union_superset_approx,core_ai,662,47,47,10,"ZM,KLAC,NOW,QCOM,PYPL,NFLX,LDOS,DIS,CSCO,CAT",,0.0,,0.0,[]
base,replay_base_2025-10-31,2025-10-31,low_value,union_superset_approx,ai_enabler,665,107,22,10,"KLAC,ZM,MU,QCOM,LRCX,EME,JCI,GOOGL,PWR,RTX",min_dollar_volume,0.2526,max_pe_percentile_in_sic,0.0015037593984962407,"[{""count"": 1, ""layer"": ""valuation_hard"", ""pct"": 0.0015037593984962407, ""reason"": ""max_pe_percentile_in_sic""}]"
base,replay_base_2025-10-31,2025-10-31,low_value,union_superset_approx,ai_peripheral,665,34,12,10,"EME,JCI,RTX,VRT,ATI,PWR,ETN,HWM,CAT,TT",min_dollar_volume,0.2526,,0.0,[]
base,replay_base_2025-10-31,2025-10-31,low_value,union_superset_approx,core_ai,665,43,13,10,"KLAC,ZM,QCOM,LRCX,MU,GOOGL,AMAT,GOOG,AMZN,ANET",min_dollar_volume,0.2526,max_pe_percentile_in_sic,0.0015037593984962407,"[{""count"": 1, ""layer"": ""valuation_hard"", ""pct"": 0.0015037593984962407, ""reason"": ""max_pe_percentile_in_sic""}]"
base,replay_base_2025-10-31,2025-10-31,industry_trend,union_superset_approx,ai_enabler,665,381,91,10,"AMZN,MU,KLAC,GOOGL,CSCO,GOOG,LRCX,IBM,PWR,CRM",min_dollar_volume,0.2526,min_ai_link_score,0.009022556390977444,"[{""count"": 6, ""layer"": ""quality_or_theme_hard"", ""pct"": 0.009022556390977444, ""reason"": ""min_ai_link_score""}, {""count"": 5, ""layer"": ""valuation_hard"", ""pct"": 0.007518796992481203, ""reason"": ""max_ps_hist_percentile""}, {""count"": 4, ""layer"": ""quality_or_theme_hard"", ""pct"": 0.006015037593984963, ""reason"": ""min_current_ratio""}, {""count"": 3, ""layer"": ""valuation_hard"", ""pct"": 0.004511278195488722, ""reason"": ""trend_min_return_60d""}, {""count"": 3, ""layer"": ""base_hard"", ""pct"": 0.004511278195488722, ""reason"": ""trend_min_avg_dollar_volume_20d""}]"
base,replay_base_2025-10-31,2025-10-31,industry_trend,union_superset_approx,ai_peripheral,665,171,75,10,"PWR,CAT,VRT,HWM,GE,FCX,ETN,GEV,RTX,PH",min_dollar_volume,0.2526,max_ps_hist_percentile,0.012030075187969926,"[{""count"": 8, ""layer"": ""valuation_hard"", ""pct"": 0.012030075187969926, ""reason"": ""max_ps_hist_percentile""}, {""count"": 7, ""layer"": ""base_hard"", ""pct"": 0.010526315789473684, ""reason"": ""channel_bucket_match""}, {""count"": 5, ""layer"": ""quality_or_theme_hard"", ""pct"": 0.007518796992481203, ""reason"": ""min_ai_link_score""}, {""count"": 4, ""layer"": ""quality_or_theme_hard"", ""pct"": 0.006015037593984963, ""reason"": ""min_current_ratio""}, {""count"": 2, ""layer"": ""base_hard"", ""pct"": 0.0030075187969924814, ""reason"": ""trend_min_avg_dollar_volume_20d""}]"
base,replay_base_2025-10-31,2025-10-31,industry_trend,union_superset_approx,core_ai,665,121,29,10,"AMZN,GOOGL,MU,CSCO,GOOG,MSFT,KLAC,AVGO,LRCX,NVDA",min_dollar_volume,0.2526,min_ai_link_score,0.004511278195488722,"[{""count"": 3, ""layer"": ""quality_or_theme_hard"", ""pct"": 0.004511278195488722, ""reason"": ""min_ai_link_score""}, {""count"": 1, ""layer"": ""valuation_hard"", ""pct"": 0.0015037593984962407, ""reason"": ""max_ps_percentile_in_sic""}, {""count"": 1, ""layer"": ""valuation_hard"", ""pct"": 0.0015037593984962407, ""reason"": ""max_pe_percentile_in_sic""}, {""count"": 1, ""layer"": ""valuation_hard"", ""pct"": 0.0015037593984962407, ""reason"": ""trend_min_return_60d""}, {""count"": 1, ""layer"": ""valuation_hard"", ""pct"": 0.0015037593984962407, ""reason"": ""max_ps_hist_percentile""}]"
base,replay_base_2025-10-31,2025-10-31,momentum,union_superset_approx,ai_enabler,665,381,91,10,"MU,GOOGL,KLAC,AMZN,GOOG,LRCX,CSCO,VRT,CRM,ANET",min_dollar_volume,0.2526,max_ps_hist_percentile,0.004511278195488722,"[{""count"": 3, ""layer"": ""valuation_hard"", ""pct"": 0.004511278195488722, ""reason"": ""max_ps_hist_percentile""}, {""count"": 1, ""layer"": ""valuation_hard"", ""pct"": 0.0015037593984962407, ""reason"": ""max_pe_percentile_in_sic""}, {""count"": 1, ""layer"": ""valuation_hard"", ""pct"": 0.0015037593984962407, ""reason"": ""momentum_min_price_to_sma200""}, {""count"": 1, ""layer"": ""valuation_hard"", ""pct"": 0.0015037593984962407, ""reason"": ""momentum_min_return_60d""}, {""count"": 1, ""layer"": ""quality_or_theme_hard"", ""pct"": 0.0015037593984962407, ""reason"": ""min_ai_link_score""}]"
base,replay_base_2025-10-31,2025-10-31,momentum,union_superset_approx,ai_peripheral,665,171,75,10,"VRT,PWR,CAT,HWM,UPS,ATI,FCX,RTX,BWXT,GE",min_dollar_volume,0.2526,max_ps_hist_percentile,0.009022556390977444,"[{""count"": 6, ""layer"": ""valuation_hard"", ""pct"": 0.009022556390977444, ""reason"": ""max_ps_hist_percentile""}, {""count"": 1, ""layer"": ""valuation_hard"", ""pct"": 0.0015037593984962407, ""reason"": ""momentum_min_return_20d""}, {""count"": 1, ""layer"": ""valuation_hard"", ""pct"": 0.0015037593984962407, ""reason"": ""momentum_min_price_to_sma200""}, {""count"": 1, ""layer"": ""valuation_hard"", ""pct"": 0.0015037593984962407, ""reason"": ""momentum_min_return_60d""}, {""count"": 1, ""layer"": ""base_hard"", ""pct"": 0.0015037593984962407, ""reason"": ""channel_bucket_match""}]"
base,replay_base_2025-10-31,2025-10-31,momentum,union_superset_approx,core_ai,665,121,29,10,"MU,GOOGL,AMZN,CSCO,GOOG,CRM,KLAC,AMD,LRCX,ANET",min_dollar_volume,0.2526,max_pe_percentile_in_sic,0.0015037593984962407,"[{""count"": 1, ""layer"": ""valuation_hard"", ""pct"": 0.0015037593984962407, ""reason"": ""max_pe_percentile_in_sic""}, {""count"": 1, ""layer"": ""quality_or_theme_hard"", ""pct"": 0.0015037593984962407, ""reason"": ""min_ai_link_score""}]"
base,replay_base_2025-10-31,2025-10-31,research_pool,union_superset_approx,ai_enabler,665,81,81,10,"ACN,EME,JCI,ATEN,CMI,NNE,STLD,NOC,LMT,NUE",,0.0,,0.0,[]
base,replay_base_2025-10-31,2025-10-31,research_pool,union_superset_approx,ai_peripheral,665,54,54,10,"HII,EXLS,FISV,EEFT,LII,IESC,SKY,MATX,KIM,ESS",,0.0,,0.0,[]
base,replay_base_2025-10-31,2025-10-31,research_pool,union_superset_approx,core_ai,665,53,53,10,"KLAC,NOW,NFLX,PYPL,QCOM,LDOS,DIS,CAT,SMCI,ZM",,0.0,,0.0,[]
base,replay_base_2025-11-28,2025-11-28,low_value,union_superset_approx,ai_enabler,666,77,16,10,"MU,CSCO,CRH,PH,PWR,NSC,CMI,AMAT,AAPL,GOOGL",min_dollar_volume,0.4264,min_return_60d,0.0015015015015015015,"[{""count"": 1, ""layer"": ""valuation_hard"", ""pct"": 0.0015015015015015015, ""reason"": ""min_return_60d""}]"
base,replay_base_2025-11-28,2025-11-28,low_value,union_superset_approx,ai_peripheral,666,40,8,8,"CRH,PH,PWR,CMI,NSC,NUE,STLD,SRE",min_dollar_volume,0.4264,min_return_20d,0.0015015015015015015,"[{""count"": 1, ""layer"": ""valuation_hard"", ""pct"": 0.0015015015015015015, ""reason"": ""min_return_20d""}, {""count"": 1, ""layer"": ""valuation_hard"", ""pct"": 0.0015015015015015015, ""reason"": ""min_return_60d""}, {""count"": 1, ""layer"": ""quality_or_theme_hard"", ""pct"": 0.0015015015015015015, ""reason"": ""min_ai_link_score""}]"
base,replay_base_2025-11-28,2025-11-28,low_value,union_superset_approx,core_ai,666,22,7,7,"CSCO,MU,AMAT,GOOGL,ADI,GOOG,TWLO",min_dollar_volume,0.4264,,0.0,[]
base,replay_base_2025-11-28,2025-11-28,industry_trend,union_superset_approx,ai_enabler,666,354,89,10,"AMZN,CSCO,MU,GOOGL,GOOG,KLAC,GEV,AMAT,NFLX,LRCX",min_dollar_volume,0.4264,trend_min_return_60d,0.012012012012012012,"[{""count"": 8, ""layer"": ""valuation_hard"", ""pct"": 0.012012012012012012, ""reason"": ""trend_min_return_60d""}, {""count"": 5, ""layer"": ""valuation_hard"", ""pct"": 0.0075075075075075074, ""reason"": ""max_ps_hist_percentile""}, {""count"": 5, ""layer"": ""quality_or_theme_hard"", ""pct"": 0.0075075075075075074, ""reason"": ""min_ai_link_score""}, {""count"": 4, ""layer"": ""base_hard"", ""pct"": 0.006006006006006006, ""reason"": ""trend_min_avg_dollar_volume_20d""}, {""count"": 2, ""layer"": ""valuation_hard"", ""pct"": 0.003003003003003003, ""reason"": ""max_ps_percentile_in_sic""}]"
base,replay_base_2025-11-28,2025-11-28,industry_trend,union_superset_approx,ai_peripheral,666,154,72,10,"GEV,PH,FCX,UNP,CRH,PWR,KMI,D,GE,OKE",min_dollar_volume,0.4264,max_ps_hist_percentile,0.010510510510510511,"[{""count"": 7, ""layer"": ""valuation_hard"", ""pct"": 0.010510510510510511, ""reason"": ""max_ps_hist_percentile""}, {""count"": 5, ""layer"": ""base_hard"", ""pct"": 0.0075075075075075074, ""reason"": ""channel_bucket_match""}, {""count"": 3, ""layer"": ""quality_or_theme_hard"", ""pct"": 0.0045045045045045045, ""reason"": ""min_current_ratio""}, {""count"": 3, ""layer"": ""quality_or_theme_hard"", ""pct"": 0.0045045045045045045, ""reason"": ""min_ai_link_score""}, {""count"": 2, ""layer"": ""valuation_hard"", ""pct"": 0.003003003003003003, ""reason"": ""trend_min_return_60d""}]"
base,replay_base_2025-11-28,2025-11-28,industry_trend,union_superset_approx,core_ai,666,118,29,10,"AMZN,GOOGL,CSCO,MU,GOOG,MSFT,AVGO,KLAC,NFLX,GEV",min_dollar_volume,0.4264,trend_min_return_60d,0.0045045045045045045,"[{""count"": 3, ""layer"": ""valuation_hard"", ""pct"": 0.0045045045045045045, ""reason"": ""trend_min_return_60d""}, {""count"": 1, ""layer"": ""quality_or_theme_hard"", ""pct"": 0.0015015015015015015, ""reason"": ""max_ev_to_ebit""}, {""count"": 1, ""layer"": ""base_hard"", ""pct"": 0.0015015015015015015, ""reason"": ""trend_min_avg_dollar_volume_20d""}, {""count"": 1, ""layer"": ""quality_or_theme_hard"", ""pct"": 0.0015015015015015015, ""reason"": ""min_ai_link_score""}]"
base,replay_base_2025-11-28,2025-11-28,momentum,union_superset_approx,ai_enabler,666,354,89,10,"GOOGL,MU,AMZN,CSCO,GOOG,UNP,GEV,PWR,AMAT,PH",min_dollar_volume,0.4264,momentum_min_return_60d,0.003003003003003003,"[{""count"": 2, ""layer"": ""valuation_hard"", ""pct"": 0.003003003003003003, ""reason"": ""momentum_min_return_60d""}, {""count"": 1, ""layer"": ""valuation_hard"", ""pct"": 0.0015015015015015015, ""reason"": ""momentum_min_return_20d""}, {""count"": 1, ""layer"": ""valuation_hard"", ""pct"": 0.0015015015015015015, ""reason"": ""max_ps_hist_percentile""}, {""count"": 1, ""layer"": ""quality_or_theme_hard"", ""pct"": 0.0015015015015015015, ""reason"": ""min_ai_link_score""}]"
base,replay_base_2025-11-28,2025-11-28,momentum,union_superset_approx,ai_peripheral,666,154,72,10,"PH,UNP,GEV,OKE,FCX,CMI,KMI,NEM,D,PWR",min_dollar_volume,0.4264,min_ai_link_score,0.003003003003003003,"[{""count"": 2, ""layer"": ""quality_or_theme_hard"", ""pct"": 0.003003003003003003, ""reason"": ""min_ai_link_score""}, {""count"": 1, ""layer"": ""valuation_hard"", ""pct"": 0.0015015015015015015, ""reason"": ""momentum_min_return_60d""}, {""count"": 1, ""layer"": ""valuation_hard"", ""pct"": 0.0015015015015015015, ""reason"": ""max_ps_hist_percentile""}]"
base,replay_base_2025-11-28,2025-11-28,momentum,union_superset_approx,core_ai,666,118,29,10,"GOOGL,MU,AMZN,CSCO,GOOG,AVGO,GEV,KLAC,MSFT,NFLX",min_dollar_volume,0.4264,momentum_min_return_20d,0.0015015015015015015,"[{""count"": 1, ""layer"": ""valuation_hard"", ""pct"": 0.0015015015015015015, ""reason"": ""momentum_min_return_20d""}, {""count"": 1, ""layer"": ""valuation_hard"", ""pct"": 0.0015015015015015015, ""reason"": ""momentum_min_return_60d""}]"
base,replay_base_2025-11-28,2025-11-28,research_pool,union_superset_approx,ai_enabler,666,85,85,10,"ACN,ATEN,EME,CMI,NUE,CSX,STLD,NSC,VMC,RTX",,0.0,,0.0,[]
base,replay_base_2025-11-28,2025-11-28,research_pool,union_superset_approx,ai_peripheral,666,58,58,10,"HII,FISV,MOS,IESC,EXLS,SW,KIM,CF,HEI,NEM",,0.0,,0.0,[]
base,replay_base_2025-11-28,2025-11-28,research_pool,union_superset_approx,core_ai,666,45,45,10,"KLAC,NFLX,LDOS,CSCO,ZM,TXN,FTNT,MU,AMZN,AMD",,0.0,,0.0,[]
base,replay_base_2025-12-31,2025-12-31,low_value,union_superset_approx,ai_enabler,666,49,12,10,"KLAC,ZM,MU,LRCX,RTX,CRH,PH,GEV,ATI,HWM",min_dollar_volume,0.3784,min_drawdown_percentile,0.0015015015015015015,"[{""count"": 1, ""layer"": ""valuation_hard"", ""pct"": 0.0015015015015015015, ""reason"": ""min_drawdown_percentile""}]"
base,replay_base_2025-12-31,2025-12-31,low_value,union_superset_approx,ai_peripheral,666,25,7,7,"RTX,CRH,PH,ATI,GEV,HWM,HII",min_dollar_volume,0.3784,min_range_position_52w,0.0015015015015015015,"[{""count"": 1, ""layer"": ""valuation_hard"", ""pct"": 0.0015015015015015015, ""reason"": ""min_range_position_52w""}, {""count"": 1, ""layer"": ""quality_or_theme_hard"", ""pct"": 0.0015015015015015015, ""reason"": ""min_ai_link_score""}]"
base,replay_base_2025-12-31,2025-12-31,low_value,union_superset_approx,core_ai,666,16,4,4,"LRCX,MU,GEV,TWLO",min_dollar_volume,0.3784,,0.0,[]
base,replay_base_2025-12-31,2025-12-31,industry_trend,union_superset_approx,ai_enabler,666,362,90,10,"MU,LRCX,CRM,GEV,KLAC,FCX,GE,CSCO,AMZN,RTX",min_dollar_volume,0.3784,min_ai_link_score,0.0075075075075075074,"[{""count"": 5, ""layer"": ""quality_or_theme_hard"", ""pct"": 0.0075075075075075074, ""reason"": ""min_ai_link_score""}, {""count"": 4, ""layer"": ""valuation_hard"", ""pct"": 0.006006006006006006, ""reason"": ""trend_min_return_60d""}, {""count"": 4, ""layer"": ""quality_or_theme_hard"", ""pct"": 0.006006006006006006, ""reason"": ""min_current_ratio""}, {""count"": 3, ""layer"": ""valuation_hard"", ""pct"": 0.0045045045045045045, ""reason"": ""max_ps_hist_percentile""}, {""count"": 2, ""layer"": ""base_hard"", ""pct"": 0.003003003003003003, ""reason"": ""trend_min_avg_dollar_volume_20d""}]"
base,replay_base_2025-12-31,2025-12-31,industry_trend,union_superset_approx,ai_peripheral,666,161,72,10,"GEV,FCX,GE,RTX,CRH,CSX,BA,UNP,KMI,JCI",min_dollar_volume,0.3784,trend_min_return_60d,0.009009009009009009,"[{""count"": 6, ""layer"": ""valuation_hard"", ""pct"": 0.009009009009009009, ""reason"": ""trend_min_return_60d""}, {""count"": 6, ""layer"": ""base_hard"", ""pct"": 0.009009009009009009, ""reason"": ""channel_bucket_match""}, {""count"": 5, ""layer"": ""valuation_hard"", ""pct"": 0.0075075075075075074, ""reason"": ""max_ps_hist_percentile""}, {""count"": 3, ""layer"": ""quality_or_theme_hard"", ""pct"": 0.0045045045045045045, ""reason"": ""min_current_ratio""}, {""count"": 2, ""layer"": ""quality_or_theme_hard"", ""pct"": 0.003003003003003003, ""reason"": ""min_ai_link_score""}]"
base,replay_base_2025-12-31,2025-12-31,industry_trend,union_superset_approx,core_ai,666,118,28,10,"MU,CRM,LRCX,AMZN,CSCO,GEV,MSFT,KLAC,GOOGL,NVDA",min_dollar_volume,0.3784,min_ai_link_score,0.006006006006006006,"[{""count"": 4, ""layer"": ""quality_or_theme_hard"", ""pct"": 0.006006006006006006, ""reason"": ""min_ai_link_score""}, {""count"": 2, ""layer"": ""valuation_hard"", ""pct"": 0.003003003003003003, ""reason"": ""trend_min_return_60d""}, {""count"": 1, ""layer"": ""base_hard"", ""pct"": 0.0015015015015015015, ""reason"": ""trend_min_avg_dollar_volume_20d""}, {""count"": 1, ""layer"": ""quality_or_theme_hard"", ""pct"": 0.0015015015015015015, ""reason"": ""min_current_ratio""}]"
base,replay_base_2025-12-31,2025-12-31,momentum,union_superset_approx,ai_enabler,666,362,90,10,"MU,CRM,LRCX,FCX,GEV,KLAC,RTX,ATI,GE,ABNB",min_dollar_volume,0.3784,momentum_min_return_60d,0.0015015015015015015,"[{""count"": 1, ""layer"": ""valuation_hard"", ""pct"": 0.0015015015015015015, ""reason"": ""momentum_min_return_60d""}]"
base,replay_base_2025-12-31,2025-12-31,momentum,union_superset_approx,ai_peripheral,666,161,72,10,"GEV,FCX,RTX,GE,CRH,ATI,LMT,BA,NEM,CSX",min_dollar_volume,0.3784,channel_bucket_match,0.0015015015015015015,"[{""count"": 1, ""layer"": ""base_hard"", ""pct"": 0.0015015015015015015, ""reason"": ""channel_bucket_match""}, {""count"": 1, ""layer"": ""quality_or_theme_hard"", ""pct"": 0.0015015015015015015, ""reason"": ""min_ai_link_score""}]"
base,replay_base_2025-12-31,2025-12-31,momentum,union_superset_approx,core_ai,666,118,28,10,"MU,CRM,LRCX,GEV,CSCO,KLAC,MSFT,META,AMZN,ANET",min_dollar_volume,0.3784,,0.0,[]
base,replay_base_2025-12-31,2025-12-31,research_pool,union_superset_approx,ai_enabler,666,86,86,10,"ACN,EME,ATEN,CMI,NUE,NSC,QLYS,VMC,ETN,ATI",,0.0,,0.0,[]
base,replay_base_2025-12-31,2025-12-31,research_pool,union_superset_approx,ai_peripheral,666,58,58,10,"HII,IESC,FISV,MOS,SW,KIM,CF,FDX,EXLS,FCX",,0.0,,0.0,[]
base,replay_base_2025-12-31,2025-12-31,research_pool,union_superset_approx,core_ai,666,54,54,10,"KLAC,LDOS,DIS,ZM,ADBE,MSFT,ORCL,TXN,DT,FTNT",,0.0,,0.0,[]
base,replay_base_2026-01-30,2026-01-30,low_value,union_superset_approx,ai_enabler,666,133,21,10,"KLAC,ZM,LRCX,LMT,EME,RTX,FCX,GEV,PWR,VMC",min_dollar_volume,0.2312,max_price_to_sma200,0.0015015015015015015,"[{""count"": 1, ""layer"": ""valuation_hard"", ""pct"": 0.0015015015015015015, ""reason"": ""max_price_to_sma200""}]"
base,replay_base_2026-01-30,2026-01-30,low_value,union_superset_approx,ai_peripheral,666,76,14,10,"LMT,RTX,EME,VMC,FCX,ATI,PH,LHX,PWR,GEV",min_dollar_volume,0.2312,max_ps_hist_percentile,0.003003003003003003,"[{""count"": 2, ""layer"": ""valuation_hard"", ""pct"": 0.003003003003003003, ""reason"": ""max_ps_hist_percentile""}, {""count"": 1, ""layer"": ""valuation_hard"", ""pct"": 0.0015015015015015015, ""reason"": ""min_range_position_52w""}, {""count"": 1, ""layer"": ""valuation_hard"", ""pct"": 0.0015015015015015015, ""reason"": ""min_return_60d""}, {""count"": 1, ""layer"": ""base_hard"", ""pct"": 0.0015015015015015015, ""reason"": ""channel_bucket_match""}, {""count"": 1, ""layer"": ""quality_or_theme_hard"", ""pct"": 0.0015015015015015015, ""reason"": ""min_ai_link_score""}]"
base,replay_base_2026-01-30,2026-01-30,low_value,union_superset_approx,core_ai,666,40,11,10,"KLAC,ZM,ON,GEV,LRCX,AMAT,LHX,CAT,META,GOOGL",min_dollar_volume,0.2312,max_price_to_sma200,0.0015015015015015015,"[{""count"": 1, ""layer"": ""valuation_hard"", ""pct"": 0.0015015015015015015, ""reason"": ""max_price_to_sma200""}]"
base,replay_base_2026-01-30,2026-01-30,industry_trend,union_superset_approx,ai_enabler,666,397,92,10,"LRCX,KLAC,MU,AMZN,AMAT,FCX,GEV,PWR,ASML,CSCO",min_dollar_volume,0.2312,min_ai_link_score,0.010510510510510511,"[{""count"": 7, ""layer"": ""quality_or_theme_hard"", ""pct"": 0.010510510510510511, ""reason"": ""min_ai_link_score""}, {""count"": 4, ""layer"": ""valuation_hard"", ""pct"": 0.006006006006006006, ""reason"": ""trend_min_return_60d""}, {""count"": 4, ""layer"": ""quality_or_theme_hard"", ""pct"": 0.006006006006006006, ""reason"": ""min_current_ratio""}, {""count"": 2, ""layer"": ""valuation_hard"", ""pct"": 0.003003003003003003, ""reason"": ""max_ps_hist_percentile""}, {""count"": 1, ""layer"": ""base_hard"", ""pct"": 0.0015015015015015015, ""reason"": ""trend_min_avg_dollar_volume_20d""}]"
base,replay_base_2026-01-30,2026-01-30,industry_trend,union_superset_approx,ai_peripheral,666,175,76,10,"FCX,PWR,GEV,CAT,ETN,RTX,LMT,KMI,VRT,NOC",min_dollar_volume,0.2312,min_ai_link_score,0.012012012012012012,"[{""count"": 8, ""layer"": ""quality_or_theme_hard"", ""pct"": 0.012012012012012012, ""reason"": ""min_ai_link_score""}, {""count"": 7, ""layer"": ""base_hard"", ""pct"": 0.010510510510510511, ""reason"": ""channel_bucket_match""}, {""count"": 6, ""layer"": ""valuation_hard"", ""pct"": 0.009009009009009009, ""reason"": ""max_ps_hist_percentile""}, {""count"": 3, ""layer"": ""base_hard"", ""pct"": 0.0045045045045045045, ""reason"": ""trend_min_avg_dollar_volume_20d""}, {""count"": 3, ""layer"": ""quality_or_theme_hard"", ""pct"": 0.0045045045045045045, ""reason"": ""min_current_ratio""}]"
base,replay_base_2026-01-30,2026-01-30,industry_trend,union_superset_approx,core_ai,666,126,28,10,"KLAC,LRCX,MU,AMZN,GOOGL,CSCO,META,GEV,AMAT,IBM",min_dollar_volume,0.2312,min_ai_link_score,0.0045045045045045045,"[{""count"": 3, ""layer"": ""quality_or_theme_hard"", ""pct"": 0.0045045045045045045, ""reason"": ""min_ai_link_score""}, {""count"": 1, ""layer"": ""valuation_hard"", ""pct"": 0.0015015015015015015, ""reason"": ""trend_min_return_60d""}]"
base,replay_base_2026-01-30,2026-01-30,momentum,union_superset_approx,ai_enabler,666,397,92,10,"LRCX,MU,KLAC,ASML,AMAT,FCX,LMT,TXN,PWR,ETN",min_dollar_volume,0.2312,momentum_min_return_60d,0.0045045045045045045,"[{""count"": 3, ""layer"": ""valuation_hard"", ""pct"": 0.0045045045045045045, ""reason"": ""momentum_min_return_60d""}]"
base,replay_base_2026-01-30,2026-01-30,momentum,union_superset_approx,ai_peripheral,666,175,76,10,"FCX,LMT,CAT,PWR,NOC,VRT,ETN,GEV,EME,KMI",min_dollar_volume,0.2312,momentum_min_return_60d,0.003003003003003003,"[{""count"": 2, ""layer"": ""valuation_hard"", ""pct"": 0.003003003003003003, ""reason"": ""momentum_min_return_60d""}, {""count"": 2, ""layer"": ""valuation_hard"", ""pct"": 0.003003003003003003, ""reason"": ""max_ps_hist_percentile""}, {""count"": 2, ""layer"": ""quality_or_theme_hard"", ""pct"": 0.003003003003003003, ""reason"": ""min_ai_link_score""}, {""count"": 1, ""layer"": ""quality_or_theme_hard"", ""pct"": 0.0015015015015015015, ""reason"": ""min_fcf_yield""}, {""count"": 1, ""layer"": ""base_hard"", ""pct"": 0.0015015015015015015, ""reason"": ""momentum_min_avg_dollar_volume_20d""}]"
base,replay_base_2026-01-30,2026-01-30,momentum,union_superset_approx,core_ai,666,126,28,10,"MU,LRCX,KLAC,ASML,AMZN,AMAT,TXN,GOOGL,META,CSCO",min_dollar_volume,0.2312,momentum_min_return_60d,0.0015015015015015015,"[{""count"": 1, ""layer"": ""valuation_hard"", ""pct"": 0.0015015015015015015, ""reason"": ""momentum_min_return_60d""}]"
base,replay_base_2026-01-30,2026-01-30,research_pool,union_superset_approx,ai_enabler,666,91,91,10,"ACN,ATEN,EME,LMT,NOC,NUE,UNP,STLD,UPS,NSC",,0.0,,0.0,[]
base,replay_base_2026-01-30,2026-01-30,research_pool,union_superset_approx,ai_peripheral,666,61,61,10,"FCX,FISV,EXLS,IESC,MOS,CF,SW,KIM,ESS,EXPD",,0.0,,0.0,[]
base,replay_base_2026-01-30,2026-01-30,research_pool,union_superset_approx,core_ai,666,50,50,10,"KLAC,LDOS,DIS,ZM,FTNT,AVGO,GEV,ABNB,GOOG,GOOGL",,0.0,,0.0,[]
base,replay_base_2026-02-27,2026-02-27,low_value,union_superset_approx,ai_enabler,667,154,22,10,"ETN,LMT,VMC,UNP,JCI,FCX,PH,LHX,NVT,GEV",min_dollar_volume,0.2399,min_return_20d,0.0014992503748125937,"[{""count"": 1, ""layer"": ""valuation_hard"", ""pct"": 0.0014992503748125937, ""reason"": ""min_return_20d""}]"
base,replay_base_2026-02-27,2026-02-27,low_value,union_superset_approx,ai_peripheral,667,112,21,10,"LMT,ETN,VMC,UPS,UNP,FCX,JCI,PH,LHX,NVT",min_dollar_volume,0.2399,min_avg_dollar_volume_20d,0.0014992503748125937,"[{""count"": 1, ""layer"": ""base_hard"", ""pct"": 0.0014992503748125937, ""reason"": ""min_avg_dollar_volume_20d""}, {""count"": 1, ""layer"": ""valuation_hard"", ""pct"": 0.0014992503748125937, ""reason"": ""max_ps_hist_percentile""}, {""count"": 1, ""layer"": ""quality_or_theme_hard"", ""pct"": 0.0014992503748125937, ""reason"": ""min_ai_link_score""}]"
base,replay_base_2026-02-27,2026-02-27,low_value,union_superset_approx,core_ai,667,23,4,4,"GEV,ON,CAT,AMAT",min_dollar_volume,0.2399,,0.0,[]
base,replay_base_2026-02-27,2026-02-27,industry_trend,union_superset_approx,ai_enabler,667,429,97,10,"GEV,NFLX,PWR,GE,UNP,CSCO,JCI,ETN,VRT,CSX",min_dollar_volume,0.2399,min_ai_link_score,0.01199400299850075,"[{""count"": 8, ""layer"": ""quality_or_theme_hard"", ""pct"": 0.01199400299850075, ""reason"": ""min_ai_link_score""}, {""count"": 4, ""layer"": ""valuation_hard"", ""pct"": 0.005997001499250375, ""reason"": ""trend_min_return_60d""}, {""count"": 4, ""layer"": ""valuation_hard"", ""pct"": 0.005997001499250375, ""reason"": ""max_ps_hist_percentile""}, {""count"": 3, ""layer"": ""quality_or_theme_hard"", ""pct"": 0.004497751124437781, ""reason"": ""min_current_ratio""}, {""count"": 2, ""layer"": ""valuation_hard"", ""pct"": 0.0029985007496251873, ""reason"": ""max_ps_percentile_in_sic""}]"
base,replay_base_2026-02-27,2026-02-27,industry_trend,union_superset_approx,ai_peripheral,667,184,80,10,"GEV,GE,PWR,JCI,VRT,UNP,DE,CAT,CSX,HWM",min_dollar_volume,0.2399,min_ai_link_score,0.010494752623688156,"[{""count"": 7, ""layer"": ""quality_or_theme_hard"", ""pct"": 0.010494752623688156, ""reason"": ""min_ai_link_score""}, {""count"": 4, ""layer"": ""valuation_hard"", ""pct"": 0.005997001499250375, ""reason"": ""trend_min_return_60d""}, {""count"": 4, ""layer"": ""base_hard"", ""pct"": 0.005997001499250375, ""reason"": ""trend_min_avg_dollar_volume_20d""}, {""count"": 4, ""layer"": ""valuation_hard"", ""pct"": 0.005997001499250375, ""reason"": ""max_ps_hist_percentile""}, {""count"": 3, ""layer"": ""base_hard"", ""pct"": 0.004497751124437781, ""reason"": ""channel_bucket_match""}]"
base,replay_base_2026-02-27,2026-02-27,industry_trend,union_superset_approx,core_ai,667,130,28,10,"CSCO,NFLX,GEV,AMZN,CAT,NVDA,MU,KLAC,AAPL,MSFT",min_dollar_volume,0.2399,max_ps_percentile_in_sic,0.0029985007496251873,"[{""count"": 2, ""layer"": ""valuation_hard"", ""pct"": 0.0029985007496251873, ""reason"": ""max_ps_percentile_in_sic""}, {""count"": 2, ""layer"": ""valuation_hard"", ""pct"": 0.0029985007496251873, ""reason"": ""trend_min_return_60d""}, {""count"": 2, ""layer"": ""quality_or_theme_hard"", ""pct"": 0.0029985007496251873, ""reason"": ""min_ai_link_score""}, {""count"": 1, ""layer"": ""quality_or_theme_hard"", ""pct"": 0.0014992503748125937, ""reason"": ""max_ev_to_ebit""}]"
base,replay_base_2026-02-27,2026-02-27,momentum,union_superset_approx,ai_enabler,667,429,97,10,"GEV,NFLX,PWR,UNP,VRT,HWM,GE,JCI,ATI,DE",min_dollar_volume,0.2399,momentum_min_return_20d,0.0029985007496251873,"[{""count"": 2, ""layer"": ""valuation_hard"", ""pct"": 0.0029985007496251873, ""reason"": ""momentum_min_return_20d""}, {""count"": 2, ""layer"": ""valuation_hard"", ""pct"": 0.0029985007496251873, ""reason"": ""max_ps_hist_percentile""}, {""count"": 2, ""layer"": ""quality_or_theme_hard"", ""pct"": 0.0029985007496251873, ""reason"": ""min_ai_link_score""}]"
base,replay_base_2026-02-27,2026-02-27,momentum,union_superset_approx,ai_peripheral,667,184,80,10,"GEV,VRT,HWM,PWR,JCI,DE,UNP,ATI,GE,CSX",min_dollar_volume,0.2399,momentum_min_avg_dollar_volume_20d,0.004497751124437781,"[{""count"": 3, ""layer"": ""base_hard"", ""pct"": 0.004497751124437781, ""reason"": ""momentum_min_avg_dollar_volume_20d""}, {""count"": 3, ""layer"": ""quality_or_theme_hard"", ""pct"": 0.004497751124437781, ""reason"": ""min_ai_link_score""}, {""count"": 2, ""layer"": ""valuation_hard"", ""pct"": 0.0029985007496251873, ""reason"": ""max_ps_hist_percentile""}, {""count"": 1, ""layer"": ""quality_or_theme_hard"", ""pct"": 0.0014992503748125937, ""reason"": ""min_current_ratio""}, {""count"": 1, ""layer"": ""base_hard"", ""pct"": 0.0014992503748125937, ""reason"": ""channel_bucket_match""}]"
base,replay_base_2026-02-27,2026-02-27,momentum,union_superset_approx,core_ai,667,130,28,10,"NFLX,GEV,CSCO,DE,CAT,TSM,AMAT,CRM,KLAC,AMZN",min_dollar_volume,0.2399,momentum_min_return_20d,0.0014992503748125937,"[{""count"": 1, ""layer"": ""valuation_hard"", ""pct"": 0.0014992503748125937, ""reason"": ""momentum_min_return_20d""}]"
base,replay_base_2026-02-27,2026-02-27,research_pool,union_superset_approx,ai_enabler,667,82,82,10,"EME,CRH,LMT,CMI,STLD,NOC,NUE,CSX,UPS,JCI",,0.0,,0.0,[]
base,replay_base_2026-02-27,2026-02-27,research_pool,union_superset_approx,ai_peripheral,667,57,57,10,"FCX,HII,EXLS,G,JKHY,SW,IESC,MOS,CF,FISV",,0.0,,0.0,[]
base,replay_base_2026-02-27,2026-02-27,research_pool,union_superset_approx,core_ai,667,48,48,10,"KLAC,DIS,CSCO,AVGO,NFLX,FTNT,GEV,MU,ANET,ON",,0.0,,0.0,[]
base,replay_base_2026-03-31,2026-03-31,low_value,union_superset_approx,ai_enabler,670,0,0,0,,min_dollar_volume,0.2433,benchmark_trend_filter,0.0014925373134328358,"[{""count"": 1, ""layer"": ""quality_or_theme_hard"", ""pct"": 0.0014925373134328358, ""reason"": ""benchmark_trend_filter""}]"
base,replay_base_2026-03-31,2026-03-31,low_value,union_superset_approx,ai_peripheral,670,0,0,0,,min_dollar_volume,0.2433,,0.0,[]
base,replay_base_2026-03-31,2026-03-31,low_value,union_superset_approx,core_ai,670,0,0,0,,min_dollar_volume,0.2433,,0.0,[]
base,replay_base_2026-03-31,2026-03-31,industry_trend,union_superset_approx,ai_enabler,670,0,0,0,,min_dollar_volume,0.2433,benchmark_trend_filter,0.008955223880597015,"[{""count"": 6, ""layer"": ""quality_or_theme_hard"", ""pct"": 0.008955223880597015, ""reason"": ""benchmark_trend_filter""}]"
base,replay_base_2026-03-31,2026-03-31,industry_trend,union_superset_approx,ai_peripheral,670,0,0,0,,min_dollar_volume,0.2433,benchmark_trend_filter,0.004477611940298508,"[{""count"": 3, ""layer"": ""quality_or_theme_hard"", ""pct"": 0.004477611940298508, ""reason"": ""benchmark_trend_filter""}]"
base,replay_base_2026-03-31,2026-03-31,industry_trend,union_superset_approx,core_ai,670,0,0,0,,min_dollar_volume,0.2433,benchmark_trend_filter,0.0029850746268656717,"[{""count"": 2, ""layer"": ""quality_or_theme_hard"", ""pct"": 0.0029850746268656717, ""reason"": ""benchmark_trend_filter""}]"
base,replay_base_2026-03-31,2026-03-31,momentum,union_superset_approx,ai_enabler,670,0,0,0,,min_dollar_volume,0.2433,benchmark_trend_filter,0.0014925373134328358,"[{""count"": 1, ""layer"": ""quality_or_theme_hard"", ""pct"": 0.0014925373134328358, ""reason"": ""benchmark_trend_filter""}]"
base,replay_base_2026-03-31,2026-03-31,momentum,union_superset_approx,ai_peripheral,670,0,0,0,,min_dollar_volume,0.2433,,0.0,[]
base,replay_base_2026-03-31,2026-03-31,momentum,union_superset_approx,core_ai,670,0,0,0,,min_dollar_volume,0.2433,,0.0,[]
base,replay_base_2026-03-31,2026-03-31,research_pool,union_superset_approx,ai_enabler,670,81,81,10,"EME,CMI,LMT,NOC,NUE,UNP,ETN,OKTA,TT,JCI",,0.0,,0.0,[]
base,replay_base_2026-03-31,2026-03-31,research_pool,union_superset_approx,ai_peripheral,670,51,51,10,"FCX,HII,SKY,FISV,EEFT,FND,G,UAL,JKHY,EXLS",,0.0,,0.0,[]
base,replay_base_2026-03-31,2026-03-31,research_pool,union_superset_approx,core_ai,670,47,47,10,"KLAC,PYPL,MU,AMZN,CSCO,ZM,CRM,ORCL,NVDA,ANET",,0.0,,0.0,[]
base,replay_base_2026-04-30,2026-04-30,low_value,union_superset_approx,ai_enabler,671,151,21,10,"KLAC,MU,ZM,LRCX,UNP,ABNB,CSCO,EME,AMAT,JCI",min_dollar_volume,0.2086,min_return_60d,0.0029806259314456036,"[{""count"": 2, ""layer"": ""valuation_hard"", ""pct"": 0.0029806259314456036, ""reason"": ""min_return_60d""}, {""count"": 1, ""layer"": ""valuation_hard"", ""pct"": 0.0014903129657228018, ""reason"": ""max_price_to_sma200""}, {""count"": 1, ""layer"": ""valuation_hard"", ""pct"": 0.0014903129657228018, ""reason"": ""max_ps_percentile_in_sic""}]"
base,replay_base_2026-04-30,2026-04-30,low_value,union_superset_approx,ai_peripheral,671,68,13,10,"EME,UNP,ETN,JCI,CMI,ATI,CSX,GEV,STLD,TT",min_dollar_volume,0.2086,min_return_60d,0.004470938897168405,"[{""count"": 3, ""layer"": ""valuation_hard"", ""pct"": 0.004470938897168405, ""reason"": ""min_return_60d""}, {""count"": 1, ""layer"": ""base_hard"", ""pct"": 0.0014903129657228018, ""reason"": ""min_avg_dollar_volume_20d""}, {""count"": 1, ""layer"": ""quality_or_theme_hard"", ""pct"": 0.0014903129657228018, ""reason"": ""min_current_ratio""}, {""count"": 1, ""layer"": ""base_hard"", ""pct"": 0.0014903129657228018, ""reason"": ""channel_bucket_match""}, {""count"": 1, ""layer"": ""quality_or_theme_hard"", ""pct"": 0.0014903129657228018, ""reason"": ""min_ai_link_score""}]"
base,replay_base_2026-04-30,2026-04-30,low_value,union_superset_approx,core_ai,671,50,12,10,"KLAC,MU,LRCX,CSCO,ZM,ABNB,GEV,NVDA,AMZN,ANET",min_dollar_volume,0.2086,max_price_to_sma200,0.0014903129657228018,"[{""count"": 1, ""layer"": ""valuation_hard"", ""pct"": 0.0014903129657228018, ""reason"": ""max_price_to_sma200""}]"
base,replay_base_2026-04-30,2026-04-30,industry_trend,union_superset_approx,ai_enabler,671,411,96,10,"MU,AMZN,TXN,QCOM,ANET,KLAC,PWR,LRCX,CSCO,GOOG",min_dollar_volume,0.2086,min_ai_link_score,0.005961251862891207,"[{""count"": 4, ""layer"": ""quality_or_theme_hard"", ""pct"": 0.005961251862891207, ""reason"": ""min_ai_link_score""}, {""count"": 3, ""layer"": ""valuation_hard"", ""pct"": 0.004470938897168405, ""reason"": ""max_ps_percentile_in_sic""}, {""count"": 3, ""layer"": ""valuation_hard"", ""pct"": 0.004470938897168405, ""reason"": ""trend_min_return_60d""}, {""count"": 2, ""layer"": ""quality_or_theme_hard"", ""pct"": 0.0029806259314456036, ""reason"": ""min_current_ratio""}, {""count"": 2, ""layer"": ""valuation_hard"", ""pct"": 0.0029806259314456036, ""reason"": ""max_ps_hist_percentile""}]"
base,replay_base_2026-04-30,2026-04-30,industry_trend,union_superset_approx,ai_peripheral,671,180,80,10,"PWR,ETN,GEV,CAT,UNP,CRH,VRT,EME,NUE,CSX",min_dollar_volume,0.2086,channel_bucket_match,0.007451564828614009,"[{""count"": 5, ""layer"": ""base_hard"", ""pct"": 0.007451564828614009, ""reason"": ""channel_bucket_match""}, {""count"": 4, ""layer"": ""valuation_hard"", ""pct"": 0.005961251862891207, ""reason"": ""trend_min_return_60d""}, {""count"": 3, ""layer"": ""quality_or_theme_hard"", ""pct"": 0.004470938897168405, ""reason"": ""min_ai_link_score""}, {""count"": 2, ""layer"": ""valuation_hard"", ""pct"": 0.0029806259314456036, ""reason"": ""max_ps_hist_percentile""}, {""count"": 1, ""layer"": ""quality_or_theme_hard"", ""pct"": 0.0014903129657228018, ""reason"": ""min_net_income_yoy""}]"
base,replay_base_2026-04-30,2026-04-30,industry_trend,union_superset_approx,core_ai,671,127,28,10,"MU,AMZN,GOOGL,KLAC,QCOM,TXN,ANET,CSCO,LRCX,GOOG",min_dollar_volume,0.2086,min_ai_link_score,0.0029806259314456036,"[{""count"": 2, ""layer"": ""quality_or_theme_hard"", ""pct"": 0.0029806259314456036, ""reason"": ""min_ai_link_score""}, {""count"": 1, ""layer"": ""quality_or_theme_hard"", ""pct"": 0.0014903129657228018, ""reason"": ""max_ev_to_ebit""}, {""count"": 1, ""layer"": ""valuation_hard"", ""pct"": 0.0014903129657228018, ""reason"": ""max_ps_percentile_in_sic""}, {""count"": 1, ""layer"": ""valuation_hard"", ""pct"": 0.0014903129657228018, ""reason"": ""trend_min_return_60d""}]"
base,replay_base_2026-04-30,2026-04-30,momentum,union_superset_approx,ai_enabler,671,411,96,10,"MU,ANET,TXN,QCOM,AMZN,PWR,LRCX,KLAC,GOOG,GOOGL",min_dollar_volume,0.2086,momentum_min_return_60d,0.004470938897168405,"[{""count"": 3, ""layer"": ""valuation_hard"", ""pct"": 0.004470938897168405, ""reason"": ""momentum_min_return_60d""}, {""count"": 2, ""layer"": ""valuation_hard"", ""pct"": 0.0029806259314456036, ""reason"": ""max_ps_percentile_in_sic""}, {""count"": 1, ""layer"": ""quality_or_theme_hard"", ""pct"": 0.0014903129657228018, ""reason"": ""max_ev_to_ebit""}, {""count"": 1, ""layer"": ""valuation_hard"", ""pct"": 0.0014903129657228018, ""reason"": ""momentum_min_price_to_sma200""}, {""count"": 1, ""layer"": ""quality_or_theme_hard"", ""pct"": 0.0014903129657228018, ""reason"": ""min_current_ratio""}]"
base,replay_base_2026-04-30,2026-04-30,momentum,union_superset_approx,ai_peripheral,671,180,80,10,"PWR,ETN,GEV,CAT,SBAC,NUE,VRT,CRH,EME,UNP",min_dollar_volume,0.2086,momentum_min_return_60d,0.005961251862891207,"[{""count"": 4, ""layer"": ""valuation_hard"", ""pct"": 0.005961251862891207, ""reason"": ""momentum_min_return_60d""}, {""count"": 3, ""layer"": ""base_hard"", ""pct"": 0.004470938897168405, ""reason"": ""channel_bucket_match""}, {""count"": 2, ""layer"": ""valuation_hard"", ""pct"": 0.0029806259314456036, ""reason"": ""max_ps_hist_percentile""}, {""count"": 1, ""layer"": ""valuation_hard"", ""pct"": 0.0014903129657228018, ""reason"": ""momentum_min_price_to_sma200""}, {""count"": 1, ""layer"": ""base_hard"", ""pct"": 0.0014903129657228018, ""reason"": ""momentum_min_avg_dollar_volume_20d""}]"
base,replay_base_2026-04-30,2026-04-30,momentum,union_superset_approx,core_ai,671,127,28,10,"MU,AMD,TXN,ANET,AMZN,GOOGL,CSCO,LRCX,KLAC,GOOG",min_dollar_volume,0.2086,max_ev_to_ebit,0.0014903129657228018,"[{""count"": 1, ""layer"": ""quality_or_theme_hard"", ""pct"": 0.0014903129657228018, ""reason"": ""max_ev_to_ebit""}]"
base,replay_base_2026-04-30,2026-04-30,research_pool,union_superset_approx,ai_enabler,671,86,86,10,"STLD,CRH,UNP,CSX,NUE,QLYS,EME,ETN,GE,JCI",,0.0,,0.0,[]
base,replay_base_2026-04-30,2026-04-30,research_pool,union_superset_approx,ai_peripheral,671,61,61,10,"FCX,MOS,UAL,G,EXLS,SW,NEM,SKY,FISV,IESC",,0.0,,0.0,[]
base,replay_base_2026-04-30,2026-04-30,research_pool,union_superset_approx,core_ai,671,53,53,10,"KLAC,PYPL,UBER,NFLX,DIS,MSFT,ZM,ORCL,NVDA,META",,0.0,,0.0,[]
base,replay_base_2026-05-29,2026-05-29,low_value,union_superset_approx,ai_enabler,675,137,16,10,"KLAC,ZM,NVDA,ADI,LRCX,AMAT,ATI,CSCO,AMZN,AAPL",min_dollar_volume,0.1748,max_price_to_sma200,0.0014814814814814814,"[{""count"": 1, ""layer"": ""valuation_hard"", ""pct"": 0.0014814814814814814, ""reason"": ""max_price_to_sma200""}, {""count"": 1, ""layer"": ""valuation_hard"", ""pct"": 0.0014814814814814814, ""reason"": ""min_return_20d""}, {""count"": 1, ""layer"": ""quality_or_theme_hard"", ""pct"": 0.0014814814814814814, ""reason"": ""max_accrual_ratio""}, {""count"": 1, ""layer"": ""valuation_hard"", ""pct"": 0.0014814814814814814, ""reason"": ""max_ps_hist_percentile""}]"
base,replay_base_2026-05-29,2026-05-29,low_value,union_superset_approx,ai_peripheral,675,25,3,3,"NUE,ATI,STLD",min_dollar_volume,0.1748,min_return_20d,0.0014814814814814814,"[{""count"": 1, ""layer"": ""valuation_hard"", ""pct"": 0.0014814814814814814, ""reason"": ""min_return_20d""}]"
base,replay_base_2026-05-29,2026-05-29,low_value,union_superset_approx,core_ai,675,58,12,10,"KLAC,NVDA,ZM,LRCX,AMAT,TXN,CSCO,AAPL,TSLA,TER",min_dollar_volume,0.1748,max_price_to_sma200,0.0014814814814814814,"[{""count"": 1, ""layer"": ""valuation_hard"", ""pct"": 0.0014814814814814814, ""reason"": ""max_price_to_sma200""}]"
base,replay_base_2026-05-29,2026-05-29,industry_trend,union_superset_approx,ai_enabler,675,448,97,10,"MU,IBM,CSCO,LRCX,QCOM,CRWD,KLAC,ORCL,AMZN,AMAT",min_dollar_volume,0.1748,min_ai_link_score,0.016296296296296295,"[{""count"": 11, ""layer"": ""quality_or_theme_hard"", ""pct"": 0.016296296296296295, ""reason"": ""min_ai_link_score""}, {""count"": 5, ""layer"": ""valuation_hard"", ""pct"": 0.007407407407407408, ""reason"": ""trend_min_return_60d""}, {""count"": 3, ""layer"": ""quality_or_theme_hard"", ""pct"": 0.0044444444444444444, ""reason"": ""min_current_ratio""}, {""count"": 3, ""layer"": ""valuation_hard"", ""pct"": 0.0044444444444444444, ""reason"": ""max_ps_hist_percentile""}, {""count"": 1, ""layer"": ""valuation_hard"", ""pct"": 0.0014814814814814814, ""reason"": ""max_ps_percentile_in_sic""}]"
base,replay_base_2026-05-29,2026-05-29,industry_trend,union_superset_approx,ai_peripheral,675,185,81,10,"GE,FCX,ATI,NUE,HWM,D,CSX,CAT,UNP,RTX",min_dollar_volume,0.1748,min_ai_link_score,0.008888888888888889,"[{""count"": 6, ""layer"": ""quality_or_theme_hard"", ""pct"": 0.008888888888888889, ""reason"": ""min_ai_link_score""}, {""count"": 4, ""layer"": ""valuation_hard"", ""pct"": 0.005925925925925926, ""reason"": ""trend_min_return_60d""}, {""count"": 4, ""layer"": ""base_hard"", ""pct"": 0.005925925925925926, ""reason"": ""channel_bucket_match""}, {""count"": 3, ""layer"": ""quality_or_theme_hard"", ""pct"": 0.0044444444444444444, ""reason"": ""min_current_ratio""}, {""count"": 2, ""layer"": ""base_hard"", ""pct"": 0.002962962962962963, ""reason"": ""trend_min_avg_dollar_volume_20d""}]"
base,replay_base_2026-05-29,2026-05-29,industry_trend,union_superset_approx,core_ai,675,132,28,10,"MU,IBM,CSCO,AMZN,ORCL,LRCX,CRM,MSFT,NVDA,KLAC",min_net_income_yoy,0.1807,min_ai_link_score,0.002962962962962963,"[{""count"": 2, ""layer"": ""quality_or_theme_hard"", ""pct"": 0.002962962962962963, ""reason"": ""min_ai_link_score""}, {""count"": 1, ""layer"": ""valuation_hard"", ""pct"": 0.0014814814814814814, ""reason"": ""max_ps_percentile_in_sic""}, {""count"": 1, ""layer"": ""valuation_hard"", ""pct"": 0.0014814814814814814, ""reason"": ""max_pe_percentile_in_sic""}, {""count"": 1, ""layer"": ""quality_or_theme_hard"", ""pct"": 0.0014814814814814814, ""reason"": ""min_current_ratio""}]"
base,replay_base_2026-05-29,2026-05-29,momentum,union_superset_approx,ai_enabler,675,448,97,10,"MU,CRWD,IBM,ORCL,LRCX,QCOM,CSCO,SNOW,AMD,KLAC",min_fcf_yield,0.2074,momentum_min_return_20d,0.0014814814814814814,"[{""count"": 1, ""layer"": ""valuation_hard"", ""pct"": 0.0014814814814814814, ""reason"": ""momentum_min_return_20d""}, {""count"": 1, ""layer"": ""quality_or_theme_hard"", ""pct"": 0.0014814814814814814, ""reason"": ""max_accrual_ratio""}, {""count"": 1, ""layer"": ""valuation_hard"", ""pct"": 0.0014814814814814814, ""reason"": ""max_ps_hist_percentile""}]"
base,replay_base_2026-05-29,2026-05-29,momentum,union_superset_approx,ai_peripheral,675,185,81,10,"FCX,GE,NUE,ATI,STLD,D,AMT,RTX,CSX,RKLB",min_fcf_yield,0.1896,momentum_min_return_20d,0.0014814814814814814,"[{""count"": 1, ""layer"": ""valuation_hard"", ""pct"": 0.0014814814814814814, ""reason"": ""momentum_min_return_20d""}, {""count"": 1, ""layer"": ""valuation_hard"", ""pct"": 0.0014814814814814814, ""reason"": ""momentum_min_return_60d""}, {""count"": 1, ""layer"": ""base_hard"", ""pct"": 0.0014814814814814814, ""reason"": ""momentum_min_avg_dollar_volume_20d""}, {""count"": 1, ""layer"": ""base_hard"", ""pct"": 0.0014814814814814814, ""reason"": ""channel_bucket_match""}]"
base,replay_base_2026-05-29,2026-05-29,momentum,union_superset_approx,core_ai,675,132,28,10,"MU,CRWD,ORCL,CSCO,IBM,LRCX,SNOW,AMD,QCOM,KLAC",min_fcf_yield,0.203,,0.0,[]
base,replay_base_2026-05-29,2026-05-29,research_pool,union_superset_approx,ai_enabler,675,83,83,10,"NOC,NUE,STLD,UNP,QLYS,RTX,CHKP,EME,HWM,EQIX",,0.0,,0.0,[]
base,replay_base_2026-05-29,2026-05-29,research_pool,union_superset_approx,ai_peripheral,675,57,57,10,"FCX,EXLS,GXO,JKHY,HII,CBRE,VNT,G,NEM,CF",,0.0,,0.0,[]
base,replay_base_2026-05-29,2026-05-29,research_pool,union_superset_approx,core_ai,675,56,56,10,"CRM,DIS,KLAC,ZM,MSFT,NVDA,GEV,WDAY,META,PLTR",,0.0,,0.0,[]
base,replay_base_2026-06-30,2026-06-30,low_value,union_superset_approx,ai_enabler,680,128,15,10,"KLAC,MU,UNP,JCI,GE,HWM,VRT,QLYS,CMI,ETN",min_dollar_volume,0.1765,,0.0,[]
base,replay_base_2026-06-30,2026-06-30,low_value,union_superset_approx,ai_peripheral,680,61,12,10,"UNP,JCI,HWM,ETN,GE,VRT,CMI,GEV,PH,ATI",min_dollar_volume,0.1765,min_avg_dollar_volume_20d,0.0029411764705882353,"[{""count"": 2, ""layer"": ""base_hard"", ""pct"": 0.0029411764705882353, ""reason"": ""min_avg_dollar_volume_20d""}, {""count"": 1, ""layer"": ""valuation_hard"", ""pct"": 0.0014705882352941176, ""reason"": ""min_return_20d""}, {""count"": 1, ""layer"": ""quality_or_theme_hard"", ""pct"": 0.0014705882352941176, ""reason"": ""min_current_ratio""}]"
base,replay_base_2026-06-30,2026-06-30,low_value,union_superset_approx,core_ai,680,42,8,8,"MU,KLAC,GEV,LRCX,CAT,AMAT,FTNT,TER",min_dollar_volume,0.1765,,0.0,[]
base,replay_base_2026-06-30,2026-06-30,industry_trend,union_superset_approx,ai_enabler,680,447,95,10,"LRCX,KLAC,GEV,CAT,MU,GE,ASML,HWM,AMZN,UNP",min_dollar_volume,0.1765,min_ai_link_score,0.011764705882352941,"[{""count"": 8, ""layer"": ""quality_or_theme_hard"", ""pct"": 0.011764705882352941, ""reason"": ""min_ai_link_score""}, {""count"": 3, ""layer"": ""valuation_hard"", ""pct"": 0.004411764705882353, ""reason"": ""max_ps_hist_percentile""}, {""count"": 2, ""layer"": ""quality_or_theme_hard"", ""pct"": 0.0029411764705882353, ""reason"": ""min_fcf_yield""}, {""count"": 1, ""layer"": ""quality_or_theme_hard"", ""pct"": 0.0014705882352941176, ""reason"": ""min_net_income_yoy""}, {""count"": 1, ""layer"": ""valuation_hard"", ""pct"": 0.0014705882352941176, ""reason"": ""max_ps_percentile_in_sic""}]"
base,replay_base_2026-06-30,2026-06-30,industry_trend,union_superset_approx,ai_peripheral,680,182,79,10,"CAT,GEV,GE,DE,HWM,JCI,PH,UNP,CSX,PWR",min_dollar_volume,0.1765,min_current_ratio,0.004411764705882353,"[{""count"": 3, ""layer"": ""quality_or_theme_hard"", ""pct"": 0.004411764705882353, ""reason"": ""min_current_ratio""}, {""count"": 3, ""layer"": ""quality_or_theme_hard"", ""pct"": 0.004411764705882353, ""reason"": ""min_ai_link_score""}, {""count"": 2, ""layer"": ""valuation_hard"", ""pct"": 0.0029411764705882353, ""reason"": ""trend_min_return_60d""}, {""count"": 2, ""layer"": ""valuation_hard"", ""pct"": 0.0029411764705882353, ""reason"": ""max_ps_hist_percentile""}, {""count"": 1, ""layer"": ""quality_or_theme_hard"", ""pct"": 0.0014705882352941176, ""reason"": ""min_net_income_yoy""}]"
base,replay_base_2026-06-30,2026-06-30,industry_trend,union_superset_approx,core_ai,680,134,29,10,"MU,LRCX,KLAC,GEV,CAT,AMZN,GOOGL,NVDA,ANET,META",min_net_income_yoy,0.1794,max_ps_percentile_in_sic,0.0029411764705882353,"[{""count"": 2, ""layer"": ""valuation_hard"", ""pct"": 0.0029411764705882353, ""reason"": ""max_ps_percentile_in_sic""}, {""count"": 1, ""layer"": ""quality_or_theme_hard"", ""pct"": 0.0014705882352941176, ""reason"": ""min_fcf_yield""}, {""count"": 1, ""layer"": ""base_hard"", ""pct"": 0.0014705882352941176, ""reason"": ""trend_min_avg_dollar_volume_20d""}, {""count"": 1, ""layer"": ""quality_or_theme_hard"", ""pct"": 0.0014705882352941176, ""reason"": ""max_accrual_ratio""}, {""count"": 1, ""layer"": ""base_hard"", ""pct"": 0.0014705882352941176, ""reason"": ""channel_bucket_match""}]"
base,replay_base_2026-06-30,2026-06-30,momentum,union_superset_approx,ai_enabler,680,447,95,10,"LRCX,KLAC,GEV,CAT,MU,AMAT,ASML,HWM,PH,TER",min_fcf_yield,0.2118,min_ai_link_score,0.0029411764705882353,"[{""count"": 2, ""layer"": ""quality_or_theme_hard"", ""pct"": 0.0029411764705882353, ""reason"": ""min_ai_link_score""}, {""count"": 1, ""layer"": ""valuation_hard"", ""pct"": 0.0014705882352941176, ""reason"": ""momentum_min_return_20d""}, {""count"": 1, ""layer"": ""valuation_hard"", ""pct"": 0.0014705882352941176, ""reason"": ""momentum_min_return_60d""}, {""count"": 1, ""layer"": ""valuation_hard"", ""pct"": 0.0014705882352941176, ""reason"": ""max_pe_hist_percentile""}]"
base,replay_base_2026-06-30,2026-06-30,momentum,union_superset_approx,ai_peripheral,680,182,79,10,"CAT,GEV,DE,GE,PH,HWM,ETN,ATI,UNP,RTX",min_fcf_yield,0.1956,momentum_min_return_60d,0.004411764705882353,"[{""count"": 3, ""layer"": ""valuation_hard"", ""pct"": 0.004411764705882353, ""reason"": ""momentum_min_return_60d""}, {""count"": 2, ""layer"": ""quality_or_theme_hard"", ""pct"": 0.0029411764705882353, ""reason"": ""min_ai_link_score""}, {""count"": 1, ""layer"": ""base_hard"", ""pct"": 0.0014705882352941176, ""reason"": ""momentum_min_avg_dollar_volume_20d""}]"
base,replay_base_2026-06-30,2026-06-30,momentum,union_superset_approx,core_ai,680,134,29,10,"LRCX,KLAC,MU,GEV,CAT,AMAT,ASML,AMZN,TER,GOOGL",min_fcf_yield,0.2088,min_ai_link_score,0.0014705882352941176,"[{""count"": 1, ""layer"": ""quality_or_theme_hard"", ""pct"": 0.0014705882352941176, ""reason"": ""min_ai_link_score""}]"
base,replay_base_2026-06-30,2026-06-30,research_pool,union_superset_approx,ai_enabler,680,82,82,10,"CRH,NUE,STLD,UNP,RTX,QLYS,JCI,EME,HWM,ETN",,0.0,,0.0,[]
base,replay_base_2026-06-30,2026-06-30,research_pool,union_superset_approx,ai_peripheral,680,55,55,10,"FCX,NEM,EXLS,HII,G,DAL,IESC,LYFT,KEX,CF",,0.0,,0.0,[]
base,replay_base_2026-06-30,2026-06-30,research_pool,union_superset_approx,core_ai,680,51,51,10,"PYPL,AMZN,ZM,KLAC,ORCL,GEV,NVDA,AVGO,MU,CSCO",,0.0,,0.0,[]
base,replay_base_2026-07-31,2026-07-31,low_value,union_superset_approx,ai_enabler,681,46,12,10,"FCX,RTX,GD,UNP,STLD,CSCO,HWM,ANET,NUE,TRGP",min_dollar_volume,0.207,max_ps_hist_percentile,0.002936857562408223,"[{""count"": 2, ""layer"": ""valuation_hard"", ""pct"": 0.002936857562408223, ""reason"": ""max_ps_hist_percentile""}, {""count"": 1, ""layer"": ""valuation_hard"", ""pct"": 0.0014684287812041115, ""reason"": ""min_range_position_52w""}]"
base,replay_base_2026-07-31,2026-07-31,low_value,union_superset_approx,ai_peripheral,681,27,9,9,"LMT,RTX,FCX,UNP,GD,STLD,HWM,NUE,TRGP",min_dollar_volume,0.207,max_ps_hist_percentile,0.002936857562408223,"[{""count"": 2, ""layer"": ""valuation_hard"", ""pct"": 0.002936857562408223, ""reason"": ""max_ps_hist_percentile""}, {""count"": 1, ""layer"": ""valuation_hard"", ""pct"": 0.0014684287812041115, ""reason"": ""min_range_position_52w""}, {""count"": 1, ""layer"": ""valuation_hard"", ""pct"": 0.0014684287812041115, ""reason"": ""min_return_60d""}]"
base,replay_base_2026-07-31,2026-07-31,low_value,union_superset_approx,core_ai,681,9,2,2,"ANET,FTNT",min_dollar_volume,0.207,,0.0,[]
base,replay_base_2026-07-31,2026-07-31,industry_trend,union_superset_approx,ai_enabler,681,443,97,10,"AMZN,ANET,ETN,MSFT,CRM,CSCO,UNP,CSX,PWR,FCX",min_dollar_volume,0.207,min_ai_link_score,0.014684287812041116,"[{""count"": 10, ""layer"": ""quality_or_theme_hard"", ""pct"": 0.014684287812041116, ""reason"": ""min_ai_link_score""}, {""count"": 8, ""layer"": ""valuation_hard"", ""pct"": 0.011747430249632892, ""reason"": ""trend_min_return_60d""}, {""count"": 5, ""layer"": ""valuation_hard"", ""pct"": 0.007342143906020558, ""reason"": ""max_ps_hist_percentile""}, {""count"": 4, ""layer"": ""quality_or_theme_hard"", ""pct"": 0.005873715124816446, ""reason"": ""min_current_ratio""}, {""count"": 3, ""layer"": ""quality_or_theme_hard"", ""pct"": 0.004405286343612335, ""reason"": ""min_net_income_yoy""}]"
base,replay_base_2026-07-31,2026-07-31,industry_trend,union_superset_approx,ai_peripheral,681,186,81,10,"ETN,UNP,FCX,CSX,RTX,HWM,NUE,AMT,PWR,JCI",min_dollar_volume,0.207,trend_min_return_60d,0.011747430249632892,"[{""count"": 8, ""layer"": ""valuation_hard"", ""pct"": 0.011747430249632892, ""reason"": ""trend_min_return_60d""}, {""count"": 6, ""layer"": ""quality_or_theme_hard"", ""pct"": 0.00881057268722467, ""reason"": ""min_ai_link_score""}, {""count"": 5, ""layer"": ""valuation_hard"", ""pct"": 0.007342143906020558, ""reason"": ""max_ps_hist_percentile""}, {""count"": 4, ""layer"": ""quality_or_theme_hard"", ""pct"": 0.005873715124816446, ""reason"": ""min_current_ratio""}, {""count"": 3, ""layer"": ""quality_or_theme_hard"", ""pct"": 0.004405286343612335, ""reason"": ""min_net_income_yoy""}]"
base,replay_base_2026-07-31,2026-07-31,industry_trend,union_superset_approx,core_ai,681,131,29,10,"AMZN,MSFT,GOOGL,ANET,NVDA,CRM,CSCO,AVGO,TXN,AAPL",min_dollar_volume,0.207,min_ai_link_score,0.004405286343612335,"[{""count"": 3, ""layer"": ""quality_or_theme_hard"", ""pct"": 0.004405286343612335, ""reason"": ""min_ai_link_score""}, {""count"": 2, ""layer"": ""valuation_hard"", ""pct"": 0.002936857562408223, ""reason"": ""trend_min_return_60d""}, {""count"": 1, ""layer"": ""quality_or_theme_hard"", ""pct"": 0.0014684287812041115, ""reason"": ""min_fcf_yield""}, {""count"": 1, ""layer"": ""valuation_hard"", ""pct"": 0.0014684287812041115, ""reason"": ""max_ps_percentile_in_sic""}, {""count"": 1, ""layer"": ""valuation_hard"", ""pct"": 0.0014684287812041115, ""reason"": ""trend_max_60d_volatility""}]"
base,replay_base_2026-07-31,2026-07-31,momentum,union_superset_approx,ai_enabler,681,443,97,10,"AMZN,ANET,CRM,MSFT,NUE,WDAY,ETN,UNP,CSX,CSCO",min_dollar_volume,0.207,max_ps_percentile_in_sic,0.0014684287812041115,"[{""count"": 1, ""layer"": ""valuation_hard"", ""pct"": 0.0014684287812041115, ""reason"": ""max_ps_percentile_in_sic""}, {""count"": 1, ""layer"": ""valuation_hard"", ""pct"": 0.0014684287812041115, ""reason"": ""momentum_min_return_60d""}, {""count"": 1, ""layer"": ""valuation_hard"", ""pct"": 0.0014684287812041115, ""reason"": ""max_ps_hist_percentile""}, {""count"": 1, ""layer"": ""quality_or_theme_hard"", ""pct"": 0.0014684287812041115, ""reason"": ""min_ai_link_score""}]"
base,replay_base_2026-07-31,2026-07-31,momentum,union_superset_approx,ai_peripheral,681,186,81,10,"NUE,PYPL,ETN,RTX,HWM,UNP,FCX,AMT,CSX,STLD",min_dollar_volume,0.207,momentum_min_return_60d,0.005873715124816446,"[{""count"": 4, ""layer"": ""valuation_hard"", ""pct"": 0.005873715124816446, ""reason"": ""momentum_min_return_60d""}, {""count"": 2, ""layer"": ""base_hard"", ""pct"": 0.002936857562408223, ""reason"": ""momentum_min_avg_dollar_volume_20d""}, {""count"": 1, ""layer"": ""valuation_hard"", ""pct"": 0.0014684287812041115, ""reason"": ""max_ps_hist_percentile""}]"
base,replay_base_2026-07-31,2026-07-31,momentum,union_superset_approx,core_ai,681,131,29,10,"AMZN,MSFT,CRM,ANET,CSCO,GOOGL,NVDA,AVGO,TXN,CEG",min_dollar_volume,0.207,max_ps_percentile_in_sic,0.0014684287812041115,"[{""count"": 1, ""layer"": ""valuation_hard"", ""pct"": 0.0014684287812041115, ""reason"": ""max_ps_percentile_in_sic""}, {""count"": 1, ""layer"": ""base_hard"", ""pct"": 0.0014684287812041115, ""reason"": ""channel_bucket_match""}, {""count"": 1, ""layer"": ""quality_or_theme_hard"", ""pct"": 0.0014684287812041115, ""reason"": ""min_ai_link_score""}]"
base,replay_base_2026-07-31,2026-07-31,research_pool,union_superset_approx,ai_enabler,681,78,78,10,"LMT,NOC,EME,NUE,STLD,UNP,TRGP,CHKP,RTX,QLYS",,0.0,,0.0,[]
base,replay_base_2026-07-31,2026-07-31,research_pool,union_superset_approx,ai_peripheral,681,51,51,10,"FCX,VLO,IESC,NEM,FIS,KEX,GXO,JKHY,SHW,MOS",,0.0,,0.0,[]
base,replay_base_2026-07-31,2026-07-31,research_pool,union_superset_approx,core_ai,681,48,48,10,"CRM,KLAC,SMCI,DIS,ZM,MSFT,GOOG,GOOGL,CEG,NVDA",,0.0,,0.0,[]
base,replay_base_2026-08-31,2026-08-31,low_value,union_superset_approx,ai_enabler,681,75,9,9,"CRM,UNP,FCX,ANET,ATI,MSFT,QLYS,FTNT,PANW",min_dollar_volume,0.2379,,0.0,[]
base,replay_base_2026-08-31,2026-08-31,low_value,union_superset_approx,ai_peripheral,681,30,3,3,"FCX,UNP,ATI",min_dollar_volume,0.2379,max_ps_hist_percentile,0.002936857562408223,"[{""count"": 2, ""layer"": ""valuation_hard"", ""pct"": 0.002936857562408223, ""reason"": ""max_ps_hist_percentile""}, {""count"": 1, ""layer"": ""valuation_hard"", ""pct"": 0.0014684287812041115, ""reason"": ""min_return_20d""}]"
base,replay_base_2026-08-31,2026-08-31,low_value,union_superset_approx,core_ai,681,21,6,6,"CRM,ANET,MSFT,NTNX,FTNT,PANW",min_dollar_volume,0.2379,,0.0,[]
base,replay_base_2026-08-31,2026-08-31,industry_trend,union_superset_approx,ai_enabler,681,433,95,10,"CRM,MU,FCX,NFLX,DE,TSLA,UNP,ANET,WDAY,MSFT",min_dollar_volume,0.2379,min_ai_link_score,0.016152716593245228,"[{""count"": 11, ""layer"": ""quality_or_theme_hard"", ""pct"": 0.016152716593245228, ""reason"": ""min_ai_link_score""}, {""count"": 10, ""layer"": ""valuation_hard"", ""pct"": 0.014684287812041116, ""reason"": ""trend_min_return_60d""}, {""count"": 5, ""layer"": ""quality_or_theme_hard"", ""pct"": 0.007342143906020558, ""reason"": ""min_current_ratio""}, {""count"": 3, ""layer"": ""valuation_hard"", ""pct"": 0.004405286343612335, ""reason"": ""max_ps_hist_percentile""}, {""count"": 2, ""layer"": ""base_hard"", ""pct"": 0.002936857562408223, ""reason"": ""trend_min_avg_dollar_volume_20d""}]"
base,replay_base_2026-08-31,2026-08-31,industry_trend,union_superset_approx,ai_peripheral,681,180,78,10,"FCX,DE,UNP,OKE,ATI,CSX,KMI,WMB,UBER,CAT",min_dollar_volume,0.2379,min_ai_link_score,0.013215859030837005,"[{""count"": 9, ""layer"": ""quality_or_theme_hard"", ""pct"": 0.013215859030837005, ""reason"": ""min_ai_link_score""}, {""count"": 7, ""layer"": ""valuation_hard"", ""pct"": 0.010279001468428781, ""reason"": ""trend_min_return_60d""}, {""count"": 6, ""layer"": ""quality_or_theme_hard"", ""pct"": 0.00881057268722467, ""reason"": ""min_current_ratio""}, {""count"": 4, ""layer"": ""valuation_hard"", ""pct"": 0.005873715124816446, ""reason"": ""max_ps_hist_percentile""}, {""count"": 3, ""layer"": ""base_hard"", ""pct"": 0.004405286343612335, ""reason"": ""trend_min_avg_dollar_volume_20d""}]"
base,replay_base_2026-08-31,2026-08-31,industry_trend,union_superset_approx,core_ai,681,131,29,10,"CRM,MU,MSFT,TSLA,NVDA,AMZN,NFLX,GOOGL,DE,ANET",min_dollar_volume,0.2379,min_ai_link_score,0.007342143906020558,"[{""count"": 5, ""layer"": ""quality_or_theme_hard"", ""pct"": 0.007342143906020558, ""reason"": ""min_ai_link_score""}, {""count"": 3, ""layer"": ""valuation_hard"", ""pct"": 0.004405286343612335, ""reason"": ""trend_min_return_60d""}, {""count"": 1, ""layer"": ""quality_or_theme_hard"", ""pct"": 0.0014684287812041115, ""reason"": ""min_fcf_yield""}, {""count"": 1, ""layer"": ""valuation_hard"", ""pct"": 0.0014684287812041115, ""reason"": ""max_ps_percentile_in_sic""}, {""count"": 1, ""layer"": ""base_hard"", ""pct"": 0.0014684287812041115, ""reason"": ""channel_bucket_match""}]"
base,replay_base_2026-08-31,2026-08-31,momentum,union_superset_approx,ai_enabler,681,433,95,10,"CRM,MU,FCX,ZS,NFLX,TSLA,WDAY,DE,ANET,QCOM",min_dollar_volume,0.2379,momentum_min_return_20d,0.002936857562408223,"[{""count"": 2, ""layer"": ""valuation_hard"", ""pct"": 0.002936857562408223, ""reason"": ""momentum_min_return_20d""}, {""count"": 2, ""layer"": ""quality_or_theme_hard"", ""pct"": 0.002936857562408223, ""reason"": ""min_current_ratio""}, {""count"": 1, ""layer"": ""valuation_hard"", ""pct"": 0.0014684287812041115, ""reason"": ""max_ps_percentile_in_sic""}, {""count"": 1, ""layer"": ""valuation_hard"", ""pct"": 0.0014684287812041115, ""reason"": ""max_ps_hist_percentile""}, {""count"": 1, ""layer"": ""quality_or_theme_hard"", ""pct"": 0.0014684287812041115, ""reason"": ""min_ai_link_score""}]"
base,replay_base_2026-08-31,2026-08-31,momentum,union_superset_approx,ai_peripheral,681,180,78,10,"FCX,DE,OKE,UNP,ATI,WMB,ACN,UBER,KMI,SBAC",min_dollar_volume,0.2379,momentum_min_return_20d,0.002936857562408223,"[{""count"": 2, ""layer"": ""valuation_hard"", ""pct"": 0.002936857562408223, ""reason"": ""momentum_min_return_20d""}, {""count"": 2, ""layer"": ""valuation_hard"", ""pct"": 0.002936857562408223, ""reason"": ""max_ps_hist_percentile""}]"
base,replay_base_2026-08-31,2026-08-31,momentum,union_superset_approx,core_ai,681,131,29,10,"CRM,MU,TSLA,PLTR,ZS,NFLX,NVDA,ANET,SNDK,DE",min_dollar_volume,0.2379,max_ps_percentile_in_sic,0.0014684287812041115,"[{""count"": 1, ""layer"": ""valuation_hard"", ""pct"": 0.0014684287812041115, ""reason"": ""max_ps_percentile_in_sic""}, {""count"": 1, ""layer"": ""quality_or_theme_hard"", ""pct"": 0.0014684287812041115, ""reason"": ""min_current_ratio""}]"
base,replay_base_2026-08-31,2026-08-31,research_pool,union_superset_approx,ai_enabler,681,80,80,10,"CRH,LMT,CHKP,NOC,NUE,UNP,STLD,VMC,VRT,RTX",,0.0,,0.0,[]
base,replay_base_2026-08-31,2026-08-31,research_pool,union_superset_approx,ai_peripheral,681,59,59,10,"FCX,IESC,GXO,TDG,MPC,CF,PSX,LYFT,VLO,NEM",,0.0,,0.0,[]
base,replay_base_2026-08-31,2026-08-31,research_pool,union_superset_approx,core_ai,681,53,53,10,"CRM,NFLX,PYPL,LHX,ORCL,ZM,MSFT,CEG,ADI,MU",,0.0,,0.0,[]
base,replay_base_2026-09-30,2026-09-30,low_value,snapshot:ai_watchlist_20260929T062841Z.csv@2026-09-29,ai_enabler,681,60,10,10,"MU,ADI,JCI,ANET,NVDA,NTNX,ETN,MSFT,QLYS,TER",min_range_position_52w,0.2217,min_drawdown_percentile,0.0014684287812041115,"[{""count"": 1, ""layer"": ""valuation_hard"", ""pct"": 0.0014684287812041115, ""reason"": ""min_drawdown_percentile""}]"
base,replay_base_2026-09-30,2026-09-30,low_value,snapshot:ai_watchlist_20260929T062841Z.csv@2026-09-29,ai_peripheral,681,7,2,2,"ETN,JCI",min_dollar_volume,0.2115,min_return_60d,0.0014684287812041115,"[{""count"": 1, ""layer"": ""valuation_hard"", ""pct"": 0.0014684287812041115, ""reason"": ""min_return_60d""}, {""count"": 1, ""layer"": ""valuation_hard"", ""pct"": 0.0014684287812041115, ""reason"": ""max_ps_hist_percentile""}, {""count"": 1, ""layer"": ""base_hard"", ""pct"": 0.0014684287812041115, ""reason"": ""channel_bucket_match""}]"
base,replay_base_2026-09-30,2026-09-30,low_value,snapshot:ai_watchlist_20260929T062841Z.csv@2026-09-29,core_ai,681,30,9,9,"MU,ANET,NVDA,NTNX,META,TER,AMD,PLTR,PANW",min_dollar_volume,0.2115,,0.0,[]
base,replay_base_2026-09-30,2026-09-30,industry_trend,snapshot:ai_watchlist_20260929T062841Z.csv@2026-09-29,ai_enabler,681,417,92,10,"LRCX,MU,META,ANET,ADI,TXN,AMZN,GOOG,ETN,GOOGL",min_dollar_volume,0.2115,min_ai_link_score,0.01762114537444934,"[{""count"": 12, ""layer"": ""quality_or_theme_hard"", ""pct"": 0.01762114537444934, ""reason"": ""min_ai_link_score""}, {""count"": 11, ""layer"": ""valuation_hard"", ""pct"": 0.016152716593245228, ""reason"": ""trend_min_return_60d""}, {""count"": 4, ""layer"": ""quality_or_theme_hard"", ""pct"": 0.005873715124816446, ""reason"": ""min_current_ratio""}, {""count"": 3, ""layer"": ""base_hard"", ""pct"": 0.004405286343612335, ""reason"": ""trend_min_avg_dollar_volume_20d""}, {""count"": 3, ""layer"": ""valuation_hard"", ""pct"": 0.004405286343612335, ""reason"": ""max_ps_hist_percentile""}]"
base,replay_base_2026-09-30,2026-09-30,industry_trend,snapshot:ai_watchlist_20260929T062841Z.csv@2026-09-29,ai_peripheral,681,176,76,10,"ETN,CAT,PWR,GEV,DE,FCX,EMR,CSX,UNP,PH",min_dollar_volume,0.2115,trend_min_return_60d,0.014684287812041116,"[{""count"": 10, ""layer"": ""valuation_hard"", ""pct"": 0.014684287812041116, ""reason"": ""trend_min_return_60d""}, {""count"": 5, ""layer"": ""base_hard"", ""pct"": 0.007342143906020558, ""reason"": ""channel_bucket_match""}, {""count"": 3, ""layer"": ""quality_or_theme_hard"", ""pct"": 0.004405286343612335, ""reason"": ""max_ev_to_ebit""}, {""count"": 3, ""layer"": ""quality_or_theme_hard"", ""pct"": 0.004405286343612335, ""reason"": ""min_current_ratio""}, {""count"": 3, ""layer"": ""valuation_hard"", ""pct"": 0.004405286343612335, ""reason"": ""max_ps_hist_percentile""}]"
base,replay_base_2026-09-30,2026-09-30,industry_trend,snapshot:ai_watchlist_20260929T062841Z.csv@2026-09-29,core_ai,681,128,29,10,"MU,META,GOOGL,AMZN,LRCX,MSFT,NVDA,ANET,AMD,CSCO",min_dollar_volume,0.2115,min_ai_link_score,0.004405286343612335,"[{""count"": 3, ""layer"": ""quality_or_theme_hard"", ""pct"": 0.004405286343612335, ""reason"": ""min_ai_link_score""}, {""count"": 2, ""layer"": ""valuation_hard"", ""pct"": 0.002936857562408223, ""reason"": ""trend_min_return_60d""}, {""count"": 1, ""layer"": ""quality_or_theme_hard"", ""pct"": 0.0014684287812041115, ""reason"": ""min_net_income_yoy""}, {""count"": 1, ""layer"": ""quality_or_theme_hard"", ""pct"": 0.0014684287812041115, ""reason"": ""min_fcf_yield""}, {""count"": 1, ""layer"": ""quality_or_theme_hard"", ""pct"": 0.0014684287812041115, ""reason"": ""max_ev_to_ebit""}]"
base,replay_base_2026-09-30,2026-09-30,momentum,snapshot:ai_watchlist_20260929T062841Z.csv@2026-09-29,ai_enabler,681,417,92,10,"MU,LRCX,META,AMAT,TXN,ANET,TER,ETN,NET,ZS",min_dollar_volume,0.2115,momentum_min_return_60d,0.005873715124816446,"[{""count"": 4, ""layer"": ""valuation_hard"", ""pct"": 0.005873715124816446, ""reason"": ""momentum_min_return_60d""}, {""count"": 2, ""layer"": ""valuation_hard"", ""pct"": 0.002936857562408223, ""reason"": ""momentum_min_return_20d""}, {""count"": 1, ""layer"": ""valuation_hard"", ""pct"": 0.0014684287812041115, ""reason"": ""max_ps_percentile_in_sic""}, {""count"": 1, ""layer"": ""valuation_hard"", ""pct"": 0.0014684287812041115, ""reason"": ""max_pe_percentile_in_sic""}]"
base,replay_base_2026-09-30,2026-09-30,momentum,snapshot:ai_watchlist_20260929T062841Z.csv@2026-09-29,ai_peripheral,681,176,76,10,"CAT,ETN,GEV,PWR,JCI,EMR,EME,FCX,VST,PH",min_dollar_volume,0.2115,momentum_min_return_20d,0.0014684287812041115,"[{""count"": 1, ""layer"": ""valuation_hard"", ""pct"": 0.0014684287812041115, ""reason"": ""momentum_min_return_20d""}, {""count"": 1, ""layer"": ""valuation_hard"", ""pct"": 0.0014684287812041115, ""reason"": ""momentum_min_return_60d""}]"
base,replay_base_2026-09-30,2026-09-30,momentum,snapshot:ai_watchlist_20260929T062841Z.csv@2026-09-29,core_ai,681,128,29,10,"MU,META,LRCX,AMD,INTC,GOOGL,ANET,TER,AMZN,MSFT",min_dollar_volume,0.2115,momentum_min_return_60d,0.0014684287812041115,"[{""count"": 1, ""layer"": ""valuation_hard"", ""pct"": 0.0014684287812041115, ""reason"": ""momentum_min_return_60d""}]"
base,replay_base_2026-09-30,2026-09-30,research_pool,snapshot:ai_watchlist_20260929T062841Z.csv@2026-09-29,ai_enabler,681,79,79,10,"CHKP,EME,NUE,STLD,TRGP,EQIX,QLYS,HWM,PWR,OKTA",,0.0,,0.0,[]
base,replay_base_2026-09-30,2026-09-30,research_pool,snapshot:ai_watchlist_20260929T062841Z.csv@2026-09-29,ai_peripheral,681,56,56,10,"FCX,AMCR,KEX,FDX,CBRE,TDG,MPC,EOG,NEM,CF",,0.0,,0.0,[]
base,replay_base_2026-09-30,2026-09-30,research_pool,snapshot:ai_watchlist_20260929T062841Z.csv@2026-09-29,core_ai,681,53,53,10,"CRM,AMZN,PYPL,QCOM,GOOG,GOOGL,ZM,ORCL,GEV,MSFT",,0.0,,0.0,[]
