scenario,run_stem,run_ts_utc,signal_date,list_type,symbols,n_selected,benchmark_trailing_60d,regime,channel_counts,channel_symbols,filter_diagnostics,source_csv,watchlist_source
base,replay_base_2023-01-31,2023-01-31T00:00:00+00:00,2023-01-31,low_value,"['AVGO', 'QCOM', 'ANET', 'AMAT', 'NOW', 'TSLA', 'DIS', 'AAPL', 'TER', 'SNPS', 'KLAC', 'LRCX', 'UNP', 'CSX', 'ACN', 'UPS', 'LUV', 'NSC', 'ETN', 'RTX', 'MLM', 'PH']",22,0.10936264729134515,up,"{""ai_enabler"": 10, ""ai_peripheral"": 10, ""core_ai"": 10}","{""ai_enabler"": [""AVGO"", ""KLAC"", ""LRCX"", ""QCOM"", ""ANET"", ""UNP"", ""AMAT"", ""CSX"", ""ACN"", ""UPS""], ""ai_peripheral"": [""ACN"", ""UNP"", ""CSX"", ""LUV"", ""UPS"", ""NSC"", ""ETN"", ""RTX"", ""MLM"", ""PH""], ""core_ai"": [""AVGO"", ""QCOM"", ""ANET"", ""AMAT"", ""NOW"", ""TSLA"", ""DIS"", ""AAPL"", ""TER"", ""SNPS""]}","{""ai_enabler"": {""first_fail"": {""top_count"": 243, ""top_pct"": 0.3857, ""top_reason"": ""min_dollar_volume""}, ""layer_summary"": {""base_hard"": {""before"": 630, ""pass_rate"": 0.3412698412698413, ""remaining"": 215, ""removed"": 256}, ""quality_or_theme_hard"": {""before"": 287, ""pass_rate"": 0.7491289198606271, ""remaining"": 215, ""removed"": 72}, ""valuation_hard"": {""before"": 374, ""pass_rate"": 0.767379679144385, ""remaining"": 287, ""removed"": 87}}, ""n_filtered"": 215, ""n_input"": 630, ""n_ranked"": 22, ""near_miss"": {""reasons"": [{""count"": 2, ""layer"": ""valuation_hard"", ""pct"": 0.0031746031746031746, ""reason"": ""max_20d_return""}, {""count"": 2, ""layer"": ""base_hard"", ""pct"": 0.0031746031746031746, ""reason"": ""min_avg_dollar_volume_20d""}, {""count"": 2, ""layer"": ""quality_or_theme_hard"", ""pct"": 0.0031746031746031746, ""reason"": ""max_shares_yoy""}, {""count"": 2, ""layer"": ""valuation_hard"", ""pct"": 0.0031746031746031746, ""reason"": ""min_value_discount_any""}, {""count"": 1, ""layer"": ""quality_or_theme_hard"", ""pct"": 0.0015873015873015873, ""reason"": ""min_interest_coverage""}], ""top_count"": 2, ""top_pct"": 0.0031746031746031746, ""top_reason"": ""max_20d_return""}}, ""ai_peripheral"": {""first_fail"": {""top_count"": 243, ""top_pct"": 0.3857, ""top_reason"": ""min_dollar_volume""}, ""layer_summary"": {""base_hard"": {""before"": 630, ""pass_rate"": 0.173015873015873, ""remaining"": 109, ""removed"": 377}, ""quality_or_theme_hard"": {""before"": 310, ""pass_rate"": 0.7419354838709677, ""remaining"": 230, ""removed"": 80}, ""valuation_hard"": {""before"": 374, ""pass_rate"": 0.8288770053475936, ""remaining"": 310, ""removed"": 64}}, ""n_filtered"": 109, ""n_input"": 630, ""n_ranked"": 13, ""near_miss"": {""reasons"": [{""count"": 4, ""layer"": ""base_hard"", ""pct"": 0.006349206349206349, ""reason"": ""channel_bucket_match""}, {""count"": 3, ""layer"": ""quality_or_theme_hard"", ""pct"": 0.004761904761904762, ""reason"": ""min_current_ratio""}, {""count"": 2, ""layer"": ""base_hard"", ""pct"": 0.0031746031746031746, ""reason"": ""min_avg_dollar_volume_20d""}, {""count"": 2, ""layer"": ""quality_or_theme_hard"", ""pct"": 0.0031746031746031746, ""reason"": ""min_ai_link_score""}, {""count"": 1, ""layer"": ""valuation_hard"", ""pct"": 0.0015873015873015873, ""reason"": ""max_ps_hist_percentile""}], ""top_count"": 4, ""top_pct"": 0.006349206349206349, ""top_reason"": ""channel_bucket_match""}}, ""core_ai"": {""first_fail"": {""top_count"": 243, ""top_pct"": 0.3857, ""top_reason"": ""min_dollar_volume""}, ""layer_summary"": {""base_hard"": {""before"": 630, ""pass_rate"": 0.1, ""remaining"": 63, ""removed"": 386}, ""quality_or_theme_hard"": {""before"": 252, ""pass_rate"": 0.7658730158730159, ""remaining"": 193, ""removed"": 59}, ""valuation_hard"": {""before"": 374, ""pass_rate"": 0.6737967914438503, ""remaining"": 252, ""removed"": 122}}, ""n_filtered"": 63, ""n_input"": 630, ""n_ranked"": 11, ""near_miss"": {""reasons"": [{""count"": 2, ""layer"": ""valuation_hard"", ""pct"": 0.0031746031746031746, ""reason"": ""max_ps_percentile_in_sic""}, {""count"": 1, ""layer"": ""base_hard"", ""pct"": 0.0015873015873015873, ""reason"": ""min_avg_dollar_volume_20d""}, {""count"": 1, ""layer"": ""base_hard"", ""pct"": 0.0015873015873015873, ""reason"": ""channel_bucket_match""}], ""top_count"": 2, ""top_pct"": 0.0031746031746031746, ""top_reason"": ""max_ps_percentile_in_sic""}}}",,union_superset_approx
base,replay_base_2023-01-31,2023-01-31T00:00:00+00:00,2023-01-31,industry_trend,"['NVDA', 'AVGO', 'TSLA', 'MSFT', 'LRCX', 'META', 'MU', 'GOOGL', 'CAT', 'NFLX', 'QCOM', 'NUE', 'FCX', 'STLD', 'BA', 'UBER', 'PH', 'UPS', 'DE', 'ETN']",20,0.10936264729134515,up,"{""ai_enabler"": 10, ""ai_peripheral"": 10, ""core_ai"": 10}","{""ai_enabler"": [""LRCX"", ""NVDA"", ""QCOM"", ""TSLA"", ""AVGO"", ""NUE"", ""META"", ""NFLX"", ""GOOGL"", ""CAT""], ""ai_peripheral"": [""NUE"", ""CAT"", ""FCX"", ""STLD"", ""BA"", ""UBER"", ""PH"", ""UPS"", ""DE"", ""ETN""], ""core_ai"": [""NVDA"", ""AVGO"", ""TSLA"", ""MSFT"", ""LRCX"", ""META"", ""MU"", ""GOOGL"", ""CAT"", ""NFLX""]}","{""ai_enabler"": {""first_fail"": {""top_count"": 243, ""top_pct"": 0.3857, ""top_reason"": ""min_dollar_volume""}, ""layer_summary"": {""base_hard"": {""before"": 630, ""pass_rate"": 0.4301587301587302, ""remaining"": 271, ""removed"": 256}, ""quality_or_theme_hard"": {""before"": 374, ""pass_rate"": 0.7245989304812834, ""remaining"": 271, ""removed"": 103}}, ""n_filtered"": 271, ""n_input"": 630, ""n_ranked"": 78, ""near_miss"": {""reasons"": [{""count"": 3, ""layer"": ""quality_or_theme_hard"", ""pct"": 0.004761904761904762, ""reason"": ""min_current_ratio""}, {""count"": 3, ""layer"": ""quality_or_theme_hard"", ""pct"": 0.004761904761904762, ""reason"": ""min_ai_link_score""}, {""count"": 2, ""layer"": ""base_hard"", ""pct"": 0.0031746031746031746, ""reason"": ""trend_min_avg_dollar_volume_20d""}, {""count"": 2, ""layer"": ""quality_or_theme_hard"", ""pct"": 0.0031746031746031746, ""reason"": ""max_shares_yoy""}, {""count"": 1, ""layer"": ""valuation_hard"", ""pct"": 0.0015873015873015873, ""reason"": ""max_ps_percentile_in_sic""}], ""top_count"": 3, ""top_pct"": 0.004761904761904762, ""top_reason"": ""min_current_ratio""}}, ""ai_peripheral"": {""first_fail"": {""top_count"": 243, ""top_pct"": 0.3857, ""top_reason"": ""min_dollar_volume""}, ""layer_summary"": {""base_hard"": {""before"": 630, ""pass_rate"": 0.2126984126984127, ""remaining"": 134, ""removed"": 393}, ""quality_or_theme_hard"": {""before"": 374, ""pass_rate"": 0.3582887700534759, ""remaining"": 134, ""removed"": 103}}, ""n_filtered"": 134, ""n_input"": 630, ""n_ranked"": 64, ""near_miss"": {""reasons"": [{""count"": 6, ""layer"": ""base_hard"", ""pct"": 0.009523809523809525, ""reason"": ""channel_bucket_match""}, {""count"": 3, ""layer"": ""quality_or_theme_hard"", ""pct"": 0.004761904761904762, ""reason"": ""min_current_ratio""}, {""count"": 3, ""layer"": ""valuation_hard"", ""pct"": 0.004761904761904762, ""reason"": ""max_ps_hist_percentile""}, {""count"": 3, ""layer"": ""quality_or_theme_hard"", ""pct"": 0.004761904761904762, ""reason"": ""min_ai_link_score""}, {""count"": 2, ""layer"": ""base_hard"", ""pct"": 0.0031746031746031746, ""reason"": ""trend_min_avg_dollar_volume_20d""}], ""top_count"": 6, ""top_pct"": 0.009523809523809525, ""top_reason"": ""channel_bucket_match""}}, ""core_ai"": {""first_fail"": {""top_count"": 243, ""top_pct"": 0.3857, ""top_reason"": ""min_dollar_volume""}, ""layer_summary"": {""base_hard"": {""before"": 630, ""pass_rate"": 0.1380952380952381, ""remaining"": 87, ""removed"": 440}, ""quality_or_theme_hard"": {""before"": 374, ""pass_rate"": 0.232620320855615, ""remaining"": 87, ""removed"": 103}}, ""n_filtered"": 87, ""n_input"": 630, ""n_ranked"": 23, ""near_miss"": {""reasons"": [{""count"": 3, ""layer"": ""base_hard"", ""pct"": 0.004761904761904762, ""reason"": ""trend_min_avg_dollar_volume_20d""}, {""count"": 2, ""layer"": ""valuation_hard"", ""pct"": 0.0031746031746031746, ""reason"": ""max_ps_percentile_in_sic""}, {""count"": 2, ""layer"": ""base_hard"", ""pct"": 0.0031746031746031746, ""reason"": ""channel_bucket_match""}, {""count"": 1, ""layer"": ""quality_or_theme_hard"", ""pct"": 0.0015873015873015873, ""reason"": ""min_interest_coverage""}, {""count"": 1, ""layer"": ""quality_or_theme_hard"", ""pct"": 0.0015873015873015873, ""reason"": ""min_current_ratio""}], ""top_count"": 3, ""top_pct"": 0.004761904761904762, ""top_reason"": ""trend_min_avg_dollar_volume_20d""}}}",,union_superset_approx
base,replay_base_2023-01-31,2023-01-31T00:00:00+00:00,2023-01-31,momentum,"['NVDA', 'TSLA', 'META', 'LRCX', 'MU', 'QCOM', 'GOOGL', 'NFLX', 'UBER', 'AMZN', 'NUE', 'FCX', 'STLD', 'CAT', 'CCI', 'EQIX', 'BA', 'JCI', 'PH']",19,0.10936264729134515,up,"{""ai_enabler"": 10, ""ai_peripheral"": 10, ""core_ai"": 10}","{""ai_enabler"": [""NVDA"", ""NUE"", ""LRCX"", ""TSLA"", ""QCOM"", ""META"", ""NFLX"", ""UBER"", ""MU"", ""FCX""], ""ai_peripheral"": [""NUE"", ""UBER"", ""FCX"", ""STLD"", ""CAT"", ""CCI"", ""EQIX"", ""BA"", ""JCI"", ""PH""], ""core_ai"": [""NVDA"", ""TSLA"", ""META"", ""LRCX"", ""MU"", ""QCOM"", ""GOOGL"", ""NFLX"", ""UBER"", ""AMZN""]}","{""ai_enabler"": {""first_fail"": {""top_count"": 243, ""top_pct"": 0.3857, ""top_reason"": ""min_dollar_volume""}, ""layer_summary"": {""base_hard"": {""before"": 630, ""pass_rate"": 0.4301587301587302, ""remaining"": 271, ""removed"": 256}, ""quality_or_theme_hard"": {""before"": 374, ""pass_rate"": 0.7245989304812834, ""remaining"": 271, ""removed"": 103}}, ""n_filtered"": 271, ""n_input"": 630, ""n_ranked"": 78, ""near_miss"": {""reasons"": [{""count"": 1, ""layer"": ""valuation_hard"", ""pct"": 0.0015873015873015873, ""reason"": ""max_ps_percentile_in_sic""}, {""count"": 1, ""layer"": ""valuation_hard"", ""pct"": 0.0015873015873015873, ""reason"": ""momentum_min_return_20d""}, {""count"": 1, ""layer"": ""valuation_hard"", ""pct"": 0.0015873015873015873, ""reason"": ""momentum_max_drawdown_from_52w_high""}, {""count"": 1, ""layer"": ""quality_or_theme_hard"", ""pct"": 0.0015873015873015873, ""reason"": ""min_interest_coverage""}, {""count"": 1, ""layer"": ""quality_or_theme_hard"", ""pct"": 0.0015873015873015873, ""reason"": ""min_ocf_to_net_income""}], ""top_count"": 1, ""top_pct"": 0.0015873015873015873, ""top_reason"": ""max_ps_percentile_in_sic""}}, ""ai_peripheral"": {""first_fail"": {""top_count"": 243, ""top_pct"": 0.3857, ""top_reason"": ""min_dollar_volume""}, ""layer_summary"": {""base_hard"": {""before"": 630, ""pass_rate"": 0.2126984126984127, ""remaining"": 134, ""removed"": 393}, ""quality_or_theme_hard"": {""before"": 374, ""pass_rate"": 0.3582887700534759, ""remaining"": 134, ""removed"": 103}}, ""n_filtered"": 134, ""n_input"": 630, ""n_ranked"": 64, ""near_miss"": {""reasons"": [{""count"": 4, ""layer"": ""base_hard"", ""pct"": 0.006349206349206349, ""reason"": ""channel_bucket_match""}, {""count"": 1, ""layer"": ""valuation_hard"", ""pct"": 0.0015873015873015873, ""reason"": ""momentum_min_price_to_sma200""}, {""count"": 1, ""layer"": ""base_hard"", ""pct"": 0.0015873015873015873, ""reason"": ""momentum_min_avg_dollar_volume_20d""}, {""count"": 1, ""layer"": ""valuation_hard"", ""pct"": 0.0015873015873015873, ""reason"": ""max_ps_hist_percentile""}, {""count"": 1, ""layer"": ""quality_or_theme_hard"", ""pct"": 0.0015873015873015873, ""reason"": ""min_ai_link_score""}], ""top_count"": 4, ""top_pct"": 0.006349206349206349, ""top_reason"": ""channel_bucket_match""}}, ""core_ai"": {""first_fail"": {""top_count"": 243, ""top_pct"": 0.3857, ""top_reason"": ""min_dollar_volume""}, ""layer_summary"": {""base_hard"": {""before"": 630, ""pass_rate"": 0.1380952380952381, ""remaining"": 87, ""removed"": 440}, ""quality_or_theme_hard"": {""before"": 374, ""pass_rate"": 0.232620320855615, ""remaining"": 87, ""removed"": 103}}, ""n_filtered"": 87, ""n_input"": 630, ""n_ranked"": 23, ""near_miss"": {""reasons"": [{""count"": 2, ""layer"": ""base_hard"", ""pct"": 0.0031746031746031746, ""reason"": ""momentum_min_avg_dollar_volume_20d""}, {""count"": 1, ""layer"": ""valuation_hard"", ""pct"": 0.0015873015873015873, ""reason"": ""max_ps_percentile_in_sic""}, {""count"": 1, ""layer"": ""valuation_hard"", ""pct"": 0.0015873015873015873, ""reason"": ""momentum_min_return_20d""}, {""count"": 1, ""layer"": ""quality_or_theme_hard"", ""pct"": 0.0015873015873015873, ""reason"": ""min_ocf_to_net_income""}, {""count"": 1, ""layer"": ""quality_or_theme_hard"", ""pct"": 0.0015873015873015873, ""reason"": ""max_receivables_growth_gap""}], ""top_count"": 2, ""top_pct"": 0.0031746031746031746, ""top_reason"": ""momentum_min_avg_dollar_volume_20d""}}}",,union_superset_approx
base,replay_base_2023-01-31,2023-01-31T00:00:00+00:00,2023-01-31,research_pool,"['UPS', 'MLM', 'CSX', 'NUE', 'STLD', 'NSC', 'EME', 'ACN', 'TT', 'JCI', 'LUV', 'BLDR', 'MPC', 'MATX', 'EXLS', 'CHRW', 'DVN', 'MOS', 'CVCO', 'EXP', 'ANET', 'AVGO', 'AMAT', 'LRCX', 'QCOM', 'KLAC', 'NXPI', 'SHOP', 'CAT', 'NOW']",30,0.10936264729134515,up,"{""ai_enabler"": 10, ""ai_peripheral"": 10, ""core_ai"": 10}","{""ai_enabler"": [""UPS"", ""MLM"", ""CSX"", ""NUE"", ""STLD"", ""NSC"", ""EME"", ""ACN"", ""TT"", ""JCI""], ""ai_peripheral"": [""LUV"", ""BLDR"", ""MPC"", ""MATX"", ""EXLS"", ""CHRW"", ""DVN"", ""MOS"", ""CVCO"", ""EXP""], ""core_ai"": [""ANET"", ""AVGO"", ""AMAT"", ""LRCX"", ""QCOM"", ""KLAC"", ""NXPI"", ""SHOP"", ""CAT"", ""NOW""]}","{""ai_enabler"": {""n_filtered"": 72, ""n_input"": 630, ""n_ranked"": 72, ""priority_counts"": {""research_now"": 10, ""theme_only"": 55, ""watch_for_pullback"": 7}}, ""ai_peripheral"": {""n_filtered"": 73, ""n_input"": 630, ""n_ranked"": 73, ""priority_counts"": {""theme_only"": 72, ""watch_for_pullback"": 1}}, ""core_ai"": {""n_filtered"": 53, ""n_input"": 630, ""n_ranked"": 53, ""priority_counts"": {""left_side_watch"": 1, ""research_now"": 9, ""theme_only"": 30, ""watch_for_pullback"": 13}}}",,union_superset_approx
base,replay_base_2023-02-28,2023-02-28T00:00:00+00:00,2023-02-28,low_value,"['KLAC', 'LRCX', 'NOW', 'NXPI', 'TSLA', 'DIS', 'TXN', 'SNPS', 'TER', 'FTNT', 'AVGO', 'UNP', 'CSX', 'CAT', 'ACN', 'RTX', 'HII', 'GD', 'TRGP', 'MLM', 'VMC']",21,0.00044303581774185474,up,"{""ai_enabler"": 10, ""ai_peripheral"": 10, ""core_ai"": 10}","{""ai_enabler"": [""AVGO"", ""KLAC"", ""LRCX"", ""UNP"", ""CSX"", ""CAT"", ""ACN"", ""NXPI"", ""RTX"", ""NOW""], ""ai_peripheral"": [""CSX"", ""UNP"", ""ACN"", ""RTX"", ""CAT"", ""HII"", ""GD"", ""TRGP"", ""MLM"", ""VMC""], ""core_ai"": [""KLAC"", ""LRCX"", ""NOW"", ""NXPI"", ""TSLA"", ""DIS"", ""TXN"", ""SNPS"", ""TER"", ""FTNT""]}","{""ai_enabler"": {""first_fail"": {""top_count"": 248, ""top_pct"": 0.3924, ""top_reason"": ""min_dollar_volume""}, ""layer_summary"": {""base_hard"": {""before"": 632, ""pass_rate"": 0.3575949367088608, ""remaining"": 226, ""removed"": 261}, ""quality_or_theme_hard"": {""before"": 291, ""pass_rate"": 0.7766323024054983, ""remaining"": 226, ""removed"": 65}, ""valuation_hard"": {""before"": 371, ""pass_rate"": 0.784366576819407, ""remaining"": 291, ""removed"": 80}}, ""n_filtered"": 226, ""n_input"": 632, ""n_ranked"": 20, ""near_miss"": {""reasons"": [{""count"": 3, ""layer"": ""quality_or_theme_hard"", ""pct"": 0.004746835443037975, ""reason"": ""min_ai_link_score""}, {""count"": 2, ""layer"": ""quality_or_theme_hard"", ""pct"": 0.0031645569620253164, ""reason"": ""min_net_income_yoy""}, {""count"": 2, ""layer"": ""valuation_hard"", ""pct"": 0.0031645569620253164, ""reason"": ""min_value_discount_any""}, {""count"": 1, ""layer"": ""quality_or_theme_hard"", ""pct"": 0.0015822784810126582, ""reason"": ""max_ev_to_ebit""}, {""count"": 1, ""layer"": ""valuation_hard"", ""pct"": 0.0015822784810126582, ""reason"": ""max_price_to_sma200""}], ""top_count"": 3, ""top_pct"": 0.004746835443037975, ""top_reason"": ""min_ai_link_score""}}, ""ai_peripheral"": {""first_fail"": {""top_count"": 248, ""top_pct"": 0.3924, ""top_reason"": ""min_dollar_volume""}, ""layer_summary"": {""base_hard"": {""before"": 632, ""pass_rate"": 0.1962025316455696, ""remaining"": 124, ""removed"": 384}, ""quality_or_theme_hard"": {""before"": 317, ""pass_rate"": 0.7791798107255521, ""remaining"": 247, ""removed"": 70}, ""valuation_hard"": {""before"": 371, ""pass_rate"": 0.8544474393530997, ""remaining"": 317, ""removed"": 54}}, ""n_filtered"": 124, ""n_input"": 632, ""n_ranked"": 12, ""near_miss"": {""reasons"": [{""count"": 5, ""layer"": ""base_hard"", ""pct"": 0.007911392405063292, ""reason"": ""channel_bucket_match""}, {""count"": 4, ""layer"": ""quality_or_theme_hard"", ""pct"": 0.006329113924050633, ""reason"": ""min_ai_link_score""}, {""count"": 1, ""layer"": ""quality_or_theme_hard"", ""pct"": 0.0015822784810126582, ""reason"": ""min_free_cash_flow""}, {""count"": 1, ""layer"": ""quality_or_theme_hard"", ""pct"": 0.0015822784810126582, ""reason"": ""min_revenue_yoy""}, {""count"": 1, ""layer"": ""quality_or_theme_hard"", ""pct"": 0.0015822784810126582, ""reason"": ""min_net_income_yoy""}], ""top_count"": 5, ""top_pct"": 0.007911392405063292, ""top_reason"": ""channel_bucket_match""}}, ""core_ai"": {""first_fail"": {""top_count"": 248, ""top_pct"": 0.3924, ""top_reason"": ""min_dollar_volume""}, ""layer_summary"": {""base_hard"": {""before"": 632, ""pass_rate"": 0.09651898734177215, ""remaining"": 61, ""removed"": 408}, ""quality_or_theme_hard"": {""before"": 268, ""pass_rate"": 0.7761194029850746, ""remaining"": 208, ""removed"": 60}, ""valuation_hard"": {""before"": 371, ""pass_rate"": 0.7223719676549866, ""remaining"": 268, ""removed"": 103}}, ""n_filtered"": 61, ""n_input"": 632, ""n_ranked"": 11, ""near_miss"": {""reasons"": [{""count"": 2, ""layer"": ""valuation_hard"", ""pct"": 0.0031645569620253164, ""reason"": ""max_price_to_sma200""}, {""count"": 1, ""layer"": ""valuation_hard"", ""pct"": 0.0015822784810126582, ""reason"": ""min_return_20d""}, {""count"": 1, ""layer"": ""quality_or_theme_hard"", ""pct"": 0.0015822784810126582, ""reason"": ""min_interest_coverage""}, {""count"": 1, ""layer"": ""quality_or_theme_hard"", ""pct"": 0.0015822784810126582, ""reason"": ""min_ocf_to_net_income""}, {""count"": 1, ""layer"": ""quality_or_theme_hard"", ""pct"": 0.0015822784810126582, ""reason"": ""max_receivables_growth_gap""}], ""top_count"": 2, ""top_pct"": 0.0031645569620253164, ""top_reason"": ""max_price_to_sma200""}}}",,union_superset_approx
base,replay_base_2023-02-28,2023-02-28T00:00:00+00:00,2023-02-28,industry_trend,"['AVGO', 'TSLA', 'MSFT', 'NVDA', 'AMAT', 'ANET', 'META', 'LRCX', 'CSCO', 'KLAC', 'PWR', 'ETN', 'UNP', 'DE', 'STLD', 'NUE', 'CSX', 'LMT', 'UPS', 'GD']",20,0.00044303581774185474,up,"{""ai_enabler"": 10, ""ai_peripheral"": 10, ""core_ai"": 10}","{""ai_enabler"": [""AVGO"", ""TSLA"", ""AMAT"", ""ANET"", ""PWR"", ""ETN"", ""UNP"", ""MSFT"", ""NVDA"", ""LRCX""], ""ai_peripheral"": [""ETN"", ""PWR"", ""UNP"", ""DE"", ""STLD"", ""NUE"", ""CSX"", ""LMT"", ""UPS"", ""GD""], ""core_ai"": [""AVGO"", ""TSLA"", ""MSFT"", ""NVDA"", ""AMAT"", ""ANET"", ""META"", ""LRCX"", ""CSCO"", ""KLAC""]}","{""ai_enabler"": {""first_fail"": {""top_count"": 248, ""top_pct"": 0.3924, ""top_reason"": ""min_dollar_volume""}, ""layer_summary"": {""base_hard"": {""before"": 632, ""pass_rate"": 0.4525316455696203, ""remaining"": 286, ""removed"": 261}, ""quality_or_theme_hard"": {""before"": 371, ""pass_rate"": 0.77088948787062, ""remaining"": 286, ""removed"": 85}}, ""n_filtered"": 286, ""n_input"": 632, ""n_ranked"": 80, ""near_miss"": {""reasons"": [{""count"": 5, ""layer"": ""quality_or_theme_hard"", ""pct"": 0.007911392405063292, ""reason"": ""min_ai_link_score""}, {""count"": 2, ""layer"": ""valuation_hard"", ""pct"": 0.0031645569620253164, ""reason"": ""trend_min_return_60d""}, {""count"": 2, ""layer"": ""quality_or_theme_hard"", ""pct"": 0.0031645569620253164, ""reason"": ""min_current_ratio""}, {""count"": 2, ""layer"": ""quality_or_theme_hard"", ""pct"": 0.0031645569620253164, ""reason"": ""min_ocf_to_net_income""}, {""count"": 2, ""layer"": ""valuation_hard"", ""pct"": 0.0031645569620253164, ""reason"": ""max_ps_hist_percentile""}], ""top_count"": 5, ""top_pct"": 0.007911392405063292, ""top_reason"": ""min_ai_link_score""}}, ""ai_peripheral"": {""first_fail"": {""top_count"": 248, ""top_pct"": 0.3924, ""top_reason"": ""min_dollar_volume""}, ""layer_summary"": {""base_hard"": {""before"": 632, ""pass_rate"": 0.22151898734177214, ""remaining"": 140, ""removed"": 407}, ""quality_or_theme_hard"": {""before"": 371, ""pass_rate"": 0.37735849056603776, ""remaining"": 140, ""removed"": 85}}, ""n_filtered"": 140, ""n_input"": 632, ""n_ranked"": 67, ""near_miss"": {""reasons"": [{""count"": 7, ""layer"": ""base_hard"", ""pct"": 0.011075949367088608, ""reason"": ""channel_bucket_match""}, {""count"": 4, ""layer"": ""valuation_hard"", ""pct"": 0.006329113924050633, ""reason"": ""trend_min_return_60d""}, {""count"": 2, ""layer"": ""quality_or_theme_hard"", ""pct"": 0.0031645569620253164, ""reason"": ""min_ai_link_score""}, {""count"": 1, ""layer"": ""valuation_hard"", ""pct"": 0.0015822784810126582, ""reason"": ""max_ps_percentile_in_sic""}, {""count"": 1, ""layer"": ""quality_or_theme_hard"", ""pct"": 0.0015822784810126582, ""reason"": ""max_net_debt_to_ebitda""}], ""top_count"": 7, ""top_pct"": 0.011075949367088608, ""top_reason"": ""channel_bucket_match""}}, ""core_ai"": {""first_fail"": {""top_count"": 248, ""top_pct"": 0.3924, ""top_reason"": ""min_dollar_volume""}, ""layer_summary"": {""base_hard"": {""before"": 632, ""pass_rate"": 0.14556962025316456, ""remaining"": 92, ""removed"": 455}, ""quality_or_theme_hard"": {""before"": 371, ""pass_rate"": 0.24797843665768193, ""remaining"": 92, ""removed"": 85}}, ""n_filtered"": 92, ""n_input"": 632, ""n_ranked"": 23, ""near_miss"": {""reasons"": [{""count"": 2, ""layer"": ""valuation_hard"", ""pct"": 0.0031645569620253164, ""reason"": ""trend_min_return_60d""}, {""count"": 1, ""layer"": ""base_hard"", ""pct"": 0.0015822784810126582, ""reason"": ""trend_min_avg_dollar_volume_20d""}, {""count"": 1, ""layer"": ""quality_or_theme_hard"", ""pct"": 0.0015822784810126582, ""reason"": ""min_current_ratio""}, {""count"": 1, ""layer"": ""quality_or_theme_hard"", ""pct"": 0.0015822784810126582, ""reason"": ""min_ocf_to_net_income""}, {""count"": 1, ""layer"": ""quality_or_theme_hard"", ""pct"": 0.0015822784810126582, ""reason"": ""min_ai_link_score""}], ""top_count"": 2, ""top_pct"": 0.0031645569620253164, ""top_reason"": ""trend_min_return_60d""}}}",,union_superset_approx
base,replay_base_2023-02-28,2023-02-28T00:00:00+00:00,2023-02-28,momentum,"['NVDA', 'AVGO', 'TSLA', 'ANET', 'META', 'MSFT', 'AMAT', 'CSCO', 'LRCX', 'CRWD', 'PWR', 'ETN', 'UNP', 'STLD', 'CSX', 'NUE', 'DE', 'PH', 'LMT', 'NOC']",20,0.00044303581774185474,up,"{""ai_enabler"": 10, ""ai_peripheral"": 10, ""core_ai"": 10}","{""ai_enabler"": [""PWR"", ""ANET"", ""TSLA"", ""ETN"", ""AMAT"", ""NVDA"", ""AVGO"", ""META"", ""MSFT"", ""UNP""], ""ai_peripheral"": [""ETN"", ""PWR"", ""UNP"", ""STLD"", ""CSX"", ""NUE"", ""DE"", ""PH"", ""LMT"", ""NOC""], ""core_ai"": [""NVDA"", ""AVGO"", ""TSLA"", ""ANET"", ""META"", ""MSFT"", ""AMAT"", ""CSCO"", ""LRCX"", ""CRWD""]}","{""ai_enabler"": {""first_fail"": {""top_count"": 248, ""top_pct"": 0.3924, ""top_reason"": ""min_dollar_volume""}, ""layer_summary"": {""base_hard"": {""before"": 632, ""pass_rate"": 0.4525316455696203, ""remaining"": 286, ""removed"": 261}, ""quality_or_theme_hard"": {""before"": 371, ""pass_rate"": 0.77088948787062, ""remaining"": 286, ""removed"": 85}}, ""n_filtered"": 286, ""n_input"": 632, ""n_ranked"": 80, ""near_miss"": {""reasons"": [{""count"": 2, ""layer"": ""valuation_hard"", ""pct"": 0.0031645569620253164, ""reason"": ""max_ps_hist_percentile""}, {""count"": 1, ""layer"": ""valuation_hard"", ""pct"": 0.0015822784810126582, ""reason"": ""momentum_min_return_20d""}, {""count"": 1, ""layer"": ""quality_or_theme_hard"", ""pct"": 0.0015822784810126582, ""reason"": ""min_ai_link_score""}], ""top_count"": 2, ""top_pct"": 0.0031645569620253164, ""top_reason"": ""max_ps_hist_percentile""}}, ""ai_peripheral"": {""first_fail"": {""top_count"": 248, ""top_pct"": 0.3924, ""top_reason"": ""min_dollar_volume""}, ""layer_summary"": {""base_hard"": {""before"": 632, ""pass_rate"": 0.22151898734177214, ""remaining"": 140, ""removed"": 407}, ""quality_or_theme_hard"": {""before"": 371, ""pass_rate"": 0.37735849056603776, ""remaining"": 140, ""removed"": 85}}, ""n_filtered"": 140, ""n_input"": 632, ""n_ranked"": 67, ""near_miss"": {""reasons"": [{""count"": 3, ""layer"": ""base_hard"", ""pct"": 0.004746835443037975, ""reason"": ""channel_bucket_match""}, {""count"": 1, ""layer"": ""valuation_hard"", ""pct"": 0.0015822784810126582, ""reason"": ""max_ps_hist_percentile""}], ""top_count"": 3, ""top_pct"": 0.004746835443037975, ""top_reason"": ""channel_bucket_match""}}, ""core_ai"": {""first_fail"": {""top_count"": 248, ""top_pct"": 0.3924, ""top_reason"": ""min_dollar_volume""}, ""layer_summary"": {""base_hard"": {""before"": 632, ""pass_rate"": 0.14556962025316456, ""remaining"": 92, ""removed"": 455}, ""quality_or_theme_hard"": {""before"": 371, ""pass_rate"": 0.24797843665768193, ""remaining"": 92, ""removed"": 85}}, ""n_filtered"": 92, ""n_input"": 632, ""n_ranked"": 23, ""near_miss"": {""reasons"": [{""count"": 1, ""layer"": ""valuation_hard"", ""pct"": 0.0015822784810126582, ""reason"": ""momentum_min_return_20d""}], ""top_count"": 1, ""top_pct"": 0.0015822784810126582, ""top_reason"": ""momentum_min_return_20d""}}}",,union_superset_approx
base,replay_base_2023-02-28,2023-02-28T00:00:00+00:00,2023-02-28,research_pool,"['CSX', 'TRGP', 'NUE', 'RTX', 'STLD', 'ATI', 'MLM', 'EME', 'ACN', 'LEU', 'HII', 'DVN', 'KEYS', 'EOG', 'ALB', 'APD', 'BLDR', 'EXLS', 'MOS', 'ODFL', 'AVGO', 'ANET', 'KLAC', 'LRCX', 'NXPI', 'DIS', 'CAT', 'AMAT', 'ON', 'NOW']",30,0.00044303581774185474,up,"{""ai_enabler"": 10, ""ai_peripheral"": 10, ""core_ai"": 10}","{""ai_enabler"": [""CSX"", ""TRGP"", ""NUE"", ""RTX"", ""STLD"", ""ATI"", ""MLM"", ""EME"", ""ACN"", ""LEU""], ""ai_peripheral"": [""HII"", ""DVN"", ""KEYS"", ""EOG"", ""ALB"", ""APD"", ""BLDR"", ""EXLS"", ""MOS"", ""ODFL""], ""core_ai"": [""AVGO"", ""ANET"", ""KLAC"", ""LRCX"", ""NXPI"", ""DIS"", ""CAT"", ""AMAT"", ""ON"", ""NOW""]}","{""ai_enabler"": {""n_filtered"": 63, ""n_input"": 632, ""n_ranked"": 63, ""priority_counts"": {""left_side_watch"": 2, ""research_now"": 11, ""theme_only"": 47, ""watch_for_pullback"": 3}}, ""ai_peripheral"": {""n_filtered"": 64, ""n_input"": 632, ""n_ranked"": 64, ""priority_counts"": {""left_side_watch"": 5, ""research_now"": 1, ""theme_only"": 58}}, ""core_ai"": {""n_filtered"": 47, ""n_input"": 632, ""n_ranked"": 47, ""priority_counts"": {""left_side_watch"": 1, ""research_now"": 8, ""theme_only"": 29, ""watch_for_pullback"": 9}}}",,union_superset_approx
base,replay_base_2023-03-31,2023-03-31T00:00:00+00:00,2023-03-31,low_value,"['QCOM', 'NOW', 'TSLA', 'NXPI', 'DIS', 'INTC', 'AAPL', 'KLAC', 'UNP', 'CSX', 'NUE', 'RTX', 'ACN', 'MSFT', 'GD', 'PH', 'TT', 'EQIX']",18,0.2072170379289584,up,"{""ai_enabler"": 10, ""ai_peripheral"": 9, ""core_ai"": 7}","{""ai_enabler"": [""KLAC"", ""QCOM"", ""UNP"", ""CSX"", ""NUE"", ""RTX"", ""ACN"", ""NXPI"", ""NOW"", ""MSFT""], ""ai_peripheral"": [""CSX"", ""UNP"", ""RTX"", ""NUE"", ""ACN"", ""GD"", ""PH"", ""TT"", ""EQIX""], ""core_ai"": [""QCOM"", ""NOW"", ""TSLA"", ""NXPI"", ""DIS"", ""INTC"", ""AAPL""]}","{""ai_enabler"": {""first_fail"": {""top_count"": 253, ""top_pct"": 0.4003, ""top_reason"": ""min_dollar_volume""}, ""layer_summary"": {""base_hard"": {""before"": 632, ""pass_rate"": 0.310126582278481, ""remaining"": 196, ""removed"": 265}, ""quality_or_theme_hard"": {""before"": 261, ""pass_rate"": 0.7509578544061303, ""remaining"": 196, ""removed"": 65}, ""valuation_hard"": {""before"": 367, ""pass_rate"": 0.7111716621253406, ""remaining"": 261, ""removed"": 106}}, ""n_filtered"": 196, ""n_input"": 632, ""n_ranked"": 18, ""near_miss"": {""reasons"": [{""count"": 3, ""layer"": ""valuation_hard"", ""pct"": 0.004746835443037975, ""reason"": ""min_value_discount_any""}, {""count"": 2, ""layer"": ""quality_or_theme_hard"", ""pct"": 0.0031645569620253164, ""reason"": ""min_net_income_yoy""}, {""count"": 2, ""layer"": ""quality_or_theme_hard"", ""pct"": 0.0031645569620253164, ""reason"": ""min_ai_link_score""}, {""count"": 1, ""layer"": ""quality_or_theme_hard"", ""pct"": 0.0015822784810126582, ""reason"": ""max_ev_to_ebit""}, {""count"": 1, ""layer"": ""base_hard"", ""pct"": 0.0015822784810126582, ""reason"": ""min_avg_dollar_volume_20d""}], ""top_count"": 3, ""top_pct"": 0.004746835443037975, ""top_reason"": ""min_value_discount_any""}}, ""ai_peripheral"": {""first_fail"": {""top_count"": 253, ""top_pct"": 0.4003, ""top_reason"": ""min_dollar_volume""}, ""layer_summary"": {""base_hard"": {""before"": 632, ""pass_rate"": 0.185126582278481, ""remaining"": 117, ""removed"": 360}, ""quality_or_theme_hard"": {""before"": 284, ""pass_rate"": 0.7464788732394366, ""remaining"": 212, ""removed"": 72}, ""valuation_hard"": {""before"": 367, ""pass_rate"": 0.773841961852861, ""remaining"": 284, ""removed"": 83}}, ""n_filtered"": 117, ""n_input"": 632, ""n_ranked"": 9, ""near_miss"": {""reasons"": [{""count"": 2, ""layer"": ""quality_or_theme_hard"", ""pct"": 0.0031645569620253164, ""reason"": ""min_ai_link_score""}, {""count"": 1, ""layer"": ""quality_or_theme_hard"", ""pct"": 0.0015822784810126582, ""reason"": ""min_free_cash_flow""}, {""count"": 1, ""layer"": ""quality_or_theme_hard"", ""pct"": 0.0015822784810126582, ""reason"": ""min_revenue_yoy""}, {""count"": 1, ""layer"": ""quality_or_theme_hard"", ""pct"": 0.0015822784810126582, ""reason"": ""min_net_income_yoy""}, {""count"": 1, ""layer"": ""valuation_hard"", ""pct"": 0.0015822784810126582, ""reason"": ""min_return_20d""}], ""top_count"": 2, ""top_pct"": 0.0031645569620253164, ""top_reason"": ""min_ai_link_score""}}, ""core_ai"": {""first_fail"": {""top_count"": 253, ""top_pct"": 0.4003, ""top_reason"": ""min_dollar_volume""}, ""layer_summary"": {""base_hard"": {""before"": 632, ""pass_rate"": 0.07278481012658228, ""remaining"": 46, ""removed"": 399}, ""quality_or_theme_hard"": {""before"": 240, ""pass_rate"": 0.75, ""remaining"": 180, ""removed"": 60}, ""valuation_hard"": {""before"": 367, ""pass_rate"": 0.6539509536784741, ""remaining"": 240, ""removed"": 127}}, ""n_filtered"": 46, ""n_input"": 632, ""n_ranked"": 7, ""near_miss"": {""reasons"": [{""count"": 2, ""layer"": ""quality_or_theme_hard"", ""pct"": 0.0031645569620253164, ""reason"": ""min_net_income_yoy""}, {""count"": 1, ""layer"": ""base_hard"", ""pct"": 0.0015822784810126582, ""reason"": ""min_avg_dollar_volume_20d""}, {""count"": 1, ""layer"": ""quality_or_theme_hard"", ""pct"": 0.0015822784810126582, ""reason"": ""max_receivables_growth_gap""}, {""count"": 1, ""layer"": ""base_hard"", ""pct"": 0.0015822784810126582, ""reason"": ""channel_bucket_match""}], ""top_count"": 2, ""top_pct"": 0.0031645569620253164, ""top_reason"": ""min_net_income_yoy""}}}",,union_superset_approx
base,replay_base_2023-03-31,2023-03-31T00:00:00+00:00,2023-03-31,industry_trend,"['MSFT', 'GOOGL', 'AVGO', 'NVDA', 'ANET', 'CSCO', 'NFLX', 'LRCX', 'META', 'INTC', 'GOOG', 'KLAC', 'ETN', 'UPS', 'ACN', 'DE', 'LMT', 'CSX', 'PWR', 'BA', 'RTX', 'UNP']",22,0.2072170379289584,up,"{""ai_enabler"": 10, ""ai_peripheral"": 10, ""core_ai"": 10}","{""ai_enabler"": [""MSFT"", ""AVGO"", ""ANET"", ""CSCO"", ""GOOGL"", ""LRCX"", ""NFLX"", ""NVDA"", ""GOOG"", ""KLAC""], ""ai_peripheral"": [""ETN"", ""UPS"", ""ACN"", ""DE"", ""LMT"", ""CSX"", ""PWR"", ""BA"", ""RTX"", ""UNP""], ""core_ai"": [""MSFT"", ""GOOGL"", ""AVGO"", ""NVDA"", ""ANET"", ""CSCO"", ""NFLX"", ""LRCX"", ""META"", ""INTC""]}","{""ai_enabler"": {""first_fail"": {""top_count"": 253, ""top_pct"": 0.4003, ""top_reason"": ""min_dollar_volume""}, ""layer_summary"": {""base_hard"": {""before"": 632, ""pass_rate"": 0.4177215189873418, ""remaining"": 264, ""removed"": 265}, ""quality_or_theme_hard"": {""before"": 367, ""pass_rate"": 0.7193460490463215, ""remaining"": 264, ""removed"": 103}}, ""n_filtered"": 264, ""n_input"": 632, ""n_ranked"": 77, ""near_miss"": {""reasons"": [{""count"": 5, ""layer"": ""quality_or_theme_hard"", ""pct"": 0.007911392405063292, ""reason"": ""min_ai_link_score""}, {""count"": 2, ""layer"": ""quality_or_theme_hard"", ""pct"": 0.0031645569620253164, ""reason"": ""min_net_income_yoy""}, {""count"": 2, ""layer"": ""quality_or_theme_hard"", ""pct"": 0.0031645569620253164, ""reason"": ""min_ocf_to_net_income""}, {""count"": 2, ""layer"": ""valuation_hard"", ""pct"": 0.0031645569620253164, ""reason"": ""max_ps_hist_percentile""}, {""count"": 2, ""layer"": ""valuation_hard"", ""pct"": 0.0031645569620253164, ""reason"": ""max_pe_hist_percentile""}], ""top_count"": 5, ""top_pct"": 0.007911392405063292, ""top_reason"": ""min_ai_link_score""}}, ""ai_peripheral"": {""first_fail"": {""top_count"": 253, ""top_pct"": 0.4003, ""top_reason"": ""min_dollar_volume""}, ""layer_summary"": {""base_hard"": {""before"": 632, ""pass_rate"": 0.20727848101265822, ""remaining"": 131, ""removed"": 398}, ""quality_or_theme_hard"": {""before"": 367, ""pass_rate"": 0.3569482288828338, ""remaining"": 131, ""removed"": 103}}, ""n_filtered"": 131, ""n_input"": 632, ""n_ranked"": 63, ""near_miss"": {""reasons"": [{""count"": 4, ""layer"": ""base_hard"", ""pct"": 0.006329113924050633, ""reason"": ""channel_bucket_match""}, {""count"": 2, ""layer"": ""valuation_hard"", ""pct"": 0.0031645569620253164, ""reason"": ""trend_min_return_60d""}, {""count"": 2, ""layer"": ""quality_or_theme_hard"", ""pct"": 0.0031645569620253164, ""reason"": ""min_ai_link_score""}, {""count"": 1, ""layer"": ""quality_or_theme_hard"", ""pct"": 0.0015822784810126582, ""reason"": ""min_revenue_yoy""}, {""count"": 1, ""layer"": ""quality_or_theme_hard"", ""pct"": 0.0015822784810126582, ""reason"": ""min_net_income_yoy""}], ""top_count"": 4, ""top_pct"": 0.006329113924050633, ""top_reason"": ""channel_bucket_match""}}, ""core_ai"": {""first_fail"": {""top_count"": 253, ""top_pct"": 0.4003, ""top_reason"": ""min_dollar_volume""}, ""layer_summary"": {""base_hard"": {""before"": 632, ""pass_rate"": 0.1360759493670886, ""remaining"": 86, ""removed"": 443}, ""quality_or_theme_hard"": {""before"": 367, ""pass_rate"": 0.23433242506811988, ""remaining"": 86, ""removed"": 103}}, ""n_filtered"": 86, ""n_input"": 632, ""n_ranked"": 23, ""near_miss"": {""reasons"": [{""count"": 2, ""layer"": ""quality_or_theme_hard"", ""pct"": 0.0031645569620253164, ""reason"": ""min_net_income_yoy""}, {""count"": 2, ""layer"": ""base_hard"", ""pct"": 0.0031645569620253164, ""reason"": ""channel_bucket_match""}, {""count"": 1, ""layer"": ""valuation_hard"", ""pct"": 0.0015822784810126582, ""reason"": ""trend_min_return_60d""}, {""count"": 1, ""layer"": ""base_hard"", ""pct"": 0.0015822784810126582, ""reason"": ""trend_min_avg_dollar_volume_20d""}, {""count"": 1, ""layer"": ""quality_or_theme_hard"", ""pct"": 0.0015822784810126582, ""reason"": ""min_ocf_to_net_income""}], ""top_count"": 2, ""top_pct"": 0.0031645569620253164, ""top_reason"": ""min_net_income_yoy""}}}",,union_superset_approx
base,replay_base_2023-03-31,2023-03-31T00:00:00+00:00,2023-03-31,momentum,"['MSFT', 'ANET', 'GOOGL', 'NVDA', 'CSCO', 'LRCX', 'META', 'NFLX', 'AVGO', 'INTC', 'GOOG', 'KLAC', 'PWR', 'UPS', 'SO', 'ACN', 'CCI', 'ETN', 'WM', 'SRE', 'EQIX', 'EMR']",22,0.2072170379289584,up,"{""ai_enabler"": 10, ""ai_peripheral"": 10, ""core_ai"": 10}","{""ai_enabler"": [""MSFT"", ""ANET"", ""GOOGL"", ""LRCX"", ""CSCO"", ""NFLX"", ""GOOG"", ""KLAC"", ""AVGO"", ""NVDA""], ""ai_peripheral"": [""PWR"", ""UPS"", ""SO"", ""ACN"", ""CCI"", ""ETN"", ""WM"", ""SRE"", ""EQIX"", ""EMR""], ""core_ai"": [""MSFT"", ""ANET"", ""GOOGL"", ""NVDA"", ""CSCO"", ""LRCX"", ""META"", ""NFLX"", ""AVGO"", ""INTC""]}","{""ai_enabler"": {""first_fail"": {""top_count"": 253, ""top_pct"": 0.4003, ""top_reason"": ""min_dollar_volume""}, ""layer_summary"": {""base_hard"": {""before"": 632, ""pass_rate"": 0.4177215189873418, ""remaining"": 264, ""removed"": 265}, ""quality_or_theme_hard"": {""before"": 367, ""pass_rate"": 0.7193460490463215, ""remaining"": 264, ""removed"": 103}}, ""n_filtered"": 264, ""n_input"": 632, ""n_ranked"": 77, ""near_miss"": {""reasons"": [{""count"": 2, ""layer"": ""quality_or_theme_hard"", ""pct"": 0.0031645569620253164, ""reason"": ""min_net_income_yoy""}, {""count"": 2, ""layer"": ""valuation_hard"", ""pct"": 0.0031645569620253164, ""reason"": ""momentum_min_return_20d""}, {""count"": 2, ""layer"": ""quality_or_theme_hard"", ""pct"": 0.0031645569620253164, ""reason"": ""min_ocf_to_net_income""}, {""count"": 1, ""layer"": ""quality_or_theme_hard"", ""pct"": 0.0015822784810126582, ""reason"": ""max_ev_to_ebit""}, {""count"": 1, ""layer"": ""quality_or_theme_hard"", ""pct"": 0.0015822784810126582, ""reason"": ""min_interest_coverage""}], ""top_count"": 2, ""top_pct"": 0.0031645569620253164, ""top_reason"": ""min_net_income_yoy""}}, ""ai_peripheral"": {""first_fail"": {""top_count"": 253, ""top_pct"": 0.4003, ""top_reason"": ""min_dollar_volume""}, ""layer_summary"": {""base_hard"": {""before"": 632, ""pass_rate"": 0.20727848101265822, ""remaining"": 131, ""removed"": 398}, ""quality_or_theme_hard"": {""before"": 367, ""pass_rate"": 0.3569482288828338, ""remaining"": 131, ""removed"": 103}}, ""n_filtered"": 131, ""n_input"": 632, ""n_ranked"": 63, ""near_miss"": {""reasons"": [], ""top_count"": 0, ""top_pct"": 0.0, ""top_reason"": """"}}, ""core_ai"": {""first_fail"": {""top_count"": 253, ""top_pct"": 0.4003, ""top_reason"": ""min_dollar_volume""}, ""layer_summary"": {""base_hard"": {""before"": 632, ""pass_rate"": 0.1360759493670886, ""remaining"": 86, ""removed"": 443}, ""quality_or_theme_hard"": {""before"": 367, ""pass_rate"": 0.23433242506811988, ""remaining"": 86, ""removed"": 103}}, ""n_filtered"": 86, ""n_input"": 632, ""n_ranked"": 23, ""near_miss"": {""reasons"": [{""count"": 2, ""layer"": ""quality_or_theme_hard"", ""pct"": 0.0031645569620253164, ""reason"": ""min_net_income_yoy""}, {""count"": 2, ""layer"": ""quality_or_theme_hard"", ""pct"": 0.0031645569620253164, ""reason"": ""min_ocf_to_net_income""}, {""count"": 1, ""layer"": ""valuation_hard"", ""pct"": 0.0015822784810126582, ""reason"": ""momentum_min_return_20d""}, {""count"": 1, ""layer"": ""base_hard"", ""pct"": 0.0015822784810126582, ""reason"": ""channel_bucket_match""}], ""top_count"": 2, ""top_pct"": 0.0031645569620253164, ""top_reason"": ""min_net_income_yoy""}}}",,union_superset_approx
base,replay_base_2023-03-31,2023-03-31T00:00:00+00:00,2023-03-31,research_pool,"['CSX', 'RTX', 'EME', 'ACN', 'STLD', 'NUE', 'TT', 'QLYS', 'UNP', 'EQIX', 'DVN', 'MATX', 'ALB', 'UFPI', 'HII', 'CF', 'EOG', 'EXLS', 'MOS', 'MPC', 'ANET', 'AVGO', 'LRCX', 'QCOM', 'KLAC', 'NXPI', 'ORCL', 'CAT', 'DIS', 'NOW']",30,0.2072170379289584,up,"{""ai_enabler"": 10, ""ai_peripheral"": 10, ""core_ai"": 10}","{""ai_enabler"": [""CSX"", ""RTX"", ""EME"", ""ACN"", ""STLD"", ""NUE"", ""TT"", ""QLYS"", ""UNP"", ""EQIX""], ""ai_peripheral"": [""DVN"", ""MATX"", ""ALB"", ""UFPI"", ""HII"", ""CF"", ""EOG"", ""EXLS"", ""MOS"", ""MPC""], ""core_ai"": [""ANET"", ""AVGO"", ""LRCX"", ""QCOM"", ""KLAC"", ""NXPI"", ""ORCL"", ""CAT"", ""DIS"", ""NOW""]}","{""ai_enabler"": {""n_filtered"": 63, ""n_input"": 632, ""n_ranked"": 63, ""priority_counts"": {""left_side_watch"": 2, ""research_now"": 7, ""theme_only"": 51, ""watch_for_pullback"": 3}}, ""ai_peripheral"": {""n_filtered"": 61, ""n_input"": 632, ""n_ranked"": 61, ""priority_counts"": {""left_side_watch"": 7, ""theme_only"": 54}}, ""core_ai"": {""n_filtered"": 45, ""n_input"": 632, ""n_ranked"": 45, ""priority_counts"": {""left_side_watch"": 1, ""research_now"": 9, ""theme_only"": 20, ""watch_for_pullback"": 15}}}",,union_superset_approx
base,replay_base_2023-04-28,2023-04-28T00:00:00+00:00,2023-04-28,low_value,"['KLAC', 'CAT', 'NOW', 'GOOGL', 'GOOG', 'DIS', 'ADI', 'MPWR', 'AVGO', 'LRCX', 'UNP', 'CSX', 'NUE', 'ACN', 'RTX', 'GD', 'ETN', 'PH', 'MLM']",19,0.07172280911567341,up,"{""ai_enabler"": 10, ""ai_peripheral"": 10, ""core_ai"": 8}","{""ai_enabler"": [""AVGO"", ""LRCX"", ""KLAC"", ""UNP"", ""CSX"", ""NUE"", ""CAT"", ""ACN"", ""NOW"", ""RTX""], ""ai_peripheral"": [""UNP"", ""CSX"", ""CAT"", ""NUE"", ""RTX"", ""ACN"", ""GD"", ""ETN"", ""PH"", ""MLM""], ""core_ai"": [""KLAC"", ""CAT"", ""NOW"", ""GOOGL"", ""GOOG"", ""DIS"", ""ADI"", ""MPWR""]}","{""ai_enabler"": {""first_fail"": {""top_count"": 268, ""top_pct"": 0.4247, ""top_reason"": ""min_dollar_volume""}, ""layer_summary"": {""base_hard"": {""before"": 631, ""pass_rate"": 0.31378763866877973, ""remaining"": 198, ""removed"": 278}, ""quality_or_theme_hard"": {""before"": 283, ""pass_rate"": 0.6996466431095406, ""remaining"": 198, ""removed"": 85}, ""valuation_hard"": {""before"": 353, ""pass_rate"": 0.8016997167138811, ""remaining"": 283, ""removed"": 70}}, ""n_filtered"": 198, ""n_input"": 631, ""n_ranked"": 20, ""near_miss"": {""reasons"": [{""count"": 2, ""layer"": ""valuation_hard"", ""pct"": 0.003169572107765452, ""reason"": ""min_drawdown_percentile""}, {""count"": 2, ""layer"": ""quality_or_theme_hard"", ""pct"": 0.003169572107765452, ""reason"": ""min_ai_link_score""}, {""count"": 2, ""layer"": ""valuation_hard"", ""pct"": 0.003169572107765452, ""reason"": ""min_value_discount_any""}, {""count"": 1, ""layer"": ""quality_or_theme_hard"", ""pct"": 0.001584786053882726, ""reason"": ""max_ev_to_ebit""}, {""count"": 1, ""layer"": ""valuation_hard"", ""pct"": 0.001584786053882726, ""reason"": ""min_return_60d""}], ""top_count"": 2, ""top_pct"": 0.003169572107765452, ""top_reason"": ""min_drawdown_percentile""}}, ""ai_peripheral"": {""first_fail"": {""top_count"": 268, ""top_pct"": 0.4247, ""top_reason"": ""min_dollar_volume""}, ""layer_summary"": {""base_hard"": {""before"": 631, ""pass_rate"": 0.16164817749603805, ""remaining"": 102, ""removed"": 383}, ""quality_or_theme_hard"": {""before"": 297, ""pass_rate"": 0.696969696969697, ""remaining"": 207, ""removed"": 90}, ""valuation_hard"": {""before"": 353, ""pass_rate"": 0.8413597733711048, ""remaining"": 297, ""removed"": 56}}, ""n_filtered"": 102, ""n_input"": 631, ""n_ranked"": 12, ""near_miss"": {""reasons"": [{""count"": 3, ""layer"": ""base_hard"", ""pct"": 0.004754358161648178, ""reason"": ""channel_bucket_match""}, {""count"": 2, ""layer"": ""base_hard"", ""pct"": 0.003169572107765452, ""reason"": ""min_avg_dollar_volume_20d""}, {""count"": 2, ""layer"": ""quality_or_theme_hard"", ""pct"": 0.003169572107765452, ""reason"": ""min_ai_link_score""}, {""count"": 1, ""layer"": ""quality_or_theme_hard"", ""pct"": 0.001584786053882726, ""reason"": ""min_net_income_yoy""}, {""count"": 1, ""layer"": ""valuation_hard"", ""pct"": 0.001584786053882726, ""reason"": ""min_return_60d""}], ""top_count"": 3, ""top_pct"": 0.004754358161648178, ""top_reason"": ""channel_bucket_match""}}, ""core_ai"": {""first_fail"": {""top_count"": 268, ""top_pct"": 0.4247, ""top_reason"": ""min_dollar_volume""}, ""layer_summary"": {""base_hard"": {""before"": 631, ""pass_rate"": 0.09350237717908082, ""remaining"": 59, ""removed"": 399}, ""quality_or_theme_hard"": {""before"": 258, ""pass_rate"": 0.6976744186046512, ""remaining"": 180, ""removed"": 78}, ""valuation_hard"": {""before"": 353, ""pass_rate"": 0.7308781869688386, ""remaining"": 258, ""removed"": 95}}, ""n_filtered"": 59, ""n_input"": 631, ""n_ranked"": 8, ""near_miss"": {""reasons"": [{""count"": 2, ""layer"": ""valuation_hard"", ""pct"": 0.003169572107765452, ""reason"": ""max_ps_percentile_in_sic""}, {""count"": 1, ""layer"": ""base_hard"", ""pct"": 0.001584786053882726, ""reason"": ""min_avg_dollar_volume_20d""}, {""count"": 1, ""layer"": ""base_hard"", ""pct"": 0.001584786053882726, ""reason"": ""channel_bucket_match""}], ""top_count"": 2, ""top_pct"": 0.003169572107765452, ""top_reason"": ""max_ps_percentile_in_sic""}}}",,union_superset_approx
base,replay_base_2023-04-28,2023-04-28T00:00:00+00:00,2023-04-28,industry_trend,"['AVGO', 'MSFT', 'GOOGL', 'NVDA', 'LRCX', 'NOW', 'AAPL', 'ANET', 'NFLX', 'KLAC', 'CSX', 'CAT', 'LMT', 'ETN', 'SRE', 'SHW', 'DE', 'UNP', 'GD', 'EQIX']",20,0.07172280911567341,up,"{""ai_enabler"": 10, ""ai_peripheral"": 10, ""core_ai"": 10}","{""ai_enabler"": [""AVGO"", ""MSFT"", ""GOOGL"", ""LRCX"", ""NOW"", ""CSX"", ""ANET"", ""NVDA"", ""CAT"", ""KLAC""], ""ai_peripheral"": [""CSX"", ""CAT"", ""LMT"", ""ETN"", ""SRE"", ""SHW"", ""DE"", ""UNP"", ""GD"", ""EQIX""], ""core_ai"": [""AVGO"", ""MSFT"", ""GOOGL"", ""NVDA"", ""LRCX"", ""NOW"", ""AAPL"", ""ANET"", ""NFLX"", ""KLAC""]}","{""ai_enabler"": {""first_fail"": {""top_count"": 268, ""top_pct"": 0.4247, ""top_reason"": ""min_dollar_volume""}, ""layer_summary"": {""base_hard"": {""before"": 631, ""pass_rate"": 0.38827258320126784, ""remaining"": 245, ""removed"": 278}, ""quality_or_theme_hard"": {""before"": 353, ""pass_rate"": 0.6940509915014165, ""remaining"": 245, ""removed"": 108}}, ""n_filtered"": 245, ""n_input"": 631, ""n_ranked"": 75, ""near_miss"": {""reasons"": [{""count"": 3, ""layer"": ""valuation_hard"", ""pct"": 0.004754358161648178, ""reason"": ""trend_min_return_60d""}, {""count"": 2, ""layer"": ""base_hard"", ""pct"": 0.003169572107765452, ""reason"": ""trend_min_avg_dollar_volume_20d""}, {""count"": 2, ""layer"": ""quality_or_theme_hard"", ""pct"": 0.003169572107765452, ""reason"": ""min_ai_link_score""}, {""count"": 1, ""layer"": ""quality_or_theme_hard"", ""pct"": 0.001584786053882726, ""reason"": ""max_ev_to_ebit""}, {""count"": 1, ""layer"": ""quality_or_theme_hard"", ""pct"": 0.001584786053882726, ""reason"": ""min_ocf_to_net_income""}], ""top_count"": 3, ""top_pct"": 0.004754358161648178, ""top_reason"": ""trend_min_return_60d""}}, ""ai_peripheral"": {""first_fail"": {""top_count"": 268, ""top_pct"": 0.4247, ""top_reason"": ""min_dollar_volume""}, ""layer_summary"": {""base_hard"": {""before"": 631, ""pass_rate"": 0.18858954041204437, ""remaining"": 119, ""removed"": 404}, ""quality_or_theme_hard"": {""before"": 353, ""pass_rate"": 0.3371104815864023, ""remaining"": 119, ""removed"": 108}}, ""n_filtered"": 119, ""n_input"": 631, ""n_ranked"": 64, ""near_miss"": {""reasons"": [{""count"": 5, ""layer"": ""base_hard"", ""pct"": 0.00792393026941363, ""reason"": ""channel_bucket_match""}, {""count"": 2, ""layer"": ""quality_or_theme_hard"", ""pct"": 0.003169572107765452, ""reason"": ""min_ai_link_score""}, {""count"": 1, ""layer"": ""valuation_hard"", ""pct"": 0.001584786053882726, ""reason"": ""max_ps_percentile_in_sic""}, {""count"": 1, ""layer"": ""valuation_hard"", ""pct"": 0.001584786053882726, ""reason"": ""trend_min_return_60d""}, {""count"": 1, ""layer"": ""quality_or_theme_hard"", ""pct"": 0.001584786053882726, ""reason"": ""min_current_ratio""}], ""top_count"": 5, ""top_pct"": 0.00792393026941363, ""top_reason"": ""channel_bucket_match""}}, ""core_ai"": {""first_fail"": {""top_count"": 268, ""top_pct"": 0.4247, ""top_reason"": ""min_dollar_volume""}, ""layer_summary"": {""base_hard"": {""before"": 631, ""pass_rate"": 0.13946117274167988, ""remaining"": 88, ""removed"": 435}, ""quality_or_theme_hard"": {""before"": 353, ""pass_rate"": 0.24929178470254956, ""remaining"": 88, ""removed"": 108}}, ""n_filtered"": 88, ""n_input"": 631, ""n_ranked"": 23, ""near_miss"": {""reasons"": [{""count"": 2, ""layer"": ""base_hard"", ""pct"": 0.003169572107765452, ""reason"": ""channel_bucket_match""}, {""count"": 1, ""layer"": ""valuation_hard"", ""pct"": 0.001584786053882726, ""reason"": ""max_ps_percentile_in_sic""}, {""count"": 1, ""layer"": ""quality_or_theme_hard"", ""pct"": 0.001584786053882726, ""reason"": ""min_ai_link_score""}], ""top_count"": 2, ""top_pct"": 0.003169572107765452, ""top_reason"": ""channel_bucket_match""}}}",,union_superset_approx
base,replay_base_2023-04-28,2023-04-28T00:00:00+00:00,2023-04-28,momentum,"['MSFT', 'AVGO', 'GOOGL', 'ORCL', 'LRCX', 'NVDA', 'ANET', 'KLAC', 'CAT', 'NFLX', 'CSX', 'PWR', 'SRE', 'RTX', 'SHW', 'ETN', 'SO', 'VMC', 'UNP']",19,0.07172280911567341,up,"{""ai_enabler"": 10, ""ai_peripheral"": 10, ""core_ai"": 10}","{""ai_enabler"": [""MSFT"", ""GOOGL"", ""AVGO"", ""CSX"", ""ORCL"", ""PWR"", ""LRCX"", ""SRE"", ""ANET"", ""NVDA""], ""ai_peripheral"": [""CSX"", ""SRE"", ""PWR"", ""RTX"", ""SHW"", ""ETN"", ""SO"", ""CAT"", ""VMC"", ""UNP""], ""core_ai"": [""MSFT"", ""AVGO"", ""GOOGL"", ""ORCL"", ""LRCX"", ""NVDA"", ""ANET"", ""KLAC"", ""CAT"", ""NFLX""]}","{""ai_enabler"": {""first_fail"": {""top_count"": 268, ""top_pct"": 0.4247, ""top_reason"": ""min_dollar_volume""}, ""layer_summary"": {""base_hard"": {""before"": 631, ""pass_rate"": 0.38827258320126784, ""remaining"": 245, ""removed"": 278}, ""quality_or_theme_hard"": {""before"": 353, ""pass_rate"": 0.6940509915014165, ""remaining"": 245, ""removed"": 108}}, ""n_filtered"": 245, ""n_input"": 631, ""n_ranked"": 75, ""near_miss"": {""reasons"": [{""count"": 1, ""layer"": ""valuation_hard"", ""pct"": 0.001584786053882726, ""reason"": ""momentum_min_return_20d""}], ""top_count"": 1, ""top_pct"": 0.001584786053882726, ""top_reason"": ""momentum_min_return_20d""}}, ""ai_peripheral"": {""first_fail"": {""top_count"": 268, ""top_pct"": 0.4247, ""top_reason"": ""min_dollar_volume""}, ""layer_summary"": {""base_hard"": {""before"": 631, ""pass_rate"": 0.18858954041204437, ""remaining"": 119, ""removed"": 404}, ""quality_or_theme_hard"": {""before"": 353, ""pass_rate"": 0.3371104815864023, ""remaining"": 119, ""removed"": 108}}, ""n_filtered"": 119, ""n_input"": 631, ""n_ranked"": 64, ""near_miss"": {""reasons"": [{""count"": 1, ""layer"": ""valuation_hard"", ""pct"": 0.001584786053882726, ""reason"": ""momentum_min_return_60d""}], ""top_count"": 1, ""top_pct"": 0.001584786053882726, ""top_reason"": ""momentum_min_return_60d""}}, ""core_ai"": {""first_fail"": {""top_count"": 268, ""top_pct"": 0.4247, ""top_reason"": ""min_dollar_volume""}, ""layer_summary"": {""base_hard"": {""before"": 631, ""pass_rate"": 0.13946117274167988, ""remaining"": 88, ""removed"": 435}, ""quality_or_theme_hard"": {""before"": 353, ""pass_rate"": 0.24929178470254956, ""remaining"": 88, ""removed"": 108}}, ""n_filtered"": 88, ""n_input"": 631, ""n_ranked"": 23, ""near_miss"": {""reasons"": [{""count"": 1, ""layer"": ""valuation_hard"", ""pct"": 0.001584786053882726, ""reason"": ""momentum_min_return_20d""}], ""top_count"": 1, ""top_pct"": 0.001584786053882726, ""top_reason"": ""momentum_min_return_20d""}}}",,union_superset_approx
base,replay_base_2023-04-28,2023-04-28T00:00:00+00:00,2023-04-28,research_pool,"['TRGP', 'EME', 'CSX', 'RTX', 'ACN', 'MLM', 'NUE', 'TT', 'UNP', 'GD', 'HII', 'MOS', 'MPC', 'KEYS', 'ALB', 'EXLS', 'DVN', 'BLDR', 'ODFL', 'UFPI', 'AVGO', 'ANET', 'LRCX', 'KLAC', 'CAT', 'ORCL', 'DIS', 'RKLB', 'NOW', 'ADI']",30,0.07172280911567341,up,"{""ai_enabler"": 10, ""ai_peripheral"": 10, ""core_ai"": 10}","{""ai_enabler"": [""TRGP"", ""EME"", ""CSX"", ""RTX"", ""ACN"", ""MLM"", ""NUE"", ""TT"", ""UNP"", ""GD""], ""ai_peripheral"": [""HII"", ""MOS"", ""MPC"", ""KEYS"", ""ALB"", ""EXLS"", ""DVN"", ""BLDR"", ""ODFL"", ""UFPI""], ""core_ai"": [""AVGO"", ""ANET"", ""LRCX"", ""KLAC"", ""CAT"", ""ORCL"", ""DIS"", ""RKLB"", ""NOW"", ""ADI""]}","{""ai_enabler"": {""n_filtered"": 64, ""n_input"": 631, ""n_ranked"": 64, ""priority_counts"": {""left_side_watch"": 2, ""research_now"": 8, ""theme_only"": 50, ""watch_for_pullback"": 4}}, ""ai_peripheral"": {""n_filtered"": 63, ""n_input"": 631, ""n_ranked"": 63, ""priority_counts"": {""left_side_watch"": 4, ""research_now"": 1, ""theme_only"": 58}}, ""core_ai"": {""n_filtered"": 42, ""n_input"": 631, ""n_ranked"": 42, ""priority_counts"": {""left_side_watch"": 4, ""research_now"": 7, ""theme_only"": 22, ""watch_for_pullback"": 9}}}",,union_superset_approx
base,replay_base_2023-05-31,2023-05-31T00:00:00+00:00,2023-05-31,low_value,"['CAT', 'TSLA', 'MCHP', 'ADI', 'TER', 'UNP', 'CSX', 'JCI', 'ETN', 'HII', 'GD', 'ACN', 'MLM', 'PWR']",14,0.15848415158484164,up,"{""ai_enabler"": 10, ""ai_peripheral"": 10, ""core_ai"": 5}","{""ai_enabler"": [""UNP"", ""CSX"", ""CAT"", ""JCI"", ""MCHP"", ""ETN"", ""HII"", ""GD"", ""TSLA"", ""ACN""], ""ai_peripheral"": [""CAT"", ""UNP"", ""CSX"", ""JCI"", ""HII"", ""GD"", ""ETN"", ""ACN"", ""MLM"", ""PWR""], ""core_ai"": [""CAT"", ""TSLA"", ""MCHP"", ""ADI"", ""TER""]}","{""ai_enabler"": {""first_fail"": {""top_count"": 240, ""top_pct"": 0.3797, ""top_reason"": ""min_dollar_volume""}, ""layer_summary"": {""base_hard"": {""before"": 632, ""pass_rate"": 0.30063291139240506, ""remaining"": 190, ""removed"": 251}, ""quality_or_theme_hard"": {""before"": 291, ""pass_rate"": 0.6529209621993127, ""remaining"": 190, ""removed"": 101}, ""valuation_hard"": {""before"": 381, ""pass_rate"": 0.7637795275590551, ""remaining"": 291, ""removed"": 90}}, ""n_filtered"": 190, ""n_input"": 632, ""n_ranked"": 16, ""near_miss"": {""reasons"": [{""count"": 3, ""layer"": ""valuation_hard"", ""pct"": 0.004746835443037975, ""reason"": ""min_value_discount_any""}, {""count"": 2, ""layer"": ""base_hard"", ""pct"": 0.0031645569620253164, ""reason"": ""min_avg_dollar_volume_20d""}, {""count"": 2, ""layer"": ""quality_or_theme_hard"", ""pct"": 0.0031645569620253164, ""reason"": ""min_current_ratio""}, {""count"": 2, ""layer"": ""quality_or_theme_hard"", ""pct"": 0.0031645569620253164, ""reason"": ""min_ai_link_score""}, {""count"": 1, ""layer"": ""quality_or_theme_hard"", ""pct"": 0.0015822784810126582, ""reason"": ""max_receivables_growth_gap""}], ""top_count"": 3, ""top_pct"": 0.004746835443037975, ""top_reason"": ""min_value_discount_any""}}, ""ai_peripheral"": {""first_fail"": {""top_count"": 240, ""top_pct"": 0.3797, ""top_reason"": ""min_dollar_volume""}, ""layer_summary"": {""base_hard"": {""before"": 632, ""pass_rate"": 0.18354430379746836, ""remaining"": 116, ""removed"": 333}, ""quality_or_theme_hard"": {""before"": 304, ""pass_rate"": 0.6513157894736842, ""remaining"": 198, ""removed"": 106}, ""valuation_hard"": {""before"": 381, ""pass_rate"": 0.7979002624671916, ""remaining"": 304, ""removed"": 77}}, ""n_filtered"": 116, ""n_input"": 632, ""n_ranked"": 11, ""near_miss"": {""reasons"": [{""count"": 3, ""layer"": ""base_hard"", ""pct"": 0.004746835443037975, ""reason"": ""channel_bucket_match""}, {""count"": 2, ""layer"": ""quality_or_theme_hard"", ""pct"": 0.0031645569620253164, ""reason"": ""min_current_ratio""}, {""count"": 2, ""layer"": ""quality_or_theme_hard"", ""pct"": 0.0031645569620253164, ""reason"": ""min_ai_link_score""}, {""count"": 1, ""layer"": ""valuation_hard"", ""pct"": 0.0015822784810126582, ""reason"": ""min_return_60d""}, {""count"": 1, ""layer"": ""base_hard"", ""pct"": 0.0015822784810126582, ""reason"": ""min_avg_dollar_volume_20d""}], ""top_count"": 3, ""top_pct"": 0.004746835443037975, ""top_reason"": ""channel_bucket_match""}}, ""core_ai"": {""first_fail"": {""top_count"": 240, ""top_pct"": 0.3797, ""top_reason"": ""min_dollar_volume""}, ""layer_summary"": {""base_hard"": {""before"": 632, ""pass_rate"": 0.060126582278481014, ""remaining"": 38, ""removed"": 385}, ""quality_or_theme_hard"": {""before"": 265, ""pass_rate"": 0.6490566037735849, ""remaining"": 172, ""removed"": 93}, ""valuation_hard"": {""before"": 381, ""pass_rate"": 0.6955380577427821, ""remaining"": 265, ""removed"": 116}}, ""n_filtered"": 38, ""n_input"": 632, ""n_ranked"": 5, ""near_miss"": {""reasons"": [{""count"": 1, ""layer"": ""base_hard"", ""pct"": 0.0015822784810126582, ""reason"": ""min_avg_dollar_volume_20d""}, {""count"": 1, ""layer"": ""quality_or_theme_hard"", ""pct"": 0.0015822784810126582, ""reason"": ""max_receivables_growth_gap""}], ""top_count"": 1, ""top_pct"": 0.0015822784810126582, ""top_reason"": ""min_avg_dollar_volume_20d""}}}",,union_superset_approx
base,replay_base_2023-05-31,2023-05-31T00:00:00+00:00,2023-05-31,industry_trend,"['AVGO', 'LRCX', 'ANET', 'MSFT', 'NVDA', 'TSLA', 'NFLX', 'CSCO', 'AMAT', 'KLAC', 'NOW', 'ETN', 'ACN', 'PWR', 'EQIX', 'UNP', 'CSX', 'CAT', 'VMC', 'UBER', 'LMT']",21,0.15848415158484164,up,"{""ai_enabler"": 10, ""ai_peripheral"": 10, ""core_ai"": 10}","{""ai_enabler"": [""AVGO"", ""ANET"", ""LRCX"", ""NFLX"", ""AMAT"", ""TSLA"", ""KLAC"", ""CSCO"", ""MSFT"", ""NOW""], ""ai_peripheral"": [""ETN"", ""ACN"", ""PWR"", ""EQIX"", ""UNP"", ""CSX"", ""CAT"", ""VMC"", ""UBER"", ""LMT""], ""core_ai"": [""AVGO"", ""LRCX"", ""ANET"", ""MSFT"", ""NVDA"", ""TSLA"", ""NFLX"", ""CSCO"", ""AMAT"", ""KLAC""]}","{""ai_enabler"": {""first_fail"": {""top_count"": 240, ""top_pct"": 0.3797, ""top_reason"": ""min_dollar_volume""}, ""layer_summary"": {""base_hard"": {""before"": 632, ""pass_rate"": 0.4050632911392405, ""remaining"": 256, ""removed"": 251}, ""quality_or_theme_hard"": {""before"": 381, ""pass_rate"": 0.6719160104986877, ""remaining"": 256, ""removed"": 125}}, ""n_filtered"": 256, ""n_input"": 632, ""n_ranked"": 74, ""near_miss"": {""reasons"": [{""count"": 2, ""layer"": ""base_hard"", ""pct"": 0.0031645569620253164, ""reason"": ""trend_min_avg_dollar_volume_20d""}, {""count"": 2, ""layer"": ""valuation_hard"", ""pct"": 0.0031645569620253164, ""reason"": ""max_ps_hist_percentile""}, {""count"": 2, ""layer"": ""quality_or_theme_hard"", ""pct"": 0.0031645569620253164, ""reason"": ""min_ai_link_score""}, {""count"": 1, ""layer"": ""valuation_hard"", ""pct"": 0.0015822784810126582, ""reason"": ""max_ps_percentile_in_sic""}, {""count"": 1, ""layer"": ""valuation_hard"", ""pct"": 0.0015822784810126582, ""reason"": ""trend_min_return_60d""}], ""top_count"": 2, ""top_pct"": 0.0031645569620253164, ""top_reason"": ""trend_min_avg_dollar_volume_20d""}}, ""ai_peripheral"": {""first_fail"": {""top_count"": 240, ""top_pct"": 0.3797, ""top_reason"": ""min_dollar_volume""}, ""layer_summary"": {""base_hard"": {""before"": 632, ""pass_rate"": 0.19462025316455697, ""remaining"": 123, ""removed"": 384}, ""quality_or_theme_hard"": {""before"": 381, ""pass_rate"": 0.3228346456692913, ""remaining"": 123, ""removed"": 125}}, ""n_filtered"": 123, ""n_input"": 632, ""n_ranked"": 61, ""near_miss"": {""reasons"": [{""count"": 6, ""layer"": ""base_hard"", ""pct"": 0.00949367088607595, ""reason"": ""channel_bucket_match""}, {""count"": 4, ""layer"": ""valuation_hard"", ""pct"": 0.006329113924050633, ""reason"": ""trend_min_return_60d""}, {""count"": 1, ""layer"": ""valuation_hard"", ""pct"": 0.0015822784810126582, ""reason"": ""max_ps_hist_percentile""}, {""count"": 1, ""layer"": ""quality_or_theme_hard"", ""pct"": 0.0015822784810126582, ""reason"": ""min_ai_link_score""}], ""top_count"": 6, ""top_pct"": 0.00949367088607595, ""top_reason"": ""channel_bucket_match""}}, ""core_ai"": {""first_fail"": {""top_count"": 240, ""top_pct"": 0.3797, ""top_reason"": ""min_dollar_volume""}, ""layer_summary"": {""base_hard"": {""before"": 632, ""pass_rate"": 0.14240506329113925, ""remaining"": 90, ""removed"": 417}, ""quality_or_theme_hard"": {""before"": 381, ""pass_rate"": 0.23622047244094488, ""remaining"": 90, ""removed"": 125}}, ""n_filtered"": 90, ""n_input"": 632, ""n_ranked"": 24, ""near_miss"": {""reasons"": [{""count"": 2, ""layer"": ""base_hard"", ""pct"": 0.0031645569620253164, ""reason"": ""trend_min_avg_dollar_volume_20d""}, {""count"": 1, ""layer"": ""valuation_hard"", ""pct"": 0.0015822784810126582, ""reason"": ""max_ps_percentile_in_sic""}, {""count"": 1, ""layer"": ""quality_or_theme_hard"", ""pct"": 0.0015822784810126582, ""reason"": ""min_ocf_to_net_income""}], ""top_count"": 2, ""top_pct"": 0.0031645569620253164, ""top_reason"": ""trend_min_avg_dollar_volume_20d""}}}",,union_superset_approx
base,replay_base_2023-05-31,2023-05-31T00:00:00+00:00,2023-05-31,momentum,"['AVGO', 'ANET', 'NVDA', 'LRCX', 'TSLA', 'NFLX', 'KLAC', 'AMAT', 'CSCO', 'MSFT', 'NOW', 'PWR', 'VMC', 'ETN', 'ACN', 'EQIX', 'UBER', 'CSX', 'UNP', 'NSC', 'MLM']",21,0.15848415158484164,up,"{""ai_enabler"": 10, ""ai_peripheral"": 10, ""core_ai"": 10}","{""ai_enabler"": [""AVGO"", ""ANET"", ""LRCX"", ""NFLX"", ""KLAC"", ""TSLA"", ""AMAT"", ""NVDA"", ""CSCO"", ""NOW""], ""ai_peripheral"": [""PWR"", ""VMC"", ""ETN"", ""ACN"", ""EQIX"", ""UBER"", ""CSX"", ""UNP"", ""NSC"", ""MLM""], ""core_ai"": [""AVGO"", ""ANET"", ""NVDA"", ""LRCX"", ""TSLA"", ""NFLX"", ""KLAC"", ""AMAT"", ""CSCO"", ""MSFT""]}","{""ai_enabler"": {""first_fail"": {""top_count"": 240, ""top_pct"": 0.3797, ""top_reason"": ""min_dollar_volume""}, ""layer_summary"": {""base_hard"": {""before"": 632, ""pass_rate"": 0.4050632911392405, ""remaining"": 256, ""removed"": 251}, ""quality_or_theme_hard"": {""before"": 381, ""pass_rate"": 0.6719160104986877, ""remaining"": 256, ""removed"": 125}}, ""n_filtered"": 256, ""n_input"": 632, ""n_ranked"": 74, ""near_miss"": {""reasons"": [{""count"": 2, ""layer"": ""valuation_hard"", ""pct"": 0.0031645569620253164, ""reason"": ""momentum_min_return_60d""}, {""count"": 1, ""layer"": ""quality_or_theme_hard"", ""pct"": 0.0015822784810126582, ""reason"": ""min_interest_coverage""}, {""count"": 1, ""layer"": ""quality_or_theme_hard"", ""pct"": 0.0015822784810126582, ""reason"": ""min_ocf_to_net_income""}, {""count"": 1, ""layer"": ""valuation_hard"", ""pct"": 0.0015822784810126582, ""reason"": ""max_ps_hist_percentile""}], ""top_count"": 2, ""top_pct"": 0.0031645569620253164, ""top_reason"": ""momentum_min_return_60d""}}, ""ai_peripheral"": {""first_fail"": {""top_count"": 240, ""top_pct"": 0.3797, ""top_reason"": ""min_dollar_volume""}, ""layer_summary"": {""base_hard"": {""before"": 632, ""pass_rate"": 0.19462025316455697, ""remaining"": 123, ""removed"": 384}, ""quality_or_theme_hard"": {""before"": 381, ""pass_rate"": 0.3228346456692913, ""remaining"": 123, ""removed"": 125}}, ""n_filtered"": 123, ""n_input"": 632, ""n_ranked"": 61, ""near_miss"": {""reasons"": [{""count"": 3, ""layer"": ""base_hard"", ""pct"": 0.004746835443037975, ""reason"": ""channel_bucket_match""}], ""top_count"": 3, ""top_pct"": 0.004746835443037975, ""top_reason"": ""channel_bucket_match""}}, ""core_ai"": {""first_fail"": {""top_count"": 240, ""top_pct"": 0.3797, ""top_reason"": ""min_dollar_volume""}, ""layer_summary"": {""base_hard"": {""before"": 632, ""pass_rate"": 0.14240506329113925, ""remaining"": 90, ""removed"": 417}, ""quality_or_theme_hard"": {""before"": 381, ""pass_rate"": 0.23622047244094488, ""remaining"": 90, ""removed"": 125}}, ""n_filtered"": 90, ""n_input"": 632, ""n_ranked"": 24, ""near_miss"": {""reasons"": [{""count"": 1, ""layer"": ""valuation_hard"", ""pct"": 0.0015822784810126582, ""reason"": ""momentum_min_return_60d""}, {""count"": 1, ""layer"": ""quality_or_theme_hard"", ""pct"": 0.0015822784810126582, ""reason"": ""min_ocf_to_net_income""}], ""top_count"": 1, ""top_pct"": 0.0015822784810126582, ""top_reason"": ""momentum_min_return_60d""}}}",,union_superset_approx
base,replay_base_2023-05-31,2023-05-31T00:00:00+00:00,2023-05-31,research_pool,"['CSX', 'JCI', 'EME', 'ACN', 'MLM', 'UNP', 'ETN', 'GD', 'AKAM', 'EQIX', 'HII', 'CVCO', 'EXLS', 'MPC', 'MOS', 'CW', 'CF', 'GPK', 'IBP', 'IESC', 'AVGO', 'ANET', 'LRCX', 'KLAC', 'CAT', 'NOW', 'RKLB', 'MCHP', 'TSLA', 'ORCL']",30,0.15848415158484164,up,"{""ai_enabler"": 10, ""ai_peripheral"": 10, ""core_ai"": 10}","{""ai_enabler"": [""CSX"", ""JCI"", ""EME"", ""ACN"", ""MLM"", ""UNP"", ""ETN"", ""GD"", ""AKAM"", ""EQIX""], ""ai_peripheral"": [""HII"", ""CVCO"", ""EXLS"", ""MPC"", ""MOS"", ""CW"", ""CF"", ""GPK"", ""IBP"", ""IESC""], ""core_ai"": [""AVGO"", ""ANET"", ""LRCX"", ""KLAC"", ""CAT"", ""NOW"", ""RKLB"", ""MCHP"", ""TSLA"", ""ORCL""]}","{""ai_enabler"": {""n_filtered"": 64, ""n_input"": 632, ""n_ranked"": 64, ""priority_counts"": {""left_side_watch"": 6, ""research_now"": 4, ""theme_only"": 46, ""watch_for_pullback"": 8}}, ""ai_peripheral"": {""n_filtered"": 56, ""n_input"": 632, ""n_ranked"": 56, ""priority_counts"": {""left_side_watch"": 8, ""research_now"": 1, ""theme_only"": 47}}, ""core_ai"": {""n_filtered"": 45, ""n_input"": 632, ""n_ranked"": 45, ""priority_counts"": {""left_side_watch"": 1, ""research_now"": 5, ""theme_only"": 24, ""watch_for_pullback"": 15}}}",,union_superset_approx
base,replay_base_2023-06-30,2023-06-30T00:00:00+00:00,2023-06-30,low_value,"['CAT', 'DIS', 'UNP', 'CSX', 'RTX', 'GD', 'NUE', 'HII', 'ACN', 'TXN', 'JCI', 'TT']",12,0.1580514250795193,up,"{""ai_enabler"": 10, ""ai_peripheral"": 10, ""core_ai"": 2}","{""ai_enabler"": [""UNP"", ""CSX"", ""CAT"", ""RTX"", ""GD"", ""NUE"", ""HII"", ""DIS"", ""ACN"", ""TXN""], ""ai_peripheral"": [""UNP"", ""CAT"", ""CSX"", ""JCI"", ""RTX"", ""GD"", ""NUE"", ""HII"", ""ACN"", ""TT""], ""core_ai"": [""CAT"", ""DIS""]}","{""ai_enabler"": {""first_fail"": {""top_count"": 282, ""top_pct"": 0.4455, ""top_reason"": ""min_dollar_volume""}, ""layer_summary"": {""base_hard"": {""before"": 633, ""pass_rate"": 0.21484992101105846, ""remaining"": 136, ""removed"": 290}, ""quality_or_theme_hard"": {""before"": 184, ""pass_rate"": 0.7391304347826086, ""remaining"": 136, ""removed"": 48}, ""valuation_hard"": {""before"": 343, ""pass_rate"": 0.5364431486880467, ""remaining"": 184, ""removed"": 159}}, ""n_filtered"": 136, ""n_input"": 633, ""n_ranked"": 10, ""near_miss"": {""reasons"": [{""count"": 2, ""layer"": ""base_hard"", ""pct"": 0.00315955766192733, ""reason"": ""min_avg_dollar_volume_20d""}, {""count"": 2, ""layer"": ""quality_or_theme_hard"", ""pct"": 0.00315955766192733, ""reason"": ""min_ai_link_score""}, {""count"": 2, ""layer"": ""valuation_hard"", ""pct"": 0.00315955766192733, ""reason"": ""min_value_discount_any""}, {""count"": 1, ""layer"": ""quality_or_theme_hard"", ""pct"": 0.001579778830963665, ""reason"": ""min_net_income_yoy""}, {""count"": 1, ""layer"": ""valuation_hard"", ""pct"": 0.001579778830963665, ""reason"": ""max_price_to_sma200""}], ""top_count"": 2, ""top_pct"": 0.00315955766192733, ""top_reason"": ""min_avg_dollar_volume_20d""}}, ""ai_peripheral"": {""first_fail"": {""top_count"": 282, ""top_pct"": 0.4455, ""top_reason"": ""min_dollar_volume""}, ""layer_summary"": {""base_hard"": {""before"": 633, ""pass_rate"": 0.13744075829383887, ""remaining"": 87, ""removed"": 351}, ""quality_or_theme_hard"": {""before"": 199, ""pass_rate"": 0.7437185929648241, ""remaining"": 148, ""removed"": 51}, ""valuation_hard"": {""before"": 343, ""pass_rate"": 0.5801749271137027, ""remaining"": 199, ""removed"": 144}}, ""n_filtered"": 87, ""n_input"": 633, ""n_ranked"": 10, ""near_miss"": {""reasons"": [{""count"": 2, ""layer"": ""valuation_hard"", ""pct"": 0.00315955766192733, ""reason"": ""max_20d_return""}, {""count"": 2, ""layer"": ""base_hard"", ""pct"": 0.00315955766192733, ""reason"": ""min_avg_dollar_volume_20d""}, {""count"": 2, ""layer"": ""quality_or_theme_hard"", ""pct"": 0.00315955766192733, ""reason"": ""min_current_ratio""}, {""count"": 2, ""layer"": ""base_hard"", ""pct"": 0.00315955766192733, ""reason"": ""channel_bucket_match""}, {""count"": 2, ""layer"": ""quality_or_theme_hard"", ""pct"": 0.00315955766192733, ""reason"": ""min_ai_link_score""}], ""top_count"": 2, ""top_pct"": 0.00315955766192733, ""top_reason"": ""max_20d_return""}}, ""core_ai"": {""first_fail"": {""top_count"": 282, ""top_pct"": 0.4455, ""top_reason"": ""min_dollar_volume""}, ""layer_summary"": {""base_hard"": {""before"": 633, ""pass_rate"": 0.037914691943127965, ""remaining"": 24, ""removed"": 388}, ""quality_or_theme_hard"": {""before"": 166, ""pass_rate"": 0.7349397590361446, ""remaining"": 122, ""removed"": 44}, ""valuation_hard"": {""before"": 343, ""pass_rate"": 0.4839650145772595, ""remaining"": 166, ""removed"": 177}}, ""n_filtered"": 24, ""n_input"": 633, ""n_ranked"": 2, ""near_miss"": {""reasons"": [], ""top_count"": 0, ""top_pct"": 0.0, ""top_reason"": """"}}}",,union_superset_approx
base,replay_base_2023-06-30,2023-06-30T00:00:00+00:00,2023-06-30,industry_trend,"['AVGO', 'TSLA', 'ORCL', 'NFLX', 'MSFT', 'CAT', 'DE', 'CSCO', 'AMAT', 'KLAC', 'ETN', 'MCHP', 'PH', 'CSX', 'PWR', 'NUE', 'UPS', 'EMR', 'UNP']",19,0.1580514250795193,up,"{""ai_enabler"": 10, ""ai_peripheral"": 10, ""core_ai"": 10}","{""ai_enabler"": [""AVGO"", ""TSLA"", ""CAT"", ""ORCL"", ""DE"", ""ETN"", ""NFLX"", ""AMAT"", ""KLAC"", ""MCHP""], ""ai_peripheral"": [""CAT"", ""DE"", ""ETN"", ""PH"", ""CSX"", ""PWR"", ""NUE"", ""UPS"", ""EMR"", ""UNP""], ""core_ai"": [""AVGO"", ""TSLA"", ""ORCL"", ""NFLX"", ""MSFT"", ""CAT"", ""DE"", ""CSCO"", ""AMAT"", ""KLAC""]}","{""ai_enabler"": {""first_fail"": {""top_count"": 282, ""top_pct"": 0.4455, ""top_reason"": ""min_dollar_volume""}, ""layer_summary"": {""base_hard"": {""before"": 633, ""pass_rate"": 0.39968404423380727, ""remaining"": 253, ""removed"": 290}, ""quality_or_theme_hard"": {""before"": 343, ""pass_rate"": 0.7376093294460642, ""remaining"": 253, ""removed"": 90}}, ""n_filtered"": 253, ""n_input"": 633, ""n_ranked"": 77, ""near_miss"": {""reasons"": [{""count"": 3, ""layer"": ""valuation_hard"", ""pct"": 0.004739336492890996, ""reason"": ""trend_min_return_60d""}, {""count"": 3, ""layer"": ""valuation_hard"", ""pct"": 0.004739336492890996, ""reason"": ""max_ps_hist_percentile""}, {""count"": 2, ""layer"": ""base_hard"", ""pct"": 0.00315955766192733, ""reason"": ""trend_min_avg_dollar_volume_20d""}, {""count"": 2, ""layer"": ""quality_or_theme_hard"", ""pct"": 0.00315955766192733, ""reason"": ""min_ai_link_score""}, {""count"": 1, ""layer"": ""quality_or_theme_hard"", ""pct"": 0.001579778830963665, ""reason"": ""max_ev_to_ebit""}], ""top_count"": 3, ""top_pct"": 0.004739336492890996, ""top_reason"": ""trend_min_return_60d""}}, ""ai_peripheral"": {""first_fail"": {""top_count"": 282, ""top_pct"": 0.4455, ""top_reason"": ""min_dollar_volume""}, ""layer_summary"": {""base_hard"": {""before"": 633, ""pass_rate"": 0.1895734597156398, ""remaining"": 120, ""removed"": 423}, ""quality_or_theme_hard"": {""before"": 343, ""pass_rate"": 0.3498542274052478, ""remaining"": 120, ""removed"": 90}}, ""n_filtered"": 120, ""n_input"": 633, ""n_ranked"": 62, ""near_miss"": {""reasons"": [{""count"": 4, ""layer"": ""base_hard"", ""pct"": 0.00631911532385466, ""reason"": ""channel_bucket_match""}, {""count"": 2, ""layer"": ""base_hard"", ""pct"": 0.00315955766192733, ""reason"": ""trend_min_avg_dollar_volume_20d""}, {""count"": 2, ""layer"": ""quality_or_theme_hard"", ""pct"": 0.00315955766192733, ""reason"": ""min_current_ratio""}, {""count"": 2, ""layer"": ""quality_or_theme_hard"", ""pct"": 0.00315955766192733, ""reason"": ""min_ai_link_score""}, {""count"": 1, ""layer"": ""valuation_hard"", ""pct"": 0.001579778830963665, ""reason"": ""max_ps_hist_percentile""}], ""top_count"": 4, ""top_pct"": 0.00631911532385466, ""top_reason"": ""channel_bucket_match""}}, ""core_ai"": {""first_fail"": {""top_count"": 282, ""top_pct"": 0.4455, ""top_reason"": ""min_dollar_volume""}, ""layer_summary"": {""base_hard"": {""before"": 633, ""pass_rate"": 0.14218009478672985, ""remaining"": 90, ""removed"": 453}, ""quality_or_theme_hard"": {""before"": 343, ""pass_rate"": 0.26239067055393583, ""remaining"": 90, ""removed"": 90}}, ""n_filtered"": 90, ""n_input"": 633, ""n_ranked"": 25, ""near_miss"": {""reasons"": [{""count"": 2, ""layer"": ""base_hard"", ""pct"": 0.00315955766192733, ""reason"": ""trend_min_avg_dollar_volume_20d""}, {""count"": 1, ""layer"": ""valuation_hard"", ""pct"": 0.001579778830963665, ""reason"": ""max_ps_percentile_in_sic""}, {""count"": 1, ""layer"": ""quality_or_theme_hard"", ""pct"": 0.001579778830963665, ""reason"": ""min_ai_link_score""}], ""top_count"": 2, ""top_pct"": 0.00315955766192733, ""top_reason"": ""trend_min_avg_dollar_volume_20d""}}}",,union_superset_approx
base,replay_base_2023-06-30,2023-06-30T00:00:00+00:00,2023-06-30,momentum,"['AVGO', 'CAT', 'ORCL', 'TSLA', 'MCHP', 'DE', 'NFLX', 'KLAC', 'CSCO', 'AMAT', 'PWR', 'ETN', 'NUE', 'PH', 'CSX', 'STLD', 'EMR', 'VMC']",18,0.1580514250795193,up,"{""ai_enabler"": 10, ""ai_peripheral"": 10, ""core_ai"": 10}","{""ai_enabler"": [""CAT"", ""TSLA"", ""AVGO"", ""ORCL"", ""PWR"", ""MCHP"", ""ETN"", ""DE"", ""NUE"", ""PH""], ""ai_peripheral"": [""CAT"", ""DE"", ""ETN"", ""NUE"", ""PH"", ""PWR"", ""CSX"", ""STLD"", ""EMR"", ""VMC""], ""core_ai"": [""AVGO"", ""CAT"", ""ORCL"", ""TSLA"", ""MCHP"", ""DE"", ""NFLX"", ""KLAC"", ""CSCO"", ""AMAT""]}","{""ai_enabler"": {""first_fail"": {""top_count"": 282, ""top_pct"": 0.4455, ""top_reason"": ""min_dollar_volume""}, ""layer_summary"": {""base_hard"": {""before"": 633, ""pass_rate"": 0.39968404423380727, ""remaining"": 253, ""removed"": 290}, ""quality_or_theme_hard"": {""before"": 343, ""pass_rate"": 0.7376093294460642, ""remaining"": 253, ""removed"": 90}}, ""n_filtered"": 253, ""n_input"": 633, ""n_ranked"": 77, ""near_miss"": {""reasons"": [{""count"": 1, ""layer"": ""valuation_hard"", ""pct"": 0.001579778830963665, ""reason"": ""momentum_min_return_20d""}, {""count"": 1, ""layer"": ""valuation_hard"", ""pct"": 0.001579778830963665, ""reason"": ""momentum_min_return_60d""}, {""count"": 1, ""layer"": ""quality_or_theme_hard"", ""pct"": 0.001579778830963665, ""reason"": ""min_interest_coverage""}, {""count"": 1, ""layer"": ""valuation_hard"", ""pct"": 0.001579778830963665, ""reason"": ""max_ps_hist_percentile""}, {""count"": 1, ""layer"": ""quality_or_theme_hard"", ""pct"": 0.001579778830963665, ""reason"": ""min_ai_link_score""}], ""top_count"": 1, ""top_pct"": 0.001579778830963665, ""top_reason"": ""momentum_min_return_20d""}}, ""ai_peripheral"": {""first_fail"": {""top_count"": 282, ""top_pct"": 0.4455, ""top_reason"": ""min_dollar_volume""}, ""layer_summary"": {""base_hard"": {""before"": 633, ""pass_rate"": 0.1895734597156398, ""remaining"": 120, ""removed"": 423}, ""quality_or_theme_hard"": {""before"": 343, ""pass_rate"": 0.3498542274052478, ""remaining"": 120, ""removed"": 90}}, ""n_filtered"": 120, ""n_input"": 633, ""n_ranked"": 62, ""near_miss"": {""reasons"": [{""count"": 4, ""layer"": ""base_hard"", ""pct"": 0.00631911532385466, ""reason"": ""channel_bucket_match""}, {""count"": 1, ""layer"": ""valuation_hard"", ""pct"": 0.001579778830963665, ""reason"": ""momentum_min_return_60d""}, {""count"": 1, ""layer"": ""quality_or_theme_hard"", ""pct"": 0.001579778830963665, ""reason"": ""min_current_ratio""}, {""count"": 1, ""layer"": ""valuation_hard"", ""pct"": 0.001579778830963665, ""reason"": ""max_pe_hist_percentile""}, {""count"": 1, ""layer"": ""quality_or_theme_hard"", ""pct"": 0.001579778830963665, ""reason"": ""min_ai_link_score""}], ""top_count"": 4, ""top_pct"": 0.00631911532385466, ""top_reason"": ""channel_bucket_match""}}, ""core_ai"": {""first_fail"": {""top_count"": 282, ""top_pct"": 0.4455, ""top_reason"": ""min_dollar_volume""}, ""layer_summary"": {""base_hard"": {""before"": 633, ""pass_rate"": 0.14218009478672985, ""remaining"": 90, ""removed"": 453}, ""quality_or_theme_hard"": {""before"": 343, ""pass_rate"": 0.26239067055393583, ""remaining"": 90, ""removed"": 90}}, ""n_filtered"": 90, ""n_input"": 633, ""n_ranked"": 25, ""near_miss"": {""reasons"": [{""count"": 1, ""layer"": ""valuation_hard"", ""pct"": 0.001579778830963665, ""reason"": ""momentum_min_return_20d""}], ""top_count"": 1, ""top_pct"": 0.001579778830963665, ""top_reason"": ""momentum_min_return_20d""}}}",,union_superset_approx
base,replay_base_2023-06-30,2023-06-30T00:00:00+00:00,2023-06-30,research_pool,"['EME', 'ATI', 'JCI', 'RTX', 'CSX', 'UNP', 'ACN', 'NUE', 'TT', 'ETN', 'HII', 'IESC', 'EXLS', 'MPC', 'ODFL', 'MOS', 'VLO', 'DAL', 'DVN', 'LYFT', 'AVGO', 'ANET', 'KLAC', 'LRCX', 'CAT', 'NXPI', 'DIS', 'NOW', 'ON', 'TSLA']",30,0.1580514250795193,up,"{""ai_enabler"": 10, ""ai_peripheral"": 10, ""core_ai"": 10}","{""ai_enabler"": [""EME"", ""ATI"", ""JCI"", ""RTX"", ""CSX"", ""UNP"", ""ACN"", ""NUE"", ""TT"", ""ETN""], ""ai_peripheral"": [""HII"", ""IESC"", ""EXLS"", ""MPC"", ""ODFL"", ""MOS"", ""VLO"", ""DAL"", ""DVN"", ""LYFT""], ""core_ai"": [""AVGO"", ""ANET"", ""KLAC"", ""LRCX"", ""CAT"", ""NXPI"", ""DIS"", ""NOW"", ""ON"", ""TSLA""]}","{""ai_enabler"": {""n_filtered"": 72, ""n_input"": 633, ""n_ranked"": 72, ""priority_counts"": {""research_now"": 9, ""theme_only"": 59, ""watch_for_pullback"": 4}}, ""ai_peripheral"": {""n_filtered"": 68, ""n_input"": 633, ""n_ranked"": 68, ""priority_counts"": {""research_now"": 1, ""theme_only"": 67}}, ""core_ai"": {""n_filtered"": 42, ""n_input"": 633, ""n_ranked"": 42, ""priority_counts"": {""research_now"": 7, ""theme_only"": 20, ""watch_for_pullback"": 15}}}",,union_superset_approx
base,replay_base_2023-07-31,2023-07-31T00:00:00+00:00,2023-07-31,low_value,"['ANET', 'QCOM', 'DIS', 'ZM', 'CSX', 'LMT', 'UNP', 'GD', 'NUE', 'TXN', 'TER']",11,0.20940271935214505,up,"{""ai_enabler"": 10, ""ai_peripheral"": 5, ""core_ai"": 4}","{""ai_enabler"": [""ANET"", ""QCOM"", ""CSX"", ""LMT"", ""UNP"", ""GD"", ""NUE"", ""DIS"", ""TXN"", ""TER""], ""ai_peripheral"": [""CSX"", ""LMT"", ""UNP"", ""GD"", ""NUE""], ""core_ai"": [""ANET"", ""QCOM"", ""DIS"", ""ZM""]}","{""ai_enabler"": {""first_fail"": {""top_count"": 265, ""top_pct"": 0.4186, ""top_reason"": ""min_dollar_volume""}, ""layer_summary"": {""base_hard"": {""before"": 633, ""pass_rate"": 0.1990521327014218, ""remaining"": 126, ""removed"": 271}, ""quality_or_theme_hard"": {""before"": 193, ""pass_rate"": 0.6528497409326425, ""remaining"": 126, ""removed"": 67}, ""valuation_hard"": {""before"": 362, ""pass_rate"": 0.5331491712707183, ""remaining"": 193, ""removed"": 169}}, ""n_filtered"": 126, ""n_input"": 633, ""n_ranked"": 11, ""near_miss"": {""reasons"": [{""count"": 1, ""layer"": ""quality_or_theme_hard"", ""pct"": 0.001579778830963665, ""reason"": ""min_net_income_yoy""}, {""count"": 1, ""layer"": ""valuation_hard"", ""pct"": 0.001579778830963665, ""reason"": ""min_return_20d""}, {""count"": 1, ""layer"": ""quality_or_theme_hard"", ""pct"": 0.001579778830963665, ""reason"": ""min_ocf_to_net_income""}, {""count"": 1, ""layer"": ""valuation_hard"", ""pct"": 0.001579778830963665, ""reason"": ""max_ps_hist_percentile""}, {""count"": 1, ""layer"": ""valuation_hard"", ""pct"": 0.001579778830963665, ""reason"": ""max_pe_hist_percentile""}], ""top_count"": 1, ""top_pct"": 0.001579778830963665, ""top_reason"": ""min_net_income_yoy""}}, ""ai_peripheral"": {""first_fail"": {""top_count"": 265, ""top_pct"": 0.4186, ""top_reason"": ""min_dollar_volume""}, ""layer_summary"": {""base_hard"": {""before"": 633, ""pass_rate"": 0.12796208530805686, ""remaining"": 81, ""removed"": 330}, ""quality_or_theme_hard"": {""before"": 212, ""pass_rate"": 0.660377358490566, ""remaining"": 140, ""removed"": 72}, ""valuation_hard"": {""before"": 362, ""pass_rate"": 0.585635359116022, ""remaining"": 212, ""removed"": 150}}, ""n_filtered"": 81, ""n_input"": 633, ""n_ranked"": 5, ""near_miss"": {""reasons"": [{""count"": 2, ""layer"": ""quality_or_theme_hard"", ""pct"": 0.00315955766192733, ""reason"": ""min_net_income_yoy""}, {""count"": 1, ""layer"": ""valuation_hard"", ""pct"": 0.001579778830963665, ""reason"": ""min_return_20d""}, {""count"": 1, ""layer"": ""base_hard"", ""pct"": 0.001579778830963665, ""reason"": ""min_avg_dollar_volume_20d""}, {""count"": 1, ""layer"": ""quality_or_theme_hard"", ""pct"": 0.001579778830963665, ""reason"": ""min_current_ratio""}, {""count"": 1, ""layer"": ""valuation_hard"", ""pct"": 0.001579778830963665, ""reason"": ""max_pe_hist_percentile""}], ""top_count"": 2, ""top_pct"": 0.00315955766192733, ""top_reason"": ""min_net_income_yoy""}}, ""core_ai"": {""first_fail"": {""top_count"": 265, ""top_pct"": 0.4186, ""top_reason"": ""min_dollar_volume""}, ""layer_summary"": {""base_hard"": {""before"": 633, ""pass_rate"": 0.02527646129541864, ""remaining"": 16, ""removed"": 351}, ""quality_or_theme_hard"": {""before"": 154, ""pass_rate"": 0.6233766233766234, ""remaining"": 96, ""removed"": 58}, ""valuation_hard"": {""before"": 362, ""pass_rate"": 0.425414364640884, ""remaining"": 154, ""removed"": 208}}, ""n_filtered"": 16, ""n_input"": 633, ""n_ranked"": 4, ""near_miss"": {""reasons"": [{""count"": 1, ""layer"": ""base_hard"", ""pct"": 0.001579778830963665, ""reason"": ""channel_bucket_match""}], ""top_count"": 1, ""top_pct"": 0.001579778830963665, ""top_reason"": ""channel_bucket_match""}}}",,union_superset_approx
base,replay_base_2023-07-31,2023-07-31T00:00:00+00:00,2023-07-31,industry_trend,"['GOOGL', 'AVGO', 'LRCX', 'MSFT', 'CAT', 'ON', 'CRM', 'KLAC', 'NVDA', 'CSCO', 'UNP', 'QCOM', 'ABNB', 'DE', 'BA', 'UBER', 'ETN', 'PYPL', 'PH', 'GD', 'CSX']",21,0.20940271935214505,up,"{""ai_enabler"": 10, ""ai_peripheral"": 10, ""core_ai"": 10}","{""ai_enabler"": [""UNP"", ""LRCX"", ""AVGO"", ""GOOGL"", ""CAT"", ""KLAC"", ""ON"", ""QCOM"", ""CRM"", ""ABNB""], ""ai_peripheral"": [""UNP"", ""CAT"", ""DE"", ""BA"", ""UBER"", ""ETN"", ""PYPL"", ""PH"", ""GD"", ""CSX""], ""core_ai"": [""GOOGL"", ""AVGO"", ""LRCX"", ""MSFT"", ""CAT"", ""ON"", ""CRM"", ""KLAC"", ""NVDA"", ""CSCO""]}","{""ai_enabler"": {""first_fail"": {""top_count"": 265, ""top_pct"": 0.4186, ""top_reason"": ""min_dollar_volume""}, ""layer_summary"": {""base_hard"": {""before"": 633, ""pass_rate"": 0.3902053712480253, ""remaining"": 247, ""removed"": 271}, ""quality_or_theme_hard"": {""before"": 362, ""pass_rate"": 0.6823204419889503, ""remaining"": 247, ""removed"": 115}}, ""n_filtered"": 247, ""n_input"": 633, ""n_ranked"": 78, ""near_miss"": {""reasons"": [{""count"": 3, ""layer"": ""base_hard"", ""pct"": 0.004739336492890996, ""reason"": ""trend_min_avg_dollar_volume_20d""}, {""count"": 3, ""layer"": ""valuation_hard"", ""pct"": 0.004739336492890996, ""reason"": ""max_ps_hist_percentile""}, {""count"": 2, ""layer"": ""quality_or_theme_hard"", ""pct"": 0.00315955766192733, ""reason"": ""min_net_income_yoy""}, {""count"": 2, ""layer"": ""valuation_hard"", ""pct"": 0.00315955766192733, ""reason"": ""trend_min_return_60d""}, {""count"": 2, ""layer"": ""quality_or_theme_hard"", ""pct"": 0.00315955766192733, ""reason"": ""min_ai_link_score""}], ""top_count"": 3, ""top_pct"": 0.004739336492890996, ""top_reason"": ""trend_min_avg_dollar_volume_20d""}}, ""ai_peripheral"": {""first_fail"": {""top_count"": 265, ""top_pct"": 0.4186, ""top_reason"": ""min_dollar_volume""}, ""layer_summary"": {""base_hard"": {""before"": 633, ""pass_rate"": 0.1848341232227488, ""remaining"": 117, ""removed"": 401}, ""quality_or_theme_hard"": {""before"": 362, ""pass_rate"": 0.32320441988950277, ""remaining"": 117, ""removed"": 115}}, ""n_filtered"": 117, ""n_input"": 633, ""n_ranked"": 62, ""near_miss"": {""reasons"": [{""count"": 3, ""layer"": ""base_hard"", ""pct"": 0.004739336492890996, ""reason"": ""channel_bucket_match""}, {""count"": 2, ""layer"": ""quality_or_theme_hard"", ""pct"": 0.00315955766192733, ""reason"": ""min_net_income_yoy""}, {""count"": 2, ""layer"": ""base_hard"", ""pct"": 0.00315955766192733, ""reason"": ""trend_min_avg_dollar_volume_20d""}, {""count"": 2, ""layer"": ""valuation_hard"", ""pct"": 0.00315955766192733, ""reason"": ""max_ps_hist_percentile""}, {""count"": 1, ""layer"": ""valuation_hard"", ""pct"": 0.001579778830963665, ""reason"": ""max_ps_percentile_in_sic""}], ""top_count"": 3, ""top_pct"": 0.004739336492890996, ""top_reason"": ""channel_bucket_match""}}, ""core_ai"": {""first_fail"": {""top_count"": 265, ""top_pct"": 0.4186, ""top_reason"": ""min_dollar_volume""}, ""layer_summary"": {""base_hard"": {""before"": 633, ""pass_rate"": 0.14375987361769352, ""remaining"": 91, ""removed"": 427}, ""quality_or_theme_hard"": {""before"": 362, ""pass_rate"": 0.2513812154696133, ""remaining"": 91, ""removed"": 115}}, ""n_filtered"": 91, ""n_input"": 633, ""n_ranked"": 26, ""near_miss"": {""reasons"": [{""count"": 1, ""layer"": ""quality_or_theme_hard"", ""pct"": 0.001579778830963665, ""reason"": ""max_ev_to_ebit""}, {""count"": 1, ""layer"": ""base_hard"", ""pct"": 0.001579778830963665, ""reason"": ""channel_bucket_match""}, {""count"": 1, ""layer"": ""quality_or_theme_hard"", ""pct"": 0.001579778830963665, ""reason"": ""min_ai_link_score""}], ""top_count"": 1, ""top_pct"": 0.001579778830963665, ""top_reason"": ""max_ev_to_ebit""}}}",,union_superset_approx
base,replay_base_2023-07-31,2023-07-31T00:00:00+00:00,2023-07-31,momentum,"['GOOGL', 'LRCX', 'AVGO', 'CAT', 'ON', 'KLAC', 'CRM', 'SMCI', 'NVDA', 'META', 'UNP', 'QCOM', 'ABNB', 'DE', 'UBER', 'BA', 'PYPL', 'FCX', 'ETN', 'NUE', 'PWR']",21,0.20940271935214505,up,"{""ai_enabler"": 10, ""ai_peripheral"": 10, ""core_ai"": 10}","{""ai_enabler"": [""UNP"", ""LRCX"", ""GOOGL"", ""CAT"", ""AVGO"", ""ON"", ""KLAC"", ""QCOM"", ""ABNB"", ""META""], ""ai_peripheral"": [""UNP"", ""CAT"", ""DE"", ""UBER"", ""BA"", ""PYPL"", ""FCX"", ""ETN"", ""NUE"", ""PWR""], ""core_ai"": [""GOOGL"", ""LRCX"", ""AVGO"", ""CAT"", ""ON"", ""KLAC"", ""CRM"", ""SMCI"", ""NVDA"", ""META""]}","{""ai_enabler"": {""first_fail"": {""top_count"": 265, ""top_pct"": 0.4186, ""top_reason"": ""min_dollar_volume""}, ""layer_summary"": {""base_hard"": {""before"": 633, ""pass_rate"": 0.3902053712480253, ""remaining"": 247, ""removed"": 271}, ""quality_or_theme_hard"": {""before"": 362, ""pass_rate"": 0.6823204419889503, ""remaining"": 247, ""removed"": 115}}, ""n_filtered"": 247, ""n_input"": 633, ""n_ranked"": 78, ""near_miss"": {""reasons"": [{""count"": 2, ""layer"": ""valuation_hard"", ""pct"": 0.00315955766192733, ""reason"": ""momentum_min_return_20d""}, {""count"": 2, ""layer"": ""valuation_hard"", ""pct"": 0.00315955766192733, ""reason"": ""max_ps_hist_percentile""}, {""count"": 2, ""layer"": ""quality_or_theme_hard"", ""pct"": 0.00315955766192733, ""reason"": ""min_ai_link_score""}, {""count"": 1, ""layer"": ""quality_or_theme_hard"", ""pct"": 0.001579778830963665, ""reason"": ""min_net_income_yoy""}, {""count"": 1, ""layer"": ""base_hard"", ""pct"": 0.001579778830963665, ""reason"": ""momentum_min_avg_dollar_volume_20d""}], ""top_count"": 2, ""top_pct"": 0.00315955766192733, ""top_reason"": ""momentum_min_return_20d""}}, ""ai_peripheral"": {""first_fail"": {""top_count"": 265, ""top_pct"": 0.4186, ""top_reason"": ""min_dollar_volume""}, ""layer_summary"": {""base_hard"": {""before"": 633, ""pass_rate"": 0.1848341232227488, ""remaining"": 117, ""removed"": 401}, ""quality_or_theme_hard"": {""before"": 362, ""pass_rate"": 0.32320441988950277, ""remaining"": 117, ""removed"": 115}}, ""n_filtered"": 117, ""n_input"": 633, ""n_ranked"": 62, ""near_miss"": {""reasons"": [{""count"": 3, ""layer"": ""base_hard"", ""pct"": 0.004739336492890996, ""reason"": ""channel_bucket_match""}, {""count"": 2, ""layer"": ""valuation_hard"", ""pct"": 0.00315955766192733, ""reason"": ""max_ps_hist_percentile""}, {""count"": 1, ""layer"": ""quality_or_theme_hard"", ""pct"": 0.001579778830963665, ""reason"": ""min_net_income_yoy""}, {""count"": 1, ""layer"": ""valuation_hard"", ""pct"": 0.001579778830963665, ""reason"": ""momentum_min_price_to_sma200""}, {""count"": 1, ""layer"": ""quality_or_theme_hard"", ""pct"": 0.001579778830963665, ""reason"": ""min_current_ratio""}], ""top_count"": 3, ""top_pct"": 0.004739336492890996, ""top_reason"": ""channel_bucket_match""}}, ""core_ai"": {""first_fail"": {""top_count"": 265, ""top_pct"": 0.4186, ""top_reason"": ""min_dollar_volume""}, ""layer_summary"": {""base_hard"": {""before"": 633, ""pass_rate"": 0.14375987361769352, ""remaining"": 91, ""removed"": 427}, ""quality_or_theme_hard"": {""before"": 362, ""pass_rate"": 0.2513812154696133, ""remaining"": 91, ""removed"": 115}}, ""n_filtered"": 91, ""n_input"": 633, ""n_ranked"": 26, ""near_miss"": {""reasons"": [{""count"": 2, ""layer"": ""valuation_hard"", ""pct"": 0.00315955766192733, ""reason"": ""max_ps_hist_percentile""}, {""count"": 1, ""layer"": ""valuation_hard"", ""pct"": 0.001579778830963665, ""reason"": ""momentum_min_return_20d""}, {""count"": 1, ""layer"": ""quality_or_theme_hard"", ""pct"": 0.001579778830963665, ""reason"": ""min_ai_link_score""}], ""top_count"": 2, ""top_pct"": 0.00315955766192733, ""top_reason"": ""max_ps_hist_percentile""}}}",,union_superset_approx
base,replay_base_2023-07-31,2023-07-31T00:00:00+00:00,2023-07-31,research_pool,"['TRGP', 'EME', 'LMT', 'ATI', 'JCI', 'CSX', 'TT', 'NUE', 'QLYS', 'AKAM', 'HII', 'EXLS', 'EEFT', 'MPC', 'IESC', 'ALB', 'MOS', 'SLB', 'ODFL', 'DVN', 'AVGO', 'ANET', 'LRCX', 'KLAC', 'DIS', 'CAT', 'QCOM', 'NOW', 'MCHP', 'TSLA']",30,0.20940271935214505,up,"{""ai_enabler"": 10, ""ai_peripheral"": 10, ""core_ai"": 10}","{""ai_enabler"": [""TRGP"", ""EME"", ""LMT"", ""ATI"", ""JCI"", ""CSX"", ""TT"", ""NUE"", ""QLYS"", ""AKAM""], ""ai_peripheral"": [""HII"", ""EXLS"", ""EEFT"", ""MPC"", ""IESC"", ""ALB"", ""MOS"", ""SLB"", ""ODFL"", ""DVN""], ""core_ai"": [""AVGO"", ""ANET"", ""LRCX"", ""KLAC"", ""DIS"", ""CAT"", ""QCOM"", ""NOW"", ""MCHP"", ""TSLA""]}","{""ai_enabler"": {""n_filtered"": 65, ""n_input"": 633, ""n_ranked"": 65, ""priority_counts"": {""left_side_watch"": 1, ""research_now"": 8, ""theme_only"": 52, ""watch_for_pullback"": 4}}, ""ai_peripheral"": {""n_filtered"": 57, ""n_input"": 633, ""n_ranked"": 57, ""priority_counts"": {""left_side_watch"": 2, ""research_now"": 1, ""theme_only"": 54}}, ""core_ai"": {""n_filtered"": 45, ""n_input"": 633, ""n_ranked"": 45, ""priority_counts"": {""research_now"": 7, ""theme_only"": 22, ""watch_for_pullback"": 16}}}",,union_superset_approx
base,replay_base_2023-08-31,2023-08-31T00:00:00+00:00,2023-08-31,low_value,"['PYPL', 'MCHP', 'ADI', 'LMT', 'JCI', 'UNP', 'RTX', 'NXPI', 'MSFT', 'GD', 'ABNB', 'CAT', 'VMC', 'NUE', 'MLM']",15,0.06465335098740743,up,"{""ai_enabler"": 10, ""ai_peripheral"": 10, ""core_ai"": 3}","{""ai_enabler"": [""PYPL"", ""LMT"", ""JCI"", ""UNP"", ""MCHP"", ""RTX"", ""NXPI"", ""MSFT"", ""GD"", ""ABNB""], ""ai_peripheral"": [""PYPL"", ""CAT"", ""LMT"", ""JCI"", ""RTX"", ""UNP"", ""GD"", ""VMC"", ""NUE"", ""MLM""], ""core_ai"": [""PYPL"", ""MCHP"", ""ADI""]}","{""ai_enabler"": {""first_fail"": {""top_count"": 287, ""top_pct"": 0.4534, ""top_reason"": ""min_dollar_volume""}, ""layer_summary"": {""base_hard"": {""before"": 633, ""pass_rate"": 0.2037914691943128, ""remaining"": 129, ""removed"": 295}, ""quality_or_theme_hard"": {""before"": 209, ""pass_rate"": 0.6172248803827751, ""remaining"": 129, ""removed"": 80}, ""valuation_hard"": {""before"": 338, ""pass_rate"": 0.6183431952662722, ""remaining"": 209, ""removed"": 129}}, ""n_filtered"": 129, ""n_input"": 633, ""n_ranked"": 14, ""near_miss"": {""reasons"": [{""count"": 4, ""layer"": ""base_hard"", ""pct"": 0.00631911532385466, ""reason"": ""min_avg_dollar_volume_20d""}, {""count"": 2, ""layer"": ""valuation_hard"", ""pct"": 0.00315955766192733, ""reason"": ""min_value_discount_any""}, {""count"": 1, ""layer"": ""quality_or_theme_hard"", ""pct"": 0.001579778830963665, ""reason"": ""min_net_income_yoy""}, {""count"": 1, ""layer"": ""valuation_hard"", ""pct"": 0.001579778830963665, ""reason"": ""max_ps_hist_percentile""}, {""count"": 1, ""layer"": ""valuation_hard"", ""pct"": 0.001579778830963665, ""reason"": ""max_ps_percentile_in_sic""}], ""top_count"": 4, ""top_pct"": 0.00631911532385466, ""top_reason"": ""min_avg_dollar_volume_20d""}}, ""ai_peripheral"": {""first_fail"": {""top_count"": 287, ""top_pct"": 0.4534, ""top_reason"": ""min_dollar_volume""}, ""layer_summary"": {""base_hard"": {""before"": 633, ""pass_rate"": 0.12954186413902052, ""remaining"": 82, ""removed"": 353}, ""quality_or_theme_hard"": {""before"": 230, ""pass_rate"": 0.6086956521739131, ""remaining"": 140, ""removed"": 90}, ""valuation_hard"": {""before"": 338, ""pass_rate"": 0.6804733727810651, ""remaining"": 230, ""removed"": 108}}, ""n_filtered"": 82, ""n_input"": 633, ""n_ranked"": 11, ""near_miss"": {""reasons"": [{""count"": 4, ""layer"": ""base_hard"", ""pct"": 0.00631911532385466, ""reason"": ""min_avg_dollar_volume_20d""}, {""count"": 2, ""layer"": ""base_hard"", ""pct"": 0.00315955766192733, ""reason"": ""channel_bucket_match""}, {""count"": 1, ""layer"": ""quality_or_theme_hard"", ""pct"": 0.001579778830963665, ""reason"": ""min_net_income_yoy""}, {""count"": 1, ""layer"": ""valuation_hard"", ""pct"": 0.001579778830963665, ""reason"": ""max_ps_hist_percentile""}, {""count"": 1, ""layer"": ""valuation_hard"", ""pct"": 0.001579778830963665, ""reason"": ""min_value_discount_any""}], ""top_count"": 4, ""top_pct"": 0.00631911532385466, ""top_reason"": ""min_avg_dollar_volume_20d""}}, ""core_ai"": {""first_fail"": {""top_count"": 287, ""top_pct"": 0.4534, ""top_reason"": ""min_dollar_volume""}, ""layer_summary"": {""base_hard"": {""before"": 633, ""pass_rate"": 0.037914691943127965, ""remaining"": 24, ""removed"": 376}, ""quality_or_theme_hard"": {""before"": 178, ""pass_rate"": 0.5898876404494382, ""remaining"": 105, ""removed"": 73}, ""valuation_hard"": {""before"": 338, ""pass_rate"": 0.5266272189349113, ""remaining"": 178, ""removed"": 160}}, ""n_filtered"": 24, ""n_input"": 633, ""n_ranked"": 3, ""near_miss"": {""reasons"": [{""count"": 3, ""layer"": ""base_hard"", ""pct"": 0.004739336492890996, ""reason"": ""min_avg_dollar_volume_20d""}, {""count"": 1, ""layer"": ""valuation_hard"", ""pct"": 0.001579778830963665, ""reason"": ""min_value_discount_any""}, {""count"": 1, ""layer"": ""valuation_hard"", ""pct"": 0.001579778830963665, ""reason"": ""max_ps_percentile_in_sic""}], ""top_count"": 3, ""top_pct"": 0.004739336492890996, ""top_reason"": ""min_avg_dollar_volume_20d""}}}",,union_superset_approx
base,replay_base_2023-08-31,2023-08-31T00:00:00+00:00,2023-08-31,industry_trend,"['AVGO', 'NVDA', 'AMZN', 'CSCO', 'GOOGL', 'MSFT', 'CRM', 'ANET', 'TSLA', 'LRCX', 'GOOG', 'ETN', 'NFLX', 'CAT', 'LMT', 'UNP', 'DE', 'PH', 'PWR', 'EQIX', 'EMR', 'CSX']",22,0.06465335098740743,up,"{""ai_enabler"": 10, ""ai_peripheral"": 10, ""core_ai"": 10}","{""ai_enabler"": [""NVDA"", ""AVGO"", ""CSCO"", ""AMZN"", ""ANET"", ""GOOGL"", ""CRM"", ""GOOG"", ""ETN"", ""NFLX""], ""ai_peripheral"": [""ETN"", ""CAT"", ""LMT"", ""UNP"", ""DE"", ""PH"", ""PWR"", ""EQIX"", ""EMR"", ""CSX""], ""core_ai"": [""AVGO"", ""NVDA"", ""AMZN"", ""CSCO"", ""GOOGL"", ""MSFT"", ""CRM"", ""ANET"", ""TSLA"", ""LRCX""]}","{""ai_enabler"": {""first_fail"": {""top_count"": 287, ""top_pct"": 0.4534, ""top_reason"": ""min_dollar_volume""}, ""layer_summary"": {""base_hard"": {""before"": 633, ""pass_rate"": 0.334913112164297, ""remaining"": 212, ""removed"": 295}, ""quality_or_theme_hard"": {""before"": 338, ""pass_rate"": 0.6272189349112426, ""remaining"": 212, ""removed"": 126}}, ""n_filtered"": 212, ""n_input"": 633, ""n_ranked"": 67, ""near_miss"": {""reasons"": [{""count"": 4, ""layer"": ""base_hard"", ""pct"": 0.00631911532385466, ""reason"": ""trend_min_avg_dollar_volume_20d""}, {""count"": 2, ""layer"": ""valuation_hard"", ""pct"": 0.00315955766192733, ""reason"": ""trend_min_return_60d""}, {""count"": 2, ""layer"": ""valuation_hard"", ""pct"": 0.00315955766192733, ""reason"": ""max_ps_hist_percentile""}, {""count"": 1, ""layer"": ""quality_or_theme_hard"", ""pct"": 0.001579778830963665, ""reason"": ""min_net_income_yoy""}, {""count"": 1, ""layer"": ""quality_or_theme_hard"", ""pct"": 0.001579778830963665, ""reason"": ""max_ev_to_ebit""}], ""top_count"": 4, ""top_pct"": 0.00631911532385466, ""top_reason"": ""trend_min_avg_dollar_volume_20d""}}, ""ai_peripheral"": {""first_fail"": {""top_count"": 287, ""top_pct"": 0.4534, ""top_reason"": ""min_dollar_volume""}, ""layer_summary"": {""base_hard"": {""before"": 633, ""pass_rate"": 0.16429699842022116, ""remaining"": 104, ""removed"": 403}, ""quality_or_theme_hard"": {""before"": 338, ""pass_rate"": 0.3076923076923077, ""remaining"": 104, ""removed"": 126}}, ""n_filtered"": 104, ""n_input"": 633, ""n_ranked"": 56, ""near_miss"": {""reasons"": [{""count"": 6, ""layer"": ""base_hard"", ""pct"": 0.009478672985781991, ""reason"": ""channel_bucket_match""}, {""count"": 4, ""layer"": ""base_hard"", ""pct"": 0.00631911532385466, ""reason"": ""trend_min_avg_dollar_volume_20d""}, {""count"": 1, ""layer"": ""quality_or_theme_hard"", ""pct"": 0.001579778830963665, ""reason"": ""min_net_income_yoy""}, {""count"": 1, ""layer"": ""quality_or_theme_hard"", ""pct"": 0.001579778830963665, ""reason"": ""min_current_ratio""}, {""count"": 1, ""layer"": ""valuation_hard"", ""pct"": 0.001579778830963665, ""reason"": ""max_ps_hist_percentile""}], ""top_count"": 6, ""top_pct"": 0.009478672985781991, ""top_reason"": ""channel_bucket_match""}}, ""core_ai"": {""first_fail"": {""top_count"": 287, ""top_pct"": 0.4534, ""top_reason"": ""min_dollar_volume""}, ""layer_summary"": {""base_hard"": {""before"": 633, ""pass_rate"": 0.12480252764612954, ""remaining"": 79, ""removed"": 428}, ""quality_or_theme_hard"": {""before"": 338, ""pass_rate"": 0.23372781065088757, ""remaining"": 79, ""removed"": 126}}, ""n_filtered"": 79, ""n_input"": 633, ""n_ranked"": 22, ""near_miss"": {""reasons"": [{""count"": 2, ""layer"": ""base_hard"", ""pct"": 0.00315955766192733, ""reason"": ""trend_min_avg_dollar_volume_20d""}, {""count"": 1, ""layer"": ""quality_or_theme_hard"", ""pct"": 0.001579778830963665, ""reason"": ""min_net_income_yoy""}, {""count"": 1, ""layer"": ""valuation_hard"", ""pct"": 0.001579778830963665, ""reason"": ""trend_min_return_60d""}, {""count"": 1, ""layer"": ""quality_or_theme_hard"", ""pct"": 0.001579778830963665, ""reason"": ""min_ai_link_score""}], ""top_count"": 2, ""top_pct"": 0.00315955766192733, ""top_reason"": ""trend_min_avg_dollar_volume_20d""}}}",,union_superset_approx
base,replay_base_2023-08-31,2023-08-31T00:00:00+00:00,2023-08-31,momentum,"['NVDA', 'AVGO', 'CSCO', 'AMZN', 'GOOGL', 'ANET', 'ORCL', 'CRM', 'LRCX', 'AMAT', 'ETN', 'GOOG', 'PWR', 'CAT', 'EMR', 'RTX', 'LMT', 'VRT', 'EQIX', 'CEG', 'UNP']",21,0.06465335098740743,up,"{""ai_enabler"": 10, ""ai_peripheral"": 10, ""core_ai"": 10}","{""ai_enabler"": [""NVDA"", ""CSCO"", ""AVGO"", ""AMZN"", ""ANET"", ""GOOGL"", ""ORCL"", ""ETN"", ""GOOG"", ""PWR""], ""ai_peripheral"": [""ETN"", ""PWR"", ""CAT"", ""EMR"", ""RTX"", ""LMT"", ""VRT"", ""EQIX"", ""CEG"", ""UNP""], ""core_ai"": [""NVDA"", ""AVGO"", ""CSCO"", ""AMZN"", ""GOOGL"", ""ANET"", ""ORCL"", ""CRM"", ""LRCX"", ""AMAT""]}","{""ai_enabler"": {""first_fail"": {""top_count"": 287, ""top_pct"": 0.4534, ""top_reason"": ""min_dollar_volume""}, ""layer_summary"": {""base_hard"": {""before"": 633, ""pass_rate"": 0.334913112164297, ""remaining"": 212, ""removed"": 295}, ""quality_or_theme_hard"": {""before"": 338, ""pass_rate"": 0.6272189349112426, ""remaining"": 212, ""removed"": 126}}, ""n_filtered"": 212, ""n_input"": 633, ""n_ranked"": 67, ""near_miss"": {""reasons"": [{""count"": 2, ""layer"": ""valuation_hard"", ""pct"": 0.00315955766192733, ""reason"": ""momentum_min_return_20d""}, {""count"": 1, ""layer"": ""quality_or_theme_hard"", ""pct"": 0.001579778830963665, ""reason"": ""max_ev_to_ebit""}, {""count"": 1, ""layer"": ""quality_or_theme_hard"", ""pct"": 0.001579778830963665, ""reason"": ""min_ai_link_score""}], ""top_count"": 2, ""top_pct"": 0.00315955766192733, ""top_reason"": ""momentum_min_return_20d""}}, ""ai_peripheral"": {""first_fail"": {""top_count"": 287, ""top_pct"": 0.4534, ""top_reason"": ""min_dollar_volume""}, ""layer_summary"": {""base_hard"": {""before"": 633, ""pass_rate"": 0.16429699842022116, ""remaining"": 104, ""removed"": 403}, ""quality_or_theme_hard"": {""before"": 338, ""pass_rate"": 0.3076923076923077, ""remaining"": 104, ""removed"": 126}}, ""n_filtered"": 104, ""n_input"": 633, ""n_ranked"": 56, ""near_miss"": {""reasons"": [{""count"": 3, ""layer"": ""base_hard"", ""pct"": 0.004739336492890996, ""reason"": ""channel_bucket_match""}, {""count"": 1, ""layer"": ""valuation_hard"", ""pct"": 0.001579778830963665, ""reason"": ""momentum_min_return_20d""}], ""top_count"": 3, ""top_pct"": 0.004739336492890996, ""top_reason"": ""channel_bucket_match""}}, ""core_ai"": {""first_fail"": {""top_count"": 287, ""top_pct"": 0.4534, ""top_reason"": ""min_dollar_volume""}, ""layer_summary"": {""base_hard"": {""before"": 633, ""pass_rate"": 0.12480252764612954, ""remaining"": 79, ""removed"": 428}, ""quality_or_theme_hard"": {""before"": 338, ""pass_rate"": 0.23372781065088757, ""remaining"": 79, ""removed"": 126}}, ""n_filtered"": 79, ""n_input"": 633, ""n_ranked"": 22, ""near_miss"": {""reasons"": [{""count"": 1, ""layer"": ""quality_or_theme_hard"", ""pct"": 0.001579778830963665, ""reason"": ""max_ev_to_ebit""}, {""count"": 1, ""layer"": ""valuation_hard"", ""pct"": 0.001579778830963665, ""reason"": ""momentum_min_return_20d""}, {""count"": 1, ""layer"": ""quality_or_theme_hard"", ""pct"": 0.001579778830963665, ""reason"": ""min_ai_link_score""}], ""top_count"": 1, ""top_pct"": 0.001579778830963665, ""top_reason"": ""max_ev_to_ebit""}}}",,union_superset_approx
base,replay_base_2023-08-31,2023-08-31T00:00:00+00:00,2023-08-31,research_pool,"['LMT', 'EME', 'JCI', 'RTX', 'ATI', 'MLM', 'TT', 'NUE', 'ETN', 'QLYS', 'KEYS', 'IESC', 'EXLS', 'ALB', 'G', 'GPK', 'EEFT', 'DAL', 'SLB', 'VLO', 'ANET', 'AVGO', 'NVDA', 'PYPL', 'CAT', 'KLAC', 'NOW', 'ADI', 'MCHP', 'ORCL']",30,0.06465335098740743,up,"{""ai_enabler"": 10, ""ai_peripheral"": 10, ""core_ai"": 10}","{""ai_enabler"": [""LMT"", ""EME"", ""JCI"", ""RTX"", ""ATI"", ""MLM"", ""TT"", ""NUE"", ""ETN"", ""QLYS""], ""ai_peripheral"": [""KEYS"", ""IESC"", ""EXLS"", ""ALB"", ""G"", ""GPK"", ""EEFT"", ""DAL"", ""SLB"", ""VLO""], ""core_ai"": [""ANET"", ""AVGO"", ""NVDA"", ""PYPL"", ""CAT"", ""KLAC"", ""NOW"", ""ADI"", ""MCHP"", ""ORCL""]}","{""ai_enabler"": {""n_filtered"": 60, ""n_input"": 633, ""n_ranked"": 60, ""priority_counts"": {""left_side_watch"": 1, ""research_now"": 8, ""theme_only"": 46, ""watch_for_pullback"": 5}}, ""ai_peripheral"": {""n_filtered"": 49, ""n_input"": 633, ""n_ranked"": 49, ""priority_counts"": {""left_side_watch"": 1, ""theme_only"": 48}}, ""core_ai"": {""n_filtered"": 37, ""n_input"": 633, ""n_ranked"": 37, ""priority_counts"": {""left_side_watch"": 1, ""research_now"": 6, ""theme_only"": 16, ""watch_for_pullback"": 14}}}",,union_superset_approx
base,replay_base_2023-09-29,2023-09-29T00:00:00+00:00,2023-09-29,low_value,"['CSCO', 'MSFT', 'MCHP', 'ON', 'NXPI', 'FTNT', 'NOW', 'CSX', 'UNP', 'CAT', 'GD', 'ETN', 'TT']",13,-0.024775847290439357,down,"{""ai_enabler"": 10, ""ai_peripheral"": 6, ""core_ai"": 6}","{""ai_enabler"": [""NOW"", ""CSCO"", ""CSX"", ""UNP"", ""CAT"", ""MCHP"", ""MSFT"", ""ON"", ""NXPI"", ""GD""], ""ai_peripheral"": [""CSX"", ""CAT"", ""UNP"", ""ETN"", ""GD"", ""TT""], ""core_ai"": [""CSCO"", ""MSFT"", ""MCHP"", ""ON"", ""NXPI"", ""FTNT""]}","{""ai_enabler"": {""first_fail"": {""top_count"": 282, ""top_pct"": 0.4441, ""top_reason"": ""min_dollar_volume""}, ""layer_summary"": {""base_hard"": {""before"": 635, ""pass_rate"": 0.29133858267716534, ""remaining"": 185, ""removed"": 295}, ""quality_or_theme_hard"": {""before"": 285, ""pass_rate"": 0.6491228070175439, ""remaining"": 185, ""removed"": 100}, ""valuation_hard"": {""before"": 340, ""pass_rate"": 0.8382352941176471, ""remaining"": 285, ""removed"": 55}}, ""n_filtered"": 185, ""n_input"": 635, ""n_ranked"": 13, ""near_miss"": {""reasons"": [{""count"": 5, ""layer"": ""base_hard"", ""pct"": 0.007874015748031496, ""reason"": ""min_avg_dollar_volume_20d""}, {""count"": 2, ""layer"": ""valuation_hard"", ""pct"": 0.0031496062992125984, ""reason"": ""min_drawdown_percentile""}, {""count"": 1, ""layer"": ""valuation_hard"", ""pct"": 0.0015748031496062992, ""reason"": ""max_price_to_sma200""}, {""count"": 1, ""layer"": ""valuation_hard"", ""pct"": 0.0015748031496062992, ""reason"": ""min_return_20d""}, {""count"": 1, ""layer"": ""quality_or_theme_hard"", ""pct"": 0.0015748031496062992, ""reason"": ""min_interest_coverage""}], ""top_count"": 5, ""top_pct"": 0.007874015748031496, ""top_reason"": ""min_avg_dollar_volume_20d""}}, ""ai_peripheral"": {""first_fail"": {""top_count"": 282, ""top_pct"": 0.4441, ""top_reason"": ""min_dollar_volume""}, ""layer_summary"": {""base_hard"": {""before"": 635, ""pass_rate"": 0.16062992125984252, ""remaining"": 102, ""removed"": 393}, ""quality_or_theme_hard"": {""before"": 303, ""pass_rate"": 0.6600660066006601, ""remaining"": 200, ""removed"": 103}, ""valuation_hard"": {""before"": 340, ""pass_rate"": 0.8911764705882353, ""remaining"": 303, ""removed"": 37}}, ""n_filtered"": 102, ""n_input"": 635, ""n_ranked"": 6, ""near_miss"": {""reasons"": [{""count"": 4, ""layer"": ""base_hard"", ""pct"": 0.006299212598425197, ""reason"": ""channel_bucket_match""}, {""count"": 3, ""layer"": ""base_hard"", ""pct"": 0.004724409448818898, ""reason"": ""min_avg_dollar_volume_20d""}, {""count"": 1, ""layer"": ""quality_or_theme_hard"", ""pct"": 0.0015748031496062992, ""reason"": ""min_net_income_yoy""}, {""count"": 1, ""layer"": ""valuation_hard"", ""pct"": 0.0015748031496062992, ""reason"": ""min_return_60d""}, {""count"": 1, ""layer"": ""quality_or_theme_hard"", ""pct"": 0.0015748031496062992, ""reason"": ""min_current_ratio""}], ""top_count"": 4, ""top_pct"": 0.006299212598425197, ""top_reason"": ""channel_bucket_match""}}, ""core_ai"": {""first_fail"": {""top_count"": 282, ""top_pct"": 0.4441, ""top_reason"": ""min_dollar_volume""}, ""layer_summary"": {""base_hard"": {""before"": 635, ""pass_rate"": 0.07716535433070866, ""remaining"": 49, ""removed"": 411}, ""quality_or_theme_hard"": {""before"": 256, ""pass_rate"": 0.64453125, ""remaining"": 165, ""removed"": 91}, ""valuation_hard"": {""before"": 340, ""pass_rate"": 0.7529411764705882, ""remaining"": 256, ""removed"": 84}}, ""n_filtered"": 49, ""n_input"": 635, ""n_ranked"": 6, ""near_miss"": {""reasons"": [{""count"": 3, ""layer"": ""base_hard"", ""pct"": 0.004724409448818898, ""reason"": ""min_avg_dollar_volume_20d""}, {""count"": 1, ""layer"": ""valuation_hard"", ""pct"": 0.0015748031496062992, ""reason"": ""max_price_to_sma200""}, {""count"": 1, ""layer"": ""valuation_hard"", ""pct"": 0.0015748031496062992, ""reason"": ""min_drawdown_percentile""}, {""count"": 1, ""layer"": ""valuation_hard"", ""pct"": 0.0015748031496062992, ""reason"": ""max_ps_hist_percentile""}, {""count"": 1, ""layer"": ""base_hard"", ""pct"": 0.0015748031496062992, ""reason"": ""channel_bucket_match""}], ""top_count"": 3, ""top_pct"": 0.004724409448818898, ""top_reason"": ""min_avg_dollar_volume_20d""}}}",,union_superset_approx
base,replay_base_2023-09-29,2023-09-29T00:00:00+00:00,2023-09-29,industry_trend,"['MSFT', 'GOOGL', 'META', 'TSLA', 'CSCO', 'NVDA', 'AVGO', 'AMZN', 'CAT', 'BKNG', 'CSX', 'ABNB', 'DE', 'ETN', 'NOC', 'UNP', 'ACN', 'CEG', 'OKE', 'SRE']",20,-0.024775847290439357,down,"{""ai_enabler"": 10, ""ai_peripheral"": 10, ""core_ai"": 10}","{""ai_enabler"": [""CSX"", ""CSCO"", ""MSFT"", ""AVGO"", ""TSLA"", ""GOOGL"", ""ABNB"", ""AMZN"", ""NVDA"", ""CAT""], ""ai_peripheral"": [""CSX"", ""CAT"", ""DE"", ""ETN"", ""NOC"", ""UNP"", ""ACN"", ""CEG"", ""OKE"", ""SRE""], ""core_ai"": [""MSFT"", ""GOOGL"", ""META"", ""TSLA"", ""CSCO"", ""NVDA"", ""AVGO"", ""AMZN"", ""CAT"", ""BKNG""]}","{""ai_enabler"": {""first_fail"": {""top_count"": 282, ""top_pct"": 0.4441, ""top_reason"": ""min_dollar_volume""}, ""layer_summary"": {""base_hard"": {""before"": 635, ""pass_rate"": 0.35748031496062993, ""remaining"": 227, ""removed"": 295}, ""quality_or_theme_hard"": {""before"": 340, ""pass_rate"": 0.6676470588235294, ""remaining"": 227, ""removed"": 113}}, ""n_filtered"": 227, ""n_input"": 635, ""n_ranked"": 74, ""near_miss"": {""reasons"": [{""count"": 4, ""layer"": ""valuation_hard"", ""pct"": 0.006299212598425197, ""reason"": ""trend_min_return_60d""}, {""count"": 3, ""layer"": ""base_hard"", ""pct"": 0.004724409448818898, ""reason"": ""trend_min_avg_dollar_volume_20d""}, {""count"": 2, ""layer"": ""quality_or_theme_hard"", ""pct"": 0.0031496062992125984, ""reason"": ""max_ev_to_ebit""}, {""count"": 2, ""layer"": ""valuation_hard"", ""pct"": 0.0031496062992125984, ""reason"": ""max_ps_hist_percentile""}, {""count"": 2, ""layer"": ""quality_or_theme_hard"", ""pct"": 0.0031496062992125984, ""reason"": ""min_ai_link_score""}], ""top_count"": 4, ""top_pct"": 0.006299212598425197, ""top_reason"": ""trend_min_return_60d""}}, ""ai_peripheral"": {""first_fail"": {""top_count"": 282, ""top_pct"": 0.4441, ""top_reason"": ""min_dollar_volume""}, ""layer_summary"": {""base_hard"": {""before"": 635, ""pass_rate"": 0.1763779527559055, ""remaining"": 112, ""removed"": 410}, ""quality_or_theme_hard"": {""before"": 340, ""pass_rate"": 0.32941176470588235, ""remaining"": 112, ""removed"": 113}}, ""n_filtered"": 112, ""n_input"": 635, ""n_ranked"": 62, ""near_miss"": {""reasons"": [{""count"": 7, ""layer"": ""base_hard"", ""pct"": 0.011023622047244094, ""reason"": ""channel_bucket_match""}, {""count"": 5, ""layer"": ""valuation_hard"", ""pct"": 0.007874015748031496, ""reason"": ""trend_min_return_60d""}, {""count"": 2, ""layer"": ""base_hard"", ""pct"": 0.0031496062992125984, ""reason"": ""trend_min_avg_dollar_volume_20d""}, {""count"": 2, ""layer"": ""quality_or_theme_hard"", ""pct"": 0.0031496062992125984, ""reason"": ""min_ai_link_score""}, {""count"": 1, ""layer"": ""quality_or_theme_hard"", ""pct"": 0.0015748031496062992, ""reason"": ""min_net_income_yoy""}], ""top_count"": 7, ""top_pct"": 0.011023622047244094, ""top_reason"": ""channel_bucket_match""}}, ""core_ai"": {""first_fail"": {""top_count"": 282, ""top_pct"": 0.4441, ""top_reason"": ""min_dollar_volume""}, ""layer_summary"": {""base_hard"": {""before"": 635, ""pass_rate"": 0.12755905511811025, ""remaining"": 81, ""removed"": 441}, ""quality_or_theme_hard"": {""before"": 340, ""pass_rate"": 0.23823529411764705, ""remaining"": 81, ""removed"": 113}}, ""n_filtered"": 81, ""n_input"": 635, ""n_ranked"": 23, ""near_miss"": {""reasons"": [{""count"": 3, ""layer"": ""base_hard"", ""pct"": 0.004724409448818898, ""reason"": ""trend_min_avg_dollar_volume_20d""}, {""count"": 2, ""layer"": ""valuation_hard"", ""pct"": 0.0031496062992125984, ""reason"": ""trend_min_return_60d""}, {""count"": 1, ""layer"": ""quality_or_theme_hard"", ""pct"": 0.0015748031496062992, ""reason"": ""max_ev_to_ebit""}, {""count"": 1, ""layer"": ""valuation_hard"", ""pct"": 0.0015748031496062992, ""reason"": ""max_ps_hist_percentile""}, {""count"": 1, ""layer"": ""quality_or_theme_hard"", ""pct"": 0.0015748031496062992, ""reason"": ""min_ai_link_score""}], ""top_count"": 3, ""top_pct"": 0.004724409448818898, ""top_reason"": ""trend_min_avg_dollar_volume_20d""}}}",,union_superset_approx
base,replay_base_2023-09-29,2023-09-29T00:00:00+00:00,2023-09-29,momentum,"['MSFT', 'META', 'CSCO', 'GOOGL', 'TSLA', 'CAT', 'AVGO', 'CEG', 'ANET', 'AMZN', 'CSX', 'ABNB', 'NOC', 'SRE', 'ETN', 'GD', 'EMR', 'OKE', 'UNP']",19,-0.024775847290439357,down,"{""ai_enabler"": 10, ""ai_peripheral"": 10, ""core_ai"": 10}","{""ai_enabler"": [""CSX"", ""MSFT"", ""CSCO"", ""META"", ""ABNB"", ""CAT"", ""TSLA"", ""CEG"", ""AVGO"", ""ANET""], ""ai_peripheral"": [""CSX"", ""CAT"", ""CEG"", ""NOC"", ""SRE"", ""ETN"", ""GD"", ""EMR"", ""OKE"", ""UNP""], ""core_ai"": [""MSFT"", ""META"", ""CSCO"", ""GOOGL"", ""TSLA"", ""CAT"", ""AVGO"", ""CEG"", ""ANET"", ""AMZN""]}","{""ai_enabler"": {""first_fail"": {""top_count"": 282, ""top_pct"": 0.4441, ""top_reason"": ""min_dollar_volume""}, ""layer_summary"": {""base_hard"": {""before"": 635, ""pass_rate"": 0.35748031496062993, ""remaining"": 227, ""removed"": 295}, ""quality_or_theme_hard"": {""before"": 340, ""pass_rate"": 0.6676470588235294, ""remaining"": 227, ""removed"": 113}}, ""n_filtered"": 227, ""n_input"": 635, ""n_ranked"": 74, ""near_miss"": {""reasons"": [{""count"": 2, ""layer"": ""valuation_hard"", ""pct"": 0.0031496062992125984, ""reason"": ""momentum_min_return_20d""}, {""count"": 1, ""layer"": ""quality_or_theme_hard"", ""pct"": 0.0015748031496062992, ""reason"": ""max_ev_to_ebit""}], ""top_count"": 2, ""top_pct"": 0.0031496062992125984, ""top_reason"": ""momentum_min_return_20d""}}, ""ai_peripheral"": {""first_fail"": {""top_count"": 282, ""top_pct"": 0.4441, ""top_reason"": ""min_dollar_volume""}, ""layer_summary"": {""base_hard"": {""before"": 635, ""pass_rate"": 0.1763779527559055, ""remaining"": 112, ""removed"": 410}, ""quality_or_theme_hard"": {""before"": 340, ""pass_rate"": 0.32941176470588235, ""remaining"": 112, ""removed"": 113}}, ""n_filtered"": 112, ""n_input"": 635, ""n_ranked"": 62, ""near_miss"": {""reasons"": [{""count"": 1, ""layer"": ""valuation_hard"", ""pct"": 0.0015748031496062992, ""reason"": ""momentum_min_return_20d""}, {""count"": 1, ""layer"": ""base_hard"", ""pct"": 0.0015748031496062992, ""reason"": ""channel_bucket_match""}], ""top_count"": 1, ""top_pct"": 0.0015748031496062992, ""top_reason"": ""momentum_min_return_20d""}}, ""core_ai"": {""first_fail"": {""top_count"": 282, ""top_pct"": 0.4441, ""top_reason"": ""min_dollar_volume""}, ""layer_summary"": {""base_hard"": {""before"": 635, ""pass_rate"": 0.12755905511811025, ""remaining"": 81, ""removed"": 441}, ""quality_or_theme_hard"": {""before"": 340, ""pass_rate"": 0.23823529411764705, ""remaining"": 81, ""removed"": 113}}, ""n_filtered"": 81, ""n_input"": 635, ""n_ranked"": 23, ""near_miss"": {""reasons"": [{""count"": 2, ""layer"": ""valuation_hard"", ""pct"": 0.0031496062992125984, ""reason"": ""momentum_min_return_20d""}], ""top_count"": 2, ""top_pct"": 0.0031496062992125984, ""top_reason"": ""momentum_min_return_20d""}}}",,union_superset_approx
base,replay_base_2023-09-29,2023-09-29T00:00:00+00:00,2023-09-29,research_pool,"['EME', 'CSX', 'TT', 'GD', 'ETN', 'VRT', 'QLYS', 'LMT', 'ATI', 'JCI', 'ALB', 'EEFT', 'DAL', 'EXP', 'ITW', 'EXLS', 'IESC', 'G', 'GPK', 'VLO', 'ANET', 'CSCO', 'NVDA', 'CAT', 'MCHP', 'NOW', 'FTNT', 'ADI', 'DT', 'TSLA']",30,-0.024775847290439357,down,"{""ai_enabler"": 10, ""ai_peripheral"": 10, ""core_ai"": 10}","{""ai_enabler"": [""EME"", ""CSX"", ""TT"", ""GD"", ""ETN"", ""VRT"", ""QLYS"", ""LMT"", ""ATI"", ""JCI""], ""ai_peripheral"": [""ALB"", ""EEFT"", ""DAL"", ""EXP"", ""ITW"", ""EXLS"", ""IESC"", ""G"", ""GPK"", ""VLO""], ""core_ai"": [""ANET"", ""CSCO"", ""NVDA"", ""CAT"", ""MCHP"", ""NOW"", ""FTNT"", ""ADI"", ""DT"", ""TSLA""]}","{""ai_enabler"": {""n_filtered"": 58, ""n_input"": 635, ""n_ranked"": 58, ""priority_counts"": {""left_side_watch"": 8, ""research_now"": 3, ""theme_only"": 43, ""watch_for_pullback"": 4}}, ""ai_peripheral"": {""n_filtered"": 40, ""n_input"": 635, ""n_ranked"": 40, ""priority_counts"": {""left_side_watch"": 5, ""theme_only"": 35}}, ""core_ai"": {""n_filtered"": 38, ""n_input"": 635, ""n_ranked"": 38, ""priority_counts"": {""left_side_watch"": 5, ""research_now"": 4, ""theme_only"": 17, ""watch_for_pullback"": 12}}}",,union_superset_approx
base,replay_base_2023-10-31,2023-10-31T00:00:00+00:00,2023-10-31,low_value,"['ORCL', 'CSCO', 'MSFT', 'LHX', 'CRM', 'AAPL', 'FTNT', 'MPWR', 'AVGO', 'NOW', 'CMI', 'LMT', 'ETN', 'UNP', 'AMZN', 'VMC', 'GD', 'MLM', 'TT', 'PWR']",20,-0.06465195608144114,down,"{""ai_enabler"": 10, ""ai_peripheral"": 10, ""core_ai"": 8}","{""ai_enabler"": [""AVGO"", ""NOW"", ""ORCL"", ""CSCO"", ""CMI"", ""LMT"", ""ETN"", ""UNP"", ""LHX"", ""AMZN""], ""ai_peripheral"": [""CMI"", ""LMT"", ""UNP"", ""ETN"", ""LHX"", ""VMC"", ""GD"", ""MLM"", ""TT"", ""PWR""], ""core_ai"": [""ORCL"", ""CSCO"", ""MSFT"", ""LHX"", ""CRM"", ""AAPL"", ""FTNT"", ""MPWR""]}","{""ai_enabler"": {""first_fail"": {""top_count"": 265, ""top_pct"": 0.4173, ""top_reason"": ""min_dollar_volume""}, ""layer_summary"": {""base_hard"": {""before"": 635, ""pass_rate"": 0.3417322834645669, ""remaining"": 217, ""removed"": 276}, ""quality_or_theme_hard"": {""before"": 333, ""pass_rate"": 0.6516516516516516, ""remaining"": 217, ""removed"": 116}, ""valuation_hard"": {""before"": 359, ""pass_rate"": 0.9275766016713092, ""remaining"": 333, ""removed"": 26}}, ""n_filtered"": 217, ""n_input"": 635, ""n_ranked"": 18, ""near_miss"": {""reasons"": [{""count"": 5, ""layer"": ""valuation_hard"", ""pct"": 0.007874015748031496, ""reason"": ""min_drawdown_percentile""}, {""count"": 2, ""layer"": ""valuation_hard"", ""pct"": 0.0031496062992125984, ""reason"": ""min_return_60d""}, {""count"": 2, ""layer"": ""valuation_hard"", ""pct"": 0.0031496062992125984, ""reason"": ""min_value_discount_any""}, {""count"": 1, ""layer"": ""valuation_hard"", ""pct"": 0.0015748031496062992, ""reason"": ""max_price_to_sma200""}, {""count"": 1, ""layer"": ""valuation_hard"", ""pct"": 0.0015748031496062992, ""reason"": ""max_pe_hist_percentile""}], ""top_count"": 5, ""top_pct"": 0.007874015748031496, ""top_reason"": ""min_drawdown_percentile""}}, ""ai_peripheral"": {""first_fail"": {""top_count"": 265, ""top_pct"": 0.4173, ""top_reason"": ""min_dollar_volume""}, ""layer_summary"": {""base_hard"": {""before"": 635, ""pass_rate"": 0.1858267716535433, ""remaining"": 118, ""removed"": 380}, ""quality_or_theme_hard"": {""before"": 339, ""pass_rate"": 0.6548672566371682, ""remaining"": 222, ""removed"": 117}, ""valuation_hard"": {""before"": 359, ""pass_rate"": 0.9442896935933147, ""remaining"": 339, ""removed"": 20}}, ""n_filtered"": 118, ""n_input"": 635, ""n_ranked"": 11, ""near_miss"": {""reasons"": [{""count"": 5, ""layer"": ""base_hard"", ""pct"": 0.007874015748031496, ""reason"": ""channel_bucket_match""}, {""count"": 2, ""layer"": ""valuation_hard"", ""pct"": 0.0031496062992125984, ""reason"": ""min_return_60d""}, {""count"": 1, ""layer"": ""quality_or_theme_hard"", ""pct"": 0.0015748031496062992, ""reason"": ""min_net_income_yoy""}, {""count"": 1, ""layer"": ""base_hard"", ""pct"": 0.0015748031496062992, ""reason"": ""min_avg_dollar_volume_20d""}, {""count"": 1, ""layer"": ""quality_or_theme_hard"", ""pct"": 0.0015748031496062992, ""reason"": ""min_current_ratio""}], ""top_count"": 5, ""top_pct"": 0.007874015748031496, ""top_reason"": ""channel_bucket_match""}}, ""core_ai"": {""first_fail"": {""top_count"": 265, ""top_pct"": 0.4173, ""top_reason"": ""min_dollar_volume""}, ""layer_summary"": {""base_hard"": {""before"": 635, ""pass_rate"": 0.09291338582677165, ""remaining"": 59, ""removed"": 412}, ""quality_or_theme_hard"": {""before"": 303, ""pass_rate"": 0.6435643564356436, ""remaining"": 195, ""removed"": 108}, ""valuation_hard"": {""before"": 359, ""pass_rate"": 0.8440111420612814, ""remaining"": 303, ""removed"": 56}}, ""n_filtered"": 59, ""n_input"": 635, ""n_ranked"": 8, ""near_miss"": {""reasons"": [{""count"": 1, ""layer"": ""valuation_hard"", ""pct"": 0.0015748031496062992, ""reason"": ""max_price_to_sma200""}, {""count"": 1, ""layer"": ""valuation_hard"", ""pct"": 0.0015748031496062992, ""reason"": ""min_return_60d""}, {""count"": 1, ""layer"": ""valuation_hard"", ""pct"": 0.0015748031496062992, ""reason"": ""min_drawdown_percentile""}, {""count"": 1, ""layer"": ""valuation_hard"", ""pct"": 0.0015748031496062992, ""reason"": ""min_value_discount_any""}], ""top_count"": 1, ""top_pct"": 0.0015748031496062992, ""top_reason"": ""max_price_to_sma200""}}}",,union_superset_approx
base,replay_base_2023-10-31,2023-10-31T00:00:00+00:00,2023-10-31,industry_trend,"['AVGO', 'MSFT', 'AMZN', 'ANET', 'NFLX', 'NVDA', 'KLAC', 'NOW', 'GOOGL', 'CSCO', 'LMT', 'IBM', 'ETN', 'GD', 'UNP', 'NOC', 'RTX', 'DE', 'PWR', 'CCI', 'NEE']",21,-0.06465195608144114,down,"{""ai_enabler"": 10, ""ai_peripheral"": 10, ""core_ai"": 10}","{""ai_enabler"": [""ANET"", ""AVGO"", ""AMZN"", ""MSFT"", ""NFLX"", ""LMT"", ""NOW"", ""KLAC"", ""IBM"", ""ETN""], ""ai_peripheral"": [""LMT"", ""ETN"", ""GD"", ""UNP"", ""NOC"", ""RTX"", ""DE"", ""PWR"", ""CCI"", ""NEE""], ""core_ai"": [""AVGO"", ""MSFT"", ""AMZN"", ""ANET"", ""NFLX"", ""NVDA"", ""KLAC"", ""NOW"", ""GOOGL"", ""CSCO""]}","{""ai_enabler"": {""first_fail"": {""top_count"": 265, ""top_pct"": 0.4173, ""top_reason"": ""min_dollar_volume""}, ""layer_summary"": {""base_hard"": {""before"": 635, ""pass_rate"": 0.3732283464566929, ""remaining"": 237, ""removed"": 276}, ""quality_or_theme_hard"": {""before"": 359, ""pass_rate"": 0.6601671309192201, ""remaining"": 237, ""removed"": 122}}, ""n_filtered"": 237, ""n_input"": 635, ""n_ranked"": 71, ""near_miss"": {""reasons"": [{""count"": 9, ""layer"": ""valuation_hard"", ""pct"": 0.014173228346456693, ""reason"": ""trend_min_return_60d""}, {""count"": 2, ""layer"": ""base_hard"", ""pct"": 0.0031496062992125984, ""reason"": ""trend_min_avg_dollar_volume_20d""}], ""top_count"": 9, ""top_pct"": 0.014173228346456693, ""top_reason"": ""trend_min_return_60d""}}, ""ai_peripheral"": {""first_fail"": {""top_count"": 265, ""top_pct"": 0.4173, ""top_reason"": ""min_dollar_volume""}, ""layer_summary"": {""base_hard"": {""before"": 635, ""pass_rate"": 0.1921259842519685, ""remaining"": 122, ""removed"": 391}, ""quality_or_theme_hard"": {""before"": 359, ""pass_rate"": 0.3398328690807799, ""remaining"": 122, ""removed"": 122}}, ""n_filtered"": 122, ""n_input"": 635, ""n_ranked"": 61, ""near_miss"": {""reasons"": [{""count"": 3, ""layer"": ""valuation_hard"", ""pct"": 0.004724409448818898, ""reason"": ""trend_min_return_60d""}, {""count"": 3, ""layer"": ""base_hard"", ""pct"": 0.004724409448818898, ""reason"": ""channel_bucket_match""}, {""count"": 1, ""layer"": ""valuation_hard"", ""pct"": 0.0015748031496062992, ""reason"": ""max_ps_hist_percentile""}, {""count"": 1, ""layer"": ""valuation_hard"", ""pct"": 0.0015748031496062992, ""reason"": ""max_pe_hist_percentile""}, {""count"": 1, ""layer"": ""quality_or_theme_hard"", ""pct"": 0.0015748031496062992, ""reason"": ""min_ai_link_score""}], ""top_count"": 3, ""top_pct"": 0.004724409448818898, ""top_reason"": ""trend_min_return_60d""}}, ""core_ai"": {""first_fail"": {""top_count"": 265, ""top_pct"": 0.4173, ""top_reason"": ""min_dollar_volume""}, ""layer_summary"": {""base_hard"": {""before"": 635, ""pass_rate"": 0.12598425196850394, ""remaining"": 80, ""removed"": 433}, ""quality_or_theme_hard"": {""before"": 359, ""pass_rate"": 0.22284122562674094, ""remaining"": 80, ""removed"": 122}}, ""n_filtered"": 80, ""n_input"": 635, ""n_ranked"": 23, ""near_miss"": {""reasons"": [{""count"": 4, ""layer"": ""valuation_hard"", ""pct"": 0.006299212598425197, ""reason"": ""trend_min_return_60d""}, {""count"": 2, ""layer"": ""base_hard"", ""pct"": 0.0031496062992125984, ""reason"": ""trend_min_avg_dollar_volume_20d""}, {""count"": 1, ""layer"": ""quality_or_theme_hard"", ""pct"": 0.0015748031496062992, ""reason"": ""max_ev_to_ebit""}, {""count"": 1, ""layer"": ""base_hard"", ""pct"": 0.0015748031496062992, ""reason"": ""channel_bucket_match""}], ""top_count"": 4, ""top_pct"": 0.006299212598425197, ""top_reason"": ""trend_min_return_60d""}}}",,union_superset_approx
base,replay_base_2023-10-31,2023-10-31T00:00:00+00:00,2023-10-31,momentum,"['AVGO', 'MSFT', 'ANET', 'AMZN', 'NFLX', 'KLAC', 'NOW', 'IBM', 'ORCL', 'CSCO', 'LMT', 'GD', 'CCI', 'NOC', 'SRE', 'UNP', 'ETN', 'RTX', 'NEE', 'VRT']",20,-0.06465195608144114,down,"{""ai_enabler"": 10, ""ai_peripheral"": 10, ""core_ai"": 10}","{""ai_enabler"": [""ANET"", ""AMZN"", ""AVGO"", ""NFLX"", ""MSFT"", ""KLAC"", ""LMT"", ""NOW"", ""IBM"", ""GD""], ""ai_peripheral"": [""LMT"", ""GD"", ""CCI"", ""NOC"", ""SRE"", ""UNP"", ""ETN"", ""RTX"", ""NEE"", ""VRT""], ""core_ai"": [""AVGO"", ""MSFT"", ""ANET"", ""AMZN"", ""NFLX"", ""KLAC"", ""NOW"", ""IBM"", ""ORCL"", ""CSCO""]}","{""ai_enabler"": {""first_fail"": {""top_count"": 265, ""top_pct"": 0.4173, ""top_reason"": ""min_dollar_volume""}, ""layer_summary"": {""base_hard"": {""before"": 635, ""pass_rate"": 0.3732283464566929, ""remaining"": 237, ""removed"": 276}, ""quality_or_theme_hard"": {""before"": 359, ""pass_rate"": 0.6601671309192201, ""remaining"": 237, ""removed"": 122}}, ""n_filtered"": 237, ""n_input"": 635, ""n_ranked"": 71, ""near_miss"": {""reasons"": [{""count"": 1, ""layer"": ""valuation_hard"", ""pct"": 0.0015748031496062992, ""reason"": ""momentum_min_return_60d""}, {""count"": 1, ""layer"": ""base_hard"", ""pct"": 0.0015748031496062992, ""reason"": ""momentum_min_avg_dollar_volume_20d""}], ""top_count"": 1, ""top_pct"": 0.0015748031496062992, ""top_reason"": ""momentum_min_return_60d""}}, ""ai_peripheral"": {""first_fail"": {""top_count"": 265, ""top_pct"": 0.4173, ""top_reason"": ""min_dollar_volume""}, ""layer_summary"": {""base_hard"": {""before"": 635, ""pass_rate"": 0.1921259842519685, ""remaining"": 122, ""removed"": 391}, ""quality_or_theme_hard"": {""before"": 359, ""pass_rate"": 0.3398328690807799, ""remaining"": 122, ""removed"": 122}}, ""n_filtered"": 122, ""n_input"": 635, ""n_ranked"": 61, ""near_miss"": {""reasons"": [{""count"": 2, ""layer"": ""base_hard"", ""pct"": 0.0031496062992125984, ""reason"": ""channel_bucket_match""}, {""count"": 1, ""layer"": ""valuation_hard"", ""pct"": 0.0015748031496062992, ""reason"": ""max_pe_hist_percentile""}], ""top_count"": 2, ""top_pct"": 0.0031496062992125984, ""top_reason"": ""channel_bucket_match""}}, ""core_ai"": {""first_fail"": {""top_count"": 265, ""top_pct"": 0.4173, ""top_reason"": ""min_dollar_volume""}, ""layer_summary"": {""base_hard"": {""before"": 635, ""pass_rate"": 0.12598425196850394, ""remaining"": 80, ""removed"": 433}, ""quality_or_theme_hard"": {""before"": 359, ""pass_rate"": 0.22284122562674094, ""remaining"": 80, ""removed"": 122}}, ""n_filtered"": 80, ""n_input"": 635, ""n_ranked"": 23, ""near_miss"": {""reasons"": [{""count"": 1, ""layer"": ""quality_or_theme_hard"", ""pct"": 0.0015748031496062992, ""reason"": ""max_ev_to_ebit""}, {""count"": 1, ""layer"": ""valuation_hard"", ""pct"": 0.0015748031496062992, ""reason"": ""momentum_min_return_60d""}, {""count"": 1, ""layer"": ""base_hard"", ""pct"": 0.0015748031496062992, ""reason"": ""momentum_min_avg_dollar_volume_20d""}], ""top_count"": 1, ""top_pct"": 0.0015748031496062992, ""top_reason"": ""max_ev_to_ebit""}}}",,union_superset_approx
base,replay_base_2023-10-31,2023-10-31T00:00:00+00:00,2023-10-31,research_pool,"['CMI', 'LMT', 'EME', 'ETN', 'TT', 'MLM', 'VMC', 'EQIX', 'VRT', 'PWR', 'IESC', 'ALB', 'G', 'EXLS', 'DAL', 'SLB', 'IBP', 'KEYS', 'EEFT', 'GPK', 'ANET', 'AVGO', 'ORCL', 'LHX', 'NOW', 'CSCO', 'CRM', 'FTNT', 'DT', 'META']",30,-0.06465195608144114,down,"{""ai_enabler"": 10, ""ai_peripheral"": 10, ""core_ai"": 10}","{""ai_enabler"": [""CMI"", ""LMT"", ""EME"", ""ETN"", ""TT"", ""MLM"", ""VMC"", ""EQIX"", ""VRT"", ""PWR""], ""ai_peripheral"": [""IESC"", ""ALB"", ""G"", ""EXLS"", ""DAL"", ""SLB"", ""IBP"", ""KEYS"", ""EEFT"", ""GPK""], ""core_ai"": [""ANET"", ""AVGO"", ""ORCL"", ""LHX"", ""NOW"", ""CSCO"", ""CRM"", ""FTNT"", ""DT"", ""META""]}","{""ai_enabler"": {""n_filtered"": 65, ""n_input"": 635, ""n_ranked"": 65, ""priority_counts"": {""left_side_watch"": 5, ""research_now"": 6, ""theme_only"": 50, ""watch_for_pullback"": 4}}, ""ai_peripheral"": {""n_filtered"": 51, ""n_input"": 635, ""n_ranked"": 51, ""priority_counts"": {""left_side_watch"": 8, ""theme_only"": 43}}, ""core_ai"": {""n_filtered"": 44, ""n_input"": 635, ""n_ranked"": 44, ""priority_counts"": {""left_side_watch"": 7, ""research_now"": 4, ""theme_only"": 22, ""watch_for_pullback"": 11}}}",,union_superset_approx
base,replay_base_2023-11-30,2023-11-30T00:00:00+00:00,2023-11-30,low_value,"['PYPL', 'CAT', 'ON', 'TSLA', 'MCHP', 'LHX', 'NXPI', 'ORCL', 'JCI', 'LMT', 'AMAT', 'UNP', 'GOOGL', 'ETN', 'GD', 'VMC', 'NUE']",17,0.03764373182509417,up,"{""ai_enabler"": 10, ""ai_peripheral"": 10, ""core_ai"": 7}","{""ai_enabler"": [""PYPL"", ""ORCL"", ""CAT"", ""JCI"", ""ON"", ""LMT"", ""AMAT"", ""UNP"", ""MCHP"", ""GOOGL""], ""ai_peripheral"": [""PYPL"", ""JCI"", ""CAT"", ""LMT"", ""UNP"", ""ETN"", ""LHX"", ""GD"", ""VMC"", ""NUE""], ""core_ai"": [""PYPL"", ""CAT"", ""ON"", ""TSLA"", ""MCHP"", ""LHX"", ""NXPI""]}","{""ai_enabler"": {""first_fail"": {""top_count"": 276, ""top_pct"": 0.4346, ""top_reason"": ""min_dollar_volume""}, ""layer_summary"": {""base_hard"": {""before"": 635, ""pass_rate"": 0.2503937007874016, ""remaining"": 159, ""removed"": 286}, ""quality_or_theme_hard"": {""before"": 232, ""pass_rate"": 0.6853448275862069, ""remaining"": 159, ""removed"": 73}, ""valuation_hard"": {""before"": 349, ""pass_rate"": 0.664756446991404, ""remaining"": 232, ""removed"": 117}}, ""n_filtered"": 159, ""n_input"": 635, ""n_ranked"": 16, ""near_miss"": {""reasons"": [{""count"": 2, ""layer"": ""valuation_hard"", ""pct"": 0.0031496062992125984, ""reason"": ""max_price_to_sma200""}, {""count"": 2, ""layer"": ""valuation_hard"", ""pct"": 0.0031496062992125984, ""reason"": ""min_value_discount_any""}, {""count"": 1, ""layer"": ""valuation_hard"", ""pct"": 0.0015748031496062992, ""reason"": ""min_return_60d""}], ""top_count"": 2, ""top_pct"": 0.0031496062992125984, ""top_reason"": ""max_price_to_sma200""}}, ""ai_peripheral"": {""first_fail"": {""top_count"": 276, ""top_pct"": 0.4346, ""top_reason"": ""min_dollar_volume""}, ""layer_summary"": {""base_hard"": {""before"": 635, ""pass_rate"": 0.15433070866141732, ""remaining"": 98, ""removed"": 359}, ""quality_or_theme_hard"": {""before"": 247, ""pass_rate"": 0.6923076923076923, ""remaining"": 171, ""removed"": 76}, ""valuation_hard"": {""before"": 349, ""pass_rate"": 0.7077363896848138, ""remaining"": 247, ""removed"": 102}}, ""n_filtered"": 98, ""n_input"": 635, ""n_ranked"": 11, ""near_miss"": {""reasons"": [{""count"": 4, ""layer"": ""base_hard"", ""pct"": 0.006299212598425197, ""reason"": ""channel_bucket_match""}, {""count"": 2, ""layer"": ""base_hard"", ""pct"": 0.0031496062992125984, ""reason"": ""min_avg_dollar_volume_20d""}, {""count"": 1, ""layer"": ""valuation_hard"", ""pct"": 0.0015748031496062992, ""reason"": ""max_pe_hist_percentile""}], ""top_count"": 4, ""top_pct"": 0.006299212598425197, ""top_reason"": ""channel_bucket_match""}}, ""core_ai"": {""first_fail"": {""top_count"": 276, ""top_pct"": 0.4346, ""top_reason"": ""min_dollar_volume""}, ""layer_summary"": {""base_hard"": {""before"": 635, ""pass_rate"": 0.047244094488188976, ""remaining"": 30, ""removed"": 390}, ""quality_or_theme_hard"": {""before"": 199, ""pass_rate"": 0.6733668341708543, ""remaining"": 134, ""removed"": 65}, ""valuation_hard"": {""before"": 349, ""pass_rate"": 0.5702005730659025, ""remaining"": 199, ""removed"": 150}}, ""n_filtered"": 30, ""n_input"": 635, ""n_ranked"": 7, ""near_miss"": {""reasons"": [{""count"": 1, ""layer"": ""valuation_hard"", ""pct"": 0.0015748031496062992, ""reason"": ""min_return_60d""}, {""count"": 1, ""layer"": ""base_hard"", ""pct"": 0.0015748031496062992, ""reason"": ""min_avg_dollar_volume_20d""}, {""count"": 1, ""layer"": ""base_hard"", ""pct"": 0.0015748031496062992, ""reason"": ""channel_bucket_match""}], ""top_count"": 1, ""top_pct"": 0.0015748031496062992, ""top_reason"": ""min_return_60d""}}}",,union_superset_approx
base,replay_base_2023-11-30,2023-11-30T00:00:00+00:00,2023-11-30,industry_trend,"['CRM', 'NVDA', 'AVGO', 'MSFT', 'GOOGL', 'AMZN', 'TSLA', 'NFLX', 'KLAC', 'CSCO', 'CCI', 'PWR', 'NOW', 'UNP', 'CAT', 'PH', 'ETN', 'CSX', 'ACN', 'BA', 'NUE']",21,0.03764373182509417,up,"{""ai_enabler"": 10, ""ai_peripheral"": 10, ""core_ai"": 10}","{""ai_enabler"": [""CRM"", ""NVDA"", ""AVGO"", ""TSLA"", ""NFLX"", ""CCI"", ""PWR"", ""AMZN"", ""MSFT"", ""NOW""], ""ai_peripheral"": [""CCI"", ""PWR"", ""UNP"", ""CAT"", ""PH"", ""ETN"", ""CSX"", ""ACN"", ""BA"", ""NUE""], ""core_ai"": [""CRM"", ""NVDA"", ""AVGO"", ""MSFT"", ""GOOGL"", ""AMZN"", ""TSLA"", ""NFLX"", ""KLAC"", ""CSCO""]}","{""ai_enabler"": {""first_fail"": {""top_count"": 276, ""top_pct"": 0.4346, ""top_reason"": ""min_dollar_volume""}, ""layer_summary"": {""base_hard"": {""before"": 635, ""pass_rate"": 0.3952755905511811, ""remaining"": 251, ""removed"": 286}, ""quality_or_theme_hard"": {""before"": 349, ""pass_rate"": 0.7191977077363897, ""remaining"": 251, ""removed"": 98}}, ""n_filtered"": 251, ""n_input"": 635, ""n_ranked"": 72, ""near_miss"": {""reasons"": [{""count"": 4, ""layer"": ""valuation_hard"", ""pct"": 0.006299212598425197, ""reason"": ""trend_min_return_60d""}, {""count"": 3, ""layer"": ""base_hard"", ""pct"": 0.004724409448818898, ""reason"": ""trend_min_avg_dollar_volume_20d""}, {""count"": 2, ""layer"": ""valuation_hard"", ""pct"": 0.0031496062992125984, ""reason"": ""max_ps_hist_percentile""}, {""count"": 1, ""layer"": ""quality_or_theme_hard"", ""pct"": 0.0015748031496062992, ""reason"": ""max_ev_to_ebit""}, {""count"": 1, ""layer"": ""quality_or_theme_hard"", ""pct"": 0.0015748031496062992, ""reason"": ""min_interest_coverage""}], ""top_count"": 4, ""top_pct"": 0.006299212598425197, ""top_reason"": ""trend_min_return_60d""}}, ""ai_peripheral"": {""first_fail"": {""top_count"": 276, ""top_pct"": 0.4346, ""top_reason"": ""min_dollar_volume""}, ""layer_summary"": {""base_hard"": {""before"": 635, ""pass_rate"": 0.19370078740157481, ""remaining"": 123, ""removed"": 414}, ""quality_or_theme_hard"": {""before"": 349, ""pass_rate"": 0.3524355300859599, ""remaining"": 123, ""removed"": 98}}, ""n_filtered"": 123, ""n_input"": 635, ""n_ranked"": 60, ""near_miss"": {""reasons"": [{""count"": 7, ""layer"": ""base_hard"", ""pct"": 0.011023622047244094, ""reason"": ""channel_bucket_match""}, {""count"": 2, ""layer"": ""valuation_hard"", ""pct"": 0.0031496062992125984, ""reason"": ""trend_min_return_60d""}, {""count"": 2, ""layer"": ""base_hard"", ""pct"": 0.0031496062992125984, ""reason"": ""trend_min_avg_dollar_volume_20d""}, {""count"": 2, ""layer"": ""valuation_hard"", ""pct"": 0.0031496062992125984, ""reason"": ""max_ps_hist_percentile""}, {""count"": 1, ""layer"": ""valuation_hard"", ""pct"": 0.0015748031496062992, ""reason"": ""max_pe_hist_percentile""}], ""top_count"": 7, ""top_pct"": 0.011023622047244094, ""top_reason"": ""channel_bucket_match""}}, ""core_ai"": {""first_fail"": {""top_count"": 276, ""top_pct"": 0.4346, ""top_reason"": ""min_dollar_volume""}, ""layer_summary"": {""base_hard"": {""before"": 635, ""pass_rate"": 0.13543307086614173, ""remaining"": 86, ""removed"": 451}, ""quality_or_theme_hard"": {""before"": 349, ""pass_rate"": 0.24641833810888253, ""remaining"": 86, ""removed"": 98}}, ""n_filtered"": 86, ""n_input"": 635, ""n_ranked"": 24, ""near_miss"": {""reasons"": [{""count"": 2, ""layer"": ""quality_or_theme_hard"", ""pct"": 0.0031496062992125984, ""reason"": ""min_ai_link_score""}, {""count"": 1, ""layer"": ""quality_or_theme_hard"", ""pct"": 0.0015748031496062992, ""reason"": ""max_ev_to_ebit""}, {""count"": 1, ""layer"": ""valuation_hard"", ""pct"": 0.0015748031496062992, ""reason"": ""trend_min_return_60d""}, {""count"": 1, ""layer"": ""base_hard"", ""pct"": 0.0015748031496062992, ""reason"": ""trend_min_avg_dollar_volume_20d""}, {""count"": 1, ""layer"": ""base_hard"", ""pct"": 0.0015748031496062992, ""reason"": ""channel_bucket_match""}], ""top_count"": 2, ""top_pct"": 0.0031496062992125984, ""top_reason"": ""min_ai_link_score""}}}",,union_superset_approx
base,replay_base_2023-11-30,2023-11-30T00:00:00+00:00,2023-11-30,momentum,"['CRM', 'AVGO', 'NVDA', 'MSFT', 'ORCL', 'TSLA', 'KLAC', 'NFLX', 'LRCX', 'AMZN', 'CCI', 'PWR', 'SNOW', 'PH', 'CAT', 'CSX', 'UNP', 'D', 'NUE', 'ETN', 'BA']",21,0.03764373182509417,up,"{""ai_enabler"": 10, ""ai_peripheral"": 10, ""core_ai"": 10}","{""ai_enabler"": [""CRM"", ""CCI"", ""PWR"", ""NVDA"", ""AVGO"", ""TSLA"", ""KLAC"", ""NFLX"", ""LRCX"", ""SNOW""], ""ai_peripheral"": [""CCI"", ""PWR"", ""PH"", ""CAT"", ""CSX"", ""UNP"", ""D"", ""NUE"", ""ETN"", ""BA""], ""core_ai"": [""CRM"", ""AVGO"", ""NVDA"", ""MSFT"", ""ORCL"", ""TSLA"", ""KLAC"", ""NFLX"", ""LRCX"", ""AMZN""]}","{""ai_enabler"": {""first_fail"": {""top_count"": 276, ""top_pct"": 0.4346, ""top_reason"": ""min_dollar_volume""}, ""layer_summary"": {""base_hard"": {""before"": 635, ""pass_rate"": 0.3952755905511811, ""remaining"": 251, ""removed"": 286}, ""quality_or_theme_hard"": {""before"": 349, ""pass_rate"": 0.7191977077363897, ""remaining"": 251, ""removed"": 98}}, ""n_filtered"": 251, ""n_input"": 635, ""n_ranked"": 72, ""near_miss"": {""reasons"": [{""count"": 3, ""layer"": ""valuation_hard"", ""pct"": 0.004724409448818898, ""reason"": ""momentum_min_return_60d""}, {""count"": 3, ""layer"": ""base_hard"", ""pct"": 0.004724409448818898, ""reason"": ""momentum_min_avg_dollar_volume_20d""}, {""count"": 1, ""layer"": ""quality_or_theme_hard"", ""pct"": 0.0015748031496062992, ""reason"": ""max_ev_to_ebit""}, {""count"": 1, ""layer"": ""quality_or_theme_hard"", ""pct"": 0.0015748031496062992, ""reason"": ""min_interest_coverage""}], ""top_count"": 3, ""top_pct"": 0.004724409448818898, ""top_reason"": ""momentum_min_return_60d""}}, ""ai_peripheral"": {""first_fail"": {""top_count"": 276, ""top_pct"": 0.4346, ""top_reason"": ""min_dollar_volume""}, ""layer_summary"": {""base_hard"": {""before"": 635, ""pass_rate"": 0.19370078740157481, ""remaining"": 123, ""removed"": 414}, ""quality_or_theme_hard"": {""before"": 349, ""pass_rate"": 0.3524355300859599, ""remaining"": 123, ""removed"": 98}}, ""n_filtered"": 123, ""n_input"": 635, ""n_ranked"": 60, ""near_miss"": {""reasons"": [{""count"": 4, ""layer"": ""base_hard"", ""pct"": 0.006299212598425197, ""reason"": ""channel_bucket_match""}, {""count"": 1, ""layer"": ""valuation_hard"", ""pct"": 0.0015748031496062992, ""reason"": ""momentum_min_return_60d""}, {""count"": 1, ""layer"": ""valuation_hard"", ""pct"": 0.0015748031496062992, ""reason"": ""max_ps_hist_percentile""}, {""count"": 1, ""layer"": ""valuation_hard"", ""pct"": 0.0015748031496062992, ""reason"": ""max_pe_hist_percentile""}], ""top_count"": 4, ""top_pct"": 0.006299212598425197, ""top_reason"": ""channel_bucket_match""}}, ""core_ai"": {""first_fail"": {""top_count"": 276, ""top_pct"": 0.4346, ""top_reason"": ""min_dollar_volume""}, ""layer_summary"": {""base_hard"": {""before"": 635, ""pass_rate"": 0.13543307086614173, ""remaining"": 86, ""removed"": 451}, ""quality_or_theme_hard"": {""before"": 349, ""pass_rate"": 0.24641833810888253, ""remaining"": 86, ""removed"": 98}}, ""n_filtered"": 86, ""n_input"": 635, ""n_ranked"": 24, ""near_miss"": {""reasons"": [{""count"": 1, ""layer"": ""quality_or_theme_hard"", ""pct"": 0.0015748031496062992, ""reason"": ""max_ev_to_ebit""}, {""count"": 1, ""layer"": ""valuation_hard"", ""pct"": 0.0015748031496062992, ""reason"": ""momentum_min_return_60d""}, {""count"": 1, ""layer"": ""quality_or_theme_hard"", ""pct"": 0.0015748031496062992, ""reason"": ""min_ai_link_score""}], ""top_count"": 1, ""top_pct"": 0.0015748031496062992, ""top_reason"": ""max_ev_to_ebit""}}}",,union_superset_approx
base,replay_base_2023-11-30,2023-11-30T00:00:00+00:00,2023-11-30,research_pool,"['LMT', 'EME', 'JCI', 'TT', 'PH', 'HPE', 'NUE', 'VRT', 'ETN', 'PWR', 'SLB', 'IESC', 'ALB', 'GPK', 'VLO', 'DAL', 'EEFT', 'KIM', 'KEX', 'EXLS', 'ANET', 'AVGO', 'NVDA', 'ON', 'SMCI', 'CAT', 'PYPL', 'LHX', 'NOW', 'MCHP']",30,0.03764373182509417,up,"{""ai_enabler"": 10, ""ai_peripheral"": 10, ""core_ai"": 10}","{""ai_enabler"": [""LMT"", ""EME"", ""JCI"", ""TT"", ""PH"", ""HPE"", ""NUE"", ""VRT"", ""ETN"", ""PWR""], ""ai_peripheral"": [""SLB"", ""IESC"", ""ALB"", ""GPK"", ""VLO"", ""DAL"", ""EEFT"", ""KIM"", ""KEX"", ""EXLS""], ""core_ai"": [""ANET"", ""AVGO"", ""NVDA"", ""ON"", ""SMCI"", ""CAT"", ""PYPL"", ""LHX"", ""NOW"", ""MCHP""]}","{""ai_enabler"": {""n_filtered"": 71, ""n_input"": 635, ""n_ranked"": 71, ""priority_counts"": {""research_now"": 7, ""theme_only"": 59, ""watch_for_pullback"": 5}}, ""ai_peripheral"": {""n_filtered"": 51, ""n_input"": 635, ""n_ranked"": 51, ""priority_counts"": {""left_side_watch"": 1, ""theme_only"": 50}}, ""core_ai"": {""n_filtered"": 42, ""n_input"": 635, ""n_ranked"": 42, ""priority_counts"": {""left_side_watch"": 2, ""research_now"": 8, ""theme_only"": 19, ""watch_for_pullback"": 13}}}",,union_superset_approx
base,replay_base_2023-12-29,2023-12-29T00:00:00+00:00,2023-12-29,low_value,"['CSCO', 'PYPL', 'ON', 'ABNB', 'TSLA', 'TXN', 'FTNT', 'ZM', 'TER', 'JCI', 'LMT', 'MCHP', 'LHX', 'NSC', 'CSX', 'NUE', 'EQIX']",17,0.13827421327699296,up,"{""ai_enabler"": 10, ""ai_peripheral"": 8, ""core_ai"": 9}","{""ai_enabler"": [""PYPL"", ""CSCO"", ""JCI"", ""ON"", ""LMT"", ""MCHP"", ""ABNB"", ""LHX"", ""TSLA"", ""NSC""], ""ai_peripheral"": [""PYPL"", ""JCI"", ""LMT"", ""CSX"", ""LHX"", ""NSC"", ""NUE"", ""EQIX""], ""core_ai"": [""CSCO"", ""PYPL"", ""ON"", ""ABNB"", ""TSLA"", ""TXN"", ""FTNT"", ""ZM"", ""TER""]}","{""ai_enabler"": {""first_fail"": {""top_count"": 331, ""top_pct"": 0.5213, ""top_reason"": ""min_dollar_volume""}, ""layer_summary"": {""base_hard"": {""before"": 635, ""pass_rate"": 0.1921259842519685, ""remaining"": 122, ""removed"": 342}, ""quality_or_theme_hard"": {""before"": 154, ""pass_rate"": 0.7922077922077922, ""remaining"": 122, ""removed"": 32}, ""valuation_hard"": {""before"": 293, ""pass_rate"": 0.5255972696245734, ""remaining"": 154, ""removed"": 139}}, ""n_filtered"": 122, ""n_input"": 635, ""n_ranked"": 15, ""near_miss"": {""reasons"": [{""count"": 2, ""layer"": ""valuation_hard"", ""pct"": 0.0031496062992125984, ""reason"": ""min_value_discount_any""}], ""top_count"": 2, ""top_pct"": 0.0031496062992125984, ""top_reason"": ""min_value_discount_any""}}, ""ai_peripheral"": {""first_fail"": {""top_count"": 331, ""top_pct"": 0.5213, ""top_reason"": ""min_dollar_volume""}, ""layer_summary"": {""base_hard"": {""before"": 635, ""pass_rate"": 0.13385826771653545, ""remaining"": 85, ""removed"": 393}, ""quality_or_theme_hard"": {""before"": 171, ""pass_rate"": 0.7953216374269005, ""remaining"": 136, ""removed"": 35}, ""valuation_hard"": {""before"": 293, ""pass_rate"": 0.5836177474402731, ""remaining"": 171, ""removed"": 122}}, ""n_filtered"": 85, ""n_input"": 635, ""n_ranked"": 8, ""near_miss"": {""reasons"": [{""count"": 3, ""layer"": ""base_hard"", ""pct"": 0.004724409448818898, ""reason"": ""channel_bucket_match""}, {""count"": 1, ""layer"": ""base_hard"", ""pct"": 0.0015748031496062992, ""reason"": ""min_avg_dollar_volume_20d""}], ""top_count"": 3, ""top_pct"": 0.004724409448818898, ""top_reason"": ""channel_bucket_match""}}, ""core_ai"": {""first_fail"": {""top_count"": 331, ""top_pct"": 0.5213, ""top_reason"": ""min_dollar_volume""}, ""layer_summary"": {""base_hard"": {""before"": 635, ""pass_rate"": 0.026771653543307086, ""remaining"": 17, ""removed"": 418}, ""quality_or_theme_hard"": {""before"": 119, ""pass_rate"": 0.7815126050420168, ""remaining"": 93, ""removed"": 26}, ""valuation_hard"": {""before"": 293, ""pass_rate"": 0.4061433447098976, ""remaining"": 119, ""removed"": 174}}, ""n_filtered"": 17, ""n_input"": 635, ""n_ranked"": 9, ""near_miss"": {""reasons"": [{""count"": 1, ""layer"": ""base_hard"", ""pct"": 0.0015748031496062992, ""reason"": ""min_avg_dollar_volume_20d""}, {""count"": 1, ""layer"": ""base_hard"", ""pct"": 0.0015748031496062992, ""reason"": ""channel_bucket_match""}], ""top_count"": 1, ""top_pct"": 0.0015748031496062992, ""top_reason"": ""min_avg_dollar_volume_20d""}}}",,union_superset_approx
base,replay_base_2023-12-29,2023-12-29T00:00:00+00:00,2023-12-29,industry_trend,"['AVGO', 'NVDA', 'CAT', 'GOOGL', 'AMZN', 'META', 'MSFT', 'CSCO', 'NFLX', 'TSLA', 'PWR', 'GOOG', 'DE', 'UNP', 'FCX', 'ETN', 'PH', 'CSX', 'LMT', 'PYPL']",20,0.13827421327699296,up,"{""ai_enabler"": 10, ""ai_peripheral"": 10, ""core_ai"": 10}","{""ai_enabler"": [""AVGO"", ""CAT"", ""NVDA"", ""GOOGL"", ""PWR"", ""AMZN"", ""CSCO"", ""META"", ""GOOG"", ""DE""], ""ai_peripheral"": [""CAT"", ""DE"", ""PWR"", ""UNP"", ""FCX"", ""ETN"", ""PH"", ""CSX"", ""LMT"", ""PYPL""], ""core_ai"": [""AVGO"", ""NVDA"", ""CAT"", ""GOOGL"", ""AMZN"", ""META"", ""MSFT"", ""CSCO"", ""NFLX"", ""TSLA""]}","{""ai_enabler"": {""first_fail"": {""top_count"": 331, ""top_pct"": 0.5213, ""top_reason"": ""min_dollar_volume""}, ""layer_summary"": {""base_hard"": {""before"": 635, ""pass_rate"": 0.3826771653543307, ""remaining"": 243, ""removed"": 342}, ""quality_or_theme_hard"": {""before"": 293, ""pass_rate"": 0.8293515358361775, ""remaining"": 243, ""removed"": 50}}, ""n_filtered"": 243, ""n_input"": 635, ""n_ranked"": 74, ""near_miss"": {""reasons"": [{""count"": 2, ""layer"": ""base_hard"", ""pct"": 0.0031496062992125984, ""reason"": ""trend_min_avg_dollar_volume_20d""}, {""count"": 2, ""layer"": ""quality_or_theme_hard"", ""pct"": 0.0031496062992125984, ""reason"": ""min_ai_link_score""}, {""count"": 1, ""layer"": ""quality_or_theme_hard"", ""pct"": 0.0015748031496062992, ""reason"": ""max_ev_to_ebit""}, {""count"": 1, ""layer"": ""valuation_hard"", ""pct"": 0.0015748031496062992, ""reason"": ""trend_min_return_60d""}, {""count"": 1, ""layer"": ""quality_or_theme_hard"", ""pct"": 0.0015748031496062992, ""reason"": ""max_shares_yoy""}], ""top_count"": 2, ""top_pct"": 0.0031496062992125984, ""top_reason"": ""trend_min_avg_dollar_volume_20d""}}, ""ai_peripheral"": {""first_fail"": {""top_count"": 331, ""top_pct"": 0.5213, ""top_reason"": ""min_dollar_volume""}, ""layer_summary"": {""base_hard"": {""before"": 635, ""pass_rate"": 0.1858267716535433, ""remaining"": 118, ""removed"": 467}, ""quality_or_theme_hard"": {""before"": 293, ""pass_rate"": 0.40273037542662116, ""remaining"": 118, ""removed"": 50}}, ""n_filtered"": 118, ""n_input"": 635, ""n_ranked"": 58, ""near_miss"": {""reasons"": [{""count"": 8, ""layer"": ""base_hard"", ""pct"": 0.012598425196850394, ""reason"": ""channel_bucket_match""}, {""count"": 2, ""layer"": ""valuation_hard"", ""pct"": 0.0031496062992125984, ""reason"": ""max_ps_hist_percentile""}, {""count"": 1, ""layer"": ""base_hard"", ""pct"": 0.0015748031496062992, ""reason"": ""trend_min_avg_dollar_volume_20d""}, {""count"": 1, ""layer"": ""quality_or_theme_hard"", ""pct"": 0.0015748031496062992, ""reason"": ""min_ai_link_score""}], ""top_count"": 8, ""top_pct"": 0.012598425196850394, ""top_reason"": ""channel_bucket_match""}}, ""core_ai"": {""first_fail"": {""top_count"": 331, ""top_pct"": 0.5213, ""top_reason"": ""min_dollar_volume""}, ""layer_summary"": {""base_hard"": {""before"": 635, ""pass_rate"": 0.13070866141732285, ""remaining"": 83, ""removed"": 502}, ""quality_or_theme_hard"": {""before"": 293, ""pass_rate"": 0.2832764505119454, ""remaining"": 83, ""removed"": 50}}, ""n_filtered"": 83, ""n_input"": 635, ""n_ranked"": 24, ""near_miss"": {""reasons"": [{""count"": 3, ""layer"": ""base_hard"", ""pct"": 0.004724409448818898, ""reason"": ""trend_min_avg_dollar_volume_20d""}, {""count"": 1, ""layer"": ""valuation_hard"", ""pct"": 0.0015748031496062992, ""reason"": ""trend_min_return_60d""}, {""count"": 1, ""layer"": ""quality_or_theme_hard"", ""pct"": 0.0015748031496062992, ""reason"": ""max_shares_yoy""}, {""count"": 1, ""layer"": ""base_hard"", ""pct"": 0.0015748031496062992, ""reason"": ""channel_bucket_match""}, {""count"": 1, ""layer"": ""quality_or_theme_hard"", ""pct"": 0.0015748031496062992, ""reason"": ""min_ai_link_score""}], ""top_count"": 3, ""top_pct"": 0.004724409448818898, ""top_reason"": ""trend_min_avg_dollar_volume_20d""}}}",,union_superset_approx
base,replay_base_2023-12-29,2023-12-29T00:00:00+00:00,2023-12-29,momentum,"['AVGO', 'CAT', 'NVDA', 'GOOGL', 'META', 'ON', 'CSCO', 'ANET', 'CRM', 'AMZN', 'PWR', 'DE', 'UNP', 'FCX', 'CSX', 'ETN', 'PH', 'CRH', 'VRT']",19,0.13827421327699296,up,"{""ai_enabler"": 10, ""ai_peripheral"": 10, ""core_ai"": 10}","{""ai_enabler"": [""AVGO"", ""CAT"", ""PWR"", ""NVDA"", ""GOOGL"", ""ON"", ""DE"", ""CSCO"", ""UNP"", ""META""], ""ai_peripheral"": [""CAT"", ""PWR"", ""DE"", ""FCX"", ""UNP"", ""CSX"", ""ETN"", ""PH"", ""CRH"", ""VRT""], ""core_ai"": [""AVGO"", ""CAT"", ""NVDA"", ""GOOGL"", ""META"", ""ON"", ""CSCO"", ""ANET"", ""CRM"", ""AMZN""]}","{""ai_enabler"": {""first_fail"": {""top_count"": 331, ""top_pct"": 0.5213, ""top_reason"": ""min_dollar_volume""}, ""layer_summary"": {""base_hard"": {""before"": 635, ""pass_rate"": 0.3826771653543307, ""remaining"": 243, ""removed"": 342}, ""quality_or_theme_hard"": {""before"": 293, ""pass_rate"": 0.8293515358361775, ""remaining"": 243, ""removed"": 50}}, ""n_filtered"": 243, ""n_input"": 635, ""n_ranked"": 74, ""near_miss"": {""reasons"": [{""count"": 2, ""layer"": ""base_hard"", ""pct"": 0.0031496062992125984, ""reason"": ""momentum_min_avg_dollar_volume_20d""}, {""count"": 1, ""layer"": ""valuation_hard"", ""pct"": 0.0015748031496062992, ""reason"": ""momentum_min_return_20d""}, {""count"": 1, ""layer"": ""valuation_hard"", ""pct"": 0.0015748031496062992, ""reason"": ""momentum_min_price_to_sma200""}, {""count"": 1, ""layer"": ""quality_or_theme_hard"", ""pct"": 0.0015748031496062992, ""reason"": ""max_shares_yoy""}, {""count"": 1, ""layer"": ""valuation_hard"", ""pct"": 0.0015748031496062992, ""reason"": ""max_ps_hist_percentile""}], ""top_count"": 2, ""top_pct"": 0.0031496062992125984, ""top_reason"": ""momentum_min_avg_dollar_volume_20d""}}, ""ai_peripheral"": {""first_fail"": {""top_count"": 331, ""top_pct"": 0.5213, ""top_reason"": ""min_dollar_volume""}, ""layer_summary"": {""base_hard"": {""before"": 635, ""pass_rate"": 0.1858267716535433, ""remaining"": 118, ""removed"": 467}, ""quality_or_theme_hard"": {""before"": 293, ""pass_rate"": 0.40273037542662116, ""remaining"": 118, ""removed"": 50}}, ""n_filtered"": 118, ""n_input"": 635, ""n_ranked"": 58, ""near_miss"": {""reasons"": [{""count"": 4, ""layer"": ""base_hard"", ""pct"": 0.006299212598425197, ""reason"": ""channel_bucket_match""}, {""count"": 2, ""layer"": ""valuation_hard"", ""pct"": 0.0031496062992125984, ""reason"": ""max_ps_hist_percentile""}, {""count"": 1, ""layer"": ""valuation_hard"", ""pct"": 0.0015748031496062992, ""reason"": ""momentum_min_price_to_sma200""}, {""count"": 1, ""layer"": ""base_hard"", ""pct"": 0.0015748031496062992, ""reason"": ""momentum_min_avg_dollar_volume_20d""}], ""top_count"": 4, ""top_pct"": 0.006299212598425197, ""top_reason"": ""channel_bucket_match""}}, ""core_ai"": {""first_fail"": {""top_count"": 331, ""top_pct"": 0.5213, ""top_reason"": ""min_dollar_volume""}, ""layer_summary"": {""base_hard"": {""before"": 635, ""pass_rate"": 0.13070866141732285, ""remaining"": 83, ""removed"": 502}, ""quality_or_theme_hard"": {""before"": 293, ""pass_rate"": 0.2832764505119454, ""remaining"": 83, ""removed"": 50}}, ""n_filtered"": 83, ""n_input"": 635, ""n_ranked"": 24, ""near_miss"": {""reasons"": [{""count"": 1, ""layer"": ""valuation_hard"", ""pct"": 0.0015748031496062992, ""reason"": ""momentum_min_return_20d""}, {""count"": 1, ""layer"": ""base_hard"", ""pct"": 0.0015748031496062992, ""reason"": ""momentum_min_avg_dollar_volume_20d""}, {""count"": 1, ""layer"": ""quality_or_theme_hard"", ""pct"": 0.0015748031496062992, ""reason"": ""max_shares_yoy""}, {""count"": 1, ""layer"": ""valuation_hard"", ""pct"": 0.0015748031496062992, ""reason"": ""max_ps_hist_percentile""}, {""count"": 1, ""layer"": ""quality_or_theme_hard"", ""pct"": 0.0015748031496062992, ""reason"": ""min_ai_link_score""}], ""top_count"": 1, ""top_pct"": 0.0015748031496062992, ""top_reason"": ""momentum_min_return_20d""}}}",,union_superset_approx
base,replay_base_2023-12-29,2023-12-29T00:00:00+00:00,2023-12-29,research_pool,"['LMT', 'EME', 'JCI', 'TT', 'PH', 'LEU', 'MLM', 'CSX', 'ACN', 'CHKP', 'IESC', 'GPK', 'DAL', 'ALB', 'EEFT', 'EXLS', 'SLB', 'EXP', 'G', 'KEX', 'ANET', 'CSCO', 'NVDA', 'AVGO', 'CAT', 'ON', 'PYPL', 'LHX', 'QCOM', 'NOW']",30,0.13827421327699296,up,"{""ai_enabler"": 10, ""ai_peripheral"": 10, ""core_ai"": 10}","{""ai_enabler"": [""LMT"", ""EME"", ""JCI"", ""TT"", ""PH"", ""LEU"", ""MLM"", ""CSX"", ""ACN"", ""CHKP""], ""ai_peripheral"": [""IESC"", ""GPK"", ""DAL"", ""ALB"", ""EEFT"", ""EXLS"", ""SLB"", ""EXP"", ""G"", ""KEX""], ""core_ai"": [""ANET"", ""CSCO"", ""NVDA"", ""AVGO"", ""CAT"", ""ON"", ""PYPL"", ""LHX"", ""QCOM"", ""NOW""]}","{""ai_enabler"": {""n_filtered"": 70, ""n_input"": 635, ""n_ranked"": 70, ""priority_counts"": {""research_now"": 11, ""theme_only"": 54, ""watch_for_pullback"": 5}}, ""ai_peripheral"": {""n_filtered"": 49, ""n_input"": 635, ""n_ranked"": 49, ""priority_counts"": {""theme_only"": 49}}, ""core_ai"": {""n_filtered"": 47, ""n_input"": 635, ""n_ranked"": 47, ""priority_counts"": {""left_side_watch"": 1, ""research_now"": 9, ""theme_only"": 20, ""watch_for_pullback"": 17}}}",,union_superset_approx
base,replay_base_2024-01-31,2024-01-31T00:00:00+00:00,2024-01-31,low_value,"['CSCO', 'ORCL', 'PYPL', 'GOOGL', 'ON', 'MCHP', 'LHX', 'NXPI', 'DIS', 'AAPL', 'JCI', 'CAT', 'PH', 'UNP', 'ETN', 'ACN', 'GD', 'NSC']",18,0.14713731532175967,up,"{""ai_enabler"": 10, ""ai_peripheral"": 10, ""core_ai"": 10}","{""ai_enabler"": [""ORCL"", ""PYPL"", ""CSCO"", ""JCI"", ""ON"", ""GOOGL"", ""MCHP"", ""NXPI"", ""LHX"", ""DIS""], ""ai_peripheral"": [""PYPL"", ""JCI"", ""CAT"", ""PH"", ""LHX"", ""UNP"", ""ETN"", ""ACN"", ""GD"", ""NSC""], ""core_ai"": [""CSCO"", ""ORCL"", ""PYPL"", ""GOOGL"", ""ON"", ""MCHP"", ""LHX"", ""NXPI"", ""DIS"", ""AAPL""]}","{""ai_enabler"": {""first_fail"": {""top_count"": 257, ""top_pct"": 0.4035, ""top_reason"": ""min_dollar_volume""}, ""layer_summary"": {""base_hard"": {""before"": 637, ""pass_rate"": 0.22135007849293564, ""remaining"": 141, ""removed"": 266}, ""quality_or_theme_hard"": {""before"": 225, ""pass_rate"": 0.6266666666666667, ""remaining"": 141, ""removed"": 84}, ""valuation_hard"": {""before"": 371, ""pass_rate"": 0.6064690026954178, ""remaining"": 225, ""removed"": 146}}, ""n_filtered"": 141, ""n_input"": 637, ""n_ranked"": 16, ""near_miss"": {""reasons"": [{""count"": 2, ""layer"": ""valuation_hard"", ""pct"": 0.0031397174254317113, ""reason"": ""min_value_discount_any""}, {""count"": 1, ""layer"": ""valuation_hard"", ""pct"": 0.0015698587127158557, ""reason"": ""max_price_to_sma200""}, {""count"": 1, ""layer"": ""valuation_hard"", ""pct"": 0.0015698587127158557, ""reason"": ""min_return_20d""}, {""count"": 1, ""layer"": ""base_hard"", ""pct"": 0.0015698587127158557, ""reason"": ""min_avg_dollar_volume_20d""}, {""count"": 1, ""layer"": ""valuation_hard"", ""pct"": 0.0015698587127158557, ""reason"": ""max_ps_hist_percentile""}], ""top_count"": 2, ""top_pct"": 0.0031397174254317113, ""top_reason"": ""min_value_discount_any""}}, ""ai_peripheral"": {""first_fail"": {""top_count"": 257, ""top_pct"": 0.4035, ""top_reason"": ""min_dollar_volume""}, ""layer_summary"": {""base_hard"": {""before"": 637, ""pass_rate"": 0.16012558869701726, ""remaining"": 102, ""removed"": 339}, ""quality_or_theme_hard"": {""before"": 271, ""pass_rate"": 0.6457564575645757, ""remaining"": 175, ""removed"": 96}, ""valuation_hard"": {""before"": 371, ""pass_rate"": 0.7304582210242587, ""remaining"": 271, ""removed"": 100}}, ""n_filtered"": 102, ""n_input"": 637, ""n_ranked"": 15, ""near_miss"": {""reasons"": [{""count"": 4, ""layer"": ""base_hard"", ""pct"": 0.006279434850863423, ""reason"": ""channel_bucket_match""}, {""count"": 2, ""layer"": ""base_hard"", ""pct"": 0.0031397174254317113, ""reason"": ""min_avg_dollar_volume_20d""}, {""count"": 1, ""layer"": ""quality_or_theme_hard"", ""pct"": 0.0015698587127158557, ""reason"": ""min_current_ratio""}], ""top_count"": 4, ""top_pct"": 0.006279434850863423, ""top_reason"": ""channel_bucket_match""}}, ""core_ai"": {""first_fail"": {""top_count"": 257, ""top_pct"": 0.4035, ""top_reason"": ""min_dollar_volume""}, ""layer_summary"": {""base_hard"": {""before"": 637, ""pass_rate"": 0.0423861852433281, ""remaining"": 27, ""removed"": 357}, ""quality_or_theme_hard"": {""before"": 190, ""pass_rate"": 0.6210526315789474, ""remaining"": 118, ""removed"": 72}, ""valuation_hard"": {""before"": 371, ""pass_rate"": 0.5121293800539084, ""remaining"": 190, ""removed"": 181}}, ""n_filtered"": 27, ""n_input"": 637, ""n_ranked"": 12, ""near_miss"": {""reasons"": [], ""top_count"": 0, ""top_pct"": 0.0, ""top_reason"": """"}}}",,union_superset_approx
base,replay_base_2024-01-31,2024-01-31T00:00:00+00:00,2024-01-31,industry_trend,"['NVDA', 'AVGO', 'MSFT', 'NFLX', 'ANET', 'GOOGL', 'META', 'AMZN', 'IBM', 'CSCO', 'CRM', 'CAT', 'ETN', 'CSX', 'PH', 'GD', 'UNP', 'ACN', 'DE', 'NUE', 'TT']",21,0.14713731532175967,up,"{""ai_enabler"": 10, ""ai_peripheral"": 10, ""core_ai"": 10}","{""ai_enabler"": [""NVDA"", ""AVGO"", ""ANET"", ""NFLX"", ""IBM"", ""MSFT"", ""AMZN"", ""META"", ""CRM"", ""CSCO""], ""ai_peripheral"": [""CAT"", ""ETN"", ""CSX"", ""PH"", ""GD"", ""UNP"", ""ACN"", ""DE"", ""NUE"", ""TT""], ""core_ai"": [""NVDA"", ""AVGO"", ""MSFT"", ""NFLX"", ""ANET"", ""GOOGL"", ""META"", ""AMZN"", ""IBM"", ""CSCO""]}","{""ai_enabler"": {""first_fail"": {""top_count"": 257, ""top_pct"": 0.4035, ""top_reason"": ""min_dollar_volume""}, ""layer_summary"": {""base_hard"": {""before"": 637, ""pass_rate"": 0.39089481946624804, ""remaining"": 249, ""removed"": 266}, ""quality_or_theme_hard"": {""before"": 371, ""pass_rate"": 0.6711590296495957, ""remaining"": 249, ""removed"": 122}}, ""n_filtered"": 249, ""n_input"": 637, ""n_ranked"": 76, ""near_miss"": {""reasons"": [{""count"": 4, ""layer"": ""base_hard"", ""pct"": 0.006279434850863423, ""reason"": ""trend_min_avg_dollar_volume_20d""}, {""count"": 2, ""layer"": ""valuation_hard"", ""pct"": 0.0031397174254317113, ""reason"": ""max_ps_hist_percentile""}, {""count"": 1, ""layer"": ""quality_or_theme_hard"", ""pct"": 0.0015698587127158557, ""reason"": ""max_ev_to_ebit""}, {""count"": 1, ""layer"": ""valuation_hard"", ""pct"": 0.0015698587127158557, ""reason"": ""trend_min_return_60d""}, {""count"": 1, ""layer"": ""quality_or_theme_hard"", ""pct"": 0.0015698587127158557, ""reason"": ""max_shares_yoy""}], ""top_count"": 4, ""top_pct"": 0.006279434850863423, ""top_reason"": ""trend_min_avg_dollar_volume_20d""}}, ""ai_peripheral"": {""first_fail"": {""top_count"": 257, ""top_pct"": 0.4035, ""top_reason"": ""min_dollar_volume""}, ""layer_summary"": {""base_hard"": {""before"": 637, ""pass_rate"": 0.18838304552590268, ""remaining"": 120, ""removed"": 395}, ""quality_or_theme_hard"": {""before"": 371, ""pass_rate"": 0.32345013477088946, ""remaining"": 120, ""removed"": 122}}, ""n_filtered"": 120, ""n_input"": 637, ""n_ranked"": 61, ""near_miss"": {""reasons"": [{""count"": 8, ""layer"": ""base_hard"", ""pct"": 0.012558869701726845, ""reason"": ""channel_bucket_match""}, {""count"": 2, ""layer"": ""base_hard"", ""pct"": 0.0031397174254317113, ""reason"": ""trend_min_avg_dollar_volume_20d""}, {""count"": 1, ""layer"": ""valuation_hard"", ""pct"": 0.0015698587127158557, ""reason"": ""trend_min_return_60d""}, {""count"": 1, ""layer"": ""quality_or_theme_hard"", ""pct"": 0.0015698587127158557, ""reason"": ""min_current_ratio""}, {""count"": 1, ""layer"": ""valuation_hard"", ""pct"": 0.0015698587127158557, ""reason"": ""max_ps_hist_percentile""}], ""top_count"": 8, ""top_pct"": 0.012558869701726845, ""top_reason"": ""channel_bucket_match""}}, ""core_ai"": {""first_fail"": {""top_count"": 257, ""top_pct"": 0.4035, ""top_reason"": ""min_dollar_volume""}, ""layer_summary"": {""base_hard"": {""before"": 637, ""pass_rate"": 0.13657770800627944, ""remaining"": 87, ""removed"": 428}, ""quality_or_theme_hard"": {""before"": 371, ""pass_rate"": 0.23450134770889489, ""remaining"": 87, ""removed"": 122}}, ""n_filtered"": 87, ""n_input"": 637, ""n_ranked"": 25, ""near_miss"": {""reasons"": [{""count"": 3, ""layer"": ""base_hard"", ""pct"": 0.004709576138147566, ""reason"": ""trend_min_avg_dollar_volume_20d""}, {""count"": 1, ""layer"": ""quality_or_theme_hard"", ""pct"": 0.0015698587127158557, ""reason"": ""max_ev_to_ebit""}, {""count"": 1, ""layer"": ""quality_or_theme_hard"", ""pct"": 0.0015698587127158557, ""reason"": ""max_shares_yoy""}, {""count"": 1, ""layer"": ""quality_or_theme_hard"", ""pct"": 0.0015698587127158557, ""reason"": ""min_ai_link_score""}], ""top_count"": 3, ""top_pct"": 0.004709576138147566, ""top_reason"": ""trend_min_avg_dollar_volume_20d""}}}",,union_superset_approx
base,replay_base_2024-01-31,2024-01-31T00:00:00+00:00,2024-01-31,momentum,"['NVDA', 'AVGO', 'NFLX', 'IBM', 'ANET', 'MSFT', 'CRM', 'META', 'AMZN', 'MRVL', 'LRCX', 'CAT', 'CSX', 'ETN', 'NUE', 'PH', 'UNP', 'CRH', 'GD', 'RTX', 'VRT']",21,0.14713731532175967,up,"{""ai_enabler"": 10, ""ai_peripheral"": 10, ""core_ai"": 10}","{""ai_enabler"": [""NVDA"", ""AVGO"", ""NFLX"", ""IBM"", ""ANET"", ""CRM"", ""META"", ""MSFT"", ""AMZN"", ""LRCX""], ""ai_peripheral"": [""CAT"", ""CSX"", ""ETN"", ""NUE"", ""PH"", ""UNP"", ""CRH"", ""GD"", ""RTX"", ""VRT""], ""core_ai"": [""NVDA"", ""AVGO"", ""NFLX"", ""IBM"", ""ANET"", ""MSFT"", ""CRM"", ""META"", ""AMZN"", ""MRVL""]}","{""ai_enabler"": {""first_fail"": {""top_count"": 257, ""top_pct"": 0.4035, ""top_reason"": ""min_dollar_volume""}, ""layer_summary"": {""base_hard"": {""before"": 637, ""pass_rate"": 0.39089481946624804, ""remaining"": 249, ""removed"": 266}, ""quality_or_theme_hard"": {""before"": 371, ""pass_rate"": 0.6711590296495957, ""remaining"": 249, ""removed"": 122}}, ""n_filtered"": 249, ""n_input"": 637, ""n_ranked"": 76, ""near_miss"": {""reasons"": [{""count"": 2, ""layer"": ""base_hard"", ""pct"": 0.0031397174254317113, ""reason"": ""momentum_min_avg_dollar_volume_20d""}, {""count"": 1, ""layer"": ""quality_or_theme_hard"", ""pct"": 0.0015698587127158557, ""reason"": ""max_ev_to_ebit""}, {""count"": 1, ""layer"": ""quality_or_theme_hard"", ""pct"": 0.0015698587127158557, ""reason"": ""max_shares_yoy""}], ""top_count"": 2, ""top_pct"": 0.0031397174254317113, ""top_reason"": ""momentum_min_avg_dollar_volume_20d""}}, ""ai_peripheral"": {""first_fail"": {""top_count"": 257, ""top_pct"": 0.4035, ""top_reason"": ""min_dollar_volume""}, ""layer_summary"": {""base_hard"": {""before"": 637, ""pass_rate"": 0.18838304552590268, ""remaining"": 120, ""removed"": 395}, ""quality_or_theme_hard"": {""before"": 371, ""pass_rate"": 0.32345013477088946, ""remaining"": 120, ""removed"": 122}}, ""n_filtered"": 120, ""n_input"": 637, ""n_ranked"": 61, ""near_miss"": {""reasons"": [{""count"": 5, ""layer"": ""base_hard"", ""pct"": 0.007849293563579277, ""reason"": ""channel_bucket_match""}], ""top_count"": 5, ""top_pct"": 0.007849293563579277, ""top_reason"": ""channel_bucket_match""}}, ""core_ai"": {""first_fail"": {""top_count"": 257, ""top_pct"": 0.4035, ""top_reason"": ""min_dollar_volume""}, ""layer_summary"": {""base_hard"": {""before"": 637, ""pass_rate"": 0.13657770800627944, ""remaining"": 87, ""removed"": 428}, ""quality_or_theme_hard"": {""before"": 371, ""pass_rate"": 0.23450134770889489, ""remaining"": 87, ""removed"": 122}}, ""n_filtered"": 87, ""n_input"": 637, ""n_ranked"": 25, ""near_miss"": {""reasons"": [{""count"": 2, ""layer"": ""base_hard"", ""pct"": 0.0031397174254317113, ""reason"": ""momentum_min_avg_dollar_volume_20d""}, {""count"": 1, ""layer"": ""quality_or_theme_hard"", ""pct"": 0.0015698587127158557, ""reason"": ""max_ev_to_ebit""}, {""count"": 1, ""layer"": ""quality_or_theme_hard"", ""pct"": 0.0015698587127158557, ""reason"": ""max_shares_yoy""}], ""top_count"": 2, ""top_pct"": 0.0031397174254317113, ""top_reason"": ""momentum_min_avg_dollar_volume_20d""}}}",,union_superset_approx
base,replay_base_2024-01-31,2024-01-31T00:00:00+00:00,2024-01-31,research_pool,"['JCI', 'EME', 'TT', 'LEU', 'PH', 'MLM', 'CSX', 'ETN', 'PWR', 'VMC', 'ALB', 'SLB', 'IESC', 'DAL', 'EXLS', 'KEX', 'EEFT', 'GPK', 'EXP', 'G', 'ANET', 'CSCO', 'NVDA', 'AVGO', 'ON', 'PYPL', 'CAT', 'NFLX', 'LHX', 'ORCL']",30,0.14713731532175967,up,"{""ai_enabler"": 10, ""ai_peripheral"": 10, ""core_ai"": 10}","{""ai_enabler"": [""JCI"", ""EME"", ""TT"", ""LEU"", ""PH"", ""MLM"", ""CSX"", ""ETN"", ""PWR"", ""VMC""], ""ai_peripheral"": [""ALB"", ""SLB"", ""IESC"", ""DAL"", ""EXLS"", ""KEX"", ""EEFT"", ""GPK"", ""EXP"", ""G""], ""core_ai"": [""ANET"", ""CSCO"", ""NVDA"", ""AVGO"", ""ON"", ""PYPL"", ""CAT"", ""NFLX"", ""LHX"", ""ORCL""]}","{""ai_enabler"": {""n_filtered"": 63, ""n_input"": 637, ""n_ranked"": 63, ""priority_counts"": {""research_now"": 7, ""theme_only"": 52, ""watch_for_pullback"": 4}}, ""ai_peripheral"": {""n_filtered"": 39, ""n_input"": 637, ""n_ranked"": 39, ""priority_counts"": {""left_side_watch"": 2, ""theme_only"": 37}}, ""core_ai"": {""n_filtered"": 44, ""n_input"": 637, ""n_ranked"": 44, ""priority_counts"": {""left_side_watch"": 1, ""research_now"": 11, ""theme_only"": 16, ""watch_for_pullback"": 16}}}",,union_superset_approx
base,replay_base_2024-02-29,2024-02-29T00:00:00+00:00,2024-02-29,low_value,"['CSCO', 'ORCL', 'PYPL', 'GOOGL', 'TSLA', 'MCHP', 'TXN', 'TER', 'FTNT', 'JCI', 'LHX', 'CSX', 'UNP', 'NSC']",14,0.1260674445441723,up,"{""ai_enabler"": 10, ""ai_peripheral"": 6, ""core_ai"": 9}","{""ai_enabler"": [""ORCL"", ""PYPL"", ""CSCO"", ""JCI"", ""GOOGL"", ""MCHP"", ""TSLA"", ""LHX"", ""TXN"", ""TER""], ""ai_peripheral"": [""PYPL"", ""JCI"", ""CSX"", ""UNP"", ""LHX"", ""NSC""], ""core_ai"": [""CSCO"", ""ORCL"", ""PYPL"", ""GOOGL"", ""TSLA"", ""MCHP"", ""TXN"", ""TER"", ""FTNT""]}","{""ai_enabler"": {""first_fail"": {""top_count"": 253, ""top_pct"": 0.3966, ""top_reason"": ""min_dollar_volume""}, ""layer_summary"": {""base_hard"": {""before"": 638, ""pass_rate"": 0.20689655172413793, ""remaining"": 132, ""removed"": 262}, ""quality_or_theme_hard"": {""before"": 194, ""pass_rate"": 0.6804123711340206, ""remaining"": 132, ""removed"": 62}, ""valuation_hard"": {""before"": 376, ""pass_rate"": 0.5159574468085106, ""remaining"": 194, ""removed"": 182}}, ""n_filtered"": 132, ""n_input"": 638, ""n_ranked"": 11, ""near_miss"": {""reasons"": [{""count"": 3, ""layer"": ""valuation_hard"", ""pct"": 0.004702194357366771, ""reason"": ""max_ps_hist_percentile""}, {""count"": 1, ""layer"": ""valuation_hard"", ""pct"": 0.001567398119122257, ""reason"": ""max_price_to_sma200""}, {""count"": 1, ""layer"": ""quality_or_theme_hard"", ""pct"": 0.001567398119122257, ""reason"": ""min_current_ratio""}, {""count"": 1, ""layer"": ""quality_or_theme_hard"", ""pct"": 0.001567398119122257, ""reason"": ""min_ai_link_score""}], ""top_count"": 3, ""top_pct"": 0.004702194357366771, ""top_reason"": ""max_ps_hist_percentile""}}, ""ai_peripheral"": {""first_fail"": {""top_count"": 253, ""top_pct"": 0.3966, ""top_reason"": ""min_dollar_volume""}, ""layer_summary"": {""base_hard"": {""before"": 638, ""pass_rate"": 0.1238244514106583, ""remaining"": 79, ""removed"": 325}, ""quality_or_theme_hard"": {""before"": 209, ""pass_rate"": 0.6794258373205742, ""remaining"": 142, ""removed"": 67}, ""valuation_hard"": {""before"": 376, ""pass_rate"": 0.5558510638297872, ""remaining"": 209, ""removed"": 167}}, ""n_filtered"": 79, ""n_input"": 638, ""n_ranked"": 6, ""near_miss"": {""reasons"": [{""count"": 2, ""layer"": ""base_hard"", ""pct"": 0.003134796238244514, ""reason"": ""channel_bucket_match""}, {""count"": 1, ""layer"": ""base_hard"", ""pct"": 0.001567398119122257, ""reason"": ""min_avg_dollar_volume_20d""}], ""top_count"": 2, ""top_pct"": 0.003134796238244514, ""top_reason"": ""channel_bucket_match""}}, ""core_ai"": {""first_fail"": {""top_count"": 253, ""top_pct"": 0.3966, ""top_reason"": ""min_dollar_volume""}, ""layer_summary"": {""base_hard"": {""before"": 638, ""pass_rate"": 0.048589341692789965, ""remaining"": 31, ""removed"": 345}, ""quality_or_theme_hard"": {""before"": 168, ""pass_rate"": 0.6785714285714286, ""remaining"": 114, ""removed"": 54}, ""valuation_hard"": {""before"": 376, ""pass_rate"": 0.44680851063829785, ""remaining"": 168, ""removed"": 208}}, ""n_filtered"": 31, ""n_input"": 638, ""n_ranked"": 9, ""near_miss"": {""reasons"": [{""count"": 1, ""layer"": ""valuation_hard"", ""pct"": 0.001567398119122257, ""reason"": ""max_ps_hist_percentile""}, {""count"": 1, ""layer"": ""quality_or_theme_hard"", ""pct"": 0.001567398119122257, ""reason"": ""min_ai_link_score""}], ""top_count"": 1, ""top_pct"": 0.001567398119122257, ""top_reason"": ""max_ps_hist_percentile""}}}",,union_superset_approx
base,replay_base_2024-02-29,2024-02-29T00:00:00+00:00,2024-02-29,industry_trend,"['NVDA', 'AVGO', 'CRM', 'MSFT', 'GOOGL', 'NFLX', 'ANET', 'TSLA', 'CAT', 'AMAT', 'CRH', 'PWR', 'META', 'ETN', 'PH', 'GE', 'EME', 'VRT', 'VMC', 'UNP']",20,0.1260674445441723,up,"{""ai_enabler"": 10, ""ai_peripheral"": 10, ""core_ai"": 10}","{""ai_enabler"": [""NVDA"", ""AVGO"", ""CRH"", ""NFLX"", ""CRM"", ""PWR"", ""META"", ""ETN"", ""CAT"", ""PH""], ""ai_peripheral"": [""CRH"", ""ETN"", ""CAT"", ""PH"", ""GE"", ""PWR"", ""EME"", ""VRT"", ""VMC"", ""UNP""], ""core_ai"": [""NVDA"", ""AVGO"", ""CRM"", ""MSFT"", ""GOOGL"", ""NFLX"", ""ANET"", ""TSLA"", ""CAT"", ""AMAT""]}","{""ai_enabler"": {""first_fail"": {""top_count"": 253, ""top_pct"": 0.3966, ""top_reason"": ""min_dollar_volume""}, ""layer_summary"": {""base_hard"": {""before"": 638, ""pass_rate"": 0.4278996865203762, ""remaining"": 273, ""removed"": 262}, ""quality_or_theme_hard"": {""before"": 376, ""pass_rate"": 0.726063829787234, ""remaining"": 273, ""removed"": 103}}, ""n_filtered"": 273, ""n_input"": 638, ""n_ranked"": 80, ""near_miss"": {""reasons"": [{""count"": 3, ""layer"": ""valuation_hard"", ""pct"": 0.004702194357366771, ""reason"": ""max_ps_hist_percentile""}, {""count"": 1, ""layer"": ""quality_or_theme_hard"", ""pct"": 0.001567398119122257, ""reason"": ""max_ev_to_ebit""}, {""count"": 1, ""layer"": ""base_hard"", ""pct"": 0.001567398119122257, ""reason"": ""trend_min_avg_dollar_volume_20d""}, {""count"": 1, ""layer"": ""quality_or_theme_hard"", ""pct"": 0.001567398119122257, ""reason"": ""max_shares_yoy""}, {""count"": 1, ""layer"": ""quality_or_theme_hard"", ""pct"": 0.001567398119122257, ""reason"": ""min_ai_link_score""}], ""top_count"": 3, ""top_pct"": 0.004702194357366771, ""top_reason"": ""max_ps_hist_percentile""}}, ""ai_peripheral"": {""first_fail"": {""top_count"": 253, ""top_pct"": 0.3966, ""top_reason"": ""min_dollar_volume""}, ""layer_summary"": {""base_hard"": {""before"": 638, ""pass_rate"": 0.21003134796238246, ""remaining"": 134, ""removed"": 401}, ""quality_or_theme_hard"": {""before"": 376, ""pass_rate"": 0.35638297872340424, ""remaining"": 134, ""removed"": 103}}, ""n_filtered"": 134, ""n_input"": 638, ""n_ranked"": 65, ""near_miss"": {""reasons"": [{""count"": 5, ""layer"": ""base_hard"", ""pct"": 0.007836990595611285, ""reason"": ""channel_bucket_match""}, {""count"": 2, ""layer"": ""valuation_hard"", ""pct"": 0.003134796238244514, ""reason"": ""max_ps_hist_percentile""}, {""count"": 1, ""layer"": ""base_hard"", ""pct"": 0.001567398119122257, ""reason"": ""trend_min_avg_dollar_volume_20d""}], ""top_count"": 5, ""top_pct"": 0.007836990595611285, ""top_reason"": ""channel_bucket_match""}}, ""core_ai"": {""first_fail"": {""top_count"": 253, ""top_pct"": 0.3966, ""top_reason"": ""min_dollar_volume""}, ""layer_summary"": {""base_hard"": {""before"": 638, ""pass_rate"": 0.14890282131661442, ""remaining"": 95, ""removed"": 440}, ""quality_or_theme_hard"": {""before"": 376, ""pass_rate"": 0.2526595744680851, ""remaining"": 95, ""removed"": 103}}, ""n_filtered"": 95, ""n_input"": 638, ""n_ranked"": 26, ""near_miss"": {""reasons"": [{""count"": 1, ""layer"": ""quality_or_theme_hard"", ""pct"": 0.001567398119122257, ""reason"": ""max_ev_to_ebit""}, {""count"": 1, ""layer"": ""quality_or_theme_hard"", ""pct"": 0.001567398119122257, ""reason"": ""max_shares_yoy""}, {""count"": 1, ""layer"": ""valuation_hard"", ""pct"": 0.001567398119122257, ""reason"": ""max_ps_hist_percentile""}, {""count"": 1, ""layer"": ""quality_or_theme_hard"", ""pct"": 0.001567398119122257, ""reason"": ""min_ai_link_score""}], ""top_count"": 1, ""top_pct"": 0.001567398119122257, ""top_reason"": ""max_ev_to_ebit""}}}",,union_superset_approx
base,replay_base_2024-02-29,2024-02-29T00:00:00+00:00,2024-02-29,momentum,"['NVDA', 'AVGO', 'CRM', 'META', 'MSFT', 'ANET', 'AMAT', 'CAT', 'NFLX', 'KLAC', 'PWR', 'CRH', 'ETN', 'EME', 'PH', 'GE', 'VMC', 'VRT', 'EMR']",19,0.1260674445441723,up,"{""ai_enabler"": 10, ""ai_peripheral"": 10, ""core_ai"": 10}","{""ai_enabler"": [""NVDA"", ""PWR"", ""AVGO"", ""CRH"", ""ETN"", ""META"", ""AMAT"", ""EME"", ""CAT"", ""CRM""], ""ai_peripheral"": [""PWR"", ""CRH"", ""ETN"", ""CAT"", ""EME"", ""PH"", ""GE"", ""VMC"", ""VRT"", ""EMR""], ""core_ai"": [""NVDA"", ""AVGO"", ""CRM"", ""META"", ""MSFT"", ""ANET"", ""AMAT"", ""CAT"", ""NFLX"", ""KLAC""]}","{""ai_enabler"": {""first_fail"": {""top_count"": 253, ""top_pct"": 0.3966, ""top_reason"": ""min_dollar_volume""}, ""layer_summary"": {""base_hard"": {""before"": 638, ""pass_rate"": 0.4278996865203762, ""remaining"": 273, ""removed"": 262}, ""quality_or_theme_hard"": {""before"": 376, ""pass_rate"": 0.726063829787234, ""remaining"": 273, ""removed"": 103}}, ""n_filtered"": 273, ""n_input"": 638, ""n_ranked"": 80, ""near_miss"": {""reasons"": [{""count"": 1, ""layer"": ""quality_or_theme_hard"", ""pct"": 0.001567398119122257, ""reason"": ""max_shares_yoy""}, {""count"": 1, ""layer"": ""valuation_hard"", ""pct"": 0.001567398119122257, ""reason"": ""max_ps_hist_percentile""}], ""top_count"": 1, ""top_pct"": 0.001567398119122257, ""top_reason"": ""max_shares_yoy""}}, ""ai_peripheral"": {""first_fail"": {""top_count"": 253, ""top_pct"": 0.3966, ""top_reason"": ""min_dollar_volume""}, ""layer_summary"": {""base_hard"": {""before"": 638, ""pass_rate"": 0.21003134796238246, ""remaining"": 134, ""removed"": 401}, ""quality_or_theme_hard"": {""before"": 376, ""pass_rate"": 0.35638297872340424, ""remaining"": 134, ""removed"": 103}}, ""n_filtered"": 134, ""n_input"": 638, ""n_ranked"": 65, ""near_miss"": {""reasons"": [{""count"": 3, ""layer"": ""valuation_hard"", ""pct"": 0.004702194357366771, ""reason"": ""max_ps_hist_percentile""}, {""count"": 3, ""layer"": ""base_hard"", ""pct"": 0.004702194357366771, ""reason"": ""channel_bucket_match""}, {""count"": 1, ""layer"": ""valuation_hard"", ""pct"": 0.001567398119122257, ""reason"": ""momentum_min_return_20d""}], ""top_count"": 3, ""top_pct"": 0.004702194357366771, ""top_reason"": ""max_ps_hist_percentile""}}, ""core_ai"": {""first_fail"": {""top_count"": 253, ""top_pct"": 0.3966, ""top_reason"": ""min_dollar_volume""}, ""layer_summary"": {""base_hard"": {""before"": 638, ""pass_rate"": 0.14890282131661442, ""remaining"": 95, ""removed"": 440}, ""quality_or_theme_hard"": {""before"": 376, ""pass_rate"": 0.2526595744680851, ""remaining"": 95, ""removed"": 103}}, ""n_filtered"": 95, ""n_input"": 638, ""n_ranked"": 26, ""near_miss"": {""reasons"": [{""count"": 1, ""layer"": ""quality_or_theme_hard"", ""pct"": 0.001567398119122257, ""reason"": ""max_shares_yoy""}], ""top_count"": 1, ""top_pct"": 0.001567398119122257, ""top_reason"": ""max_shares_yoy""}}}",,union_superset_approx
base,replay_base_2024-02-29,2024-02-29T00:00:00+00:00,2024-02-29,research_pool,"['ATI', 'JCI', 'EME', 'PH', 'CSX', 'TT', 'ETN', 'CRH', 'HWM', 'VMC', 'HII', 'IESC', 'UAL', 'SLB', 'EXLS', 'KEX', 'DAL', 'KIM', 'VICI', 'EEFT', 'ANET', 'NVDA', 'AVGO', 'CSCO', 'CAT', 'PYPL', 'NFLX', 'LHX', 'ORCL', 'NOW']",30,0.1260674445441723,up,"{""ai_enabler"": 10, ""ai_peripheral"": 10, ""core_ai"": 10}","{""ai_enabler"": [""ATI"", ""JCI"", ""EME"", ""PH"", ""CSX"", ""TT"", ""ETN"", ""CRH"", ""HWM"", ""VMC""], ""ai_peripheral"": [""HII"", ""IESC"", ""UAL"", ""SLB"", ""EXLS"", ""KEX"", ""DAL"", ""KIM"", ""VICI"", ""EEFT""], ""core_ai"": [""ANET"", ""NVDA"", ""AVGO"", ""CSCO"", ""CAT"", ""PYPL"", ""NFLX"", ""LHX"", ""ORCL"", ""NOW""]}","{""ai_enabler"": {""n_filtered"": 65, ""n_input"": 638, ""n_ranked"": 65, ""priority_counts"": {""research_now"": 5, ""theme_only"": 54, ""watch_for_pullback"": 6}}, ""ai_peripheral"": {""n_filtered"": 40, ""n_input"": 638, ""n_ranked"": 40, ""priority_counts"": {""research_now"": 1, ""theme_only"": 39}}, ""core_ai"": {""n_filtered"": 39, ""n_input"": 638, ""n_ranked"": 39, ""priority_counts"": {""research_now"": 9, ""theme_only"": 13, ""watch_for_pullback"": 17}}}",,union_superset_approx
base,replay_base_2024-03-29,2024-03-29T00:00:00+00:00,2024-03-29,low_value,"['CSCO', 'PYPL', 'TXN', 'FTNT', 'WDAY', 'ORCL', 'JCI', 'CSX', 'CHKP', 'UNP', 'MCHP', 'RTX', 'LHX', 'NOC']",14,0.10305514157973161,up,"{""ai_enabler"": 10, ""ai_peripheral"": 7, ""core_ai"": 5}","{""ai_enabler"": [""CSCO"", ""ORCL"", ""PYPL"", ""JCI"", ""CSX"", ""CHKP"", ""UNP"", ""MCHP"", ""RTX"", ""LHX""], ""ai_peripheral"": [""PYPL"", ""JCI"", ""CSX"", ""UNP"", ""RTX"", ""LHX"", ""NOC""], ""core_ai"": [""CSCO"", ""PYPL"", ""TXN"", ""FTNT"", ""WDAY""]}","{""ai_enabler"": {""first_fail"": {""top_count"": 274, ""top_pct"": 0.4281, ""top_reason"": ""min_dollar_volume""}, ""layer_summary"": {""base_hard"": {""before"": 640, ""pass_rate"": 0.1921875, ""remaining"": 123, ""removed"": 287}, ""quality_or_theme_hard"": {""before"": 177, ""pass_rate"": 0.6949152542372882, ""remaining"": 123, ""removed"": 54}, ""valuation_hard"": {""before"": 353, ""pass_rate"": 0.5014164305949008, ""remaining"": 177, ""removed"": 176}}, ""n_filtered"": 123, ""n_input"": 640, ""n_ranked"": 14, ""near_miss"": {""reasons"": [{""count"": 2, ""layer"": ""base_hard"", ""pct"": 0.003125, ""reason"": ""min_avg_dollar_volume_20d""}, {""count"": 1, ""layer"": ""valuation_hard"", ""pct"": 0.0015625, ""reason"": ""max_price_to_sma200""}, {""count"": 1, ""layer"": ""quality_or_theme_hard"", ""pct"": 0.0015625, ""reason"": ""min_ai_link_score""}, {""count"": 1, ""layer"": ""valuation_hard"", ""pct"": 0.0015625, ""reason"": ""min_value_discount_any""}], ""top_count"": 2, ""top_pct"": 0.003125, ""top_reason"": ""min_avg_dollar_volume_20d""}}, ""ai_peripheral"": {""first_fail"": {""top_count"": 274, ""top_pct"": 0.4281, ""top_reason"": ""min_dollar_volume""}, ""layer_summary"": {""base_hard"": {""before"": 640, ""pass_rate"": 0.1015625, ""remaining"": 65, ""removed"": 362}, ""quality_or_theme_hard"": {""before"": 197, ""pass_rate"": 0.7106598984771574, ""remaining"": 140, ""removed"": 57}, ""valuation_hard"": {""before"": 353, ""pass_rate"": 0.5580736543909348, ""remaining"": 197, ""removed"": 156}}, ""n_filtered"": 65, ""n_input"": 640, ""n_ranked"": 7, ""near_miss"": {""reasons"": [{""count"": 2, ""layer"": ""base_hard"", ""pct"": 0.003125, ""reason"": ""channel_bucket_match""}], ""top_count"": 2, ""top_pct"": 0.003125, ""top_reason"": ""channel_bucket_match""}}, ""core_ai"": {""first_fail"": {""top_count"": 274, ""top_pct"": 0.4281, ""top_reason"": ""min_dollar_volume""}, ""layer_summary"": {""base_hard"": {""before"": 640, ""pass_rate"": 0.040625, ""remaining"": 26, ""removed"": 358}, ""quality_or_theme_hard"": {""before"": 143, ""pass_rate"": 0.6783216783216783, ""remaining"": 97, ""removed"": 46}, ""valuation_hard"": {""before"": 353, ""pass_rate"": 0.40509915014164305, ""remaining"": 143, ""removed"": 210}}, ""n_filtered"": 26, ""n_input"": 640, ""n_ranked"": 5, ""near_miss"": {""reasons"": [{""count"": 3, ""layer"": ""base_hard"", ""pct"": 0.0046875, ""reason"": ""min_avg_dollar_volume_20d""}], ""top_count"": 3, ""top_pct"": 0.0046875, ""top_reason"": ""min_avg_dollar_volume_20d""}}}",,union_superset_approx
base,replay_base_2024-03-29,2024-03-29T00:00:00+00:00,2024-03-29,industry_trend,"['NVDA', 'GOOGL', 'ORCL', 'AVGO', 'MSFT', 'NFLX', 'ANET', 'CSCO', 'CAT', 'AMAT', 'GOOG', 'FCX', 'GE', 'ETN', 'DE', 'LMT', 'PYPL', 'PWR', 'NEE', 'PH']",20,0.10305514157973161,up,"{""ai_enabler"": 10, ""ai_peripheral"": 10, ""core_ai"": 10}","{""ai_enabler"": [""NVDA"", ""GOOGL"", ""ORCL"", ""GOOG"", ""FCX"", ""AVGO"", ""CAT"", ""ANET"", ""GE"", ""ETN""], ""ai_peripheral"": [""FCX"", ""CAT"", ""DE"", ""ETN"", ""GE"", ""LMT"", ""PYPL"", ""PWR"", ""NEE"", ""PH""], ""core_ai"": [""NVDA"", ""GOOGL"", ""ORCL"", ""AVGO"", ""MSFT"", ""NFLX"", ""ANET"", ""CSCO"", ""CAT"", ""AMAT""]}","{""ai_enabler"": {""first_fail"": {""top_count"": 274, ""top_pct"": 0.4281, ""top_reason"": ""min_dollar_volume""}, ""layer_summary"": {""base_hard"": {""before"": 640, ""pass_rate"": 0.396875, ""remaining"": 254, ""removed"": 287}, ""quality_or_theme_hard"": {""before"": 353, ""pass_rate"": 0.7195467422096318, ""remaining"": 254, ""removed"": 99}}, ""n_filtered"": 254, ""n_input"": 640, ""n_ranked"": 78, ""near_miss"": {""reasons"": [{""count"": 2, ""layer"": ""base_hard"", ""pct"": 0.003125, ""reason"": ""trend_min_avg_dollar_volume_20d""}, {""count"": 1, ""layer"": ""quality_or_theme_hard"", ""pct"": 0.0015625, ""reason"": ""max_ev_to_ebit""}, {""count"": 1, ""layer"": ""valuation_hard"", ""pct"": 0.0015625, ""reason"": ""trend_min_return_60d""}, {""count"": 1, ""layer"": ""quality_or_theme_hard"", ""pct"": 0.0015625, ""reason"": ""min_ai_link_score""}], ""top_count"": 2, ""top_pct"": 0.003125, ""top_reason"": ""trend_min_avg_dollar_volume_20d""}}, ""ai_peripheral"": {""first_fail"": {""top_count"": 274, ""top_pct"": 0.4281, ""top_reason"": ""min_dollar_volume""}, ""layer_summary"": {""base_hard"": {""before"": 640, ""pass_rate"": 0.1875, ""remaining"": 120, ""removed"": 421}, ""quality_or_theme_hard"": {""before"": 353, ""pass_rate"": 0.33994334277620397, ""remaining"": 120, ""removed"": 99}}, ""n_filtered"": 120, ""n_input"": 640, ""n_ranked"": 62, ""near_miss"": {""reasons"": [{""count"": 5, ""layer"": ""base_hard"", ""pct"": 0.0078125, ""reason"": ""channel_bucket_match""}, {""count"": 1, ""layer"": ""base_hard"", ""pct"": 0.0015625, ""reason"": ""trend_min_avg_dollar_volume_20d""}], ""top_count"": 5, ""top_pct"": 0.0078125, ""top_reason"": ""channel_bucket_match""}}, ""core_ai"": {""first_fail"": {""top_count"": 274, ""top_pct"": 0.4281, ""top_reason"": ""min_dollar_volume""}, ""layer_summary"": {""base_hard"": {""before"": 640, ""pass_rate"": 0.1390625, ""remaining"": 89, ""removed"": 452}, ""quality_or_theme_hard"": {""before"": 353, ""pass_rate"": 0.2521246458923513, ""remaining"": 89, ""removed"": 99}}, ""n_filtered"": 89, ""n_input"": 640, ""n_ranked"": 25, ""near_miss"": {""reasons"": [{""count"": 2, ""layer"": ""base_hard"", ""pct"": 0.003125, ""reason"": ""trend_min_avg_dollar_volume_20d""}, {""count"": 1, ""layer"": ""quality_or_theme_hard"", ""pct"": 0.0015625, ""reason"": ""max_ev_to_ebit""}, {""count"": 1, ""layer"": ""quality_or_theme_hard"", ""pct"": 0.0015625, ""reason"": ""min_ai_link_score""}], ""top_count"": 2, ""top_pct"": 0.003125, ""top_reason"": ""trend_min_avg_dollar_volume_20d""}}}",,union_superset_approx
base,replay_base_2024-03-29,2024-03-29T00:00:00+00:00,2024-03-29,momentum,"['NVDA', 'ORCL', 'GOOGL', 'GOOG', 'AVGO', 'CAT', 'DE', 'CSCO', 'NFLX', 'MCHP', 'FCX', 'PWR', 'ETN', 'VRT', 'GE', 'NEE', 'PYPL', 'EME']",18,0.10305514157973161,up,"{""ai_enabler"": 10, ""ai_peripheral"": 10, ""core_ai"": 10}","{""ai_enabler"": [""NVDA"", ""ORCL"", ""GOOGL"", ""FCX"", ""DE"", ""GOOG"", ""CAT"", ""PWR"", ""ETN"", ""AVGO""], ""ai_peripheral"": [""FCX"", ""DE"", ""CAT"", ""VRT"", ""ETN"", ""GE"", ""NEE"", ""PYPL"", ""PWR"", ""EME""], ""core_ai"": [""NVDA"", ""ORCL"", ""GOOGL"", ""GOOG"", ""AVGO"", ""CAT"", ""DE"", ""CSCO"", ""NFLX"", ""MCHP""]}","{""ai_enabler"": {""first_fail"": {""top_count"": 274, ""top_pct"": 0.4281, ""top_reason"": ""min_dollar_volume""}, ""layer_summary"": {""base_hard"": {""before"": 640, ""pass_rate"": 0.396875, ""remaining"": 254, ""removed"": 287}, ""quality_or_theme_hard"": {""before"": 353, ""pass_rate"": 0.7195467422096318, ""remaining"": 254, ""removed"": 99}}, ""n_filtered"": 254, ""n_input"": 640, ""n_ranked"": 78, ""near_miss"": {""reasons"": [{""count"": 1, ""layer"": ""valuation_hard"", ""pct"": 0.0015625, ""reason"": ""momentum_min_return_20d""}, {""count"": 1, ""layer"": ""valuation_hard"", ""pct"": 0.0015625, ""reason"": ""momentum_min_return_60d""}, {""count"": 1, ""layer"": ""quality_or_theme_hard"", ""pct"": 0.0015625, ""reason"": ""min_ai_link_score""}], ""top_count"": 1, ""top_pct"": 0.0015625, ""top_reason"": ""momentum_min_return_20d""}}, ""ai_peripheral"": {""first_fail"": {""top_count"": 274, ""top_pct"": 0.4281, ""top_reason"": ""min_dollar_volume""}, ""layer_summary"": {""base_hard"": {""before"": 640, ""pass_rate"": 0.1875, ""remaining"": 120, ""removed"": 421}, ""quality_or_theme_hard"": {""before"": 353, ""pass_rate"": 0.33994334277620397, ""remaining"": 120, ""removed"": 99}}, ""n_filtered"": 120, ""n_input"": 640, ""n_ranked"": 62, ""near_miss"": {""reasons"": [{""count"": 3, ""layer"": ""base_hard"", ""pct"": 0.0046875, ""reason"": ""channel_bucket_match""}, {""count"": 1, ""layer"": ""valuation_hard"", ""pct"": 0.0015625, ""reason"": ""momentum_min_return_60d""}], ""top_count"": 3, ""top_pct"": 0.0046875, ""top_reason"": ""channel_bucket_match""}}, ""core_ai"": {""first_fail"": {""top_count"": 274, ""top_pct"": 0.4281, ""top_reason"": ""min_dollar_volume""}, ""layer_summary"": {""base_hard"": {""before"": 640, ""pass_rate"": 0.1390625, ""remaining"": 89, ""removed"": 452}, ""quality_or_theme_hard"": {""before"": 353, ""pass_rate"": 0.2521246458923513, ""remaining"": 89, ""removed"": 99}}, ""n_filtered"": 89, ""n_input"": 640, ""n_ranked"": 25, ""near_miss"": {""reasons"": [{""count"": 2, ""layer"": ""valuation_hard"", ""pct"": 0.003125, ""reason"": ""momentum_min_return_20d""}, {""count"": 1, ""layer"": ""base_hard"", ""pct"": 0.0015625, ""reason"": ""momentum_min_avg_dollar_volume_20d""}], ""top_count"": 2, ""top_pct"": 0.003125, ""top_reason"": ""momentum_min_return_20d""}}}",,union_superset_approx
base,replay_base_2024-03-29,2024-03-29T00:00:00+00:00,2024-03-29,research_pool,"['JCI', 'EME', 'ATI', 'CRH', 'PH', 'STLD', 'CSX', 'NUE', 'TT', 'ETN', 'HII', 'IESC', 'UAL', 'SLB', 'KEX', 'DAL', 'CW', 'KIM', 'VICI', 'GPK', 'NVDA', 'ANET', 'CSCO', 'PYPL', 'CAT', 'NFLX', 'LHX', 'NOW', 'ORCL', 'GOOG']",30,0.10305514157973161,up,"{""ai_enabler"": 10, ""ai_peripheral"": 10, ""core_ai"": 10}","{""ai_enabler"": [""JCI"", ""EME"", ""ATI"", ""CRH"", ""PH"", ""STLD"", ""CSX"", ""NUE"", ""TT"", ""ETN""], ""ai_peripheral"": [""HII"", ""IESC"", ""UAL"", ""SLB"", ""KEX"", ""DAL"", ""CW"", ""KIM"", ""VICI"", ""GPK""], ""core_ai"": [""NVDA"", ""ANET"", ""CSCO"", ""PYPL"", ""CAT"", ""NFLX"", ""LHX"", ""NOW"", ""ORCL"", ""GOOG""]}","{""ai_enabler"": {""n_filtered"": 66, ""n_input"": 640, ""n_ranked"": 66, ""priority_counts"": {""research_now"": 8, ""theme_only"": 51, ""watch_for_pullback"": 7}}, ""ai_peripheral"": {""n_filtered"": 35, ""n_input"": 640, ""n_ranked"": 35, ""priority_counts"": {""research_now"": 1, ""theme_only"": 34}}, ""core_ai"": {""n_filtered"": 33, ""n_input"": 640, ""n_ranked"": 33, ""priority_counts"": {""left_side_watch"": 4, ""research_now"": 7, ""theme_only"": 10, ""watch_for_pullback"": 12}}}",,union_superset_approx
base,replay_base_2024-04-30,2024-04-30T00:00:00+00:00,2024-04-30,low_value,"['CSCO', 'PYPL', 'TSLA', 'AAPL', 'PANW', 'TXN', 'CAT', 'JCI', 'LMT', 'UNP', 'HII', 'MCHP', 'ABNB', 'CRH', 'GD', 'STLD', 'VMC']",17,-0.010520919502732151,down,"{""ai_enabler"": 10, ""ai_peripheral"": 10, ""core_ai"": 6}","{""ai_enabler"": [""CSCO"", ""PYPL"", ""CAT"", ""JCI"", ""LMT"", ""UNP"", ""TSLA"", ""HII"", ""MCHP"", ""ABNB""], ""ai_peripheral"": [""PYPL"", ""CAT"", ""CRH"", ""JCI"", ""LMT"", ""HII"", ""UNP"", ""GD"", ""STLD"", ""VMC""], ""core_ai"": [""CSCO"", ""PYPL"", ""TSLA"", ""AAPL"", ""PANW"", ""TXN""]}","{""ai_enabler"": {""first_fail"": {""top_count"": 262, ""top_pct"": 0.4081, ""top_reason"": ""min_dollar_volume""}, ""layer_summary"": {""base_hard"": {""before"": 642, ""pass_rate"": 0.27414330218068533, ""remaining"": 176, ""removed"": 274}, ""quality_or_theme_hard"": {""before"": 265, ""pass_rate"": 0.6641509433962264, ""remaining"": 176, ""removed"": 89}, ""valuation_hard"": {""before"": 368, ""pass_rate"": 0.720108695652174, ""remaining"": 265, ""removed"": 103}}, ""n_filtered"": 176, ""n_input"": 642, ""n_ranked"": 15, ""near_miss"": {""reasons"": [{""count"": 2, ""layer"": ""base_hard"", ""pct"": 0.003115264797507788, ""reason"": ""min_avg_dollar_volume_20d""}, {""count"": 1, ""layer"": ""valuation_hard"", ""pct"": 0.001557632398753894, ""reason"": ""max_price_to_sma200""}, {""count"": 1, ""layer"": ""valuation_hard"", ""pct"": 0.001557632398753894, ""reason"": ""min_return_20d""}, {""count"": 1, ""layer"": ""quality_or_theme_hard"", ""pct"": 0.001557632398753894, ""reason"": ""min_ai_link_score""}, {""count"": 1, ""layer"": ""valuation_hard"", ""pct"": 0.001557632398753894, ""reason"": ""min_value_discount_any""}], ""top_count"": 2, ""top_pct"": 0.003115264797507788, ""top_reason"": ""min_avg_dollar_volume_20d""}}, ""ai_peripheral"": {""first_fail"": {""top_count"": 262, ""top_pct"": 0.4081, ""top_reason"": ""min_dollar_volume""}, ""layer_summary"": {""base_hard"": {""before"": 642, ""pass_rate"": 0.1573208722741433, ""remaining"": 101, ""removed"": 370}, ""quality_or_theme_hard"": {""before"": 292, ""pass_rate"": 0.6746575342465754, ""remaining"": 197, ""removed"": 95}, ""valuation_hard"": {""before"": 368, ""pass_rate"": 0.7934782608695652, ""remaining"": 292, ""removed"": 76}}, ""n_filtered"": 101, ""n_input"": 642, ""n_ranked"": 11, ""near_miss"": {""reasons"": [{""count"": 4, ""layer"": ""base_hard"", ""pct"": 0.006230529595015576, ""reason"": ""channel_bucket_match""}, {""count"": 2, ""layer"": ""base_hard"", ""pct"": 0.003115264797507788, ""reason"": ""min_avg_dollar_volume_20d""}, {""count"": 1, ""layer"": ""valuation_hard"", ""pct"": 0.001557632398753894, ""reason"": ""max_ps_hist_percentile""}, {""count"": 1, ""layer"": ""valuation_hard"", ""pct"": 0.001557632398753894, ""reason"": ""max_pe_hist_percentile""}], ""top_count"": 4, ""top_pct"": 0.006230529595015576, ""top_reason"": ""channel_bucket_match""}}, ""core_ai"": {""first_fail"": {""top_count"": 262, ""top_pct"": 0.4081, ""top_reason"": ""min_dollar_volume""}, ""layer_summary"": {""base_hard"": {""before"": 642, ""pass_rate"": 0.06074766355140187, ""remaining"": 39, ""removed"": 373}, ""quality_or_theme_hard"": {""before"": 217, ""pass_rate"": 0.6359447004608295, ""remaining"": 138, ""removed"": 79}, ""valuation_hard"": {""before"": 368, ""pass_rate"": 0.5896739130434783, ""remaining"": 217, ""removed"": 151}}, ""n_filtered"": 39, ""n_input"": 642, ""n_ranked"": 6, ""near_miss"": {""reasons"": [{""count"": 2, ""layer"": ""base_hard"", ""pct"": 0.003115264797507788, ""reason"": ""min_avg_dollar_volume_20d""}, {""count"": 1, ""layer"": ""quality_or_theme_hard"", ""pct"": 0.001557632398753894, ""reason"": ""max_ev_to_ebit""}, {""count"": 1, ""layer"": ""quality_or_theme_hard"", ""pct"": 0.001557632398753894, ""reason"": ""min_ai_link_score""}, {""count"": 1, ""layer"": ""valuation_hard"", ""pct"": 0.001557632398753894, ""reason"": ""min_value_discount_any""}], ""top_count"": 2, ""top_pct"": 0.003115264797507788, ""top_reason"": ""min_avg_dollar_volume_20d""}}}",,union_superset_approx
base,replay_base_2024-04-30,2024-04-30T00:00:00+00:00,2024-04-30,industry_trend,"['GOOGL', 'NVDA', 'AVGO', 'TSLA', 'GOOG', 'MSFT', 'AAPL', 'NXPI', 'CAT', 'CSCO', 'ETN', 'PYPL', 'LMT', 'PWR', 'FCX', 'VRT', 'TT', 'DE', 'PH']",19,-0.010520919502732151,down,"{""ai_enabler"": 10, ""ai_peripheral"": 10, ""core_ai"": 10}","{""ai_enabler"": [""GOOGL"", ""GOOG"", ""ETN"", ""TSLA"", ""NVDA"", ""AVGO"", ""PYPL"", ""NXPI"", ""LMT"", ""PWR""], ""ai_peripheral"": [""ETN"", ""PYPL"", ""FCX"", ""LMT"", ""PWR"", ""VRT"", ""CAT"", ""TT"", ""DE"", ""PH""], ""core_ai"": [""GOOGL"", ""NVDA"", ""AVGO"", ""TSLA"", ""GOOG"", ""MSFT"", ""AAPL"", ""NXPI"", ""CAT"", ""CSCO""]}","{""ai_enabler"": {""first_fail"": {""top_count"": 262, ""top_pct"": 0.4081, ""top_reason"": ""min_dollar_volume""}, ""layer_summary"": {""base_hard"": {""before"": 642, ""pass_rate"": 0.3862928348909657, ""remaining"": 248, ""removed"": 274}, ""quality_or_theme_hard"": {""before"": 368, ""pass_rate"": 0.6739130434782609, ""remaining"": 248, ""removed"": 120}}, ""n_filtered"": 248, ""n_input"": 642, ""n_ranked"": 79, ""near_miss"": {""reasons"": [{""count"": 5, ""layer"": ""valuation_hard"", ""pct"": 0.00778816199376947, ""reason"": ""trend_min_return_60d""}, {""count"": 3, ""layer"": ""base_hard"", ""pct"": 0.004672897196261682, ""reason"": ""trend_min_avg_dollar_volume_20d""}, {""count"": 2, ""layer"": ""valuation_hard"", ""pct"": 0.003115264797507788, ""reason"": ""max_ps_hist_percentile""}, {""count"": 1, ""layer"": ""quality_or_theme_hard"", ""pct"": 0.001557632398753894, ""reason"": ""min_ai_link_score""}], ""top_count"": 5, ""top_pct"": 0.00778816199376947, ""top_reason"": ""trend_min_return_60d""}}, ""ai_peripheral"": {""first_fail"": {""top_count"": 262, ""top_pct"": 0.4081, ""top_reason"": ""min_dollar_volume""}, ""layer_summary"": {""base_hard"": {""before"": 642, ""pass_rate"": 0.19314641744548286, ""remaining"": 124, ""removed"": 398}, ""quality_or_theme_hard"": {""before"": 368, ""pass_rate"": 0.33695652173913043, ""remaining"": 124, ""removed"": 120}}, ""n_filtered"": 124, ""n_input"": 642, ""n_ranked"": 62, ""near_miss"": {""reasons"": [{""count"": 4, ""layer"": ""base_hard"", ""pct"": 0.006230529595015576, ""reason"": ""channel_bucket_match""}, {""count"": 2, ""layer"": ""base_hard"", ""pct"": 0.003115264797507788, ""reason"": ""trend_min_avg_dollar_volume_20d""}, {""count"": 2, ""layer"": ""valuation_hard"", ""pct"": 0.003115264797507788, ""reason"": ""max_ps_hist_percentile""}, {""count"": 1, ""layer"": ""valuation_hard"", ""pct"": 0.001557632398753894, ""reason"": ""trend_min_return_60d""}], ""top_count"": 4, ""top_pct"": 0.006230529595015576, ""top_reason"": ""channel_bucket_match""}}, ""core_ai"": {""first_fail"": {""top_count"": 262, ""top_pct"": 0.4081, ""top_reason"": ""min_dollar_volume""}, ""layer_summary"": {""base_hard"": {""before"": 642, ""pass_rate"": 0.13862928348909656, ""remaining"": 89, ""removed"": 433}, ""quality_or_theme_hard"": {""before"": 368, ""pass_rate"": 0.2418478260869565, ""remaining"": 89, ""removed"": 120}}, ""n_filtered"": 89, ""n_input"": 642, ""n_ranked"": 25, ""near_miss"": {""reasons"": [{""count"": 3, ""layer"": ""valuation_hard"", ""pct"": 0.004672897196261682, ""reason"": ""trend_min_return_60d""}, {""count"": 1, ""layer"": ""base_hard"", ""pct"": 0.001557632398753894, ""reason"": ""trend_min_avg_dollar_volume_20d""}, {""count"": 1, ""layer"": ""valuation_hard"", ""pct"": 0.001557632398753894, ""reason"": ""max_ps_hist_percentile""}], ""top_count"": 3, ""top_pct"": 0.004672897196261682, ""top_reason"": ""trend_min_return_60d""}}}",,union_superset_approx
base,replay_base_2024-04-30,2024-04-30T00:00:00+00:00,2024-04-30,momentum,"['GOOGL', 'GOOG', 'TSLA', 'AVGO', 'NVDA', 'PANW', 'PYPL', 'CSCO', 'MCHP', 'KLAC', 'PWR', 'ETN', 'FCX', 'LMT', 'VRT', 'GEV', 'AEP', 'TT', 'NEE']",19,-0.010520919502732151,down,"{""ai_enabler"": 10, ""ai_peripheral"": 10, ""core_ai"": 10}","{""ai_enabler"": [""GOOGL"", ""GOOG"", ""TSLA"", ""PWR"", ""ETN"", ""PANW"", ""NVDA"", ""AVGO"", ""MCHP"", ""PYPL""], ""ai_peripheral"": [""ETN"", ""PYPL"", ""FCX"", ""LMT"", ""PWR"", ""VRT"", ""GEV"", ""AEP"", ""TT"", ""NEE""], ""core_ai"": [""GOOGL"", ""GOOG"", ""TSLA"", ""AVGO"", ""NVDA"", ""PANW"", ""PYPL"", ""CSCO"", ""MCHP"", ""KLAC""]}","{""ai_enabler"": {""first_fail"": {""top_count"": 262, ""top_pct"": 0.4081, ""top_reason"": ""min_dollar_volume""}, ""layer_summary"": {""base_hard"": {""before"": 642, ""pass_rate"": 0.3862928348909657, ""remaining"": 248, ""removed"": 274}, ""quality_or_theme_hard"": {""before"": 368, ""pass_rate"": 0.6739130434782609, ""remaining"": 248, ""removed"": 120}}, ""n_filtered"": 248, ""n_input"": 642, ""n_ranked"": 79, ""near_miss"": {""reasons"": [{""count"": 2, ""layer"": ""valuation_hard"", ""pct"": 0.003115264797507788, ""reason"": ""momentum_min_return_20d""}, {""count"": 1, ""layer"": ""base_hard"", ""pct"": 0.001557632398753894, ""reason"": ""momentum_min_avg_dollar_volume_20d""}, {""count"": 1, ""layer"": ""valuation_hard"", ""pct"": 0.001557632398753894, ""reason"": ""max_ps_hist_percentile""}], ""top_count"": 2, ""top_pct"": 0.003115264797507788, ""top_reason"": ""momentum_min_return_20d""}}, ""ai_peripheral"": {""first_fail"": {""top_count"": 262, ""top_pct"": 0.4081, ""top_reason"": ""min_dollar_volume""}, ""layer_summary"": {""base_hard"": {""before"": 642, ""pass_rate"": 0.19314641744548286, ""remaining"": 124, ""removed"": 398}, ""quality_or_theme_hard"": {""before"": 368, ""pass_rate"": 0.33695652173913043, ""remaining"": 124, ""removed"": 120}}, ""n_filtered"": 124, ""n_input"": 642, ""n_ranked"": 62, ""near_miss"": {""reasons"": [{""count"": 1, ""layer"": ""valuation_hard"", ""pct"": 0.001557632398753894, ""reason"": ""momentum_min_return_20d""}], ""top_count"": 1, ""top_pct"": 0.001557632398753894, ""top_reason"": ""momentum_min_return_20d""}}, ""core_ai"": {""first_fail"": {""top_count"": 262, ""top_pct"": 0.4081, ""top_reason"": ""min_dollar_volume""}, ""layer_summary"": {""base_hard"": {""before"": 642, ""pass_rate"": 0.13862928348909656, ""remaining"": 89, ""removed"": 433}, ""quality_or_theme_hard"": {""before"": 368, ""pass_rate"": 0.2418478260869565, ""remaining"": 89, ""removed"": 120}}, ""n_filtered"": 89, ""n_input"": 642, ""n_ranked"": 25, ""near_miss"": {""reasons"": [{""count"": 1, ""layer"": ""valuation_hard"", ""pct"": 0.001557632398753894, ""reason"": ""momentum_min_return_20d""}, {""count"": 1, ""layer"": ""base_hard"", ""pct"": 0.001557632398753894, ""reason"": ""momentum_min_avg_dollar_volume_20d""}], ""top_count"": 1, ""top_pct"": 0.001557632398753894, ""top_reason"": ""momentum_min_return_20d""}}}",,union_superset_approx
base,replay_base_2024-04-30,2024-04-30T00:00:00+00:00,2024-04-30,research_pool,"['EME', 'LMT', 'JCI', 'ATI', 'CRH', 'PH', 'STLD', 'TT', 'QLYS', 'ETN', 'HII', 'EXLS', 'SLB', 'IESC', 'UAL', 'KIM', 'DAL', 'KEX', 'CW', 'G', 'CSCO', 'NVDA', 'CAT', 'PYPL', 'ZM', 'OII', 'RKLB', 'TSLA', 'GOOG', 'GOOGL']",30,-0.010520919502732151,down,"{""ai_enabler"": 10, ""ai_peripheral"": 10, ""core_ai"": 10}","{""ai_enabler"": [""EME"", ""LMT"", ""JCI"", ""ATI"", ""CRH"", ""PH"", ""STLD"", ""TT"", ""QLYS"", ""ETN""], ""ai_peripheral"": [""HII"", ""EXLS"", ""SLB"", ""IESC"", ""UAL"", ""KIM"", ""DAL"", ""KEX"", ""CW"", ""G""], ""core_ai"": [""CSCO"", ""NVDA"", ""CAT"", ""PYPL"", ""ZM"", ""OII"", ""RKLB"", ""TSLA"", ""GOOG"", ""GOOGL""]}","{""ai_enabler"": {""n_filtered"": 66, ""n_input"": 642, ""n_ranked"": 66, ""priority_counts"": {""left_side_watch"": 4, ""research_now"": 7, ""theme_only"": 49, ""watch_for_pullback"": 6}}, ""ai_peripheral"": {""n_filtered"": 29, ""n_input"": 642, ""n_ranked"": 29, ""priority_counts"": {""left_side_watch"": 2, ""research_now"": 1, ""theme_only"": 26}}, ""core_ai"": {""n_filtered"": 37, ""n_input"": 642, ""n_ranked"": 37, ""priority_counts"": {""left_side_watch"": 5, ""research_now"": 4, ""theme_only"": 13, ""watch_for_pullback"": 15}}}",,union_superset_approx
base,replay_base_2024-05-31,2024-05-31T00:00:00+00:00,2024-05-31,low_value,"['ZM', 'ORCL', 'PYPL', 'TSLA', 'PANW', 'CAT', 'AMZN', 'LMT', 'PH', 'UNP', 'AAPL', 'STLD', 'VMC']",13,0.029029758920840365,up,"{""ai_enabler"": 10, ""ai_peripheral"": 7, ""core_ai"": 5}","{""ai_enabler"": [""ZM"", ""ORCL"", ""PYPL"", ""CAT"", ""AMZN"", ""LMT"", ""TSLA"", ""PH"", ""UNP"", ""AAPL""], ""ai_peripheral"": [""PYPL"", ""CAT"", ""LMT"", ""PH"", ""UNP"", ""STLD"", ""VMC""], ""core_ai"": [""ZM"", ""ORCL"", ""PYPL"", ""TSLA"", ""PANW""]}","{""ai_enabler"": {""first_fail"": {""top_count"": 261, ""top_pct"": 0.4059, ""top_reason"": ""min_dollar_volume""}, ""layer_summary"": {""base_hard"": {""before"": 643, ""pass_rate"": 0.24572317262830481, ""remaining"": 158, ""removed"": 267}, ""quality_or_theme_hard"": {""before"": 236, ""pass_rate"": 0.6694915254237288, ""remaining"": 158, ""removed"": 78}, ""valuation_hard"": {""before"": 376, ""pass_rate"": 0.6276595744680851, ""remaining"": 236, ""removed"": 140}}, ""n_filtered"": 158, ""n_input"": 643, ""n_ranked"": 15, ""near_miss"": {""reasons"": [{""count"": 4, ""layer"": ""base_hard"", ""pct"": 0.006220839813374806, ""reason"": ""min_avg_dollar_volume_20d""}, {""count"": 1, ""layer"": ""valuation_hard"", ""pct"": 0.0015552099533437014, ""reason"": ""max_price_to_sma200""}, {""count"": 1, ""layer"": ""valuation_hard"", ""pct"": 0.0015552099533437014, ""reason"": ""min_return_60d""}, {""count"": 1, ""layer"": ""quality_or_theme_hard"", ""pct"": 0.0015552099533437014, ""reason"": ""min_current_ratio""}], ""top_count"": 4, ""top_pct"": 0.006220839813374806, ""top_reason"": ""min_avg_dollar_volume_20d""}}, ""ai_peripheral"": {""first_fail"": {""top_count"": 261, ""top_pct"": 0.4059, ""top_reason"": ""min_dollar_volume""}, ""layer_summary"": {""base_hard"": {""before"": 643, ""pass_rate"": 0.13063763608087092, ""remaining"": 84, ""removed"": 352}, ""quality_or_theme_hard"": {""before"": 257, ""pass_rate"": 0.6575875486381323, ""remaining"": 169, ""removed"": 88}, ""valuation_hard"": {""before"": 376, ""pass_rate"": 0.6835106382978723, ""remaining"": 257, ""removed"": 119}}, ""n_filtered"": 84, ""n_input"": 643, ""n_ranked"": 7, ""near_miss"": {""reasons"": [{""count"": 2, ""layer"": ""base_hard"", ""pct"": 0.003110419906687403, ""reason"": ""channel_bucket_match""}, {""count"": 1, ""layer"": ""valuation_hard"", ""pct"": 0.0015552099533437014, ""reason"": ""max_price_to_sma200""}, {""count"": 1, ""layer"": ""valuation_hard"", ""pct"": 0.0015552099533437014, ""reason"": ""min_return_60d""}, {""count"": 1, ""layer"": ""base_hard"", ""pct"": 0.0015552099533437014, ""reason"": ""min_avg_dollar_volume_20d""}, {""count"": 1, ""layer"": ""valuation_hard"", ""pct"": 0.0015552099533437014, ""reason"": ""max_ps_hist_percentile""}], ""top_count"": 2, ""top_pct"": 0.003110419906687403, ""top_reason"": ""channel_bucket_match""}}, ""core_ai"": {""first_fail"": {""top_count"": 261, ""top_pct"": 0.4059, ""top_reason"": ""min_dollar_volume""}, ""layer_summary"": {""base_hard"": {""before"": 643, ""pass_rate"": 0.06842923794712286, ""remaining"": 44, ""removed"": 352}, ""quality_or_theme_hard"": {""before"": 194, ""pass_rate"": 0.6649484536082474, ""remaining"": 129, ""removed"": 65}, ""valuation_hard"": {""before"": 376, ""pass_rate"": 0.5159574468085106, ""remaining"": 194, ""removed"": 182}}, ""n_filtered"": 44, ""n_input"": 643, ""n_ranked"": 5, ""near_miss"": {""reasons"": [{""count"": 2, ""layer"": ""base_hard"", ""pct"": 0.003110419906687403, ""reason"": ""min_avg_dollar_volume_20d""}], ""top_count"": 2, ""top_pct"": 0.003110419906687403, ""top_reason"": ""min_avg_dollar_volume_20d""}}}",,union_superset_approx
base,replay_base_2024-05-31,2024-05-31T00:00:00+00:00,2024-05-31,industry_trend,"['NVDA', 'AVGO', 'ANET', 'NFLX', 'MSFT', 'ORCL', 'GOOGL', 'AMZN', 'AAPL', 'CAT', 'CRH', 'AMAT', 'ETN', 'AMT', 'PWR', 'JCI', 'EME', 'FCX', 'GEV', 'VRT']",20,0.029029758920840365,up,"{""ai_enabler"": 10, ""ai_peripheral"": 10, ""core_ai"": 10}","{""ai_enabler"": [""NVDA"", ""ANET"", ""NFLX"", ""AVGO"", ""ORCL"", ""GOOGL"", ""CRH"", ""AMAT"", ""AAPL"", ""MSFT""], ""ai_peripheral"": [""ETN"", ""CRH"", ""AMT"", ""PWR"", ""CAT"", ""JCI"", ""EME"", ""FCX"", ""GEV"", ""VRT""], ""core_ai"": [""NVDA"", ""AVGO"", ""ANET"", ""NFLX"", ""MSFT"", ""ORCL"", ""GOOGL"", ""AMZN"", ""AAPL"", ""CAT""]}","{""ai_enabler"": {""first_fail"": {""top_count"": 261, ""top_pct"": 0.4059, ""top_reason"": ""min_dollar_volume""}, ""layer_summary"": {""base_hard"": {""before"": 643, ""pass_rate"": 0.39346811819595645, ""remaining"": 253, ""removed"": 267}, ""quality_or_theme_hard"": {""before"": 376, ""pass_rate"": 0.6728723404255319, ""remaining"": 253, ""removed"": 123}}, ""n_filtered"": 253, ""n_input"": 643, ""n_ranked"": 79, ""near_miss"": {""reasons"": [{""count"": 3, ""layer"": ""valuation_hard"", ""pct"": 0.004665629860031105, ""reason"": ""trend_min_return_60d""}, {""count"": 3, ""layer"": ""base_hard"", ""pct"": 0.004665629860031105, ""reason"": ""trend_min_avg_dollar_volume_20d""}, {""count"": 2, ""layer"": ""valuation_hard"", ""pct"": 0.003110419906687403, ""reason"": ""max_ps_hist_percentile""}, {""count"": 1, ""layer"": ""quality_or_theme_hard"", ""pct"": 0.0015552099533437014, ""reason"": ""min_ai_link_score""}], ""top_count"": 3, ""top_pct"": 0.004665629860031105, ""top_reason"": ""trend_min_return_60d""}}, ""ai_peripheral"": {""first_fail"": {""top_count"": 261, ""top_pct"": 0.4059, ""top_reason"": ""min_dollar_volume""}, ""layer_summary"": {""base_hard"": {""before"": 643, ""pass_rate"": 0.18506998444790046, ""remaining"": 119, ""removed"": 401}, ""quality_or_theme_hard"": {""before"": 376, ""pass_rate"": 0.31648936170212766, ""remaining"": 119, ""removed"": 123}}, ""n_filtered"": 119, ""n_input"": 643, ""n_ranked"": 63, ""near_miss"": {""reasons"": [{""count"": 4, ""layer"": ""base_hard"", ""pct"": 0.006220839813374806, ""reason"": ""channel_bucket_match""}, {""count"": 1, ""layer"": ""valuation_hard"", ""pct"": 0.0015552099533437014, ""reason"": ""trend_min_return_60d""}, {""count"": 1, ""layer"": ""base_hard"", ""pct"": 0.0015552099533437014, ""reason"": ""trend_min_avg_dollar_volume_20d""}, {""count"": 1, ""layer"": ""valuation_hard"", ""pct"": 0.0015552099533437014, ""reason"": ""max_ps_hist_percentile""}], ""top_count"": 4, ""top_pct"": 0.006220839813374806, ""top_reason"": ""channel_bucket_match""}}, ""core_ai"": {""first_fail"": {""top_count"": 261, ""top_pct"": 0.4059, ""top_reason"": ""min_dollar_volume""}, ""layer_summary"": {""base_hard"": {""before"": 643, ""pass_rate"": 0.14307931570762053, ""remaining"": 92, ""removed"": 428}, ""quality_or_theme_hard"": {""before"": 376, ""pass_rate"": 0.24468085106382978, ""remaining"": 92, ""removed"": 123}}, ""n_filtered"": 92, ""n_input"": 643, ""n_ranked"": 25, ""near_miss"": {""reasons"": [{""count"": 1, ""layer"": ""valuation_hard"", ""pct"": 0.0015552099533437014, ""reason"": ""trend_min_return_60d""}, {""count"": 1, ""layer"": ""base_hard"", ""pct"": 0.0015552099533437014, ""reason"": ""trend_min_avg_dollar_volume_20d""}, {""count"": 1, ""layer"": ""valuation_hard"", ""pct"": 0.0015552099533437014, ""reason"": ""max_ps_hist_percentile""}, {""count"": 1, ""layer"": ""quality_or_theme_hard"", ""pct"": 0.0015552099533437014, ""reason"": ""min_ai_link_score""}], ""top_count"": 1, ""top_pct"": 0.0015552099533437014, ""top_reason"": ""trend_min_return_60d""}}}",,union_superset_approx
base,replay_base_2024-05-31,2024-05-31T00:00:00+00:00,2024-05-31,momentum,"['NVDA', 'ANET', 'AVGO', 'NFLX', 'ORCL', 'MSFT', 'GOOGL', 'KLAC', 'CSCO', 'AAPL', 'PWR', 'JCI', 'ETN', 'AMAT', 'FCX', 'AMT', 'EME', 'GEV', 'CRH', 'HWM', 'CCI']",21,0.029029758920840365,up,"{""ai_enabler"": 10, ""ai_peripheral"": 10, ""core_ai"": 10}","{""ai_enabler"": [""NVDA"", ""ANET"", ""NFLX"", ""AVGO"", ""PWR"", ""JCI"", ""KLAC"", ""ORCL"", ""ETN"", ""AMAT""], ""ai_peripheral"": [""PWR"", ""JCI"", ""ETN"", ""FCX"", ""AMT"", ""EME"", ""GEV"", ""CRH"", ""HWM"", ""CCI""], ""core_ai"": [""NVDA"", ""ANET"", ""AVGO"", ""NFLX"", ""ORCL"", ""MSFT"", ""GOOGL"", ""KLAC"", ""CSCO"", ""AAPL""]}","{""ai_enabler"": {""first_fail"": {""top_count"": 261, ""top_pct"": 0.4059, ""top_reason"": ""min_dollar_volume""}, ""layer_summary"": {""base_hard"": {""before"": 643, ""pass_rate"": 0.39346811819595645, ""remaining"": 253, ""removed"": 267}, ""quality_or_theme_hard"": {""before"": 376, ""pass_rate"": 0.6728723404255319, ""remaining"": 253, ""removed"": 123}}, ""n_filtered"": 253, ""n_input"": 643, ""n_ranked"": 79, ""near_miss"": {""reasons"": [{""count"": 1, ""layer"": ""quality_or_theme_hard"", ""pct"": 0.0015552099533437014, ""reason"": ""min_ai_link_score""}], ""top_count"": 1, ""top_pct"": 0.0015552099533437014, ""top_reason"": ""min_ai_link_score""}}, ""ai_peripheral"": {""first_fail"": {""top_count"": 261, ""top_pct"": 0.4059, ""top_reason"": ""min_dollar_volume""}, ""layer_summary"": {""base_hard"": {""before"": 643, ""pass_rate"": 0.18506998444790046, ""remaining"": 119, ""removed"": 401}, ""quality_or_theme_hard"": {""before"": 376, ""pass_rate"": 0.31648936170212766, ""remaining"": 119, ""removed"": 123}}, ""n_filtered"": 119, ""n_input"": 643, ""n_ranked"": 63, ""near_miss"": {""reasons"": [{""count"": 4, ""layer"": ""base_hard"", ""pct"": 0.006220839813374806, ""reason"": ""channel_bucket_match""}, {""count"": 2, ""layer"": ""valuation_hard"", ""pct"": 0.003110419906687403, ""reason"": ""momentum_min_return_20d""}, {""count"": 1, ""layer"": ""base_hard"", ""pct"": 0.0015552099533437014, ""reason"": ""momentum_min_avg_dollar_volume_20d""}], ""top_count"": 4, ""top_pct"": 0.006220839813374806, ""top_reason"": ""channel_bucket_match""}}, ""core_ai"": {""first_fail"": {""top_count"": 261, ""top_pct"": 0.4059, ""top_reason"": ""min_dollar_volume""}, ""layer_summary"": {""base_hard"": {""before"": 643, ""pass_rate"": 0.14307931570762053, ""remaining"": 92, ""removed"": 428}, ""quality_or_theme_hard"": {""before"": 376, ""pass_rate"": 0.24468085106382978, ""remaining"": 92, ""removed"": 123}}, ""n_filtered"": 92, ""n_input"": 643, ""n_ranked"": 25, ""near_miss"": {""reasons"": [{""count"": 1, ""layer"": ""quality_or_theme_hard"", ""pct"": 0.0015552099533437014, ""reason"": ""min_ai_link_score""}], ""top_count"": 1, ""top_pct"": 0.0015552099533437014, ""top_reason"": ""min_ai_link_score""}}}",,union_superset_approx
base,replay_base_2024-05-31,2024-05-31T00:00:00+00:00,2024-05-31,research_pool,"['EME', 'ATI', 'LMT', 'STLD', 'PH', 'VRT', 'ETN', 'HWM', 'PWR', 'CHKP', 'FCX', 'HII', 'EXP', 'IESC', 'EXLS', 'HEI', 'CW', 'SLB', 'VICI', 'G', 'NVDA', 'ANET', 'ZM', 'PYPL', 'NFLX', 'ORCL', 'CAT', 'PANW', 'TSLA', 'GOOG']",30,0.029029758920840365,up,"{""ai_enabler"": 10, ""ai_peripheral"": 10, ""core_ai"": 10}","{""ai_enabler"": [""EME"", ""ATI"", ""LMT"", ""STLD"", ""PH"", ""VRT"", ""ETN"", ""HWM"", ""PWR"", ""CHKP""], ""ai_peripheral"": [""FCX"", ""HII"", ""EXP"", ""IESC"", ""EXLS"", ""HEI"", ""CW"", ""SLB"", ""VICI"", ""G""], ""core_ai"": [""NVDA"", ""ANET"", ""ZM"", ""PYPL"", ""NFLX"", ""ORCL"", ""CAT"", ""PANW"", ""TSLA"", ""GOOG""]}","{""ai_enabler"": {""n_filtered"": 62, ""n_input"": 643, ""n_ranked"": 62, ""priority_counts"": {""left_side_watch"": 3, ""research_now"": 5, ""theme_only"": 46, ""watch_for_pullback"": 8}}, ""ai_peripheral"": {""n_filtered"": 31, ""n_input"": 643, ""n_ranked"": 31, ""priority_counts"": {""left_side_watch"": 1, ""research_now"": 2, ""theme_only"": 28}}, ""core_ai"": {""n_filtered"": 37, ""n_input"": 643, ""n_ranked"": 37, ""priority_counts"": {""left_side_watch"": 3, ""research_now"": 7, ""theme_only"": 15, ""watch_for_pullback"": 12}}}",,union_superset_approx
base,replay_base_2024-06-28,2024-06-28T00:00:00+00:00,2024-06-28,low_value,"['CAT', 'CRM', 'TSLA', 'ABNB', 'MCHP', 'DT', 'FTNT', 'AMD', 'LMT', 'PH', 'UNP', 'AKAM', 'GD', 'VMC', 'STLD', 'RTX', 'UBER']",17,0.0836255061186637,up,"{""ai_enabler"": 10, ""ai_peripheral"": 9, ""core_ai"": 8}","{""ai_enabler"": [""CAT"", ""CRM"", ""LMT"", ""PH"", ""UNP"", ""TSLA"", ""ABNB"", ""AKAM"", ""GD"", ""VMC""], ""ai_peripheral"": [""CAT"", ""LMT"", ""PH"", ""UNP"", ""STLD"", ""GD"", ""RTX"", ""VMC"", ""UBER""], ""core_ai"": [""CAT"", ""CRM"", ""TSLA"", ""ABNB"", ""MCHP"", ""DT"", ""FTNT"", ""AMD""]}","{""ai_enabler"": {""first_fail"": {""top_count"": 238, ""top_pct"": 0.3684, ""top_reason"": ""min_dollar_volume""}, ""layer_summary"": {""base_hard"": {""before"": 646, ""pass_rate"": 0.24922600619195046, ""remaining"": 161, ""removed"": 246}, ""quality_or_theme_hard"": {""before"": 273, ""pass_rate"": 0.5897435897435898, ""remaining"": 161, ""removed"": 112}, ""valuation_hard"": {""before"": 400, ""pass_rate"": 0.6825, ""remaining"": 273, ""removed"": 127}}, ""n_filtered"": 161, ""n_input"": 646, ""n_ranked"": 14, ""near_miss"": {""reasons"": [{""count"": 2, ""layer"": ""base_hard"", ""pct"": 0.0030959752321981426, ""reason"": ""min_avg_dollar_volume_20d""}, {""count"": 1, ""layer"": ""valuation_hard"", ""pct"": 0.0015479876160990713, ""reason"": ""max_price_to_sma200""}, {""count"": 1, ""layer"": ""valuation_hard"", ""pct"": 0.0015479876160990713, ""reason"": ""min_return_60d""}, {""count"": 1, ""layer"": ""valuation_hard"", ""pct"": 0.0015479876160990713, ""reason"": ""min_drawdown_percentile""}, {""count"": 1, ""layer"": ""quality_or_theme_hard"", ""pct"": 0.0015479876160990713, ""reason"": ""min_current_ratio""}], ""top_count"": 2, ""top_pct"": 0.0030959752321981426, ""top_reason"": ""min_avg_dollar_volume_20d""}}, ""ai_peripheral"": {""first_fail"": {""top_count"": 238, ""top_pct"": 0.3684, ""top_reason"": ""min_dollar_volume""}, ""layer_summary"": {""base_hard"": {""before"": 646, ""pass_rate"": 0.15325077399380804, ""remaining"": 99, ""removed"": 323}, ""quality_or_theme_hard"": {""before"": 297, ""pass_rate"": 0.5925925925925926, ""remaining"": 176, ""removed"": 121}, ""valuation_hard"": {""before"": 400, ""pass_rate"": 0.7425, ""remaining"": 297, ""removed"": 103}}, ""n_filtered"": 99, ""n_input"": 646, ""n_ranked"": 9, ""near_miss"": {""reasons"": [{""count"": 1, ""layer"": ""valuation_hard"", ""pct"": 0.0015479876160990713, ""reason"": ""min_return_60d""}, {""count"": 1, ""layer"": ""valuation_hard"", ""pct"": 0.0015479876160990713, ""reason"": ""min_drawdown_percentile""}, {""count"": 1, ""layer"": ""base_hard"", ""pct"": 0.0015479876160990713, ""reason"": ""min_avg_dollar_volume_20d""}, {""count"": 1, ""layer"": ""valuation_hard"", ""pct"": 0.0015479876160990713, ""reason"": ""max_ps_hist_percentile""}], ""top_count"": 1, ""top_pct"": 0.0015479876160990713, ""top_reason"": ""min_return_60d""}}, ""core_ai"": {""first_fail"": {""top_count"": 238, ""top_pct"": 0.3684, ""top_reason"": ""min_dollar_volume""}, ""layer_summary"": {""base_hard"": {""before"": 646, ""pass_rate"": 0.05727554179566564, ""remaining"": 37, ""removed"": 342}, ""quality_or_theme_hard"": {""before"": 232, ""pass_rate"": 0.5732758620689655, ""remaining"": 133, ""removed"": 99}, ""valuation_hard"": {""before"": 400, ""pass_rate"": 0.58, ""remaining"": 232, ""removed"": 168}}, ""n_filtered"": 37, ""n_input"": 646, ""n_ranked"": 8, ""near_miss"": {""reasons"": [{""count"": 1, ""layer"": ""base_hard"", ""pct"": 0.0015479876160990713, ""reason"": ""channel_bucket_match""}], ""top_count"": 1, ""top_pct"": 0.0015479876160990713, ""top_reason"": ""channel_bucket_match""}}}",,union_superset_approx
base,replay_base_2024-06-28,2024-06-28T00:00:00+00:00,2024-06-28,industry_trend,"['ORCL', 'NVDA', 'AVGO', 'CRM', 'AMZN', 'MSFT', 'ANET', 'TSLA', 'LRCX', 'NFLX', 'NOW', 'LMT', 'DE', 'CAT', 'ACN', 'UNP', 'ETN', 'AMT', 'CRH', 'GD', 'PH']",21,0.0836255061186637,up,"{""ai_enabler"": 10, ""ai_peripheral"": 10, ""core_ai"": 10}","{""ai_enabler"": [""ORCL"", ""ANET"", ""CRM"", ""NVDA"", ""AMZN"", ""AVGO"", ""NOW"", ""LRCX"", ""TSLA"", ""NFLX""], ""ai_peripheral"": [""LMT"", ""DE"", ""CAT"", ""ACN"", ""UNP"", ""ETN"", ""AMT"", ""CRH"", ""GD"", ""PH""], ""core_ai"": [""ORCL"", ""NVDA"", ""AVGO"", ""CRM"", ""AMZN"", ""MSFT"", ""ANET"", ""TSLA"", ""LRCX"", ""NFLX""]}","{""ai_enabler"": {""first_fail"": {""top_count"": 238, ""top_pct"": 0.3684, ""top_reason"": ""min_dollar_volume""}, ""layer_summary"": {""base_hard"": {""before"": 646, ""pass_rate"": 0.37770897832817335, ""remaining"": 244, ""removed"": 246}, ""quality_or_theme_hard"": {""before"": 400, ""pass_rate"": 0.61, ""remaining"": 244, ""removed"": 156}}, ""n_filtered"": 244, ""n_input"": 646, ""n_ranked"": 76, ""near_miss"": {""reasons"": [{""count"": 2, ""layer"": ""valuation_hard"", ""pct"": 0.0030959752321981426, ""reason"": ""trend_min_return_60d""}, {""count"": 2, ""layer"": ""base_hard"", ""pct"": 0.0030959752321981426, ""reason"": ""trend_min_avg_dollar_volume_20d""}, {""count"": 1, ""layer"": ""quality_or_theme_hard"", ""pct"": 0.0015479876160990713, ""reason"": ""max_ev_to_ebit""}, {""count"": 1, ""layer"": ""quality_or_theme_hard"", ""pct"": 0.0015479876160990713, ""reason"": ""min_current_ratio""}, {""count"": 1, ""layer"": ""quality_or_theme_hard"", ""pct"": 0.0015479876160990713, ""reason"": ""min_ai_link_score""}], ""top_count"": 2, ""top_pct"": 0.0030959752321981426, ""top_reason"": ""trend_min_return_60d""}}, ""ai_peripheral"": {""first_fail"": {""top_count"": 238, ""top_pct"": 0.3684, ""top_reason"": ""min_dollar_volume""}, ""layer_summary"": {""base_hard"": {""before"": 646, ""pass_rate"": 0.18111455108359134, ""remaining"": 117, ""removed"": 373}, ""quality_or_theme_hard"": {""before"": 400, ""pass_rate"": 0.2925, ""remaining"": 117, ""removed"": 156}}, ""n_filtered"": 117, ""n_input"": 646, ""n_ranked"": 61, ""near_miss"": {""reasons"": [{""count"": 5, ""layer"": ""base_hard"", ""pct"": 0.007739938080495356, ""reason"": ""channel_bucket_match""}, {""count"": 3, ""layer"": ""valuation_hard"", ""pct"": 0.0046439628482972135, ""reason"": ""trend_min_return_60d""}, {""count"": 1, ""layer"": ""base_hard"", ""pct"": 0.0015479876160990713, ""reason"": ""trend_min_avg_dollar_volume_20d""}], ""top_count"": 5, ""top_pct"": 0.007739938080495356, ""top_reason"": ""channel_bucket_match""}}, ""core_ai"": {""first_fail"": {""top_count"": 238, ""top_pct"": 0.3684, ""top_reason"": ""min_dollar_volume""}, ""layer_summary"": {""base_hard"": {""before"": 646, ""pass_rate"": 0.13777089783281735, ""remaining"": 89, ""removed"": 401}, ""quality_or_theme_hard"": {""before"": 400, ""pass_rate"": 0.2225, ""remaining"": 89, ""removed"": 156}}, ""n_filtered"": 89, ""n_input"": 646, ""n_ranked"": 25, ""near_miss"": {""reasons"": [{""count"": 1, ""layer"": ""quality_or_theme_hard"", ""pct"": 0.0015479876160990713, ""reason"": ""max_ev_to_ebit""}, {""count"": 1, ""layer"": ""base_hard"", ""pct"": 0.0015479876160990713, ""reason"": ""trend_min_avg_dollar_volume_20d""}, {""count"": 1, ""layer"": ""quality_or_theme_hard"", ""pct"": 0.0015479876160990713, ""reason"": ""min_ai_link_score""}], ""top_count"": 1, ""top_pct"": 0.0015479876160990713, ""top_reason"": ""max_ev_to_ebit""}}}",,union_superset_approx
base,replay_base_2024-06-28,2024-06-28T00:00:00+00:00,2024-06-28,momentum,"['ORCL', 'AVGO', 'CRM', 'NVDA', 'ANET', 'NOW', 'AMZN', 'PANW', 'TSLA', 'LRCX', 'LMT', 'DE', 'AMT', 'CAT', 'ACN', 'CSX', 'KMI', 'WMB', 'UNP', 'SBAC']",20,0.0836255061186637,up,"{""ai_enabler"": 10, ""ai_peripheral"": 10, ""core_ai"": 10}","{""ai_enabler"": [""ORCL"", ""ANET"", ""CRM"", ""AVGO"", ""NVDA"", ""AMZN"", ""NOW"", ""PANW"", ""TSLA"", ""LRCX""], ""ai_peripheral"": [""LMT"", ""DE"", ""AMT"", ""CAT"", ""ACN"", ""CSX"", ""KMI"", ""WMB"", ""UNP"", ""SBAC""], ""core_ai"": [""ORCL"", ""AVGO"", ""CRM"", ""NVDA"", ""ANET"", ""NOW"", ""AMZN"", ""PANW"", ""TSLA"", ""LRCX""]}","{""ai_enabler"": {""first_fail"": {""top_count"": 238, ""top_pct"": 0.3684, ""top_reason"": ""min_dollar_volume""}, ""layer_summary"": {""base_hard"": {""before"": 646, ""pass_rate"": 0.37770897832817335, ""remaining"": 244, ""removed"": 246}, ""quality_or_theme_hard"": {""before"": 400, ""pass_rate"": 0.61, ""remaining"": 244, ""removed"": 156}}, ""n_filtered"": 244, ""n_input"": 646, ""n_ranked"": 76, ""near_miss"": {""reasons"": [{""count"": 1, ""layer"": ""quality_or_theme_hard"", ""pct"": 0.0015479876160990713, ""reason"": ""min_ai_link_score""}], ""top_count"": 1, ""top_pct"": 0.0015479876160990713, ""top_reason"": ""min_ai_link_score""}}, ""ai_peripheral"": {""first_fail"": {""top_count"": 238, ""top_pct"": 0.3684, ""top_reason"": ""min_dollar_volume""}, ""layer_summary"": {""base_hard"": {""before"": 646, ""pass_rate"": 0.18111455108359134, ""remaining"": 117, ""removed"": 373}, ""quality_or_theme_hard"": {""before"": 400, ""pass_rate"": 0.2925, ""remaining"": 117, ""removed"": 156}}, ""n_filtered"": 117, ""n_input"": 646, ""n_ranked"": 61, ""near_miss"": {""reasons"": [{""count"": 5, ""layer"": ""base_hard"", ""pct"": 0.007739938080495356, ""reason"": ""channel_bucket_match""}, {""count"": 1, ""layer"": ""valuation_hard"", ""pct"": 0.0015479876160990713, ""reason"": ""momentum_min_return_20d""}, {""count"": 1, ""layer"": ""base_hard"", ""pct"": 0.0015479876160990713, ""reason"": ""momentum_min_avg_dollar_volume_20d""}], ""top_count"": 5, ""top_pct"": 0.007739938080495356, ""top_reason"": ""channel_bucket_match""}}, ""core_ai"": {""first_fail"": {""top_count"": 238, ""top_pct"": 0.3684, ""top_reason"": ""min_dollar_volume""}, ""layer_summary"": {""base_hard"": {""before"": 646, ""pass_rate"": 0.13777089783281735, ""remaining"": 89, ""removed"": 401}, ""quality_or_theme_hard"": {""before"": 400, ""pass_rate"": 0.2225, ""remaining"": 89, ""removed"": 156}}, ""n_filtered"": 89, ""n_input"": 646, ""n_ranked"": 25, ""near_miss"": {""reasons"": [{""count"": 1, ""layer"": ""quality_or_theme_hard"", ""pct"": 0.0015479876160990713, ""reason"": ""max_ev_to_ebit""}, {""count"": 1, ""layer"": ""valuation_hard"", ""pct"": 0.0015479876160990713, ""reason"": ""momentum_min_return_20d""}, {""count"": 1, ""layer"": ""quality_or_theme_hard"", ""pct"": 0.0015479876160990713, ""reason"": ""min_ai_link_score""}], ""top_count"": 1, ""top_pct"": 0.0015479876160990713, ""top_reason"": ""max_ev_to_ebit""}}}",,union_superset_approx
base,replay_base_2024-06-28,2024-06-28T00:00:00+00:00,2024-06-28,research_pool,"['EME', 'LMT', 'ATI', 'PH', 'STLD', 'AKAM', 'QLYS', 'TT', 'VMC', 'VRT', 'HII', 'FCX', 'EEFT', 'EXP', 'IESC', 'UAL', 'EXLS', 'SLB', 'VICI', 'G', 'NVDA', 'ZM', 'NFLX', 'CAT', 'ANET', 'NOW', 'PANW', 'GOOG', 'GOOGL', 'CRM']",30,0.0836255061186637,up,"{""ai_enabler"": 10, ""ai_peripheral"": 10, ""core_ai"": 10}","{""ai_enabler"": [""EME"", ""LMT"", ""ATI"", ""PH"", ""STLD"", ""AKAM"", ""QLYS"", ""TT"", ""VMC"", ""VRT""], ""ai_peripheral"": [""HII"", ""FCX"", ""EEFT"", ""EXP"", ""IESC"", ""UAL"", ""EXLS"", ""SLB"", ""VICI"", ""G""], ""core_ai"": [""NVDA"", ""ZM"", ""NFLX"", ""CAT"", ""ANET"", ""NOW"", ""PANW"", ""GOOG"", ""GOOGL"", ""CRM""]}","{""ai_enabler"": {""n_filtered"": 59, ""n_input"": 646, ""n_ranked"": 59, ""priority_counts"": {""left_side_watch"": 2, ""research_now"": 5, ""theme_only"": 45, ""watch_for_pullback"": 7}}, ""ai_peripheral"": {""n_filtered"": 35, ""n_input"": 646, ""n_ranked"": 35, ""priority_counts"": {""left_side_watch"": 3, ""research_now"": 1, ""theme_only"": 31}}, ""core_ai"": {""n_filtered"": 34, ""n_input"": 646, ""n_ranked"": 34, ""priority_counts"": {""left_side_watch"": 1, ""research_now"": 4, ""theme_only"": 14, ""watch_for_pullback"": 15}}}",,union_superset_approx
base,replay_base_2024-07-31,2024-07-31T00:00:00+00:00,2024-07-31,low_value,"['CRM', 'NFLX', 'CAT', 'PYPL', 'QCOM', 'MSFT', 'NXPI', 'PANW', 'LHX', 'MCHP', 'AMZN', 'GOOGL', 'ETN', 'UNP', 'TSLA', 'CRH', 'STLD', 'PWR', 'NOC']",19,0.08169990928611615,up,"{""ai_enabler"": 10, ""ai_peripheral"": 9, ""core_ai"": 10}","{""ai_enabler"": [""PYPL"", ""NFLX"", ""CRM"", ""CAT"", ""AMZN"", ""GOOGL"", ""ETN"", ""UNP"", ""QCOM"", ""TSLA""], ""ai_peripheral"": [""PYPL"", ""CAT"", ""CRH"", ""UNP"", ""ETN"", ""LHX"", ""STLD"", ""PWR"", ""NOC""], ""core_ai"": [""CRM"", ""NFLX"", ""CAT"", ""PYPL"", ""QCOM"", ""MSFT"", ""NXPI"", ""PANW"", ""LHX"", ""MCHP""]}","{""ai_enabler"": {""first_fail"": {""top_count"": 248, ""top_pct"": 0.3833, ""top_reason"": ""min_dollar_volume""}, ""layer_summary"": {""base_hard"": {""before"": 647, ""pass_rate"": 0.2550231839258114, ""remaining"": 165, ""removed"": 255}, ""quality_or_theme_hard"": {""before"": 242, ""pass_rate"": 0.6818181818181818, ""remaining"": 165, ""removed"": 77}, ""valuation_hard"": {""before"": 392, ""pass_rate"": 0.6173469387755102, ""remaining"": 242, ""removed"": 150}}, ""n_filtered"": 165, ""n_input"": 647, ""n_ranked"": 16, ""near_miss"": {""reasons"": [{""count"": 2, ""layer"": ""valuation_hard"", ""pct"": 0.0030911901081916537, ""reason"": ""max_price_to_sma200""}, {""count"": 2, ""layer"": ""valuation_hard"", ""pct"": 0.0030911901081916537, ""reason"": ""max_ps_hist_percentile""}, {""count"": 1, ""layer"": ""quality_or_theme_hard"", ""pct"": 0.0015455950540958269, ""reason"": ""min_net_income_yoy""}, {""count"": 1, ""layer"": ""base_hard"", ""pct"": 0.0015455950540958269, ""reason"": ""min_avg_dollar_volume_20d""}, {""count"": 1, ""layer"": ""quality_or_theme_hard"", ""pct"": 0.0015455950540958269, ""reason"": ""min_current_ratio""}], ""top_count"": 2, ""top_pct"": 0.0030911901081916537, ""top_reason"": ""max_price_to_sma200""}}, ""ai_peripheral"": {""first_fail"": {""top_count"": 248, ""top_pct"": 0.3833, ""top_reason"": ""min_dollar_volume""}, ""layer_summary"": {""base_hard"": {""before"": 647, ""pass_rate"": 0.13137557959814528, ""remaining"": 85, ""removed"": 356}, ""quality_or_theme_hard"": {""before"": 268, ""pass_rate"": 0.6940298507462687, ""remaining"": 186, ""removed"": 82}, ""valuation_hard"": {""before"": 392, ""pass_rate"": 0.6836734693877551, ""remaining"": 268, ""removed"": 124}}, ""n_filtered"": 85, ""n_input"": 647, ""n_ranked"": 9, ""near_miss"": {""reasons"": [{""count"": 3, ""layer"": ""valuation_hard"", ""pct"": 0.00463678516228748, ""reason"": ""max_ps_hist_percentile""}, {""count"": 1, ""layer"": ""base_hard"", ""pct"": 0.0015455950540958269, ""reason"": ""channel_bucket_match""}], ""top_count"": 3, ""top_pct"": 0.00463678516228748, ""top_reason"": ""max_ps_hist_percentile""}}, ""core_ai"": {""first_fail"": {""top_count"": 248, ""top_pct"": 0.3833, ""top_reason"": ""min_dollar_volume""}, ""layer_summary"": {""base_hard"": {""before"": 647, ""pass_rate"": 0.08500772797527048, ""remaining"": 55, ""removed"": 337}, ""quality_or_theme_hard"": {""before"": 201, ""pass_rate"": 0.681592039800995, ""remaining"": 137, ""removed"": 64}, ""valuation_hard"": {""before"": 392, ""pass_rate"": 0.5127551020408163, ""remaining"": 201, ""removed"": 191}}, ""n_filtered"": 55, ""n_input"": 647, ""n_ranked"": 11, ""near_miss"": {""reasons"": [{""count"": 1, ""layer"": ""base_hard"", ""pct"": 0.0015455950540958269, ""reason"": ""min_avg_dollar_volume_20d""}, {""count"": 1, ""layer"": ""quality_or_theme_hard"", ""pct"": 0.0015455950540958269, ""reason"": ""min_ai_link_score""}], ""top_count"": 1, ""top_pct"": 0.0015455950540958269, ""top_reason"": ""min_avg_dollar_volume_20d""}}}",,union_superset_approx
base,replay_base_2024-07-31,2024-07-31T00:00:00+00:00,2024-07-31,industry_trend,"['NVDA', 'ANET', 'CRM', 'AVGO', 'CAT', 'IBM', 'AMZN', 'GOOGL', 'TSLA', 'ORCL', 'LMT', 'PWR', 'CRH', 'UNP', 'PYPL', 'HWM', 'JCI', 'AMT', 'PH']",19,0.08169990928611615,up,"{""ai_enabler"": 10, ""ai_peripheral"": 10, ""core_ai"": 10}","{""ai_enabler"": [""LMT"", ""ANET"", ""PWR"", ""CRH"", ""UNP"", ""IBM"", ""CAT"", ""CRM"", ""NVDA"", ""AMZN""], ""ai_peripheral"": [""LMT"", ""CRH"", ""CAT"", ""UNP"", ""PYPL"", ""HWM"", ""PWR"", ""JCI"", ""AMT"", ""PH""], ""core_ai"": [""NVDA"", ""ANET"", ""CRM"", ""AVGO"", ""CAT"", ""IBM"", ""AMZN"", ""GOOGL"", ""TSLA"", ""ORCL""]}","{""ai_enabler"": {""first_fail"": {""top_count"": 248, ""top_pct"": 0.3833, ""top_reason"": ""min_dollar_volume""}, ""layer_summary"": {""base_hard"": {""before"": 647, ""pass_rate"": 0.40030911901081917, ""remaining"": 259, ""removed"": 255}, ""quality_or_theme_hard"": {""before"": 392, ""pass_rate"": 0.6607142857142857, ""remaining"": 259, ""removed"": 133}}, ""n_filtered"": 259, ""n_input"": 647, ""n_ranked"": 85, ""near_miss"": {""reasons"": [{""count"": 3, ""layer"": ""base_hard"", ""pct"": 0.00463678516228748, ""reason"": ""trend_min_avg_dollar_volume_20d""}, {""count"": 2, ""layer"": ""quality_or_theme_hard"", ""pct"": 0.0030911901081916537, ""reason"": ""min_current_ratio""}, {""count"": 2, ""layer"": ""valuation_hard"", ""pct"": 0.0030911901081916537, ""reason"": ""max_ps_hist_percentile""}, {""count"": 1, ""layer"": ""quality_or_theme_hard"", ""pct"": 0.0015455950540958269, ""reason"": ""min_net_income_yoy""}, {""count"": 1, ""layer"": ""quality_or_theme_hard"", ""pct"": 0.0015455950540958269, ""reason"": ""min_ai_link_score""}], ""top_count"": 3, ""top_pct"": 0.00463678516228748, ""top_reason"": ""trend_min_avg_dollar_volume_20d""}}, ""ai_peripheral"": {""first_fail"": {""top_count"": 248, ""top_pct"": 0.3833, ""top_reason"": ""min_dollar_volume""}, ""layer_summary"": {""base_hard"": {""before"": 647, ""pass_rate"": 0.19319938176197837, ""remaining"": 125, ""removed"": 389}, ""quality_or_theme_hard"": {""before"": 392, ""pass_rate"": 0.31887755102040816, ""remaining"": 125, ""removed"": 133}}, ""n_filtered"": 125, ""n_input"": 647, ""n_ranked"": 70, ""near_miss"": {""reasons"": [{""count"": 3, ""layer"": ""valuation_hard"", ""pct"": 0.00463678516228748, ""reason"": ""max_ps_hist_percentile""}, {""count"": 3, ""layer"": ""base_hard"", ""pct"": 0.00463678516228748, ""reason"": ""channel_bucket_match""}, {""count"": 1, ""layer"": ""base_hard"", ""pct"": 0.0015455950540958269, ""reason"": ""trend_min_avg_dollar_volume_20d""}], ""top_count"": 3, ""top_pct"": 0.00463678516228748, ""top_reason"": ""max_ps_hist_percentile""}}, ""core_ai"": {""first_fail"": {""top_count"": 248, ""top_pct"": 0.3833, ""top_reason"": ""min_dollar_volume""}, ""layer_summary"": {""base_hard"": {""before"": 647, ""pass_rate"": 0.1437403400309119, ""remaining"": 93, ""removed"": 421}, ""quality_or_theme_hard"": {""before"": 392, ""pass_rate"": 0.2372448979591837, ""remaining"": 93, ""removed"": 133}}, ""n_filtered"": 93, ""n_input"": 647, ""n_ranked"": 25, ""near_miss"": {""reasons"": [{""count"": 1, ""layer"": ""quality_or_theme_hard"", ""pct"": 0.0015455950540958269, ""reason"": ""min_net_income_yoy""}, {""count"": 1, ""layer"": ""base_hard"", ""pct"": 0.0015455950540958269, ""reason"": ""trend_min_avg_dollar_volume_20d""}, {""count"": 1, ""layer"": ""quality_or_theme_hard"", ""pct"": 0.0015455950540958269, ""reason"": ""min_current_ratio""}, {""count"": 1, ""layer"": ""valuation_hard"", ""pct"": 0.0015455950540958269, ""reason"": ""max_ps_hist_percentile""}, {""count"": 1, ""layer"": ""quality_or_theme_hard"", ""pct"": 0.0015455950540958269, ""reason"": ""min_ai_link_score""}], ""top_count"": 1, ""top_pct"": 0.0015455950540958269, ""top_reason"": ""min_net_income_yoy""}}}",,union_superset_approx
base,replay_base_2024-07-31,2024-07-31T00:00:00+00:00,2024-07-31,momentum,"['IBM', 'CSCO', 'CAT', 'CRM', 'NVDA', 'AVGO', 'ORCL', 'PYPL', 'TSLA', 'ON', 'CRH', 'PWR', 'UNP', 'LMT', 'HWM', 'AMT', 'PH', 'SBAC']",18,0.08169990928611615,up,"{""ai_enabler"": 10, ""ai_peripheral"": 10, ""core_ai"": 10}","{""ai_enabler"": [""CRH"", ""IBM"", ""PWR"", ""UNP"", ""LMT"", ""HWM"", ""CAT"", ""CSCO"", ""AMT"", ""PH""], ""ai_peripheral"": [""CRH"", ""HWM"", ""LMT"", ""UNP"", ""AMT"", ""CAT"", ""PWR"", ""PH"", ""SBAC"", ""PYPL""], ""core_ai"": [""IBM"", ""CSCO"", ""CAT"", ""CRM"", ""NVDA"", ""AVGO"", ""ORCL"", ""PYPL"", ""TSLA"", ""ON""]}","{""ai_enabler"": {""first_fail"": {""top_count"": 248, ""top_pct"": 0.3833, ""top_reason"": ""min_dollar_volume""}, ""layer_summary"": {""base_hard"": {""before"": 647, ""pass_rate"": 0.40030911901081917, ""remaining"": 259, ""removed"": 255}, ""quality_or_theme_hard"": {""before"": 392, ""pass_rate"": 0.6607142857142857, ""remaining"": 259, ""removed"": 133}}, ""n_filtered"": 259, ""n_input"": 647, ""n_ranked"": 85, ""near_miss"": {""reasons"": [{""count"": 2, ""layer"": ""valuation_hard"", ""pct"": 0.0030911901081916537, ""reason"": ""momentum_min_return_20d""}, {""count"": 2, ""layer"": ""base_hard"", ""pct"": 0.0030911901081916537, ""reason"": ""momentum_min_avg_dollar_volume_20d""}, {""count"": 1, ""layer"": ""valuation_hard"", ""pct"": 0.0015455950540958269, ""reason"": ""max_ps_hist_percentile""}], ""top_count"": 2, ""top_pct"": 0.0030911901081916537, ""top_reason"": ""momentum_min_return_20d""}}, ""ai_peripheral"": {""first_fail"": {""top_count"": 248, ""top_pct"": 0.3833, ""top_reason"": ""min_dollar_volume""}, ""layer_summary"": {""base_hard"": {""before"": 647, ""pass_rate"": 0.19319938176197837, ""remaining"": 125, ""removed"": 389}, ""quality_or_theme_hard"": {""before"": 392, ""pass_rate"": 0.31887755102040816, ""remaining"": 125, ""removed"": 133}}, ""n_filtered"": 125, ""n_input"": 647, ""n_ranked"": 70, ""near_miss"": {""reasons"": [{""count"": 1, ""layer"": ""valuation_hard"", ""pct"": 0.0015455950540958269, ""reason"": ""momentum_min_return_60d""}, {""count"": 1, ""layer"": ""base_hard"", ""pct"": 0.0015455950540958269, ""reason"": ""momentum_min_avg_dollar_volume_20d""}, {""count"": 1, ""layer"": ""valuation_hard"", ""pct"": 0.0015455950540958269, ""reason"": ""max_ps_hist_percentile""}], ""top_count"": 1, ""top_pct"": 0.0015455950540958269, ""top_reason"": ""momentum_min_return_60d""}}, ""core_ai"": {""first_fail"": {""top_count"": 248, ""top_pct"": 0.3833, ""top_reason"": ""min_dollar_volume""}, ""layer_summary"": {""base_hard"": {""before"": 647, ""pass_rate"": 0.1437403400309119, ""remaining"": 93, ""removed"": 421}, ""quality_or_theme_hard"": {""before"": 392, ""pass_rate"": 0.2372448979591837, ""remaining"": 93, ""removed"": 133}}, ""n_filtered"": 93, ""n_input"": 647, ""n_ranked"": 25, ""near_miss"": {""reasons"": [{""count"": 2, ""layer"": ""valuation_hard"", ""pct"": 0.0030911901081916537, ""reason"": ""momentum_min_return_20d""}], ""top_count"": 2, ""top_pct"": 0.0030911901081916537, ""top_reason"": ""momentum_min_return_20d""}}}",,union_superset_approx
base,replay_base_2024-07-31,2024-07-31T00:00:00+00:00,2024-07-31,research_pool,"['EME', 'LMT', 'ATI', 'PH', 'STLD', 'AKAM', 'QLYS', 'CHKP', 'HWM', 'TT', 'HII', 'FCX', 'UAL', 'IESC', 'G', 'BKR', 'SLB', 'HEI', 'EXLS', 'CW', 'ANET', 'ZM', 'NVDA', 'NFLX', 'PYPL', 'LHX', 'CAT', 'QCOM', 'CRM', 'PANW']",30,0.08169990928611615,up,"{""ai_enabler"": 10, ""ai_peripheral"": 10, ""core_ai"": 10}","{""ai_enabler"": [""EME"", ""LMT"", ""ATI"", ""PH"", ""STLD"", ""AKAM"", ""QLYS"", ""CHKP"", ""HWM"", ""TT""], ""ai_peripheral"": [""HII"", ""FCX"", ""UAL"", ""IESC"", ""G"", ""BKR"", ""SLB"", ""HEI"", ""EXLS"", ""CW""], ""core_ai"": [""ANET"", ""ZM"", ""NVDA"", ""NFLX"", ""PYPL"", ""LHX"", ""CAT"", ""QCOM"", ""CRM"", ""PANW""]}","{""ai_enabler"": {""n_filtered"": 49, ""n_input"": 647, ""n_ranked"": 49, ""priority_counts"": {""research_now"": 5, ""theme_only"": 36, ""watch_for_pullback"": 8}}, ""ai_peripheral"": {""n_filtered"": 36, ""n_input"": 647, ""n_ranked"": 36, ""priority_counts"": {""left_side_watch"": 2, ""research_now"": 1, ""theme_only"": 33}}, ""core_ai"": {""n_filtered"": 34, ""n_input"": 647, ""n_ranked"": 34, ""priority_counts"": {""left_side_watch"": 1, ""research_now"": 8, ""theme_only"": 13, ""watch_for_pullback"": 12}}}",,union_superset_approx
base,replay_base_2024-08-30,2024-08-30T00:00:00+00:00,2024-08-30,low_value,"['CRM', 'GOOGL', 'AMZN', 'GOOG', 'TSLA', 'NXPI', 'MCHP', 'AMD', 'FCX', 'CAT', 'VRT', 'ETN', 'PYPL', 'GE', 'CMI', 'LHX', 'BAH', 'PWR']",18,0.027696887335792564,up,"{""ai_enabler"": 10, ""ai_peripheral"": 10, ""core_ai"": 8}","{""ai_enabler"": [""CRM"", ""GOOGL"", ""FCX"", ""AMZN"", ""CAT"", ""VRT"", ""GOOG"", ""ETN"", ""NXPI"", ""TSLA""], ""ai_peripheral"": [""PYPL"", ""FCX"", ""CAT"", ""VRT"", ""GE"", ""ETN"", ""CMI"", ""LHX"", ""BAH"", ""PWR""], ""core_ai"": [""CRM"", ""GOOGL"", ""AMZN"", ""GOOG"", ""TSLA"", ""NXPI"", ""MCHP"", ""AMD""]}","{""ai_enabler"": {""first_fail"": {""top_count"": 266, ""top_pct"": 0.4118, ""top_reason"": ""min_dollar_volume""}, ""layer_summary"": {""base_hard"": {""before"": 646, ""pass_rate"": 0.2476780185758514, ""remaining"": 160, ""removed"": 278}, ""quality_or_theme_hard"": {""before"": 219, ""pass_rate"": 0.730593607305936, ""remaining"": 160, ""removed"": 59}, ""valuation_hard"": {""before"": 368, ""pass_rate"": 0.595108695652174, ""remaining"": 219, ""removed"": 149}}, ""n_filtered"": 160, ""n_input"": 646, ""n_ranked"": 14, ""near_miss"": {""reasons"": [{""count"": 2, ""layer"": ""valuation_hard"", ""pct"": 0.0030959752321981426, ""reason"": ""max_ps_hist_percentile""}, {""count"": 1, ""layer"": ""valuation_hard"", ""pct"": 0.0015479876160990713, ""reason"": ""max_price_to_sma200""}, {""count"": 1, ""layer"": ""quality_or_theme_hard"", ""pct"": 0.0015479876160990713, ""reason"": ""min_current_ratio""}], ""top_count"": 2, ""top_pct"": 0.0030959752321981426, ""top_reason"": ""max_ps_hist_percentile""}}, ""ai_peripheral"": {""first_fail"": {""top_count"": 266, ""top_pct"": 0.4118, ""top_reason"": ""min_dollar_volume""}, ""layer_summary"": {""base_hard"": {""before"": 646, ""pass_rate"": 0.12848297213622292, ""remaining"": 83, ""removed"": 375}, ""quality_or_theme_hard"": {""before"": 240, ""pass_rate"": 0.75, ""remaining"": 180, ""removed"": 60}, ""valuation_hard"": {""before"": 368, ""pass_rate"": 0.6521739130434783, ""remaining"": 240, ""removed"": 128}}, ""n_filtered"": 83, ""n_input"": 646, ""n_ranked"": 11, ""near_miss"": {""reasons"": [{""count"": 3, ""layer"": ""valuation_hard"", ""pct"": 0.0046439628482972135, ""reason"": ""max_ps_hist_percentile""}, {""count"": 1, ""layer"": ""valuation_hard"", ""pct"": 0.0015479876160990713, ""reason"": ""max_20d_return""}, {""count"": 1, ""layer"": ""base_hard"", ""pct"": 0.0015479876160990713, ""reason"": ""min_avg_dollar_volume_20d""}], ""top_count"": 3, ""top_pct"": 0.0046439628482972135, ""top_reason"": ""max_ps_hist_percentile""}}, ""core_ai"": {""first_fail"": {""top_count"": 266, ""top_pct"": 0.4118, ""top_reason"": ""min_dollar_volume""}, ""layer_summary"": {""base_hard"": {""before"": 646, ""pass_rate"": 0.0804953560371517, ""remaining"": 52, ""removed"": 356}, ""quality_or_theme_hard"": {""before"": 176, ""pass_rate"": 0.7386363636363636, ""remaining"": 130, ""removed"": 46}, ""valuation_hard"": {""before"": 368, ""pass_rate"": 0.4782608695652174, ""remaining"": 176, ""removed"": 192}}, ""n_filtered"": 52, ""n_input"": 646, ""n_ranked"": 8, ""near_miss"": {""reasons"": [{""count"": 1, ""layer"": ""quality_or_theme_hard"", ""pct"": 0.0015479876160990713, ""reason"": ""min_current_ratio""}], ""top_count"": 1, ""top_pct"": 0.0015479876160990713, ""top_reason"": ""min_current_ratio""}}}",,union_superset_approx
base,replay_base_2024-08-30,2024-08-30T00:00:00+00:00,2024-08-30,industry_trend,"['AVGO', 'AMZN', 'NFLX', 'CRM', 'KLAC', 'CSCO', 'MRVL', 'MSFT', 'GOOGL', 'ANET', 'CRH', 'CAT', 'PYPL', 'PH', 'ETN', 'UNP', 'UBER', 'GEV', 'VRT', 'PWR']",20,0.027696887335792564,up,"{""ai_enabler"": 10, ""ai_peripheral"": 10, ""core_ai"": 10}","{""ai_enabler"": [""NFLX"", ""KLAC"", ""AVGO"", ""CRH"", ""AMZN"", ""ANET"", ""CAT"", ""CSCO"", ""CRM"", ""MRVL""], ""ai_peripheral"": [""CRH"", ""CAT"", ""PYPL"", ""PH"", ""ETN"", ""UNP"", ""UBER"", ""GEV"", ""VRT"", ""PWR""], ""core_ai"": [""AVGO"", ""AMZN"", ""NFLX"", ""CRM"", ""KLAC"", ""CSCO"", ""MRVL"", ""MSFT"", ""GOOGL"", ""ANET""]}","{""ai_enabler"": {""first_fail"": {""top_count"": 266, ""top_pct"": 0.4118, ""top_reason"": ""min_dollar_volume""}, ""layer_summary"": {""base_hard"": {""before"": 646, ""pass_rate"": 0.4117647058823529, ""remaining"": 266, ""removed"": 278}, ""quality_or_theme_hard"": {""before"": 368, ""pass_rate"": 0.7228260869565217, ""remaining"": 266, ""removed"": 102}}, ""n_filtered"": 266, ""n_input"": 646, ""n_ranked"": 80, ""near_miss"": {""reasons"": [{""count"": 3, ""layer"": ""valuation_hard"", ""pct"": 0.0046439628482972135, ""reason"": ""max_ps_hist_percentile""}, {""count"": 2, ""layer"": ""base_hard"", ""pct"": 0.0030959752321981426, ""reason"": ""trend_min_avg_dollar_volume_20d""}, {""count"": 2, ""layer"": ""quality_or_theme_hard"", ""pct"": 0.0030959752321981426, ""reason"": ""min_current_ratio""}, {""count"": 1, ""layer"": ""quality_or_theme_hard"", ""pct"": 0.0015479876160990713, ""reason"": ""min_net_income_yoy""}, {""count"": 1, ""layer"": ""quality_or_theme_hard"", ""pct"": 0.0015479876160990713, ""reason"": ""min_ai_link_score""}], ""top_count"": 3, ""top_pct"": 0.0046439628482972135, ""top_reason"": ""max_ps_hist_percentile""}}, ""ai_peripheral"": {""first_fail"": {""top_count"": 266, ""top_pct"": 0.4118, ""top_reason"": ""min_dollar_volume""}, ""layer_summary"": {""base_hard"": {""before"": 646, ""pass_rate"": 0.2043343653250774, ""remaining"": 132, ""removed"": 412}, ""quality_or_theme_hard"": {""before"": 368, ""pass_rate"": 0.358695652173913, ""remaining"": 132, ""removed"": 102}}, ""n_filtered"": 132, ""n_input"": 646, ""n_ranked"": 65, ""near_miss"": {""reasons"": [{""count"": 2, ""layer"": ""valuation_hard"", ""pct"": 0.0030959752321981426, ""reason"": ""max_ps_hist_percentile""}, {""count"": 2, ""layer"": ""base_hard"", ""pct"": 0.0030959752321981426, ""reason"": ""channel_bucket_match""}, {""count"": 1, ""layer"": ""base_hard"", ""pct"": 0.0015479876160990713, ""reason"": ""trend_min_avg_dollar_volume_20d""}], ""top_count"": 2, ""top_pct"": 0.0030959752321981426, ""top_reason"": ""max_ps_hist_percentile""}}, ""core_ai"": {""first_fail"": {""top_count"": 266, ""top_pct"": 0.4118, ""top_reason"": ""min_dollar_volume""}, ""layer_summary"": {""base_hard"": {""before"": 646, ""pass_rate"": 0.14241486068111456, ""remaining"": 92, ""removed"": 452}, ""quality_or_theme_hard"": {""before"": 368, ""pass_rate"": 0.25, ""remaining"": 92, ""removed"": 102}}, ""n_filtered"": 92, ""n_input"": 646, ""n_ranked"": 26, ""near_miss"": {""reasons"": [{""count"": 2, ""layer"": ""base_hard"", ""pct"": 0.0030959752321981426, ""reason"": ""trend_min_avg_dollar_volume_20d""}, {""count"": 1, ""layer"": ""quality_or_theme_hard"", ""pct"": 0.0015479876160990713, ""reason"": ""min_current_ratio""}, {""count"": 1, ""layer"": ""valuation_hard"", ""pct"": 0.0015479876160990713, ""reason"": ""max_ps_hist_percentile""}, {""count"": 1, ""layer"": ""quality_or_theme_hard"", ""pct"": 0.0015479876160990713, ""reason"": ""min_ai_link_score""}], ""top_count"": 2, ""top_pct"": 0.0030959752321981426, ""top_reason"": ""trend_min_avg_dollar_volume_20d""}}}",,union_superset_approx
base,replay_base_2024-08-30,2024-08-30T00:00:00+00:00,2024-08-30,momentum,"['AVGO', 'MRVL', 'KLAC', 'CSCO', 'NFLX', 'ZM', 'ANET', 'PANW', 'UBER', 'ORCL', 'CRH', 'PWR', 'CAT', 'PYPL', 'PH', 'ETN', 'VRT', 'GEV', 'UNP']",19,0.027696887335792564,up,"{""ai_enabler"": 10, ""ai_peripheral"": 10, ""core_ai"": 10}","{""ai_enabler"": [""KLAC"", ""NFLX"", ""ANET"", ""ZM"", ""AVGO"", ""CRH"", ""PWR"", ""MRVL"", ""UBER"", ""CSCO""], ""ai_peripheral"": [""CRH"", ""CAT"", ""PYPL"", ""UBER"", ""PH"", ""PWR"", ""ETN"", ""VRT"", ""GEV"", ""UNP""], ""core_ai"": [""AVGO"", ""MRVL"", ""KLAC"", ""CSCO"", ""NFLX"", ""ZM"", ""ANET"", ""PANW"", ""UBER"", ""ORCL""]}","{""ai_enabler"": {""first_fail"": {""top_count"": 266, ""top_pct"": 0.4118, ""top_reason"": ""min_dollar_volume""}, ""layer_summary"": {""base_hard"": {""before"": 646, ""pass_rate"": 0.4117647058823529, ""remaining"": 266, ""removed"": 278}, ""quality_or_theme_hard"": {""before"": 368, ""pass_rate"": 0.7228260869565217, ""remaining"": 266, ""removed"": 102}}, ""n_filtered"": 266, ""n_input"": 646, ""n_ranked"": 80, ""near_miss"": {""reasons"": [{""count"": 2, ""layer"": ""base_hard"", ""pct"": 0.0030959752321981426, ""reason"": ""momentum_min_avg_dollar_volume_20d""}, {""count"": 2, ""layer"": ""quality_or_theme_hard"", ""pct"": 0.0030959752321981426, ""reason"": ""min_current_ratio""}, {""count"": 1, ""layer"": ""quality_or_theme_hard"", ""pct"": 0.0015479876160990713, ""reason"": ""min_net_income_yoy""}, {""count"": 1, ""layer"": ""valuation_hard"", ""pct"": 0.0015479876160990713, ""reason"": ""max_ps_hist_percentile""}], ""top_count"": 2, ""top_pct"": 0.0030959752321981426, ""top_reason"": ""momentum_min_avg_dollar_volume_20d""}}, ""ai_peripheral"": {""first_fail"": {""top_count"": 266, ""top_pct"": 0.4118, ""top_reason"": ""min_dollar_volume""}, ""layer_summary"": {""base_hard"": {""before"": 646, ""pass_rate"": 0.2043343653250774, ""remaining"": 132, ""removed"": 412}, ""quality_or_theme_hard"": {""before"": 368, ""pass_rate"": 0.358695652173913, ""remaining"": 132, ""removed"": 102}}, ""n_filtered"": 132, ""n_input"": 646, ""n_ranked"": 65, ""near_miss"": {""reasons"": [{""count"": 2, ""layer"": ""base_hard"", ""pct"": 0.0030959752321981426, ""reason"": ""channel_bucket_match""}, {""count"": 1, ""layer"": ""valuation_hard"", ""pct"": 0.0015479876160990713, ""reason"": ""max_ps_hist_percentile""}], ""top_count"": 2, ""top_pct"": 0.0030959752321981426, ""top_reason"": ""channel_bucket_match""}}, ""core_ai"": {""first_fail"": {""top_count"": 266, ""top_pct"": 0.4118, ""top_reason"": ""min_dollar_volume""}, ""layer_summary"": {""base_hard"": {""before"": 646, ""pass_rate"": 0.14241486068111456, ""remaining"": 92, ""removed"": 452}, ""quality_or_theme_hard"": {""before"": 368, ""pass_rate"": 0.25, ""remaining"": 92, ""removed"": 102}}, ""n_filtered"": 92, ""n_input"": 646, ""n_ranked"": 26, ""near_miss"": {""reasons"": [{""count"": 2, ""layer"": ""base_hard"", ""pct"": 0.0030959752321981426, ""reason"": ""momentum_min_avg_dollar_volume_20d""}, {""count"": 2, ""layer"": ""quality_or_theme_hard"", ""pct"": 0.0030959752321981426, ""reason"": ""min_current_ratio""}, {""count"": 1, ""layer"": ""valuation_hard"", ""pct"": 0.0015479876160990713, ""reason"": ""max_ps_hist_percentile""}], ""top_count"": 2, ""top_pct"": 0.0030959752321981426, ""top_reason"": ""momentum_min_avg_dollar_volume_20d""}}}",,union_superset_approx
base,replay_base_2024-08-30,2024-08-30T00:00:00+00:00,2024-08-30,research_pool,"['EME', 'PH', 'LMT', 'CMI', 'AKAM', 'TT', 'CRH', 'CHKP', 'HWM', 'VRT', 'FCX', 'HII', 'TREX', 'IESC', 'G', 'UAL', 'SLB', 'BKR', 'AXON', 'DAL', 'ANET', 'NFLX', 'PYPL', 'LHX', 'CAT', 'GOOG', 'GOOGL', 'CRM', 'PANW', 'AMZN']",30,0.027696887335792564,up,"{""ai_enabler"": 10, ""ai_peripheral"": 10, ""core_ai"": 10}","{""ai_enabler"": [""EME"", ""PH"", ""LMT"", ""CMI"", ""AKAM"", ""TT"", ""CRH"", ""CHKP"", ""HWM"", ""VRT""], ""ai_peripheral"": [""FCX"", ""HII"", ""TREX"", ""IESC"", ""G"", ""UAL"", ""SLB"", ""BKR"", ""AXON"", ""DAL""], ""core_ai"": [""ANET"", ""NFLX"", ""PYPL"", ""LHX"", ""CAT"", ""GOOG"", ""GOOGL"", ""CRM"", ""PANW"", ""AMZN""]}","{""ai_enabler"": {""n_filtered"": 51, ""n_input"": 646, ""n_ranked"": 51, ""priority_counts"": {""left_side_watch"": 2, ""research_now"": 4, ""theme_only"": 39, ""watch_for_pullback"": 6}}, ""ai_peripheral"": {""n_filtered"": 37, ""n_input"": 646, ""n_ranked"": 37, ""priority_counts"": {""left_side_watch"": 1, ""research_now"": 2, ""theme_only"": 34}}, ""core_ai"": {""n_filtered"": 43, ""n_input"": 646, ""n_ranked"": 43, ""priority_counts"": {""left_side_watch"": 1, ""research_now"": 5, ""theme_only"": 23, ""watch_for_pullback"": 14}}}",,union_superset_approx
base,replay_base_2024-09-30,2024-09-30T00:00:00+00:00,2024-09-30,low_value,"['GOOGL', 'CRM', 'GOOG', 'CSCO', 'MCHP', 'TER', 'AMD', 'FCX', 'AMZN', 'UNP', 'ETN', 'LHX', 'ACN', 'GD', 'NOC', 'UBER']",16,-0.016705962960723908,down,"{""ai_enabler"": 10, ""ai_peripheral"": 8, ""core_ai"": 7}","{""ai_enabler"": [""GOOGL"", ""FCX"", ""CRM"", ""GOOG"", ""AMZN"", ""CSCO"", ""UNP"", ""ETN"", ""LHX"", ""MCHP""], ""ai_peripheral"": [""FCX"", ""UNP"", ""ETN"", ""ACN"", ""LHX"", ""GD"", ""NOC"", ""UBER""], ""core_ai"": [""GOOGL"", ""CRM"", ""GOOG"", ""CSCO"", ""MCHP"", ""TER"", ""AMD""]}","{""ai_enabler"": {""first_fail"": {""top_count"": 248, ""top_pct"": 0.3833, ""top_reason"": ""min_dollar_volume""}, ""layer_summary"": {""base_hard"": {""before"": 647, ""pass_rate"": 0.23647604327666152, ""remaining"": 153, ""removed"": 258}, ""quality_or_theme_hard"": {""before"": 208, ""pass_rate"": 0.7355769230769231, ""remaining"": 153, ""removed"": 55}, ""valuation_hard"": {""before"": 389, ""pass_rate"": 0.5347043701799485, ""remaining"": 208, ""removed"": 181}}, ""n_filtered"": 153, ""n_input"": 647, ""n_ranked"": 13, ""near_miss"": {""reasons"": [{""count"": 1, ""layer"": ""valuation_hard"", ""pct"": 0.0015455950540958269, ""reason"": ""max_ps_hist_percentile""}, {""count"": 1, ""layer"": ""valuation_hard"", ""pct"": 0.0015455950540958269, ""reason"": ""max_ps_percentile_in_sic""}], ""top_count"": 1, ""top_pct"": 0.0015455950540958269, ""top_reason"": ""max_ps_hist_percentile""}}, ""ai_peripheral"": {""first_fail"": {""top_count"": 248, ""top_pct"": 0.3833, ""top_reason"": ""min_dollar_volume""}, ""layer_summary"": {""base_hard"": {""before"": 647, ""pass_rate"": 0.12364760432766615, ""remaining"": 80, ""removed"": 354}, ""quality_or_theme_hard"": {""before"": 239, ""pass_rate"": 0.7364016736401674, ""remaining"": 176, ""removed"": 63}, ""valuation_hard"": {""before"": 389, ""pass_rate"": 0.6143958868894601, ""remaining"": 239, ""removed"": 150}}, ""n_filtered"": 80, ""n_input"": 647, ""n_ranked"": 8, ""near_miss"": {""reasons"": [{""count"": 1, ""layer"": ""valuation_hard"", ""pct"": 0.0015455950540958269, ""reason"": ""max_range_position_52w""}, {""count"": 1, ""layer"": ""base_hard"", ""pct"": 0.0015455950540958269, ""reason"": ""min_avg_dollar_volume_20d""}, {""count"": 1, ""layer"": ""valuation_hard"", ""pct"": 0.0015455950540958269, ""reason"": ""max_ps_hist_percentile""}], ""top_count"": 1, ""top_pct"": 0.0015455950540958269, ""top_reason"": ""max_range_position_52w""}}, ""core_ai"": {""first_fail"": {""top_count"": 248, ""top_pct"": 0.3833, ""top_reason"": ""min_dollar_volume""}, ""layer_summary"": {""base_hard"": {""before"": 647, ""pass_rate"": 0.080370942812983, ""remaining"": 52, ""removed"": 325}, ""quality_or_theme_hard"": {""before"": 162, ""pass_rate"": 0.7345679012345679, ""remaining"": 119, ""removed"": 43}, ""valuation_hard"": {""before"": 389, ""pass_rate"": 0.41645244215938304, ""remaining"": 162, ""removed"": 227}}, ""n_filtered"": 52, ""n_input"": 647, ""n_ranked"": 7, ""near_miss"": {""reasons"": [], ""top_count"": 0, ""top_pct"": 0.0, ""top_reason"": """"}}}",,union_superset_approx
base,replay_base_2024-09-30,2024-09-30T00:00:00+00:00,2024-09-30,industry_trend,"['ORCL', 'TSLA', 'CRM', 'AMZN', 'META', 'IBM', 'ANET', 'CAT', 'NFLX', 'GEV', 'FCX', 'VRT', 'ETN', 'CRH', 'PH', 'DE', 'AMT', 'HWM']",18,-0.016705962960723908,down,"{""ai_enabler"": 10, ""ai_peripheral"": 10, ""core_ai"": 10}","{""ai_enabler"": [""ORCL"", ""TSLA"", ""CRM"", ""IBM"", ""AMZN"", ""ANET"", ""CAT"", ""FCX"", ""META"", ""VRT""], ""ai_peripheral"": [""CAT"", ""FCX"", ""ETN"", ""VRT"", ""CRH"", ""PH"", ""GEV"", ""DE"", ""AMT"", ""HWM""], ""core_ai"": [""ORCL"", ""TSLA"", ""CRM"", ""AMZN"", ""META"", ""IBM"", ""ANET"", ""CAT"", ""NFLX"", ""GEV""]}","{""ai_enabler"": {""first_fail"": {""top_count"": 248, ""top_pct"": 0.3833, ""top_reason"": ""min_dollar_volume""}, ""layer_summary"": {""base_hard"": {""before"": 647, ""pass_rate"": 0.44976816074188564, ""remaining"": 291, ""removed"": 258}, ""quality_or_theme_hard"": {""before"": 389, ""pass_rate"": 0.7480719794344473, ""remaining"": 291, ""removed"": 98}}, ""n_filtered"": 291, ""n_input"": 647, ""n_ranked"": 85, ""near_miss"": {""reasons"": [{""count"": 2, ""layer"": ""base_hard"", ""pct"": 0.0030911901081916537, ""reason"": ""trend_min_avg_dollar_volume_20d""}, {""count"": 2, ""layer"": ""quality_or_theme_hard"", ""pct"": 0.0030911901081916537, ""reason"": ""min_current_ratio""}, {""count"": 1, ""layer"": ""quality_or_theme_hard"", ""pct"": 0.0015455950540958269, ""reason"": ""min_net_income_yoy""}, {""count"": 1, ""layer"": ""valuation_hard"", ""pct"": 0.0015455950540958269, ""reason"": ""max_ps_hist_percentile""}, {""count"": 1, ""layer"": ""quality_or_theme_hard"", ""pct"": 0.0015455950540958269, ""reason"": ""min_ai_link_score""}], ""top_count"": 2, ""top_pct"": 0.0030911901081916537, ""top_reason"": ""trend_min_avg_dollar_volume_20d""}}, ""ai_peripheral"": {""first_fail"": {""top_count"": 248, ""top_pct"": 0.3833, ""top_reason"": ""min_dollar_volume""}, ""layer_summary"": {""base_hard"": {""before"": 647, ""pass_rate"": 0.21792890262751158, ""remaining"": 141, ""removed"": 408}, ""quality_or_theme_hard"": {""before"": 389, ""pass_rate"": 0.36246786632390743, ""remaining"": 141, ""removed"": 98}}, ""n_filtered"": 141, ""n_input"": 647, ""n_ranked"": 70, ""near_miss"": {""reasons"": [{""count"": 2, ""layer"": ""base_hard"", ""pct"": 0.0030911901081916537, ""reason"": ""channel_bucket_match""}, {""count"": 1, ""layer"": ""base_hard"", ""pct"": 0.0015455950540958269, ""reason"": ""trend_min_avg_dollar_volume_20d""}, {""count"": 1, ""layer"": ""valuation_hard"", ""pct"": 0.0015455950540958269, ""reason"": ""max_ps_hist_percentile""}], ""top_count"": 2, ""top_pct"": 0.0030911901081916537, ""top_reason"": ""channel_bucket_match""}}, ""core_ai"": {""first_fail"": {""top_count"": 248, ""top_pct"": 0.3833, ""top_reason"": ""min_dollar_volume""}, ""layer_summary"": {""base_hard"": {""before"": 647, ""pass_rate"": 0.15146831530139104, ""remaining"": 98, ""removed"": 451}, ""quality_or_theme_hard"": {""before"": 389, ""pass_rate"": 0.2519280205655527, ""remaining"": 98, ""removed"": 98}}, ""n_filtered"": 98, ""n_input"": 647, ""n_ranked"": 26, ""near_miss"": {""reasons"": [{""count"": 1, ""layer"": ""base_hard"", ""pct"": 0.0015455950540958269, ""reason"": ""trend_min_avg_dollar_volume_20d""}, {""count"": 1, ""layer"": ""quality_or_theme_hard"", ""pct"": 0.0015455950540958269, ""reason"": ""min_current_ratio""}, {""count"": 1, ""layer"": ""quality_or_theme_hard"", ""pct"": 0.0015455950540958269, ""reason"": ""min_ai_link_score""}], ""top_count"": 1, ""top_pct"": 0.0015455950540958269, ""top_reason"": ""trend_min_avg_dollar_volume_20d""}}}",,union_superset_approx
base,replay_base_2024-09-30,2024-09-30T00:00:00+00:00,2024-09-30,momentum,"['ORCL', 'TSLA', 'CRM', 'ANET', 'IBM', 'META', 'CAT', 'AMZN', 'GEV', 'CEG', 'FCX', 'VRT', 'PWR', 'ETN', 'EME', 'DE', 'PYPL', 'GE']",18,-0.016705962960723908,down,"{""ai_enabler"": 10, ""ai_peripheral"": 10, ""core_ai"": 10}","{""ai_enabler"": [""ORCL"", ""TSLA"", ""ANET"", ""CRM"", ""IBM"", ""CAT"", ""FCX"", ""VRT"", ""AMZN"", ""PWR""], ""ai_peripheral"": [""CAT"", ""FCX"", ""ETN"", ""VRT"", ""PWR"", ""EME"", ""GEV"", ""DE"", ""PYPL"", ""GE""], ""core_ai"": [""ORCL"", ""TSLA"", ""CRM"", ""ANET"", ""IBM"", ""META"", ""CAT"", ""AMZN"", ""GEV"", ""CEG""]}","{""ai_enabler"": {""first_fail"": {""top_count"": 248, ""top_pct"": 0.3833, ""top_reason"": ""min_dollar_volume""}, ""layer_summary"": {""base_hard"": {""before"": 647, ""pass_rate"": 0.44976816074188564, ""remaining"": 291, ""removed"": 258}, ""quality_or_theme_hard"": {""before"": 389, ""pass_rate"": 0.7480719794344473, ""remaining"": 291, ""removed"": 98}}, ""n_filtered"": 291, ""n_input"": 647, ""n_ranked"": 85, ""near_miss"": {""reasons"": [{""count"": 1, ""layer"": ""quality_or_theme_hard"", ""pct"": 0.0015455950540958269, ""reason"": ""min_net_income_yoy""}, {""count"": 1, ""layer"": ""quality_or_theme_hard"", ""pct"": 0.0015455950540958269, ""reason"": ""min_ai_link_score""}], ""top_count"": 1, ""top_pct"": 0.0015455950540958269, ""top_reason"": ""min_net_income_yoy""}}, ""ai_peripheral"": {""first_fail"": {""top_count"": 248, ""top_pct"": 0.3833, ""top_reason"": ""min_dollar_volume""}, ""layer_summary"": {""base_hard"": {""before"": 647, ""pass_rate"": 0.21792890262751158, ""remaining"": 141, ""removed"": 408}, ""quality_or_theme_hard"": {""before"": 389, ""pass_rate"": 0.36246786632390743, ""remaining"": 141, ""removed"": 98}}, ""n_filtered"": 141, ""n_input"": 647, ""n_ranked"": 70, ""near_miss"": {""reasons"": [{""count"": 2, ""layer"": ""base_hard"", ""pct"": 0.0030911901081916537, ""reason"": ""channel_bucket_match""}, {""count"": 1, ""layer"": ""valuation_hard"", ""pct"": 0.0015455950540958269, ""reason"": ""momentum_min_return_20d""}], ""top_count"": 2, ""top_pct"": 0.0030911901081916537, ""top_reason"": ""channel_bucket_match""}}, ""core_ai"": {""first_fail"": {""top_count"": 248, ""top_pct"": 0.3833, ""top_reason"": ""min_dollar_volume""}, ""layer_summary"": {""base_hard"": {""before"": 647, ""pass_rate"": 0.15146831530139104, ""remaining"": 98, ""removed"": 451}, ""quality_or_theme_hard"": {""before"": 389, ""pass_rate"": 0.2519280205655527, ""remaining"": 98, ""removed"": 98}}, ""n_filtered"": 98, ""n_input"": 647, ""n_ranked"": 26, ""near_miss"": {""reasons"": [{""count"": 1, ""layer"": ""base_hard"", ""pct"": 0.0015455950540958269, ""reason"": ""momentum_min_avg_dollar_volume_20d""}, {""count"": 1, ""layer"": ""quality_or_theme_hard"", ""pct"": 0.0015455950540958269, ""reason"": ""min_ai_link_score""}], ""top_count"": 1, ""top_pct"": 0.0015455950540958269, ""top_reason"": ""momentum_min_avg_dollar_volume_20d""}}}",,union_superset_approx
base,replay_base_2024-09-30,2024-09-30T00:00:00+00:00,2024-09-30,research_pool,"['EME', 'LMT', 'ACN', 'AKAM', 'QLYS', 'TT', 'PWR', 'GE', 'CRH', 'VRT', 'FCX', 'HII', 'IESC', 'SLB', 'TREX', 'DAL', 'BKR', 'G', 'APD', 'UAL', 'ANET', 'NFLX', 'PYPL', 'LHX', 'CAT', 'CSCO', 'GOOG', 'GOOGL', 'CRM', 'META']",30,-0.016705962960723908,down,"{""ai_enabler"": 10, ""ai_peripheral"": 10, ""core_ai"": 10}","{""ai_enabler"": [""EME"", ""LMT"", ""ACN"", ""AKAM"", ""QLYS"", ""TT"", ""PWR"", ""GE"", ""CRH"", ""VRT""], ""ai_peripheral"": [""FCX"", ""HII"", ""IESC"", ""SLB"", ""TREX"", ""DAL"", ""BKR"", ""G"", ""APD"", ""UAL""], ""core_ai"": [""ANET"", ""NFLX"", ""PYPL"", ""LHX"", ""CAT"", ""CSCO"", ""GOOG"", ""GOOGL"", ""CRM"", ""META""]}","{""ai_enabler"": {""n_filtered"": 52, ""n_input"": 647, ""n_ranked"": 52, ""priority_counts"": {""left_side_watch"": 1, ""research_now"": 3, ""theme_only"": 38, ""watch_for_pullback"": 10}}, ""ai_peripheral"": {""n_filtered"": 27, ""n_input"": 647, ""n_ranked"": 27, ""priority_counts"": {""research_now"": 2, ""theme_only"": 25}}, ""core_ai"": {""n_filtered"": 36, ""n_input"": 647, ""n_ranked"": 36, ""priority_counts"": {""research_now"": 6, ""theme_only"": 18, ""watch_for_pullback"": 12}}}",,union_superset_approx
base,replay_base_2024-10-31,2024-10-31T00:00:00+00:00,2024-10-31,low_value,"['GOOGL', 'AMZN', 'CRM', 'MSFT', 'AMD', 'MPWR', 'MU', 'FCX', 'CAT', 'UNP', 'GOOG', 'CSCO', 'RTX', 'ETN', 'CMI', 'GD', 'UBER', 'TT', 'LHX']",19,0.11245229227019826,up,"{""ai_enabler"": 10, ""ai_peripheral"": 10, ""core_ai"": 7}","{""ai_enabler"": [""FCX"", ""CAT"", ""GOOGL"", ""UNP"", ""AMZN"", ""GOOG"", ""CSCO"", ""RTX"", ""CRM"", ""ETN""], ""ai_peripheral"": [""FCX"", ""CAT"", ""UNP"", ""RTX"", ""CMI"", ""ETN"", ""GD"", ""UBER"", ""TT"", ""LHX""], ""core_ai"": [""GOOGL"", ""AMZN"", ""CRM"", ""MSFT"", ""AMD"", ""MPWR"", ""MU""]}","{""ai_enabler"": {""first_fail"": {""top_count"": 208, ""top_pct"": 0.3205, ""top_reason"": ""min_dollar_volume""}, ""layer_summary"": {""base_hard"": {""before"": 649, ""pass_rate"": 0.31587057010785824, ""remaining"": 205, ""removed"": 216}, ""quality_or_theme_hard"": {""before"": 293, ""pass_rate"": 0.6996587030716723, ""remaining"": 205, ""removed"": 88}, ""valuation_hard"": {""before"": 433, ""pass_rate"": 0.6766743648960739, ""remaining"": 293, ""removed"": 140}}, ""n_filtered"": 205, ""n_input"": 649, ""n_ranked"": 18, ""near_miss"": {""reasons"": [{""count"": 2, ""layer"": ""valuation_hard"", ""pct"": 0.0030816640986132513, ""reason"": ""max_ps_hist_percentile""}, {""count"": 1, ""layer"": ""quality_or_theme_hard"", ""pct"": 0.0015408320493066256, ""reason"": ""min_revenue_yoy""}, {""count"": 1, ""layer"": ""valuation_hard"", ""pct"": 0.0015408320493066256, ""reason"": ""max_price_to_sma200""}, {""count"": 1, ""layer"": ""base_hard"", ""pct"": 0.0015408320493066256, ""reason"": ""min_avg_dollar_volume_20d""}, {""count"": 1, ""layer"": ""quality_or_theme_hard"", ""pct"": 0.0015408320493066256, ""reason"": ""max_receivables_growth_gap""}], ""top_count"": 2, ""top_pct"": 0.0030816640986132513, ""top_reason"": ""max_ps_hist_percentile""}}, ""ai_peripheral"": {""first_fail"": {""top_count"": 208, ""top_pct"": 0.3205, ""top_reason"": ""min_dollar_volume""}, ""layer_summary"": {""base_hard"": {""before"": 649, ""pass_rate"": 0.18335901386748846, ""remaining"": 119, ""removed"": 325}, ""quality_or_theme_hard"": {""before"": 323, ""pass_rate"": 0.7058823529411765, ""remaining"": 228, ""removed"": 95}, ""valuation_hard"": {""before"": 433, ""pass_rate"": 0.745958429561201, ""remaining"": 323, ""removed"": 110}}, ""n_filtered"": 119, ""n_input"": 649, ""n_ranked"": 14, ""near_miss"": {""reasons"": [{""count"": 2, ""layer"": ""base_hard"", ""pct"": 0.0030816640986132513, ""reason"": ""channel_bucket_match""}, {""count"": 1, ""layer"": ""quality_or_theme_hard"", ""pct"": 0.0015408320493066256, ""reason"": ""min_current_ratio""}, {""count"": 1, ""layer"": ""quality_or_theme_hard"", ""pct"": 0.0015408320493066256, ""reason"": ""max_receivables_growth_gap""}, {""count"": 1, ""layer"": ""valuation_hard"", ""pct"": 0.0015408320493066256, ""reason"": ""min_value_discount_any""}], ""top_count"": 2, ""top_pct"": 0.0030816640986132513, ""top_reason"": ""channel_bucket_match""}}, ""core_ai"": {""first_fail"": {""top_count"": 208, ""top_pct"": 0.3205, ""top_reason"": ""min_dollar_volume""}, ""layer_summary"": {""base_hard"": {""before"": 649, ""pass_rate"": 0.08012326656394453, ""remaining"": 52, ""removed"": 323}, ""quality_or_theme_hard"": {""before"": 233, ""pass_rate"": 0.6824034334763949, ""remaining"": 159, ""removed"": 74}, ""valuation_hard"": {""before"": 433, ""pass_rate"": 0.5381062355658198, ""remaining"": 233, ""removed"": 200}}, ""n_filtered"": 52, ""n_input"": 649, ""n_ranked"": 7, ""near_miss"": {""reasons"": [{""count"": 1, ""layer"": ""base_hard"", ""pct"": 0.0015408320493066256, ""reason"": ""min_avg_dollar_volume_20d""}, {""count"": 1, ""layer"": ""valuation_hard"", ""pct"": 0.0015408320493066256, ""reason"": ""max_ps_percentile_in_sic""}], ""top_count"": 1, ""top_pct"": 0.0015408320493066256, ""top_reason"": ""min_avg_dollar_volume_20d""}}}",,union_superset_approx
base,replay_base_2024-10-31,2024-10-31T00:00:00+00:00,2024-10-31,industry_trend,"['GOOGL', 'AMZN', 'NFLX', 'MSFT', 'CRM', 'TSLA', 'ANET', 'CSCO', 'NVDA', 'BKNG', 'GOOG', 'ETN', 'UNP', 'VMC', 'CRH', 'PH', 'ETR', 'CAT', 'GEV', 'VRT', 'PWR']",21,0.11245229227019826,up,"{""ai_enabler"": 10, ""ai_peripheral"": 10, ""core_ai"": 10}","{""ai_enabler"": [""NFLX"", ""AMZN"", ""GOOGL"", ""CRM"", ""TSLA"", ""ANET"", ""GOOG"", ""CSCO"", ""ETN"", ""UNP""], ""ai_peripheral"": [""VMC"", ""ETN"", ""CRH"", ""PH"", ""ETR"", ""UNP"", ""CAT"", ""GEV"", ""VRT"", ""PWR""], ""core_ai"": [""GOOGL"", ""AMZN"", ""NFLX"", ""MSFT"", ""CRM"", ""TSLA"", ""ANET"", ""CSCO"", ""NVDA"", ""BKNG""]}","{""ai_enabler"": {""first_fail"": {""top_count"": 208, ""top_pct"": 0.3205, ""top_reason"": ""min_dollar_volume""}, ""layer_summary"": {""base_hard"": {""before"": 649, ""pass_rate"": 0.4745762711864407, ""remaining"": 308, ""removed"": 216}, ""quality_or_theme_hard"": {""before"": 433, ""pass_rate"": 0.7113163972286374, ""remaining"": 308, ""removed"": 125}}, ""n_filtered"": 308, ""n_input"": 649, ""n_ranked"": 90, ""near_miss"": {""reasons"": [{""count"": 3, ""layer"": ""base_hard"", ""pct"": 0.004622496147919877, ""reason"": ""trend_min_avg_dollar_volume_20d""}, {""count"": 3, ""layer"": ""valuation_hard"", ""pct"": 0.004622496147919877, ""reason"": ""max_ps_hist_percentile""}, {""count"": 2, ""layer"": ""quality_or_theme_hard"", ""pct"": 0.0030816640986132513, ""reason"": ""min_current_ratio""}, {""count"": 1, ""layer"": ""quality_or_theme_hard"", ""pct"": 0.0015408320493066256, ""reason"": ""min_revenue_yoy""}, {""count"": 1, ""layer"": ""quality_or_theme_hard"", ""pct"": 0.0015408320493066256, ""reason"": ""min_net_income_yoy""}], ""top_count"": 3, ""top_pct"": 0.004622496147919877, ""top_reason"": ""trend_min_avg_dollar_volume_20d""}}, ""ai_peripheral"": {""first_fail"": {""top_count"": 208, ""top_pct"": 0.3205, ""top_reason"": ""min_dollar_volume""}, ""layer_summary"": {""base_hard"": {""before"": 649, ""pass_rate"": 0.23728813559322035, ""remaining"": 154, ""removed"": 370}, ""quality_or_theme_hard"": {""before"": 433, ""pass_rate"": 0.3556581986143187, ""remaining"": 154, ""removed"": 125}}, ""n_filtered"": 154, ""n_input"": 649, ""n_ranked"": 75, ""near_miss"": {""reasons"": [{""count"": 4, ""layer"": ""base_hard"", ""pct"": 0.0061633281972265025, ""reason"": ""channel_bucket_match""}, {""count"": 2, ""layer"": ""base_hard"", ""pct"": 0.0030816640986132513, ""reason"": ""trend_min_avg_dollar_volume_20d""}, {""count"": 2, ""layer"": ""valuation_hard"", ""pct"": 0.0030816640986132513, ""reason"": ""max_ps_hist_percentile""}, {""count"": 1, ""layer"": ""quality_or_theme_hard"", ""pct"": 0.0015408320493066256, ""reason"": ""min_current_ratio""}, {""count"": 1, ""layer"": ""quality_or_theme_hard"", ""pct"": 0.0015408320493066256, ""reason"": ""max_receivables_growth_gap""}], ""top_count"": 4, ""top_pct"": 0.0061633281972265025, ""top_reason"": ""channel_bucket_match""}}, ""core_ai"": {""first_fail"": {""top_count"": 208, ""top_pct"": 0.3205, ""top_reason"": ""min_dollar_volume""}, ""layer_summary"": {""base_hard"": {""before"": 649, ""pass_rate"": 0.15716486902927582, ""remaining"": 102, ""removed"": 422}, ""quality_or_theme_hard"": {""before"": 433, ""pass_rate"": 0.23556581986143188, ""remaining"": 102, ""removed"": 125}}, ""n_filtered"": 102, ""n_input"": 649, ""n_ranked"": 27, ""near_miss"": {""reasons"": [{""count"": 1, ""layer"": ""quality_or_theme_hard"", ""pct"": 0.0015408320493066256, ""reason"": ""min_net_income_yoy""}, {""count"": 1, ""layer"": ""valuation_hard"", ""pct"": 0.0015408320493066256, ""reason"": ""max_ps_percentile_in_sic""}, {""count"": 1, ""layer"": ""base_hard"", ""pct"": 0.0015408320493066256, ""reason"": ""trend_min_avg_dollar_volume_20d""}, {""count"": 1, ""layer"": ""quality_or_theme_hard"", ""pct"": 0.0015408320493066256, ""reason"": ""max_shares_yoy""}], ""top_count"": 1, ""top_pct"": 0.0015408320493066256, ""top_reason"": ""min_net_income_yoy""}}}",,union_superset_approx
base,replay_base_2024-10-31,2024-10-31T00:00:00+00:00,2024-10-31,momentum,"['GOOGL', 'NFLX', 'CRM', 'AMZN', 'ZM', 'CSCO', 'NVDA', 'ANET', 'PANW', 'TSLA', 'CRH', 'VMC', 'GEV', 'ETR', 'ETN', 'PWR', 'VRT', 'EME', 'BAH', 'KMI']",20,0.11245229227019826,up,"{""ai_enabler"": 10, ""ai_peripheral"": 10, ""core_ai"": 10}","{""ai_enabler"": [""NFLX"", ""AMZN"", ""ZM"", ""CRM"", ""GOOGL"", ""CRH"", ""CSCO"", ""TSLA"", ""ANET"", ""VMC""], ""ai_peripheral"": [""CRH"", ""VMC"", ""GEV"", ""ETR"", ""ETN"", ""PWR"", ""VRT"", ""EME"", ""BAH"", ""KMI""], ""core_ai"": [""GOOGL"", ""NFLX"", ""CRM"", ""AMZN"", ""ZM"", ""CSCO"", ""NVDA"", ""ANET"", ""PANW"", ""TSLA""]}","{""ai_enabler"": {""first_fail"": {""top_count"": 208, ""top_pct"": 0.3205, ""top_reason"": ""min_dollar_volume""}, ""layer_summary"": {""base_hard"": {""before"": 649, ""pass_rate"": 0.4745762711864407, ""remaining"": 308, ""removed"": 216}, ""quality_or_theme_hard"": {""before"": 433, ""pass_rate"": 0.7113163972286374, ""remaining"": 308, ""removed"": 125}}, ""n_filtered"": 308, ""n_input"": 649, ""n_ranked"": 90, ""near_miss"": {""reasons"": [{""count"": 1, ""layer"": ""quality_or_theme_hard"", ""pct"": 0.0015408320493066256, ""reason"": ""min_net_income_yoy""}, {""count"": 1, ""layer"": ""valuation_hard"", ""pct"": 0.0015408320493066256, ""reason"": ""momentum_min_return_20d""}, {""count"": 1, ""layer"": ""base_hard"", ""pct"": 0.0015408320493066256, ""reason"": ""momentum_min_avg_dollar_volume_20d""}], ""top_count"": 1, ""top_pct"": 0.0015408320493066256, ""top_reason"": ""min_net_income_yoy""}}, ""ai_peripheral"": {""first_fail"": {""top_count"": 208, ""top_pct"": 0.3205, ""top_reason"": ""min_dollar_volume""}, ""layer_summary"": {""base_hard"": {""before"": 649, ""pass_rate"": 0.23728813559322035, ""remaining"": 154, ""removed"": 370}, ""quality_or_theme_hard"": {""before"": 433, ""pass_rate"": 0.3556581986143187, ""remaining"": 154, ""removed"": 125}}, ""n_filtered"": 154, ""n_input"": 649, ""n_ranked"": 75, ""near_miss"": {""reasons"": [{""count"": 2, ""layer"": ""valuation_hard"", ""pct"": 0.0030816640986132513, ""reason"": ""max_ps_hist_percentile""}, {""count"": 1, ""layer"": ""base_hard"", ""pct"": 0.0015408320493066256, ""reason"": ""channel_bucket_match""}], ""top_count"": 2, ""top_pct"": 0.0030816640986132513, ""top_reason"": ""max_ps_hist_percentile""}}, ""core_ai"": {""first_fail"": {""top_count"": 208, ""top_pct"": 0.3205, ""top_reason"": ""min_dollar_volume""}, ""layer_summary"": {""base_hard"": {""before"": 649, ""pass_rate"": 0.15716486902927582, ""remaining"": 102, ""removed"": 422}, ""quality_or_theme_hard"": {""before"": 433, ""pass_rate"": 0.23556581986143188, ""remaining"": 102, ""removed"": 125}}, ""n_filtered"": 102, ""n_input"": 649, ""n_ranked"": 27, ""near_miss"": {""reasons"": [{""count"": 1, ""layer"": ""valuation_hard"", ""pct"": 0.0015408320493066256, ""reason"": ""momentum_min_return_20d""}], ""top_count"": 1, ""top_pct"": 0.0015408320493066256, ""top_reason"": ""momentum_min_return_20d""}}}",,union_superset_approx
base,replay_base_2024-10-31,2024-10-31T00:00:00+00:00,2024-10-31,research_pool,"['EME', 'LMT', 'AKAM', 'BAH', 'CRH', 'RTX', 'TT', 'HWM', 'QLYS', 'ALRM', 'FCX', 'HII', 'SLB', 'IESC', 'DAL', 'MATX', 'BKR', 'MTH', 'G', 'APD', 'ANET', 'NFLX', 'LDOS', 'PYPL', 'CAT', 'LHX', 'CSCO', 'GOOG', 'GOOGL', 'PANW']",30,0.11245229227019826,up,"{""ai_enabler"": 10, ""ai_peripheral"": 10, ""core_ai"": 10}","{""ai_enabler"": [""EME"", ""LMT"", ""AKAM"", ""BAH"", ""CRH"", ""RTX"", ""TT"", ""HWM"", ""QLYS"", ""ALRM""], ""ai_peripheral"": [""FCX"", ""HII"", ""SLB"", ""IESC"", ""DAL"", ""MATX"", ""BKR"", ""MTH"", ""G"", ""APD""], ""core_ai"": [""ANET"", ""NFLX"", ""LDOS"", ""PYPL"", ""CAT"", ""LHX"", ""CSCO"", ""GOOG"", ""GOOGL"", ""PANW""]}","{""ai_enabler"": {""n_filtered"": 48, ""n_input"": 649, ""n_ranked"": 48, ""priority_counts"": {""left_side_watch"": 1, ""research_now"": 2, ""theme_only"": 39, ""watch_for_pullback"": 6}}, ""ai_peripheral"": {""n_filtered"": 26, ""n_input"": 649, ""n_ranked"": 26, ""priority_counts"": {""left_side_watch"": 2, ""research_now"": 1, ""theme_only"": 23}}, ""core_ai"": {""n_filtered"": 37, ""n_input"": 649, ""n_ranked"": 37, ""priority_counts"": {""left_side_watch"": 1, ""research_now"": 7, ""theme_only"": 13, ""watch_for_pullback"": 16}}}",,union_superset_approx
base,replay_base_2024-11-29,2024-11-29T00:00:00+00:00,2024-11-29,low_value,"['GOOGL', 'LRCX', 'GOOG', 'QCOM', 'MSFT', 'TXN', 'TER', 'AMD', 'FCX', 'LDOS', 'UNP', 'AMZN', 'RTX', 'HII', 'CAT', 'GE', 'ACN', 'GD', 'UBER', 'VMC']",20,0.10541495890529795,up,"{""ai_enabler"": 10, ""ai_peripheral"": 10, ""core_ai"": 8}","{""ai_enabler"": [""FCX"", ""GOOGL"", ""LDOS"", ""GOOG"", ""QCOM"", ""LRCX"", ""UNP"", ""AMZN"", ""RTX"", ""HII""], ""ai_peripheral"": [""FCX"", ""HII"", ""RTX"", ""CAT"", ""UNP"", ""GE"", ""ACN"", ""GD"", ""UBER"", ""VMC""], ""core_ai"": [""GOOGL"", ""LRCX"", ""GOOG"", ""QCOM"", ""MSFT"", ""TXN"", ""TER"", ""AMD""]}","{""ai_enabler"": {""first_fail"": {""top_count"": 297, ""top_pct"": 0.4576, ""top_reason"": ""min_dollar_volume""}, ""layer_summary"": {""base_hard"": {""before"": 649, ""pass_rate"": 0.24499229583975346, ""remaining"": 159, ""removed"": 304}, ""quality_or_theme_hard"": {""before"": 170, ""pass_rate"": 0.9352941176470588, ""remaining"": 159, ""removed"": 11}, ""valuation_hard"": {""before"": 345, ""pass_rate"": 0.4927536231884058, ""remaining"": 170, ""removed"": 175}}, ""n_filtered"": 159, ""n_input"": 649, ""n_ranked"": 15, ""near_miss"": {""reasons"": [{""count"": 4, ""layer"": ""valuation_hard"", ""pct"": 0.0061633281972265025, ""reason"": ""max_ps_hist_percentile""}, {""count"": 1, ""layer"": ""valuation_hard"", ""pct"": 0.0015408320493066256, ""reason"": ""max_price_to_sma200""}, {""count"": 1, ""layer"": ""base_hard"", ""pct"": 0.0015408320493066256, ""reason"": ""min_avg_dollar_volume_20d""}, {""count"": 1, ""layer"": ""quality_or_theme_hard"", ""pct"": 0.0015408320493066256, ""reason"": ""min_interest_coverage""}, {""count"": 1, ""layer"": ""valuation_hard"", ""pct"": 0.0015408320493066256, ""reason"": ""min_value_discount_any""}], ""top_count"": 4, ""top_pct"": 0.0061633281972265025, ""top_reason"": ""max_ps_hist_percentile""}}, ""ai_peripheral"": {""first_fail"": {""top_count"": 297, ""top_pct"": 0.4576, ""top_reason"": ""min_dollar_volume""}, ""layer_summary"": {""base_hard"": {""before"": 649, ""pass_rate"": 0.14021571648690292, ""remaining"": 91, ""removed"": 390}, ""quality_or_theme_hard"": {""before"": 188, ""pass_rate"": 0.9414893617021277, ""remaining"": 177, ""removed"": 11}, ""valuation_hard"": {""before"": 345, ""pass_rate"": 0.5449275362318841, ""remaining"": 188, ""removed"": 157}}, ""n_filtered"": 91, ""n_input"": 649, ""n_ranked"": 10, ""near_miss"": {""reasons"": [{""count"": 1, ""layer"": ""valuation_hard"", ""pct"": 0.0015408320493066256, ""reason"": ""max_ps_hist_percentile""}, {""count"": 1, ""layer"": ""base_hard"", ""pct"": 0.0015408320493066256, ""reason"": ""channel_bucket_match""}, {""count"": 1, ""layer"": ""valuation_hard"", ""pct"": 0.0015408320493066256, ""reason"": ""min_value_discount_any""}], ""top_count"": 1, ""top_pct"": 0.0015408320493066256, ""top_reason"": ""max_ps_hist_percentile""}}, ""core_ai"": {""first_fail"": {""top_count"": 297, ""top_pct"": 0.4576, ""top_reason"": ""min_dollar_volume""}, ""layer_summary"": {""base_hard"": {""before"": 649, ""pass_rate"": 0.06317411402157165, ""remaining"": 41, ""removed"": 380}, ""quality_or_theme_hard"": {""before"": 128, ""pass_rate"": 0.9140625, ""remaining"": 117, ""removed"": 11}, ""valuation_hard"": {""before"": 345, ""pass_rate"": 0.3710144927536232, ""remaining"": 128, ""removed"": 217}}, ""n_filtered"": 41, ""n_input"": 649, ""n_ranked"": 8, ""near_miss"": {""reasons"": [{""count"": 2, ""layer"": ""valuation_hard"", ""pct"": 0.0030816640986132513, ""reason"": ""max_ps_hist_percentile""}, {""count"": 1, ""layer"": ""quality_or_theme_hard"", ""pct"": 0.0015408320493066256, ""reason"": ""min_interest_coverage""}, {""count"": 1, ""layer"": ""valuation_hard"", ""pct"": 0.0015408320493066256, ""reason"": ""max_ps_percentile_in_sic""}, {""count"": 1, ""layer"": ""valuation_hard"", ""pct"": 0.0015408320493066256, ""reason"": ""max_pe_percentile_in_sic""}], ""top_count"": 2, ""top_pct"": 0.0030816640986132513, ""top_reason"": ""max_ps_hist_percentile""}}}",,union_superset_approx
base,replay_base_2024-11-29,2024-11-29T00:00:00+00:00,2024-11-29,industry_trend,"['AMZN', 'TSLA', 'MSFT', 'CRM', 'NFLX', 'GOOGL', 'ANET', 'IBM', 'NVDA', 'LRCX', 'ORCL', 'UNP', 'CAT', 'ETN', 'HWM', 'CRH', 'CSX', 'PH', 'KMI', 'DE', 'PYPL']",21,0.10541495890529795,up,"{""ai_enabler"": 10, ""ai_peripheral"": 10, ""core_ai"": 10}","{""ai_enabler"": [""TSLA"", ""NFLX"", ""AMZN"", ""CRM"", ""ORCL"", ""ANET"", ""IBM"", ""MSFT"", ""UNP"", ""CAT""], ""ai_peripheral"": [""ETN"", ""CAT"", ""HWM"", ""CRH"", ""CSX"", ""PH"", ""UNP"", ""KMI"", ""DE"", ""PYPL""], ""core_ai"": [""AMZN"", ""TSLA"", ""MSFT"", ""CRM"", ""NFLX"", ""GOOGL"", ""ANET"", ""IBM"", ""NVDA"", ""LRCX""]}","{""ai_enabler"": {""first_fail"": {""top_count"": 297, ""top_pct"": 0.4576, ""top_reason"": ""min_dollar_volume""}, ""layer_summary"": {""base_hard"": {""before"": 649, ""pass_rate"": 0.4946070878274268, ""remaining"": 321, ""removed"": 304}, ""quality_or_theme_hard"": {""before"": 345, ""pass_rate"": 0.9304347826086956, ""remaining"": 321, ""removed"": 24}}, ""n_filtered"": 321, ""n_input"": 649, ""n_ranked"": 89, ""near_miss"": {""reasons"": [{""count"": 5, ""layer"": ""valuation_hard"", ""pct"": 0.007704160246533128, ""reason"": ""max_ps_hist_percentile""}, {""count"": 1, ""layer"": ""quality_or_theme_hard"", ""pct"": 0.0015408320493066256, ""reason"": ""min_net_income_yoy""}, {""count"": 1, ""layer"": ""valuation_hard"", ""pct"": 0.0015408320493066256, ""reason"": ""max_ps_percentile_in_sic""}, {""count"": 1, ""layer"": ""valuation_hard"", ""pct"": 0.0015408320493066256, ""reason"": ""max_pe_percentile_in_sic""}, {""count"": 1, ""layer"": ""valuation_hard"", ""pct"": 0.0015408320493066256, ""reason"": ""trend_min_return_60d""}], ""top_count"": 5, ""top_pct"": 0.007704160246533128, ""top_reason"": ""max_ps_hist_percentile""}}, ""ai_peripheral"": {""first_fail"": {""top_count"": 297, ""top_pct"": 0.4576, ""top_reason"": ""min_dollar_volume""}, ""layer_summary"": {""base_hard"": {""before"": 649, ""pass_rate"": 0.2357473035439137, ""remaining"": 153, ""removed"": 472}, ""quality_or_theme_hard"": {""before"": 345, ""pass_rate"": 0.4434782608695652, ""remaining"": 153, ""removed"": 24}}, ""n_filtered"": 153, ""n_input"": 649, ""n_ranked"": 72, ""near_miss"": {""reasons"": [{""count"": 4, ""layer"": ""base_hard"", ""pct"": 0.0061633281972265025, ""reason"": ""channel_bucket_match""}, {""count"": 2, ""layer"": ""valuation_hard"", ""pct"": 0.0030816640986132513, ""reason"": ""max_ps_hist_percentile""}], ""top_count"": 4, ""top_pct"": 0.0061633281972265025, ""top_reason"": ""channel_bucket_match""}}, ""core_ai"": {""first_fail"": {""top_count"": 297, ""top_pct"": 0.4576, ""top_reason"": ""min_dollar_volume""}, ""layer_summary"": {""base_hard"": {""before"": 649, ""pass_rate"": 0.15870570107858242, ""remaining"": 103, ""removed"": 522}, ""quality_or_theme_hard"": {""before"": 345, ""pass_rate"": 0.2985507246376812, ""remaining"": 103, ""removed"": 24}}, ""n_filtered"": 103, ""n_input"": 649, ""n_ranked"": 27, ""near_miss"": {""reasons"": [{""count"": 1, ""layer"": ""valuation_hard"", ""pct"": 0.0015408320493066256, ""reason"": ""max_ps_percentile_in_sic""}, {""count"": 1, ""layer"": ""valuation_hard"", ""pct"": 0.0015408320493066256, ""reason"": ""max_ps_hist_percentile""}, {""count"": 1, ""layer"": ""quality_or_theme_hard"", ""pct"": 0.0015408320493066256, ""reason"": ""min_ai_link_score""}], ""top_count"": 1, ""top_pct"": 0.0015408320493066256, ""top_reason"": ""max_ps_percentile_in_sic""}}}",,union_superset_approx
base,replay_base_2024-11-29,2024-11-29T00:00:00+00:00,2024-11-29,momentum,"['TSLA', 'CRM', 'AMZN', 'NFLX', 'ORCL', 'MSFT', 'IBM', 'ANET', 'CSCO', 'ALAB', 'SNOW', 'PWR', 'HWM', 'ETN', 'OKE', 'DE', 'EME', 'CAT', 'KMI', 'CSX', 'CRH']",21,0.10541495890529795,up,"{""ai_enabler"": 10, ""ai_peripheral"": 10, ""core_ai"": 10}","{""ai_enabler"": [""TSLA"", ""NFLX"", ""AMZN"", ""CRM"", ""SNOW"", ""PWR"", ""ORCL"", ""IBM"", ""ANET"", ""HWM""], ""ai_peripheral"": [""HWM"", ""ETN"", ""PWR"", ""OKE"", ""DE"", ""EME"", ""CAT"", ""KMI"", ""CSX"", ""CRH""], ""core_ai"": [""TSLA"", ""CRM"", ""AMZN"", ""NFLX"", ""ORCL"", ""MSFT"", ""IBM"", ""ANET"", ""CSCO"", ""ALAB""]}","{""ai_enabler"": {""first_fail"": {""top_count"": 297, ""top_pct"": 0.4576, ""top_reason"": ""min_dollar_volume""}, ""layer_summary"": {""base_hard"": {""before"": 649, ""pass_rate"": 0.4946070878274268, ""remaining"": 321, ""removed"": 304}, ""quality_or_theme_hard"": {""before"": 345, ""pass_rate"": 0.9304347826086956, ""remaining"": 321, ""removed"": 24}}, ""n_filtered"": 321, ""n_input"": 649, ""n_ranked"": 89, ""near_miss"": {""reasons"": [{""count"": 1, ""layer"": ""quality_or_theme_hard"", ""pct"": 0.0015408320493066256, ""reason"": ""min_net_income_yoy""}, {""count"": 1, ""layer"": ""valuation_hard"", ""pct"": 0.0015408320493066256, ""reason"": ""max_ps_hist_percentile""}, {""count"": 1, ""layer"": ""quality_or_theme_hard"", ""pct"": 0.0015408320493066256, ""reason"": ""min_ai_link_score""}], ""top_count"": 1, ""top_pct"": 0.0015408320493066256, ""top_reason"": ""min_net_income_yoy""}}, ""ai_peripheral"": {""first_fail"": {""top_count"": 297, ""top_pct"": 0.4576, ""top_reason"": ""min_dollar_volume""}, ""layer_summary"": {""base_hard"": {""before"": 649, ""pass_rate"": 0.2357473035439137, ""remaining"": 153, ""removed"": 472}, ""quality_or_theme_hard"": {""before"": 345, ""pass_rate"": 0.4434782608695652, ""remaining"": 153, ""removed"": 24}}, ""n_filtered"": 153, ""n_input"": 649, ""n_ranked"": 72, ""near_miss"": {""reasons"": [{""count"": 3, ""layer"": ""base_hard"", ""pct"": 0.004622496147919877, ""reason"": ""channel_bucket_match""}, {""count"": 2, ""layer"": ""valuation_hard"", ""pct"": 0.0030816640986132513, ""reason"": ""max_ps_hist_percentile""}], ""top_count"": 3, ""top_pct"": 0.004622496147919877, ""top_reason"": ""channel_bucket_match""}}, ""core_ai"": {""first_fail"": {""top_count"": 297, ""top_pct"": 0.4576, ""top_reason"": ""min_dollar_volume""}, ""layer_summary"": {""base_hard"": {""before"": 649, ""pass_rate"": 0.15870570107858242, ""remaining"": 103, ""removed"": 522}, ""quality_or_theme_hard"": {""before"": 345, ""pass_rate"": 0.2985507246376812, ""remaining"": 103, ""removed"": 24}}, ""n_filtered"": 103, ""n_input"": 649, ""n_ranked"": 27, ""near_miss"": {""reasons"": [{""count"": 1, ""layer"": ""valuation_hard"", ""pct"": 0.0015408320493066256, ""reason"": ""momentum_min_return_20d""}, {""count"": 1, ""layer"": ""quality_or_theme_hard"", ""pct"": 0.0015408320493066256, ""reason"": ""min_ai_link_score""}], ""top_count"": 1, ""top_pct"": 0.0015408320493066256, ""top_reason"": ""momentum_min_return_20d""}}}",,union_superset_approx
base,replay_base_2024-11-29,2024-11-29T00:00:00+00:00,2024-11-29,research_pool,"['EME', 'OKLO', 'GE', 'CHKP', 'ACN', 'ATEN', 'CMI', 'CRH', 'QLYS', 'TT', 'FCX', 'HII', 'IESC', 'WWD', 'DAL', 'G', 'EEFT', 'SLB', 'LYB', 'MTH', 'ANET', 'NFLX', 'PYPL', 'LDOS', 'QCOM', 'CAT', 'CSCO', 'GOOG', 'GOOGL', 'PANW']",30,0.10541495890529795,up,"{""ai_enabler"": 10, ""ai_peripheral"": 10, ""core_ai"": 10}","{""ai_enabler"": [""EME"", ""OKLO"", ""GE"", ""CHKP"", ""ACN"", ""ATEN"", ""CMI"", ""CRH"", ""QLYS"", ""TT""], ""ai_peripheral"": [""FCX"", ""HII"", ""IESC"", ""WWD"", ""DAL"", ""G"", ""EEFT"", ""SLB"", ""LYB"", ""MTH""], ""core_ai"": [""ANET"", ""NFLX"", ""PYPL"", ""LDOS"", ""QCOM"", ""CAT"", ""CSCO"", ""GOOG"", ""GOOGL"", ""PANW""]}","{""ai_enabler"": {""n_filtered"": 60, ""n_input"": 649, ""n_ranked"": 60, ""priority_counts"": {""left_side_watch"": 3, ""research_now"": 7, ""theme_only"": 40, ""watch_for_pullback"": 10}}, ""ai_peripheral"": {""n_filtered"": 35, ""n_input"": 649, ""n_ranked"": 35, ""priority_counts"": {""research_now"": 2, ""theme_only"": 33}}, ""core_ai"": {""n_filtered"": 38, ""n_input"": 649, ""n_ranked"": 38, ""priority_counts"": {""research_now"": 7, ""theme_only"": 15, ""watch_for_pullback"": 16}}}",,union_superset_approx
base,replay_base_2024-12-31,2024-12-31T00:00:00+00:00,2024-12-31,low_value,"['MSFT', 'DIS', 'PANW', 'PTC', 'WDAY', 'MPWR', 'TER', 'RTX', 'GOOGL', 'CRH', 'CHKP', 'EME', 'GOOG', 'HII', 'PH', 'GD', 'VRT', 'CMI', 'VMC', 'EMR']",20,0.048956644848882735,up,"{""ai_enabler"": 10, ""ai_peripheral"": 10, ""core_ai"": 7}","{""ai_enabler"": [""RTX"", ""GOOGL"", ""CRH"", ""CHKP"", ""EME"", ""GOOG"", ""HII"", ""PH"", ""GD"", ""DIS""], ""ai_peripheral"": [""RTX"", ""EME"", ""HII"", ""CRH"", ""PH"", ""GD"", ""VRT"", ""CMI"", ""VMC"", ""EMR""], ""core_ai"": [""MSFT"", ""DIS"", ""PANW"", ""PTC"", ""WDAY"", ""MPWR"", ""TER""]}","{""ai_enabler"": {""first_fail"": {""top_count"": 268, ""top_pct"": 0.4117, ""top_reason"": ""min_dollar_volume""}, ""layer_summary"": {""base_hard"": {""before"": 651, ""pass_rate"": 0.35023041474654376, ""remaining"": 228, ""removed"": 273}, ""quality_or_theme_hard"": {""before"": 273, ""pass_rate"": 0.8351648351648352, ""remaining"": 228, ""removed"": 45}, ""valuation_hard"": {""before"": 378, ""pass_rate"": 0.7222222222222222, ""remaining"": 273, ""removed"": 105}}, ""n_filtered"": 228, ""n_input"": 651, ""n_ranked"": 20, ""near_miss"": {""reasons"": [{""count"": 1, ""layer"": ""valuation_hard"", ""pct"": 0.0015360983102918587, ""reason"": ""min_return_20d""}, {""count"": 1, ""layer"": ""valuation_hard"", ""pct"": 0.0015360983102918587, ""reason"": ""min_return_60d""}, {""count"": 1, ""layer"": ""base_hard"", ""pct"": 0.0015360983102918587, ""reason"": ""min_avg_dollar_volume_20d""}, {""count"": 1, ""layer"": ""valuation_hard"", ""pct"": 0.0015360983102918587, ""reason"": ""max_ps_percentile_in_sic""}], ""top_count"": 1, ""top_pct"": 0.0015360983102918587, ""top_reason"": ""min_return_20d""}}, ""ai_peripheral"": {""first_fail"": {""top_count"": 268, ""top_pct"": 0.4117, ""top_reason"": ""min_dollar_volume""}, ""layer_summary"": {""base_hard"": {""before"": 651, ""pass_rate"": 0.19047619047619047, ""remaining"": 124, ""removed"": 391}, ""quality_or_theme_hard"": {""before"": 289, ""pass_rate"": 0.8373702422145328, ""remaining"": 242, ""removed"": 47}, ""valuation_hard"": {""before"": 378, ""pass_rate"": 0.7645502645502645, ""remaining"": 289, ""removed"": 89}}, ""n_filtered"": 124, ""n_input"": 651, ""n_ranked"": 12, ""near_miss"": {""reasons"": [{""count"": 1, ""layer"": ""quality_or_theme_hard"", ""pct"": 0.0015360983102918587, ""reason"": ""min_net_income_yoy""}, {""count"": 1, ""layer"": ""valuation_hard"", ""pct"": 0.0015360983102918587, ""reason"": ""min_return_60d""}, {""count"": 1, ""layer"": ""quality_or_theme_hard"", ""pct"": 0.0015360983102918587, ""reason"": ""min_current_ratio""}, {""count"": 1, ""layer"": ""base_hard"", ""pct"": 0.0015360983102918587, ""reason"": ""channel_bucket_match""}], ""top_count"": 1, ""top_pct"": 0.0015360983102918587, ""top_reason"": ""min_net_income_yoy""}}, ""core_ai"": {""first_fail"": {""top_count"": 268, ""top_pct"": 0.4117, ""top_reason"": ""min_dollar_volume""}, ""layer_summary"": {""base_hard"": {""before"": 651, ""pass_rate"": 0.0890937019969278, ""remaining"": 58, ""removed"": 420}, ""quality_or_theme_hard"": {""before"": 250, ""pass_rate"": 0.82, ""remaining"": 205, ""removed"": 45}, ""valuation_hard"": {""before"": 378, ""pass_rate"": 0.6613756613756614, ""remaining"": 250, ""removed"": 128}}, ""n_filtered"": 58, ""n_input"": 651, ""n_ranked"": 7, ""near_miss"": {""reasons"": [{""count"": 1, ""layer"": ""valuation_hard"", ""pct"": 0.0015360983102918587, ""reason"": ""max_ps_percentile_in_sic""}], ""top_count"": 1, ""top_pct"": 0.0015360983102918587, ""top_reason"": ""max_ps_percentile_in_sic""}}}",,union_superset_approx
base,replay_base_2024-12-31,2024-12-31T00:00:00+00:00,2024-12-31,industry_trend,"['GOOGL', 'GOOG', 'AMZN', 'MSFT', 'TSLA', 'ANET', 'NFLX', 'AAPL', 'CSCO', 'NVDA', 'CRM', 'IBM', 'UNP', 'PYPL', 'GEV', 'ACN', 'RTX', 'HWM', 'CAT', 'ETN', 'LMT', 'BA']",22,0.048956644848882735,up,"{""ai_enabler"": 10, ""ai_peripheral"": 10, ""core_ai"": 10}","{""ai_enabler"": [""GOOGL"", ""GOOG"", ""AMZN"", ""ANET"", ""CRM"", ""NFLX"", ""TSLA"", ""IBM"", ""CSCO"", ""UNP""], ""ai_peripheral"": [""UNP"", ""PYPL"", ""GEV"", ""ACN"", ""RTX"", ""HWM"", ""CAT"", ""ETN"", ""LMT"", ""BA""], ""core_ai"": [""GOOGL"", ""GOOG"", ""AMZN"", ""MSFT"", ""TSLA"", ""ANET"", ""NFLX"", ""AAPL"", ""CSCO"", ""NVDA""]}","{""ai_enabler"": {""first_fail"": {""top_count"": 268, ""top_pct"": 0.4117, ""top_reason"": ""min_dollar_volume""}, ""layer_summary"": {""base_hard"": {""before"": 651, ""pass_rate"": 0.4807987711213518, ""remaining"": 313, ""removed"": 273}, ""quality_or_theme_hard"": {""before"": 378, ""pass_rate"": 0.828042328042328, ""remaining"": 313, ""removed"": 65}}, ""n_filtered"": 313, ""n_input"": 651, ""n_ranked"": 87, ""near_miss"": {""reasons"": [{""count"": 6, ""layer"": ""valuation_hard"", ""pct"": 0.009216589861751152, ""reason"": ""trend_min_return_60d""}, {""count"": 2, ""layer"": ""valuation_hard"", ""pct"": 0.0030721966205837174, ""reason"": ""max_ps_hist_percentile""}, {""count"": 1, ""layer"": ""quality_or_theme_hard"", ""pct"": 0.0015360983102918587, ""reason"": ""min_net_income_yoy""}, {""count"": 1, ""layer"": ""valuation_hard"", ""pct"": 0.0015360983102918587, ""reason"": ""max_ps_percentile_in_sic""}, {""count"": 1, ""layer"": ""valuation_hard"", ""pct"": 0.0015360983102918587, ""reason"": ""max_pe_percentile_in_sic""}], ""top_count"": 6, ""top_pct"": 0.009216589861751152, ""top_reason"": ""trend_min_return_60d""}}, ""ai_peripheral"": {""first_fail"": {""top_count"": 268, ""top_pct"": 0.4117, ""top_reason"": ""min_dollar_volume""}, ""layer_summary"": {""base_hard"": {""before"": 651, ""pass_rate"": 0.21812596006144394, ""remaining"": 142, ""removed"": 444}, ""quality_or_theme_hard"": {""before"": 378, ""pass_rate"": 0.37566137566137564, ""remaining"": 142, ""removed"": 65}}, ""n_filtered"": 142, ""n_input"": 651, ""n_ranked"": 71, ""near_miss"": {""reasons"": [{""count"": 3, ""layer"": ""valuation_hard"", ""pct"": 0.004608294930875576, ""reason"": ""trend_min_return_60d""}, {""count"": 3, ""layer"": ""base_hard"", ""pct"": 0.004608294930875576, ""reason"": ""channel_bucket_match""}, {""count"": 2, ""layer"": ""quality_or_theme_hard"", ""pct"": 0.0030721966205837174, ""reason"": ""min_current_ratio""}, {""count"": 1, ""layer"": ""quality_or_theme_hard"", ""pct"": 0.0015360983102918587, ""reason"": ""min_net_income_yoy""}], ""top_count"": 3, ""top_pct"": 0.004608294930875576, ""top_reason"": ""trend_min_return_60d""}}, ""core_ai"": {""first_fail"": {""top_count"": 268, ""top_pct"": 0.4117, ""top_reason"": ""min_dollar_volume""}, ""layer_summary"": {""base_hard"": {""before"": 651, ""pass_rate"": 0.16436251920122888, ""remaining"": 107, ""removed"": 479}, ""quality_or_theme_hard"": {""before"": 378, ""pass_rate"": 0.2830687830687831, ""remaining"": 107, ""removed"": 65}}, ""n_filtered"": 107, ""n_input"": 651, ""n_ranked"": 28, ""near_miss"": {""reasons"": [{""count"": 3, ""layer"": ""valuation_hard"", ""pct"": 0.004608294930875576, ""reason"": ""trend_min_return_60d""}, {""count"": 1, ""layer"": ""valuation_hard"", ""pct"": 0.0015360983102918587, ""reason"": ""max_ps_percentile_in_sic""}, {""count"": 1, ""layer"": ""base_hard"", ""pct"": 0.0015360983102918587, ""reason"": ""trend_min_avg_dollar_volume_20d""}, {""count"": 1, ""layer"": ""quality_or_theme_hard"", ""pct"": 0.0015360983102918587, ""reason"": ""min_ai_link_score""}], ""top_count"": 3, ""top_pct"": 0.004608294930875576, ""top_reason"": ""trend_min_return_60d""}}}",,union_superset_approx
base,replay_base_2024-12-31,2024-12-31T00:00:00+00:00,2024-12-31,momentum,"['GOOGL', 'ANET', 'GOOG', 'AMZN', 'CRM', 'TSLA', 'MRVL', 'NFLX', 'CSCO', 'IBM', 'UNP', 'PYPL', 'RTX', 'KMI', 'BA', 'GEV', 'HWM', 'GD', 'PWR', 'JCI']",20,0.048956644848882735,up,"{""ai_enabler"": 10, ""ai_peripheral"": 10, ""core_ai"": 10}","{""ai_enabler"": [""GOOGL"", ""ANET"", ""GOOG"", ""AMZN"", ""TSLA"", ""CRM"", ""NFLX"", ""MRVL"", ""CSCO"", ""IBM""], ""ai_peripheral"": [""UNP"", ""PYPL"", ""RTX"", ""KMI"", ""BA"", ""GEV"", ""HWM"", ""GD"", ""PWR"", ""JCI""], ""core_ai"": [""GOOGL"", ""ANET"", ""GOOG"", ""AMZN"", ""CRM"", ""TSLA"", ""MRVL"", ""NFLX"", ""CSCO"", ""IBM""]}","{""ai_enabler"": {""first_fail"": {""top_count"": 268, ""top_pct"": 0.4117, ""top_reason"": ""min_dollar_volume""}, ""layer_summary"": {""base_hard"": {""before"": 651, ""pass_rate"": 0.4807987711213518, ""remaining"": 313, ""removed"": 273}, ""quality_or_theme_hard"": {""before"": 378, ""pass_rate"": 0.828042328042328, ""remaining"": 313, ""removed"": 65}}, ""n_filtered"": 313, ""n_input"": 651, ""n_ranked"": 87, ""near_miss"": {""reasons"": [{""count"": 2, ""layer"": ""valuation_hard"", ""pct"": 0.0030721966205837174, ""reason"": ""max_ps_hist_percentile""}, {""count"": 1, ""layer"": ""valuation_hard"", ""pct"": 0.0015360983102918587, ""reason"": ""momentum_min_return_20d""}], ""top_count"": 2, ""top_pct"": 0.0030721966205837174, ""top_reason"": ""max_ps_hist_percentile""}}, ""ai_peripheral"": {""first_fail"": {""top_count"": 268, ""top_pct"": 0.4117, ""top_reason"": ""min_dollar_volume""}, ""layer_summary"": {""base_hard"": {""before"": 651, ""pass_rate"": 0.21812596006144394, ""remaining"": 142, ""removed"": 444}, ""quality_or_theme_hard"": {""before"": 378, ""pass_rate"": 0.37566137566137564, ""remaining"": 142, ""removed"": 65}}, ""n_filtered"": 142, ""n_input"": 651, ""n_ranked"": 71, ""near_miss"": {""reasons"": [{""count"": 1, ""layer"": ""base_hard"", ""pct"": 0.0015360983102918587, ""reason"": ""channel_bucket_match""}], ""top_count"": 1, ""top_pct"": 0.0015360983102918587, ""top_reason"": ""channel_bucket_match""}}, ""core_ai"": {""first_fail"": {""top_count"": 268, ""top_pct"": 0.4117, ""top_reason"": ""min_dollar_volume""}, ""layer_summary"": {""base_hard"": {""before"": 651, ""pass_rate"": 0.16436251920122888, ""remaining"": 107, ""removed"": 479}, ""quality_or_theme_hard"": {""before"": 378, ""pass_rate"": 0.2830687830687831, ""remaining"": 107, ""removed"": 65}}, ""n_filtered"": 107, ""n_input"": 651, ""n_ranked"": 28, ""near_miss"": {""reasons"": [{""count"": 1, ""layer"": ""valuation_hard"", ""pct"": 0.0015360983102918587, ""reason"": ""momentum_min_return_20d""}, {""count"": 1, ""layer"": ""base_hard"", ""pct"": 0.0015360983102918587, ""reason"": ""momentum_min_avg_dollar_volume_20d""}], ""top_count"": 1, ""top_pct"": 0.0015360983102918587, ""top_reason"": ""momentum_min_return_20d""}}}",,union_superset_approx
base,replay_base_2024-12-31,2024-12-31T00:00:00+00:00,2024-12-31,research_pool,"['EME', 'HPE', 'OKLO', 'QLYS', 'AKAM', 'GD', 'CRH', 'RTX', 'VRT', 'CHKP', 'HII', 'FCX', 'IESC', 'WWD', 'LEN', 'SLB', 'KEX', 'MATX', 'EEFT', 'BKR', 'ANET', 'NFLX', 'PYPL', 'CSCO', 'DIS', 'GOOG', 'GOOGL', 'META', 'PANW', 'MSFT']",30,0.048956644848882735,up,"{""ai_enabler"": 10, ""ai_peripheral"": 10, ""core_ai"": 10}","{""ai_enabler"": [""EME"", ""HPE"", ""OKLO"", ""QLYS"", ""AKAM"", ""GD"", ""CRH"", ""RTX"", ""VRT"", ""CHKP""], ""ai_peripheral"": [""HII"", ""FCX"", ""IESC"", ""WWD"", ""LEN"", ""SLB"", ""KEX"", ""MATX"", ""EEFT"", ""BKR""], ""core_ai"": [""ANET"", ""NFLX"", ""PYPL"", ""CSCO"", ""DIS"", ""GOOG"", ""GOOGL"", ""META"", ""PANW"", ""MSFT""]}","{""ai_enabler"": {""n_filtered"": 47, ""n_input"": 651, ""n_ranked"": 47, ""priority_counts"": {""left_side_watch"": 3, ""research_now"": 3, ""theme_only"": 31, ""watch_for_pullback"": 10}}, ""ai_peripheral"": {""n_filtered"": 24, ""n_input"": 651, ""n_ranked"": 24, ""priority_counts"": {""left_side_watch"": 7, ""research_now"": 1, ""theme_only"": 16}}, ""core_ai"": {""n_filtered"": 34, ""n_input"": 651, ""n_ranked"": 34, ""priority_counts"": {""left_side_watch"": 5, ""research_now"": 5, ""theme_only"": 12, ""watch_for_pullback"": 12}}}",,union_superset_approx
base,replay_base_2025-01-31,2025-01-31T00:00:00+00:00,2025-01-31,low_value,"['KLAC', 'MSFT', 'ORCL', 'QCOM', 'LDOS', 'LRCX', 'DIS', 'BWXT', 'PANW', 'AMD', 'EME', 'UNP', 'CRH', 'BAH', 'RTX', 'NOC', 'GD', 'UBER', 'ETN', 'VRT']",20,0.07158244599002872,up,"{""ai_enabler"": 10, ""ai_peripheral"": 10, ""core_ai"": 10}","{""ai_enabler"": [""KLAC"", ""LDOS"", ""QCOM"", ""LRCX"", ""EME"", ""UNP"", ""CRH"", ""ORCL"", ""MSFT"", ""BAH""], ""ai_peripheral"": [""EME"", ""RTX"", ""CRH"", ""BAH"", ""NOC"", ""UNP"", ""GD"", ""UBER"", ""ETN"", ""VRT""], ""core_ai"": [""KLAC"", ""MSFT"", ""ORCL"", ""QCOM"", ""LDOS"", ""LRCX"", ""DIS"", ""BWXT"", ""PANW"", ""AMD""]}","{""ai_enabler"": {""first_fail"": {""top_count"": 195, ""top_pct"": 0.2991, ""top_reason"": ""min_dollar_volume""}, ""layer_summary"": {""base_hard"": {""before"": 652, ""pass_rate"": 0.33588957055214724, ""remaining"": 219, ""removed"": 199}, ""quality_or_theme_hard"": {""before"": 291, ""pass_rate"": 0.7525773195876289, ""remaining"": 219, ""removed"": 72}, ""valuation_hard"": {""before"": 453, ""pass_rate"": 0.6423841059602649, ""remaining"": 291, ""removed"": 162}}, ""n_filtered"": 219, ""n_input"": 652, ""n_ranked"": 21, ""near_miss"": {""reasons"": [{""count"": 2, ""layer"": ""valuation_hard"", ""pct"": 0.003067484662576687, ""reason"": ""min_return_60d""}, {""count"": 1, ""layer"": ""quality_or_theme_hard"", ""pct"": 0.0015337423312883436, ""reason"": ""max_ev_to_ebit""}, {""count"": 1, ""layer"": ""quality_or_theme_hard"", ""pct"": 0.0015337423312883436, ""reason"": ""min_net_income_yoy""}, {""count"": 1, ""layer"": ""valuation_hard"", ""pct"": 0.0015337423312883436, ""reason"": ""max_price_to_sma200""}, {""count"": 1, ""layer"": ""quality_or_theme_hard"", ""pct"": 0.0015337423312883436, ""reason"": ""min_ai_link_score""}], ""top_count"": 2, ""top_pct"": 0.003067484662576687, ""top_reason"": ""min_return_60d""}}, ""ai_peripheral"": {""first_fail"": {""top_count"": 195, ""top_pct"": 0.2991, ""top_reason"": ""min_dollar_volume""}, ""layer_summary"": {""base_hard"": {""before"": 652, ""pass_rate"": 0.20398773006134968, ""remaining"": 133, ""removed"": 304}, ""quality_or_theme_hard"": {""before"": 317, ""pass_rate"": 0.750788643533123, ""remaining"": 238, ""removed"": 79}, ""valuation_hard"": {""before"": 453, ""pass_rate"": 0.6997792494481236, ""remaining"": 317, ""removed"": 136}}, ""n_filtered"": 133, ""n_input"": 652, ""n_ranked"": 17, ""near_miss"": {""reasons"": [{""count"": 3, ""layer"": ""base_hard"", ""pct"": 0.004601226993865031, ""reason"": ""channel_bucket_match""}, {""count"": 2, ""layer"": ""valuation_hard"", ""pct"": 0.003067484662576687, ""reason"": ""min_return_60d""}, {""count"": 1, ""layer"": ""quality_or_theme_hard"", ""pct"": 0.0015337423312883436, ""reason"": ""max_ev_to_ebit""}, {""count"": 1, ""layer"": ""quality_or_theme_hard"", ""pct"": 0.0015337423312883436, ""reason"": ""min_net_income_yoy""}, {""count"": 1, ""layer"": ""valuation_hard"", ""pct"": 0.0015337423312883436, ""reason"": ""max_ps_hist_percentile""}], ""top_count"": 3, ""top_pct"": 0.004601226993865031, ""top_reason"": ""channel_bucket_match""}}, ""core_ai"": {""first_fail"": {""top_count"": 195, ""top_pct"": 0.2991, ""top_reason"": ""min_dollar_volume""}, ""layer_summary"": {""base_hard"": {""before"": 652, ""pass_rate"": 0.07822085889570553, ""remaining"": 51, ""removed"": 342}, ""quality_or_theme_hard"": {""before"": 258, ""pass_rate"": 0.751937984496124, ""remaining"": 194, ""removed"": 64}, ""valuation_hard"": {""before"": 453, ""pass_rate"": 0.5695364238410596, ""remaining"": 258, ""removed"": 195}}, ""n_filtered"": 51, ""n_input"": 652, ""n_ranked"": 12, ""near_miss"": {""reasons"": [{""count"": 1, ""layer"": ""valuation_hard"", ""pct"": 0.0015337423312883436, ""reason"": ""max_ps_percentile_in_sic""}], ""top_count"": 1, ""top_pct"": 0.0015337423312883436, ""top_reason"": ""max_ps_percentile_in_sic""}}}",,union_superset_approx
base,replay_base_2025-01-31,2025-01-31T00:00:00+00:00,2025-01-31,industry_trend,"['GOOGL', 'AMZN', 'KLAC', 'META', 'IBM', 'NFLX', 'MSFT', 'LRCX', 'ANET', 'QCOM', 'GOOG', 'UNP', 'PH', 'RTX', 'UBER', 'GE', 'CAT', 'GEV', 'CRH', 'HWM', 'ACN']",21,0.07158244599002872,up,"{""ai_enabler"": 10, ""ai_peripheral"": 10, ""core_ai"": 10}","{""ai_enabler"": [""KLAC"", ""IBM"", ""AMZN"", ""NFLX"", ""GOOGL"", ""LRCX"", ""META"", ""GOOG"", ""ANET"", ""UNP""], ""ai_peripheral"": [""UNP"", ""PH"", ""RTX"", ""UBER"", ""GE"", ""CAT"", ""GEV"", ""CRH"", ""HWM"", ""ACN""], ""core_ai"": [""GOOGL"", ""AMZN"", ""KLAC"", ""META"", ""IBM"", ""NFLX"", ""MSFT"", ""LRCX"", ""ANET"", ""QCOM""]}","{""ai_enabler"": {""first_fail"": {""top_count"": 195, ""top_pct"": 0.2991, ""top_reason"": ""min_dollar_volume""}, ""layer_summary"": {""base_hard"": {""before"": 652, ""pass_rate"": 0.5230061349693251, ""remaining"": 341, ""removed"": 199}, ""quality_or_theme_hard"": {""before"": 453, ""pass_rate"": 0.7527593818984547, ""remaining"": 341, ""removed"": 112}}, ""n_filtered"": 341, ""n_input"": 652, ""n_ranked"": 90, ""near_miss"": {""reasons"": [{""count"": 4, ""layer"": ""valuation_hard"", ""pct"": 0.006134969325153374, ""reason"": ""trend_min_return_60d""}, {""count"": 2, ""layer"": ""quality_or_theme_hard"", ""pct"": 0.003067484662576687, ""reason"": ""min_net_income_yoy""}, {""count"": 2, ""layer"": ""quality_or_theme_hard"", ""pct"": 0.003067484662576687, ""reason"": ""min_ai_link_score""}, {""count"": 1, ""layer"": ""valuation_hard"", ""pct"": 0.0015337423312883436, ""reason"": ""max_ps_percentile_in_sic""}, {""count"": 1, ""layer"": ""valuation_hard"", ""pct"": 0.0015337423312883436, ""reason"": ""max_pe_percentile_in_sic""}], ""top_count"": 4, ""top_pct"": 0.006134969325153374, ""top_reason"": ""trend_min_return_60d""}}, ""ai_peripheral"": {""first_fail"": {""top_count"": 195, ""top_pct"": 0.2991, ""top_reason"": ""min_dollar_volume""}, ""layer_summary"": {""base_hard"": {""before"": 652, ""pass_rate"": 0.2469325153374233, ""remaining"": 161, ""removed"": 379}, ""quality_or_theme_hard"": {""before"": 453, ""pass_rate"": 0.3554083885209713, ""remaining"": 161, ""removed"": 112}}, ""n_filtered"": 161, ""n_input"": 652, ""n_ranked"": 75, ""near_miss"": {""reasons"": [{""count"": 5, ""layer"": ""base_hard"", ""pct"": 0.007668711656441718, ""reason"": ""channel_bucket_match""}, {""count"": 3, ""layer"": ""valuation_hard"", ""pct"": 0.004601226993865031, ""reason"": ""trend_min_return_60d""}, {""count"": 3, ""layer"": ""valuation_hard"", ""pct"": 0.004601226993865031, ""reason"": ""max_ps_hist_percentile""}, {""count"": 1, ""layer"": ""quality_or_theme_hard"", ""pct"": 0.0015337423312883436, ""reason"": ""min_net_income_yoy""}, {""count"": 1, ""layer"": ""quality_or_theme_hard"", ""pct"": 0.0015337423312883436, ""reason"": ""min_ai_link_score""}], ""top_count"": 5, ""top_pct"": 0.007668711656441718, ""top_reason"": ""channel_bucket_match""}}, ""core_ai"": {""first_fail"": {""top_count"": 195, ""top_pct"": 0.2991, ""top_reason"": ""min_dollar_volume""}, ""layer_summary"": {""base_hard"": {""before"": 652, ""pass_rate"": 0.17024539877300612, ""remaining"": 111, ""removed"": 429}, ""quality_or_theme_hard"": {""before"": 453, ""pass_rate"": 0.24503311258278146, ""remaining"": 111, ""removed"": 112}}, ""n_filtered"": 111, ""n_input"": 652, ""n_ranked"": 27, ""near_miss"": {""reasons"": [{""count"": 1, ""layer"": ""quality_or_theme_hard"", ""pct"": 0.0015337423312883436, ""reason"": ""min_net_income_yoy""}, {""count"": 1, ""layer"": ""valuation_hard"", ""pct"": 0.0015337423312883436, ""reason"": ""max_ps_percentile_in_sic""}, {""count"": 1, ""layer"": ""valuation_hard"", ""pct"": 0.0015337423312883436, ""reason"": ""max_pe_percentile_in_sic""}, {""count"": 1, ""layer"": ""valuation_hard"", ""pct"": 0.0015337423312883436, ""reason"": ""trend_min_return_60d""}, {""count"": 1, ""layer"": ""valuation_hard"", ""pct"": 0.0015337423312883436, ""reason"": ""trend_max_60d_volatility""}], ""top_count"": 1, ""top_pct"": 0.0015337423312883436, ""top_reason"": ""min_net_income_yoy""}}}",,union_superset_approx
base,replay_base_2025-01-31,2025-01-31T00:00:00+00:00,2025-01-31,momentum,"['KLAC', 'IBM', 'META', 'GOOGL', 'LRCX', 'AMZN', 'NFLX', 'QCOM', 'ANET', 'GOOG', 'UNP', 'HWM', 'UBER', 'PH', 'RTX', 'GE', 'CRH', 'GEV', 'DE', 'NSC']",20,0.07158244599002872,up,"{""ai_enabler"": 10, ""ai_peripheral"": 10, ""core_ai"": 10}","{""ai_enabler"": [""KLAC"", ""IBM"", ""LRCX"", ""META"", ""AMZN"", ""NFLX"", ""GOOGL"", ""UNP"", ""QCOM"", ""GOOG""], ""ai_peripheral"": [""HWM"", ""UNP"", ""UBER"", ""PH"", ""RTX"", ""GE"", ""CRH"", ""GEV"", ""DE"", ""NSC""], ""core_ai"": [""KLAC"", ""IBM"", ""META"", ""GOOGL"", ""LRCX"", ""AMZN"", ""NFLX"", ""QCOM"", ""ANET"", ""GOOG""]}","{""ai_enabler"": {""first_fail"": {""top_count"": 195, ""top_pct"": 0.2991, ""top_reason"": ""min_dollar_volume""}, ""layer_summary"": {""base_hard"": {""before"": 652, ""pass_rate"": 0.5230061349693251, ""remaining"": 341, ""removed"": 199}, ""quality_or_theme_hard"": {""before"": 453, ""pass_rate"": 0.7527593818984547, ""remaining"": 341, ""removed"": 112}}, ""n_filtered"": 341, ""n_input"": 652, ""n_ranked"": 90, ""near_miss"": {""reasons"": [{""count"": 1, ""layer"": ""base_hard"", ""pct"": 0.0015337423312883436, ""reason"": ""momentum_min_avg_dollar_volume_20d""}], ""top_count"": 1, ""top_pct"": 0.0015337423312883436, ""top_reason"": ""momentum_min_avg_dollar_volume_20d""}}, ""ai_peripheral"": {""first_fail"": {""top_count"": 195, ""top_pct"": 0.2991, ""top_reason"": ""min_dollar_volume""}, ""layer_summary"": {""base_hard"": {""before"": 652, ""pass_rate"": 0.2469325153374233, ""remaining"": 161, ""removed"": 379}, ""quality_or_theme_hard"": {""before"": 453, ""pass_rate"": 0.3554083885209713, ""remaining"": 161, ""removed"": 112}}, ""n_filtered"": 161, ""n_input"": 652, ""n_ranked"": 75, ""near_miss"": {""reasons"": [{""count"": 3, ""layer"": ""base_hard"", ""pct"": 0.004601226993865031, ""reason"": ""channel_bucket_match""}, {""count"": 2, ""layer"": ""valuation_hard"", ""pct"": 0.003067484662576687, ""reason"": ""max_ps_hist_percentile""}], ""top_count"": 3, ""top_pct"": 0.004601226993865031, ""top_reason"": ""channel_bucket_match""}}, ""core_ai"": {""first_fail"": {""top_count"": 195, ""top_pct"": 0.2991, ""top_reason"": ""min_dollar_volume""}, ""layer_summary"": {""base_hard"": {""before"": 652, ""pass_rate"": 0.17024539877300612, ""remaining"": 111, ""removed"": 429}, ""quality_or_theme_hard"": {""before"": 453, ""pass_rate"": 0.24503311258278146, ""remaining"": 111, ""removed"": 112}}, ""n_filtered"": 111, ""n_input"": 652, ""n_ranked"": 27, ""near_miss"": {""reasons"": [{""count"": 1, ""layer"": ""valuation_hard"", ""pct"": 0.0015337423312883436, ""reason"": ""momentum_min_return_20d""}], ""top_count"": 1, ""top_pct"": 0.0015337423312883436, ""top_reason"": ""momentum_min_return_20d""}}}",,union_superset_approx
base,replay_base_2025-01-31,2025-01-31T00:00:00+00:00,2025-01-31,research_pool,"['EME', 'QLYS', 'HPE', 'NOC', 'BAH', 'AKAM', 'CRH', 'RTX', 'TT', 'VRT', 'HII', 'FCX', 'IESC', 'WWD', 'EEFT', 'DAL', 'VICI', 'G', 'MTH', 'KEX', 'KLAC', 'ANET', 'LDOS', 'NFLX', 'PYPL', 'QCOM', 'CSCO', 'DIS', 'OII', 'GOOG']",30,0.07158244599002872,up,"{""ai_enabler"": 10, ""ai_peripheral"": 10, ""core_ai"": 10}","{""ai_enabler"": [""EME"", ""QLYS"", ""HPE"", ""NOC"", ""BAH"", ""AKAM"", ""CRH"", ""RTX"", ""TT"", ""VRT""], ""ai_peripheral"": [""HII"", ""FCX"", ""IESC"", ""WWD"", ""EEFT"", ""DAL"", ""VICI"", ""G"", ""MTH"", ""KEX""], ""core_ai"": [""KLAC"", ""ANET"", ""LDOS"", ""NFLX"", ""PYPL"", ""QCOM"", ""CSCO"", ""DIS"", ""OII"", ""GOOG""]}","{""ai_enabler"": {""n_filtered"": 54, ""n_input"": 652, ""n_ranked"": 54, ""priority_counts"": {""research_now"": 4, ""theme_only"": 39, ""watch_for_pullback"": 11}}, ""ai_peripheral"": {""n_filtered"": 33, ""n_input"": 652, ""n_ranked"": 33, ""priority_counts"": {""left_side_watch"": 1, ""research_now"": 1, ""theme_only"": 31}}, ""core_ai"": {""n_filtered"": 40, ""n_input"": 652, ""n_ranked"": 40, ""priority_counts"": {""left_side_watch"": 1, ""research_now"": 8, ""theme_only"": 13, ""watch_for_pullback"": 18}}}",,union_superset_approx
base,replay_base_2025-02-28,2025-02-28T00:00:00+00:00,2025-02-28,low_value,"['KLAC', 'GOOGL', 'GOOG', 'LRCX', 'MSFT', 'AMZN', 'LHX', 'NVDA', 'TXN', 'MPWR', 'FCX', 'UNP', 'ORCL', 'GD', 'NOC', 'NSC', 'CRH', 'CMI', 'TT']",19,-0.0032565621689488733,down,"{""ai_enabler"": 10, ""ai_peripheral"": 9, ""core_ai"": 10}","{""ai_enabler"": [""KLAC"", ""FCX"", ""GOOGL"", ""GOOG"", ""LRCX"", ""UNP"", ""AMZN"", ""ORCL"", ""GD"", ""NOC""], ""ai_peripheral"": [""FCX"", ""NOC"", ""NSC"", ""LHX"", ""GD"", ""UNP"", ""CRH"", ""CMI"", ""TT""], ""core_ai"": [""KLAC"", ""GOOGL"", ""GOOG"", ""LRCX"", ""MSFT"", ""AMZN"", ""LHX"", ""NVDA"", ""TXN"", ""MPWR""]}","{""ai_enabler"": {""first_fail"": {""top_count"": 182, ""top_pct"": 0.2783, ""top_reason"": ""min_dollar_volume""}, ""layer_summary"": {""base_hard"": {""before"": 654, ""pass_rate"": 0.39755351681957185, ""remaining"": 260, ""removed"": 190}, ""quality_or_theme_hard"": {""before"": 339, ""pass_rate"": 0.7669616519174042, ""remaining"": 260, ""removed"": 79}, ""valuation_hard"": {""before"": 464, ""pass_rate"": 0.7306034482758621, ""remaining"": 339, ""removed"": 125}}, ""n_filtered"": 260, ""n_input"": 654, ""n_ranked"": 19, ""near_miss"": {""reasons"": [{""count"": 3, ""layer"": ""valuation_hard"", ""pct"": 0.0045871559633027525, ""reason"": ""min_return_20d""}, {""count"": 2, ""layer"": ""quality_or_theme_hard"", ""pct"": 0.0030581039755351682, ""reason"": ""min_net_income_yoy""}, {""count"": 2, ""layer"": ""valuation_hard"", ""pct"": 0.0030581039755351682, ""reason"": ""min_return_60d""}, {""count"": 1, ""layer"": ""quality_or_theme_hard"", ""pct"": 0.0015290519877675841, ""reason"": ""min_revenue_yoy""}, {""count"": 1, ""layer"": ""quality_or_theme_hard"", ""pct"": 0.0015290519877675841, ""reason"": ""min_interest_coverage""}], ""top_count"": 3, ""top_pct"": 0.0045871559633027525, ""top_reason"": ""min_return_20d""}}, ""ai_peripheral"": {""first_fail"": {""top_count"": 182, ""top_pct"": 0.2783, ""top_reason"": ""min_dollar_volume""}, ""layer_summary"": {""base_hard"": {""before"": 654, ""pass_rate"": 0.21100917431192662, ""remaining"": 138, ""removed"": 324}, ""quality_or_theme_hard"": {""before"": 357, ""pass_rate"": 0.7619047619047619, ""remaining"": 272, ""removed"": 85}, ""valuation_hard"": {""before"": 464, ""pass_rate"": 0.7693965517241379, ""remaining"": 357, ""removed"": 107}}, ""n_filtered"": 138, ""n_input"": 654, ""n_ranked"": 9, ""near_miss"": {""reasons"": [{""count"": 2, ""layer"": ""valuation_hard"", ""pct"": 0.0030581039755351682, ""reason"": ""max_ps_hist_percentile""}, {""count"": 2, ""layer"": ""base_hard"", ""pct"": 0.0030581039755351682, ""reason"": ""channel_bucket_match""}, {""count"": 1, ""layer"": ""quality_or_theme_hard"", ""pct"": 0.0015290519877675841, ""reason"": ""min_net_income_yoy""}, {""count"": 1, ""layer"": ""valuation_hard"", ""pct"": 0.0015290519877675841, ""reason"": ""min_return_60d""}, {""count"": 1, ""layer"": ""quality_or_theme_hard"", ""pct"": 0.0015290519877675841, ""reason"": ""min_current_ratio""}], ""top_count"": 2, ""top_pct"": 0.0030581039755351682, ""top_reason"": ""max_ps_hist_percentile""}}, ""core_ai"": {""first_fail"": {""top_count"": 182, ""top_pct"": 0.2783, ""top_reason"": ""min_dollar_volume""}, ""layer_summary"": {""base_hard"": {""before"": 654, ""pass_rate"": 0.11926605504587157, ""remaining"": 78, ""removed"": 350}, ""quality_or_theme_hard"": {""before"": 313, ""pass_rate"": 0.7603833865814696, ""remaining"": 238, ""removed"": 75}, ""valuation_hard"": {""before"": 464, ""pass_rate"": 0.6745689655172413, ""remaining"": 313, ""removed"": 151}}, ""n_filtered"": 78, ""n_input"": 654, ""n_ranked"": 12, ""near_miss"": {""reasons"": [{""count"": 3, ""layer"": ""valuation_hard"", ""pct"": 0.0045871559633027525, ""reason"": ""min_return_20d""}, {""count"": 1, ""layer"": ""quality_or_theme_hard"", ""pct"": 0.0015290519877675841, ""reason"": ""min_revenue_yoy""}, {""count"": 1, ""layer"": ""quality_or_theme_hard"", ""pct"": 0.0015290519877675841, ""reason"": ""min_net_income_yoy""}, {""count"": 1, ""layer"": ""valuation_hard"", ""pct"": 0.0015290519877675841, ""reason"": ""min_return_60d""}, {""count"": 1, ""layer"": ""quality_or_theme_hard"", ""pct"": 0.0015290519877675841, ""reason"": ""min_interest_coverage""}], ""top_count"": 3, ""top_pct"": 0.0045871559633027525, ""top_reason"": ""min_return_20d""}}}",,union_superset_approx
base,replay_base_2025-02-28,2025-02-28T00:00:00+00:00,2025-02-28,industry_trend,"['MSFT', 'NFLX', 'GOOGL', 'AMZN', 'ORCL', 'CSCO', 'KLAC', 'LRCX', 'IBM', 'NVDA', 'UBER', 'CRH', 'HWM', 'RTX', 'JCI', 'AMT', 'SBAC', 'UNP', 'FCX', 'AEP']",20,-0.0032565621689488733,down,"{""ai_enabler"": 10, ""ai_peripheral"": 10, ""core_ai"": 10}","{""ai_enabler"": [""NFLX"", ""UBER"", ""CSCO"", ""KLAC"", ""AMZN"", ""ORCL"", ""IBM"", ""LRCX"", ""MSFT"", ""CRH""], ""ai_peripheral"": [""UBER"", ""HWM"", ""CRH"", ""RTX"", ""JCI"", ""AMT"", ""SBAC"", ""UNP"", ""FCX"", ""AEP""], ""core_ai"": [""MSFT"", ""NFLX"", ""GOOGL"", ""AMZN"", ""ORCL"", ""CSCO"", ""KLAC"", ""LRCX"", ""IBM"", ""NVDA""]}","{""ai_enabler"": {""first_fail"": {""top_count"": 182, ""top_pct"": 0.2783, ""top_reason"": ""min_dollar_volume""}, ""layer_summary"": {""base_hard"": {""before"": 654, ""pass_rate"": 0.5565749235474006, ""remaining"": 364, ""removed"": 190}, ""quality_or_theme_hard"": {""before"": 464, ""pass_rate"": 0.7844827586206896, ""remaining"": 364, ""removed"": 100}}, ""n_filtered"": 364, ""n_input"": 654, ""n_ranked"": 92, ""near_miss"": {""reasons"": [{""count"": 7, ""layer"": ""valuation_hard"", ""pct"": 0.010703363914373088, ""reason"": ""trend_min_return_60d""}, {""count"": 2, ""layer"": ""valuation_hard"", ""pct"": 0.0030581039755351682, ""reason"": ""max_ps_hist_percentile""}, {""count"": 1, ""layer"": ""base_hard"", ""pct"": 0.0015290519877675841, ""reason"": ""trend_min_avg_dollar_volume_20d""}, {""count"": 1, ""layer"": ""quality_or_theme_hard"", ""pct"": 0.0015290519877675841, ""reason"": ""min_interest_coverage""}, {""count"": 1, ""layer"": ""quality_or_theme_hard"", ""pct"": 0.0015290519877675841, ""reason"": ""max_shares_yoy""}], ""top_count"": 7, ""top_pct"": 0.010703363914373088, ""top_reason"": ""trend_min_return_60d""}}, ""ai_peripheral"": {""first_fail"": {""top_count"": 182, ""top_pct"": 0.2783, ""top_reason"": ""min_dollar_volume""}, ""layer_summary"": {""base_hard"": {""before"": 654, ""pass_rate"": 0.25535168195718655, ""remaining"": 167, ""removed"": 387}, ""quality_or_theme_hard"": {""before"": 464, ""pass_rate"": 0.3599137931034483, ""remaining"": 167, ""removed"": 100}}, ""n_filtered"": 167, ""n_input"": 654, ""n_ranked"": 77, ""near_miss"": {""reasons"": [{""count"": 6, ""layer"": ""valuation_hard"", ""pct"": 0.009174311926605505, ""reason"": ""trend_min_return_60d""}, {""count"": 5, ""layer"": ""base_hard"", ""pct"": 0.00764525993883792, ""reason"": ""channel_bucket_match""}, {""count"": 2, ""layer"": ""valuation_hard"", ""pct"": 0.0030581039755351682, ""reason"": ""max_ps_hist_percentile""}, {""count"": 1, ""layer"": ""quality_or_theme_hard"", ""pct"": 0.0015290519877675841, ""reason"": ""min_net_income_yoy""}], ""top_count"": 6, ""top_pct"": 0.009174311926605505, ""top_reason"": ""trend_min_return_60d""}}, ""core_ai"": {""first_fail"": {""top_count"": 182, ""top_pct"": 0.2783, ""top_reason"": ""min_dollar_volume""}, ""layer_summary"": {""base_hard"": {""before"": 654, ""pass_rate"": 0.17737003058103976, ""remaining"": 116, ""removed"": 438}, ""quality_or_theme_hard"": {""before"": 464, ""pass_rate"": 0.25, ""remaining"": 116, ""removed"": 100}}, ""n_filtered"": 116, ""n_input"": 654, ""n_ranked"": 29, ""near_miss"": {""reasons"": [{""count"": 2, ""layer"": ""valuation_hard"", ""pct"": 0.0030581039755351682, ""reason"": ""trend_min_return_60d""}, {""count"": 1, ""layer"": ""quality_or_theme_hard"", ""pct"": 0.0015290519877675841, ""reason"": ""min_interest_coverage""}, {""count"": 1, ""layer"": ""quality_or_theme_hard"", ""pct"": 0.0015290519877675841, ""reason"": ""max_shares_yoy""}, {""count"": 1, ""layer"": ""valuation_hard"", ""pct"": 0.0015290519877675841, ""reason"": ""max_ps_hist_percentile""}], ""top_count"": 2, ""top_pct"": 0.0030581039755351682, ""top_reason"": ""trend_min_return_60d""}}}",,union_superset_approx
base,replay_base_2025-02-28,2025-02-28T00:00:00+00:00,2025-02-28,momentum,"['CSCO', 'ORCL', 'UBER', 'NFLX', 'MSFT', 'KLAC', 'IBM', 'LRCX', 'AMZN', 'NVDA', 'SBAC', 'JCI', 'HWM', 'CRH', 'AEP', 'AMT', 'RTX', 'FCX', 'CCI']",19,-0.0032565621689488733,down,"{""ai_enabler"": 10, ""ai_peripheral"": 10, ""core_ai"": 10}","{""ai_enabler"": [""UBER"", ""CSCO"", ""NFLX"", ""SBAC"", ""JCI"", ""HWM"", ""CRH"", ""AEP"", ""ORCL"", ""KLAC""], ""ai_peripheral"": [""UBER"", ""SBAC"", ""HWM"", ""JCI"", ""AEP"", ""AMT"", ""CRH"", ""RTX"", ""FCX"", ""CCI""], ""core_ai"": [""CSCO"", ""ORCL"", ""UBER"", ""NFLX"", ""MSFT"", ""KLAC"", ""IBM"", ""LRCX"", ""AMZN"", ""NVDA""]}","{""ai_enabler"": {""first_fail"": {""top_count"": 182, ""top_pct"": 0.2783, ""top_reason"": ""min_dollar_volume""}, ""layer_summary"": {""base_hard"": {""before"": 654, ""pass_rate"": 0.5565749235474006, ""remaining"": 364, ""removed"": 190}, ""quality_or_theme_hard"": {""before"": 464, ""pass_rate"": 0.7844827586206896, ""remaining"": 364, ""removed"": 100}}, ""n_filtered"": 364, ""n_input"": 654, ""n_ranked"": 92, ""near_miss"": {""reasons"": [{""count"": 1, ""layer"": ""valuation_hard"", ""pct"": 0.0015290519877675841, ""reason"": ""momentum_min_return_20d""}], ""top_count"": 1, ""top_pct"": 0.0015290519877675841, ""top_reason"": ""momentum_min_return_20d""}}, ""ai_peripheral"": {""first_fail"": {""top_count"": 182, ""top_pct"": 0.2783, ""top_reason"": ""min_dollar_volume""}, ""layer_summary"": {""base_hard"": {""before"": 654, ""pass_rate"": 0.25535168195718655, ""remaining"": 167, ""removed"": 387}, ""quality_or_theme_hard"": {""before"": 464, ""pass_rate"": 0.3599137931034483, ""remaining"": 167, ""removed"": 100}}, ""n_filtered"": 167, ""n_input"": 654, ""n_ranked"": 77, ""near_miss"": {""reasons"": [], ""top_count"": 0, ""top_pct"": 0.0, ""top_reason"": """"}}, ""core_ai"": {""first_fail"": {""top_count"": 182, ""top_pct"": 0.2783, ""top_reason"": ""min_dollar_volume""}, ""layer_summary"": {""base_hard"": {""before"": 654, ""pass_rate"": 0.17737003058103976, ""remaining"": 116, ""removed"": 438}, ""quality_or_theme_hard"": {""before"": 464, ""pass_rate"": 0.25, ""remaining"": 116, ""removed"": 100}}, ""n_filtered"": 116, ""n_input"": 654, ""n_ranked"": 29, ""near_miss"": {""reasons"": [{""count"": 1, ""layer"": ""valuation_hard"", ""pct"": 0.0015290519877675841, ""reason"": ""momentum_min_return_20d""}], ""top_count"": 1, ""top_pct"": 0.0015290519877675841, ""top_reason"": ""momentum_min_return_20d""}}}",,union_superset_approx
base,replay_base_2025-02-28,2025-02-28T00:00:00+00:00,2025-02-28,research_pool,"['NOC', 'LEU', 'CMI', 'NSC', 'RTX', 'GD', 'HWM', 'TT', 'CRH', 'EME', 'FCX', 'IESC', 'KEX', 'EEFT', 'MATX', 'SLB', 'MHO', 'LYB', 'MPC', 'NEM', 'KLAC', 'NFLX', 'LHX', 'DIS', 'CSCO', 'GOOG', 'GOOGL', 'MSFT', 'DT', 'NVDA']",30,-0.0032565621689488733,down,"{""ai_enabler"": 10, ""ai_peripheral"": 10, ""core_ai"": 10}","{""ai_enabler"": [""NOC"", ""LEU"", ""CMI"", ""NSC"", ""RTX"", ""GD"", ""HWM"", ""TT"", ""CRH"", ""EME""], ""ai_peripheral"": [""FCX"", ""IESC"", ""KEX"", ""EEFT"", ""MATX"", ""SLB"", ""MHO"", ""LYB"", ""MPC"", ""NEM""], ""core_ai"": [""KLAC"", ""NFLX"", ""LHX"", ""DIS"", ""CSCO"", ""GOOG"", ""GOOGL"", ""MSFT"", ""DT"", ""NVDA""]}","{""ai_enabler"": {""n_filtered"": 49, ""n_input"": 654, ""n_ranked"": 49, ""priority_counts"": {""left_side_watch"": 9, ""research_now"": 4, ""theme_only"": 31, ""watch_for_pullback"": 5}}, ""ai_peripheral"": {""n_filtered"": 26, ""n_input"": 654, ""n_ranked"": 26, ""priority_counts"": {""left_side_watch"": 2, ""research_now"": 1, ""theme_only"": 23}}, ""core_ai"": {""n_filtered"": 34, ""n_input"": 654, ""n_ranked"": 34, ""priority_counts"": {""left_side_watch"": 5, ""research_now"": 5, ""theme_only"": 13, ""watch_for_pullback"": 11}}}",,union_superset_approx
base,replay_base_2025-03-31,2025-03-31T00:00:00+00:00,2025-03-31,low_value,[],0,-0.0827611838115917,down,"{""ai_enabler"": 0, ""ai_peripheral"": 0, ""core_ai"": 0}","{""ai_enabler"": [], ""ai_peripheral"": [], ""core_ai"": []}","{""ai_enabler"": {""first_fail"": {""top_count"": 208, ""top_pct"": 0.3176, ""top_reason"": ""min_dollar_volume""}, ""layer_summary"": {""base_hard"": {""before"": 655, ""pass_rate"": 0.0, ""remaining"": 0, ""removed"": 216}, ""quality_or_theme_hard"": {""before"": 374, ""pass_rate"": 0.0, ""remaining"": 0, ""removed"": 374}, ""valuation_hard"": {""before"": 439, ""pass_rate"": 0.8519362186788155, ""remaining"": 374, ""removed"": 65}}, ""n_filtered"": 0, ""n_input"": 655, ""n_ranked"": 0, ""near_miss"": {""reasons"": [{""count"": 4, ""layer"": ""quality_or_theme_hard"", ""pct"": 0.0061068702290076335, ""reason"": ""benchmark_trend_filter""}], ""top_count"": 4, ""top_pct"": 0.0061068702290076335, ""top_reason"": ""benchmark_trend_filter""}}, ""ai_peripheral"": {""first_fail"": {""top_count"": 208, ""top_pct"": 0.3176, ""top_reason"": ""min_dollar_volume""}, ""layer_summary"": {""base_hard"": {""before"": 655, ""pass_rate"": 0.0, ""remaining"": 0, ""removed"": 216}, ""quality_or_theme_hard"": {""before"": 386, ""pass_rate"": 0.0, ""remaining"": 0, ""removed"": 386}, ""valuation_hard"": {""before"": 439, ""pass_rate"": 0.8792710706150342, ""remaining"": 386, ""removed"": 53}}, ""n_filtered"": 0, ""n_input"": 655, ""n_ranked"": 0, ""near_miss"": {""reasons"": [{""count"": 2, ""layer"": ""quality_or_theme_hard"", ""pct"": 0.0030534351145038168, ""reason"": ""benchmark_trend_filter""}], ""top_count"": 2, ""top_pct"": 0.0030534351145038168, ""top_reason"": ""benchmark_trend_filter""}}, ""core_ai"": {""first_fail"": {""top_count"": 208, ""top_pct"": 0.3176, ""top_reason"": ""min_dollar_volume""}, ""layer_summary"": {""base_hard"": {""before"": 655, ""pass_rate"": 0.0, ""remaining"": 0, ""removed"": 216}, ""quality_or_theme_hard"": {""before"": 340, ""pass_rate"": 0.0, ""remaining"": 0, ""removed"": 340}, ""valuation_hard"": {""before"": 439, ""pass_rate"": 0.7744874715261959, ""remaining"": 340, ""removed"": 99}}, ""n_filtered"": 0, ""n_input"": 655, ""n_ranked"": 0, ""near_miss"": {""reasons"": [{""count"": 2, ""layer"": ""quality_or_theme_hard"", ""pct"": 0.0030534351145038168, ""reason"": ""benchmark_trend_filter""}], ""top_count"": 2, ""top_pct"": 0.0030534351145038168, ""top_reason"": ""benchmark_trend_filter""}}}",,union_superset_approx
base,replay_base_2025-03-31,2025-03-31T00:00:00+00:00,2025-03-31,industry_trend,[],0,-0.0827611838115917,down,"{""ai_enabler"": 0, ""ai_peripheral"": 0, ""core_ai"": 0}","{""ai_enabler"": [], ""ai_peripheral"": [], ""core_ai"": []}","{""ai_enabler"": {""first_fail"": {""top_count"": 208, ""top_pct"": 0.3176, ""top_reason"": ""min_dollar_volume""}, ""layer_summary"": {""base_hard"": {""before"": 655, ""pass_rate"": 0.5358778625954198, ""remaining"": 351, ""removed"": 216}, ""quality_or_theme_hard"": {""before"": 439, ""pass_rate"": 0.0, ""remaining"": 0, ""removed"": 439}}, ""n_filtered"": 0, ""n_input"": 655, ""n_ranked"": 0, ""near_miss"": {""reasons"": [{""count"": 4, ""layer"": ""quality_or_theme_hard"", ""pct"": 0.0061068702290076335, ""reason"": ""benchmark_trend_filter""}], ""top_count"": 4, ""top_pct"": 0.0061068702290076335, ""top_reason"": ""benchmark_trend_filter""}}, ""ai_peripheral"": {""first_fail"": {""top_count"": 208, ""top_pct"": 0.3176, ""top_reason"": ""min_dollar_volume""}, ""layer_summary"": {""base_hard"": {""before"": 655, ""pass_rate"": 0.25190839694656486, ""remaining"": 165, ""removed"": 402}, ""quality_or_theme_hard"": {""before"": 439, ""pass_rate"": 0.0, ""remaining"": 0, ""removed"": 253}}, ""n_filtered"": 0, ""n_input"": 655, ""n_ranked"": 0, ""near_miss"": {""reasons"": [{""count"": 3, ""layer"": ""quality_or_theme_hard"", ""pct"": 0.004580152671755725, ""reason"": ""benchmark_trend_filter""}], ""top_count"": 3, ""top_pct"": 0.004580152671755725, ""top_reason"": ""benchmark_trend_filter""}}, ""core_ai"": {""first_fail"": {""top_count"": 208, ""top_pct"": 0.3176, ""top_reason"": ""min_dollar_volume""}, ""layer_summary"": {""base_hard"": {""before"": 655, ""pass_rate"": 0.17251908396946564, ""remaining"": 113, ""removed"": 454}, ""quality_or_theme_hard"": {""before"": 439, ""pass_rate"": 0.0, ""remaining"": 0, ""removed"": 201}}, ""n_filtered"": 0, ""n_input"": 655, ""n_ranked"": 0, ""near_miss"": {""reasons"": [{""count"": 2, ""layer"": ""quality_or_theme_hard"", ""pct"": 0.0030534351145038168, ""reason"": ""benchmark_trend_filter""}], ""top_count"": 2, ""top_pct"": 0.0030534351145038168, ""top_reason"": ""benchmark_trend_filter""}}}",,union_superset_approx
base,replay_base_2025-03-31,2025-03-31T00:00:00+00:00,2025-03-31,momentum,[],0,-0.0827611838115917,down,"{""ai_enabler"": 0, ""ai_peripheral"": 0, ""core_ai"": 0}","{""ai_enabler"": [], ""ai_peripheral"": [], ""core_ai"": []}","{""ai_enabler"": {""first_fail"": {""top_count"": 208, ""top_pct"": 0.3176, ""top_reason"": ""min_dollar_volume""}, ""layer_summary"": {""base_hard"": {""before"": 655, ""pass_rate"": 0.5358778625954198, ""remaining"": 351, ""removed"": 216}, ""quality_or_theme_hard"": {""before"": 439, ""pass_rate"": 0.0, ""remaining"": 0, ""removed"": 439}}, ""n_filtered"": 0, ""n_input"": 655, ""n_ranked"": 0, ""near_miss"": {""reasons"": [], ""top_count"": 0, ""top_pct"": 0.0, ""top_reason"": """"}}, ""ai_peripheral"": {""first_fail"": {""top_count"": 208, ""top_pct"": 0.3176, ""top_reason"": ""min_dollar_volume""}, ""layer_summary"": {""base_hard"": {""before"": 655, ""pass_rate"": 0.25190839694656486, ""remaining"": 165, ""removed"": 402}, ""quality_or_theme_hard"": {""before"": 439, ""pass_rate"": 0.0, ""remaining"": 0, ""removed"": 253}}, ""n_filtered"": 0, ""n_input"": 655, ""n_ranked"": 0, ""near_miss"": {""reasons"": [], ""top_count"": 0, ""top_pct"": 0.0, ""top_reason"": """"}}, ""core_ai"": {""first_fail"": {""top_count"": 208, ""top_pct"": 0.3176, ""top_reason"": ""min_dollar_volume""}, ""layer_summary"": {""base_hard"": {""before"": 655, ""pass_rate"": 0.17251908396946564, ""remaining"": 113, ""removed"": 454}, ""quality_or_theme_hard"": {""before"": 439, ""pass_rate"": 0.0, ""remaining"": 0, ""removed"": 201}}, ""n_filtered"": 0, ""n_input"": 655, ""n_ranked"": 0, ""near_miss"": {""reasons"": [], ""top_count"": 0, ""top_pct"": 0.0, ""top_reason"": """"}}}",,union_superset_approx
base,replay_base_2025-03-31,2025-03-31T00:00:00+00:00,2025-03-31,research_pool,"['BAH', 'ETN', 'QLYS', 'TT', 'NOC', 'NNE', 'RTX', 'PWR', 'GD', 'HWM', 'FCX', 'MATX', 'SAIA', 'IESC', 'MHO', 'KEX', 'SLB', 'NEM', 'LYB', 'MPC', 'KLAC', 'LDOS', 'QCOM', 'NFLX', 'LHX', 'ZM', 'MSFT', 'AMD', 'NVDA', 'BWXT']",30,-0.0827611838115917,down,"{""ai_enabler"": 10, ""ai_peripheral"": 10, ""core_ai"": 10}","{""ai_enabler"": [""BAH"", ""ETN"", ""QLYS"", ""TT"", ""NOC"", ""NNE"", ""RTX"", ""PWR"", ""GD"", ""HWM""], ""ai_peripheral"": [""FCX"", ""MATX"", ""SAIA"", ""IESC"", ""MHO"", ""KEX"", ""SLB"", ""NEM"", ""LYB"", ""MPC""], ""core_ai"": [""KLAC"", ""LDOS"", ""QCOM"", ""NFLX"", ""LHX"", ""ZM"", ""MSFT"", ""AMD"", ""NVDA"", ""BWXT""]}","{""ai_enabler"": {""n_filtered"": 58, ""n_input"": 655, ""n_ranked"": 58, ""priority_counts"": {""left_side_watch"": 9, ""research_now"": 6, ""theme_only"": 38, ""watch_for_pullback"": 5}}, ""ai_peripheral"": {""n_filtered"": 34, ""n_input"": 655, ""n_ranked"": 34, ""priority_counts"": {""left_side_watch"": 2, ""research_now"": 1, ""theme_only"": 31}}, ""core_ai"": {""n_filtered"": 40, ""n_input"": 655, ""n_ranked"": 40, ""priority_counts"": {""left_side_watch"": 10, ""research_now"": 5, ""theme_only"": 15, ""watch_for_pullback"": 10}}}",,union_superset_approx
base,replay_base_2025-04-30,2025-04-30T00:00:00+00:00,2025-04-30,low_value,[],0,-0.0825144313377223,down,"{""ai_enabler"": 0, ""ai_peripheral"": 0, ""core_ai"": 0}","{""ai_enabler"": [], ""ai_peripheral"": [], ""core_ai"": []}","{""ai_enabler"": {""first_fail"": {""top_count"": 221, ""top_pct"": 0.3374, ""top_reason"": ""min_dollar_volume""}, ""layer_summary"": {""base_hard"": {""before"": 655, ""pass_rate"": 0.0, ""remaining"": 0, ""removed"": 230}, ""quality_or_theme_hard"": {""before"": 374, ""pass_rate"": 0.0, ""remaining"": 0, ""removed"": 374}, ""valuation_hard"": {""before"": 425, ""pass_rate"": 0.88, ""remaining"": 374, ""removed"": 51}}, ""n_filtered"": 0, ""n_input"": 655, ""n_ranked"": 0, ""near_miss"": {""reasons"": [{""count"": 4, ""layer"": ""quality_or_theme_hard"", ""pct"": 0.0061068702290076335, ""reason"": ""benchmark_trend_filter""}], ""top_count"": 4, ""top_pct"": 0.0061068702290076335, ""top_reason"": ""benchmark_trend_filter""}}, ""ai_peripheral"": {""first_fail"": {""top_count"": 221, ""top_pct"": 0.3374, ""top_reason"": ""min_dollar_volume""}, ""layer_summary"": {""base_hard"": {""before"": 655, ""pass_rate"": 0.0, ""remaining"": 0, ""removed"": 230}, ""quality_or_theme_hard"": {""before"": 383, ""pass_rate"": 0.0, ""remaining"": 0, ""removed"": 383}, ""valuation_hard"": {""before"": 425, ""pass_rate"": 0.9011764705882352, ""remaining"": 383, ""removed"": 42}}, ""n_filtered"": 0, ""n_input"": 655, ""n_ranked"": 0, ""near_miss"": {""reasons"": [{""count"": 4, ""layer"": ""quality_or_theme_hard"", ""pct"": 0.0061068702290076335, ""reason"": ""benchmark_trend_filter""}], ""top_count"": 4, ""top_pct"": 0.0061068702290076335, ""top_reason"": ""benchmark_trend_filter""}}, ""core_ai"": {""first_fail"": {""top_count"": 221, ""top_pct"": 0.3374, ""top_reason"": ""min_dollar_volume""}, ""layer_summary"": {""base_hard"": {""before"": 655, ""pass_rate"": 0.0, ""remaining"": 0, ""removed"": 230}, ""quality_or_theme_hard"": {""before"": 337, ""pass_rate"": 0.0, ""remaining"": 0, ""removed"": 337}, ""valuation_hard"": {""before"": 425, ""pass_rate"": 0.7929411764705883, ""remaining"": 337, ""removed"": 88}}, ""n_filtered"": 0, ""n_input"": 655, ""n_ranked"": 0, ""near_miss"": {""reasons"": [], ""top_count"": 0, ""top_pct"": 0.0, ""top_reason"": """"}}}",,union_superset_approx
base,replay_base_2025-04-30,2025-04-30T00:00:00+00:00,2025-04-30,industry_trend,[],0,-0.0825144313377223,down,"{""ai_enabler"": 0, ""ai_peripheral"": 0, ""core_ai"": 0}","{""ai_enabler"": [], ""ai_peripheral"": [], ""core_ai"": []}","{""ai_enabler"": {""first_fail"": {""top_count"": 221, ""top_pct"": 0.3374, ""top_reason"": ""min_dollar_volume""}, ""layer_summary"": {""base_hard"": {""before"": 655, ""pass_rate"": 0.5251908396946565, ""remaining"": 344, ""removed"": 230}, ""quality_or_theme_hard"": {""before"": 425, ""pass_rate"": 0.0, ""remaining"": 0, ""removed"": 425}}, ""n_filtered"": 0, ""n_input"": 655, ""n_ranked"": 0, ""near_miss"": {""reasons"": [{""count"": 4, ""layer"": ""quality_or_theme_hard"", ""pct"": 0.0061068702290076335, ""reason"": ""benchmark_trend_filter""}], ""top_count"": 4, ""top_pct"": 0.0061068702290076335, ""top_reason"": ""benchmark_trend_filter""}}, ""ai_peripheral"": {""first_fail"": {""top_count"": 221, ""top_pct"": 0.3374, ""top_reason"": ""min_dollar_volume""}, ""layer_summary"": {""base_hard"": {""before"": 655, ""pass_rate"": 0.2595419847328244, ""remaining"": 170, ""removed"": 404}, ""quality_or_theme_hard"": {""before"": 425, ""pass_rate"": 0.0, ""remaining"": 0, ""removed"": 251}}, ""n_filtered"": 0, ""n_input"": 655, ""n_ranked"": 0, ""near_miss"": {""reasons"": [{""count"": 3, ""layer"": ""quality_or_theme_hard"", ""pct"": 0.004580152671755725, ""reason"": ""benchmark_trend_filter""}], ""top_count"": 3, ""top_pct"": 0.004580152671755725, ""top_reason"": ""benchmark_trend_filter""}}, ""core_ai"": {""first_fail"": {""top_count"": 221, ""top_pct"": 0.3374, ""top_reason"": ""min_dollar_volume""}, ""layer_summary"": {""base_hard"": {""before"": 655, ""pass_rate"": 0.16793893129770993, ""remaining"": 110, ""removed"": 464}, ""quality_or_theme_hard"": {""before"": 425, ""pass_rate"": 0.0, ""remaining"": 0, ""removed"": 191}}, ""n_filtered"": 0, ""n_input"": 655, ""n_ranked"": 0, ""near_miss"": {""reasons"": [{""count"": 1, ""layer"": ""quality_or_theme_hard"", ""pct"": 0.0015267175572519084, ""reason"": ""benchmark_trend_filter""}], ""top_count"": 1, ""top_pct"": 0.0015267175572519084, ""top_reason"": ""benchmark_trend_filter""}}}",,union_superset_approx
base,replay_base_2025-04-30,2025-04-30T00:00:00+00:00,2025-04-30,momentum,[],0,-0.0825144313377223,down,"{""ai_enabler"": 0, ""ai_peripheral"": 0, ""core_ai"": 0}","{""ai_enabler"": [], ""ai_peripheral"": [], ""core_ai"": []}","{""ai_enabler"": {""first_fail"": {""top_count"": 221, ""top_pct"": 0.3374, ""top_reason"": ""min_dollar_volume""}, ""layer_summary"": {""base_hard"": {""before"": 655, ""pass_rate"": 0.5251908396946565, ""remaining"": 344, ""removed"": 230}, ""quality_or_theme_hard"": {""before"": 425, ""pass_rate"": 0.0, ""remaining"": 0, ""removed"": 425}}, ""n_filtered"": 0, ""n_input"": 655, ""n_ranked"": 0, ""near_miss"": {""reasons"": [{""count"": 1, ""layer"": ""quality_or_theme_hard"", ""pct"": 0.0015267175572519084, ""reason"": ""benchmark_trend_filter""}], ""top_count"": 1, ""top_pct"": 0.0015267175572519084, ""top_reason"": ""benchmark_trend_filter""}}, ""ai_peripheral"": {""first_fail"": {""top_count"": 221, ""top_pct"": 0.3374, ""top_reason"": ""min_dollar_volume""}, ""layer_summary"": {""base_hard"": {""before"": 655, ""pass_rate"": 0.2595419847328244, ""remaining"": 170, ""removed"": 404}, ""quality_or_theme_hard"": {""before"": 425, ""pass_rate"": 0.0, ""remaining"": 0, ""removed"": 251}}, ""n_filtered"": 0, ""n_input"": 655, ""n_ranked"": 0, ""near_miss"": {""reasons"": [], ""top_count"": 0, ""top_pct"": 0.0, ""top_reason"": """"}}, ""core_ai"": {""first_fail"": {""top_count"": 221, ""top_pct"": 0.3374, ""top_reason"": ""min_dollar_volume""}, ""layer_summary"": {""base_hard"": {""before"": 655, ""pass_rate"": 0.16793893129770993, ""remaining"": 110, ""removed"": 464}, ""quality_or_theme_hard"": {""before"": 425, ""pass_rate"": 0.0, ""remaining"": 0, ""removed"": 191}}, ""n_filtered"": 0, ""n_input"": 655, ""n_ranked"": 0, ""near_miss"": {""reasons"": [{""count"": 1, ""layer"": ""quality_or_theme_hard"", ""pct"": 0.0015267175572519084, ""reason"": ""benchmark_trend_filter""}], ""top_count"": 1, ""top_pct"": 0.0015267175572519084, ""top_reason"": ""benchmark_trend_filter""}}}",,union_superset_approx
base,replay_base_2025-04-30,2025-04-30T00:00:00+00:00,2025-04-30,research_pool,"['EME', 'HPE', 'BAH', 'VST', 'ACN', 'QLYS', 'ATEN', 'PH', 'VRT', 'GD', 'FCX', 'MATX', 'BKR', 'KEX', 'IESC', 'EEFT', 'NEM', 'BLDR', 'LOW', 'SCCO', 'ZM', 'KLAC', 'LDOS', 'NFLX', 'ADBE', 'QCOM', 'PYPL', 'LHX', 'GOOG', 'GOOGL']",30,-0.0825144313377223,down,"{""ai_enabler"": 10, ""ai_peripheral"": 10, ""core_ai"": 10}","{""ai_enabler"": [""EME"", ""HPE"", ""BAH"", ""VST"", ""ACN"", ""QLYS"", ""ATEN"", ""PH"", ""VRT"", ""GD""], ""ai_peripheral"": [""FCX"", ""MATX"", ""BKR"", ""KEX"", ""IESC"", ""EEFT"", ""NEM"", ""BLDR"", ""LOW"", ""SCCO""], ""core_ai"": [""ZM"", ""KLAC"", ""LDOS"", ""NFLX"", ""ADBE"", ""QCOM"", ""PYPL"", ""LHX"", ""GOOG"", ""GOOGL""]}","{""ai_enabler"": {""n_filtered"": 63, ""n_input"": 655, ""n_ranked"": 63, ""priority_counts"": {""left_side_watch"": 3, ""research_now"": 8, ""theme_only"": 44, ""watch_for_pullback"": 8}}, ""ai_peripheral"": {""n_filtered"": 31, ""n_input"": 655, ""n_ranked"": 31, ""priority_counts"": {""left_side_watch"": 3, ""research_now"": 1, ""theme_only"": 27}}, ""core_ai"": {""n_filtered"": 44, ""n_input"": 655, ""n_ranked"": 44, ""priority_counts"": {""left_side_watch"": 4, ""research_now"": 8, ""theme_only"": 16, ""watch_for_pullback"": 16}}}",,union_superset_approx
base,replay_base_2025-05-30,2025-05-30T00:00:00+00:00,2025-05-30,low_value,"['KLAC', 'GOOGL', 'CRM', 'PYPL', 'QCOM', 'LRCX', 'ANET', 'AMZN', 'LHX', 'TER', 'FCX', 'CSCO', 'EME', 'ACN', 'RTX', 'GD', 'PH', 'ETN', 'VRT']",19,0.03415926383300816,up,"{""ai_enabler"": 10, ""ai_peripheral"": 10, ""core_ai"": 10}","{""ai_enabler"": [""KLAC"", ""PYPL"", ""GOOGL"", ""FCX"", ""CRM"", ""QCOM"", ""LRCX"", ""CSCO"", ""EME"", ""AMZN""], ""ai_peripheral"": [""PYPL"", ""FCX"", ""EME"", ""ACN"", ""RTX"", ""GD"", ""PH"", ""LHX"", ""ETN"", ""VRT""], ""core_ai"": [""KLAC"", ""GOOGL"", ""CRM"", ""PYPL"", ""QCOM"", ""LRCX"", ""ANET"", ""AMZN"", ""LHX"", ""TER""]}","{""ai_enabler"": {""first_fail"": {""top_count"": 207, ""top_pct"": 0.3155, ""top_reason"": ""min_dollar_volume""}, ""layer_summary"": {""base_hard"": {""before"": 656, ""pass_rate"": 0.4024390243902439, ""remaining"": 264, ""removed"": 213}, ""quality_or_theme_hard"": {""before"": 342, ""pass_rate"": 0.7719298245614035, ""remaining"": 264, ""removed"": 78}, ""valuation_hard"": {""before"": 443, ""pass_rate"": 0.7720090293453724, ""remaining"": 342, ""removed"": 101}}, ""n_filtered"": 264, ""n_input"": 656, ""n_ranked"": 20, ""near_miss"": {""reasons"": [{""count"": 2, ""layer"": ""valuation_hard"", ""pct"": 0.003048780487804878, ""reason"": ""max_ps_hist_percentile""}, {""count"": 1, ""layer"": ""quality_or_theme_hard"", ""pct"": 0.001524390243902439, ""reason"": ""min_net_income_yoy""}, {""count"": 1, ""layer"": ""base_hard"", ""pct"": 0.001524390243902439, ""reason"": ""min_avg_dollar_volume_20d""}, {""count"": 1, ""layer"": ""quality_or_theme_hard"", ""pct"": 0.001524390243902439, ""reason"": ""min_interest_coverage""}, {""count"": 1, ""layer"": ""quality_or_theme_hard"", ""pct"": 0.001524390243902439, ""reason"": ""min_current_ratio""}], ""top_count"": 2, ""top_pct"": 0.003048780487804878, ""top_reason"": ""max_ps_hist_percentile""}}, ""ai_peripheral"": {""first_fail"": {""top_count"": 207, ""top_pct"": 0.3155, ""top_reason"": ""min_dollar_volume""}, ""layer_summary"": {""base_hard"": {""before"": 656, ""pass_rate"": 0.21036585365853658, ""remaining"": 138, ""removed"": 347}, ""quality_or_theme_hard"": {""before"": 355, ""pass_rate"": 0.7661971830985915, ""remaining"": 272, ""removed"": 83}, ""valuation_hard"": {""before"": 443, ""pass_rate"": 0.801354401805869, ""remaining"": 355, ""removed"": 88}}, ""n_filtered"": 138, ""n_input"": 656, ""n_ranked"": 12, ""near_miss"": {""reasons"": [{""count"": 4, ""layer"": ""base_hard"", ""pct"": 0.006097560975609756, ""reason"": ""channel_bucket_match""}, {""count"": 2, ""layer"": ""valuation_hard"", ""pct"": 0.003048780487804878, ""reason"": ""min_return_60d""}, {""count"": 1, ""layer"": ""quality_or_theme_hard"", ""pct"": 0.001524390243902439, ""reason"": ""min_current_ratio""}, {""count"": 1, ""layer"": ""valuation_hard"", ""pct"": 0.001524390243902439, ""reason"": ""max_ps_hist_percentile""}], ""top_count"": 4, ""top_pct"": 0.006097560975609756, ""top_reason"": ""channel_bucket_match""}}, ""core_ai"": {""first_fail"": {""top_count"": 207, ""top_pct"": 0.3155, ""top_reason"": ""min_dollar_volume""}, ""layer_summary"": {""base_hard"": {""before"": 656, ""pass_rate"": 0.10213414634146341, ""remaining"": 67, ""removed"": 382}, ""quality_or_theme_hard"": {""before"": 312, ""pass_rate"": 0.7564102564102564, ""remaining"": 236, ""removed"": 76}, ""valuation_hard"": {""before"": 443, ""pass_rate"": 0.7042889390519187, ""remaining"": 312, ""removed"": 131}}, ""n_filtered"": 67, ""n_input"": 656, ""n_ranked"": 13, ""near_miss"": {""reasons"": [{""count"": 1, ""layer"": ""quality_or_theme_hard"", ""pct"": 0.001524390243902439, ""reason"": ""min_net_income_yoy""}, {""count"": 1, ""layer"": ""base_hard"", ""pct"": 0.001524390243902439, ""reason"": ""min_avg_dollar_volume_20d""}, {""count"": 1, ""layer"": ""quality_or_theme_hard"", ""pct"": 0.001524390243902439, ""reason"": ""min_interest_coverage""}, {""count"": 1, ""layer"": ""base_hard"", ""pct"": 0.001524390243902439, ""reason"": ""channel_bucket_match""}, {""count"": 1, ""layer"": ""valuation_hard"", ""pct"": 0.001524390243902439, ""reason"": ""max_ps_percentile_in_sic""}], ""top_count"": 1, ""top_pct"": 0.001524390243902439, ""top_reason"": ""min_net_income_yoy""}}}",,union_superset_approx
base,replay_base_2025-05-30,2025-05-30T00:00:00+00:00,2025-05-30,industry_trend,"['GOOGL', 'MSFT', 'AMZN', 'ORCL', 'NVDA', 'KLAC', 'NFLX', 'TSLA', 'CSCO', 'AVGO', 'GE', 'META', 'LRCX', 'CSX', 'CAT', 'RTX', 'NSC', 'ETN', 'PH', 'JCI', 'HWM', 'PWR']",22,0.03415926383300816,up,"{""ai_enabler"": 10, ""ai_peripheral"": 10, ""core_ai"": 10}","{""ai_enabler"": [""ORCL"", ""AMZN"", ""KLAC"", ""GOOGL"", ""NFLX"", ""GE"", ""META"", ""LRCX"", ""NVDA"", ""CSCO""], ""ai_peripheral"": [""GE"", ""CSX"", ""CAT"", ""RTX"", ""NSC"", ""ETN"", ""PH"", ""JCI"", ""HWM"", ""PWR""], ""core_ai"": [""GOOGL"", ""MSFT"", ""AMZN"", ""ORCL"", ""NVDA"", ""KLAC"", ""NFLX"", ""TSLA"", ""CSCO"", ""AVGO""]}","{""ai_enabler"": {""first_fail"": {""top_count"": 207, ""top_pct"": 0.3155, ""top_reason"": ""min_dollar_volume""}, ""layer_summary"": {""base_hard"": {""before"": 656, ""pass_rate"": 0.524390243902439, ""remaining"": 344, ""removed"": 213}, ""quality_or_theme_hard"": {""before"": 443, ""pass_rate"": 0.7765237020316027, ""remaining"": 344, ""removed"": 99}}, ""n_filtered"": 344, ""n_input"": 656, ""n_ranked"": 90, ""near_miss"": {""reasons"": [{""count"": 5, ""layer"": ""base_hard"", ""pct"": 0.007621951219512195, ""reason"": ""trend_min_avg_dollar_volume_20d""}, {""count"": 3, ""layer"": ""valuation_hard"", ""pct"": 0.004573170731707317, ""reason"": ""trend_min_return_60d""}, {""count"": 3, ""layer"": ""valuation_hard"", ""pct"": 0.004573170731707317, ""reason"": ""max_ps_hist_percentile""}, {""count"": 2, ""layer"": ""quality_or_theme_hard"", ""pct"": 0.003048780487804878, ""reason"": ""max_shares_yoy""}, {""count"": 1, ""layer"": ""quality_or_theme_hard"", ""pct"": 0.001524390243902439, ""reason"": ""min_net_income_yoy""}], ""top_count"": 5, ""top_pct"": 0.007621951219512195, ""top_reason"": ""trend_min_avg_dollar_volume_20d""}}, ""ai_peripheral"": {""first_fail"": {""top_count"": 207, ""top_pct"": 0.3155, ""top_reason"": ""min_dollar_volume""}, ""layer_summary"": {""base_hard"": {""before"": 656, ""pass_rate"": 0.24542682926829268, ""remaining"": 161, ""removed"": 396}, ""quality_or_theme_hard"": {""before"": 443, ""pass_rate"": 0.36343115124153497, ""remaining"": 161, ""removed"": 99}}, ""n_filtered"": 161, ""n_input"": 656, ""n_ranked"": 75, ""near_miss"": {""reasons"": [{""count"": 4, ""layer"": ""valuation_hard"", ""pct"": 0.006097560975609756, ""reason"": ""trend_min_return_60d""}, {""count"": 4, ""layer"": ""base_hard"", ""pct"": 0.006097560975609756, ""reason"": ""channel_bucket_match""}, {""count"": 2, ""layer"": ""base_hard"", ""pct"": 0.003048780487804878, ""reason"": ""trend_min_avg_dollar_volume_20d""}, {""count"": 2, ""layer"": ""valuation_hard"", ""pct"": 0.003048780487804878, ""reason"": ""max_ps_hist_percentile""}, {""count"": 1, ""layer"": ""quality_or_theme_hard"", ""pct"": 0.001524390243902439, ""reason"": ""min_current_ratio""}], ""top_count"": 4, ""top_pct"": 0.006097560975609756, ""top_reason"": ""trend_min_return_60d""}}, ""core_ai"": {""first_fail"": {""top_count"": 207, ""top_pct"": 0.3155, ""top_reason"": ""min_dollar_volume""}, ""layer_summary"": {""base_hard"": {""before"": 656, ""pass_rate"": 0.16920731707317074, ""remaining"": 111, ""removed"": 446}, ""quality_or_theme_hard"": {""before"": 443, ""pass_rate"": 0.2505643340857788, ""remaining"": 111, ""removed"": 99}}, ""n_filtered"": 111, ""n_input"": 656, ""n_ranked"": 28, ""near_miss"": {""reasons"": [{""count"": 2, ""layer"": ""valuation_hard"", ""pct"": 0.003048780487804878, ""reason"": ""trend_min_return_60d""}, {""count"": 2, ""layer"": ""base_hard"", ""pct"": 0.003048780487804878, ""reason"": ""trend_min_avg_dollar_volume_20d""}, {""count"": 2, ""layer"": ""valuation_hard"", ""pct"": 0.003048780487804878, ""reason"": ""max_ps_hist_percentile""}, {""count"": 1, ""layer"": ""quality_or_theme_hard"", ""pct"": 0.001524390243902439, ""reason"": ""min_net_income_yoy""}, {""count"": 1, ""layer"": ""valuation_hard"", ""pct"": 0.001524390243902439, ""reason"": ""max_ps_percentile_in_sic""}], ""top_count"": 2, ""top_pct"": 0.003048780487804878, ""top_reason"": ""trend_min_return_60d""}}}",,union_superset_approx
base,replay_base_2025-05-30,2025-05-30T00:00:00+00:00,2025-05-30,momentum,"['ORCL', 'NVDA', 'KLAC', 'GOOGL', 'MSFT', 'TSLA', 'AVGO', 'LRCX', 'CSCO', 'AMZN', 'GE', 'META', 'CSX', 'JCI', 'HWM', 'CAT', 'VRT', 'EME', 'NSC', 'ATI', 'PWR']",21,0.03415926383300816,up,"{""ai_enabler"": 10, ""ai_peripheral"": 10, ""core_ai"": 10}","{""ai_enabler"": [""KLAC"", ""ORCL"", ""LRCX"", ""GE"", ""TSLA"", ""META"", ""NVDA"", ""AMZN"", ""CSX"", ""GOOGL""], ""ai_peripheral"": [""GE"", ""CSX"", ""JCI"", ""HWM"", ""CAT"", ""VRT"", ""EME"", ""NSC"", ""ATI"", ""PWR""], ""core_ai"": [""ORCL"", ""NVDA"", ""KLAC"", ""GOOGL"", ""MSFT"", ""TSLA"", ""AVGO"", ""LRCX"", ""CSCO"", ""AMZN""]}","{""ai_enabler"": {""first_fail"": {""top_count"": 207, ""top_pct"": 0.3155, ""top_reason"": ""min_dollar_volume""}, ""layer_summary"": {""base_hard"": {""before"": 656, ""pass_rate"": 0.524390243902439, ""remaining"": 344, ""removed"": 213}, ""quality_or_theme_hard"": {""before"": 443, ""pass_rate"": 0.7765237020316027, ""remaining"": 344, ""removed"": 99}}, ""n_filtered"": 344, ""n_input"": 656, ""n_ranked"": 90, ""near_miss"": {""reasons"": [{""count"": 1, ""layer"": ""quality_or_theme_hard"", ""pct"": 0.001524390243902439, ""reason"": ""min_net_income_yoy""}, {""count"": 1, ""layer"": ""base_hard"", ""pct"": 0.001524390243902439, ""reason"": ""momentum_min_avg_dollar_volume_20d""}, {""count"": 1, ""layer"": ""quality_or_theme_hard"", ""pct"": 0.001524390243902439, ""reason"": ""min_interest_coverage""}, {""count"": 1, ""layer"": ""quality_or_theme_hard"", ""pct"": 0.001524390243902439, ""reason"": ""min_ai_link_score""}], ""top_count"": 1, ""top_pct"": 0.001524390243902439, ""top_reason"": ""min_net_income_yoy""}}, ""ai_peripheral"": {""first_fail"": {""top_count"": 207, ""top_pct"": 0.3155, ""top_reason"": ""min_dollar_volume""}, ""layer_summary"": {""base_hard"": {""before"": 656, ""pass_rate"": 0.24542682926829268, ""remaining"": 161, ""removed"": 396}, ""quality_or_theme_hard"": {""before"": 443, ""pass_rate"": 0.36343115124153497, ""remaining"": 161, ""removed"": 99}}, ""n_filtered"": 161, ""n_input"": 656, ""n_ranked"": 75, ""near_miss"": {""reasons"": [{""count"": 2, ""layer"": ""valuation_hard"", ""pct"": 0.003048780487804878, ""reason"": ""max_ps_hist_percentile""}, {""count"": 2, ""layer"": ""base_hard"", ""pct"": 0.003048780487804878, ""reason"": ""channel_bucket_match""}, {""count"": 1, ""layer"": ""quality_or_theme_hard"", ""pct"": 0.001524390243902439, ""reason"": ""min_current_ratio""}], ""top_count"": 2, ""top_pct"": 0.003048780487804878, ""top_reason"": ""max_ps_hist_percentile""}}, ""core_ai"": {""first_fail"": {""top_count"": 207, ""top_pct"": 0.3155, ""top_reason"": ""min_dollar_volume""}, ""layer_summary"": {""base_hard"": {""before"": 656, ""pass_rate"": 0.16920731707317074, ""remaining"": 111, ""removed"": 446}, ""quality_or_theme_hard"": {""before"": 443, ""pass_rate"": 0.2505643340857788, ""remaining"": 111, ""removed"": 99}}, ""n_filtered"": 111, ""n_input"": 656, ""n_ranked"": 28, ""near_miss"": {""reasons"": [{""count"": 1, ""layer"": ""quality_or_theme_hard"", ""pct"": 0.001524390243902439, ""reason"": ""min_net_income_yoy""}, {""count"": 1, ""layer"": ""quality_or_theme_hard"", ""pct"": 0.001524390243902439, ""reason"": ""min_interest_coverage""}, {""count"": 1, ""layer"": ""quality_or_theme_hard"", ""pct"": 0.001524390243902439, ""reason"": ""min_ai_link_score""}], ""top_count"": 1, ""top_pct"": 0.001524390243902439, ""top_reason"": ""min_net_income_yoy""}}}",,union_superset_approx
base,replay_base_2025-05-30,2025-05-30T00:00:00+00:00,2025-05-30,research_pool,"['EME', 'JCI', 'HPE', 'ACN', 'LEU', 'ATI', 'VRT', 'QLYS', 'HWM', 'TT', 'FCX', 'SKY', 'IESC', 'MATX', 'KIM', 'BKR', 'IP', 'KBH', 'MHO', 'BLDR', 'QCOM', 'KLAC', 'LDOS', 'PYPL', 'NFLX', 'DIS', 'LHX', 'CSCO', 'GOOG', 'GOOGL']",30,0.03415926383300816,up,"{""ai_enabler"": 10, ""ai_peripheral"": 10, ""core_ai"": 10}","{""ai_enabler"": [""EME"", ""JCI"", ""HPE"", ""ACN"", ""LEU"", ""ATI"", ""VRT"", ""QLYS"", ""HWM"", ""TT""], ""ai_peripheral"": [""FCX"", ""SKY"", ""IESC"", ""MATX"", ""KIM"", ""BKR"", ""IP"", ""KBH"", ""MHO"", ""BLDR""], ""core_ai"": [""QCOM"", ""KLAC"", ""LDOS"", ""PYPL"", ""NFLX"", ""DIS"", ""LHX"", ""CSCO"", ""GOOG"", ""GOOGL""]}","{""ai_enabler"": {""n_filtered"": 66, ""n_input"": 656, ""n_ranked"": 66, ""priority_counts"": {""left_side_watch"": 2, ""research_now"": 6, ""theme_only"": 48, ""watch_for_pullback"": 10}}, ""ai_peripheral"": {""n_filtered"": 37, ""n_input"": 656, ""n_ranked"": 37, ""priority_counts"": {""left_side_watch"": 1, ""research_now"": 1, ""theme_only"": 35}}, ""core_ai"": {""n_filtered"": 45, ""n_input"": 656, ""n_ranked"": 45, ""priority_counts"": {""research_now"": 8, ""theme_only"": 17, ""watch_for_pullback"": 20}}}",,union_superset_approx
base,replay_base_2025-06-30,2025-06-30T00:00:00+00:00,2025-06-30,low_value,"['GOOGL', 'CRM', 'GOOG', 'QCOM', 'AMAT', 'AMZN', 'ANET', 'CAT', 'LHX', 'TER', 'PYPL', 'FCX', 'BAH', 'GD', 'PH', 'RTX', 'NOC', 'ETN']",18,0.1585314626564731,up,"{""ai_enabler"": 10, ""ai_peripheral"": 10, ""core_ai"": 10}","{""ai_enabler"": [""PYPL"", ""GOOGL"", ""GOOG"", ""FCX"", ""QCOM"", ""AMAT"", ""BAH"", ""AMZN"", ""GD"", ""PH""], ""ai_peripheral"": [""PYPL"", ""FCX"", ""BAH"", ""RTX"", ""GD"", ""LHX"", ""NOC"", ""CAT"", ""PH"", ""ETN""], ""core_ai"": [""GOOGL"", ""CRM"", ""GOOG"", ""QCOM"", ""AMAT"", ""AMZN"", ""ANET"", ""CAT"", ""LHX"", ""TER""]}","{""ai_enabler"": {""first_fail"": {""top_count"": 188, ""top_pct"": 0.2861, ""top_reason"": ""min_dollar_volume""}, ""layer_summary"": {""base_hard"": {""before"": 657, ""pass_rate"": 0.350076103500761, ""remaining"": 230, ""removed"": 197}, ""quality_or_theme_hard"": {""before"": 317, ""pass_rate"": 0.7255520504731862, ""remaining"": 230, ""removed"": 87}, ""valuation_hard"": {""before"": 460, ""pass_rate"": 0.6891304347826087, ""remaining"": 317, ""removed"": 143}}, ""n_filtered"": 230, ""n_input"": 657, ""n_ranked"": 17, ""near_miss"": {""reasons"": [{""count"": 3, ""layer"": ""base_hard"", ""pct"": 0.0045662100456621, ""reason"": ""min_avg_dollar_volume_20d""}, {""count"": 1, ""layer"": ""quality_or_theme_hard"", ""pct"": 0.0015220700152207, ""reason"": ""min_net_income_yoy""}, {""count"": 1, ""layer"": ""quality_or_theme_hard"", ""pct"": 0.0015220700152207, ""reason"": ""min_current_ratio""}, {""count"": 1, ""layer"": ""quality_or_theme_hard"", ""pct"": 0.0015220700152207, ""reason"": ""min_ai_link_score""}, {""count"": 1, ""layer"": ""valuation_hard"", ""pct"": 0.0015220700152207, ""reason"": ""max_pe_percentile_in_sic""}], ""top_count"": 3, ""top_pct"": 0.0045662100456621, ""top_reason"": ""min_avg_dollar_volume_20d""}}, ""ai_peripheral"": {""first_fail"": {""top_count"": 188, ""top_pct"": 0.2861, ""top_reason"": ""min_dollar_volume""}, ""layer_summary"": {""base_hard"": {""before"": 657, ""pass_rate"": 0.1917808219178082, ""remaining"": 126, ""removed"": 313}, ""quality_or_theme_hard"": {""before"": 333, ""pass_rate"": 0.7267267267267268, ""remaining"": 242, ""removed"": 91}, ""valuation_hard"": {""before"": 460, ""pass_rate"": 0.7239130434782609, ""remaining"": 333, ""removed"": 127}}, ""n_filtered"": 126, ""n_input"": 657, ""n_ranked"": 10, ""near_miss"": {""reasons"": [{""count"": 3, ""layer"": ""base_hard"", ""pct"": 0.0045662100456621, ""reason"": ""channel_bucket_match""}, {""count"": 2, ""layer"": ""base_hard"", ""pct"": 0.0030441400304414, ""reason"": ""min_avg_dollar_volume_20d""}, {""count"": 2, ""layer"": ""quality_or_theme_hard"", ""pct"": 0.0030441400304414, ""reason"": ""min_ai_link_score""}, {""count"": 1, ""layer"": ""valuation_hard"", ""pct"": 0.0015220700152207, ""reason"": ""min_return_60d""}], ""top_count"": 3, ""top_pct"": 0.0045662100456621, ""top_reason"": ""channel_bucket_match""}}, ""core_ai"": {""first_fail"": {""top_count"": 188, ""top_pct"": 0.2861, ""top_reason"": ""min_dollar_volume""}, ""layer_summary"": {""base_hard"": {""before"": 657, ""pass_rate"": 0.0730593607305936, ""remaining"": 48, ""removed"": 349}, ""quality_or_theme_hard"": {""before"": 281, ""pass_rate"": 0.7117437722419929, ""remaining"": 200, ""removed"": 81}, ""valuation_hard"": {""before"": 460, ""pass_rate"": 0.6108695652173913, ""remaining"": 281, ""removed"": 179}}, ""n_filtered"": 48, ""n_input"": 657, ""n_ranked"": 11, ""near_miss"": {""reasons"": [{""count"": 1, ""layer"": ""quality_or_theme_hard"", ""pct"": 0.0015220700152207, ""reason"": ""max_ev_to_ebit""}, {""count"": 1, ""layer"": ""quality_or_theme_hard"", ""pct"": 0.0015220700152207, ""reason"": ""min_net_income_yoy""}, {""count"": 1, ""layer"": ""base_hard"", ""pct"": 0.0015220700152207, ""reason"": ""min_avg_dollar_volume_20d""}, {""count"": 1, ""layer"": ""valuation_hard"", ""pct"": 0.0015220700152207, ""reason"": ""max_pe_percentile_in_sic""}], ""top_count"": 1, ""top_pct"": 0.0015220700152207, ""top_reason"": ""max_ev_to_ebit""}}}",,union_superset_approx
base,replay_base_2025-06-30,2025-06-30T00:00:00+00:00,2025-06-30,industry_trend,"['ORCL', 'GOOGL', 'AMZN', 'META', 'KLAC', 'NFLX', 'NVDA', 'AMD', 'ANET', 'CSCO', 'LRCX', 'PWR', 'ETN', 'UBER', 'CAT', 'FCX', 'HWM', 'GE', 'PH', 'EME', 'UNP']",21,0.1585314626564731,up,"{""ai_enabler"": 10, ""ai_peripheral"": 10, ""core_ai"": 10}","{""ai_enabler"": [""ORCL"", ""KLAC"", ""NFLX"", ""ANET"", ""AMZN"", ""LRCX"", ""PWR"", ""META"", ""GOOGL"", ""CSCO""], ""ai_peripheral"": [""ETN"", ""PWR"", ""UBER"", ""CAT"", ""FCX"", ""HWM"", ""GE"", ""PH"", ""EME"", ""UNP""], ""core_ai"": [""ORCL"", ""GOOGL"", ""AMZN"", ""META"", ""KLAC"", ""NFLX"", ""NVDA"", ""AMD"", ""ANET"", ""CSCO""]}","{""ai_enabler"": {""first_fail"": {""top_count"": 188, ""top_pct"": 0.2861, ""top_reason"": ""min_dollar_volume""}, ""layer_summary"": {""base_hard"": {""before"": 657, ""pass_rate"": 0.5251141552511416, ""remaining"": 345, ""removed"": 197}, ""quality_or_theme_hard"": {""before"": 460, ""pass_rate"": 0.75, ""remaining"": 345, ""removed"": 115}}, ""n_filtered"": 345, ""n_input"": 657, ""n_ranked"": 89, ""near_miss"": {""reasons"": [{""count"": 3, ""layer"": ""base_hard"", ""pct"": 0.0045662100456621, ""reason"": ""trend_min_avg_dollar_volume_20d""}, {""count"": 2, ""layer"": ""quality_or_theme_hard"", ""pct"": 0.0030441400304414, ""reason"": ""min_current_ratio""}, {""count"": 2, ""layer"": ""quality_or_theme_hard"", ""pct"": 0.0030441400304414, ""reason"": ""min_ai_link_score""}, {""count"": 1, ""layer"": ""quality_or_theme_hard"", ""pct"": 0.0015220700152207, ""reason"": ""min_net_income_yoy""}, {""count"": 1, ""layer"": ""valuation_hard"", ""pct"": 0.0015220700152207, ""reason"": ""max_pe_percentile_in_sic""}], ""top_count"": 3, ""top_pct"": 0.0045662100456621, ""top_reason"": ""trend_min_avg_dollar_volume_20d""}}, ""ai_peripheral"": {""first_fail"": {""top_count"": 188, ""top_pct"": 0.2861, ""top_reason"": ""min_dollar_volume""}, ""layer_summary"": {""base_hard"": {""before"": 657, ""pass_rate"": 0.2374429223744292, ""remaining"": 156, ""removed"": 386}, ""quality_or_theme_hard"": {""before"": 460, ""pass_rate"": 0.3391304347826087, ""remaining"": 156, ""removed"": 115}}, ""n_filtered"": 156, ""n_input"": 657, ""n_ranked"": 70, ""near_miss"": {""reasons"": [{""count"": 5, ""layer"": ""base_hard"", ""pct"": 0.0076103500761035, ""reason"": ""channel_bucket_match""}, {""count"": 2, ""layer"": ""quality_or_theme_hard"", ""pct"": 0.0030441400304414, ""reason"": ""min_ai_link_score""}, {""count"": 1, ""layer"": ""valuation_hard"", ""pct"": 0.0015220700152207, ""reason"": ""trend_min_return_60d""}, {""count"": 1, ""layer"": ""base_hard"", ""pct"": 0.0015220700152207, ""reason"": ""trend_min_avg_dollar_volume_20d""}, {""count"": 1, ""layer"": ""quality_or_theme_hard"", ""pct"": 0.0015220700152207, ""reason"": ""min_current_ratio""}], ""top_count"": 5, ""top_pct"": 0.0076103500761035, ""top_reason"": ""channel_bucket_match""}}, ""core_ai"": {""first_fail"": {""top_count"": 188, ""top_pct"": 0.2861, ""top_reason"": ""min_dollar_volume""}, ""layer_summary"": {""base_hard"": {""before"": 657, ""pass_rate"": 0.1735159817351598, ""remaining"": 114, ""removed"": 428}, ""quality_or_theme_hard"": {""before"": 460, ""pass_rate"": 0.24782608695652175, ""remaining"": 114, ""removed"": 115}}, ""n_filtered"": 114, ""n_input"": 657, ""n_ranked"": 28, ""near_miss"": {""reasons"": [{""count"": 1, ""layer"": ""quality_or_theme_hard"", ""pct"": 0.0015220700152207, ""reason"": ""min_net_income_yoy""}, {""count"": 1, ""layer"": ""quality_or_theme_hard"", ""pct"": 0.0015220700152207, ""reason"": ""max_ev_to_ebit""}, {""count"": 1, ""layer"": ""valuation_hard"", ""pct"": 0.0015220700152207, ""reason"": ""max_pe_percentile_in_sic""}, {""count"": 1, ""layer"": ""base_hard"", ""pct"": 0.0015220700152207, ""reason"": ""trend_min_avg_dollar_volume_20d""}, {""count"": 1, ""layer"": ""quality_or_theme_hard"", ""pct"": 0.0015220700152207, ""reason"": ""min_interest_coverage""}], ""top_count"": 1, ""top_pct"": 0.0015220700152207, ""top_reason"": ""min_net_income_yoy""}}}",,union_superset_approx
base,replay_base_2025-06-30,2025-06-30T00:00:00+00:00,2025-06-30,momentum,"['ORCL', 'KLAC', 'LRCX', 'AMD', 'ANET', 'META', 'MU', 'CSCO', 'MSFT', 'AMZN', 'PWR', 'NFLX', 'AMAT', 'FCX', 'ETN', 'UBER', 'CAT', 'EME', 'HWM', 'BWXT', 'VRT', 'RTX']",22,0.1585314626564731,up,"{""ai_enabler"": 10, ""ai_peripheral"": 10, ""core_ai"": 10}","{""ai_enabler"": [""KLAC"", ""ORCL"", ""LRCX"", ""ANET"", ""AMD"", ""PWR"", ""NFLX"", ""META"", ""AMZN"", ""AMAT""], ""ai_peripheral"": [""FCX"", ""ETN"", ""PWR"", ""UBER"", ""CAT"", ""EME"", ""HWM"", ""BWXT"", ""VRT"", ""RTX""], ""core_ai"": [""ORCL"", ""KLAC"", ""LRCX"", ""AMD"", ""ANET"", ""META"", ""MU"", ""CSCO"", ""MSFT"", ""AMZN""]}","{""ai_enabler"": {""first_fail"": {""top_count"": 188, ""top_pct"": 0.2861, ""top_reason"": ""min_dollar_volume""}, ""layer_summary"": {""base_hard"": {""before"": 657, ""pass_rate"": 0.5251141552511416, ""remaining"": 345, ""removed"": 197}, ""quality_or_theme_hard"": {""before"": 460, ""pass_rate"": 0.75, ""remaining"": 345, ""removed"": 115}}, ""n_filtered"": 345, ""n_input"": 657, ""n_ranked"": 89, ""near_miss"": {""reasons"": [{""count"": 1, ""layer"": ""valuation_hard"", ""pct"": 0.0015220700152207, ""reason"": ""momentum_min_return_20d""}, {""count"": 1, ""layer"": ""valuation_hard"", ""pct"": 0.0015220700152207, ""reason"": ""momentum_min_price_to_sma200""}, {""count"": 1, ""layer"": ""base_hard"", ""pct"": 0.0015220700152207, ""reason"": ""momentum_min_avg_dollar_volume_20d""}, {""count"": 1, ""layer"": ""quality_or_theme_hard"", ""pct"": 0.0015220700152207, ""reason"": ""min_interest_coverage""}, {""count"": 1, ""layer"": ""valuation_hard"", ""pct"": 0.0015220700152207, ""reason"": ""max_ps_hist_percentile""}], ""top_count"": 1, ""top_pct"": 0.0015220700152207, ""top_reason"": ""momentum_min_return_20d""}}, ""ai_peripheral"": {""first_fail"": {""top_count"": 188, ""top_pct"": 0.2861, ""top_reason"": ""min_dollar_volume""}, ""layer_summary"": {""base_hard"": {""before"": 657, ""pass_rate"": 0.2374429223744292, ""remaining"": 156, ""removed"": 386}, ""quality_or_theme_hard"": {""before"": 460, ""pass_rate"": 0.3391304347826087, ""remaining"": 156, ""removed"": 115}}, ""n_filtered"": 156, ""n_input"": 657, ""n_ranked"": 70, ""near_miss"": {""reasons"": [{""count"": 2, ""layer"": ""base_hard"", ""pct"": 0.0030441400304414, ""reason"": ""channel_bucket_match""}, {""count"": 1, ""layer"": ""valuation_hard"", ""pct"": 0.0015220700152207, ""reason"": ""momentum_min_price_to_sma200""}], ""top_count"": 2, ""top_pct"": 0.0030441400304414, ""top_reason"": ""channel_bucket_match""}}, ""core_ai"": {""first_fail"": {""top_count"": 188, ""top_pct"": 0.2861, ""top_reason"": ""min_dollar_volume""}, ""layer_summary"": {""base_hard"": {""before"": 657, ""pass_rate"": 0.1735159817351598, ""remaining"": 114, ""removed"": 428}, ""quality_or_theme_hard"": {""before"": 460, ""pass_rate"": 0.24782608695652175, ""remaining"": 114, ""removed"": 115}}, ""n_filtered"": 114, ""n_input"": 657, ""n_ranked"": 28, ""near_miss"": {""reasons"": [{""count"": 1, ""layer"": ""valuation_hard"", ""pct"": 0.0015220700152207, ""reason"": ""momentum_min_return_20d""}, {""count"": 1, ""layer"": ""quality_or_theme_hard"", ""pct"": 0.0015220700152207, ""reason"": ""min_interest_coverage""}, {""count"": 1, ""layer"": ""valuation_hard"", ""pct"": 0.0015220700152207, ""reason"": ""max_ps_hist_percentile""}], ""top_count"": 1, ""top_pct"": 0.0015220700152207, ""top_reason"": ""momentum_min_return_20d""}}}",,union_superset_approx
base,replay_base_2025-06-30,2025-06-30T00:00:00+00:00,2025-06-30,research_pool,"['BAH', 'EME', 'JCI', 'OKLO', 'ATEN', 'NOC', 'HWM', 'PWR', 'RTX', 'ETN', 'FCX', 'EEFT', 'IESC', 'MATX', 'KIM', 'SKY', 'BKR', 'IP', 'KBH', 'MHO', 'LDOS', 'KLAC', 'QCOM', 'NFLX', 'PYPL', 'DIS', 'LHX', 'CAT', 'CSCO', 'GOOG']",30,0.1585314626564731,up,"{""ai_enabler"": 10, ""ai_peripheral"": 10, ""core_ai"": 10}","{""ai_enabler"": [""BAH"", ""EME"", ""JCI"", ""OKLO"", ""ATEN"", ""NOC"", ""HWM"", ""PWR"", ""RTX"", ""ETN""], ""ai_peripheral"": [""FCX"", ""EEFT"", ""IESC"", ""MATX"", ""KIM"", ""SKY"", ""BKR"", ""IP"", ""KBH"", ""MHO""], ""core_ai"": [""LDOS"", ""KLAC"", ""QCOM"", ""NFLX"", ""PYPL"", ""DIS"", ""LHX"", ""CAT"", ""CSCO"", ""GOOG""]}","{""ai_enabler"": {""n_filtered"": 64, ""n_input"": 657, ""n_ranked"": 64, ""priority_counts"": {""left_side_watch"": 1, ""research_now"": 6, ""theme_only"": 47, ""watch_for_pullback"": 10}}, ""ai_peripheral"": {""n_filtered"": 40, ""n_input"": 657, ""n_ranked"": 40, ""priority_counts"": {""left_side_watch"": 1, ""research_now"": 1, ""theme_only"": 38}}, ""core_ai"": {""n_filtered"": 44, ""n_input"": 657, ""n_ranked"": 44, ""priority_counts"": {""research_now"": 9, ""theme_only"": 16, ""watch_for_pullback"": 19}}}",,union_superset_approx
base,replay_base_2025-07-31,2025-07-31T00:00:00+00:00,2025-07-31,low_value,"['CRM', 'GOOGL', 'PYPL', 'QCOM', 'AMAT', 'TER', 'FTNT', 'ARM', 'FCX', 'BAH', 'GD', 'NSC', 'AMZN', 'CMI', 'CSX', 'PH', 'ETN', 'TT']",18,0.16267105669307536,up,"{""ai_enabler"": 10, ""ai_peripheral"": 10, ""core_ai"": 8}","{""ai_enabler"": [""PYPL"", ""CRM"", ""GOOGL"", ""FCX"", ""QCOM"", ""AMAT"", ""BAH"", ""GD"", ""NSC"", ""AMZN""], ""ai_peripheral"": [""PYPL"", ""FCX"", ""BAH"", ""CMI"", ""GD"", ""NSC"", ""CSX"", ""PH"", ""ETN"", ""TT""], ""core_ai"": [""CRM"", ""GOOGL"", ""PYPL"", ""QCOM"", ""AMAT"", ""TER"", ""FTNT"", ""ARM""]}","{""ai_enabler"": {""first_fail"": {""top_count"": 172, ""top_pct"": 0.2606, ""top_reason"": ""min_dollar_volume""}, ""layer_summary"": {""base_hard"": {""before"": 660, ""pass_rate"": 0.3560606060606061, ""remaining"": 235, ""removed"": 183}, ""quality_or_theme_hard"": {""before"": 321, ""pass_rate"": 0.7320872274143302, ""remaining"": 235, ""removed"": 86}, ""valuation_hard"": {""before"": 477, ""pass_rate"": 0.6729559748427673, ""remaining"": 321, ""removed"": 156}}, ""n_filtered"": 235, ""n_input"": 660, ""n_ranked"": 17, ""near_miss"": {""reasons"": [{""count"": 2, ""layer"": ""valuation_hard"", ""pct"": 0.0030303030303030303, ""reason"": ""min_return_20d""}, {""count"": 2, ""layer"": ""base_hard"", ""pct"": 0.0030303030303030303, ""reason"": ""min_avg_dollar_volume_20d""}, {""count"": 1, ""layer"": ""quality_or_theme_hard"", ""pct"": 0.0015151515151515152, ""reason"": ""min_current_ratio""}, {""count"": 1, ""layer"": ""quality_or_theme_hard"", ""pct"": 0.0015151515151515152, ""reason"": ""min_ai_link_score""}, {""count"": 1, ""layer"": ""valuation_hard"", ""pct"": 0.0015151515151515152, ""reason"": ""max_pe_percentile_in_sic""}], ""top_count"": 2, ""top_pct"": 0.0030303030303030303, ""top_reason"": ""min_return_20d""}}, ""ai_peripheral"": {""first_fail"": {""top_count"": 172, ""top_pct"": 0.2606, ""top_reason"": ""min_dollar_volume""}, ""layer_summary"": {""base_hard"": {""before"": 660, ""pass_rate"": 0.19545454545454546, ""remaining"": 129, ""removed"": 306}, ""quality_or_theme_hard"": {""before"": 343, ""pass_rate"": 0.7346938775510204, ""remaining"": 252, ""removed"": 91}, ""valuation_hard"": {""before"": 477, ""pass_rate"": 0.7190775681341719, ""remaining"": 343, ""removed"": 134}}, ""n_filtered"": 129, ""n_input"": 660, ""n_ranked"": 10, ""near_miss"": {""reasons"": [{""count"": 7, ""layer"": ""base_hard"", ""pct"": 0.010606060606060607, ""reason"": ""channel_bucket_match""}, {""count"": 3, ""layer"": ""quality_or_theme_hard"", ""pct"": 0.004545454545454545, ""reason"": ""min_ai_link_score""}, {""count"": 2, ""layer"": ""valuation_hard"", ""pct"": 0.0030303030303030303, ""reason"": ""min_return_20d""}, {""count"": 2, ""layer"": ""base_hard"", ""pct"": 0.0030303030303030303, ""reason"": ""min_avg_dollar_volume_20d""}, {""count"": 2, ""layer"": ""quality_or_theme_hard"", ""pct"": 0.0030303030303030303, ""reason"": ""min_current_ratio""}], ""top_count"": 7, ""top_pct"": 0.010606060606060607, ""top_reason"": ""channel_bucket_match""}}, ""core_ai"": {""first_fail"": {""top_count"": 172, ""top_pct"": 0.2606, ""top_reason"": ""min_dollar_volume""}, ""layer_summary"": {""base_hard"": {""before"": 660, ""pass_rate"": 0.08484848484848485, ""remaining"": 56, ""removed"": 335}, ""quality_or_theme_hard"": {""before"": 290, ""pass_rate"": 0.7172413793103448, ""remaining"": 208, ""removed"": 82}, ""valuation_hard"": {""before"": 477, ""pass_rate"": 0.6079664570230608, ""remaining"": 290, ""removed"": 187}}, ""n_filtered"": 56, ""n_input"": 660, ""n_ranked"": 8, ""near_miss"": {""reasons"": [{""count"": 1, ""layer"": ""quality_or_theme_hard"", ""pct"": 0.0015151515151515152, ""reason"": ""min_ai_link_score""}, {""count"": 1, ""layer"": ""valuation_hard"", ""pct"": 0.0015151515151515152, ""reason"": ""max_pe_percentile_in_sic""}], ""top_count"": 1, ""top_pct"": 0.0015151515151515152, ""top_reason"": ""min_ai_link_score""}}}",,union_superset_approx
base,replay_base_2025-07-31,2025-07-31T00:00:00+00:00,2025-07-31,industry_trend,"['GOOGL', 'ANET', 'AMZN', 'MSFT', 'GOOG', 'GEV', 'AMD', 'KLAC', 'NVDA', 'CSCO', 'PWR', 'CAT', 'ETN', 'RTX', 'EME', 'GE', 'VRT', 'CSX', 'HWM']",19,0.16267105669307536,up,"{""ai_enabler"": 10, ""ai_peripheral"": 10, ""core_ai"": 10}","{""ai_enabler"": [""ANET"", ""GOOGL"", ""AMZN"", ""GOOG"", ""PWR"", ""GEV"", ""MSFT"", ""CAT"", ""ETN"", ""KLAC""], ""ai_peripheral"": [""GEV"", ""PWR"", ""ETN"", ""CAT"", ""RTX"", ""EME"", ""GE"", ""VRT"", ""CSX"", ""HWM""], ""core_ai"": [""GOOGL"", ""ANET"", ""AMZN"", ""MSFT"", ""GOOG"", ""GEV"", ""AMD"", ""KLAC"", ""NVDA"", ""CSCO""]}","{""ai_enabler"": {""first_fail"": {""top_count"": 172, ""top_pct"": 0.2606, ""top_reason"": ""min_dollar_volume""}, ""layer_summary"": {""base_hard"": {""before"": 660, ""pass_rate"": 0.5454545454545454, ""remaining"": 360, ""removed"": 183}, ""quality_or_theme_hard"": {""before"": 477, ""pass_rate"": 0.7547169811320755, ""remaining"": 360, ""removed"": 117}}, ""n_filtered"": 360, ""n_input"": 660, ""n_ranked"": 91, ""near_miss"": {""reasons"": [{""count"": 3, ""layer"": ""quality_or_theme_hard"", ""pct"": 0.004545454545454545, ""reason"": ""min_ai_link_score""}, {""count"": 2, ""layer"": ""base_hard"", ""pct"": 0.0030303030303030303, ""reason"": ""trend_min_avg_dollar_volume_20d""}, {""count"": 2, ""layer"": ""quality_or_theme_hard"", ""pct"": 0.0030303030303030303, ""reason"": ""min_current_ratio""}, {""count"": 2, ""layer"": ""valuation_hard"", ""pct"": 0.0030303030303030303, ""reason"": ""max_ps_hist_percentile""}, {""count"": 1, ""layer"": ""valuation_hard"", ""pct"": 0.0015151515151515152, ""reason"": ""max_pe_percentile_in_sic""}], ""top_count"": 3, ""top_pct"": 0.004545454545454545, ""top_reason"": ""min_ai_link_score""}}, ""ai_peripheral"": {""first_fail"": {""top_count"": 172, ""top_pct"": 0.2606, ""top_reason"": ""min_dollar_volume""}, ""layer_summary"": {""base_hard"": {""before"": 660, ""pass_rate"": 0.2545454545454545, ""remaining"": 168, ""removed"": 375}, ""quality_or_theme_hard"": {""before"": 477, ""pass_rate"": 0.3522012578616352, ""remaining"": 168, ""removed"": 117}}, ""n_filtered"": 168, ""n_input"": 660, ""n_ranked"": 75, ""near_miss"": {""reasons"": [{""count"": 7, ""layer"": ""base_hard"", ""pct"": 0.010606060606060607, ""reason"": ""channel_bucket_match""}, {""count"": 4, ""layer"": ""valuation_hard"", ""pct"": 0.006060606060606061, ""reason"": ""max_ps_hist_percentile""}, {""count"": 3, ""layer"": ""quality_or_theme_hard"", ""pct"": 0.004545454545454545, ""reason"": ""min_ai_link_score""}, {""count"": 2, ""layer"": ""valuation_hard"", ""pct"": 0.0030303030303030303, ""reason"": ""trend_min_return_60d""}, {""count"": 2, ""layer"": ""quality_or_theme_hard"", ""pct"": 0.0030303030303030303, ""reason"": ""min_current_ratio""}], ""top_count"": 7, ""top_pct"": 0.010606060606060607, ""top_reason"": ""channel_bucket_match""}}, ""core_ai"": {""first_fail"": {""top_count"": 172, ""top_pct"": 0.2606, ""top_reason"": ""min_dollar_volume""}, ""layer_summary"": {""base_hard"": {""before"": 660, ""pass_rate"": 0.17424242424242425, ""remaining"": 115, ""removed"": 428}, ""quality_or_theme_hard"": {""before"": 477, ""pass_rate"": 0.24109014675052412, ""remaining"": 115, ""removed"": 117}}, ""n_filtered"": 115, ""n_input"": 660, ""n_ranked"": 28, ""near_miss"": {""reasons"": [{""count"": 3, ""layer"": ""quality_or_theme_hard"", ""pct"": 0.004545454545454545, ""reason"": ""min_ai_link_score""}, {""count"": 2, ""layer"": ""valuation_hard"", ""pct"": 0.0030303030303030303, ""reason"": ""trend_min_return_60d""}, {""count"": 1, ""layer"": ""valuation_hard"", ""pct"": 0.0015151515151515152, ""reason"": ""max_ps_percentile_in_sic""}, {""count"": 1, ""layer"": ""valuation_hard"", ""pct"": 0.0015151515151515152, ""reason"": ""max_pe_percentile_in_sic""}, {""count"": 1, ""layer"": ""quality_or_theme_hard"", ""pct"": 0.0015151515151515152, ""reason"": ""min_interest_coverage""}], ""top_count"": 3, ""top_pct"": 0.004545454545454545, ""top_reason"": ""min_ai_link_score""}}}",,union_superset_approx
base,replay_base_2025-07-31,2025-07-31T00:00:00+00:00,2025-07-31,momentum,"['ANET', 'GOOGL', 'MSFT', 'GEV', 'GOOG', 'AMZN', 'AMD', 'NVDA', 'CAT', 'CSCO', 'PWR', 'EME', 'ETN', 'RTX', 'GE', 'VRT', 'AEP', 'GD']",18,0.16267105669307536,up,"{""ai_enabler"": 10, ""ai_peripheral"": 10, ""core_ai"": 10}","{""ai_enabler"": [""ANET"", ""GOOGL"", ""GEV"", ""PWR"", ""GOOG"", ""AMZN"", ""MSFT"", ""EME"", ""AMD"", ""CAT""], ""ai_peripheral"": [""GEV"", ""PWR"", ""EME"", ""CAT"", ""ETN"", ""RTX"", ""GE"", ""VRT"", ""AEP"", ""GD""], ""core_ai"": [""ANET"", ""GOOGL"", ""MSFT"", ""GEV"", ""GOOG"", ""AMZN"", ""AMD"", ""NVDA"", ""CAT"", ""CSCO""]}","{""ai_enabler"": {""first_fail"": {""top_count"": 172, ""top_pct"": 0.2606, ""top_reason"": ""min_dollar_volume""}, ""layer_summary"": {""base_hard"": {""before"": 660, ""pass_rate"": 0.5454545454545454, ""remaining"": 360, ""removed"": 183}, ""quality_or_theme_hard"": {""before"": 477, ""pass_rate"": 0.7547169811320755, ""remaining"": 360, ""removed"": 117}}, ""n_filtered"": 360, ""n_input"": 660, ""n_ranked"": 91, ""near_miss"": {""reasons"": [{""count"": 2, ""layer"": ""valuation_hard"", ""pct"": 0.0030303030303030303, ""reason"": ""max_ps_hist_percentile""}, {""count"": 1, ""layer"": ""valuation_hard"", ""pct"": 0.0015151515151515152, ""reason"": ""momentum_min_return_20d""}, {""count"": 1, ""layer"": ""base_hard"", ""pct"": 0.0015151515151515152, ""reason"": ""momentum_min_avg_dollar_volume_20d""}, {""count"": 1, ""layer"": ""quality_or_theme_hard"", ""pct"": 0.0015151515151515152, ""reason"": ""min_ai_link_score""}], ""top_count"": 2, ""top_pct"": 0.0030303030303030303, ""top_reason"": ""max_ps_hist_percentile""}}, ""ai_peripheral"": {""first_fail"": {""top_count"": 172, ""top_pct"": 0.2606, ""top_reason"": ""min_dollar_volume""}, ""layer_summary"": {""base_hard"": {""before"": 660, ""pass_rate"": 0.2545454545454545, ""remaining"": 168, ""removed"": 375}, ""quality_or_theme_hard"": {""before"": 477, ""pass_rate"": 0.3522012578616352, ""remaining"": 168, ""removed"": 117}}, ""n_filtered"": 168, ""n_input"": 660, ""n_ranked"": 75, ""near_miss"": {""reasons"": [{""count"": 3, ""layer"": ""valuation_hard"", ""pct"": 0.004545454545454545, ""reason"": ""max_ps_hist_percentile""}, {""count"": 2, ""layer"": ""base_hard"", ""pct"": 0.0030303030303030303, ""reason"": ""channel_bucket_match""}], ""top_count"": 3, ""top_pct"": 0.004545454545454545, ""top_reason"": ""max_ps_hist_percentile""}}, ""core_ai"": {""first_fail"": {""top_count"": 172, ""top_pct"": 0.2606, ""top_reason"": ""min_dollar_volume""}, ""layer_summary"": {""base_hard"": {""before"": 660, ""pass_rate"": 0.17424242424242425, ""remaining"": 115, ""removed"": 428}, ""quality_or_theme_hard"": {""before"": 477, ""pass_rate"": 0.24109014675052412, ""remaining"": 115, ""removed"": 117}}, ""n_filtered"": 115, ""n_input"": 660, ""n_ranked"": 28, ""near_miss"": {""reasons"": [{""count"": 1, ""layer"": ""valuation_hard"", ""pct"": 0.0015151515151515152, ""reason"": ""momentum_min_return_20d""}, {""count"": 1, ""layer"": ""quality_or_theme_hard"", ""pct"": 0.0015151515151515152, ""reason"": ""min_ai_link_score""}], ""top_count"": 1, ""top_pct"": 0.0015151515151515152, ""top_reason"": ""momentum_min_return_20d""}}}",,union_superset_approx
base,replay_base_2025-07-31,2025-07-31T00:00:00+00:00,2025-07-31,research_pool,"['BAH', 'EME', 'JCI', 'NSC', 'ATEN', 'CMI', 'RTX', 'QLYS', 'GD', 'PWR', 'FCX', 'MATX', 'SKY', 'ESS', 'EEFT', 'IESC', 'EXPD', 'IP', 'KIM', 'LYB', 'QCOM', 'LDOS', 'KLAC', 'PYPL', 'NFLX', 'LHX', 'DIS', 'CSCO', 'CAT', 'GOOG']",30,0.16267105669307536,up,"{""ai_enabler"": 10, ""ai_peripheral"": 10, ""core_ai"": 10}","{""ai_enabler"": [""BAH"", ""EME"", ""JCI"", ""NSC"", ""ATEN"", ""CMI"", ""RTX"", ""QLYS"", ""GD"", ""PWR""], ""ai_peripheral"": [""FCX"", ""MATX"", ""SKY"", ""ESS"", ""EEFT"", ""IESC"", ""EXPD"", ""IP"", ""KIM"", ""LYB""], ""core_ai"": [""QCOM"", ""LDOS"", ""KLAC"", ""PYPL"", ""NFLX"", ""LHX"", ""DIS"", ""CSCO"", ""CAT"", ""GOOG""]}","{""ai_enabler"": {""n_filtered"": 59, ""n_input"": 660, ""n_ranked"": 59, ""priority_counts"": {""left_side_watch"": 2, ""research_now"": 6, ""theme_only"": 43, ""watch_for_pullback"": 8}}, ""ai_peripheral"": {""n_filtered"": 40, ""n_input"": 660, ""n_ranked"": 40, ""priority_counts"": {""left_side_watch"": 4, ""research_now"": 1, ""theme_only"": 35}}, ""core_ai"": {""n_filtered"": 38, ""n_input"": 660, ""n_ranked"": 38, ""priority_counts"": {""left_side_watch"": 1, ""research_now"": 9, ""theme_only"": 11, ""watch_for_pullback"": 17}}}",,union_superset_approx
base,replay_base_2025-08-29,2025-08-29T00:00:00+00:00,2025-08-29,low_value,"['CRM', 'NOW', 'PYPL', 'QCOM', 'NXPI', 'TXN', 'PANW', 'NFLX', 'VRT', 'BAH', 'NSC', 'AMZN', 'ETN', 'ACN', 'CMI', 'JCI', 'PWR', 'NUE']",18,0.07858007413571366,up,"{""ai_enabler"": 10, ""ai_peripheral"": 10, ""core_ai"": 7}","{""ai_enabler"": [""NOW"", ""PYPL"", ""CRM"", ""NFLX"", ""VRT"", ""QCOM"", ""BAH"", ""NSC"", ""AMZN"", ""ETN""], ""ai_peripheral"": [""PYPL"", ""ACN"", ""VRT"", ""BAH"", ""CMI"", ""JCI"", ""NSC"", ""ETN"", ""PWR"", ""NUE""], ""core_ai"": [""CRM"", ""NOW"", ""PYPL"", ""QCOM"", ""NXPI"", ""TXN"", ""PANW""]}","{""ai_enabler"": {""first_fail"": {""top_count"": 219, ""top_pct"": 0.3318, ""top_reason"": ""min_dollar_volume""}, ""layer_summary"": {""base_hard"": {""before"": 660, ""pass_rate"": 0.35454545454545455, ""remaining"": 234, ""removed"": 225}, ""quality_or_theme_hard"": {""before"": 275, ""pass_rate"": 0.850909090909091, ""remaining"": 234, ""removed"": 41}, ""valuation_hard"": {""before"": 435, ""pass_rate"": 0.632183908045977, ""remaining"": 275, ""removed"": 160}}, ""n_filtered"": 234, ""n_input"": 660, ""n_ranked"": 14, ""near_miss"": {""reasons"": [{""count"": 2, ""layer"": ""valuation_hard"", ""pct"": 0.0030303030303030303, ""reason"": ""max_ps_hist_percentile""}, {""count"": 2, ""layer"": ""valuation_hard"", ""pct"": 0.0030303030303030303, ""reason"": ""min_value_discount_any""}, {""count"": 1, ""layer"": ""valuation_hard"", ""pct"": 0.0015151515151515152, ""reason"": ""min_return_20d""}, {""count"": 1, ""layer"": ""valuation_hard"", ""pct"": 0.0015151515151515152, ""reason"": ""min_return_60d""}, {""count"": 1, ""layer"": ""base_hard"", ""pct"": 0.0015151515151515152, ""reason"": ""min_avg_dollar_volume_20d""}], ""top_count"": 2, ""top_pct"": 0.0030303030303030303, ""top_reason"": ""max_ps_hist_percentile""}}, ""ai_peripheral"": {""first_fail"": {""top_count"": 219, ""top_pct"": 0.3318, ""top_reason"": ""min_dollar_volume""}, ""layer_summary"": {""base_hard"": {""before"": 660, ""pass_rate"": 0.2, ""remaining"": 132, ""removed"": 351}, ""quality_or_theme_hard"": {""before"": 303, ""pass_rate"": 0.8514851485148515, ""remaining"": 258, ""removed"": 45}, ""valuation_hard"": {""before"": 435, ""pass_rate"": 0.696551724137931, ""remaining"": 303, ""removed"": 132}}, ""n_filtered"": 132, ""n_input"": 660, ""n_ranked"": 10, ""near_miss"": {""reasons"": [{""count"": 4, ""layer"": ""base_hard"", ""pct"": 0.006060606060606061, ""reason"": ""channel_bucket_match""}, {""count"": 2, ""layer"": ""base_hard"", ""pct"": 0.0030303030303030303, ""reason"": ""min_avg_dollar_volume_20d""}, {""count"": 2, ""layer"": ""valuation_hard"", ""pct"": 0.0030303030303030303, ""reason"": ""max_ps_hist_percentile""}, {""count"": 1, ""layer"": ""valuation_hard"", ""pct"": 0.0015151515151515152, ""reason"": ""min_return_60d""}, {""count"": 1, ""layer"": ""quality_or_theme_hard"", ""pct"": 0.0015151515151515152, ""reason"": ""min_current_ratio""}], ""top_count"": 4, ""top_pct"": 0.006060606060606061, ""top_reason"": ""channel_bucket_match""}}, ""core_ai"": {""first_fail"": {""top_count"": 219, ""top_pct"": 0.3318, ""top_reason"": ""min_dollar_volume""}, ""layer_summary"": {""base_hard"": {""before"": 660, ""pass_rate"": 0.07424242424242425, ""remaining"": 49, ""removed"": 357}, ""quality_or_theme_hard"": {""before"": 220, ""pass_rate"": 0.8227272727272728, ""remaining"": 181, ""removed"": 39}, ""valuation_hard"": {""before"": 435, ""pass_rate"": 0.5057471264367817, ""remaining"": 220, ""removed"": 215}}, ""n_filtered"": 49, ""n_input"": 660, ""n_ranked"": 7, ""near_miss"": {""reasons"": [{""count"": 1, ""layer"": ""valuation_hard"", ""pct"": 0.0015151515151515152, ""reason"": ""min_return_20d""}, {""count"": 1, ""layer"": ""base_hard"", ""pct"": 0.0015151515151515152, ""reason"": ""min_avg_dollar_volume_20d""}, {""count"": 1, ""layer"": ""valuation_hard"", ""pct"": 0.0015151515151515152, ""reason"": ""max_pe_percentile_in_sic""}], ""top_count"": 1, ""top_pct"": 0.0015151515151515152, ""top_reason"": ""min_return_20d""}}}",,union_superset_approx
base,replay_base_2025-08-29,2025-08-29T00:00:00+00:00,2025-08-29,industry_trend,"['GOOGL', 'AMZN', 'GOOG', 'ANET', 'CRM', 'NFLX', 'CSCO', 'LRCX', 'KLAC', 'NVDA', 'CRH', 'AAPL', 'PH', 'UBER', 'FCX', 'UNP', 'GE', 'RTX', 'NSC', 'BA', 'ETN']",21,0.07858007413571366,up,"{""ai_enabler"": 10, ""ai_peripheral"": 10, ""core_ai"": 10}","{""ai_enabler"": [""GOOGL"", ""GOOG"", ""ANET"", ""AMZN"", ""NFLX"", ""LRCX"", ""CRH"", ""CRM"", ""AAPL"", ""PH""], ""ai_peripheral"": [""CRH"", ""PH"", ""UBER"", ""FCX"", ""UNP"", ""GE"", ""RTX"", ""NSC"", ""BA"", ""ETN""], ""core_ai"": [""GOOGL"", ""AMZN"", ""GOOG"", ""ANET"", ""CRM"", ""NFLX"", ""CSCO"", ""LRCX"", ""KLAC"", ""NVDA""]}","{""ai_enabler"": {""first_fail"": {""top_count"": 219, ""top_pct"": 0.3318, ""top_reason"": ""min_dollar_volume""}, ""layer_summary"": {""base_hard"": {""before"": 660, ""pass_rate"": 0.5515151515151515, ""remaining"": 364, ""removed"": 225}, ""quality_or_theme_hard"": {""before"": 435, ""pass_rate"": 0.8367816091954023, ""remaining"": 364, ""removed"": 71}}, ""n_filtered"": 364, ""n_input"": 660, ""n_ranked"": 92, ""near_miss"": {""reasons"": [{""count"": 5, ""layer"": ""valuation_hard"", ""pct"": 0.007575757575757576, ""reason"": ""max_ps_hist_percentile""}, {""count"": 2, ""layer"": ""valuation_hard"", ""pct"": 0.0030303030303030303, ""reason"": ""trend_min_return_60d""}, {""count"": 2, ""layer"": ""base_hard"", ""pct"": 0.0030303030303030303, ""reason"": ""trend_min_avg_dollar_volume_20d""}, {""count"": 2, ""layer"": ""quality_or_theme_hard"", ""pct"": 0.0030303030303030303, ""reason"": ""min_ai_link_score""}, {""count"": 1, ""layer"": ""valuation_hard"", ""pct"": 0.0015151515151515152, ""reason"": ""max_pe_percentile_in_sic""}], ""top_count"": 5, ""top_pct"": 0.007575757575757576, ""top_reason"": ""max_ps_hist_percentile""}}, ""ai_peripheral"": {""first_fail"": {""top_count"": 219, ""top_pct"": 0.3318, ""top_reason"": ""min_dollar_volume""}, ""layer_summary"": {""base_hard"": {""before"": 660, ""pass_rate"": 0.24848484848484848, ""remaining"": 164, ""removed"": 425}, ""quality_or_theme_hard"": {""before"": 435, ""pass_rate"": 0.37701149425287356, ""remaining"": 164, ""removed"": 71}}, ""n_filtered"": 164, ""n_input"": 660, ""n_ranked"": 75, ""near_miss"": {""reasons"": [{""count"": 5, ""layer"": ""base_hard"", ""pct"": 0.007575757575757576, ""reason"": ""channel_bucket_match""}, {""count"": 4, ""layer"": ""valuation_hard"", ""pct"": 0.006060606060606061, ""reason"": ""max_ps_hist_percentile""}, {""count"": 3, ""layer"": ""base_hard"", ""pct"": 0.004545454545454545, ""reason"": ""trend_min_avg_dollar_volume_20d""}, {""count"": 2, ""layer"": ""valuation_hard"", ""pct"": 0.0030303030303030303, ""reason"": ""trend_min_return_60d""}, {""count"": 2, ""layer"": ""quality_or_theme_hard"", ""pct"": 0.0030303030303030303, ""reason"": ""min_ai_link_score""}], ""top_count"": 5, ""top_pct"": 0.007575757575757576, ""top_reason"": ""channel_bucket_match""}}, ""core_ai"": {""first_fail"": {""top_count"": 219, ""top_pct"": 0.3318, ""top_reason"": ""min_dollar_volume""}, ""layer_summary"": {""base_hard"": {""before"": 660, ""pass_rate"": 0.17727272727272728, ""remaining"": 117, ""removed"": 472}, ""quality_or_theme_hard"": {""before"": 435, ""pass_rate"": 0.2689655172413793, ""remaining"": 117, ""removed"": 71}}, ""n_filtered"": 117, ""n_input"": 660, ""n_ranked"": 28, ""near_miss"": {""reasons"": [{""count"": 3, ""layer"": ""valuation_hard"", ""pct"": 0.004545454545454545, ""reason"": ""trend_min_return_60d""}, {""count"": 2, ""layer"": ""valuation_hard"", ""pct"": 0.0030303030303030303, ""reason"": ""max_ps_hist_percentile""}, {""count"": 2, ""layer"": ""quality_or_theme_hard"", ""pct"": 0.0030303030303030303, ""reason"": ""min_ai_link_score""}, {""count"": 1, ""layer"": ""valuation_hard"", ""pct"": 0.0015151515151515152, ""reason"": ""max_pe_percentile_in_sic""}, {""count"": 1, ""layer"": ""quality_or_theme_hard"", ""pct"": 0.0015151515151515152, ""reason"": ""min_interest_coverage""}], ""top_count"": 3, ""top_pct"": 0.004545454545454545, ""top_reason"": ""trend_min_return_60d""}}}",,union_superset_approx
base,replay_base_2025-08-29,2025-08-29T00:00:00+00:00,2025-08-29,momentum,"['GOOGL', 'ANET', 'GOOG', 'AMZN', 'ZM', 'LRCX', 'CSCO', 'TXN', 'NFLX', 'MU', 'CRH', 'FCX', 'AAPL', 'UBER', 'PH', 'GD', 'UNP', 'BWXT', 'CMI', 'NEM', 'VMC']",21,0.07858007413571366,up,"{""ai_enabler"": 10, ""ai_peripheral"": 10, ""core_ai"": 10}","{""ai_enabler"": [""GOOGL"", ""ANET"", ""GOOG"", ""CRH"", ""ZM"", ""AMZN"", ""FCX"", ""LRCX"", ""TXN"", ""AAPL""], ""ai_peripheral"": [""CRH"", ""FCX"", ""UBER"", ""PH"", ""GD"", ""UNP"", ""BWXT"", ""CMI"", ""NEM"", ""VMC""], ""core_ai"": [""GOOGL"", ""ANET"", ""GOOG"", ""AMZN"", ""ZM"", ""LRCX"", ""CSCO"", ""TXN"", ""NFLX"", ""MU""]}","{""ai_enabler"": {""first_fail"": {""top_count"": 219, ""top_pct"": 0.3318, ""top_reason"": ""min_dollar_volume""}, ""layer_summary"": {""base_hard"": {""before"": 660, ""pass_rate"": 0.5515151515151515, ""remaining"": 364, ""removed"": 225}, ""quality_or_theme_hard"": {""before"": 435, ""pass_rate"": 0.8367816091954023, ""remaining"": 364, ""removed"": 71}}, ""n_filtered"": 364, ""n_input"": 660, ""n_ranked"": 92, ""near_miss"": {""reasons"": [{""count"": 3, ""layer"": ""valuation_hard"", ""pct"": 0.004545454545454545, ""reason"": ""max_ps_hist_percentile""}, {""count"": 1, ""layer"": ""valuation_hard"", ""pct"": 0.0015151515151515152, ""reason"": ""max_pe_percentile_in_sic""}, {""count"": 1, ""layer"": ""valuation_hard"", ""pct"": 0.0015151515151515152, ""reason"": ""momentum_min_return_60d""}, {""count"": 1, ""layer"": ""base_hard"", ""pct"": 0.0015151515151515152, ""reason"": ""momentum_min_avg_dollar_volume_20d""}, {""count"": 1, ""layer"": ""quality_or_theme_hard"", ""pct"": 0.0015151515151515152, ""reason"": ""min_ai_link_score""}], ""top_count"": 3, ""top_pct"": 0.004545454545454545, ""top_reason"": ""max_ps_hist_percentile""}}, ""ai_peripheral"": {""first_fail"": {""top_count"": 219, ""top_pct"": 0.3318, ""top_reason"": ""min_dollar_volume""}, ""layer_summary"": {""base_hard"": {""before"": 660, ""pass_rate"": 0.24848484848484848, ""remaining"": 164, ""removed"": 425}, ""quality_or_theme_hard"": {""before"": 435, ""pass_rate"": 0.37701149425287356, ""remaining"": 164, ""removed"": 71}}, ""n_filtered"": 164, ""n_input"": 660, ""n_ranked"": 75, ""near_miss"": {""reasons"": [{""count"": 2, ""layer"": ""valuation_hard"", ""pct"": 0.0030303030303030303, ""reason"": ""max_ps_hist_percentile""}], ""top_count"": 2, ""top_pct"": 0.0030303030303030303, ""top_reason"": ""max_ps_hist_percentile""}}, ""core_ai"": {""first_fail"": {""top_count"": 219, ""top_pct"": 0.3318, ""top_reason"": ""min_dollar_volume""}, ""layer_summary"": {""base_hard"": {""before"": 660, ""pass_rate"": 0.17727272727272728, ""remaining"": 117, ""removed"": 472}, ""quality_or_theme_hard"": {""before"": 435, ""pass_rate"": 0.2689655172413793, ""remaining"": 117, ""removed"": 71}}, ""n_filtered"": 117, ""n_input"": 660, ""n_ranked"": 28, ""near_miss"": {""reasons"": [{""count"": 2, ""layer"": ""valuation_hard"", ""pct"": 0.0030303030303030303, ""reason"": ""max_ps_hist_percentile""}, {""count"": 1, ""layer"": ""valuation_hard"", ""pct"": 0.0015151515151515152, ""reason"": ""max_pe_percentile_in_sic""}], ""top_count"": 2, ""top_pct"": 0.0030303030303030303, ""top_reason"": ""max_ps_hist_percentile""}}}",,union_superset_approx
base,replay_base_2025-08-29,2025-08-29T00:00:00+00:00,2025-08-29,research_pool,"['BAH', 'ACN', 'JCI', 'ATEN', 'EME', 'CMI', 'NSC', 'NNE', 'NUE', 'SMR', 'CF', 'IESC', 'MATX', 'SKY', 'ESS', 'EXPD', 'HEI', 'EEFT', 'NEM', 'KIM', 'ZM', 'QCOM', 'NOW', 'LDOS', 'KLAC', 'PYPL', 'NFLX', 'DIS', 'LHX', 'GOOG']",30,0.07858007413571366,up,"{""ai_enabler"": 10, ""ai_peripheral"": 10, ""core_ai"": 10}","{""ai_enabler"": [""BAH"", ""ACN"", ""JCI"", ""ATEN"", ""EME"", ""CMI"", ""NSC"", ""NNE"", ""NUE"", ""SMR""], ""ai_peripheral"": [""CF"", ""IESC"", ""MATX"", ""SKY"", ""ESS"", ""EXPD"", ""HEI"", ""EEFT"", ""NEM"", ""KIM""], ""core_ai"": [""ZM"", ""QCOM"", ""NOW"", ""LDOS"", ""KLAC"", ""PYPL"", ""NFLX"", ""DIS"", ""LHX"", ""GOOG""]}","{""ai_enabler"": {""n_filtered"": 66, ""n_input"": 660, ""n_ranked"": 66, ""priority_counts"": {""research_now"": 9, ""theme_only"": 46, ""watch_for_pullback"": 11}}, ""ai_peripheral"": {""n_filtered"": 42, ""n_input"": 660, ""n_ranked"": 42, ""priority_counts"": {""left_side_watch"": 1, ""theme_only"": 41}}, ""core_ai"": {""n_filtered"": 36, ""n_input"": 660, ""n_ranked"": 36, ""priority_counts"": {""left_side_watch"": 1, ""research_now"": 9, ""theme_only"": 12, ""watch_for_pullback"": 14}}}",,union_superset_approx
base,replay_base_2025-09-30,2025-09-30T00:00:00+00:00,2025-09-30,low_value,"['NOW', 'PYPL', 'NFLX', 'ZM', 'QCOM', 'AMZN', 'DIS', 'FTNT', 'ACN', 'UNP', 'CSCO', 'CSX', 'ETN', 'LMT', 'PH', 'TT', 'STLD']",17,0.08710138891403951,up,"{""ai_enabler"": 10, ""ai_peripheral"": 9, ""core_ai"": 8}","{""ai_enabler"": [""NOW"", ""PYPL"", ""NFLX"", ""ACN"", ""UNP"", ""QCOM"", ""CSCO"", ""CSX"", ""AMZN"", ""ETN""], ""ai_peripheral"": [""PYPL"", ""ACN"", ""UNP"", ""LMT"", ""CSX"", ""PH"", ""ETN"", ""TT"", ""STLD""], ""core_ai"": [""NOW"", ""PYPL"", ""NFLX"", ""ZM"", ""QCOM"", ""AMZN"", ""DIS"", ""FTNT""]}","{""ai_enabler"": {""first_fail"": {""top_count"": 184, ""top_pct"": 0.2779, ""top_reason"": ""min_dollar_volume""}, ""layer_summary"": {""base_hard"": {""before"": 662, ""pass_rate"": 0.31419939577039274, ""remaining"": 208, ""removed"": 192}, ""quality_or_theme_hard"": {""before"": 277, ""pass_rate"": 0.7509025270758123, ""remaining"": 208, ""removed"": 69}, ""valuation_hard"": {""before"": 470, ""pass_rate"": 0.5893617021276596, ""remaining"": 277, ""removed"": 193}}, ""n_filtered"": 208, ""n_input"": 662, ""n_ranked"": 16, ""near_miss"": {""reasons"": [{""count"": 2, ""layer"": ""base_hard"", ""pct"": 0.0030211480362537764, ""reason"": ""min_avg_dollar_volume_20d""}, {""count"": 1, ""layer"": ""valuation_hard"", ""pct"": 0.0015105740181268882, ""reason"": ""min_return_60d""}, {""count"": 1, ""layer"": ""quality_or_theme_hard"", ""pct"": 0.0015105740181268882, ""reason"": ""min_current_ratio""}, {""count"": 1, ""layer"": ""quality_or_theme_hard"", ""pct"": 0.0015105740181268882, ""reason"": ""min_ai_link_score""}, {""count"": 1, ""layer"": ""valuation_hard"", ""pct"": 0.0015105740181268882, ""reason"": ""min_value_discount_any""}], ""top_count"": 2, ""top_pct"": 0.0030211480362537764, ""top_reason"": ""min_avg_dollar_volume_20d""}}, ""ai_peripheral"": {""first_fail"": {""top_count"": 184, ""top_pct"": 0.2779, ""top_reason"": ""min_dollar_volume""}, ""layer_summary"": {""base_hard"": {""before"": 662, ""pass_rate"": 0.1691842900302115, ""remaining"": 112, ""removed"": 301}, ""quality_or_theme_hard"": {""before"": 290, ""pass_rate"": 0.7620689655172413, ""remaining"": 221, ""removed"": 69}, ""valuation_hard"": {""before"": 470, ""pass_rate"": 0.6170212765957447, ""remaining"": 290, ""removed"": 180}}, ""n_filtered"": 112, ""n_input"": 662, ""n_ranked"": 9, ""near_miss"": {""reasons"": [{""count"": 4, ""layer"": ""base_hard"", ""pct"": 0.006042296072507553, ""reason"": ""channel_bucket_match""}, {""count"": 2, ""layer"": ""valuation_hard"", ""pct"": 0.0030211480362537764, ""reason"": ""min_return_60d""}, {""count"": 2, ""layer"": ""base_hard"", ""pct"": 0.0030211480362537764, ""reason"": ""min_avg_dollar_volume_20d""}, {""count"": 1, ""layer"": ""quality_or_theme_hard"", ""pct"": 0.0015105740181268882, ""reason"": ""min_current_ratio""}, {""count"": 1, ""layer"": ""valuation_hard"", ""pct"": 0.0015105740181268882, ""reason"": ""max_ps_hist_percentile""}], ""top_count"": 4, ""top_pct"": 0.006042296072507553, ""top_reason"": ""channel_bucket_match""}}, ""core_ai"": {""first_fail"": {""top_count"": 184, ""top_pct"": 0.2779, ""top_reason"": ""min_dollar_volume""}, ""layer_summary"": {""base_hard"": {""before"": 662, ""pass_rate"": 0.06797583081570997, ""remaining"": 45, ""removed"": 321}, ""quality_or_theme_hard"": {""before"": 236, ""pass_rate"": 0.7372881355932204, ""remaining"": 174, ""removed"": 62}, ""valuation_hard"": {""before"": 470, ""pass_rate"": 0.502127659574468, ""remaining"": 236, ""removed"": 234}}, ""n_filtered"": 45, ""n_input"": 662, ""n_ranked"": 8, ""near_miss"": {""reasons"": [{""count"": 2, ""layer"": ""quality_or_theme_hard"", ""pct"": 0.0030211480362537764, ""reason"": ""min_ai_link_score""}, {""count"": 1, ""layer"": ""valuation_hard"", ""pct"": 0.0015105740181268882, ""reason"": ""min_return_60d""}, {""count"": 1, ""layer"": ""valuation_hard"", ""pct"": 0.0015105740181268882, ""reason"": ""min_value_discount_any""}, {""count"": 1, ""layer"": ""valuation_hard"", ""pct"": 0.0015105740181268882, ""reason"": ""max_pe_percentile_in_sic""}], ""top_count"": 2, ""top_pct"": 0.0030211480362537764, ""top_reason"": ""min_ai_link_score""}}}",,union_superset_approx
base,replay_base_2025-09-30,2025-09-30T00:00:00+00:00,2025-09-30,industry_trend,"['GOOGL', 'LRCX', 'KLAC', 'AMAT', 'GOOG', 'MSFT', 'AMZN', 'TSLA', 'CSCO', 'NVDA', 'UNP', 'IBM', 'VRT', 'CRH', 'CSX', 'CAT', 'HWM', 'ETN', 'GE', 'GEV', 'PWR']",21,0.08710138891403951,up,"{""ai_enabler"": 10, ""ai_peripheral"": 10, ""core_ai"": 10}","{""ai_enabler"": [""KLAC"", ""LRCX"", ""AMAT"", ""GOOGL"", ""GOOG"", ""TSLA"", ""UNP"", ""IBM"", ""VRT"", ""CSCO""], ""ai_peripheral"": [""CRH"", ""UNP"", ""CSX"", ""CAT"", ""HWM"", ""ETN"", ""VRT"", ""GE"", ""GEV"", ""PWR""], ""core_ai"": [""GOOGL"", ""LRCX"", ""KLAC"", ""AMAT"", ""GOOG"", ""MSFT"", ""AMZN"", ""TSLA"", ""CSCO"", ""NVDA""]}","{""ai_enabler"": {""first_fail"": {""top_count"": 184, ""top_pct"": 0.2779, ""top_reason"": ""min_dollar_volume""}, ""layer_summary"": {""base_hard"": {""before"": 662, ""pass_rate"": 0.5619335347432024, ""remaining"": 372, ""removed"": 192}, ""quality_or_theme_hard"": {""before"": 470, ""pass_rate"": 0.7914893617021277, ""remaining"": 372, ""removed"": 98}}, ""n_filtered"": 372, ""n_input"": 662, ""n_ranked"": 90, ""near_miss"": {""reasons"": [{""count"": 6, ""layer"": ""valuation_hard"", ""pct"": 0.00906344410876133, ""reason"": ""trend_min_return_60d""}, {""count"": 2, ""layer"": ""valuation_hard"", ""pct"": 0.0030211480362537764, ""reason"": ""max_ps_hist_percentile""}, {""count"": 2, ""layer"": ""quality_or_theme_hard"", ""pct"": 0.0030211480362537764, ""reason"": ""min_ai_link_score""}, {""count"": 1, ""layer"": ""valuation_hard"", ""pct"": 0.0015105740181268882, ""reason"": ""max_pe_percentile_in_sic""}, {""count"": 1, ""layer"": ""quality_or_theme_hard"", ""pct"": 0.0015105740181268882, ""reason"": ""min_interest_coverage""}], ""top_count"": 6, ""top_pct"": 0.00906344410876133, ""top_reason"": ""trend_min_return_60d""}}, ""ai_peripheral"": {""first_fail"": {""top_count"": 184, ""top_pct"": 0.2779, ""top_reason"": ""min_dollar_volume""}, ""layer_summary"": {""base_hard"": {""before"": 662, ""pass_rate"": 0.25075528700906347, ""remaining"": 166, ""removed"": 398}, ""quality_or_theme_hard"": {""before"": 470, ""pass_rate"": 0.35319148936170214, ""remaining"": 166, ""removed"": 98}}, ""n_filtered"": 166, ""n_input"": 662, ""n_ranked"": 74, ""near_miss"": {""reasons"": [{""count"": 4, ""layer"": ""valuation_hard"", ""pct"": 0.006042296072507553, ""reason"": ""trend_min_return_60d""}, {""count"": 2, ""layer"": ""valuation_hard"", ""pct"": 0.0030211480362537764, ""reason"": ""max_ps_hist_percentile""}, {""count"": 1, ""layer"": ""base_hard"", ""pct"": 0.0015105740181268882, ""reason"": ""trend_min_avg_dollar_volume_20d""}, {""count"": 1, ""layer"": ""quality_or_theme_hard"", ""pct"": 0.0015105740181268882, ""reason"": ""min_current_ratio""}, {""count"": 1, ""layer"": ""quality_or_theme_hard"", ""pct"": 0.0015105740181268882, ""reason"": ""min_ai_link_score""}], ""top_count"": 4, ""top_pct"": 0.006042296072507553, ""top_reason"": ""trend_min_return_60d""}}, ""core_ai"": {""first_fail"": {""top_count"": 184, ""top_pct"": 0.2779, ""top_reason"": ""min_dollar_volume""}, ""layer_summary"": {""base_hard"": {""before"": 662, ""pass_rate"": 0.18277945619335348, ""remaining"": 121, ""removed"": 443}, ""quality_or_theme_hard"": {""before"": 470, ""pass_rate"": 0.2574468085106383, ""remaining"": 121, ""removed"": 98}}, ""n_filtered"": 121, ""n_input"": 662, ""n_ranked"": 29, ""near_miss"": {""reasons"": [{""count"": 3, ""layer"": ""valuation_hard"", ""pct"": 0.004531722054380665, ""reason"": ""trend_min_return_60d""}, {""count"": 1, ""layer"": ""valuation_hard"", ""pct"": 0.0015105740181268882, ""reason"": ""max_pe_percentile_in_sic""}, {""count"": 1, ""layer"": ""quality_or_theme_hard"", ""pct"": 0.0015105740181268882, ""reason"": ""min_interest_coverage""}, {""count"": 1, ""layer"": ""valuation_hard"", ""pct"": 0.0015105740181268882, ""reason"": ""max_ps_hist_percentile""}, {""count"": 1, ""layer"": ""quality_or_theme_hard"", ""pct"": 0.0015105740181268882, ""reason"": ""min_ai_link_score""}], ""top_count"": 3, ""top_pct"": 0.004531722054380665, ""top_reason"": ""trend_min_return_60d""}}}",,union_superset_approx
base,replay_base_2025-09-30,2025-09-30T00:00:00+00:00,2025-09-30,momentum,"['LRCX', 'KLAC', 'GOOGL', 'AMAT', 'ORCL', 'MU', 'TSLA', 'GOOG', 'IBM', 'ASML', 'PWR', 'HWM', 'CSX', 'CAT', 'ETN', 'CRH', 'UNP', 'VRT', 'GE', 'GEV']",20,0.08710138891403951,up,"{""ai_enabler"": 10, ""ai_peripheral"": 10, ""core_ai"": 10}","{""ai_enabler"": [""LRCX"", ""KLAC"", ""AMAT"", ""GOOGL"", ""GOOG"", ""TSLA"", ""PWR"", ""IBM"", ""ASML"", ""ORCL""], ""ai_peripheral"": [""HWM"", ""PWR"", ""CSX"", ""CAT"", ""ETN"", ""CRH"", ""UNP"", ""VRT"", ""GE"", ""GEV""], ""core_ai"": [""LRCX"", ""KLAC"", ""GOOGL"", ""AMAT"", ""ORCL"", ""MU"", ""TSLA"", ""GOOG"", ""IBM"", ""ASML""]}","{""ai_enabler"": {""first_fail"": {""top_count"": 184, ""top_pct"": 0.2779, ""top_reason"": ""min_dollar_volume""}, ""layer_summary"": {""base_hard"": {""before"": 662, ""pass_rate"": 0.5619335347432024, ""remaining"": 372, ""removed"": 192}, ""quality_or_theme_hard"": {""before"": 470, ""pass_rate"": 0.7914893617021277, ""remaining"": 372, ""removed"": 98}}, ""n_filtered"": 372, ""n_input"": 662, ""n_ranked"": 90, ""near_miss"": {""reasons"": [{""count"": 1, ""layer"": ""valuation_hard"", ""pct"": 0.0015105740181268882, ""reason"": ""max_pe_percentile_in_sic""}, {""count"": 1, ""layer"": ""quality_or_theme_hard"", ""pct"": 0.0015105740181268882, ""reason"": ""min_interest_coverage""}, {""count"": 1, ""layer"": ""valuation_hard"", ""pct"": 0.0015105740181268882, ""reason"": ""max_ps_hist_percentile""}, {""count"": 1, ""layer"": ""quality_or_theme_hard"", ""pct"": 0.0015105740181268882, ""reason"": ""min_ai_link_score""}], ""top_count"": 1, ""top_pct"": 0.0015105740181268882, ""top_reason"": ""max_pe_percentile_in_sic""}}, ""ai_peripheral"": {""first_fail"": {""top_count"": 184, ""top_pct"": 0.2779, ""top_reason"": ""min_dollar_volume""}, ""layer_summary"": {""base_hard"": {""before"": 662, ""pass_rate"": 0.25075528700906347, ""remaining"": 166, ""removed"": 398}, ""quality_or_theme_hard"": {""before"": 470, ""pass_rate"": 0.35319148936170214, ""remaining"": 166, ""removed"": 98}}, ""n_filtered"": 166, ""n_input"": 662, ""n_ranked"": 74, ""near_miss"": {""reasons"": [{""count"": 2, ""layer"": ""valuation_hard"", ""pct"": 0.0030211480362537764, ""reason"": ""max_ps_hist_percentile""}], ""top_count"": 2, ""top_pct"": 0.0030211480362537764, ""top_reason"": ""max_ps_hist_percentile""}}, ""core_ai"": {""first_fail"": {""top_count"": 184, ""top_pct"": 0.2779, ""top_reason"": ""min_dollar_volume""}, ""layer_summary"": {""base_hard"": {""before"": 662, ""pass_rate"": 0.18277945619335348, ""remaining"": 121, ""removed"": 443}, ""quality_or_theme_hard"": {""before"": 470, ""pass_rate"": 0.2574468085106383, ""remaining"": 121, ""removed"": 98}}, ""n_filtered"": 121, ""n_input"": 662, ""n_ranked"": 29, ""near_miss"": {""reasons"": [{""count"": 1, ""layer"": ""quality_or_theme_hard"", ""pct"": 0.0015105740181268882, ""reason"": ""min_interest_coverage""}, {""count"": 1, ""layer"": ""quality_or_theme_hard"", ""pct"": 0.0015105740181268882, ""reason"": ""min_ai_link_score""}], ""top_count"": 1, ""top_pct"": 0.0015105740181268882, ""top_reason"": ""min_interest_coverage""}}}",,union_superset_approx
base,replay_base_2025-09-30,2025-09-30T00:00:00+00:00,2025-09-30,research_pool,"['ACN', 'EME', 'ATEN', 'JCI', 'CMI', 'NNE', 'STLD', 'NSC', 'UNP', 'CSX', 'HII', 'IESC', 'SKY', 'MATX', 'ESS', 'EXPD', 'FCX', 'HEI', 'EEFT', 'CF', 'ZM', 'KLAC', 'NOW', 'QCOM', 'PYPL', 'NFLX', 'LDOS', 'DIS', 'CSCO', 'CAT']",30,0.08710138891403951,up,"{""ai_enabler"": 10, ""ai_peripheral"": 10, ""core_ai"": 10}","{""ai_enabler"": [""ACN"", ""EME"", ""ATEN"", ""JCI"", ""CMI"", ""NNE"", ""STLD"", ""NSC"", ""UNP"", ""CSX""], ""ai_peripheral"": [""HII"", ""IESC"", ""SKY"", ""MATX"", ""ESS"", ""EXPD"", ""FCX"", ""HEI"", ""EEFT"", ""CF""], ""core_ai"": [""ZM"", ""KLAC"", ""NOW"", ""QCOM"", ""PYPL"", ""NFLX"", ""LDOS"", ""DIS"", ""CSCO"", ""CAT""]}","{""ai_enabler"": {""n_filtered"": 70, ""n_input"": 662, ""n_ranked"": 70, ""priority_counts"": {""left_side_watch"": 3, ""research_now"": 11, ""theme_only"": 42, ""watch_for_pullback"": 14}}, ""ai_peripheral"": {""n_filtered"": 36, ""n_input"": 662, ""n_ranked"": 36, ""priority_counts"": {""research_now"": 1, ""theme_only"": 35}}, ""core_ai"": {""n_filtered"": 39, ""n_input"": 662, ""n_ranked"": 39, ""priority_counts"": {""left_side_watch"": 1, ""research_now"": 11, ""theme_only"": 9, ""watch_for_pullback"": 18}}}",,union_superset_approx
base,replay_base_2025-10-31,2025-10-31T00:00:00+00:00,2025-10-31,low_value,"['NOW', 'PYPL', 'CRM', 'NFLX', 'DIS', 'FTNT', 'ADI', 'ACN', 'QCOM', 'VMC', 'LMT', 'NSC', 'ETN', 'NOC', 'CRH', 'PH', 'UBER']",17,0.10547767119918472,up,"{""ai_enabler"": 10, ""ai_peripheral"": 10, ""core_ai"": 7}","{""ai_enabler"": [""NOW"", ""PYPL"", ""NFLX"", ""ACN"", ""QCOM"", ""VMC"", ""LMT"", ""DIS"", ""NSC"", ""ETN""], ""ai_peripheral"": [""PYPL"", ""ACN"", ""VMC"", ""LMT"", ""NSC"", ""NOC"", ""CRH"", ""PH"", ""ETN"", ""UBER""], ""core_ai"": [""NOW"", ""PYPL"", ""CRM"", ""NFLX"", ""DIS"", ""FTNT"", ""ADI""]}","{""ai_enabler"": {""first_fail"": {""top_count"": 168, ""top_pct"": 0.2526, ""top_reason"": ""min_dollar_volume""}, ""layer_summary"": {""base_hard"": {""before"": 665, ""pass_rate"": 0.34285714285714286, ""remaining"": 228, ""removed"": 176}, ""quality_or_theme_hard"": {""before"": 308, ""pass_rate"": 0.7402597402597403, ""remaining"": 228, ""removed"": 80}, ""valuation_hard"": {""before"": 489, ""pass_rate"": 0.6298568507157464, ""remaining"": 308, ""removed"": 181}}, ""n_filtered"": 228, ""n_input"": 665, ""n_ranked"": 16, ""near_miss"": {""reasons"": [{""count"": 2, ""layer"": ""valuation_hard"", ""pct"": 0.0030075187969924814, ""reason"": ""min_value_discount_any""}, {""count"": 1, ""layer"": ""base_hard"", ""pct"": 0.0015037593984962407, ""reason"": ""min_avg_dollar_volume_20d""}, {""count"": 1, ""layer"": ""quality_or_theme_hard"", ""pct"": 0.0015037593984962407, ""reason"": ""min_current_ratio""}, {""count"": 1, ""layer"": ""quality_or_theme_hard"", ""pct"": 0.0015037593984962407, ""reason"": ""min_ai_link_score""}, {""count"": 1, ""layer"": ""valuation_hard"", ""pct"": 0.0015037593984962407, ""reason"": ""max_pe_percentile_in_sic""}], ""top_count"": 2, ""top_pct"": 0.0030075187969924814, ""top_reason"": ""min_value_discount_any""}}, ""ai_peripheral"": {""first_fail"": {""top_count"": 168, ""top_pct"": 0.2526, ""top_reason"": ""min_dollar_volume""}, ""layer_summary"": {""base_hard"": {""before"": 665, ""pass_rate"": 0.20451127819548873, ""remaining"": 136, ""removed"": 285}, ""quality_or_theme_hard"": {""before"": 327, ""pass_rate"": 0.7492354740061162, ""remaining"": 245, ""removed"": 82}, ""valuation_hard"": {""before"": 489, ""pass_rate"": 0.6687116564417178, ""remaining"": 327, ""removed"": 162}}, ""n_filtered"": 136, ""n_input"": 665, ""n_ranked"": 13, ""near_miss"": {""reasons"": [{""count"": 5, ""layer"": ""base_hard"", ""pct"": 0.007518796992481203, ""reason"": ""channel_bucket_match""}, {""count"": 2, ""layer"": ""valuation_hard"", ""pct"": 0.0030075187969924814, ""reason"": ""max_ps_hist_percentile""}, {""count"": 2, ""layer"": ""quality_or_theme_hard"", ""pct"": 0.0030075187969924814, ""reason"": ""min_ai_link_score""}, {""count"": 1, ""layer"": ""quality_or_theme_hard"", ""pct"": 0.0015037593984962407, ""reason"": ""min_current_ratio""}], ""top_count"": 5, ""top_pct"": 0.007518796992481203, ""top_reason"": ""channel_bucket_match""}}, ""core_ai"": {""first_fail"": {""top_count"": 168, ""top_pct"": 0.2526, ""top_reason"": ""min_dollar_volume""}, ""layer_summary"": {""base_hard"": {""before"": 665, ""pass_rate"": 0.06616541353383458, ""remaining"": 44, ""removed"": 330}, ""quality_or_theme_hard"": {""before"": 273, ""pass_rate"": 0.7252747252747253, ""remaining"": 198, ""removed"": 75}, ""valuation_hard"": {""before"": 489, ""pass_rate"": 0.558282208588957, ""remaining"": 273, ""removed"": 216}}, ""n_filtered"": 44, ""n_input"": 665, ""n_ranked"": 7, ""near_miss"": {""reasons"": [{""count"": 2, ""layer"": ""base_hard"", ""pct"": 0.0030075187969924814, ""reason"": ""channel_bucket_match""}, {""count"": 1, ""layer"": ""quality_or_theme_hard"", ""pct"": 0.0015037593984962407, ""reason"": ""min_ai_link_score""}, {""count"": 1, ""layer"": ""valuation_hard"", ""pct"": 0.0015037593984962407, ""reason"": ""min_value_discount_any""}], ""top_count"": 2, ""top_pct"": 0.0030075187969924814, ""top_reason"": ""channel_bucket_match""}}}",,union_superset_approx
base,replay_base_2025-10-31,2025-10-31T00:00:00+00:00,2025-10-31,industry_trend,"['GOOGL', 'AMZN', 'MU', 'CSCO', 'GOOG', 'CRM', 'KLAC', 'AVGO', 'LRCX', 'NVDA', 'PWR', 'IBM', 'CAT', 'HWM', 'FCX', 'VRT', 'GE', 'RTX', 'ETN', 'PH', 'EME']",21,0.10547767119918472,up,"{""ai_enabler"": 10, ""ai_peripheral"": 10, ""core_ai"": 10}","{""ai_enabler"": [""AMZN"", ""MU"", ""GOOGL"", ""KLAC"", ""CSCO"", ""GOOG"", ""LRCX"", ""PWR"", ""CRM"", ""IBM""], ""ai_peripheral"": [""PWR"", ""CAT"", ""HWM"", ""FCX"", ""VRT"", ""GE"", ""RTX"", ""ETN"", ""PH"", ""EME""], ""core_ai"": [""GOOGL"", ""AMZN"", ""MU"", ""CSCO"", ""GOOG"", ""CRM"", ""KLAC"", ""AVGO"", ""LRCX"", ""NVDA""]}","{""ai_enabler"": {""first_fail"": {""top_count"": 168, ""top_pct"": 0.2526, ""top_reason"": ""min_dollar_volume""}, ""layer_summary"": {""base_hard"": {""before"": 665, ""pass_rate"": 0.5729323308270676, ""remaining"": 381, ""removed"": 176}, ""quality_or_theme_hard"": {""before"": 489, ""pass_rate"": 0.7791411042944786, ""remaining"": 381, ""removed"": 108}}, ""n_filtered"": 381, ""n_input"": 665, ""n_ranked"": 91, ""near_miss"": {""reasons"": [{""count"": 3, ""layer"": ""valuation_hard"", ""pct"": 0.004511278195488722, ""reason"": ""max_ps_hist_percentile""}, {""count"": 3, ""layer"": ""quality_or_theme_hard"", ""pct"": 0.004511278195488722, ""reason"": ""min_ai_link_score""}, {""count"": 2, ""layer"": ""valuation_hard"", ""pct"": 0.0030075187969924814, ""reason"": ""trend_min_return_60d""}, {""count"": 2, ""layer"": ""quality_or_theme_hard"", ""pct"": 0.0030075187969924814, ""reason"": ""min_current_ratio""}, {""count"": 1, ""layer"": ""valuation_hard"", ""pct"": 0.0015037593984962407, ""reason"": ""max_pe_percentile_in_sic""}], ""top_count"": 3, ""top_pct"": 0.004511278195488722, ""top_reason"": ""max_ps_hist_percentile""}}, ""ai_peripheral"": {""first_fail"": {""top_count"": 168, ""top_pct"": 0.2526, ""top_reason"": ""min_dollar_volume""}, ""layer_summary"": {""base_hard"": {""before"": 665, ""pass_rate"": 0.2571428571428571, ""remaining"": 171, ""removed"": 386}, ""quality_or_theme_hard"": {""before"": 489, ""pass_rate"": 0.3496932515337423, ""remaining"": 171, ""removed"": 108}}, ""n_filtered"": 171, ""n_input"": 665, ""n_ranked"": 75, ""near_miss"": {""reasons"": [{""count"": 5, ""layer"": ""valuation_hard"", ""pct"": 0.007518796992481203, ""reason"": ""max_ps_hist_percentile""}, {""count"": 5, ""layer"": ""base_hard"", ""pct"": 0.007518796992481203, ""reason"": ""channel_bucket_match""}, {""count"": 2, ""layer"": ""quality_or_theme_hard"", ""pct"": 0.0030075187969924814, ""reason"": ""min_ai_link_score""}, {""count"": 1, ""layer"": ""base_hard"", ""pct"": 0.0015037593984962407, ""reason"": ""trend_min_avg_dollar_volume_20d""}, {""count"": 1, ""layer"": ""quality_or_theme_hard"", ""pct"": 0.0015037593984962407, ""reason"": ""min_current_ratio""}], ""top_count"": 5, ""top_pct"": 0.007518796992481203, ""top_reason"": ""max_ps_hist_percentile""}}, ""core_ai"": {""first_fail"": {""top_count"": 168, ""top_pct"": 0.2526, ""top_reason"": ""min_dollar_volume""}, ""layer_summary"": {""base_hard"": {""before"": 665, ""pass_rate"": 0.18195488721804512, ""remaining"": 121, ""removed"": 436}, ""quality_or_theme_hard"": {""before"": 489, ""pass_rate"": 0.2474437627811861, ""remaining"": 121, ""removed"": 108}}, ""n_filtered"": 121, ""n_input"": 665, ""n_ranked"": 29, ""near_miss"": {""reasons"": [{""count"": 2, ""layer"": ""base_hard"", ""pct"": 0.0030075187969924814, ""reason"": ""channel_bucket_match""}, {""count"": 2, ""layer"": ""quality_or_theme_hard"", ""pct"": 0.0030075187969924814, ""reason"": ""min_ai_link_score""}, {""count"": 1, ""layer"": ""valuation_hard"", ""pct"": 0.0015037593984962407, ""reason"": ""max_pe_percentile_in_sic""}, {""count"": 1, ""layer"": ""valuation_hard"", ""pct"": 0.0015037593984962407, ""reason"": ""trend_min_return_60d""}, {""count"": 1, ""layer"": ""quality_or_theme_hard"", ""pct"": 0.0015037593984962407, ""reason"": ""min_interest_coverage""}], ""top_count"": 2, ""top_pct"": 0.0030075187969924814, ""top_reason"": ""channel_bucket_match""}}}",,union_superset_approx
base,replay_base_2025-10-31,2025-10-31T00:00:00+00:00,2025-10-31,momentum,"['MU', 'GOOGL', 'AMZN', 'CSCO', 'CRM', 'GOOG', 'KLAC', 'AMD', 'LRCX', 'ANET', 'PWR', 'CAT', 'HWM', 'FCX', 'ATI', 'VRT', 'RTX', 'UPS', 'BWXT', 'JCI']",20,0.10547767119918472,up,"{""ai_enabler"": 10, ""ai_peripheral"": 10, ""core_ai"": 10}","{""ai_enabler"": [""MU"", ""AMZN"", ""GOOGL"", ""KLAC"", ""GOOG"", ""LRCX"", ""CSCO"", ""CRM"", ""ANET"", ""PWR""], ""ai_peripheral"": [""CAT"", ""PWR"", ""HWM"", ""FCX"", ""ATI"", ""VRT"", ""RTX"", ""UPS"", ""BWXT"", ""JCI""], ""core_ai"": [""MU"", ""GOOGL"", ""AMZN"", ""CSCO"", ""CRM"", ""GOOG"", ""KLAC"", ""AMD"", ""LRCX"", ""ANET""]}","{""ai_enabler"": {""first_fail"": {""top_count"": 168, ""top_pct"": 0.2526, ""top_reason"": ""min_dollar_volume""}, ""layer_summary"": {""base_hard"": {""before"": 665, ""pass_rate"": 0.5729323308270676, ""remaining"": 381, ""removed"": 176}, ""quality_or_theme_hard"": {""before"": 489, ""pass_rate"": 0.7791411042944786, ""remaining"": 381, ""removed"": 108}}, ""n_filtered"": 381, ""n_input"": 665, ""n_ranked"": 91, ""near_miss"": {""reasons"": [{""count"": 2, ""layer"": ""valuation_hard"", ""pct"": 0.0030075187969924814, ""reason"": ""momentum_min_price_to_sma200""}, {""count"": 2, ""layer"": ""valuation_hard"", ""pct"": 0.0030075187969924814, ""reason"": ""max_ps_hist_percentile""}, {""count"": 1, ""layer"": ""valuation_hard"", ""pct"": 0.0015037593984962407, ""reason"": ""max_pe_percentile_in_sic""}, {""count"": 1, ""layer"": ""valuation_hard"", ""pct"": 0.0015037593984962407, ""reason"": ""momentum_min_return_60d""}, {""count"": 1, ""layer"": ""quality_or_theme_hard"", ""pct"": 0.0015037593984962407, ""reason"": ""min_interest_coverage""}], ""top_count"": 2, ""top_pct"": 0.0030075187969924814, ""top_reason"": ""momentum_min_price_to_sma200""}}, ""ai_peripheral"": {""first_fail"": {""top_count"": 168, ""top_pct"": 0.2526, ""top_reason"": ""min_dollar_volume""}, ""layer_summary"": {""base_hard"": {""before"": 665, ""pass_rate"": 0.2571428571428571, ""remaining"": 171, ""removed"": 386}, ""quality_or_theme_hard"": {""before"": 489, ""pass_rate"": 0.3496932515337423, ""remaining"": 171, ""removed"": 108}}, ""n_filtered"": 171, ""n_input"": 665, ""n_ranked"": 75, ""near_miss"": {""reasons"": [{""count"": 1, ""layer"": ""valuation_hard"", ""pct"": 0.0015037593984962407, ""reason"": ""momentum_min_price_to_sma200""}, {""count"": 1, ""layer"": ""valuation_hard"", ""pct"": 0.0015037593984962407, ""reason"": ""max_ps_hist_percentile""}, {""count"": 1, ""layer"": ""quality_or_theme_hard"", ""pct"": 0.0015037593984962407, ""reason"": ""min_ai_link_score""}], ""top_count"": 1, ""top_pct"": 0.0015037593984962407, ""top_reason"": ""momentum_min_price_to_sma200""}}, ""core_ai"": {""first_fail"": {""top_count"": 168, ""top_pct"": 0.2526, ""top_reason"": ""min_dollar_volume""}, ""layer_summary"": {""base_hard"": {""before"": 665, ""pass_rate"": 0.18195488721804512, ""remaining"": 121, ""removed"": 436}, ""quality_or_theme_hard"": {""before"": 489, ""pass_rate"": 0.2474437627811861, ""remaining"": 121, ""removed"": 108}}, ""n_filtered"": 121, ""n_input"": 665, ""n_ranked"": 29, ""near_miss"": {""reasons"": [{""count"": 1, ""layer"": ""valuation_hard"", ""pct"": 0.0015037593984962407, ""reason"": ""max_pe_percentile_in_sic""}, {""count"": 1, ""layer"": ""valuation_hard"", ""pct"": 0.0015037593984962407, ""reason"": ""momentum_min_price_to_sma200""}, {""count"": 1, ""layer"": ""quality_or_theme_hard"", ""pct"": 0.0015037593984962407, ""reason"": ""min_interest_coverage""}, {""count"": 1, ""layer"": ""quality_or_theme_hard"", ""pct"": 0.0015037593984962407, ""reason"": ""min_ai_link_score""}], ""top_count"": 1, ""top_pct"": 0.0015037593984962407, ""top_reason"": ""max_pe_percentile_in_sic""}}}",,union_superset_approx
base,replay_base_2025-10-31,2025-10-31T00:00:00+00:00,2025-10-31,research_pool,"['ACN', 'EME', 'JCI', 'ATEN', 'CMI', 'NNE', 'STLD', 'NOC', 'LMT', 'NUE', 'HII', 'EXLS', 'FISV', 'EEFT', 'IESC', 'SKY', 'MATX', 'KIM', 'ESS', 'HEI', 'KLAC', 'NOW', 'NFLX', 'PYPL', 'QCOM', 'LDOS', 'DIS', 'CAT', 'ZM', 'CRM']",30,0.10547767119918472,up,"{""ai_enabler"": 10, ""ai_peripheral"": 10, ""core_ai"": 10}","{""ai_enabler"": [""ACN"", ""EME"", ""JCI"", ""ATEN"", ""CMI"", ""NNE"", ""STLD"", ""NOC"", ""LMT"", ""NUE""], ""ai_peripheral"": [""HII"", ""EXLS"", ""FISV"", ""EEFT"", ""IESC"", ""SKY"", ""MATX"", ""KIM"", ""ESS"", ""HEI""], ""core_ai"": [""KLAC"", ""NOW"", ""NFLX"", ""PYPL"", ""QCOM"", ""LDOS"", ""DIS"", ""CAT"", ""ZM"", ""CRM""]}","{""ai_enabler"": {""n_filtered"": 68, ""n_input"": 665, ""n_ranked"": 68, ""priority_counts"": {""left_side_watch"": 4, ""research_now"": 10, ""theme_only"": 40, ""watch_for_pullback"": 14}}, ""ai_peripheral"": {""n_filtered"": 35, ""n_input"": 665, ""n_ranked"": 35, ""priority_counts"": {""left_side_watch"": 3, ""research_now"": 1, ""theme_only"": 31}}, ""core_ai"": {""n_filtered"": 43, ""n_input"": 665, ""n_ranked"": 43, ""priority_counts"": {""left_side_watch"": 2, ""research_now"": 8, ""theme_only"": 12, ""watch_for_pullback"": 21}}}",,union_superset_approx
base,replay_base_2025-11-28,2025-11-28T00:00:00+00:00,2025-11-28,low_value,"['NFLX', 'ZM', 'AMZN', 'TXN', 'META', 'FTNT', 'ACN', 'GD', 'VMC', 'NSC', 'CSX', 'EME', 'TT']",13,0.07620901853075135,up,"{""ai_enabler"": 10, ""ai_peripheral"": 7, ""core_ai"": 6}","{""ai_enabler"": [""NFLX"", ""ACN"", ""ZM"", ""GD"", ""AMZN"", ""VMC"", ""NSC"", ""CSX"", ""TXN"", ""META""], ""ai_peripheral"": [""ACN"", ""EME"", ""GD"", ""VMC"", ""CSX"", ""NSC"", ""TT""], ""core_ai"": [""NFLX"", ""ZM"", ""AMZN"", ""TXN"", ""META"", ""FTNT""]}","{""ai_enabler"": {""first_fail"": {""top_count"": 284, ""top_pct"": 0.4264, ""top_reason"": ""min_dollar_volume""}, ""layer_summary"": {""base_hard"": {""before"": 666, ""pass_rate"": 0.3123123123123123, ""remaining"": 208, ""removed"": 287}, ""quality_or_theme_hard"": {""before"": 222, ""pass_rate"": 0.9369369369369369, ""remaining"": 208, ""removed"": 14}, ""valuation_hard"": {""before"": 379, ""pass_rate"": 0.5857519788918206, ""remaining"": 222, ""removed"": 157}}, ""n_filtered"": 208, ""n_input"": 666, ""n_ranked"": 12, ""near_miss"": {""reasons"": [{""count"": 2, ""layer"": ""valuation_hard"", ""pct"": 0.003003003003003003, ""reason"": ""min_return_20d""}, {""count"": 2, ""layer"": ""valuation_hard"", ""pct"": 0.003003003003003003, ""reason"": ""min_value_discount_any""}, {""count"": 1, ""layer"": ""base_hard"", ""pct"": 0.0015015015015015015, ""reason"": ""min_avg_dollar_volume_20d""}, {""count"": 1, ""layer"": ""quality_or_theme_hard"", ""pct"": 0.0015015015015015015, ""reason"": ""min_current_ratio""}, {""count"": 1, ""layer"": ""valuation_hard"", ""pct"": 0.0015015015015015015, ""reason"": ""max_ps_hist_percentile""}], ""top_count"": 2, ""top_pct"": 0.003003003003003003, ""top_reason"": ""min_return_20d""}}, ""ai_peripheral"": {""first_fail"": {""top_count"": 284, ""top_pct"": 0.4264, ""top_reason"": ""min_dollar_volume""}, ""layer_summary"": {""base_hard"": {""before"": 666, ""pass_rate"": 0.16066066066066065, ""remaining"": 107, ""removed"": 407}, ""quality_or_theme_hard"": {""before"": 242, ""pass_rate"": 0.9380165289256198, ""remaining"": 227, ""removed"": 15}, ""valuation_hard"": {""before"": 379, ""pass_rate"": 0.6385224274406333, ""remaining"": 242, ""removed"": 137}}, ""n_filtered"": 107, ""n_input"": 666, ""n_ranked"": 7, ""near_miss"": {""reasons"": [{""count"": 3, ""layer"": ""valuation_hard"", ""pct"": 0.0045045045045045045, ""reason"": ""max_ps_hist_percentile""}, {""count"": 2, ""layer"": ""base_hard"", ""pct"": 0.003003003003003003, ""reason"": ""channel_bucket_match""}, {""count"": 1, ""layer"": ""quality_or_theme_hard"", ""pct"": 0.0015015015015015015, ""reason"": ""min_current_ratio""}, {""count"": 1, ""layer"": ""quality_or_theme_hard"", ""pct"": 0.0015015015015015015, ""reason"": ""min_ai_link_score""}], ""top_count"": 3, ""top_pct"": 0.0045045045045045045, ""top_reason"": ""max_ps_hist_percentile""}}, ""core_ai"": {""first_fail"": {""top_count"": 284, ""top_pct"": 0.4264, ""top_reason"": ""min_dollar_volume""}, ""layer_summary"": {""base_hard"": {""before"": 666, ""pass_rate"": 0.08708708708708708, ""remaining"": 58, ""removed"": 415}, ""quality_or_theme_hard"": {""before"": 199, ""pass_rate"": 0.9346733668341709, ""remaining"": 186, ""removed"": 13}, ""valuation_hard"": {""before"": 379, ""pass_rate"": 0.525065963060686, ""remaining"": 199, ""removed"": 180}}, ""n_filtered"": 58, ""n_input"": 666, ""n_ranked"": 6, ""near_miss"": {""reasons"": [{""count"": 2, ""layer"": ""valuation_hard"", ""pct"": 0.003003003003003003, ""reason"": ""min_return_20d""}, {""count"": 2, ""layer"": ""valuation_hard"", ""pct"": 0.003003003003003003, ""reason"": ""max_ps_percentile_in_sic""}, {""count"": 1, ""layer"": ""base_hard"", ""pct"": 0.0015015015015015015, ""reason"": ""channel_bucket_match""}, {""count"": 1, ""layer"": ""valuation_hard"", ""pct"": 0.0015015015015015015, ""reason"": ""min_value_discount_any""}], ""top_count"": 2, ""top_pct"": 0.003003003003003003, ""top_reason"": ""min_return_20d""}}}",,union_superset_approx
base,replay_base_2025-11-28,2025-11-28T00:00:00+00:00,2025-11-28,industry_trend,"['GOOGL', 'AMZN', 'CSCO', 'MU', 'GOOG', 'MSFT', 'AVGO', 'NFLX', 'AAPL', 'KLAC', 'GEV', 'AMAT', 'LRCX', 'PH', 'UNP', 'FCX', 'CRH', 'PWR', 'KMI', 'D', 'CMI', 'GE']",22,0.07620901853075135,up,"{""ai_enabler"": 10, ""ai_peripheral"": 10, ""core_ai"": 10}","{""ai_enabler"": [""AMZN"", ""CSCO"", ""GOOGL"", ""MU"", ""GOOG"", ""KLAC"", ""GEV"", ""AMAT"", ""NFLX"", ""LRCX""], ""ai_peripheral"": [""GEV"", ""PH"", ""UNP"", ""FCX"", ""CRH"", ""PWR"", ""KMI"", ""D"", ""CMI"", ""GE""], ""core_ai"": [""GOOGL"", ""AMZN"", ""CSCO"", ""MU"", ""GOOG"", ""MSFT"", ""AVGO"", ""NFLX"", ""AAPL"", ""KLAC""]}","{""ai_enabler"": {""first_fail"": {""top_count"": 284, ""top_pct"": 0.4264, ""top_reason"": ""min_dollar_volume""}, ""layer_summary"": {""base_hard"": {""before"": 666, ""pass_rate"": 0.5315315315315315, ""remaining"": 354, ""removed"": 287}, ""quality_or_theme_hard"": {""before"": 379, ""pass_rate"": 0.9340369393139841, ""remaining"": 354, ""removed"": 25}}, ""n_filtered"": 354, ""n_input"": 666, ""n_ranked"": 89, ""near_miss"": {""reasons"": [{""count"": 7, ""layer"": ""valuation_hard"", ""pct"": 0.010510510510510511, ""reason"": ""trend_min_return_60d""}, {""count"": 2, ""layer"": ""valuation_hard"", ""pct"": 0.003003003003003003, ""reason"": ""max_ps_hist_percentile""}, {""count"": 2, ""layer"": ""quality_or_theme_hard"", ""pct"": 0.003003003003003003, ""reason"": ""min_ai_link_score""}, {""count"": 1, ""layer"": ""valuation_hard"", ""pct"": 0.0015015015015015015, ""reason"": ""max_ps_percentile_in_sic""}, {""count"": 1, ""layer"": ""base_hard"", ""pct"": 0.0015015015015015015, ""reason"": ""trend_min_avg_dollar_volume_20d""}], ""top_count"": 7, ""top_pct"": 0.010510510510510511, ""top_reason"": ""trend_min_return_60d""}}, ""ai_peripheral"": {""first_fail"": {""top_count"": 284, ""top_pct"": 0.4264, ""top_reason"": ""min_dollar_volume""}, ""layer_summary"": {""base_hard"": {""before"": 666, ""pass_rate"": 0.23123123123123124, ""remaining"": 154, ""removed"": 487}, ""quality_or_theme_hard"": {""before"": 379, ""pass_rate"": 0.40633245382585753, ""remaining"": 154, ""removed"": 25}}, ""n_filtered"": 154, ""n_input"": 666, ""n_ranked"": 72, ""near_miss"": {""reasons"": [{""count"": 4, ""layer"": ""valuation_hard"", ""pct"": 0.006006006006006006, ""reason"": ""max_ps_hist_percentile""}, {""count"": 1, ""layer"": ""valuation_hard"", ""pct"": 0.0015015015015015015, ""reason"": ""trend_min_return_60d""}, {""count"": 1, ""layer"": ""quality_or_theme_hard"", ""pct"": 0.0015015015015015015, ""reason"": ""min_current_ratio""}, {""count"": 1, ""layer"": ""base_hard"", ""pct"": 0.0015015015015015015, ""reason"": ""channel_bucket_match""}, {""count"": 1, ""layer"": ""quality_or_theme_hard"", ""pct"": 0.0015015015015015015, ""reason"": ""min_ai_link_score""}], ""top_count"": 4, ""top_pct"": 0.006006006006006006, ""top_reason"": ""max_ps_hist_percentile""}}, ""core_ai"": {""first_fail"": {""top_count"": 284, ""top_pct"": 0.4264, ""top_reason"": ""min_dollar_volume""}, ""layer_summary"": {""base_hard"": {""before"": 666, ""pass_rate"": 0.17717717717717718, ""remaining"": 118, ""removed"": 523}, ""quality_or_theme_hard"": {""before"": 379, ""pass_rate"": 0.3113456464379947, ""remaining"": 118, ""removed"": 25}}, ""n_filtered"": 118, ""n_input"": 666, ""n_ranked"": 29, ""near_miss"": {""reasons"": [{""count"": 6, ""layer"": ""valuation_hard"", ""pct"": 0.009009009009009009, ""reason"": ""trend_min_return_60d""}, {""count"": 1, ""layer"": ""quality_or_theme_hard"", ""pct"": 0.0015015015015015015, ""reason"": ""min_interest_coverage""}, {""count"": 1, ""layer"": ""base_hard"", ""pct"": 0.0015015015015015015, ""reason"": ""channel_bucket_match""}, {""count"": 1, ""layer"": ""quality_or_theme_hard"", ""pct"": 0.0015015015015015015, ""reason"": ""min_ai_link_score""}], ""top_count"": 6, ""top_pct"": 0.009009009009009009, ""top_reason"": ""trend_min_return_60d""}}}",,union_superset_approx
base,replay_base_2025-11-28,2025-11-28T00:00:00+00:00,2025-11-28,momentum,"['GOOGL', 'CSCO', 'MU', 'AMZN', 'GOOG', 'AVGO', 'GEV', 'KLAC', 'MSFT', 'LRCX', 'UNP', 'PWR', 'AKAM', 'PH', 'FCX', 'OKE', 'CRH', 'CMI', 'D', 'KMI']",20,0.07620901853075135,up,"{""ai_enabler"": 10, ""ai_peripheral"": 10, ""core_ai"": 10}","{""ai_enabler"": [""GOOGL"", ""CSCO"", ""AMZN"", ""MU"", ""UNP"", ""GOOG"", ""PWR"", ""AKAM"", ""GEV"", ""PH""], ""ai_peripheral"": [""PH"", ""UNP"", ""GEV"", ""FCX"", ""OKE"", ""CRH"", ""PWR"", ""CMI"", ""D"", ""KMI""], ""core_ai"": [""GOOGL"", ""CSCO"", ""MU"", ""AMZN"", ""GOOG"", ""AVGO"", ""GEV"", ""KLAC"", ""MSFT"", ""LRCX""]}","{""ai_enabler"": {""first_fail"": {""top_count"": 284, ""top_pct"": 0.4264, ""top_reason"": ""min_dollar_volume""}, ""layer_summary"": {""base_hard"": {""before"": 666, ""pass_rate"": 0.5315315315315315, ""remaining"": 354, ""removed"": 287}, ""quality_or_theme_hard"": {""before"": 379, ""pass_rate"": 0.9340369393139841, ""remaining"": 354, ""removed"": 25}}, ""n_filtered"": 354, ""n_input"": 666, ""n_ranked"": 89, ""near_miss"": {""reasons"": [{""count"": 1, ""layer"": ""quality_or_theme_hard"", ""pct"": 0.0015015015015015015, ""reason"": ""min_current_ratio""}, {""count"": 1, ""layer"": ""quality_or_theme_hard"", ""pct"": 0.0015015015015015015, ""reason"": ""min_ai_link_score""}], ""top_count"": 1, ""top_pct"": 0.0015015015015015015, ""top_reason"": ""min_current_ratio""}}, ""ai_peripheral"": {""first_fail"": {""top_count"": 284, ""top_pct"": 0.4264, ""top_reason"": ""min_dollar_volume""}, ""layer_summary"": {""base_hard"": {""before"": 666, ""pass_rate"": 0.23123123123123124, ""remaining"": 154, ""removed"": 487}, ""quality_or_theme_hard"": {""before"": 379, ""pass_rate"": 0.40633245382585753, ""remaining"": 154, ""removed"": 25}}, ""n_filtered"": 154, ""n_input"": 666, ""n_ranked"": 72, ""near_miss"": {""reasons"": [{""count"": 1, ""layer"": ""quality_or_theme_hard"", ""pct"": 0.0015015015015015015, ""reason"": ""min_current_ratio""}, {""count"": 1, ""layer"": ""quality_or_theme_hard"", ""pct"": 0.0015015015015015015, ""reason"": ""min_ai_link_score""}], ""top_count"": 1, ""top_pct"": 0.0015015015015015015, ""top_reason"": ""min_current_ratio""}}, ""core_ai"": {""first_fail"": {""top_count"": 284, ""top_pct"": 0.4264, ""top_reason"": ""min_dollar_volume""}, ""layer_summary"": {""base_hard"": {""before"": 666, ""pass_rate"": 0.17717717717717718, ""remaining"": 118, ""removed"": 523}, ""quality_or_theme_hard"": {""before"": 379, ""pass_rate"": 0.3113456464379947, ""remaining"": 118, ""removed"": 25}}, ""n_filtered"": 118, ""n_input"": 666, ""n_ranked"": 29, ""near_miss"": {""reasons"": [], ""top_count"": 0, ""top_pct"": 0.0, ""top_reason"": """"}}}",,union_superset_approx
base,replay_base_2025-11-28,2025-11-28T00:00:00+00:00,2025-11-28,research_pool,"['ACN', 'ATEN', 'EME', 'CMI', 'NUE', 'CSX', 'STLD', 'VMC', 'RTX', 'VRT', 'HII', 'FISV', 'MOS', 'IESC', 'EXLS', 'SW', 'KIM', 'CF', 'HEI', 'NEM', 'KLAC', 'NFLX', 'LDOS', 'CSCO', 'ZM', 'TXN', 'FTNT', 'MU', 'AMZN', 'AMD']",30,0.07620901853075135,up,"{""ai_enabler"": 10, ""ai_peripheral"": 10, ""core_ai"": 10}","{""ai_enabler"": [""ACN"", ""ATEN"", ""EME"", ""CMI"", ""NUE"", ""CSX"", ""STLD"", ""VMC"", ""RTX"", ""VRT""], ""ai_peripheral"": [""HII"", ""FISV"", ""MOS"", ""IESC"", ""EXLS"", ""SW"", ""KIM"", ""CF"", ""HEI"", ""NEM""], ""core_ai"": [""KLAC"", ""NFLX"", ""LDOS"", ""CSCO"", ""ZM"", ""TXN"", ""FTNT"", ""MU"", ""AMZN"", ""AMD""]}","{""ai_enabler"": {""n_filtered"": 64, ""n_input"": 666, ""n_ranked"": 64, ""priority_counts"": {""left_side_watch"": 3, ""research_now"": 7, ""theme_only"": 44, ""watch_for_pullback"": 10}}, ""ai_peripheral"": {""n_filtered"": 40, ""n_input"": 666, ""n_ranked"": 40, ""priority_counts"": {""left_side_watch"": 2, ""research_now"": 1, ""theme_only"": 37}}, ""core_ai"": {""n_filtered"": 34, ""n_input"": 666, ""n_ranked"": 34, ""priority_counts"": {""left_side_watch"": 5, ""research_now"": 4, ""theme_only"": 9, ""watch_for_pullback"": 16}}}",,union_superset_approx
base,replay_base_2025-12-31,2025-12-31T00:00:00+00:00,2025-12-31,low_value,"['CRM', 'ADBE', 'AMZN', 'ZM', 'TXN', 'DIS', 'FTNT', 'ACN', 'EME', 'ETN', 'GD', 'VMC', 'NSC', 'HWM', 'SRE', 'BWXT', 'EQIX']",17,0.01081161137440767,up,"{""ai_enabler"": 10, ""ai_peripheral"": 10, ""core_ai"": 7}","{""ai_enabler"": [""ADBE"", ""CRM"", ""ACN"", ""EME"", ""ETN"", ""GD"", ""AMZN"", ""VMC"", ""NSC"", ""DIS""], ""ai_peripheral"": [""ACN"", ""EME"", ""GD"", ""VMC"", ""ETN"", ""NSC"", ""HWM"", ""SRE"", ""BWXT"", ""EQIX""], ""core_ai"": [""CRM"", ""ADBE"", ""AMZN"", ""ZM"", ""TXN"", ""DIS"", ""FTNT""]}","{""ai_enabler"": {""first_fail"": {""top_count"": 252, ""top_pct"": 0.3784, ""top_reason"": ""min_dollar_volume""}, ""layer_summary"": {""base_hard"": {""before"": 666, ""pass_rate"": 0.37987987987987987, ""remaining"": 253, ""removed"": 256}, ""quality_or_theme_hard"": {""before"": 289, ""pass_rate"": 0.8754325259515571, ""remaining"": 253, ""removed"": 36}, ""valuation_hard"": {""before"": 410, ""pass_rate"": 0.7048780487804878, ""remaining"": 289, ""removed"": 121}}, ""n_filtered"": 253, ""n_input"": 666, ""n_ranked"": 16, ""near_miss"": {""reasons"": [{""count"": 3, ""layer"": ""valuation_hard"", ""pct"": 0.0045045045045045045, ""reason"": ""min_return_60d""}, {""count"": 2, ""layer"": ""quality_or_theme_hard"", ""pct"": 0.003003003003003003, ""reason"": ""min_current_ratio""}, {""count"": 1, ""layer"": ""base_hard"", ""pct"": 0.0015015015015015015, ""reason"": ""min_avg_dollar_volume_20d""}, {""count"": 1, ""layer"": ""valuation_hard"", ""pct"": 0.0015015015015015015, ""reason"": ""min_value_discount_any""}, {""count"": 1, ""layer"": ""valuation_hard"", ""pct"": 0.0015015015015015015, ""reason"": ""max_ps_percentile_in_sic""}], ""top_count"": 3, ""top_pct"": 0.0045045045045045045, ""top_reason"": ""min_return_60d""}}, ""ai_peripheral"": {""first_fail"": {""top_count"": 252, ""top_pct"": 0.3784, ""top_reason"": ""min_dollar_volume""}, ""layer_summary"": {""base_hard"": {""before"": 666, ""pass_rate"": 0.1906906906906907, ""remaining"": 127, ""removed"": 392}, ""quality_or_theme_hard"": {""before"": 301, ""pass_rate"": 0.8737541528239202, ""remaining"": 263, ""removed"": 38}, ""valuation_hard"": {""before"": 410, ""pass_rate"": 0.7341463414634146, ""remaining"": 301, ""removed"": 109}}, ""n_filtered"": 127, ""n_input"": 666, ""n_ranked"": 11, ""near_miss"": {""reasons"": [{""count"": 2, ""layer"": ""valuation_hard"", ""pct"": 0.003003003003003003, ""reason"": ""min_return_60d""}, {""count"": 2, ""layer"": ""quality_or_theme_hard"", ""pct"": 0.003003003003003003, ""reason"": ""min_current_ratio""}, {""count"": 2, ""layer"": ""base_hard"", ""pct"": 0.003003003003003003, ""reason"": ""channel_bucket_match""}, {""count"": 1, ""layer"": ""quality_or_theme_hard"", ""pct"": 0.0015015015015015015, ""reason"": ""min_net_income_yoy""}, {""count"": 1, ""layer"": ""valuation_hard"", ""pct"": 0.0015015015015015015, ""reason"": ""max_ps_hist_percentile""}], ""top_count"": 2, ""top_pct"": 0.003003003003003003, ""top_reason"": ""min_return_60d""}}, ""core_ai"": {""first_fail"": {""top_count"": 252, ""top_pct"": 0.3784, ""top_reason"": ""min_dollar_volume""}, ""layer_summary"": {""base_hard"": {""before"": 666, ""pass_rate"": 0.0960960960960961, ""remaining"": 64, ""removed"": 422}, ""quality_or_theme_hard"": {""before"": 261, ""pass_rate"": 0.8812260536398467, ""remaining"": 230, ""removed"": 31}, ""valuation_hard"": {""before"": 410, ""pass_rate"": 0.6365853658536585, ""remaining"": 261, ""removed"": 149}}, ""n_filtered"": 64, ""n_input"": 666, ""n_ranked"": 7, ""near_miss"": {""reasons"": [{""count"": 2, ""layer"": ""valuation_hard"", ""pct"": 0.003003003003003003, ""reason"": ""max_ps_percentile_in_sic""}, {""count"": 1, ""layer"": ""valuation_hard"", ""pct"": 0.0015015015015015015, ""reason"": ""min_return_60d""}, {""count"": 1, ""layer"": ""base_hard"", ""pct"": 0.0015015015015015015, ""reason"": ""channel_bucket_match""}], ""top_count"": 2, ""top_pct"": 0.003003003003003003, ""top_reason"": ""max_ps_percentile_in_sic""}}}",,union_superset_approx
base,replay_base_2025-12-31,2025-12-31T00:00:00+00:00,2025-12-31,industry_trend,"['MU', 'CRM', 'CSCO', 'LRCX', 'AMZN', 'MSFT', 'GEV', 'GOOGL', 'KLAC', 'NVDA', 'FCX', 'GE', 'RTX', 'CRH', 'CSX', 'UNP', 'JCI', 'PH', 'HWM']",19,0.01081161137440767,up,"{""ai_enabler"": 10, ""ai_peripheral"": 10, ""core_ai"": 10}","{""ai_enabler"": [""MU"", ""LRCX"", ""CRM"", ""GEV"", ""FCX"", ""KLAC"", ""CSCO"", ""AMZN"", ""GE"", ""RTX""], ""ai_peripheral"": [""GEV"", ""FCX"", ""RTX"", ""CRH"", ""GE"", ""CSX"", ""UNP"", ""JCI"", ""PH"", ""HWM""], ""core_ai"": [""MU"", ""CRM"", ""CSCO"", ""LRCX"", ""AMZN"", ""MSFT"", ""GEV"", ""GOOGL"", ""KLAC"", ""NVDA""]}","{""ai_enabler"": {""first_fail"": {""top_count"": 252, ""top_pct"": 0.3784, ""top_reason"": ""min_dollar_volume""}, ""layer_summary"": {""base_hard"": {""before"": 666, ""pass_rate"": 0.5435435435435435, ""remaining"": 362, ""removed"": 256}, ""quality_or_theme_hard"": {""before"": 410, ""pass_rate"": 0.8829268292682927, ""remaining"": 362, ""removed"": 48}}, ""n_filtered"": 362, ""n_input"": 666, ""n_ranked"": 90, ""near_miss"": {""reasons"": [{""count"": 4, ""layer"": ""valuation_hard"", ""pct"": 0.006006006006006006, ""reason"": ""trend_min_return_60d""}, {""count"": 3, ""layer"": ""quality_or_theme_hard"", ""pct"": 0.0045045045045045045, ""reason"": ""min_current_ratio""}, {""count"": 3, ""layer"": ""valuation_hard"", ""pct"": 0.0045045045045045045, ""reason"": ""max_ps_hist_percentile""}, {""count"": 2, ""layer"": ""quality_or_theme_hard"", ""pct"": 0.003003003003003003, ""reason"": ""min_ai_link_score""}, {""count"": 1, ""layer"": ""quality_or_theme_hard"", ""pct"": 0.0015015015015015015, ""reason"": ""min_interest_coverage""}], ""top_count"": 4, ""top_pct"": 0.006006006006006006, ""top_reason"": ""trend_min_return_60d""}}, ""ai_peripheral"": {""first_fail"": {""top_count"": 252, ""top_pct"": 0.3784, ""top_reason"": ""min_dollar_volume""}, ""layer_summary"": {""base_hard"": {""before"": 666, ""pass_rate"": 0.24174174174174173, ""remaining"": 161, ""removed"": 457}, ""quality_or_theme_hard"": {""before"": 410, ""pass_rate"": 0.3926829268292683, ""remaining"": 161, ""removed"": 48}}, ""n_filtered"": 161, ""n_input"": 666, ""n_ranked"": 72, ""near_miss"": {""reasons"": [{""count"": 2, ""layer"": ""valuation_hard"", ""pct"": 0.003003003003003003, ""reason"": ""trend_min_return_60d""}, {""count"": 2, ""layer"": ""quality_or_theme_hard"", ""pct"": 0.003003003003003003, ""reason"": ""min_current_ratio""}, {""count"": 2, ""layer"": ""valuation_hard"", ""pct"": 0.003003003003003003, ""reason"": ""max_ps_hist_percentile""}, {""count"": 2, ""layer"": ""base_hard"", ""pct"": 0.003003003003003003, ""reason"": ""channel_bucket_match""}], ""top_count"": 2, ""top_pct"": 0.003003003003003003, ""top_reason"": ""trend_min_return_60d""}}, ""core_ai"": {""first_fail"": {""top_count"": 252, ""top_pct"": 0.3784, ""top_reason"": ""min_dollar_volume""}, ""layer_summary"": {""base_hard"": {""before"": 666, ""pass_rate"": 0.17717717717717718, ""remaining"": 118, ""removed"": 500}, ""quality_or_theme_hard"": {""before"": 410, ""pass_rate"": 0.28780487804878047, ""remaining"": 118, ""removed"": 48}}, ""n_filtered"": 118, ""n_input"": 666, ""n_ranked"": 28, ""near_miss"": {""reasons"": [{""count"": 2, ""layer"": ""valuation_hard"", ""pct"": 0.003003003003003003, ""reason"": ""trend_min_return_60d""}, {""count"": 2, ""layer"": ""quality_or_theme_hard"", ""pct"": 0.003003003003003003, ""reason"": ""min_current_ratio""}, {""count"": 2, ""layer"": ""quality_or_theme_hard"", ""pct"": 0.003003003003003003, ""reason"": ""min_ai_link_score""}, {""count"": 1, ""layer"": ""quality_or_theme_hard"", ""pct"": 0.0015015015015015015, ""reason"": ""min_interest_coverage""}, {""count"": 1, ""layer"": ""base_hard"", ""pct"": 0.0015015015015015015, ""reason"": ""channel_bucket_match""}], ""top_count"": 2, ""top_pct"": 0.003003003003003003, ""top_reason"": ""trend_min_return_60d""}}}",,union_superset_approx
base,replay_base_2025-12-31,2025-12-31T00:00:00+00:00,2025-12-31,momentum,"['MU', 'CRM', 'LRCX', 'GEV', 'CSCO', 'KLAC', 'MSFT', 'AMZN', 'META', 'ANET', 'FCX', 'RTX', 'CRH', 'ATI', 'GE', 'HWM', 'CSX', 'LMT', 'JCI']",19,0.01081161137440767,up,"{""ai_enabler"": 10, ""ai_peripheral"": 10, ""core_ai"": 10}","{""ai_enabler"": [""CRM"", ""MU"", ""LRCX"", ""FCX"", ""GEV"", ""KLAC"", ""RTX"", ""CRH"", ""ATI"", ""CSCO""], ""ai_peripheral"": [""GEV"", ""FCX"", ""RTX"", ""CRH"", ""GE"", ""ATI"", ""HWM"", ""CSX"", ""LMT"", ""JCI""], ""core_ai"": [""MU"", ""CRM"", ""LRCX"", ""GEV"", ""CSCO"", ""KLAC"", ""MSFT"", ""AMZN"", ""META"", ""ANET""]}","{""ai_enabler"": {""first_fail"": {""top_count"": 252, ""top_pct"": 0.3784, ""top_reason"": ""min_dollar_volume""}, ""layer_summary"": {""base_hard"": {""before"": 666, ""pass_rate"": 0.5435435435435435, ""remaining"": 362, ""removed"": 256}, ""quality_or_theme_hard"": {""before"": 410, ""pass_rate"": 0.8829268292682927, ""remaining"": 362, ""removed"": 48}}, ""n_filtered"": 362, ""n_input"": 666, ""n_ranked"": 90, ""near_miss"": {""reasons"": [{""count"": 1, ""layer"": ""valuation_hard"", ""pct"": 0.0015015015015015015, ""reason"": ""momentum_min_return_20d""}, {""count"": 1, ""layer"": ""quality_or_theme_hard"", ""pct"": 0.0015015015015015015, ""reason"": ""min_current_ratio""}, {""count"": 1, ""layer"": ""valuation_hard"", ""pct"": 0.0015015015015015015, ""reason"": ""max_ps_hist_percentile""}, {""count"": 1, ""layer"": ""valuation_hard"", ""pct"": 0.0015015015015015015, ""reason"": ""max_pe_hist_percentile""}], ""top_count"": 1, ""top_pct"": 0.0015015015015015015, ""top_reason"": ""momentum_min_return_20d""}}, ""ai_peripheral"": {""first_fail"": {""top_count"": 252, ""top_pct"": 0.3784, ""top_reason"": ""min_dollar_volume""}, ""layer_summary"": {""base_hard"": {""before"": 666, ""pass_rate"": 0.24174174174174173, ""remaining"": 161, ""removed"": 457}, ""quality_or_theme_hard"": {""before"": 410, ""pass_rate"": 0.3926829268292683, ""remaining"": 161, ""removed"": 48}}, ""n_filtered"": 161, ""n_input"": 666, ""n_ranked"": 72, ""near_miss"": {""reasons"": [{""count"": 1, ""layer"": ""valuation_hard"", ""pct"": 0.0015015015015015015, ""reason"": ""max_ps_hist_percentile""}], ""top_count"": 1, ""top_pct"": 0.0015015015015015015, ""top_reason"": ""max_ps_hist_percentile""}}, ""core_ai"": {""first_fail"": {""top_count"": 252, ""top_pct"": 0.3784, ""top_reason"": ""min_dollar_volume""}, ""layer_summary"": {""base_hard"": {""before"": 666, ""pass_rate"": 0.17717717717717718, ""remaining"": 118, ""removed"": 500}, ""quality_or_theme_hard"": {""before"": 410, ""pass_rate"": 0.28780487804878047, ""remaining"": 118, ""removed"": 48}}, ""n_filtered"": 118, ""n_input"": 666, ""n_ranked"": 28, ""near_miss"": {""reasons"": [{""count"": 1, ""layer"": ""quality_or_theme_hard"", ""pct"": 0.0015015015015015015, ""reason"": ""min_current_ratio""}], ""top_count"": 1, ""top_pct"": 0.0015015015015015015, ""top_reason"": ""min_current_ratio""}}}",,union_superset_approx
base,replay_base_2025-12-31,2025-12-31T00:00:00+00:00,2025-12-31,research_pool,"['ACN', 'EME', 'ATEN', 'CMI', 'NUE', 'QLYS', 'VMC', 'ETN', 'ATI', 'GD', 'HII', 'IESC', 'FISV', 'MOS', 'SW', 'KIM', 'CF', 'FDX', 'EXLS', 'FCX', 'KLAC', 'LDOS', 'DIS', 'ZM', 'ADBE', 'MSFT', 'ORCL', 'TXN', 'DT', 'FTNT']",30,0.01081161137440767,up,"{""ai_enabler"": 10, ""ai_peripheral"": 10, ""core_ai"": 10}","{""ai_enabler"": [""ACN"", ""EME"", ""ATEN"", ""CMI"", ""NUE"", ""QLYS"", ""VMC"", ""ETN"", ""ATI"", ""GD""], ""ai_peripheral"": [""HII"", ""IESC"", ""FISV"", ""MOS"", ""SW"", ""KIM"", ""CF"", ""FDX"", ""EXLS"", ""FCX""], ""core_ai"": [""KLAC"", ""LDOS"", ""DIS"", ""ZM"", ""ADBE"", ""MSFT"", ""ORCL"", ""TXN"", ""DT"", ""FTNT""]}","{""ai_enabler"": {""n_filtered"": 67, ""n_input"": 666, ""n_ranked"": 67, ""priority_counts"": {""left_side_watch"": 3, ""research_now"": 5, ""theme_only"": 49, ""watch_for_pullback"": 10}}, ""ai_peripheral"": {""n_filtered"": 35, ""n_input"": 666, ""n_ranked"": 35, ""priority_counts"": {""left_side_watch"": 1, ""research_now"": 1, ""theme_only"": 33}}, ""core_ai"": {""n_filtered"": 42, ""n_input"": 666, ""n_ranked"": 42, ""priority_counts"": {""left_side_watch"": 3, ""research_now"": 3, ""theme_only"": 14, ""watch_for_pullback"": 22}}}",,union_superset_approx
base,replay_base_2026-01-30,2026-01-30T00:00:00+00:00,2026-01-30,low_value,"['AMZN', 'LDOS', 'ABNB', 'DIS', 'AAPL', 'META', 'FTNT', 'AVGO', 'UNP', 'ACN', 'GD', 'ETN', 'UPS', 'ZM', 'VMC', 'SMR', 'NSC', 'CRH', 'HWM', 'SRE']",20,-0.016499509602303175,down,"{""ai_enabler"": 10, ""ai_peripheral"": 10, ""core_ai"": 8}","{""ai_enabler"": [""UNP"", ""ACN"", ""GD"", ""LDOS"", ""ETN"", ""UPS"", ""AMZN"", ""ZM"", ""VMC"", ""SMR""], ""ai_peripheral"": [""ACN"", ""UNP"", ""GD"", ""UPS"", ""VMC"", ""ETN"", ""NSC"", ""CRH"", ""HWM"", ""SRE""], ""core_ai"": [""AMZN"", ""LDOS"", ""ABNB"", ""DIS"", ""AAPL"", ""META"", ""FTNT"", ""AVGO""]}","{""ai_enabler"": {""first_fail"": {""top_count"": 154, ""top_pct"": 0.2312, ""top_reason"": ""min_dollar_volume""}, ""layer_summary"": {""base_hard"": {""before"": 666, ""pass_rate"": 0.3963963963963964, ""remaining"": 264, ""removed"": 162}, ""quality_or_theme_hard"": {""before"": 336, ""pass_rate"": 0.7857142857142857, ""remaining"": 264, ""removed"": 72}, ""valuation_hard"": {""before"": 504, ""pass_rate"": 0.6666666666666666, ""remaining"": 336, ""removed"": 168}}, ""n_filtered"": 264, ""n_input"": 666, ""n_ranked"": 22, ""near_miss"": {""reasons"": [{""count"": 2, ""layer"": ""quality_or_theme_hard"", ""pct"": 0.003003003003003003, ""reason"": ""min_ai_link_score""}, {""count"": 2, ""layer"": ""valuation_hard"", ""pct"": 0.003003003003003003, ""reason"": ""min_value_discount_any""}, {""count"": 1, ""layer"": ""valuation_hard"", ""pct"": 0.0015015015015015015, ""reason"": ""min_return_60d""}, {""count"": 1, ""layer"": ""quality_or_theme_hard"", ""pct"": 0.0015015015015015015, ""reason"": ""min_current_ratio""}], ""top_count"": 2, ""top_pct"": 0.003003003003003003, ""top_reason"": ""min_ai_link_score""}}, ""ai_peripheral"": {""first_fail"": {""top_count"": 154, ""top_pct"": 0.2312, ""top_reason"": ""min_dollar_volume""}, ""layer_summary"": {""base_hard"": {""before"": 666, ""pass_rate"": 0.1891891891891892, ""remaining"": 126, ""removed"": 321}, ""quality_or_theme_hard"": {""before"": 361, ""pass_rate"": 0.7894736842105263, ""remaining"": 285, ""removed"": 76}, ""valuation_hard"": {""before"": 504, ""pass_rate"": 0.7162698412698413, ""remaining"": 361, ""removed"": 143}}, ""n_filtered"": 126, ""n_input"": 666, ""n_ranked"": 12, ""near_miss"": {""reasons"": [{""count"": 2, ""layer"": ""base_hard"", ""pct"": 0.003003003003003003, ""reason"": ""channel_bucket_match""}, {""count"": 1, ""layer"": ""valuation_hard"", ""pct"": 0.0015015015015015015, ""reason"": ""min_return_60d""}, {""count"": 1, ""layer"": ""quality_or_theme_hard"", ""pct"": 0.0015015015015015015, ""reason"": ""max_net_debt_to_ebitda""}, {""count"": 1, ""layer"": ""quality_or_theme_hard"", ""pct"": 0.0015015015015015015, ""reason"": ""min_current_ratio""}, {""count"": 1, ""layer"": ""valuation_hard"", ""pct"": 0.0015015015015015015, ""reason"": ""max_ps_hist_percentile""}], ""top_count"": 2, ""top_pct"": 0.003003003003003003, ""top_reason"": ""channel_bucket_match""}}, ""core_ai"": {""first_fail"": {""top_count"": 154, ""top_pct"": 0.2312, ""top_reason"": ""min_dollar_volume""}, ""layer_summary"": {""base_hard"": {""before"": 666, ""pass_rate"": 0.1111111111111111, ""remaining"": 74, ""removed"": 318}, ""quality_or_theme_hard"": {""before"": 297, ""pass_rate"": 0.7744107744107744, ""remaining"": 230, ""removed"": 67}, ""valuation_hard"": {""before"": 504, ""pass_rate"": 0.5892857142857143, ""remaining"": 297, ""removed"": 207}}, ""n_filtered"": 74, ""n_input"": 666, ""n_ranked"": 8, ""near_miss"": {""reasons"": [{""count"": 1, ""layer"": ""base_hard"", ""pct"": 0.0015015015015015015, ""reason"": ""channel_bucket_match""}, {""count"": 1, ""layer"": ""quality_or_theme_hard"", ""pct"": 0.0015015015015015015, ""reason"": ""min_ai_link_score""}], ""top_count"": 1, ""top_pct"": 0.0015015015015015015, ""top_reason"": ""channel_bucket_match""}}}",,union_superset_approx
base,replay_base_2026-01-30,2026-01-30T00:00:00+00:00,2026-01-30,industry_trend,"['LRCX', 'KLAC', 'MU', 'AMZN', 'GOOGL', 'CSCO', 'META', 'GEV', 'AMAT', 'CAT', 'FCX', 'PWR', 'ETN', 'RTX', 'LMT', 'VRT', 'NOC', 'EMR']",18,-0.016499509602303175,down,"{""ai_enabler"": 10, ""ai_peripheral"": 10, ""core_ai"": 10}","{""ai_enabler"": [""LRCX"", ""KLAC"", ""MU"", ""AMAT"", ""FCX"", ""AMZN"", ""GEV"", ""PWR"", ""CSCO"", ""CAT""], ""ai_peripheral"": [""FCX"", ""PWR"", ""GEV"", ""CAT"", ""ETN"", ""RTX"", ""LMT"", ""VRT"", ""NOC"", ""EMR""], ""core_ai"": [""LRCX"", ""KLAC"", ""MU"", ""AMZN"", ""GOOGL"", ""CSCO"", ""META"", ""GEV"", ""AMAT"", ""CAT""]}","{""ai_enabler"": {""first_fail"": {""top_count"": 154, ""top_pct"": 0.2312, ""top_reason"": ""min_dollar_volume""}, ""layer_summary"": {""base_hard"": {""before"": 666, ""pass_rate"": 0.5960960960960962, ""remaining"": 397, ""removed"": 162}, ""quality_or_theme_hard"": {""before"": 504, ""pass_rate"": 0.7876984126984127, ""remaining"": 397, ""removed"": 107}}, ""n_filtered"": 397, ""n_input"": 666, ""n_ranked"": 92, ""near_miss"": {""reasons"": [{""count"": 4, ""layer"": ""quality_or_theme_hard"", ""pct"": 0.006006006006006006, ""reason"": ""min_ai_link_score""}, {""count"": 3, ""layer"": ""valuation_hard"", ""pct"": 0.0045045045045045045, ""reason"": ""trend_min_return_60d""}, {""count"": 2, ""layer"": ""quality_or_theme_hard"", ""pct"": 0.003003003003003003, ""reason"": ""min_current_ratio""}, {""count"": 1, ""layer"": ""quality_or_theme_hard"", ""pct"": 0.0015015015015015015, ""reason"": ""min_interest_coverage""}], ""top_count"": 4, ""top_pct"": 0.006006006006006006, ""top_reason"": ""min_ai_link_score""}}, ""ai_peripheral"": {""first_fail"": {""top_count"": 154, ""top_pct"": 0.2312, ""top_reason"": ""min_dollar_volume""}, ""layer_summary"": {""base_hard"": {""before"": 666, ""pass_rate"": 0.2627627627627628, ""remaining"": 175, ""removed"": 384}, ""quality_or_theme_hard"": {""before"": 504, ""pass_rate"": 0.3472222222222222, ""remaining"": 175, ""removed"": 107}}, ""n_filtered"": 175, ""n_input"": 666, ""n_ranked"": 76, ""near_miss"": {""reasons"": [{""count"": 2, ""layer"": ""valuation_hard"", ""pct"": 0.003003003003003003, ""reason"": ""trend_min_return_60d""}, {""count"": 2, ""layer"": ""quality_or_theme_hard"", ""pct"": 0.003003003003003003, ""reason"": ""min_current_ratio""}, {""count"": 2, ""layer"": ""valuation_hard"", ""pct"": 0.003003003003003003, ""reason"": ""max_ps_hist_percentile""}, {""count"": 2, ""layer"": ""base_hard"", ""pct"": 0.003003003003003003, ""reason"": ""channel_bucket_match""}, {""count"": 2, ""layer"": ""quality_or_theme_hard"", ""pct"": 0.003003003003003003, ""reason"": ""min_ai_link_score""}], ""top_count"": 2, ""top_pct"": 0.003003003003003003, ""top_reason"": ""trend_min_return_60d""}}, ""core_ai"": {""first_fail"": {""top_count"": 154, ""top_pct"": 0.2312, ""top_reason"": ""min_dollar_volume""}, ""layer_summary"": {""base_hard"": {""before"": 666, ""pass_rate"": 0.1891891891891892, ""remaining"": 126, ""removed"": 433}, ""quality_or_theme_hard"": {""before"": 504, ""pass_rate"": 0.25, ""remaining"": 126, ""removed"": 107}}, ""n_filtered"": 126, ""n_input"": 666, ""n_ranked"": 28, ""near_miss"": {""reasons"": [{""count"": 2, ""layer"": ""quality_or_theme_hard"", ""pct"": 0.003003003003003003, ""reason"": ""min_ai_link_score""}, {""count"": 1, ""layer"": ""valuation_hard"", ""pct"": 0.0015015015015015015, ""reason"": ""trend_min_return_60d""}, {""count"": 1, ""layer"": ""base_hard"", ""pct"": 0.0015015015015015015, ""reason"": ""trend_min_avg_dollar_volume_20d""}, {""count"": 1, ""layer"": ""quality_or_theme_hard"", ""pct"": 0.0015015015015015015, ""reason"": ""min_interest_coverage""}, {""count"": 1, ""layer"": ""quality_or_theme_hard"", ""pct"": 0.0015015015015015015, ""reason"": ""min_current_ratio""}], ""top_count"": 2, ""top_pct"": 0.003003003003003003, ""top_reason"": ""min_ai_link_score""}}}",,union_superset_approx
base,replay_base_2026-01-30,2026-01-30T00:00:00+00:00,2026-01-30,momentum,"['LRCX', 'MU', 'KLAC', 'GOOGL', 'AMAT', 'CSCO', 'TXN', 'META', 'AMZN', 'ANET', 'PWR', 'FCX', 'LMT', 'CAT', 'ETN', 'EME', 'GEV', 'NOC', 'VRT', 'BWXT']",20,-0.016499509602303175,down,"{""ai_enabler"": 10, ""ai_peripheral"": 10, ""core_ai"": 10}","{""ai_enabler"": [""LRCX"", ""KLAC"", ""MU"", ""AMAT"", ""PWR"", ""FCX"", ""TXN"", ""LMT"", ""CAT"", ""ETN""], ""ai_peripheral"": [""FCX"", ""PWR"", ""CAT"", ""LMT"", ""EME"", ""ETN"", ""GEV"", ""NOC"", ""VRT"", ""BWXT""], ""core_ai"": [""LRCX"", ""MU"", ""KLAC"", ""GOOGL"", ""AMAT"", ""CSCO"", ""TXN"", ""META"", ""AMZN"", ""ANET""]}","{""ai_enabler"": {""first_fail"": {""top_count"": 154, ""top_pct"": 0.2312, ""top_reason"": ""min_dollar_volume""}, ""layer_summary"": {""base_hard"": {""before"": 666, ""pass_rate"": 0.5960960960960962, ""remaining"": 397, ""removed"": 162}, ""quality_or_theme_hard"": {""before"": 504, ""pass_rate"": 0.7876984126984127, ""remaining"": 397, ""removed"": 107}}, ""n_filtered"": 397, ""n_input"": 666, ""n_ranked"": 92, ""near_miss"": {""reasons"": [{""count"": 1, ""layer"": ""quality_or_theme_hard"", ""pct"": 0.0015015015015015015, ""reason"": ""min_interest_coverage""}], ""top_count"": 1, ""top_pct"": 0.0015015015015015015, ""top_reason"": ""min_interest_coverage""}}, ""ai_peripheral"": {""first_fail"": {""top_count"": 154, ""top_pct"": 0.2312, ""top_reason"": ""min_dollar_volume""}, ""layer_summary"": {""base_hard"": {""before"": 666, ""pass_rate"": 0.2627627627627628, ""remaining"": 175, ""removed"": 384}, ""quality_or_theme_hard"": {""before"": 504, ""pass_rate"": 0.3472222222222222, ""remaining"": 175, ""removed"": 107}}, ""n_filtered"": 175, ""n_input"": 666, ""n_ranked"": 76, ""near_miss"": {""reasons"": [{""count"": 2, ""layer"": ""valuation_hard"", ""pct"": 0.003003003003003003, ""reason"": ""max_ps_hist_percentile""}, {""count"": 1, ""layer"": ""valuation_hard"", ""pct"": 0.0015015015015015015, ""reason"": ""momentum_min_return_60d""}, {""count"": 1, ""layer"": ""base_hard"", ""pct"": 0.0015015015015015015, ""reason"": ""momentum_min_avg_dollar_volume_20d""}, {""count"": 1, ""layer"": ""quality_or_theme_hard"", ""pct"": 0.0015015015015015015, ""reason"": ""min_current_ratio""}, {""count"": 1, ""layer"": ""quality_or_theme_hard"", ""pct"": 0.0015015015015015015, ""reason"": ""min_ai_link_score""}], ""top_count"": 2, ""top_pct"": 0.003003003003003003, ""top_reason"": ""max_ps_hist_percentile""}}, ""core_ai"": {""first_fail"": {""top_count"": 154, ""top_pct"": 0.2312, ""top_reason"": ""min_dollar_volume""}, ""layer_summary"": {""base_hard"": {""before"": 666, ""pass_rate"": 0.1891891891891892, ""remaining"": 126, ""removed"": 433}, ""quality_or_theme_hard"": {""before"": 504, ""pass_rate"": 0.25, ""remaining"": 126, ""removed"": 107}}, ""n_filtered"": 126, ""n_input"": 666, ""n_ranked"": 28, ""near_miss"": {""reasons"": [{""count"": 1, ""layer"": ""quality_or_theme_hard"", ""pct"": 0.0015015015015015015, ""reason"": ""min_interest_coverage""}], ""top_count"": 1, ""top_pct"": 0.0015015015015015015, ""top_reason"": ""min_interest_coverage""}}}",,union_superset_approx
base,replay_base_2026-01-30,2026-01-30T00:00:00+00:00,2026-01-30,research_pool,"['ACN', 'ATEN', 'EME', 'LMT', 'NOC', 'NUE', 'UNP', 'STLD', 'UPS', 'QLYS', 'FCX', 'FISV', 'EXLS', 'IESC', 'MOS', 'CF', 'SW', 'KIM', 'ESS', 'EXPD', 'KLAC', 'LDOS', 'DIS', 'ZM', 'FTNT', 'AVGO', 'GEV', 'ABNB', 'GOOG', 'GOOGL']",30,-0.016499509602303175,down,"{""ai_enabler"": 10, ""ai_peripheral"": 10, ""core_ai"": 10}","{""ai_enabler"": [""ACN"", ""ATEN"", ""EME"", ""LMT"", ""NOC"", ""NUE"", ""UNP"", ""STLD"", ""UPS"", ""QLYS""], ""ai_peripheral"": [""FCX"", ""FISV"", ""EXLS"", ""IESC"", ""MOS"", ""CF"", ""SW"", ""KIM"", ""ESS"", ""EXPD""], ""core_ai"": [""KLAC"", ""LDOS"", ""DIS"", ""ZM"", ""FTNT"", ""AVGO"", ""GEV"", ""ABNB"", ""GOOG"", ""GOOGL""]}","{""ai_enabler"": {""n_filtered"": 73, ""n_input"": 666, ""n_ranked"": 73, ""priority_counts"": {""left_side_watch"": 1, ""research_now"": 9, ""theme_only"": 49, ""watch_for_pullback"": 14}}, ""ai_peripheral"": {""n_filtered"": 38, ""n_input"": 666, ""n_ranked"": 38, ""priority_counts"": {""left_side_watch"": 2, ""research_now"": 1, ""theme_only"": 35}}, ""core_ai"": {""n_filtered"": 37, ""n_input"": 666, ""n_ranked"": 37, ""priority_counts"": {""left_side_watch"": 6, ""research_now"": 3, ""theme_only"": 11, ""watch_for_pullback"": 17}}}",,union_superset_approx
base,replay_base_2026-02-27,2026-02-27T00:00:00+00:00,2026-02-27,low_value,"['CSCO', 'NFLX', 'ANET', 'TXN', 'ABNB', 'DIS', 'AVGO', 'FTNT', 'CEG', 'TWLO', 'CRH', 'GD', 'ETN', 'VMC', 'EME', 'TT']",16,-0.01606318347509106,down,"{""ai_enabler"": 10, ""ai_peripheral"": 7, ""core_ai"": 10}","{""ai_enabler"": [""NFLX"", ""CSCO"", ""CRH"", ""GD"", ""ETN"", ""VMC"", ""DIS"", ""ABNB"", ""TXN"", ""ANET""], ""ai_peripheral"": [""EME"", ""CRH"", ""GD"", ""VMC"", ""ETN"", ""TT"", ""CEG""], ""core_ai"": [""CSCO"", ""NFLX"", ""ANET"", ""TXN"", ""ABNB"", ""DIS"", ""AVGO"", ""FTNT"", ""CEG"", ""TWLO""]}","{""ai_enabler"": {""first_fail"": {""top_count"": 160, ""top_pct"": 0.2399, ""top_reason"": ""min_dollar_volume""}, ""layer_summary"": {""base_hard"": {""before"": 667, ""pass_rate"": 0.37631184407796103, ""remaining"": 251, ""removed"": 169}, ""quality_or_theme_hard"": {""before"": 296, ""pass_rate"": 0.847972972972973, ""remaining"": 251, ""removed"": 45}, ""valuation_hard"": {""before"": 498, ""pass_rate"": 0.5943775100401606, ""remaining"": 296, ""removed"": 202}}, ""n_filtered"": 251, ""n_input"": 667, ""n_ranked"": 14, ""near_miss"": {""reasons"": [{""count"": 1, ""layer"": ""quality_or_theme_hard"", ""pct"": 0.0014992503748125937, ""reason"": ""min_net_income_yoy""}, {""count"": 1, ""layer"": ""valuation_hard"", ""pct"": 0.0014992503748125937, ""reason"": ""min_return_60d""}, {""count"": 1, ""layer"": ""base_hard"", ""pct"": 0.0014992503748125937, ""reason"": ""min_avg_dollar_volume_20d""}, {""count"": 1, ""layer"": ""quality_or_theme_hard"", ""pct"": 0.0014992503748125937, ""reason"": ""min_ai_link_score""}, {""count"": 1, ""layer"": ""valuation_hard"", ""pct"": 0.0014992503748125937, ""reason"": ""max_ps_percentile_in_sic""}], ""top_count"": 1, ""top_pct"": 0.0014992503748125937, ""top_reason"": ""min_net_income_yoy""}}, ""ai_peripheral"": {""first_fail"": {""top_count"": 160, ""top_pct"": 0.2399, ""top_reason"": ""min_dollar_volume""}, ""layer_summary"": {""base_hard"": {""before"": 667, ""pass_rate"": 0.13943028485757122, ""remaining"": 93, ""removed"": 341}, ""quality_or_theme_hard"": {""before"": 313, ""pass_rate"": 0.8466453674121406, ""remaining"": 265, ""removed"": 48}, ""valuation_hard"": {""before"": 498, ""pass_rate"": 0.6285140562248996, ""remaining"": 313, ""removed"": 185}}, ""n_filtered"": 93, ""n_input"": 667, ""n_ranked"": 7, ""near_miss"": {""reasons"": [{""count"": 1, ""layer"": ""valuation_hard"", ""pct"": 0.0014992503748125937, ""reason"": ""min_return_20d""}, {""count"": 1, ""layer"": ""valuation_hard"", ""pct"": 0.0014992503748125937, ""reason"": ""min_return_60d""}, {""count"": 1, ""layer"": ""quality_or_theme_hard"", ""pct"": 0.0014992503748125937, ""reason"": ""min_ai_link_score""}], ""top_count"": 1, ""top_pct"": 0.0014992503748125937, ""top_reason"": ""min_return_20d""}}, ""core_ai"": {""first_fail"": {""top_count"": 160, ""top_pct"": 0.2399, ""top_reason"": ""min_dollar_volume""}, ""layer_summary"": {""base_hard"": {""before"": 667, ""pass_rate"": 0.13043478260869565, ""remaining"": 87, ""removed"": 308}, ""quality_or_theme_hard"": {""before"": 267, ""pass_rate"": 0.846441947565543, ""remaining"": 226, ""removed"": 41}, ""valuation_hard"": {""before"": 498, ""pass_rate"": 0.536144578313253, ""remaining"": 267, ""removed"": 231}}, ""n_filtered"": 87, ""n_input"": 667, ""n_ranked"": 10, ""near_miss"": {""reasons"": [{""count"": 1, ""layer"": ""quality_or_theme_hard"", ""pct"": 0.0014992503748125937, ""reason"": ""min_revenue_yoy""}, {""count"": 1, ""layer"": ""valuation_hard"", ""pct"": 0.0014992503748125937, ""reason"": ""min_return_60d""}], ""top_count"": 1, ""top_pct"": 0.0014992503748125937, ""top_reason"": ""min_revenue_yoy""}}}",,union_superset_approx
base,replay_base_2026-02-27,2026-02-27T00:00:00+00:00,2026-02-27,industry_trend,"['NFLX', 'CSCO', 'GEV', 'CAT', 'MU', 'AMZN', 'AMAT', 'LRCX', 'KLAC', 'MSFT', 'PWR', 'GE', 'UNP', 'ETN', 'CSX', 'JCI', 'VRT', 'HWM', 'DE']",19,-0.01606318347509106,down,"{""ai_enabler"": 10, ""ai_peripheral"": 10, ""core_ai"": 10}","{""ai_enabler"": [""GEV"", ""NFLX"", ""PWR"", ""GE"", ""UNP"", ""CSCO"", ""ETN"", ""AMAT"", ""CAT"", ""CSX""], ""ai_peripheral"": [""GEV"", ""PWR"", ""GE"", ""JCI"", ""VRT"", ""UNP"", ""CAT"", ""CSX"", ""HWM"", ""DE""], ""core_ai"": [""NFLX"", ""CSCO"", ""GEV"", ""CAT"", ""MU"", ""AMZN"", ""AMAT"", ""LRCX"", ""KLAC"", ""MSFT""]}","{""ai_enabler"": {""first_fail"": {""top_count"": 160, ""top_pct"": 0.2399, ""top_reason"": ""min_dollar_volume""}, ""layer_summary"": {""base_hard"": {""before"": 667, ""pass_rate"": 0.6431784107946027, ""remaining"": 429, ""removed"": 169}, ""quality_or_theme_hard"": {""before"": 498, ""pass_rate"": 0.8614457831325302, ""remaining"": 429, ""removed"": 69}}, ""n_filtered"": 429, ""n_input"": 667, ""n_ranked"": 97, ""near_miss"": {""reasons"": [{""count"": 4, ""layer"": ""valuation_hard"", ""pct"": 0.005997001499250375, ""reason"": ""trend_min_return_60d""}, {""count"": 4, ""layer"": ""quality_or_theme_hard"", ""pct"": 0.005997001499250375, ""reason"": ""min_ai_link_score""}, {""count"": 2, ""layer"": ""valuation_hard"", ""pct"": 0.0029985007496251873, ""reason"": ""max_ps_percentile_in_sic""}, {""count"": 1, ""layer"": ""quality_or_theme_hard"", ""pct"": 0.0014992503748125937, ""reason"": ""min_net_income_yoy""}, {""count"": 1, ""layer"": ""quality_or_theme_hard"", ""pct"": 0.0014992503748125937, ""reason"": ""min_interest_coverage""}], ""top_count"": 4, ""top_pct"": 0.005997001499250375, ""top_reason"": ""trend_min_return_60d""}}, ""ai_peripheral"": {""first_fail"": {""top_count"": 160, ""top_pct"": 0.2399, ""top_reason"": ""min_dollar_volume""}, ""layer_summary"": {""base_hard"": {""before"": 667, ""pass_rate"": 0.27586206896551724, ""remaining"": 184, ""removed"": 414}, ""quality_or_theme_hard"": {""before"": 498, ""pass_rate"": 0.36947791164658633, ""remaining"": 184, ""removed"": 69}}, ""n_filtered"": 184, ""n_input"": 667, ""n_ranked"": 80, ""near_miss"": {""reasons"": [{""count"": 4, ""layer"": ""valuation_hard"", ""pct"": 0.005997001499250375, ""reason"": ""trend_min_return_60d""}, {""count"": 2, ""layer"": ""quality_or_theme_hard"", ""pct"": 0.0029985007496251873, ""reason"": ""min_ai_link_score""}, {""count"": 1, ""layer"": ""base_hard"", ""pct"": 0.0014992503748125937, ""reason"": ""trend_min_avg_dollar_volume_20d""}, {""count"": 1, ""layer"": ""valuation_hard"", ""pct"": 0.0014992503748125937, ""reason"": ""max_ps_hist_percentile""}], ""top_count"": 4, ""top_pct"": 0.005997001499250375, ""top_reason"": ""trend_min_return_60d""}}, ""core_ai"": {""first_fail"": {""top_count"": 160, ""top_pct"": 0.2399, ""top_reason"": ""min_dollar_volume""}, ""layer_summary"": {""base_hard"": {""before"": 667, ""pass_rate"": 0.19490254872563717, ""remaining"": 130, ""removed"": 468}, ""quality_or_theme_hard"": {""before"": 498, ""pass_rate"": 0.26104417670682734, ""remaining"": 130, ""removed"": 69}}, ""n_filtered"": 130, ""n_input"": 667, ""n_ranked"": 28, ""near_miss"": {""reasons"": [{""count"": 2, ""layer"": ""valuation_hard"", ""pct"": 0.0029985007496251873, ""reason"": ""trend_min_return_60d""}, {""count"": 1, ""layer"": ""quality_or_theme_hard"", ""pct"": 0.0014992503748125937, ""reason"": ""min_revenue_yoy""}, {""count"": 1, ""layer"": ""quality_or_theme_hard"", ""pct"": 0.0014992503748125937, ""reason"": ""min_interest_coverage""}, {""count"": 1, ""layer"": ""valuation_hard"", ""pct"": 0.0014992503748125937, ""reason"": ""max_pe_hist_percentile""}, {""count"": 1, ""layer"": ""quality_or_theme_hard"", ""pct"": 0.0014992503748125937, ""reason"": ""min_ai_link_score""}], ""top_count"": 2, ""top_pct"": 0.0029985007496251873, ""top_reason"": ""trend_min_return_60d""}}}",,union_superset_approx
base,replay_base_2026-02-27,2026-02-27T00:00:00+00:00,2026-02-27,momentum,"['NFLX', 'GEV', 'CSCO', 'CAT', 'AMAT', 'DE', 'TSM', 'KLAC', 'CRM', 'MSFT', 'PWR', 'UNP', 'HWM', 'ATI', 'JCI', 'ETN', 'CSX', 'GE', 'VRT']",19,-0.01606318347509106,down,"{""ai_enabler"": 10, ""ai_peripheral"": 10, ""core_ai"": 10}","{""ai_enabler"": [""GEV"", ""PWR"", ""NFLX"", ""UNP"", ""HWM"", ""ATI"", ""JCI"", ""ETN"", ""CSX"", ""GE""], ""ai_peripheral"": [""GEV"", ""PWR"", ""HWM"", ""UNP"", ""JCI"", ""ATI"", ""VRT"", ""GE"", ""DE"", ""CAT""], ""core_ai"": [""NFLX"", ""GEV"", ""CSCO"", ""CAT"", ""AMAT"", ""DE"", ""TSM"", ""KLAC"", ""CRM"", ""MSFT""]}","{""ai_enabler"": {""first_fail"": {""top_count"": 160, ""top_pct"": 0.2399, ""top_reason"": ""min_dollar_volume""}, ""layer_summary"": {""base_hard"": {""before"": 667, ""pass_rate"": 0.6431784107946027, ""remaining"": 429, ""removed"": 169}, ""quality_or_theme_hard"": {""before"": 498, ""pass_rate"": 0.8614457831325302, ""remaining"": 429, ""removed"": 69}}, ""n_filtered"": 429, ""n_input"": 667, ""n_ranked"": 97, ""near_miss"": {""reasons"": [{""count"": 1, ""layer"": ""valuation_hard"", ""pct"": 0.0014992503748125937, ""reason"": ""max_ps_hist_percentile""}, {""count"": 1, ""layer"": ""quality_or_theme_hard"", ""pct"": 0.0014992503748125937, ""reason"": ""min_ai_link_score""}], ""top_count"": 1, ""top_pct"": 0.0014992503748125937, ""top_reason"": ""max_ps_hist_percentile""}}, ""ai_peripheral"": {""first_fail"": {""top_count"": 160, ""top_pct"": 0.2399, ""top_reason"": ""min_dollar_volume""}, ""layer_summary"": {""base_hard"": {""before"": 667, ""pass_rate"": 0.27586206896551724, ""remaining"": 184, ""removed"": 414}, ""quality_or_theme_hard"": {""before"": 498, ""pass_rate"": 0.36947791164658633, ""remaining"": 184, ""removed"": 69}}, ""n_filtered"": 184, ""n_input"": 667, ""n_ranked"": 80, ""near_miss"": {""reasons"": [{""count"": 2, ""layer"": ""quality_or_theme_hard"", ""pct"": 0.0029985007496251873, ""reason"": ""min_ai_link_score""}, {""count"": 1, ""layer"": ""base_hard"", ""pct"": 0.0014992503748125937, ""reason"": ""momentum_min_avg_dollar_volume_20d""}, {""count"": 1, ""layer"": ""valuation_hard"", ""pct"": 0.0014992503748125937, ""reason"": ""max_ps_hist_percentile""}], ""top_count"": 2, ""top_pct"": 0.0029985007496251873, ""top_reason"": ""min_ai_link_score""}}, ""core_ai"": {""first_fail"": {""top_count"": 160, ""top_pct"": 0.2399, ""top_reason"": ""min_dollar_volume""}, ""layer_summary"": {""base_hard"": {""before"": 667, ""pass_rate"": 0.19490254872563717, ""remaining"": 130, ""removed"": 468}, ""quality_or_theme_hard"": {""before"": 498, ""pass_rate"": 0.26104417670682734, ""remaining"": 130, ""removed"": 69}}, ""n_filtered"": 130, ""n_input"": 667, ""n_ranked"": 28, ""near_miss"": {""reasons"": [], ""top_count"": 0, ""top_pct"": 0.0, ""top_reason"": """"}}}",,union_superset_approx
base,replay_base_2026-02-27,2026-02-27T00:00:00+00:00,2026-02-27,research_pool,"['EME', 'CRH', 'LMT', 'CMI', 'STLD', 'NOC', 'NUE', 'CSX', 'UPS', 'JCI', 'FCX', 'HII', 'EXLS', 'SW', 'IESC', 'MOS', 'CF', 'FISV', 'KEX', 'EEFT', 'KLAC', 'DIS', 'CSCO', 'AVGO', 'NFLX', 'FTNT', 'GEV', 'MU', 'ANET', 'ON']",30,-0.01606318347509106,down,"{""ai_enabler"": 10, ""ai_peripheral"": 10, ""core_ai"": 10}","{""ai_enabler"": [""EME"", ""CRH"", ""LMT"", ""CMI"", ""STLD"", ""NOC"", ""NUE"", ""CSX"", ""UPS"", ""JCI""], ""ai_peripheral"": [""FCX"", ""HII"", ""EXLS"", ""SW"", ""IESC"", ""MOS"", ""CF"", ""FISV"", ""KEX"", ""EEFT""], ""core_ai"": [""KLAC"", ""DIS"", ""CSCO"", ""AVGO"", ""NFLX"", ""FTNT"", ""GEV"", ""MU"", ""ANET"", ""ON""]}","{""ai_enabler"": {""n_filtered"": 65, ""n_input"": 667, ""n_ranked"": 65, ""priority_counts"": {""left_side_watch"": 4, ""research_now"": 9, ""theme_only"": 40, ""watch_for_pullback"": 12}}, ""ai_peripheral"": {""n_filtered"": 32, ""n_input"": 667, ""n_ranked"": 32, ""priority_counts"": {""left_side_watch"": 1, ""research_now"": 2, ""theme_only"": 29}}, ""core_ai"": {""n_filtered"": 35, ""n_input"": 667, ""n_ranked"": 35, ""priority_counts"": {""left_side_watch"": 9, ""research_now"": 3, ""theme_only"": 10, ""watch_for_pullback"": 13}}}",,union_superset_approx
base,replay_base_2026-03-31,2026-03-31T00:00:00+00:00,2026-03-31,low_value,[],0,-0.05867097279311029,down,"{""ai_enabler"": 0, ""ai_peripheral"": 0, ""core_ai"": 0}","{""ai_enabler"": [], ""ai_peripheral"": [], ""core_ai"": []}","{""ai_enabler"": {""first_fail"": {""top_count"": 163, ""top_pct"": 0.2433, ""top_reason"": ""min_dollar_volume""}, ""layer_summary"": {""base_hard"": {""before"": 670, ""pass_rate"": 0.0, ""remaining"": 0, ""removed"": 173}, ""quality_or_theme_hard"": {""before"": 369, ""pass_rate"": 0.0, ""remaining"": 0, ""removed"": 369}, ""valuation_hard"": {""before"": 497, ""pass_rate"": 0.7424547283702213, ""remaining"": 369, ""removed"": 128}}, ""n_filtered"": 0, ""n_input"": 670, ""n_ranked"": 0, ""near_miss"": {""reasons"": [{""count"": 3, ""layer"": ""quality_or_theme_hard"", ""pct"": 0.004477611940298508, ""reason"": ""benchmark_trend_filter""}], ""top_count"": 3, ""top_pct"": 0.004477611940298508, ""top_reason"": ""benchmark_trend_filter""}}, ""ai_peripheral"": {""first_fail"": {""top_count"": 163, ""top_pct"": 0.2433, ""top_reason"": ""min_dollar_volume""}, ""layer_summary"": {""base_hard"": {""before"": 670, ""pass_rate"": 0.0, ""remaining"": 0, ""removed"": 173}, ""quality_or_theme_hard"": {""before"": 390, ""pass_rate"": 0.0, ""remaining"": 0, ""removed"": 390}, ""valuation_hard"": {""before"": 497, ""pass_rate"": 0.7847082494969819, ""remaining"": 390, ""removed"": 107}}, ""n_filtered"": 0, ""n_input"": 670, ""n_ranked"": 0, ""near_miss"": {""reasons"": [{""count"": 3, ""layer"": ""quality_or_theme_hard"", ""pct"": 0.004477611940298508, ""reason"": ""benchmark_trend_filter""}], ""top_count"": 3, ""top_pct"": 0.004477611940298508, ""top_reason"": ""benchmark_trend_filter""}}, ""core_ai"": {""first_fail"": {""top_count"": 163, ""top_pct"": 0.2433, ""top_reason"": ""min_dollar_volume""}, ""layer_summary"": {""base_hard"": {""before"": 670, ""pass_rate"": 0.0, ""remaining"": 0, ""removed"": 173}, ""quality_or_theme_hard"": {""before"": 330, ""pass_rate"": 0.0, ""remaining"": 0, ""removed"": 330}, ""valuation_hard"": {""before"": 497, ""pass_rate"": 0.6639839034205232, ""remaining"": 330, ""removed"": 167}}, ""n_filtered"": 0, ""n_input"": 670, ""n_ranked"": 0, ""near_miss"": {""reasons"": [{""count"": 1, ""layer"": ""quality_or_theme_hard"", ""pct"": 0.0014925373134328358, ""reason"": ""benchmark_trend_filter""}], ""top_count"": 1, ""top_pct"": 0.0014925373134328358, ""top_reason"": ""benchmark_trend_filter""}}}",,union_superset_approx
base,replay_base_2026-03-31,2026-03-31T00:00:00+00:00,2026-03-31,industry_trend,[],0,-0.05867097279311029,down,"{""ai_enabler"": 0, ""ai_peripheral"": 0, ""core_ai"": 0}","{""ai_enabler"": [], ""ai_peripheral"": [], ""core_ai"": []}","{""ai_enabler"": {""first_fail"": {""top_count"": 163, ""top_pct"": 0.2433, ""top_reason"": ""min_dollar_volume""}, ""layer_summary"": {""base_hard"": {""before"": 670, ""pass_rate"": 0.6, ""remaining"": 402, ""removed"": 173}, ""quality_or_theme_hard"": {""before"": 497, ""pass_rate"": 0.0, ""remaining"": 0, ""removed"": 497}}, ""n_filtered"": 0, ""n_input"": 670, ""n_ranked"": 0, ""near_miss"": {""reasons"": [{""count"": 4, ""layer"": ""quality_or_theme_hard"", ""pct"": 0.005970149253731343, ""reason"": ""benchmark_trend_filter""}], ""top_count"": 4, ""top_pct"": 0.005970149253731343, ""top_reason"": ""benchmark_trend_filter""}}, ""ai_peripheral"": {""first_fail"": {""top_count"": 163, ""top_pct"": 0.2433, ""top_reason"": ""min_dollar_volume""}, ""layer_summary"": {""base_hard"": {""before"": 670, ""pass_rate"": 0.2656716417910448, ""remaining"": 178, ""removed"": 397}, ""quality_or_theme_hard"": {""before"": 497, ""pass_rate"": 0.0, ""remaining"": 0, ""removed"": 273}}, ""n_filtered"": 0, ""n_input"": 670, ""n_ranked"": 0, ""near_miss"": {""reasons"": [{""count"": 3, ""layer"": ""quality_or_theme_hard"", ""pct"": 0.004477611940298508, ""reason"": ""benchmark_trend_filter""}], ""top_count"": 3, ""top_pct"": 0.004477611940298508, ""top_reason"": ""benchmark_trend_filter""}}, ""core_ai"": {""first_fail"": {""top_count"": 163, ""top_pct"": 0.2433, ""top_reason"": ""min_dollar_volume""}, ""layer_summary"": {""base_hard"": {""before"": 670, ""pass_rate"": 0.18507462686567164, ""remaining"": 124, ""removed"": 451}, ""quality_or_theme_hard"": {""before"": 497, ""pass_rate"": 0.0, ""remaining"": 0, ""removed"": 219}}, ""n_filtered"": 0, ""n_input"": 670, ""n_ranked"": 0, ""near_miss"": {""reasons"": [{""count"": 2, ""layer"": ""quality_or_theme_hard"", ""pct"": 0.0029850746268656717, ""reason"": ""benchmark_trend_filter""}], ""top_count"": 2, ""top_pct"": 0.0029850746268656717, ""top_reason"": ""benchmark_trend_filter""}}}",,union_superset_approx
base,replay_base_2026-03-31,2026-03-31T00:00:00+00:00,2026-03-31,momentum,[],0,-0.05867097279311029,down,"{""ai_enabler"": 0, ""ai_peripheral"": 0, ""core_ai"": 0}","{""ai_enabler"": [], ""ai_peripheral"": [], ""core_ai"": []}","{""ai_enabler"": {""first_fail"": {""top_count"": 163, ""top_pct"": 0.2433, ""top_reason"": ""min_dollar_volume""}, ""layer_summary"": {""base_hard"": {""before"": 670, ""pass_rate"": 0.6, ""remaining"": 402, ""removed"": 173}, ""quality_or_theme_hard"": {""before"": 497, ""pass_rate"": 0.0, ""remaining"": 0, ""removed"": 497}}, ""n_filtered"": 0, ""n_input"": 670, ""n_ranked"": 0, ""near_miss"": {""reasons"": [], ""top_count"": 0, ""top_pct"": 0.0, ""top_reason"": """"}}, ""ai_peripheral"": {""first_fail"": {""top_count"": 163, ""top_pct"": 0.2433, ""top_reason"": ""min_dollar_volume""}, ""layer_summary"": {""base_hard"": {""before"": 670, ""pass_rate"": 0.2656716417910448, ""remaining"": 178, ""removed"": 397}, ""quality_or_theme_hard"": {""before"": 497, ""pass_rate"": 0.0, ""remaining"": 0, ""removed"": 273}}, ""n_filtered"": 0, ""n_input"": 670, ""n_ranked"": 0, ""near_miss"": {""reasons"": [], ""top_count"": 0, ""top_pct"": 0.0, ""top_reason"": """"}}, ""core_ai"": {""first_fail"": {""top_count"": 163, ""top_pct"": 0.2433, ""top_reason"": ""min_dollar_volume""}, ""layer_summary"": {""base_hard"": {""before"": 670, ""pass_rate"": 0.18507462686567164, ""remaining"": 124, ""removed"": 451}, ""quality_or_theme_hard"": {""before"": 497, ""pass_rate"": 0.0, ""remaining"": 0, ""removed"": 219}}, ""n_filtered"": 0, ""n_input"": 670, ""n_ranked"": 0, ""near_miss"": {""reasons"": [], ""top_count"": 0, ""top_pct"": 0.0, ""top_reason"": """"}}}",,union_superset_approx
base,replay_base_2026-03-31,2026-03-31T00:00:00+00:00,2026-03-31,research_pool,"['EME', 'CMI', 'LMT', 'NOC', 'NUE', 'UNP', 'ETN', 'OKTA', 'TT', 'JCI', 'FCX', 'HII', 'SKY', 'FISV', 'EEFT', 'EXLS', 'IESC', 'SW', 'MOS', 'LYFT', 'KLAC', 'PYPL', 'MU', 'AMZN', 'CSCO', 'ZM', 'CRM', 'ORCL', 'NVDA', 'ANET']",30,-0.05867097279311029,down,"{""ai_enabler"": 10, ""ai_peripheral"": 10, ""core_ai"": 10}","{""ai_enabler"": [""EME"", ""CMI"", ""LMT"", ""NOC"", ""NUE"", ""UNP"", ""ETN"", ""OKTA"", ""TT"", ""JCI""], ""ai_peripheral"": [""FCX"", ""HII"", ""SKY"", ""FISV"", ""EEFT"", ""EXLS"", ""IESC"", ""SW"", ""MOS"", ""LYFT""], ""core_ai"": [""KLAC"", ""PYPL"", ""MU"", ""AMZN"", ""CSCO"", ""ZM"", ""CRM"", ""ORCL"", ""NVDA"", ""ANET""]}","{""ai_enabler"": {""n_filtered"": 59, ""n_input"": 670, ""n_ranked"": 59, ""priority_counts"": {""left_side_watch"": 5, ""research_now"": 6, ""theme_only"": 41, ""watch_for_pullback"": 7}}, ""ai_peripheral"": {""n_filtered"": 27, ""n_input"": 670, ""n_ranked"": 27, ""priority_counts"": {""left_side_watch"": 3, ""research_now"": 2, ""theme_only"": 22}}, ""core_ai"": {""n_filtered"": 38, ""n_input"": 670, ""n_ranked"": 38, ""priority_counts"": {""left_side_watch"": 5, ""research_now"": 5, ""theme_only"": 12, ""watch_for_pullback"": 16}}}",,union_superset_approx
base,replay_base_2026-04-30,2026-04-30T00:00:00+00:00,2026-04-30,low_value,"['PYPL', 'UBER', 'NFLX', 'META', 'DIS', 'FTNT', 'CEG', 'PANW', 'CRH', 'GD', 'GE', 'VMC', 'PH', 'UNP', 'HWM', 'TT']",16,0.08297375336599289,up,"{""ai_enabler"": 10, ""ai_peripheral"": 10, ""core_ai"": 8}","{""ai_enabler"": [""PYPL"", ""UBER"", ""NFLX"", ""CRH"", ""GD"", ""GE"", ""VMC"", ""DIS"", ""PH"", ""META""], ""ai_peripheral"": [""PYPL"", ""UBER"", ""VMC"", ""CRH"", ""UNP"", ""GD"", ""GE"", ""PH"", ""HWM"", ""TT""], ""core_ai"": [""PYPL"", ""UBER"", ""NFLX"", ""META"", ""DIS"", ""FTNT"", ""CEG"", ""PANW""]}","{""ai_enabler"": {""first_fail"": {""top_count"": 140, ""top_pct"": 0.2086, ""top_reason"": ""min_dollar_volume""}, ""layer_summary"": {""base_hard"": {""before"": 671, ""pass_rate"": 0.37257824143070045, ""remaining"": 250, ""removed"": 150}, ""quality_or_theme_hard"": {""before"": 320, ""pass_rate"": 0.78125, ""remaining"": 250, ""removed"": 70}, ""valuation_hard"": {""before"": 521, ""pass_rate"": 0.6142034548944337, ""remaining"": 320, ""removed"": 201}}, ""n_filtered"": 250, ""n_input"": 671, ""n_ranked"": 16, ""near_miss"": {""reasons"": [{""count"": 3, ""layer"": ""valuation_hard"", ""pct"": 0.004470938897168405, ""reason"": ""min_value_discount_any""}, {""count"": 2, ""layer"": ""quality_or_theme_hard"", ""pct"": 0.0029806259314456036, ""reason"": ""min_current_ratio""}, {""count"": 2, ""layer"": ""valuation_hard"", ""pct"": 0.0029806259314456036, ""reason"": ""max_ps_percentile_in_sic""}, {""count"": 1, ""layer"": ""base_hard"", ""pct"": 0.0014903129657228018, ""reason"": ""min_avg_dollar_volume_20d""}, {""count"": 1, ""layer"": ""valuation_hard"", ""pct"": 0.0014903129657228018, ""reason"": ""max_ps_hist_percentile""}], ""top_count"": 3, ""top_pct"": 0.004470938897168405, ""top_reason"": ""min_value_discount_any""}}, ""ai_peripheral"": {""first_fail"": {""top_count"": 140, ""top_pct"": 0.2086, ""top_reason"": ""min_dollar_volume""}, ""layer_summary"": {""base_hard"": {""before"": 671, ""pass_rate"": 0.17585692995529062, ""remaining"": 118, ""removed"": 299}, ""quality_or_theme_hard"": {""before"": 339, ""pass_rate"": 0.7876106194690266, ""remaining"": 267, ""removed"": 72}, ""valuation_hard"": {""before"": 521, ""pass_rate"": 0.6506717850287908, ""remaining"": 339, ""removed"": 182}}, ""n_filtered"": 118, ""n_input"": 671, ""n_ranked"": 13, ""near_miss"": {""reasons"": [{""count"": 3, ""layer"": ""quality_or_theme_hard"", ""pct"": 0.004470938897168405, ""reason"": ""min_ai_link_score""}, {""count"": 2, ""layer"": ""valuation_hard"", ""pct"": 0.0029806259314456036, ""reason"": ""min_return_60d""}, {""count"": 1, ""layer"": ""quality_or_theme_hard"", ""pct"": 0.0014903129657228018, ""reason"": ""min_current_ratio""}, {""count"": 1, ""layer"": ""valuation_hard"", ""pct"": 0.0014903129657228018, ""reason"": ""max_ps_hist_percentile""}, {""count"": 1, ""layer"": ""base_hard"", ""pct"": 0.0014903129657228018, ""reason"": ""channel_bucket_match""}], ""top_count"": 3, ""top_pct"": 0.004470938897168405, ""top_reason"": ""min_ai_link_score""}}, ""core_ai"": {""first_fail"": {""top_count"": 140, ""top_pct"": 0.2086, ""top_reason"": ""min_dollar_volume""}, ""layer_summary"": {""base_hard"": {""before"": 671, ""pass_rate"": 0.09836065573770492, ""remaining"": 66, ""removed"": 306}, ""quality_or_theme_hard"": {""before"": 287, ""pass_rate"": 0.7735191637630662, ""remaining"": 222, ""removed"": 65}, ""valuation_hard"": {""before"": 521, ""pass_rate"": 0.5508637236084453, ""remaining"": 287, ""removed"": 234}}, ""n_filtered"": 66, ""n_input"": 671, ""n_ranked"": 8, ""near_miss"": {""reasons"": [{""count"": 2, ""layer"": ""valuation_hard"", ""pct"": 0.0029806259314456036, ""reason"": ""max_ps_percentile_in_sic""}, {""count"": 1, ""layer"": ""valuation_hard"", ""pct"": 0.0014903129657228018, ""reason"": ""max_20d_return""}, {""count"": 1, ""layer"": ""quality_or_theme_hard"", ""pct"": 0.0014903129657228018, ""reason"": ""min_current_ratio""}, {""count"": 1, ""layer"": ""quality_or_theme_hard"", ""pct"": 0.0014903129657228018, ""reason"": ""min_ai_link_score""}, {""count"": 1, ""layer"": ""valuation_hard"", ""pct"": 0.0014903129657228018, ""reason"": ""min_value_discount_any""}], ""top_count"": 2, ""top_pct"": 0.0029806259314456036, ""top_reason"": ""max_ps_percentile_in_sic""}}}",,union_superset_approx
base,replay_base_2026-04-30,2026-04-30T00:00:00+00:00,2026-04-30,industry_trend,"['MU', 'AMZN', 'TXN', 'QCOM', 'ANET', 'KLAC', 'CSCO', 'GOOGL', 'LRCX', 'GOOG', 'PWR', 'ETN', 'GEV', 'CAT', 'UNP', 'VRT', 'CRH', 'EME', 'NUE', 'CSX']",20,0.08297375336599289,up,"{""ai_enabler"": 10, ""ai_peripheral"": 10, ""core_ai"": 10}","{""ai_enabler"": [""MU"", ""ANET"", ""AMZN"", ""TXN"", ""QCOM"", ""PWR"", ""KLAC"", ""LRCX"", ""CSCO"", ""GOOG""], ""ai_peripheral"": [""PWR"", ""ETN"", ""GEV"", ""CAT"", ""UNP"", ""VRT"", ""CRH"", ""EME"", ""NUE"", ""CSX""], ""core_ai"": [""MU"", ""AMZN"", ""TXN"", ""QCOM"", ""ANET"", ""KLAC"", ""CSCO"", ""GOOGL"", ""LRCX"", ""GOOG""]}","{""ai_enabler"": {""first_fail"": {""top_count"": 140, ""top_pct"": 0.2086, ""top_reason"": ""min_dollar_volume""}, ""layer_summary"": {""base_hard"": {""before"": 671, ""pass_rate"": 0.6125186289120715, ""remaining"": 411, ""removed"": 150}, ""quality_or_theme_hard"": {""before"": 521, ""pass_rate"": 0.7888675623800384, ""remaining"": 411, ""removed"": 110}}, ""n_filtered"": 411, ""n_input"": 671, ""n_ranked"": 96, ""near_miss"": {""reasons"": [{""count"": 3, ""layer"": ""valuation_hard"", ""pct"": 0.004470938897168405, ""reason"": ""max_ps_percentile_in_sic""}, {""count"": 2, ""layer"": ""valuation_hard"", ""pct"": 0.0029806259314456036, ""reason"": ""max_ps_hist_percentile""}, {""count"": 1, ""layer"": ""valuation_hard"", ""pct"": 0.0014903129657228018, ""reason"": ""trend_min_return_60d""}, {""count"": 1, ""layer"": ""quality_or_theme_hard"", ""pct"": 0.0014903129657228018, ""reason"": ""min_interest_coverage""}, {""count"": 1, ""layer"": ""quality_or_theme_hard"", ""pct"": 0.0014903129657228018, ""reason"": ""min_current_ratio""}], ""top_count"": 3, ""top_pct"": 0.004470938897168405, ""top_reason"": ""max_ps_percentile_in_sic""}}, ""ai_peripheral"": {""first_fail"": {""top_count"": 140, ""top_pct"": 0.2086, ""top_reason"": ""min_dollar_volume""}, ""layer_summary"": {""base_hard"": {""before"": 671, ""pass_rate"": 0.26825633383010433, ""remaining"": 180, ""removed"": 381}, ""quality_or_theme_hard"": {""before"": 521, ""pass_rate"": 0.345489443378119, ""remaining"": 180, ""removed"": 110}}, ""n_filtered"": 180, ""n_input"": 671, ""n_ranked"": 80, ""near_miss"": {""reasons"": [{""count"": 3, ""layer"": ""quality_or_theme_hard"", ""pct"": 0.004470938897168405, ""reason"": ""min_ai_link_score""}, {""count"": 2, ""layer"": ""valuation_hard"", ""pct"": 0.0029806259314456036, ""reason"": ""trend_min_return_60d""}, {""count"": 1, ""layer"": ""valuation_hard"", ""pct"": 0.0014903129657228018, ""reason"": ""max_ps_hist_percentile""}, {""count"": 1, ""layer"": ""base_hard"", ""pct"": 0.0014903129657228018, ""reason"": ""channel_bucket_match""}], ""top_count"": 3, ""top_pct"": 0.004470938897168405, ""top_reason"": ""min_ai_link_score""}}, ""core_ai"": {""first_fail"": {""top_count"": 140, ""top_pct"": 0.2086, ""top_reason"": ""min_dollar_volume""}, ""layer_summary"": {""base_hard"": {""before"": 671, ""pass_rate"": 0.18926974664679583, ""remaining"": 127, ""removed"": 434}, ""quality_or_theme_hard"": {""before"": 521, ""pass_rate"": 0.2437619961612284, ""remaining"": 127, ""removed"": 110}}, ""n_filtered"": 127, ""n_input"": 671, ""n_ranked"": 28, ""near_miss"": {""reasons"": [{""count"": 1, ""layer"": ""valuation_hard"", ""pct"": 0.0014903129657228018, ""reason"": ""max_ps_percentile_in_sic""}, {""count"": 1, ""layer"": ""valuation_hard"", ""pct"": 0.0014903129657228018, ""reason"": ""trend_min_return_60d""}, {""count"": 1, ""layer"": ""base_hard"", ""pct"": 0.0014903129657228018, ""reason"": ""trend_min_avg_dollar_volume_20d""}, {""count"": 1, ""layer"": ""quality_or_theme_hard"", ""pct"": 0.0014903129657228018, ""reason"": ""min_interest_coverage""}, {""count"": 1, ""layer"": ""quality_or_theme_hard"", ""pct"": 0.0014903129657228018, ""reason"": ""min_ai_link_score""}], ""top_count"": 1, ""top_pct"": 0.0014903129657228018, ""top_reason"": ""max_ps_percentile_in_sic""}}}",,union_superset_approx
base,replay_base_2026-04-30,2026-04-30T00:00:00+00:00,2026-04-30,momentum,"['MU', 'ANET', 'TXN', 'AMD', 'AMZN', 'CSCO', 'GOOGL', 'LRCX', 'KLAC', 'GOOG', 'QCOM', 'PWR', 'SBAC', 'GEV', 'ETN', 'CAT', 'NUE', 'EME', 'CRH', 'UNP', 'VRT']",21,0.08297375336599289,up,"{""ai_enabler"": 10, ""ai_peripheral"": 10, ""core_ai"": 10}","{""ai_enabler"": [""MU"", ""ANET"", ""TXN"", ""QCOM"", ""AMZN"", ""PWR"", ""KLAC"", ""LRCX"", ""SBAC"", ""GOOG""], ""ai_peripheral"": [""PWR"", ""GEV"", ""ETN"", ""CAT"", ""SBAC"", ""NUE"", ""EME"", ""CRH"", ""UNP"", ""VRT""], ""core_ai"": [""MU"", ""ANET"", ""TXN"", ""AMD"", ""AMZN"", ""CSCO"", ""GOOGL"", ""LRCX"", ""KLAC"", ""GOOG""]}","{""ai_enabler"": {""first_fail"": {""top_count"": 140, ""top_pct"": 0.2086, ""top_reason"": ""min_dollar_volume""}, ""layer_summary"": {""base_hard"": {""before"": 671, ""pass_rate"": 0.6125186289120715, ""remaining"": 411, ""removed"": 150}, ""quality_or_theme_hard"": {""before"": 521, ""pass_rate"": 0.7888675623800384, ""remaining"": 411, ""removed"": 110}}, ""n_filtered"": 411, ""n_input"": 671, ""n_ranked"": 96, ""near_miss"": {""reasons"": [{""count"": 2, ""layer"": ""valuation_hard"", ""pct"": 0.0029806259314456036, ""reason"": ""max_ps_percentile_in_sic""}, {""count"": 1, ""layer"": ""valuation_hard"", ""pct"": 0.0014903129657228018, ""reason"": ""momentum_min_price_to_sma200""}, {""count"": 1, ""layer"": ""valuation_hard"", ""pct"": 0.0014903129657228018, ""reason"": ""momentum_min_return_60d""}, {""count"": 1, ""layer"": ""quality_or_theme_hard"", ""pct"": 0.0014903129657228018, ""reason"": ""min_interest_coverage""}, {""count"": 1, ""layer"": ""valuation_hard"", ""pct"": 0.0014903129657228018, ""reason"": ""max_ps_hist_percentile""}], ""top_count"": 2, ""top_pct"": 0.0029806259314456036, ""top_reason"": ""max_ps_percentile_in_sic""}}, ""ai_peripheral"": {""first_fail"": {""top_count"": 140, ""top_pct"": 0.2086, ""top_reason"": ""min_dollar_volume""}, ""layer_summary"": {""base_hard"": {""before"": 671, ""pass_rate"": 0.26825633383010433, ""remaining"": 180, ""removed"": 381}, ""quality_or_theme_hard"": {""before"": 521, ""pass_rate"": 0.345489443378119, ""remaining"": 180, ""removed"": 110}}, ""n_filtered"": 180, ""n_input"": 671, ""n_ranked"": 80, ""near_miss"": {""reasons"": [{""count"": 2, ""layer"": ""quality_or_theme_hard"", ""pct"": 0.0029806259314456036, ""reason"": ""min_ai_link_score""}, {""count"": 1, ""layer"": ""valuation_hard"", ""pct"": 0.0014903129657228018, ""reason"": ""momentum_min_price_to_sma200""}, {""count"": 1, ""layer"": ""valuation_hard"", ""pct"": 0.0014903129657228018, ""reason"": ""momentum_min_return_60d""}, {""count"": 1, ""layer"": ""quality_or_theme_hard"", ""pct"": 0.0014903129657228018, ""reason"": ""min_interest_coverage""}], ""top_count"": 2, ""top_pct"": 0.0029806259314456036, ""top_reason"": ""min_ai_link_score""}}, ""core_ai"": {""first_fail"": {""top_count"": 140, ""top_pct"": 0.2086, ""top_reason"": ""min_dollar_volume""}, ""layer_summary"": {""base_hard"": {""before"": 671, ""pass_rate"": 0.18926974664679583, ""remaining"": 127, ""removed"": 434}, ""quality_or_theme_hard"": {""before"": 521, ""pass_rate"": 0.2437619961612284, ""remaining"": 127, ""removed"": 110}}, ""n_filtered"": 127, ""n_input"": 671, ""n_ranked"": 28, ""near_miss"": {""reasons"": [{""count"": 1, ""layer"": ""quality_or_theme_hard"", ""pct"": 0.0014903129657228018, ""reason"": ""min_interest_coverage""}], ""top_count"": 1, ""top_pct"": 0.0014903129657228018, ""top_reason"": ""min_interest_coverage""}}}",,union_superset_approx
base,replay_base_2026-04-30,2026-04-30T00:00:00+00:00,2026-04-30,research_pool,"['STLD', 'CRH', 'UNP', 'CSX', 'NUE', 'QLYS', 'EME', 'ETN', 'GE', 'JCI', 'FCX', 'MOS', 'UAL', 'EXLS', 'SW', 'NEM', 'SKY', 'FISV', 'IESC', 'LYFT', 'KLAC', 'PYPL', 'UBER', 'NFLX', 'DIS', 'MSFT', 'ZM', 'ORCL', 'NVDA', 'META']",30,0.08297375336599289,up,"{""ai_enabler"": 10, ""ai_peripheral"": 10, ""core_ai"": 10}","{""ai_enabler"": [""STLD"", ""CRH"", ""UNP"", ""CSX"", ""NUE"", ""QLYS"", ""EME"", ""ETN"", ""GE"", ""JCI""], ""ai_peripheral"": [""FCX"", ""MOS"", ""UAL"", ""EXLS"", ""SW"", ""NEM"", ""SKY"", ""FISV"", ""IESC"", ""LYFT""], ""core_ai"": [""KLAC"", ""PYPL"", ""UBER"", ""NFLX"", ""DIS"", ""MSFT"", ""ZM"", ""ORCL"", ""NVDA"", ""META""]}","{""ai_enabler"": {""n_filtered"": 72, ""n_input"": 671, ""n_ranked"": 72, ""priority_counts"": {""left_side_watch"": 4, ""research_now"": 5, ""theme_only"": 50, ""watch_for_pullback"": 13}}, ""ai_peripheral"": {""n_filtered"": 35, ""n_input"": 671, ""n_ranked"": 35, ""priority_counts"": {""left_side_watch"": 2, ""research_now"": 1, ""theme_only"": 32}}, ""core_ai"": {""n_filtered"": 39, ""n_input"": 671, ""n_ranked"": 39, ""priority_counts"": {""left_side_watch"": 2, ""research_now"": 5, ""theme_only"": 11, ""watch_for_pullback"": 21}}}",,union_superset_approx
base,replay_base_2026-05-29,2026-05-29T00:00:00+00:00,2026-05-29,low_value,"['CRM', 'WDAY', 'META', 'DIS', 'TSLA', 'CHKP', 'UNP', 'RTX', 'GD', 'GE', 'ETN', 'NOC', 'NVDA', 'EME', 'TT']",15,0.20903075764027634,up,"{""ai_enabler"": 10, ""ai_peripheral"": 8, ""core_ai"": 5}","{""ai_enabler"": [""CRM"", ""CHKP"", ""UNP"", ""RTX"", ""GD"", ""GE"", ""ETN"", ""NOC"", ""NVDA"", ""DIS""], ""ai_peripheral"": [""RTX"", ""EME"", ""UNP"", ""NOC"", ""GE"", ""GD"", ""ETN"", ""TT""], ""core_ai"": [""CRM"", ""WDAY"", ""META"", ""DIS"", ""TSLA""]}","{""ai_enabler"": {""first_fail"": {""top_count"": 118, ""top_pct"": 0.1748, ""top_reason"": ""min_dollar_volume""}, ""layer_summary"": {""base_hard"": {""before"": 675, ""pass_rate"": 0.4, ""remaining"": 270, ""removed"": 127}, ""quality_or_theme_hard"": {""before"": 334, ""pass_rate"": 0.8083832335329342, ""remaining"": 270, ""removed"": 64}, ""valuation_hard"": {""before"": 548, ""pass_rate"": 0.6094890510948905, ""remaining"": 334, ""removed"": 214}}, ""n_filtered"": 270, ""n_input"": 675, ""n_ranked"": 14, ""near_miss"": {""reasons"": [{""count"": 2, ""layer"": ""quality_or_theme_hard"", ""pct"": 0.002962962962962963, ""reason"": ""min_ai_link_score""}, {""count"": 1, ""layer"": ""quality_or_theme_hard"", ""pct"": 0.0014814814814814814, ""reason"": ""min_net_income_yoy""}, {""count"": 1, ""layer"": ""quality_or_theme_hard"", ""pct"": 0.0014814814814814814, ""reason"": ""min_current_ratio""}, {""count"": 1, ""layer"": ""quality_or_theme_hard"", ""pct"": 0.0014814814814814814, ""reason"": ""max_accrual_ratio""}, {""count"": 1, ""layer"": ""valuation_hard"", ""pct"": 0.0014814814814814814, ""reason"": ""min_value_discount_any""}], ""top_count"": 2, ""top_pct"": 0.002962962962962963, ""top_reason"": ""min_ai_link_score""}}, ""ai_peripheral"": {""first_fail"": {""top_count"": 118, ""top_pct"": 0.1748, ""top_reason"": ""min_dollar_volume""}, ""layer_summary"": {""base_hard"": {""before"": 675, ""pass_rate"": 0.21185185185185185, ""remaining"": 143, ""removed"": 268}, ""quality_or_theme_hard"": {""before"": 350, ""pass_rate"": 0.8114285714285714, ""remaining"": 284, ""removed"": 66}, ""valuation_hard"": {""before"": 548, ""pass_rate"": 0.6386861313868614, ""remaining"": 350, ""removed"": 198}}, ""n_filtered"": 143, ""n_input"": 675, ""n_ranked"": 8, ""near_miss"": {""reasons"": [{""count"": 1, ""layer"": ""quality_or_theme_hard"", ""pct"": 0.0014814814814814814, ""reason"": ""min_net_income_yoy""}, {""count"": 1, ""layer"": ""valuation_hard"", ""pct"": 0.0014814814814814814, ""reason"": ""min_return_20d""}, {""count"": 1, ""layer"": ""quality_or_theme_hard"", ""pct"": 0.0014814814814814814, ""reason"": ""min_ai_link_score""}], ""top_count"": 1, ""top_pct"": 0.0014814814814814814, ""top_reason"": ""min_net_income_yoy""}}, ""core_ai"": {""first_fail"": {""top_count"": 118, ""top_pct"": 0.1748, ""top_reason"": ""min_dollar_volume""}, ""layer_summary"": {""base_hard"": {""before"": 675, ""pass_rate"": 0.09037037037037036, ""remaining"": 61, ""removed"": 310}, ""quality_or_theme_hard"": {""before"": 307, ""pass_rate"": 0.7947882736156352, ""remaining"": 244, ""removed"": 63}, ""valuation_hard"": {""before"": 548, ""pass_rate"": 0.5602189781021898, ""remaining"": 307, ""removed"": 241}}, ""n_filtered"": 61, ""n_input"": 675, ""n_ranked"": 5, ""near_miss"": {""reasons"": [{""count"": 2, ""layer"": ""valuation_hard"", ""pct"": 0.002962962962962963, ""reason"": ""max_ps_percentile_in_sic""}, {""count"": 1, ""layer"": ""quality_or_theme_hard"", ""pct"": 0.0014814814814814814, ""reason"": ""min_net_income_yoy""}, {""count"": 1, ""layer"": ""base_hard"", ""pct"": 0.0014814814814814814, ""reason"": ""channel_bucket_match""}], ""top_count"": 2, ""top_pct"": 0.002962962962962963, ""top_reason"": ""max_ps_percentile_in_sic""}}}",,union_superset_approx
base,replay_base_2026-05-29,2026-05-29T00:00:00+00:00,2026-05-29,industry_trend,"['MU', 'IBM', 'CSCO', 'LRCX', 'AMZN', 'NVDA', 'MSFT', 'ORCL', 'CRM', 'KLAC', 'QCOM', 'CRWD', 'AMAT', 'FCX', 'GE', 'ATI', 'NUE', 'HWM', 'CSX', 'CAT', 'UNP', 'D', 'PWR']",23,0.20903075764027634,up,"{""ai_enabler"": 10, ""ai_peripheral"": 10, ""core_ai"": 10}","{""ai_enabler"": [""MU"", ""IBM"", ""CSCO"", ""LRCX"", ""QCOM"", ""CRWD"", ""KLAC"", ""ORCL"", ""AMZN"", ""AMAT""], ""ai_peripheral"": [""FCX"", ""GE"", ""ATI"", ""NUE"", ""HWM"", ""CSX"", ""CAT"", ""UNP"", ""D"", ""PWR""], ""core_ai"": [""MU"", ""IBM"", ""CSCO"", ""LRCX"", ""AMZN"", ""NVDA"", ""MSFT"", ""ORCL"", ""CRM"", ""KLAC""]}","{""ai_enabler"": {""first_fail"": {""top_count"": 118, ""top_pct"": 0.1748, ""top_reason"": ""min_dollar_volume""}, ""layer_summary"": {""base_hard"": {""before"": 675, ""pass_rate"": 0.6637037037037037, ""remaining"": 448, ""removed"": 127}, ""quality_or_theme_hard"": {""before"": 548, ""pass_rate"": 0.8175182481751825, ""remaining"": 448, ""removed"": 100}}, ""n_filtered"": 448, ""n_input"": 675, ""n_ranked"": 97, ""near_miss"": {""reasons"": [{""count"": 5, ""layer"": ""quality_or_theme_hard"", ""pct"": 0.007407407407407408, ""reason"": ""min_ai_link_score""}, {""count"": 3, ""layer"": ""valuation_hard"", ""pct"": 0.0044444444444444444, ""reason"": ""trend_min_return_60d""}, {""count"": 1, ""layer"": ""valuation_hard"", ""pct"": 0.0014814814814814814, ""reason"": ""max_ps_percentile_in_sic""}, {""count"": 1, ""layer"": ""valuation_hard"", ""pct"": 0.0014814814814814814, ""reason"": ""max_pe_percentile_in_sic""}, {""count"": 1, ""layer"": ""quality_or_theme_hard"", ""pct"": 0.0014814814814814814, ""reason"": ""min_interest_coverage""}], ""top_count"": 5, ""top_pct"": 0.007407407407407408, ""top_reason"": ""min_ai_link_score""}}, ""ai_peripheral"": {""first_fail"": {""top_count"": 118, ""top_pct"": 0.1748, ""top_reason"": ""min_dollar_volume""}, ""layer_summary"": {""base_hard"": {""before"": 675, ""pass_rate"": 0.2740740740740741, ""remaining"": 185, ""removed"": 390}, ""quality_or_theme_hard"": {""before"": 548, ""pass_rate"": 0.3375912408759124, ""remaining"": 185, ""removed"": 100}}, ""n_filtered"": 185, ""n_input"": 675, ""n_ranked"": 81, ""near_miss"": {""reasons"": [{""count"": 1, ""layer"": ""valuation_hard"", ""pct"": 0.0014814814814814814, ""reason"": ""trend_min_return_60d""}, {""count"": 1, ""layer"": ""base_hard"", ""pct"": 0.0014814814814814814, ""reason"": ""trend_min_avg_dollar_volume_20d""}, {""count"": 1, ""layer"": ""valuation_hard"", ""pct"": 0.0014814814814814814, ""reason"": ""max_ps_hist_percentile""}, {""count"": 1, ""layer"": ""base_hard"", ""pct"": 0.0014814814814814814, ""reason"": ""channel_bucket_match""}], ""top_count"": 1, ""top_pct"": 0.0014814814814814814, ""top_reason"": ""trend_min_return_60d""}}, ""core_ai"": {""first_fail"": {""top_count"": 118, ""top_pct"": 0.1748, ""top_reason"": ""min_dollar_volume""}, ""layer_summary"": {""base_hard"": {""before"": 675, ""pass_rate"": 0.19555555555555557, ""remaining"": 132, ""removed"": 443}, ""quality_or_theme_hard"": {""before"": 548, ""pass_rate"": 0.24087591240875914, ""remaining"": 132, ""removed"": 100}}, ""n_filtered"": 132, ""n_input"": 675, ""n_ranked"": 28, ""near_miss"": {""reasons"": [{""count"": 1, ""layer"": ""valuation_hard"", ""pct"": 0.0014814814814814814, ""reason"": ""max_ps_percentile_in_sic""}, {""count"": 1, ""layer"": ""valuation_hard"", ""pct"": 0.0014814814814814814, ""reason"": ""max_pe_percentile_in_sic""}, {""count"": 1, ""layer"": ""valuation_hard"", ""pct"": 0.0014814814814814814, ""reason"": ""trend_min_return_60d""}, {""count"": 1, ""layer"": ""quality_or_theme_hard"", ""pct"": 0.0014814814814814814, ""reason"": ""min_interest_coverage""}, {""count"": 1, ""layer"": ""quality_or_theme_hard"", ""pct"": 0.0014814814814814814, ""reason"": ""min_ai_link_score""}], ""top_count"": 1, ""top_pct"": 0.0014814814814814814, ""top_reason"": ""max_ps_percentile_in_sic""}}}",,union_superset_approx
base,replay_base_2026-05-29,2026-05-29T00:00:00+00:00,2026-05-29,momentum,"['MU', 'CSCO', 'IBM', 'ORCL', 'CRWD', 'LRCX', 'AMD', 'QCOM', 'SNOW', 'KLAC', 'FCX', 'NUE', 'ATI', 'GE', 'STLD', 'D', 'CSX', 'AMT', 'CAT', 'RTX']",20,0.20903075764027634,up,"{""ai_enabler"": 10, ""ai_peripheral"": 10, ""core_ai"": 10}","{""ai_enabler"": [""MU"", ""CRWD"", ""IBM"", ""LRCX"", ""CSCO"", ""QCOM"", ""ORCL"", ""KLAC"", ""SNOW"", ""AMD""], ""ai_peripheral"": [""FCX"", ""NUE"", ""ATI"", ""GE"", ""STLD"", ""D"", ""CSX"", ""AMT"", ""CAT"", ""RTX""], ""core_ai"": [""MU"", ""CSCO"", ""IBM"", ""ORCL"", ""CRWD"", ""LRCX"", ""AMD"", ""QCOM"", ""SNOW"", ""KLAC""]}","{""ai_enabler"": {""first_fail"": {""top_count"": 137, ""top_pct"": 0.203, ""top_reason"": ""min_fcf_yield""}, ""layer_summary"": {""base_hard"": {""before"": 675, ""pass_rate"": 0.6637037037037037, ""remaining"": 448, ""removed"": 127}, ""quality_or_theme_hard"": {""before"": 548, ""pass_rate"": 0.8175182481751825, ""remaining"": 448, ""removed"": 100}}, ""n_filtered"": 448, ""n_input"": 675, ""n_ranked"": 97, ""near_miss"": {""reasons"": [{""count"": 1, ""layer"": ""quality_or_theme_hard"", ""pct"": 0.0014814814814814814, ""reason"": ""min_interest_coverage""}, {""count"": 1, ""layer"": ""quality_or_theme_hard"", ""pct"": 0.0014814814814814814, ""reason"": ""max_accrual_ratio""}, {""count"": 1, ""layer"": ""valuation_hard"", ""pct"": 0.0014814814814814814, ""reason"": ""max_ps_hist_percentile""}], ""top_count"": 1, ""top_pct"": 0.0014814814814814814, ""top_reason"": ""min_interest_coverage""}}, ""ai_peripheral"": {""first_fail"": {""top_count"": 128, ""top_pct"": 0.1896, ""top_reason"": ""min_fcf_yield""}, ""layer_summary"": {""base_hard"": {""before"": 675, ""pass_rate"": 0.2740740740740741, ""remaining"": 185, ""removed"": 390}, ""quality_or_theme_hard"": {""before"": 548, ""pass_rate"": 0.3375912408759124, ""remaining"": 185, ""removed"": 100}}, ""n_filtered"": 185, ""n_input"": 675, ""n_ranked"": 81, ""near_miss"": {""reasons"": [{""count"": 1, ""layer"": ""base_hard"", ""pct"": 0.0014814814814814814, ""reason"": ""momentum_min_avg_dollar_volume_20d""}], ""top_count"": 1, ""top_pct"": 0.0014814814814814814, ""top_reason"": ""momentum_min_avg_dollar_volume_20d""}}, ""core_ai"": {""first_fail"": {""top_count"": 145, ""top_pct"": 0.2148, ""top_reason"": ""min_fcf_yield""}, ""layer_summary"": {""base_hard"": {""before"": 675, ""pass_rate"": 0.19555555555555557, ""remaining"": 132, ""removed"": 443}, ""quality_or_theme_hard"": {""before"": 548, ""pass_rate"": 0.24087591240875914, ""remaining"": 132, ""removed"": 100}}, ""n_filtered"": 132, ""n_input"": 675, ""n_ranked"": 28, ""near_miss"": {""reasons"": [{""count"": 1, ""layer"": ""quality_or_theme_hard"", ""pct"": 0.0014814814814814814, ""reason"": ""min_interest_coverage""}], ""top_count"": 1, ""top_pct"": 0.0014814814814814814, ""top_reason"": ""min_interest_coverage""}}}",,union_superset_approx
base,replay_base_2026-05-29,2026-05-29T00:00:00+00:00,2026-05-29,research_pool,"['NOC', 'NUE', 'STLD', 'UNP', 'QLYS', 'RTX', 'CHKP', 'EME', 'HWM', 'EQIX', 'FCX', 'EXLS', 'GXO', 'JKHY', 'HII', 'CBRE', 'NEM', 'CF', 'IESC', 'DAL', 'CRM', 'DIS', 'KLAC', 'ZM', 'MSFT', 'NVDA', 'GEV', 'WDAY', 'META', 'PLTR']",30,0.20903075764027634,up,"{""ai_enabler"": 10, ""ai_peripheral"": 10, ""core_ai"": 10}","{""ai_enabler"": [""NOC"", ""NUE"", ""STLD"", ""UNP"", ""QLYS"", ""RTX"", ""CHKP"", ""EME"", ""HWM"", ""EQIX""], ""ai_peripheral"": [""FCX"", ""EXLS"", ""GXO"", ""JKHY"", ""HII"", ""CBRE"", ""NEM"", ""CF"", ""IESC"", ""DAL""], ""core_ai"": [""CRM"", ""DIS"", ""KLAC"", ""ZM"", ""MSFT"", ""NVDA"", ""GEV"", ""WDAY"", ""META"", ""PLTR""]}","{""ai_enabler"": {""n_filtered"": 67, ""n_input"": 675, ""n_ranked"": 67, ""priority_counts"": {""left_side_watch"": 4, ""research_now"": 4, ""theme_only"": 48, ""watch_for_pullback"": 11}}, ""ai_peripheral"": {""n_filtered"": 38, ""n_input"": 675, ""n_ranked"": 38, ""priority_counts"": {""left_side_watch"": 5, ""research_now"": 1, ""theme_only"": 32}}, ""core_ai"": {""n_filtered"": 45, ""n_input"": 675, ""n_ranked"": 45, ""priority_counts"": {""left_side_watch"": 3, ""research_now"": 2, ""theme_only"": 12, ""watch_for_pullback"": 28}}}",,union_superset_approx
base,replay_base_2026-06-30,2026-06-30T00:00:00+00:00,2026-06-30,low_value,"['PYPL', 'ZM', 'NVDA', 'ORCL', 'AMZN', 'BWXT', 'AVGO', 'FCX', 'CRH', 'UNP', 'VMC', 'RTX', 'EME', 'GD', 'ETN', 'PH']",16,0.25834686725361133,up,"{""ai_enabler"": 10, ""ai_peripheral"": 10, ""core_ai"": 7}","{""ai_enabler"": [""PYPL"", ""FCX"", ""ZM"", ""CRH"", ""UNP"", ""VMC"", ""RTX"", ""EME"", ""NVDA"", ""ORCL""], ""ai_peripheral"": [""PYPL"", ""FCX"", ""RTX"", ""CRH"", ""VMC"", ""EME"", ""UNP"", ""GD"", ""ETN"", ""PH""], ""core_ai"": [""PYPL"", ""ZM"", ""NVDA"", ""ORCL"", ""AMZN"", ""BWXT"", ""AVGO""]}","{""ai_enabler"": {""first_fail"": {""top_count"": 120, ""top_pct"": 0.1765, ""top_reason"": ""min_dollar_volume""}, ""layer_summary"": {""base_hard"": {""before"": 680, ""pass_rate"": 0.4, ""remaining"": 272, ""removed"": 130}, ""quality_or_theme_hard"": {""before"": 342, ""pass_rate"": 0.7953216374269005, ""remaining"": 272, ""removed"": 70}, ""valuation_hard"": {""before"": 550, ""pass_rate"": 0.6218181818181818, ""remaining"": 342, ""removed"": 208}}, ""n_filtered"": 272, ""n_input"": 680, ""n_ranked"": 17, ""near_miss"": {""reasons"": [{""count"": 1, ""layer"": ""valuation_hard"", ""pct"": 0.0014705882352941176, ""reason"": ""min_return_20d""}, {""count"": 1, ""layer"": ""base_hard"", ""pct"": 0.0014705882352941176, ""reason"": ""min_avg_dollar_volume_20d""}, {""count"": 1, ""layer"": ""valuation_hard"", ""pct"": 0.0014705882352941176, ""reason"": ""max_ps_hist_percentile""}, {""count"": 1, ""layer"": ""quality_or_theme_hard"", ""pct"": 0.0014705882352941176, ""reason"": ""min_ai_link_score""}, {""count"": 1, ""layer"": ""valuation_hard"", ""pct"": 0.0014705882352941176, ""reason"": ""min_value_discount_any""}], ""top_count"": 1, ""top_pct"": 0.0014705882352941176, ""top_reason"": ""min_return_20d""}}, ""ai_peripheral"": {""first_fail"": {""top_count"": 120, ""top_pct"": 0.1765, ""top_reason"": ""min_dollar_volume""}, ""layer_summary"": {""base_hard"": {""before"": 680, ""pass_rate"": 0.20147058823529412, ""remaining"": 137, ""removed"": 282}, ""quality_or_theme_hard"": {""before"": 362, ""pass_rate"": 0.7983425414364641, ""remaining"": 289, ""removed"": 73}, ""valuation_hard"": {""before"": 550, ""pass_rate"": 0.6581818181818182, ""remaining"": 362, ""removed"": 188}}, ""n_filtered"": 137, ""n_input"": 680, ""n_ranked"": 14, ""near_miss"": {""reasons"": [{""count"": 1, ""layer"": ""quality_or_theme_hard"", ""pct"": 0.0014705882352941176, ""reason"": ""min_net_income_yoy""}, {""count"": 1, ""layer"": ""quality_or_theme_hard"", ""pct"": 0.0014705882352941176, ""reason"": ""max_shares_yoy""}, {""count"": 1, ""layer"": ""valuation_hard"", ""pct"": 0.0014705882352941176, ""reason"": ""max_ps_hist_percentile""}], ""top_count"": 1, ""top_pct"": 0.0014705882352941176, ""top_reason"": ""min_net_income_yoy""}}, ""core_ai"": {""first_fail"": {""top_count"": 120, ""top_pct"": 0.1765, ""top_reason"": ""min_dollar_volume""}, ""layer_summary"": {""base_hard"": {""before"": 680, ""pass_rate"": 0.1, ""remaining"": 68, ""removed"": 293}, ""quality_or_theme_hard"": {""before"": 293, ""pass_rate"": 0.78839590443686, ""remaining"": 231, ""removed"": 62}, ""valuation_hard"": {""before"": 550, ""pass_rate"": 0.5327272727272727, ""remaining"": 293, ""removed"": 257}}, ""n_filtered"": 68, ""n_input"": 680, ""n_ranked"": 7, ""near_miss"": {""reasons"": [{""count"": 2, ""layer"": ""base_hard"", ""pct"": 0.0029411764705882353, ""reason"": ""channel_bucket_match""}, {""count"": 1, ""layer"": ""quality_or_theme_hard"", ""pct"": 0.0014705882352941176, ""reason"": ""min_ai_link_score""}, {""count"": 1, ""layer"": ""valuation_hard"", ""pct"": 0.0014705882352941176, ""reason"": ""max_ps_percentile_in_sic""}], ""top_count"": 2, ""top_pct"": 0.0029411764705882353, ""top_reason"": ""channel_bucket_match""}}}",,union_superset_approx
base,replay_base_2026-06-30,2026-06-30T00:00:00+00:00,2026-06-30,industry_trend,"['LRCX', 'KLAC', 'MU', 'GEV', 'CAT', 'AMZN', 'AMAT', 'ANET', 'GOOGL', 'META', 'HWM', 'CSX', 'PWR', 'GE', 'JCI', 'ETN', 'PH', 'UNP']",18,0.25834686725361133,up,"{""ai_enabler"": 10, ""ai_peripheral"": 10, ""core_ai"": 10}","{""ai_enabler"": [""LRCX"", ""KLAC"", ""GEV"", ""CAT"", ""MU"", ""AMAT"", ""HWM"", ""ANET"", ""CSX"", ""PWR""], ""ai_peripheral"": [""GEV"", ""CAT"", ""GE"", ""HWM"", ""JCI"", ""ETN"", ""PH"", ""CSX"", ""PWR"", ""UNP""], ""core_ai"": [""LRCX"", ""KLAC"", ""MU"", ""GEV"", ""CAT"", ""AMZN"", ""AMAT"", ""ANET"", ""GOOGL"", ""META""]}","{""ai_enabler"": {""first_fail"": {""top_count"": 120, ""top_pct"": 0.1765, ""top_reason"": ""min_dollar_volume""}, ""layer_summary"": {""base_hard"": {""before"": 680, ""pass_rate"": 0.6573529411764706, ""remaining"": 447, ""removed"": 130}, ""quality_or_theme_hard"": {""before"": 550, ""pass_rate"": 0.8127272727272727, ""remaining"": 447, ""removed"": 103}}, ""n_filtered"": 447, ""n_input"": 680, ""n_ranked"": 95, ""near_miss"": {""reasons"": [{""count"": 5, ""layer"": ""quality_or_theme_hard"", ""pct"": 0.007352941176470588, ""reason"": ""min_ai_link_score""}, {""count"": 1, ""layer"": ""quality_or_theme_hard"", ""pct"": 0.0014705882352941176, ""reason"": ""min_net_income_yoy""}, {""count"": 1, ""layer"": ""valuation_hard"", ""pct"": 0.0014705882352941176, ""reason"": ""max_ps_percentile_in_sic""}, {""count"": 1, ""layer"": ""valuation_hard"", ""pct"": 0.0014705882352941176, ""reason"": ""trend_min_return_60d""}, {""count"": 1, ""layer"": ""quality_or_theme_hard"", ""pct"": 0.0014705882352941176, ""reason"": ""max_accrual_ratio""}], ""top_count"": 5, ""top_pct"": 0.007352941176470588, ""top_reason"": ""min_ai_link_score""}}, ""ai_peripheral"": {""first_fail"": {""top_count"": 120, ""top_pct"": 0.1765, ""top_reason"": ""min_dollar_volume""}, ""layer_summary"": {""base_hard"": {""before"": 680, ""pass_rate"": 0.2676470588235294, ""remaining"": 182, ""removed"": 395}, ""quality_or_theme_hard"": {""before"": 550, ""pass_rate"": 0.33090909090909093, ""remaining"": 182, ""removed"": 103}}, ""n_filtered"": 182, ""n_input"": 680, ""n_ranked"": 79, ""near_miss"": {""reasons"": [{""count"": 2, ""layer"": ""valuation_hard"", ""pct"": 0.0029411764705882353, ""reason"": ""max_ps_hist_percentile""}, {""count"": 1, ""layer"": ""quality_or_theme_hard"", ""pct"": 0.0014705882352941176, ""reason"": ""min_net_income_yoy""}, {""count"": 1, ""layer"": ""valuation_hard"", ""pct"": 0.0014705882352941176, ""reason"": ""trend_min_return_60d""}, {""count"": 1, ""layer"": ""base_hard"", ""pct"": 0.0014705882352941176, ""reason"": ""trend_min_avg_dollar_volume_20d""}, {""count"": 1, ""layer"": ""quality_or_theme_hard"", ""pct"": 0.0014705882352941176, ""reason"": ""min_current_ratio""}], ""top_count"": 2, ""top_pct"": 0.0029411764705882353, ""top_reason"": ""max_ps_hist_percentile""}}, ""core_ai"": {""first_fail"": {""top_count"": 120, ""top_pct"": 0.1765, ""top_reason"": ""min_dollar_volume""}, ""layer_summary"": {""base_hard"": {""before"": 680, ""pass_rate"": 0.19705882352941176, ""remaining"": 134, ""removed"": 443}, ""quality_or_theme_hard"": {""before"": 550, ""pass_rate"": 0.24363636363636362, ""remaining"": 134, ""removed"": 103}}, ""n_filtered"": 134, ""n_input"": 680, ""n_ranked"": 29, ""near_miss"": {""reasons"": [{""count"": 2, ""layer"": ""valuation_hard"", ""pct"": 0.0029411764705882353, ""reason"": ""max_ps_percentile_in_sic""}, {""count"": 1, ""layer"": ""valuation_hard"", ""pct"": 0.0014705882352941176, ""reason"": ""trend_min_return_60d""}, {""count"": 1, ""layer"": ""base_hard"", ""pct"": 0.0014705882352941176, ""reason"": ""trend_min_avg_dollar_volume_20d""}, {""count"": 1, ""layer"": ""quality_or_theme_hard"", ""pct"": 0.0014705882352941176, ""reason"": ""max_accrual_ratio""}, {""count"": 1, ""layer"": ""base_hard"", ""pct"": 0.0014705882352941176, ""reason"": ""channel_bucket_match""}], ""top_count"": 2, ""top_pct"": 0.0029411764705882353, ""top_reason"": ""max_ps_percentile_in_sic""}}}",,union_superset_approx
base,replay_base_2026-06-30,2026-06-30T00:00:00+00:00,2026-06-30,momentum,"['LRCX', 'KLAC', 'MU', 'GEV', 'CAT', 'AMAT', 'DE', 'TER', 'GOOGL', 'AMZN', 'PH', 'HWM', 'PWR', 'GE', 'ETN', 'ATI', 'RTX']",17,0.25834686725361133,up,"{""ai_enabler"": 10, ""ai_peripheral"": 10, ""core_ai"": 10}","{""ai_enabler"": [""LRCX"", ""KLAC"", ""GEV"", ""CAT"", ""MU"", ""AMAT"", ""DE"", ""PH"", ""HWM"", ""PWR""], ""ai_peripheral"": [""CAT"", ""GEV"", ""GE"", ""DE"", ""PH"", ""HWM"", ""ETN"", ""ATI"", ""PWR"", ""RTX""], ""core_ai"": [""LRCX"", ""KLAC"", ""MU"", ""GEV"", ""CAT"", ""AMAT"", ""DE"", ""TER"", ""GOOGL"", ""AMZN""]}","{""ai_enabler"": {""first_fail"": {""top_count"": 142, ""top_pct"": 0.2088, ""top_reason"": ""min_fcf_yield""}, ""layer_summary"": {""base_hard"": {""before"": 680, ""pass_rate"": 0.6573529411764706, ""remaining"": 447, ""removed"": 130}, ""quality_or_theme_hard"": {""before"": 550, ""pass_rate"": 0.8127272727272727, ""remaining"": 447, ""removed"": 103}}, ""n_filtered"": 447, ""n_input"": 680, ""n_ranked"": 95, ""near_miss"": {""reasons"": [{""count"": 1, ""layer"": ""valuation_hard"", ""pct"": 0.0014705882352941176, ""reason"": ""momentum_min_return_20d""}, {""count"": 1, ""layer"": ""valuation_hard"", ""pct"": 0.0014705882352941176, ""reason"": ""momentum_min_price_to_sma200""}, {""count"": 1, ""layer"": ""quality_or_theme_hard"", ""pct"": 0.0014705882352941176, ""reason"": ""min_ai_link_score""}], ""top_count"": 1, ""top_pct"": 0.0014705882352941176, ""top_reason"": ""momentum_min_return_20d""}}, ""ai_peripheral"": {""first_fail"": {""top_count"": 133, ""top_pct"": 0.1956, ""top_reason"": ""min_fcf_yield""}, ""layer_summary"": {""base_hard"": {""before"": 680, ""pass_rate"": 0.2676470588235294, ""remaining"": 182, ""removed"": 395}, ""quality_or_theme_hard"": {""before"": 550, ""pass_rate"": 0.33090909090909093, ""remaining"": 182, ""removed"": 103}}, ""n_filtered"": 182, ""n_input"": 680, ""n_ranked"": 79, ""near_miss"": {""reasons"": [{""count"": 1, ""layer"": ""valuation_hard"", ""pct"": 0.0014705882352941176, ""reason"": ""momentum_min_return_20d""}, {""count"": 1, ""layer"": ""valuation_hard"", ""pct"": 0.0014705882352941176, ""reason"": ""momentum_min_price_to_sma200""}, {""count"": 1, ""layer"": ""base_hard"", ""pct"": 0.0014705882352941176, ""reason"": ""momentum_min_avg_dollar_volume_20d""}, {""count"": 1, ""layer"": ""quality_or_theme_hard"", ""pct"": 0.0014705882352941176, ""reason"": ""min_current_ratio""}], ""top_count"": 1, ""top_pct"": 0.0014705882352941176, ""top_reason"": ""momentum_min_return_20d""}}, ""core_ai"": {""first_fail"": {""top_count"": 152, ""top_pct"": 0.2235, ""top_reason"": ""min_fcf_yield""}, ""layer_summary"": {""base_hard"": {""before"": 680, ""pass_rate"": 0.19705882352941176, ""remaining"": 134, ""removed"": 443}, ""quality_or_theme_hard"": {""before"": 550, ""pass_rate"": 0.24363636363636362, ""remaining"": 134, ""removed"": 103}}, ""n_filtered"": 134, ""n_input"": 680, ""n_ranked"": 29, ""near_miss"": {""reasons"": [{""count"": 1, ""layer"": ""quality_or_theme_hard"", ""pct"": 0.0014705882352941176, ""reason"": ""min_ai_link_score""}], ""top_count"": 1, ""top_pct"": 0.0014705882352941176, ""top_reason"": ""min_ai_link_score""}}}",,union_superset_approx
base,replay_base_2026-06-30,2026-06-30T00:00:00+00:00,2026-06-30,research_pool,"['CRH', 'NUE', 'STLD', 'UNP', 'RTX', 'QLYS', 'JCI', 'EME', 'HWM', 'ETN', 'FCX', 'NEM', 'EXLS', 'HII', 'DAL', 'IESC', 'LYFT', 'KEX', 'CF', 'GXO', 'PYPL', 'AMZN', 'ZM', 'KLAC', 'ORCL', 'GEV', 'NVDA', 'AVGO', 'MU', 'CSCO']",30,0.25834686725361133,up,"{""ai_enabler"": 10, ""ai_peripheral"": 10, ""core_ai"": 10}","{""ai_enabler"": [""CRH"", ""NUE"", ""STLD"", ""UNP"", ""RTX"", ""QLYS"", ""JCI"", ""EME"", ""HWM"", ""ETN""], ""ai_peripheral"": [""FCX"", ""NEM"", ""EXLS"", ""HII"", ""DAL"", ""IESC"", ""LYFT"", ""KEX"", ""CF"", ""GXO""], ""core_ai"": [""PYPL"", ""AMZN"", ""ZM"", ""KLAC"", ""ORCL"", ""GEV"", ""NVDA"", ""AVGO"", ""MU"", ""CSCO""]}","{""ai_enabler"": {""n_filtered"": 65, ""n_input"": 680, ""n_ranked"": 65, ""priority_counts"": {""left_side_watch"": 3, ""research_now"": 4, ""theme_only"": 44, ""watch_for_pullback"": 14}}, ""ai_peripheral"": {""n_filtered"": 38, ""n_input"": 680, ""n_ranked"": 38, ""priority_counts"": {""left_side_watch"": 3, ""research_now"": 1, ""theme_only"": 34}}, ""core_ai"": {""n_filtered"": 41, ""n_input"": 680, ""n_ranked"": 41, ""priority_counts"": {""left_side_watch"": 8, ""research_now"": 2, ""theme_only"": 12, ""watch_for_pullback"": 19}}}",,union_superset_approx
base,replay_base_2026-07-31,2026-07-31T00:00:00+00:00,2026-07-31,low_value,"['CRM', 'ZM', 'DIS', 'NVDA', 'GOOGL', 'ADI', 'SMCI', 'CEG', 'AAPL', 'AVGO', 'KLAC', 'CHKP', 'LMT', 'FCX', 'EME', 'NOC', 'ETN', 'RTX', 'UNP', 'GE', 'GD', 'CMI']",22,0.009331944301791628,up,"{""ai_enabler"": 10, ""ai_peripheral"": 10, ""core_ai"": 10}","{""ai_enabler"": [""KLAC"", ""CRM"", ""CHKP"", ""LMT"", ""FCX"", ""EME"", ""ZM"", ""NOC"", ""DIS"", ""ETN""], ""ai_peripheral"": [""LMT"", ""FCX"", ""NOC"", ""EME"", ""RTX"", ""UNP"", ""GE"", ""GD"", ""CMI"", ""ETN""], ""core_ai"": [""CRM"", ""ZM"", ""DIS"", ""NVDA"", ""GOOGL"", ""ADI"", ""SMCI"", ""CEG"", ""AAPL"", ""AVGO""]}","{""ai_enabler"": {""first_fail"": {""top_count"": 141, ""top_pct"": 0.207, ""top_reason"": ""min_dollar_volume""}, ""layer_summary"": {""base_hard"": {""before"": 681, ""pass_rate"": 0.48604992657856094, ""remaining"": 331, ""removed"": 154}, ""quality_or_theme_hard"": {""before"": 396, ""pass_rate"": 0.8358585858585859, ""remaining"": 331, ""removed"": 65}, ""valuation_hard"": {""before"": 527, ""pass_rate"": 0.7514231499051234, ""remaining"": 396, ""removed"": 131}}, ""n_filtered"": 331, ""n_input"": 681, ""n_ranked"": 21, ""near_miss"": {""reasons"": [{""count"": 4, ""layer"": ""quality_or_theme_hard"", ""pct"": 0.005873715124816446, ""reason"": ""min_ai_link_score""}, {""count"": 2, ""layer"": ""quality_or_theme_hard"", ""pct"": 0.002936857562408223, ""reason"": ""min_net_income_yoy""}, {""count"": 2, ""layer"": ""valuation_hard"", ""pct"": 0.002936857562408223, ""reason"": ""max_ps_hist_percentile""}, {""count"": 1, ""layer"": ""valuation_hard"", ""pct"": 0.0014684287812041115, ""reason"": ""min_return_20d""}, {""count"": 1, ""layer"": ""valuation_hard"", ""pct"": 0.0014684287812041115, ""reason"": ""max_20d_return""}], ""top_count"": 4, ""top_pct"": 0.005873715124816446, ""top_reason"": ""min_ai_link_score""}}, ""ai_peripheral"": {""first_fail"": {""top_count"": 141, ""top_pct"": 0.207, ""top_reason"": ""min_dollar_volume""}, ""layer_summary"": {""base_hard"": {""before"": 681, ""pass_rate"": 0.23348017621145375, ""remaining"": 159, ""removed"": 339}, ""quality_or_theme_hard"": {""before"": 412, ""pass_rate"": 0.8349514563106796, ""remaining"": 344, ""removed"": 68}, ""valuation_hard"": {""before"": 527, ""pass_rate"": 0.7817836812144212, ""remaining"": 412, ""removed"": 115}}, ""n_filtered"": 159, ""n_input"": 681, ""n_ranked"": 16, ""near_miss"": {""reasons"": [{""count"": 2, ""layer"": ""quality_or_theme_hard"", ""pct"": 0.002936857562408223, ""reason"": ""min_net_income_yoy""}, {""count"": 2, ""layer"": ""valuation_hard"", ""pct"": 0.002936857562408223, ""reason"": ""max_20d_return""}, {""count"": 2, ""layer"": ""quality_or_theme_hard"", ""pct"": 0.002936857562408223, ""reason"": ""min_ai_link_score""}, {""count"": 1, ""layer"": ""valuation_hard"", ""pct"": 0.0014684287812041115, ""reason"": ""min_return_20d""}, {""count"": 1, ""layer"": ""quality_or_theme_hard"", ""pct"": 0.0014684287812041115, ""reason"": ""min_current_ratio""}], ""top_count"": 2, ""top_pct"": 0.002936857562408223, ""top_reason"": ""min_net_income_yoy""}}, ""core_ai"": {""first_fail"": {""top_count"": 141, ""top_pct"": 0.207, ""top_reason"": ""min_dollar_volume""}, ""layer_summary"": {""base_hard"": {""before"": 681, ""pass_rate"": 0.11747430249632893, ""remaining"": 80, ""removed"": 368}, ""quality_or_theme_hard"": {""before"": 355, ""pass_rate"": 0.828169014084507, ""remaining"": 294, ""removed"": 61}, ""valuation_hard"": {""before"": 527, ""pass_rate"": 0.6736242884250474, ""remaining"": 355, ""removed"": 172}}, ""n_filtered"": 80, ""n_input"": 681, ""n_ranked"": 10, ""near_miss"": {""reasons"": [{""count"": 1, ""layer"": ""quality_or_theme_hard"", ""pct"": 0.0014684287812041115, ""reason"": ""min_net_income_yoy""}, {""count"": 1, ""layer"": ""base_hard"", ""pct"": 0.0014684287812041115, ""reason"": ""min_avg_dollar_volume_20d""}, {""count"": 1, ""layer"": ""valuation_hard"", ""pct"": 0.0014684287812041115, ""reason"": ""max_ps_percentile_in_sic""}], ""top_count"": 1, ""top_pct"": 0.0014684287812041115, ""top_reason"": ""min_net_income_yoy""}}}",,union_superset_approx
base,replay_base_2026-07-31,2026-07-31T00:00:00+00:00,2026-07-31,industry_trend,"['AMZN', 'MSFT', 'ANET', 'GOOGL', 'NVDA', 'CRM', 'CSCO', 'AVGO', 'AAPL', 'MU', 'ETN', 'UNP', 'CSX', 'PWR', 'FCX', 'HWM', 'RTX', 'NUE', 'AMT', 'JCI']",20,0.009331944301791628,up,"{""ai_enabler"": 10, ""ai_peripheral"": 10, ""core_ai"": 10}","{""ai_enabler"": [""AMZN"", ""ANET"", ""MSFT"", ""ETN"", ""CSCO"", ""CRM"", ""UNP"", ""CSX"", ""PWR"", ""NVDA""], ""ai_peripheral"": [""ETN"", ""UNP"", ""CSX"", ""FCX"", ""HWM"", ""RTX"", ""NUE"", ""PWR"", ""AMT"", ""JCI""], ""core_ai"": [""AMZN"", ""MSFT"", ""ANET"", ""GOOGL"", ""NVDA"", ""CRM"", ""CSCO"", ""AVGO"", ""AAPL"", ""MU""]}","{""ai_enabler"": {""first_fail"": {""top_count"": 141, ""top_pct"": 0.207, ""top_reason"": ""min_dollar_volume""}, ""layer_summary"": {""base_hard"": {""before"": 681, ""pass_rate"": 0.6505139500734214, ""remaining"": 443, ""removed"": 154}, ""quality_or_theme_hard"": {""before"": 527, ""pass_rate"": 0.8406072106261859, ""remaining"": 443, ""removed"": 84}}, ""n_filtered"": 443, ""n_input"": 681, ""n_ranked"": 97, ""near_miss"": {""reasons"": [{""count"": 7, ""layer"": ""valuation_hard"", ""pct"": 0.010279001468428781, ""reason"": ""trend_min_return_60d""}, {""count"": 7, ""layer"": ""quality_or_theme_hard"", ""pct"": 0.010279001468428781, ""reason"": ""min_ai_link_score""}, {""count"": 2, ""layer"": ""quality_or_theme_hard"", ""pct"": 0.002936857562408223, ""reason"": ""min_net_income_yoy""}, {""count"": 2, ""layer"": ""quality_or_theme_hard"", ""pct"": 0.002936857562408223, ""reason"": ""min_current_ratio""}, {""count"": 1, ""layer"": ""valuation_hard"", ""pct"": 0.0014684287812041115, ""reason"": ""max_ps_percentile_in_sic""}], ""top_count"": 7, ""top_pct"": 0.010279001468428781, ""top_reason"": ""trend_min_return_60d""}}, ""ai_peripheral"": {""first_fail"": {""top_count"": 141, ""top_pct"": 0.207, ""top_reason"": ""min_dollar_volume""}, ""layer_summary"": {""base_hard"": {""before"": 681, ""pass_rate"": 0.27312775330396477, ""remaining"": 186, ""removed"": 411}, ""quality_or_theme_hard"": {""before"": 527, ""pass_rate"": 0.35294117647058826, ""remaining"": 186, ""removed"": 84}}, ""n_filtered"": 186, ""n_input"": 681, ""n_ranked"": 81, ""near_miss"": {""reasons"": [{""count"": 4, ""layer"": ""valuation_hard"", ""pct"": 0.005873715124816446, ""reason"": ""trend_min_return_60d""}, {""count"": 4, ""layer"": ""quality_or_theme_hard"", ""pct"": 0.005873715124816446, ""reason"": ""min_ai_link_score""}, {""count"": 2, ""layer"": ""quality_or_theme_hard"", ""pct"": 0.002936857562408223, ""reason"": ""min_net_income_yoy""}, {""count"": 2, ""layer"": ""quality_or_theme_hard"", ""pct"": 0.002936857562408223, ""reason"": ""min_current_ratio""}, {""count"": 1, ""layer"": ""valuation_hard"", ""pct"": 0.0014684287812041115, ""reason"": ""max_ps_hist_percentile""}], ""top_count"": 4, ""top_pct"": 0.005873715124816446, ""top_reason"": ""trend_min_return_60d""}}, ""core_ai"": {""first_fail"": {""top_count"": 141, ""top_pct"": 0.207, ""top_reason"": ""min_dollar_volume""}, ""layer_summary"": {""base_hard"": {""before"": 681, ""pass_rate"": 0.19236417033773862, ""remaining"": 131, ""removed"": 466}, ""quality_or_theme_hard"": {""before"": 527, ""pass_rate"": 0.24857685009487665, ""remaining"": 131, ""removed"": 84}}, ""n_filtered"": 131, ""n_input"": 681, ""n_ranked"": 29, ""near_miss"": {""reasons"": [{""count"": 3, ""layer"": ""quality_or_theme_hard"", ""pct"": 0.004405286343612335, ""reason"": ""min_ai_link_score""}, {""count"": 1, ""layer"": ""valuation_hard"", ""pct"": 0.0014684287812041115, ""reason"": ""max_ps_percentile_in_sic""}, {""count"": 1, ""layer"": ""valuation_hard"", ""pct"": 0.0014684287812041115, ""reason"": ""trend_min_return_60d""}], ""top_count"": 3, ""top_pct"": 0.004405286343612335, ""top_reason"": ""min_ai_link_score""}}}",,union_superset_approx
base,replay_base_2026-07-31,2026-07-31T00:00:00+00:00,2026-07-31,momentum,"['AMZN', 'MSFT', 'ANET', 'CRM', 'CSCO', 'GOOGL', 'AVGO', 'NVDA', 'CEG', 'TXN', 'NUE', 'WDAY', 'UNP', 'CSX', 'ETN', 'PYPL', 'HWM', 'RTX', 'STLD', 'FCX', 'LMT']",21,0.009331944301791628,up,"{""ai_enabler"": 10, ""ai_peripheral"": 10, ""core_ai"": 10}","{""ai_enabler"": [""ANET"", ""AMZN"", ""MSFT"", ""CRM"", ""NUE"", ""WDAY"", ""UNP"", ""CSX"", ""CSCO"", ""ETN""], ""ai_peripheral"": [""NUE"", ""PYPL"", ""HWM"", ""RTX"", ""ETN"", ""UNP"", ""STLD"", ""FCX"", ""CSX"", ""LMT""], ""core_ai"": [""AMZN"", ""MSFT"", ""ANET"", ""CRM"", ""CSCO"", ""GOOGL"", ""AVGO"", ""NVDA"", ""CEG"", ""TXN""]}","{""ai_enabler"": {""first_fail"": {""top_count"": 141, ""top_pct"": 0.207, ""top_reason"": ""min_dollar_volume""}, ""layer_summary"": {""base_hard"": {""before"": 681, ""pass_rate"": 0.6505139500734214, ""remaining"": 443, ""removed"": 154}, ""quality_or_theme_hard"": {""before"": 527, ""pass_rate"": 0.8406072106261859, ""remaining"": 443, ""removed"": 84}}, ""n_filtered"": 443, ""n_input"": 681, ""n_ranked"": 97, ""near_miss"": {""reasons"": [{""count"": 1, ""layer"": ""valuation_hard"", ""pct"": 0.0014684287812041115, ""reason"": ""max_ps_percentile_in_sic""}, {""count"": 1, ""layer"": ""valuation_hard"", ""pct"": 0.0014684287812041115, ""reason"": ""max_ps_hist_percentile""}, {""count"": 1, ""layer"": ""quality_or_theme_hard"", ""pct"": 0.0014684287812041115, ""reason"": ""min_ai_link_score""}], ""top_count"": 1, ""top_pct"": 0.0014684287812041115, ""top_reason"": ""max_ps_percentile_in_sic""}}, ""ai_peripheral"": {""first_fail"": {""top_count"": 141, ""top_pct"": 0.207, ""top_reason"": ""min_dollar_volume""}, ""layer_summary"": {""base_hard"": {""before"": 681, ""pass_rate"": 0.27312775330396477, ""remaining"": 186, ""removed"": 411}, ""quality_or_theme_hard"": {""before"": 527, ""pass_rate"": 0.35294117647058826, ""remaining"": 186, ""removed"": 84}}, ""n_filtered"": 186, ""n_input"": 681, ""n_ranked"": 81, ""near_miss"": {""reasons"": [{""count"": 2, ""layer"": ""valuation_hard"", ""pct"": 0.002936857562408223, ""reason"": ""max_ps_hist_percentile""}, {""count"": 1, ""layer"": ""valuation_hard"", ""pct"": 0.0014684287812041115, ""reason"": ""momentum_min_price_to_sma200""}], ""top_count"": 2, ""top_pct"": 0.002936857562408223, ""top_reason"": ""max_ps_hist_percentile""}}, ""core_ai"": {""first_fail"": {""top_count"": 141, ""top_pct"": 0.207, ""top_reason"": ""min_dollar_volume""}, ""layer_summary"": {""base_hard"": {""before"": 681, ""pass_rate"": 0.19236417033773862, ""remaining"": 131, ""removed"": 466}, ""quality_or_theme_hard"": {""before"": 527, ""pass_rate"": 0.24857685009487665, ""remaining"": 131, ""removed"": 84}}, ""n_filtered"": 131, ""n_input"": 681, ""n_ranked"": 29, ""near_miss"": {""reasons"": [{""count"": 1, ""layer"": ""valuation_hard"", ""pct"": 0.0014684287812041115, ""reason"": ""max_ps_percentile_in_sic""}, {""count"": 1, ""layer"": ""quality_or_theme_hard"", ""pct"": 0.0014684287812041115, ""reason"": ""min_ai_link_score""}], ""top_count"": 1, ""top_pct"": 0.0014684287812041115, ""top_reason"": ""max_ps_percentile_in_sic""}}}",,union_superset_approx
base,replay_base_2026-07-31,2026-07-31T00:00:00+00:00,2026-07-31,research_pool,"['LMT', 'NOC', 'EME', 'NUE', 'STLD', 'UNP', 'TRGP', 'CHKP', 'RTX', 'QLYS', 'FCX', 'VLO', 'IESC', 'NEM', 'FIS', 'KEX', 'GXO', 'JKHY', 'SHW', 'MOS', 'CRM', 'KLAC', 'SMCI', 'DIS', 'ZM', 'MSFT', 'GOOG', 'GOOGL', 'CEG', 'NVDA']",30,0.009331944301791628,up,"{""ai_enabler"": 10, ""ai_peripheral"": 10, ""core_ai"": 10}","{""ai_enabler"": [""LMT"", ""NOC"", ""EME"", ""NUE"", ""STLD"", ""UNP"", ""TRGP"", ""CHKP"", ""RTX"", ""QLYS""], ""ai_peripheral"": [""FCX"", ""VLO"", ""IESC"", ""NEM"", ""FIS"", ""KEX"", ""GXO"", ""JKHY"", ""SHW"", ""MOS""], ""core_ai"": [""CRM"", ""KLAC"", ""SMCI"", ""DIS"", ""ZM"", ""MSFT"", ""GOOG"", ""GOOGL"", ""CEG"", ""NVDA""]}","{""ai_enabler"": {""n_filtered"": 63, ""n_input"": 681, ""n_ranked"": 63, ""priority_counts"": {""left_side_watch"": 3, ""research_now"": 7, ""theme_only"": 44, ""watch_for_pullback"": 9}}, ""ai_peripheral"": {""n_filtered"": 39, ""n_input"": 681, ""n_ranked"": 39, ""priority_counts"": {""research_now"": 1, ""theme_only"": 38}}, ""core_ai"": {""n_filtered"": 36, ""n_input"": 681, ""n_ranked"": 36, ""priority_counts"": {""left_side_watch"": 4, ""research_now"": 4, ""theme_only"": 11, ""watch_for_pullback"": 17}}}",,union_superset_approx
base,replay_base_2026-08-31,2026-08-31T00:00:00+00:00,2026-08-31,low_value,"['PYPL', 'ORCL', 'NFLX', 'ZM', 'AMZN', 'CAT', 'TXN', 'LHX', 'ADI', 'CEG', 'CHKP', 'LMT', 'CRH', 'VMC', 'RTX', 'NOC', 'UNP', 'GE']",18,-0.03215395003376087,down,"{""ai_enabler"": 10, ""ai_peripheral"": 10, ""core_ai"": 10}","{""ai_enabler"": [""PYPL"", ""CHKP"", ""LMT"", ""CRH"", ""VMC"", ""ORCL"", ""NFLX"", ""RTX"", ""AMZN"", ""CAT""], ""ai_peripheral"": [""PYPL"", ""LMT"", ""CRH"", ""VMC"", ""NOC"", ""RTX"", ""UNP"", ""LHX"", ""CAT"", ""GE""], ""core_ai"": [""PYPL"", ""ORCL"", ""NFLX"", ""ZM"", ""AMZN"", ""CAT"", ""TXN"", ""LHX"", ""ADI"", ""CEG""]}","{""ai_enabler"": {""first_fail"": {""top_count"": 162, ""top_pct"": 0.2379, ""top_reason"": ""min_dollar_volume""}, ""layer_summary"": {""base_hard"": {""before"": 681, ""pass_rate"": 0.46255506607929514, ""remaining"": 315, ""removed"": 169}, ""quality_or_theme_hard"": {""before"": 370, ""pass_rate"": 0.8513513513513513, ""remaining"": 315, ""removed"": 55}, ""valuation_hard"": {""before"": 512, ""pass_rate"": 0.72265625, ""remaining"": 370, ""removed"": 142}}, ""n_filtered"": 315, ""n_input"": 681, ""n_ranked"": 21, ""near_miss"": {""reasons"": [{""count"": 3, ""layer"": ""valuation_hard"", ""pct"": 0.004405286343612335, ""reason"": ""min_return_60d""}, {""count"": 3, ""layer"": ""quality_or_theme_hard"", ""pct"": 0.004405286343612335, ""reason"": ""min_ai_link_score""}, {""count"": 2, ""layer"": ""valuation_hard"", ""pct"": 0.002936857562408223, ""reason"": ""max_ps_hist_percentile""}, {""count"": 1, ""layer"": ""quality_or_theme_hard"", ""pct"": 0.0014684287812041115, ""reason"": ""min_net_income_yoy""}, {""count"": 1, ""layer"": ""valuation_hard"", ""pct"": 0.0014684287812041115, ""reason"": ""max_20d_return""}], ""top_count"": 3, ""top_pct"": 0.004405286343612335, ""top_reason"": ""min_return_60d""}}, ""ai_peripheral"": {""first_fail"": {""top_count"": 162, ""top_pct"": 0.2379, ""top_reason"": ""min_dollar_volume""}, ""layer_summary"": {""base_hard"": {""before"": 681, ""pass_rate"": 0.24082232011747431, ""remaining"": 164, ""removed"": 341}, ""quality_or_theme_hard"": {""before"": 395, ""pass_rate"": 0.850632911392405, ""remaining"": 336, ""removed"": 59}, ""valuation_hard"": {""before"": 512, ""pass_rate"": 0.771484375, ""remaining"": 395, ""removed"": 117}}, ""n_filtered"": 164, ""n_input"": 681, ""n_ranked"": 16, ""near_miss"": {""reasons"": [{""count"": 2, ""layer"": ""valuation_hard"", ""pct"": 0.002936857562408223, ""reason"": ""max_ps_hist_percentile""}, {""count"": 2, ""layer"": ""base_hard"", ""pct"": 0.002936857562408223, ""reason"": ""channel_bucket_match""}, {""count"": 1, ""layer"": ""quality_or_theme_hard"", ""pct"": 0.0014684287812041115, ""reason"": ""min_net_income_yoy""}, {""count"": 1, ""layer"": ""valuation_hard"", ""pct"": 0.0014684287812041115, ""reason"": ""min_return_60d""}, {""count"": 1, ""layer"": ""base_hard"", ""pct"": 0.0014684287812041115, ""reason"": ""min_avg_dollar_volume_20d""}], ""top_count"": 2, ""top_pct"": 0.002936857562408223, ""top_reason"": ""max_ps_hist_percentile""}}, ""core_ai"": {""first_fail"": {""top_count"": 162, ""top_pct"": 0.2379, ""top_reason"": ""min_dollar_volume""}, ""layer_summary"": {""base_hard"": {""before"": 681, ""pass_rate"": 0.10719530102790015, ""remaining"": 73, ""removed"": 383}, ""quality_or_theme_hard"": {""before"": 342, ""pass_rate"": 0.8391812865497076, ""remaining"": 287, ""removed"": 55}, ""valuation_hard"": {""before"": 512, ""pass_rate"": 0.66796875, ""remaining"": 342, ""removed"": 170}}, ""n_filtered"": 73, ""n_input"": 681, ""n_ranked"": 12, ""near_miss"": {""reasons"": [{""count"": 1, ""layer"": ""base_hard"", ""pct"": 0.0014684287812041115, ""reason"": ""channel_bucket_match""}, {""count"": 1, ""layer"": ""quality_or_theme_hard"", ""pct"": 0.0014684287812041115, ""reason"": ""min_ai_link_score""}, {""count"": 1, ""layer"": ""valuation_hard"", ""pct"": 0.0014684287812041115, ""reason"": ""min_value_discount_any""}, {""count"": 1, ""layer"": ""valuation_hard"", ""pct"": 0.0014684287812041115, ""reason"": ""max_ps_percentile_in_sic""}], ""top_count"": 1, ""top_pct"": 0.0014684287812041115, ""top_reason"": ""channel_bucket_match""}}}",,union_superset_approx
base,replay_base_2026-08-31,2026-08-31T00:00:00+00:00,2026-08-31,industry_trend,"['CRM', 'MU', 'MSFT', 'NVDA', 'AMZN', 'NFLX', 'TSLA', 'GOOGL', 'CSCO', 'ANET', 'FCX', 'UNP', 'WDAY', 'DE', 'CSX', 'ATI', 'OKE', 'WMB', 'UBER', 'KMI', 'CAT']",21,-0.03215395003376087,down,"{""ai_enabler"": 10, ""ai_peripheral"": 10, ""core_ai"": 10}","{""ai_enabler"": [""CRM"", ""MU"", ""FCX"", ""NFLX"", ""TSLA"", ""UNP"", ""ANET"", ""WDAY"", ""DE"", ""MSFT""], ""ai_peripheral"": [""FCX"", ""DE"", ""UNP"", ""CSX"", ""ATI"", ""OKE"", ""WMB"", ""UBER"", ""KMI"", ""CAT""], ""core_ai"": [""CRM"", ""MU"", ""MSFT"", ""NVDA"", ""AMZN"", ""NFLX"", ""TSLA"", ""GOOGL"", ""CSCO"", ""ANET""]}","{""ai_enabler"": {""first_fail"": {""top_count"": 162, ""top_pct"": 0.2379, ""top_reason"": ""min_dollar_volume""}, ""layer_summary"": {""base_hard"": {""before"": 681, ""pass_rate"": 0.6358296622613803, ""remaining"": 433, ""removed"": 169}, ""quality_or_theme_hard"": {""before"": 512, ""pass_rate"": 0.845703125, ""remaining"": 433, ""removed"": 79}}, ""n_filtered"": 433, ""n_input"": 681, ""n_ranked"": 95, ""near_miss"": {""reasons"": [{""count"": 7, ""layer"": ""quality_or_theme_hard"", ""pct"": 0.010279001468428781, ""reason"": ""min_ai_link_score""}, {""count"": 5, ""layer"": ""valuation_hard"", ""pct"": 0.007342143906020558, ""reason"": ""trend_min_return_60d""}, {""count"": 3, ""layer"": ""base_hard"", ""pct"": 0.004405286343612335, ""reason"": ""trend_min_avg_dollar_volume_20d""}, {""count"": 2, ""layer"": ""valuation_hard"", ""pct"": 0.002936857562408223, ""reason"": ""max_ps_hist_percentile""}, {""count"": 1, ""layer"": ""valuation_hard"", ""pct"": 0.0014684287812041115, ""reason"": ""max_ps_percentile_in_sic""}], ""top_count"": 7, ""top_pct"": 0.010279001468428781, ""top_reason"": ""min_ai_link_score""}}, ""ai_peripheral"": {""first_fail"": {""top_count"": 162, ""top_pct"": 0.2379, ""top_reason"": ""min_dollar_volume""}, ""layer_summary"": {""base_hard"": {""before"": 681, ""pass_rate"": 0.2643171806167401, ""remaining"": 180, ""removed"": 422}, ""quality_or_theme_hard"": {""before"": 512, ""pass_rate"": 0.3515625, ""remaining"": 180, ""removed"": 79}}, ""n_filtered"": 180, ""n_input"": 681, ""n_ranked"": 78, ""near_miss"": {""reasons"": [{""count"": 3, ""layer"": ""valuation_hard"", ""pct"": 0.004405286343612335, ""reason"": ""trend_min_return_60d""}, {""count"": 3, ""layer"": ""valuation_hard"", ""pct"": 0.004405286343612335, ""reason"": ""max_ps_hist_percentile""}, {""count"": 2, ""layer"": ""quality_or_theme_hard"", ""pct"": 0.002936857562408223, ""reason"": ""min_current_ratio""}, {""count"": 2, ""layer"": ""quality_or_theme_hard"", ""pct"": 0.002936857562408223, ""reason"": ""min_ai_link_score""}, {""count"": 1, ""layer"": ""quality_or_theme_hard"", ""pct"": 0.0014684287812041115, ""reason"": ""min_net_income_yoy""}], ""top_count"": 3, ""top_pct"": 0.004405286343612335, ""top_reason"": ""trend_min_return_60d""}}, ""core_ai"": {""first_fail"": {""top_count"": 162, ""top_pct"": 0.2379, ""top_reason"": ""min_dollar_volume""}, ""layer_summary"": {""base_hard"": {""before"": 681, ""pass_rate"": 0.19236417033773862, ""remaining"": 131, ""removed"": 471}, ""quality_or_theme_hard"": {""before"": 512, ""pass_rate"": 0.255859375, ""remaining"": 131, ""removed"": 79}}, ""n_filtered"": 131, ""n_input"": 681, ""n_ranked"": 29, ""near_miss"": {""reasons"": [{""count"": 4, ""layer"": ""quality_or_theme_hard"", ""pct"": 0.005873715124816446, ""reason"": ""min_ai_link_score""}, {""count"": 1, ""layer"": ""valuation_hard"", ""pct"": 0.0014684287812041115, ""reason"": ""max_ps_percentile_in_sic""}], ""top_count"": 4, ""top_pct"": 0.005873715124816446, ""top_reason"": ""min_ai_link_score""}}}",,union_superset_approx
base,replay_base_2026-08-31,2026-08-31T00:00:00+00:00,2026-08-31,momentum,"['CRM', 'MU', 'PLTR', 'NFLX', 'WDAY', 'ANET', 'TSLA', 'NVDA', 'LRCX', 'DE', 'FCX', 'ZS', 'UNP', 'OKE', 'ATI', 'SBAC', 'CSX', 'UBER', 'WMB', 'ACN']",20,-0.03215395003376087,down,"{""ai_enabler"": 10, ""ai_peripheral"": 10, ""core_ai"": 10}","{""ai_enabler"": [""CRM"", ""FCX"", ""MU"", ""NFLX"", ""WDAY"", ""ZS"", ""TSLA"", ""ANET"", ""DE"", ""UNP""], ""ai_peripheral"": [""FCX"", ""DE"", ""OKE"", ""UNP"", ""ATI"", ""SBAC"", ""CSX"", ""UBER"", ""WMB"", ""ACN""], ""core_ai"": [""CRM"", ""MU"", ""PLTR"", ""NFLX"", ""WDAY"", ""ANET"", ""TSLA"", ""NVDA"", ""LRCX"", ""DE""]}","{""ai_enabler"": {""first_fail"": {""top_count"": 162, ""top_pct"": 0.2379, ""top_reason"": ""min_dollar_volume""}, ""layer_summary"": {""base_hard"": {""before"": 681, ""pass_rate"": 0.6358296622613803, ""remaining"": 433, ""removed"": 169}, ""quality_or_theme_hard"": {""before"": 512, ""pass_rate"": 0.845703125, ""remaining"": 433, ""removed"": 79}}, ""n_filtered"": 433, ""n_input"": 681, ""n_ranked"": 95, ""near_miss"": {""reasons"": [{""count"": 1, ""layer"": ""valuation_hard"", ""pct"": 0.0014684287812041115, ""reason"": ""momentum_min_return_20d""}, {""count"": 1, ""layer"": ""quality_or_theme_hard"", ""pct"": 0.0014684287812041115, ""reason"": ""min_current_ratio""}, {""count"": 1, ""layer"": ""quality_or_theme_hard"", ""pct"": 0.0014684287812041115, ""reason"": ""min_ai_link_score""}], ""top_count"": 1, ""top_pct"": 0.0014684287812041115, ""top_reason"": ""momentum_min_return_20d""}}, ""ai_peripheral"": {""first_fail"": {""top_count"": 162, ""top_pct"": 0.2379, ""top_reason"": ""min_dollar_volume""}, ""layer_summary"": {""base_hard"": {""before"": 681, ""pass_rate"": 0.2643171806167401, ""remaining"": 180, ""removed"": 422}, ""quality_or_theme_hard"": {""before"": 512, ""pass_rate"": 0.3515625, ""remaining"": 180, ""removed"": 79}}, ""n_filtered"": 180, ""n_input"": 681, ""n_ranked"": 78, ""near_miss"": {""reasons"": [{""count"": 1, ""layer"": ""valuation_hard"", ""pct"": 0.0014684287812041115, ""reason"": ""momentum_min_return_20d""}, {""count"": 1, ""layer"": ""valuation_hard"", ""pct"": 0.0014684287812041115, ""reason"": ""momentum_min_price_to_sma200""}, {""count"": 1, ""layer"": ""valuation_hard"", ""pct"": 0.0014684287812041115, ""reason"": ""max_ps_hist_percentile""}], ""top_count"": 1, ""top_pct"": 0.0014684287812041115, ""top_reason"": ""momentum_min_return_20d""}}, ""core_ai"": {""first_fail"": {""top_count"": 162, ""top_pct"": 0.2379, ""top_reason"": ""min_dollar_volume""}, ""layer_summary"": {""base_hard"": {""before"": 681, ""pass_rate"": 0.19236417033773862, ""remaining"": 131, ""removed"": 471}, ""quality_or_theme_hard"": {""before"": 512, ""pass_rate"": 0.255859375, ""remaining"": 131, ""removed"": 79}}, ""n_filtered"": 131, ""n_input"": 681, ""n_ranked"": 29, ""near_miss"": {""reasons"": [], ""top_count"": 0, ""top_pct"": 0.0, ""top_reason"": """"}}}",,union_superset_approx
base,replay_base_2026-08-31,2026-08-31T00:00:00+00:00,2026-08-31,research_pool,"['CRH', 'LMT', 'CHKP', 'NOC', 'NUE', 'UNP', 'STLD', 'VMC', 'VRT', 'RTX', 'FCX', 'IESC', 'MPC', 'CF', 'PSX', 'LYFT', 'VLO', 'NEM', 'G', 'AMCR', 'CRM', 'NFLX', 'PYPL', 'LHX', 'ORCL', 'ZM', 'MSFT', 'CEG', 'ADI', 'MU']",30,-0.03215395003376087,down,"{""ai_enabler"": 10, ""ai_peripheral"": 10, ""core_ai"": 10}","{""ai_enabler"": [""CRH"", ""LMT"", ""CHKP"", ""NOC"", ""NUE"", ""UNP"", ""STLD"", ""VMC"", ""VRT"", ""RTX""], ""ai_peripheral"": [""FCX"", ""IESC"", ""MPC"", ""CF"", ""PSX"", ""LYFT"", ""VLO"", ""NEM"", ""G"", ""AMCR""], ""core_ai"": [""CRM"", ""NFLX"", ""PYPL"", ""LHX"", ""ORCL"", ""ZM"", ""MSFT"", ""CEG"", ""ADI"", ""MU""]}","{""ai_enabler"": {""n_filtered"": 68, ""n_input"": 681, ""n_ranked"": 68, ""priority_counts"": {""left_side_watch"": 1, ""research_now"": 7, ""theme_only"": 48, ""watch_for_pullback"": 12}}, ""ai_peripheral"": {""n_filtered"": 35, ""n_input"": 681, ""n_ranked"": 35, ""priority_counts"": {""left_side_watch"": 1, ""research_now"": 1, ""theme_only"": 33}}, ""core_ai"": {""n_filtered"": 40, ""n_input"": 681, ""n_ranked"": 40, ""priority_counts"": {""left_side_watch"": 5, ""research_now"": 4, ""theme_only"": 13, ""watch_for_pullback"": 18}}}",,union_superset_approx
base,replay_base_2026-09-30,2026-09-30T00:00:00+00:00,2026-09-30,low_value,"['ORCL', 'PYPL', 'CSCO', 'ZM', 'AMZN', 'CAT', 'QCOM', 'BWXT', 'GEV', 'ADI', 'CHKP', 'CRM', 'FCX', 'EME', 'NUE', 'PH', 'ATI', 'ETN']",18,0.042326774539098944,up,"{""ai_enabler"": 10, ""ai_peripheral"": 10, ""core_ai"": 10}","{""ai_enabler"": [""CHKP"", ""PYPL"", ""CRM"", ""FCX"", ""EME"", ""NUE"", ""CSCO"", ""AMZN"", ""QCOM"", ""CAT""], ""ai_peripheral"": [""PYPL"", ""FCX"", ""EME"", ""NUE"", ""CAT"", ""PH"", ""BWXT"", ""ATI"", ""GEV"", ""ETN""], ""core_ai"": [""ORCL"", ""PYPL"", ""CSCO"", ""ZM"", ""AMZN"", ""CAT"", ""QCOM"", ""BWXT"", ""GEV"", ""ADI""]}","{""ai_enabler"": {""first_fail"": {""top_count"": 145, ""top_pct"": 0.2129, ""top_reason"": ""min_dollar_volume""}, ""layer_summary"": {""base_hard"": {""before"": 681, ""pass_rate"": 0.47723935389133626, ""remaining"": 325, ""removed"": 153}, ""quality_or_theme_hard"": {""before"": 410, ""pass_rate"": 0.7926829268292683, ""remaining"": 325, ""removed"": 85}, ""valuation_hard"": {""before"": 528, ""pass_rate"": 0.7765151515151515, ""remaining"": 410, ""removed"": 118}}, ""n_filtered"": 325, ""n_input"": 681, ""n_ranked"": 20, ""near_miss"": {""reasons"": [{""count"": 2, ""layer"": ""valuation_hard"", ""pct"": 0.002936857562408223, ""reason"": ""min_return_60d""}, {""count"": 2, ""layer"": ""valuation_hard"", ""pct"": 0.002936857562408223, ""reason"": ""max_ps_hist_percentile""}, {""count"": 2, ""layer"": ""quality_or_theme_hard"", ""pct"": 0.002936857562408223, ""reason"": ""min_ai_link_score""}, {""count"": 1, ""layer"": ""quality_or_theme_hard"", ""pct"": 0.0014684287812041115, ""reason"": ""min_net_income_yoy""}, {""count"": 1, ""layer"": ""base_hard"", ""pct"": 0.0014684287812041115, ""reason"": ""min_avg_dollar_volume_20d""}], ""top_count"": 2, ""top_pct"": 0.002936857562408223, ""top_reason"": ""min_return_60d""}}, ""ai_peripheral"": {""first_fail"": {""top_count"": 145, ""top_pct"": 0.2129, ""top_reason"": ""min_dollar_volume""}, ""layer_summary"": {""base_hard"": {""before"": 681, ""pass_rate"": 0.24963289280469897, ""remaining"": 170, ""removed"": 314}, ""quality_or_theme_hard"": {""before"": 419, ""pass_rate"": 0.7899761336515513, ""remaining"": 331, ""removed"": 88}, ""valuation_hard"": {""before"": 528, ""pass_rate"": 0.7935606060606061, ""remaining"": 419, ""removed"": 109}}, ""n_filtered"": 170, ""n_input"": 681, ""n_ranked"": 14, ""near_miss"": {""reasons"": [{""count"": 2, ""layer"": ""valuation_hard"", ""pct"": 0.002936857562408223, ""reason"": ""min_return_20d""}, {""count"": 2, ""layer"": ""valuation_hard"", ""pct"": 0.002936857562408223, ""reason"": ""min_return_60d""}, {""count"": 1, ""layer"": ""quality_or_theme_hard"", ""pct"": 0.0014684287812041115, ""reason"": ""min_net_income_yoy""}, {""count"": 1, ""layer"": ""quality_or_theme_hard"", ""pct"": 0.0014684287812041115, ""reason"": ""min_current_ratio""}, {""count"": 1, ""layer"": ""valuation_hard"", ""pct"": 0.0014684287812041115, ""reason"": ""max_ps_hist_percentile""}], ""top_count"": 2, ""top_pct"": 0.002936857562408223, ""top_reason"": ""min_return_20d""}}, ""core_ai"": {""first_fail"": {""top_count"": 145, ""top_pct"": 0.2129, ""top_reason"": ""min_dollar_volume""}, ""layer_summary"": {""base_hard"": {""before"": 681, ""pass_rate"": 0.09985315712187959, ""remaining"": 68, ""removed"": 385}, ""quality_or_theme_hard"": {""before"": 378, ""pass_rate"": 0.7936507936507936, ""remaining"": 300, ""removed"": 78}, ""valuation_hard"": {""before"": 528, ""pass_rate"": 0.7159090909090909, ""remaining"": 378, ""removed"": 150}}, ""n_filtered"": 68, ""n_input"": 681, ""n_ranked"": 12, ""near_miss"": {""reasons"": [{""count"": 1, ""layer"": ""base_hard"", ""pct"": 0.0014684287812041115, ""reason"": ""channel_bucket_match""}], ""top_count"": 1, ""top_pct"": 0.0014684287812041115, ""top_reason"": ""channel_bucket_match""}}}",,snapshot:ai_watchlist_20260929T062841Z.csv@2026-09-29
base,replay_base_2026-09-30,2026-09-30T00:00:00+00:00,2026-09-30,industry_trend,"['MU', 'META', 'GOOGL', 'LRCX', 'AMZN', 'MSFT', 'NVDA', 'AMD', 'ANET', 'CSCO', 'AMAT', 'TXN', 'GOOG', 'ETN', 'CAT', 'GEV', 'PWR', 'JCI', 'FCX', 'EMR', 'CSX', 'TT', 'PH']",23,0.042326774539098944,up,"{""ai_enabler"": 10, ""ai_peripheral"": 10, ""core_ai"": 10}","{""ai_enabler"": [""LRCX"", ""MU"", ""META"", ""ANET"", ""AMAT"", ""TXN"", ""AMZN"", ""GOOG"", ""ETN"", ""GOOGL""], ""ai_peripheral"": [""ETN"", ""CAT"", ""GEV"", ""PWR"", ""JCI"", ""FCX"", ""EMR"", ""CSX"", ""TT"", ""PH""], ""core_ai"": [""MU"", ""META"", ""GOOGL"", ""LRCX"", ""AMZN"", ""MSFT"", ""NVDA"", ""AMD"", ""ANET"", ""CSCO""]}","{""ai_enabler"": {""first_fail"": {""top_count"": 145, ""top_pct"": 0.2129, ""top_reason"": ""min_dollar_volume""}, ""layer_summary"": {""base_hard"": {""before"": 681, ""pass_rate"": 0.6123348017621145, ""remaining"": 417, ""removed"": 153}, ""quality_or_theme_hard"": {""before"": 528, ""pass_rate"": 0.7897727272727273, ""remaining"": 417, ""removed"": 111}}, ""n_filtered"": 417, ""n_input"": 681, ""n_ranked"": 92, ""near_miss"": {""reasons"": [{""count"": 6, ""layer"": ""valuation_hard"", ""pct"": 0.00881057268722467, ""reason"": ""trend_min_return_60d""}, {""count"": 5, ""layer"": ""quality_or_theme_hard"", ""pct"": 0.007342143906020558, ""reason"": ""min_ai_link_score""}, {""count"": 1, ""layer"": ""quality_or_theme_hard"", ""pct"": 0.0014684287812041115, ""reason"": ""max_ev_to_ebit""}, {""count"": 1, ""layer"": ""valuation_hard"", ""pct"": 0.0014684287812041115, ""reason"": ""max_ps_percentile_in_sic""}, {""count"": 1, ""layer"": ""valuation_hard"", ""pct"": 0.0014684287812041115, ""reason"": ""max_pe_percentile_in_sic""}], ""top_count"": 6, ""top_pct"": 0.00881057268722467, ""top_reason"": ""trend_min_return_60d""}}, ""ai_peripheral"": {""first_fail"": {""top_count"": 145, ""top_pct"": 0.2129, ""top_reason"": ""min_dollar_volume""}, ""layer_summary"": {""base_hard"": {""before"": 681, ""pass_rate"": 0.25844346549192365, ""remaining"": 176, ""removed"": 394}, ""quality_or_theme_hard"": {""before"": 528, ""pass_rate"": 0.3333333333333333, ""remaining"": 176, ""removed"": 111}}, ""n_filtered"": 176, ""n_input"": 681, ""n_ranked"": 76, ""near_miss"": {""reasons"": [{""count"": 5, ""layer"": ""valuation_hard"", ""pct"": 0.007342143906020558, ""reason"": ""trend_min_return_60d""}, {""count"": 3, ""layer"": ""base_hard"", ""pct"": 0.004405286343612335, ""reason"": ""channel_bucket_match""}, {""count"": 2, ""layer"": ""valuation_hard"", ""pct"": 0.002936857562408223, ""reason"": ""max_ps_hist_percentile""}, {""count"": 1, ""layer"": ""quality_or_theme_hard"", ""pct"": 0.0014684287812041115, ""reason"": ""min_current_ratio""}, {""count"": 1, ""layer"": ""valuation_hard"", ""pct"": 0.0014684287812041115, ""reason"": ""max_pe_hist_percentile""}], ""top_count"": 5, ""top_pct"": 0.007342143906020558, ""top_reason"": ""trend_min_return_60d""}}, ""core_ai"": {""first_fail"": {""top_count"": 145, ""top_pct"": 0.2129, ""top_reason"": ""min_dollar_volume""}, ""layer_summary"": {""base_hard"": {""before"": 681, ""pass_rate"": 0.18795888399412627, ""remaining"": 128, ""removed"": 442}, ""quality_or_theme_hard"": {""before"": 528, ""pass_rate"": 0.24242424242424243, ""remaining"": 128, ""removed"": 111}}, ""n_filtered"": 128, ""n_input"": 681, ""n_ranked"": 29, ""near_miss"": {""reasons"": [{""count"": 2, ""layer"": ""quality_or_theme_hard"", ""pct"": 0.002936857562408223, ""reason"": ""min_ai_link_score""}, {""count"": 1, ""layer"": ""valuation_hard"", ""pct"": 0.0014684287812041115, ""reason"": ""max_ps_percentile_in_sic""}, {""count"": 1, ""layer"": ""valuation_hard"", ""pct"": 0.0014684287812041115, ""reason"": ""trend_min_return_60d""}], ""top_count"": 2, ""top_pct"": 0.002936857562408223, ""top_reason"": ""min_ai_link_score""}}}",,snapshot:ai_watchlist_20260929T062841Z.csv@2026-09-29
base,replay_base_2026-09-30,2026-09-30T00:00:00+00:00,2026-09-30,momentum,"['MU', 'META', 'AMD', 'LRCX', 'TXN', 'ANET', 'GOOGL', 'MSFT', 'AMZN', 'TER', 'AMAT', 'ETN', 'PWR', 'ZS', 'CAT', 'GEV', 'JCI', 'EMR', 'EME', 'FCX', 'PH', 'VST']",22,0.042326774539098944,up,"{""ai_enabler"": 10, ""ai_peripheral"": 10, ""core_ai"": 10}","{""ai_enabler"": [""MU"", ""LRCX"", ""META"", ""ANET"", ""TXN"", ""AMAT"", ""ETN"", ""TER"", ""PWR"", ""ZS""], ""ai_peripheral"": [""ETN"", ""CAT"", ""GEV"", ""PWR"", ""JCI"", ""EMR"", ""EME"", ""FCX"", ""PH"", ""VST""], ""core_ai"": [""MU"", ""META"", ""AMD"", ""LRCX"", ""TXN"", ""ANET"", ""GOOGL"", ""MSFT"", ""AMZN"", ""TER""]}","{""ai_enabler"": {""first_fail"": {""top_count"": 146, ""top_pct"": 0.2144, ""top_reason"": ""momentum_min_return_20d""}, ""layer_summary"": {""base_hard"": {""before"": 681, ""pass_rate"": 0.6123348017621145, ""remaining"": 417, ""removed"": 153}, ""quality_or_theme_hard"": {""before"": 528, ""pass_rate"": 0.7897727272727273, ""remaining"": 417, ""removed"": 111}}, ""n_filtered"": 417, ""n_input"": 681, ""n_ranked"": 92, ""near_miss"": {""reasons"": [{""count"": 1, ""layer"": ""valuation_hard"", ""pct"": 0.0014684287812041115, ""reason"": ""max_pe_percentile_in_sic""}, {""count"": 1, ""layer"": ""valuation_hard"", ""pct"": 0.0014684287812041115, ""reason"": ""momentum_min_return_20d""}], ""top_count"": 1, ""top_pct"": 0.0014684287812041115, ""top_reason"": ""max_pe_percentile_in_sic""}}, ""ai_peripheral"": {""first_fail"": {""top_count"": 145, ""top_pct"": 0.2129, ""top_reason"": ""min_dollar_volume""}, ""layer_summary"": {""base_hard"": {""before"": 681, ""pass_rate"": 0.25844346549192365, ""remaining"": 176, ""removed"": 394}, ""quality_or_theme_hard"": {""before"": 528, ""pass_rate"": 0.3333333333333333, ""remaining"": 176, ""removed"": 111}}, ""n_filtered"": 176, ""n_input"": 681, ""n_ranked"": 76, ""near_miss"": {""reasons"": [{""count"": 1, ""layer"": ""valuation_hard"", ""pct"": 0.0014684287812041115, ""reason"": ""momentum_min_return_20d""}], ""top_count"": 1, ""top_pct"": 0.0014684287812041115, ""top_reason"": ""momentum_min_return_20d""}}, ""core_ai"": {""first_fail"": {""top_count"": 145, ""top_pct"": 0.2129, ""top_reason"": ""min_dollar_volume""}, ""layer_summary"": {""base_hard"": {""before"": 681, ""pass_rate"": 0.18795888399412627, ""remaining"": 128, ""removed"": 442}, ""quality_or_theme_hard"": {""before"": 528, ""pass_rate"": 0.24242424242424243, ""remaining"": 128, ""removed"": 111}}, ""n_filtered"": 128, ""n_input"": 681, ""n_ranked"": 29, ""near_miss"": {""reasons"": [{""count"": 1, ""layer"": ""valuation_hard"", ""pct"": 0.0014684287812041115, ""reason"": ""momentum_min_return_20d""}], ""top_count"": 1, ""top_pct"": 0.0014684287812041115, ""top_reason"": ""momentum_min_return_20d""}}}",,snapshot:ai_watchlist_20260929T062841Z.csv@2026-09-29
base,replay_base_2026-09-30,2026-09-30T00:00:00+00:00,2026-09-30,research_pool,"['CHKP', 'EME', 'NUE', 'STLD', 'EQIX', 'QLYS', 'HWM', 'PWR', 'OKTA', 'JCI', 'FCX', 'AMCR', 'FDX', 'MPC', 'EOG', 'NEM', 'CF', 'IESC', 'KEX', 'PSX', 'CRM', 'AMZN', 'PYPL', 'QCOM', 'GOOG', 'GOOGL', 'ZM', 'ORCL', 'GEV', 'MSFT']",30,0.042326774539098944,up,"{""ai_enabler"": 10, ""ai_peripheral"": 10, ""core_ai"": 10}","{""ai_enabler"": [""CHKP"", ""EME"", ""NUE"", ""STLD"", ""EQIX"", ""QLYS"", ""HWM"", ""PWR"", ""OKTA"", ""JCI""], ""ai_peripheral"": [""FCX"", ""AMCR"", ""FDX"", ""MPC"", ""EOG"", ""NEM"", ""CF"", ""IESC"", ""KEX"", ""PSX""], ""core_ai"": [""CRM"", ""AMZN"", ""PYPL"", ""QCOM"", ""GOOG"", ""GOOGL"", ""ZM"", ""ORCL"", ""GEV"", ""MSFT""]}","{""ai_enabler"": {""n_filtered"": 56, ""n_input"": 681, ""n_ranked"": 56, ""priority_counts"": {""left_side_watch"": 6, ""research_now"": 4, ""theme_only"": 38, ""watch_for_pullback"": 8}}, ""ai_peripheral"": {""n_filtered"": 38, ""n_input"": 681, ""n_ranked"": 38, ""priority_counts"": {""left_side_watch"": 2, ""research_now"": 1, ""theme_only"": 35}}, ""core_ai"": {""n_filtered"": 47, ""n_input"": 681, ""n_ranked"": 47, ""priority_counts"": {""left_side_watch"": 3, ""research_now"": 4, ""theme_only"": 16, ""watch_for_pullback"": 24}}}",,snapshot:ai_watchlist_20260929T062841Z.csv@2026-09-29
