scenario,run_stem,run_ts_utc,signal_date,list_type,symbols,n_selected,benchmark_trailing_60d,regime,channel_counts,channel_symbols,filter_diagnostics,source_csv,watchlist_source
base,replay_base_2023-01-31,2023-01-31T00:00:00+00:00,2023-01-31,low_value,"['ON', 'CAT', 'SNPS', 'ADI', 'PTC', 'CDNS', 'KLAC', 'NUE', 'STLD', 'JCI', 'ETN', 'PH', 'MCHP', 'VMC', 'TT', 'PWR', 'EQIX']",17,0.10936264729134515,up,"{""ai_enabler"": 10, ""ai_peripheral"": 10, ""core_ai"": 6}","{""ai_enabler"": [""KLAC"", ""NUE"", ""STLD"", ""ON"", ""CAT"", ""JCI"", ""ETN"", ""PH"", ""SNPS"", ""MCHP""], ""ai_peripheral"": [""NUE"", ""STLD"", ""CAT"", ""JCI"", ""ETN"", ""VMC"", ""PH"", ""TT"", ""PWR"", ""EQIX""], ""core_ai"": [""ON"", ""CAT"", ""SNPS"", ""ADI"", ""PTC"", ""CDNS""]}","{""ai_enabler"": {""first_fail"": {""top_count"": 243, ""top_pct"": 0.3857, ""top_reason"": ""min_dollar_volume""}, ""layer_summary"": {""base_hard"": {""before"": 630, ""pass_rate"": 0.08253968253968254, ""remaining"": 52, ""removed"": 256}, ""quality_or_theme_hard"": {""before"": 107, ""pass_rate"": 0.48598130841121495, ""remaining"": 52, ""removed"": 31}, ""valuation_hard"": {""before"": 374, ""pass_rate"": 0.22192513368983957, ""remaining"": 83, ""removed"": 291}}, ""n_filtered"": 52, ""n_input"": 630, ""n_ranked"": 16, ""near_miss"": {""reasons"": [{""count"": 5, ""layer"": ""valuation_hard"", ""pct"": 0.007936507936507936, ""reason"": ""min_range_position_52w""}], ""top_count"": 5, ""top_pct"": 0.007936507936507936, ""top_reason"": ""min_range_position_52w""}}, ""ai_peripheral"": {""first_fail"": {""top_count"": 243, ""top_pct"": 0.3857, ""top_reason"": ""min_dollar_volume""}, ""layer_summary"": {""base_hard"": {""before"": 630, ""pass_rate"": 0.06349206349206349, ""remaining"": 40, ""removed"": 279}, ""quality_or_theme_hard"": {""before"": 124, ""pass_rate"": 0.5080645161290323, ""remaining"": 63, ""removed"": 33}, ""valuation_hard"": {""before"": 374, ""pass_rate"": 0.25668449197860965, ""remaining"": 96, ""removed"": 278}}, ""n_filtered"": 40, ""n_input"": 630, ""n_ranked"": 10, ""near_miss"": {""reasons"": [{""count"": 2, ""layer"": ""base_hard"", ""pct"": 0.0031746031746031746, ""reason"": ""channel_bucket_match""}, {""count"": 1, ""layer"": ""valuation_hard"", ""pct"": 0.0015873015873015873, ""reason"": ""min_range_position_52w""}, {""count"": 1, ""layer"": ""valuation_hard"", ""pct"": 0.0015873015873015873, ""reason"": ""min_drawdown_percentile""}, {""count"": 1, ""layer"": ""quality_or_theme_hard"", ""pct"": 0.0015873015873015873, ""reason"": ""min_ai_link_score""}], ""top_count"": 2, ""top_pct"": 0.0031746031746031746, ""top_reason"": ""channel_bucket_match""}}, ""core_ai"": {""first_fail"": {""top_count"": 243, ""top_pct"": 0.3857, ""top_reason"": ""min_dollar_volume""}, ""layer_summary"": {""base_hard"": {""before"": 630, ""pass_rate"": 0.014285714285714285, ""remaining"": 9, ""removed"": 289}, ""quality_or_theme_hard"": {""before"": 93, ""pass_rate"": 0.45161290322580644, ""remaining"": 42, ""removed"": 25}, ""valuation_hard"": {""before"": 374, ""pass_rate"": 0.17914438502673796, ""remaining"": 67, ""removed"": 307}}, ""n_filtered"": 9, ""n_input"": 630, ""n_ranked"": 6, ""near_miss"": {""reasons"": [{""count"": 2, ""layer"": ""valuation_hard"", ""pct"": 0.0031746031746031746, ""reason"": ""min_range_position_52w""}], ""top_count"": 2, ""top_pct"": 0.0031746031746031746, ""top_reason"": ""min_range_position_52w""}}}",,union_superset_approx
base,replay_base_2023-01-31,2023-01-31T00:00:00+00:00,2023-01-31,industry_trend,"['AVGO', 'NVDA', 'MSFT', 'TSLA', 'LRCX', 'MU', 'GOOGL', 'META', 'CAT', 'NFLX', 'NUE', 'QCOM', 'FCX', 'STLD', 'UBER', 'BA', 'DE', 'PH', 'UPS', 'ETN']",20,0.10936264729134515,up,"{""ai_enabler"": 10, ""ai_peripheral"": 10, ""core_ai"": 10}","{""ai_enabler"": [""LRCX"", ""NUE"", ""NVDA"", ""TSLA"", ""AVGO"", ""QCOM"", ""META"", ""CAT"", ""NFLX"", ""GOOGL""], ""ai_peripheral"": [""NUE"", ""CAT"", ""FCX"", ""STLD"", ""UBER"", ""BA"", ""DE"", ""PH"", ""UPS"", ""ETN""], ""core_ai"": [""AVGO"", ""NVDA"", ""MSFT"", ""TSLA"", ""LRCX"", ""MU"", ""GOOGL"", ""META"", ""CAT"", ""NFLX""]}","{""ai_enabler"": {""first_fail"": {""top_count"": 243, ""top_pct"": 0.3857, ""top_reason"": ""min_dollar_volume""}, ""layer_summary"": {""base_hard"": {""before"": 630, ""pass_rate"": 0.4301587301587302, ""remaining"": 271, ""removed"": 256}, ""quality_or_theme_hard"": {""before"": 374, ""pass_rate"": 0.7245989304812834, ""remaining"": 271, ""removed"": 103}}, ""n_filtered"": 271, ""n_input"": 630, ""n_ranked"": 78, ""near_miss"": {""reasons"": [{""count"": 5, ""layer"": ""quality_or_theme_hard"", ""pct"": 0.007936507936507936, ""reason"": ""min_ai_link_score""}, {""count"": 4, ""layer"": ""quality_or_theme_hard"", ""pct"": 0.006349206349206349, ""reason"": ""min_current_ratio""}, {""count"": 3, ""layer"": ""valuation_hard"", ""pct"": 0.004761904761904762, ""reason"": ""max_ps_hist_percentile""}, {""count"": 2, ""layer"": ""quality_or_theme_hard"", ""pct"": 0.0031746031746031746, ""reason"": ""max_ev_to_ebit""}, {""count"": 2, ""layer"": ""base_hard"", ""pct"": 0.0031746031746031746, ""reason"": ""trend_min_avg_dollar_volume_20d""}], ""top_count"": 5, ""top_pct"": 0.007936507936507936, ""top_reason"": ""min_ai_link_score""}}, ""ai_peripheral"": {""first_fail"": {""top_count"": 243, ""top_pct"": 0.3857, ""top_reason"": ""min_dollar_volume""}, ""layer_summary"": {""base_hard"": {""before"": 630, ""pass_rate"": 0.2126984126984127, ""remaining"": 134, ""removed"": 393}, ""quality_or_theme_hard"": {""before"": 374, ""pass_rate"": 0.3582887700534759, ""remaining"": 134, ""removed"": 103}}, ""n_filtered"": 134, ""n_input"": 630, ""n_ranked"": 64, ""near_miss"": {""reasons"": [{""count"": 10, ""layer"": ""base_hard"", ""pct"": 0.015873015873015872, ""reason"": ""channel_bucket_match""}, {""count"": 5, ""layer"": ""quality_or_theme_hard"", ""pct"": 0.007936507936507936, ""reason"": ""min_ai_link_score""}, {""count"": 4, ""layer"": ""base_hard"", ""pct"": 0.006349206349206349, ""reason"": ""trend_min_avg_dollar_volume_20d""}, {""count"": 4, ""layer"": ""quality_or_theme_hard"", ""pct"": 0.006349206349206349, ""reason"": ""min_current_ratio""}, {""count"": 2, ""layer"": ""quality_or_theme_hard"", ""pct"": 0.0031746031746031746, ""reason"": ""max_ev_to_ebit""}], ""top_count"": 10, ""top_pct"": 0.015873015873015872, ""top_reason"": ""channel_bucket_match""}}, ""core_ai"": {""first_fail"": {""top_count"": 243, ""top_pct"": 0.3857, ""top_reason"": ""min_dollar_volume""}, ""layer_summary"": {""base_hard"": {""before"": 630, ""pass_rate"": 0.1380952380952381, ""remaining"": 87, ""removed"": 440}, ""quality_or_theme_hard"": {""before"": 374, ""pass_rate"": 0.232620320855615, ""remaining"": 87, ""removed"": 103}}, ""n_filtered"": 87, ""n_input"": 630, ""n_ranked"": 23, ""near_miss"": {""reasons"": [{""count"": 2, ""layer"": ""quality_or_theme_hard"", ""pct"": 0.0031746031746031746, ""reason"": ""min_ocf_to_net_income""}, {""count"": 2, ""layer"": ""quality_or_theme_hard"", ""pct"": 0.0031746031746031746, ""reason"": ""min_ai_link_score""}, {""count"": 1, ""layer"": ""valuation_hard"", ""pct"": 0.0015873015873015873, ""reason"": ""max_ps_percentile_in_sic""}, {""count"": 1, ""layer"": ""base_hard"", ""pct"": 0.0015873015873015873, ""reason"": ""trend_min_avg_dollar_volume_20d""}, {""count"": 1, ""layer"": ""quality_or_theme_hard"", ""pct"": 0.0015873015873015873, ""reason"": ""max_receivables_growth_gap""}], ""top_count"": 2, ""top_pct"": 0.0031746031746031746, ""top_reason"": ""min_ocf_to_net_income""}}}",,union_superset_approx
base,replay_base_2023-01-31,2023-01-31T00:00:00+00:00,2023-01-31,momentum,"['NVDA', 'TSLA', 'META', 'MU', 'LRCX', 'QCOM', 'SHOP', 'NFLX', 'AMZN', 'UBER', 'NUE', 'FCX', 'STLD', 'BA', 'CAT', 'EQIX', 'CCI', 'PH', 'UPS']",19,0.10936264729134515,up,"{""ai_enabler"": 10, ""ai_peripheral"": 10, ""core_ai"": 10}","{""ai_enabler"": [""TSLA"", ""NUE"", ""NVDA"", ""META"", ""LRCX"", ""QCOM"", ""MU"", ""NFLX"", ""UBER"", ""AMZN""], ""ai_peripheral"": [""NUE"", ""UBER"", ""FCX"", ""STLD"", ""BA"", ""CAT"", ""EQIX"", ""CCI"", ""PH"", ""UPS""], ""core_ai"": [""NVDA"", ""TSLA"", ""META"", ""MU"", ""LRCX"", ""QCOM"", ""SHOP"", ""NFLX"", ""AMZN"", ""UBER""]}","{""ai_enabler"": {""first_fail"": {""top_count"": 243, ""top_pct"": 0.3857, ""top_reason"": ""min_dollar_volume""}, ""layer_summary"": {""base_hard"": {""before"": 630, ""pass_rate"": 0.4301587301587302, ""remaining"": 271, ""removed"": 256}, ""quality_or_theme_hard"": {""before"": 374, ""pass_rate"": 0.7245989304812834, ""remaining"": 271, ""removed"": 103}}, ""n_filtered"": 271, ""n_input"": 630, ""n_ranked"": 78, ""near_miss"": {""reasons"": [{""count"": 2, ""layer"": ""valuation_hard"", ""pct"": 0.0031746031746031746, ""reason"": ""momentum_min_return_60d""}, {""count"": 2, ""layer"": ""quality_or_theme_hard"", ""pct"": 0.0031746031746031746, ""reason"": ""min_ai_link_score""}, {""count"": 1, ""layer"": ""valuation_hard"", ""pct"": 0.0015873015873015873, ""reason"": ""max_ps_percentile_in_sic""}, {""count"": 1, ""layer"": ""valuation_hard"", ""pct"": 0.0015873015873015873, ""reason"": ""momentum_min_price_to_sma200""}, {""count"": 1, ""layer"": ""valuation_hard"", ""pct"": 0.0015873015873015873, ""reason"": ""momentum_max_drawdown_from_52w_high""}], ""top_count"": 2, ""top_pct"": 0.0031746031746031746, ""top_reason"": ""momentum_min_return_60d""}}, ""ai_peripheral"": {""first_fail"": {""top_count"": 243, ""top_pct"": 0.3857, ""top_reason"": ""min_dollar_volume""}, ""layer_summary"": {""base_hard"": {""before"": 630, ""pass_rate"": 0.2126984126984127, ""remaining"": 134, ""removed"": 393}, ""quality_or_theme_hard"": {""before"": 374, ""pass_rate"": 0.3582887700534759, ""remaining"": 134, ""removed"": 103}}, ""n_filtered"": 134, ""n_input"": 630, ""n_ranked"": 64, ""near_miss"": {""reasons"": [{""count"": 5, ""layer"": ""base_hard"", ""pct"": 0.007936507936507936, ""reason"": ""channel_bucket_match""}, {""count"": 3, ""layer"": ""base_hard"", ""pct"": 0.004761904761904762, ""reason"": ""momentum_min_avg_dollar_volume_20d""}, {""count"": 2, ""layer"": ""quality_or_theme_hard"", ""pct"": 0.0031746031746031746, ""reason"": ""min_ai_link_score""}, {""count"": 1, ""layer"": ""quality_or_theme_hard"", ""pct"": 0.0015873015873015873, ""reason"": ""max_ev_to_ebit""}, {""count"": 1, ""layer"": ""valuation_hard"", ""pct"": 0.0015873015873015873, ""reason"": ""max_ps_hist_percentile""}], ""top_count"": 5, ""top_pct"": 0.007936507936507936, ""top_reason"": ""channel_bucket_match""}}, ""core_ai"": {""first_fail"": {""top_count"": 243, ""top_pct"": 0.3857, ""top_reason"": ""min_dollar_volume""}, ""layer_summary"": {""base_hard"": {""before"": 630, ""pass_rate"": 0.1380952380952381, ""remaining"": 87, ""removed"": 440}, ""quality_or_theme_hard"": {""before"": 374, ""pass_rate"": 0.232620320855615, ""remaining"": 87, ""removed"": 103}}, ""n_filtered"": 87, ""n_input"": 630, ""n_ranked"": 23, ""near_miss"": {""reasons"": [{""count"": 1, ""layer"": ""valuation_hard"", ""pct"": 0.0015873015873015873, ""reason"": ""max_ps_percentile_in_sic""}, {""count"": 1, ""layer"": ""valuation_hard"", ""pct"": 0.0015873015873015873, ""reason"": ""momentum_min_price_to_sma200""}, {""count"": 1, ""layer"": ""base_hard"", ""pct"": 0.0015873015873015873, ""reason"": ""momentum_min_avg_dollar_volume_20d""}, {""count"": 1, ""layer"": ""quality_or_theme_hard"", ""pct"": 0.0015873015873015873, ""reason"": ""min_ocf_to_net_income""}, {""count"": 1, ""layer"": ""quality_or_theme_hard"", ""pct"": 0.0015873015873015873, ""reason"": ""max_receivables_growth_gap""}], ""top_count"": 1, ""top_pct"": 0.0015873015873015873, ""top_reason"": ""max_ps_percentile_in_sic""}}}",,union_superset_approx
base,replay_base_2023-01-31,2023-01-31T00:00:00+00:00,2023-01-31,research_pool,"['UPS', 'MLM', 'CSX', 'NUE', 'STLD', 'NSC', 'EME', 'ACN', 'TT', 'JCI', 'LUV', 'BLDR', 'MPC', 'MATX', 'EXLS', 'CHRW', 'DVN', 'MOS', 'CVCO', 'EXP', 'ANET', 'AVGO', 'AMAT', 'LRCX', 'QCOM', 'KLAC', 'NXPI', 'SHOP', 'CAT', 'NOW']",30,0.10936264729134515,up,"{""ai_enabler"": 10, ""ai_peripheral"": 10, ""core_ai"": 10}","{""ai_enabler"": [""UPS"", ""MLM"", ""CSX"", ""NUE"", ""STLD"", ""NSC"", ""EME"", ""ACN"", ""TT"", ""JCI""], ""ai_peripheral"": [""LUV"", ""BLDR"", ""MPC"", ""MATX"", ""EXLS"", ""CHRW"", ""DVN"", ""MOS"", ""CVCO"", ""EXP""], ""core_ai"": [""ANET"", ""AVGO"", ""AMAT"", ""LRCX"", ""QCOM"", ""KLAC"", ""NXPI"", ""SHOP"", ""CAT"", ""NOW""]}","{""ai_enabler"": {""n_filtered"": 89, ""n_input"": 630, ""n_ranked"": 89, ""priority_counts"": {""research_now"": 10, ""theme_only"": 70, ""watch_for_pullback"": 9}}, ""ai_peripheral"": {""n_filtered"": 93, ""n_input"": 630, ""n_ranked"": 93, ""priority_counts"": {""theme_only"": 92, ""watch_for_pullback"": 1}}, ""core_ai"": {""n_filtered"": 61, ""n_input"": 630, ""n_ranked"": 61, ""priority_counts"": {""left_side_watch"": 1, ""research_now"": 9, ""theme_only"": 35, ""watch_for_pullback"": 16}}}",,union_superset_approx
base,replay_base_2023-02-28,2023-02-28T00:00:00+00:00,2023-02-28,low_value,"['ADI', 'SNPS', 'MPWR', 'AVGO', 'STLD', 'PWR', 'ETN', 'PH', 'TT']",9,0.00044303581774185474,up,"{""ai_enabler"": 8, ""ai_peripheral"": 5, ""core_ai"": 3}","{""ai_enabler"": [""AVGO"", ""STLD"", ""PWR"", ""ETN"", ""ADI"", ""PH"", ""SNPS"", ""MPWR""], ""ai_peripheral"": [""STLD"", ""ETN"", ""PWR"", ""PH"", ""TT""], ""core_ai"": [""ADI"", ""SNPS"", ""MPWR""]}","{""ai_enabler"": {""first_fail"": {""top_count"": 248, ""top_pct"": 0.3924, ""top_reason"": ""min_dollar_volume""}, ""layer_summary"": {""base_hard"": {""before"": 632, ""pass_rate"": 0.056962025316455694, ""remaining"": 36, ""removed"": 261}, ""quality_or_theme_hard"": {""before"": 90, ""pass_rate"": 0.4, ""remaining"": 36, ""removed"": 14}, ""valuation_hard"": {""before"": 371, ""pass_rate"": 0.1347708894878706, ""remaining"": 50, ""removed"": 321}}, ""n_filtered"": 36, ""n_input"": 632, ""n_ranked"": 8, ""near_miss"": {""reasons"": [{""count"": 1, ""layer"": ""valuation_hard"", ""pct"": 0.0015822784810126582, ""reason"": ""min_range_position_52w""}], ""top_count"": 1, ""top_pct"": 0.0015822784810126582, ""top_reason"": ""min_range_position_52w""}}, ""ai_peripheral"": {""first_fail"": {""top_count"": 248, ""top_pct"": 0.3924, ""top_reason"": ""min_dollar_volume""}, ""layer_summary"": {""base_hard"": {""before"": 632, ""pass_rate"": 0.030063291139240507, ""remaining"": 19, ""removed"": 282}, ""quality_or_theme_hard"": {""before"": 103, ""pass_rate"": 0.3883495145631068, ""remaining"": 40, ""removed"": 17}, ""valuation_hard"": {""before"": 371, ""pass_rate"": 0.15363881401617252, ""remaining"": 57, ""removed"": 314}}, ""n_filtered"": 19, ""n_input"": 632, ""n_ranked"": 5, ""near_miss"": {""reasons"": [{""count"": 2, ""layer"": ""base_hard"", ""pct"": 0.0031645569620253164, ""reason"": ""channel_bucket_match""}], ""top_count"": 2, ""top_pct"": 0.0031645569620253164, ""top_reason"": ""channel_bucket_match""}}, ""core_ai"": {""first_fail"": {""top_count"": 248, ""top_pct"": 0.3924, ""top_reason"": ""min_dollar_volume""}, ""layer_summary"": {""base_hard"": {""before"": 632, ""pass_rate"": 0.01740506329113924, ""remaining"": 11, ""removed"": 279}, ""quality_or_theme_hard"": {""before"": 73, ""pass_rate"": 0.3972602739726027, ""remaining"": 29, ""removed"": 9}, ""valuation_hard"": {""before"": 371, ""pass_rate"": 0.10242587601078167, ""remaining"": 38, ""removed"": 333}}, ""n_filtered"": 11, ""n_input"": 632, ""n_ranked"": 3, ""near_miss"": {""reasons"": [{""count"": 1, ""layer"": ""valuation_hard"", ""pct"": 0.0015822784810126582, ""reason"": ""min_range_position_52w""}], ""top_count"": 1, ""top_pct"": 0.0015822784810126582, ""top_reason"": ""min_range_position_52w""}}}",,union_superset_approx
base,replay_base_2023-02-28,2023-02-28T00:00:00+00:00,2023-02-28,industry_trend,"['AVGO', 'TSLA', 'MSFT', 'NVDA', 'AMAT', 'ANET', 'META', 'LRCX', 'CSCO', 'KLAC', 'PWR', 'ETN', 'UNP', 'DE', 'NUE', 'STLD', 'LMT', 'CSX', 'UPS', 'RS']",20,0.00044303581774185474,up,"{""ai_enabler"": 10, ""ai_peripheral"": 10, ""core_ai"": 10}","{""ai_enabler"": [""AVGO"", ""PWR"", ""AMAT"", ""TSLA"", ""ANET"", ""ETN"", ""UNP"", ""MSFT"", ""DE"", ""NVDA""], ""ai_peripheral"": [""ETN"", ""PWR"", ""DE"", ""UNP"", ""NUE"", ""STLD"", ""LMT"", ""CSX"", ""UPS"", ""RS""], ""core_ai"": [""AVGO"", ""TSLA"", ""MSFT"", ""NVDA"", ""AMAT"", ""ANET"", ""META"", ""LRCX"", ""CSCO"", ""KLAC""]}","{""ai_enabler"": {""first_fail"": {""top_count"": 248, ""top_pct"": 0.3924, ""top_reason"": ""min_dollar_volume""}, ""layer_summary"": {""base_hard"": {""before"": 632, ""pass_rate"": 0.4525316455696203, ""remaining"": 286, ""removed"": 261}, ""quality_or_theme_hard"": {""before"": 371, ""pass_rate"": 0.77088948787062, ""remaining"": 286, ""removed"": 85}}, ""n_filtered"": 286, ""n_input"": 632, ""n_ranked"": 80, ""near_miss"": {""reasons"": [{""count"": 8, ""layer"": ""quality_or_theme_hard"", ""pct"": 0.012658227848101266, ""reason"": ""min_ai_link_score""}, {""count"": 3, ""layer"": ""valuation_hard"", ""pct"": 0.004746835443037975, ""reason"": ""trend_min_return_60d""}, {""count"": 2, ""layer"": ""quality_or_theme_hard"", ""pct"": 0.0031645569620253164, ""reason"": ""min_current_ratio""}, {""count"": 2, ""layer"": ""quality_or_theme_hard"", ""pct"": 0.0031645569620253164, ""reason"": ""min_ocf_to_net_income""}, {""count"": 1, ""layer"": ""quality_or_theme_hard"", ""pct"": 0.0015822784810126582, ""reason"": ""min_net_income_yoy""}], ""top_count"": 8, ""top_pct"": 0.012658227848101266, ""top_reason"": ""min_ai_link_score""}}, ""ai_peripheral"": {""first_fail"": {""top_count"": 248, ""top_pct"": 0.3924, ""top_reason"": ""min_dollar_volume""}, ""layer_summary"": {""base_hard"": {""before"": 632, ""pass_rate"": 0.22151898734177214, ""remaining"": 140, ""removed"": 407}, ""quality_or_theme_hard"": {""before"": 371, ""pass_rate"": 0.37735849056603776, ""remaining"": 140, ""removed"": 85}}, ""n_filtered"": 140, ""n_input"": 632, ""n_ranked"": 67, ""near_miss"": {""reasons"": [{""count"": 9, ""layer"": ""base_hard"", ""pct"": 0.014240506329113924, ""reason"": ""channel_bucket_match""}, {""count"": 5, ""layer"": ""quality_or_theme_hard"", ""pct"": 0.007911392405063292, ""reason"": ""min_ai_link_score""}, {""count"": 4, ""layer"": ""valuation_hard"", ""pct"": 0.006329113924050633, ""reason"": ""trend_min_return_60d""}, {""count"": 4, ""layer"": ""valuation_hard"", ""pct"": 0.006329113924050633, ""reason"": ""max_ps_hist_percentile""}, {""count"": 1, ""layer"": ""quality_or_theme_hard"", ""pct"": 0.0015822784810126582, ""reason"": ""min_net_income_yoy""}], ""top_count"": 9, ""top_pct"": 0.014240506329113924, ""top_reason"": ""channel_bucket_match""}}, ""core_ai"": {""first_fail"": {""top_count"": 248, ""top_pct"": 0.3924, ""top_reason"": ""min_dollar_volume""}, ""layer_summary"": {""base_hard"": {""before"": 632, ""pass_rate"": 0.14556962025316456, ""remaining"": 92, ""removed"": 455}, ""quality_or_theme_hard"": {""before"": 371, ""pass_rate"": 0.24797843665768193, ""remaining"": 92, ""removed"": 85}}, ""n_filtered"": 92, ""n_input"": 632, ""n_ranked"": 23, ""near_miss"": {""reasons"": [{""count"": 3, ""layer"": ""valuation_hard"", ""pct"": 0.004746835443037975, ""reason"": ""trend_min_return_60d""}, {""count"": 2, ""layer"": ""quality_or_theme_hard"", ""pct"": 0.0031645569620253164, ""reason"": ""min_ai_link_score""}, {""count"": 1, ""layer"": ""quality_or_theme_hard"", ""pct"": 0.0015822784810126582, ""reason"": ""min_ocf_to_net_income""}], ""top_count"": 3, ""top_pct"": 0.004746835443037975, ""top_reason"": ""trend_min_return_60d""}}}",,union_superset_approx
base,replay_base_2023-02-28,2023-02-28T00:00:00+00:00,2023-02-28,momentum,"['TSLA', 'NVDA', 'META', 'AVGO', 'ANET', 'MSFT', 'AMAT', 'CRWD', 'CSCO', 'SMCI', 'PWR', 'ETN', 'UNP', 'STLD', 'NUE', 'CSX', 'DE', 'RS', 'LMT', 'PH']",20,0.00044303581774185474,up,"{""ai_enabler"": 10, ""ai_peripheral"": 10, ""core_ai"": 10}","{""ai_enabler"": [""TSLA"", ""PWR"", ""ANET"", ""NVDA"", ""META"", ""ETN"", ""AMAT"", ""AVGO"", ""UNP"", ""CRWD""], ""ai_peripheral"": [""ETN"", ""PWR"", ""UNP"", ""STLD"", ""NUE"", ""CSX"", ""DE"", ""RS"", ""LMT"", ""PH""], ""core_ai"": [""TSLA"", ""NVDA"", ""META"", ""AVGO"", ""ANET"", ""MSFT"", ""AMAT"", ""CRWD"", ""CSCO"", ""SMCI""]}","{""ai_enabler"": {""first_fail"": {""top_count"": 248, ""top_pct"": 0.3924, ""top_reason"": ""min_dollar_volume""}, ""layer_summary"": {""base_hard"": {""before"": 632, ""pass_rate"": 0.4525316455696203, ""remaining"": 286, ""removed"": 261}, ""quality_or_theme_hard"": {""before"": 371, ""pass_rate"": 0.77088948787062, ""remaining"": 286, ""removed"": 85}}, ""n_filtered"": 286, ""n_input"": 632, ""n_ranked"": 80, ""near_miss"": {""reasons"": [{""count"": 5, ""layer"": ""valuation_hard"", ""pct"": 0.007911392405063292, ""reason"": ""momentum_min_return_60d""}, {""count"": 2, ""layer"": ""quality_or_theme_hard"", ""pct"": 0.0031645569620253164, ""reason"": ""min_ai_link_score""}], ""top_count"": 5, ""top_pct"": 0.007911392405063292, ""top_reason"": ""momentum_min_return_60d""}}, ""ai_peripheral"": {""first_fail"": {""top_count"": 248, ""top_pct"": 0.3924, ""top_reason"": ""min_dollar_volume""}, ""layer_summary"": {""base_hard"": {""before"": 632, ""pass_rate"": 0.22151898734177214, ""remaining"": 140, ""removed"": 407}, ""quality_or_theme_hard"": {""before"": 371, ""pass_rate"": 0.37735849056603776, ""remaining"": 140, ""removed"": 85}}, ""n_filtered"": 140, ""n_input"": 632, ""n_ranked"": 67, ""near_miss"": {""reasons"": [{""count"": 4, ""layer"": ""valuation_hard"", ""pct"": 0.006329113924050633, ""reason"": ""momentum_min_return_60d""}, {""count"": 2, ""layer"": ""valuation_hard"", ""pct"": 0.0031645569620253164, ""reason"": ""max_ps_hist_percentile""}, {""count"": 2, ""layer"": ""base_hard"", ""pct"": 0.0031645569620253164, ""reason"": ""channel_bucket_match""}], ""top_count"": 4, ""top_pct"": 0.006329113924050633, ""top_reason"": ""momentum_min_return_60d""}}, ""core_ai"": {""first_fail"": {""top_count"": 248, ""top_pct"": 0.3924, ""top_reason"": ""min_dollar_volume""}, ""layer_summary"": {""base_hard"": {""before"": 632, ""pass_rate"": 0.14556962025316456, ""remaining"": 92, ""removed"": 455}, ""quality_or_theme_hard"": {""before"": 371, ""pass_rate"": 0.24797843665768193, ""remaining"": 92, ""removed"": 85}}, ""n_filtered"": 92, ""n_input"": 632, ""n_ranked"": 23, ""near_miss"": {""reasons"": [{""count"": 1, ""layer"": ""valuation_hard"", ""pct"": 0.0015822784810126582, ""reason"": ""momentum_min_return_60d""}, {""count"": 1, ""layer"": ""quality_or_theme_hard"", ""pct"": 0.0015822784810126582, ""reason"": ""min_ai_link_score""}], ""top_count"": 1, ""top_pct"": 0.0015822784810126582, ""top_reason"": ""momentum_min_return_60d""}}}",,union_superset_approx
base,replay_base_2023-02-28,2023-02-28T00:00:00+00:00,2023-02-28,research_pool,"['CSX', 'TRGP', 'NUE', 'RTX', 'STLD', 'ATI', 'MLM', 'EME', 'ACN', 'LEU', 'HII', 'DVN', 'KEYS', 'EOG', 'ALB', 'APD', 'BLDR', 'EXLS', 'MOS', 'ODFL', 'AVGO', 'ANET', 'KLAC', 'LRCX', 'NXPI', 'DIS', 'CAT', 'AMAT', 'ON', 'NOW']",30,0.00044303581774185474,up,"{""ai_enabler"": 10, ""ai_peripheral"": 10, ""core_ai"": 10}","{""ai_enabler"": [""CSX"", ""TRGP"", ""NUE"", ""RTX"", ""STLD"", ""ATI"", ""MLM"", ""EME"", ""ACN"", ""LEU""], ""ai_peripheral"": [""HII"", ""DVN"", ""KEYS"", ""EOG"", ""ALB"", ""APD"", ""BLDR"", ""EXLS"", ""MOS"", ""ODFL""], ""core_ai"": [""AVGO"", ""ANET"", ""KLAC"", ""LRCX"", ""NXPI"", ""DIS"", ""CAT"", ""AMAT"", ""ON"", ""NOW""]}","{""ai_enabler"": {""n_filtered"": 87, ""n_input"": 632, ""n_ranked"": 87, ""priority_counts"": {""left_side_watch"": 2, ""research_now"": 11, ""theme_only"": 66, ""watch_for_pullback"": 8}}, ""ai_peripheral"": {""n_filtered"": 82, ""n_input"": 632, ""n_ranked"": 82, ""priority_counts"": {""left_side_watch"": 5, ""research_now"": 1, ""theme_only"": 76}}, ""core_ai"": {""n_filtered"": 57, ""n_input"": 632, ""n_ranked"": 57, ""priority_counts"": {""left_side_watch"": 1, ""research_now"": 8, ""theme_only"": 37, ""watch_for_pullback"": 11}}}",,union_superset_approx
base,replay_base_2023-03-31,2023-03-31T00:00:00+00:00,2023-03-31,low_value,"['LRCX', 'ANET', 'MSFT', 'ON', 'ORCL', 'TXN', 'ADI', 'META', 'AAPL', 'KLAC', 'AMAT', 'PWR', 'EQIX']",13,0.2072170379289584,up,"{""ai_enabler"": 10, ""ai_peripheral"": 2, ""core_ai"": 9}","{""ai_enabler"": [""KLAC"", ""LRCX"", ""ON"", ""ANET"", ""MSFT"", ""AMAT"", ""ORCL"", ""PWR"", ""TXN"", ""META""], ""ai_peripheral"": [""PWR"", ""EQIX""], ""core_ai"": [""LRCX"", ""ANET"", ""MSFT"", ""ON"", ""ORCL"", ""TXN"", ""ADI"", ""META"", ""AAPL""]}","{""ai_enabler"": {""first_fail"": {""top_count"": 253, ""top_pct"": 0.4003, ""top_reason"": ""min_dollar_volume""}, ""layer_summary"": {""base_hard"": {""before"": 632, ""pass_rate"": 0.06645569620253164, ""remaining"": 42, ""removed"": 265}, ""quality_or_theme_hard"": {""before"": 123, ""pass_rate"": 0.34146341463414637, ""remaining"": 42, ""removed"": 21}, ""valuation_hard"": {""before"": 367, ""pass_rate"": 0.17166212534059946, ""remaining"": 63, ""removed"": 304}}, ""n_filtered"": 42, ""n_input"": 632, ""n_ranked"": 13, ""near_miss"": {""reasons"": [{""count"": 2, ""layer"": ""valuation_hard"", ""pct"": 0.0031645569620253164, ""reason"": ""min_range_position_52w""}, {""count"": 1, ""layer"": ""valuation_hard"", ""pct"": 0.0015822784810126582, ""reason"": ""min_return_20d""}, {""count"": 1, ""layer"": ""valuation_hard"", ""pct"": 0.0015822784810126582, ""reason"": ""min_drawdown_percentile""}, {""count"": 1, ""layer"": ""quality_or_theme_hard"", ""pct"": 0.0015822784810126582, ""reason"": ""min_ocf_to_net_income""}, {""count"": 1, ""layer"": ""valuation_hard"", ""pct"": 0.0015822784810126582, ""reason"": ""max_pe_hist_percentile""}], ""top_count"": 2, ""top_pct"": 0.0031645569620253164, ""top_reason"": ""min_range_position_52w""}}, ""ai_peripheral"": {""first_fail"": {""top_count"": 253, ""top_pct"": 0.4003, ""top_reason"": ""min_dollar_volume""}, ""layer_summary"": {""base_hard"": {""before"": 632, ""pass_rate"": 0.01740506329113924, ""remaining"": 11, ""removed"": 300}, ""quality_or_theme_hard"": {""before"": 138, ""pass_rate"": 0.3333333333333333, ""remaining"": 46, ""removed"": 22}, ""valuation_hard"": {""before"": 367, ""pass_rate"": 0.18528610354223432, ""remaining"": 68, ""removed"": 299}}, ""n_filtered"": 11, ""n_input"": 632, ""n_ranked"": 2, ""near_miss"": {""reasons"": [{""count"": 3, ""layer"": ""base_hard"", ""pct"": 0.004746835443037975, ""reason"": ""channel_bucket_match""}, {""count"": 2, ""layer"": ""valuation_hard"", ""pct"": 0.0031645569620253164, ""reason"": ""min_range_position_52w""}, {""count"": 1, ""layer"": ""valuation_hard"", ""pct"": 0.0015822784810126582, ""reason"": ""min_return_20d""}], ""top_count"": 3, ""top_pct"": 0.004746835443037975, ""top_reason"": ""channel_bucket_match""}}, ""core_ai"": {""first_fail"": {""top_count"": 253, ""top_pct"": 0.4003, ""top_reason"": ""min_dollar_volume""}, ""layer_summary"": {""base_hard"": {""before"": 632, ""pass_rate"": 0.03639240506329114, ""remaining"": 23, ""removed"": 279}, ""quality_or_theme_hard"": {""before"": 111, ""pass_rate"": 0.3333333333333333, ""remaining"": 37, ""removed"": 17}, ""valuation_hard"": {""before"": 367, ""pass_rate"": 0.14713896457765668, ""remaining"": 54, ""removed"": 313}}, ""n_filtered"": 23, ""n_input"": 632, ""n_ranked"": 9, ""near_miss"": {""reasons"": [{""count"": 1, ""layer"": ""valuation_hard"", ""pct"": 0.0015822784810126582, ""reason"": ""min_range_position_52w""}, {""count"": 1, ""layer"": ""quality_or_theme_hard"", ""pct"": 0.0015822784810126582, ""reason"": ""min_ocf_to_net_income""}], ""top_count"": 1, ""top_pct"": 0.0015822784810126582, ""top_reason"": ""min_range_position_52w""}}}",,union_superset_approx
base,replay_base_2023-03-31,2023-03-31T00:00:00+00:00,2023-03-31,industry_trend,"['MSFT', 'GOOGL', 'AVGO', 'ANET', 'CSCO', 'NVDA', 'LRCX', 'NFLX', 'META', 'KLAC', 'GOOG', 'ETN', 'DE', 'LMT', 'UPS', 'ACN', 'BA', 'CSX', 'RTX', 'PWR', 'SRE']",21,0.2072170379289584,up,"{""ai_enabler"": 10, ""ai_peripheral"": 10, ""core_ai"": 10}","{""ai_enabler"": [""MSFT"", ""CSCO"", ""AVGO"", ""ANET"", ""GOOGL"", ""LRCX"", ""NFLX"", ""KLAC"", ""GOOG"", ""NVDA""], ""ai_peripheral"": [""ETN"", ""DE"", ""LMT"", ""UPS"", ""ACN"", ""BA"", ""CSX"", ""RTX"", ""PWR"", ""SRE""], ""core_ai"": [""MSFT"", ""GOOGL"", ""AVGO"", ""ANET"", ""CSCO"", ""NVDA"", ""LRCX"", ""NFLX"", ""META"", ""KLAC""]}","{""ai_enabler"": {""first_fail"": {""top_count"": 253, ""top_pct"": 0.4003, ""top_reason"": ""min_dollar_volume""}, ""layer_summary"": {""base_hard"": {""before"": 632, ""pass_rate"": 0.4177215189873418, ""remaining"": 264, ""removed"": 265}, ""quality_or_theme_hard"": {""before"": 367, ""pass_rate"": 0.7193460490463215, ""remaining"": 264, ""removed"": 103}}, ""n_filtered"": 264, ""n_input"": 632, ""n_ranked"": 77, ""near_miss"": {""reasons"": [{""count"": 6, ""layer"": ""quality_or_theme_hard"", ""pct"": 0.00949367088607595, ""reason"": ""min_ai_link_score""}, {""count"": 3, ""layer"": ""quality_or_theme_hard"", ""pct"": 0.004746835443037975, ""reason"": ""min_net_income_yoy""}, {""count"": 3, ""layer"": ""base_hard"", ""pct"": 0.004746835443037975, ""reason"": ""trend_min_avg_dollar_volume_20d""}, {""count"": 2, ""layer"": ""valuation_hard"", ""pct"": 0.0031645569620253164, ""reason"": ""trend_min_return_60d""}, {""count"": 2, ""layer"": ""quality_or_theme_hard"", ""pct"": 0.0031645569620253164, ""reason"": ""min_ocf_to_net_income""}], ""top_count"": 6, ""top_pct"": 0.00949367088607595, ""top_reason"": ""min_ai_link_score""}}, ""ai_peripheral"": {""first_fail"": {""top_count"": 253, ""top_pct"": 0.4003, ""top_reason"": ""min_dollar_volume""}, ""layer_summary"": {""base_hard"": {""before"": 632, ""pass_rate"": 0.20727848101265822, ""remaining"": 131, ""removed"": 398}, ""quality_or_theme_hard"": {""before"": 367, ""pass_rate"": 0.3569482288828338, ""remaining"": 131, ""removed"": 103}}, ""n_filtered"": 131, ""n_input"": 632, ""n_ranked"": 63, ""near_miss"": {""reasons"": [{""count"": 7, ""layer"": ""base_hard"", ""pct"": 0.011075949367088608, ""reason"": ""channel_bucket_match""}, {""count"": 3, ""layer"": ""quality_or_theme_hard"", ""pct"": 0.004746835443037975, ""reason"": ""min_ai_link_score""}, {""count"": 2, ""layer"": ""quality_or_theme_hard"", ""pct"": 0.0031645569620253164, ""reason"": ""min_net_income_yoy""}, {""count"": 2, ""layer"": ""valuation_hard"", ""pct"": 0.0031645569620253164, ""reason"": ""trend_min_return_60d""}, {""count"": 1, ""layer"": ""quality_or_theme_hard"", ""pct"": 0.0015822784810126582, ""reason"": ""min_revenue_yoy""}], ""top_count"": 7, ""top_pct"": 0.011075949367088608, ""top_reason"": ""channel_bucket_match""}}, ""core_ai"": {""first_fail"": {""top_count"": 253, ""top_pct"": 0.4003, ""top_reason"": ""min_dollar_volume""}, ""layer_summary"": {""base_hard"": {""before"": 632, ""pass_rate"": 0.1360759493670886, ""remaining"": 86, ""removed"": 443}, ""quality_or_theme_hard"": {""before"": 367, ""pass_rate"": 0.23433242506811988, ""remaining"": 86, ""removed"": 103}}, ""n_filtered"": 86, ""n_input"": 632, ""n_ranked"": 23, ""near_miss"": {""reasons"": [{""count"": 2, ""layer"": ""quality_or_theme_hard"", ""pct"": 0.0031645569620253164, ""reason"": ""min_net_income_yoy""}, {""count"": 2, ""layer"": ""valuation_hard"", ""pct"": 0.0031645569620253164, ""reason"": ""trend_min_return_60d""}, {""count"": 2, ""layer"": ""quality_or_theme_hard"", ""pct"": 0.0031645569620253164, ""reason"": ""min_ocf_to_net_income""}, {""count"": 1, ""layer"": ""valuation_hard"", ""pct"": 0.0015822784810126582, ""reason"": ""max_ps_percentile_in_sic""}, {""count"": 1, ""layer"": ""quality_or_theme_hard"", ""pct"": 0.0015822784810126582, ""reason"": ""max_receivables_growth_gap""}], ""top_count"": 2, ""top_pct"": 0.0031645569620253164, ""top_reason"": ""min_net_income_yoy""}}}",,union_superset_approx
base,replay_base_2023-03-31,2023-03-31T00:00:00+00:00,2023-03-31,momentum,"['MSFT', 'ANET', 'NVDA', 'GOOGL', 'META', 'INTC', 'CSCO', 'NFLX', 'LRCX', 'AVGO', 'GOOG', 'KLAC', 'UPS', 'PWR', 'ACN', 'SO', 'CCI', 'WM', 'EMR', 'SRE', 'LMT', 'AMT']",22,0.2072170379289584,up,"{""ai_enabler"": 10, ""ai_peripheral"": 10, ""core_ai"": 10}","{""ai_enabler"": [""MSFT"", ""ANET"", ""GOOGL"", ""NFLX"", ""LRCX"", ""CSCO"", ""GOOG"", ""NVDA"", ""KLAC"", ""AVGO""], ""ai_peripheral"": [""UPS"", ""PWR"", ""ACN"", ""SO"", ""CCI"", ""WM"", ""EMR"", ""SRE"", ""LMT"", ""AMT""], ""core_ai"": [""MSFT"", ""ANET"", ""NVDA"", ""GOOGL"", ""META"", ""INTC"", ""CSCO"", ""NFLX"", ""LRCX"", ""AVGO""]}","{""ai_enabler"": {""first_fail"": {""top_count"": 253, ""top_pct"": 0.4003, ""top_reason"": ""min_dollar_volume""}, ""layer_summary"": {""base_hard"": {""before"": 632, ""pass_rate"": 0.4177215189873418, ""remaining"": 264, ""removed"": 265}, ""quality_or_theme_hard"": {""before"": 367, ""pass_rate"": 0.7193460490463215, ""remaining"": 264, ""removed"": 103}}, ""n_filtered"": 264, ""n_input"": 632, ""n_ranked"": 77, ""near_miss"": {""reasons"": [{""count"": 4, ""layer"": ""valuation_hard"", ""pct"": 0.006329113924050633, ""reason"": ""momentum_min_return_60d""}, {""count"": 2, ""layer"": ""quality_or_theme_hard"", ""pct"": 0.0031645569620253164, ""reason"": ""min_net_income_yoy""}, {""count"": 2, ""layer"": ""valuation_hard"", ""pct"": 0.0031645569620253164, ""reason"": ""momentum_min_return_20d""}, {""count"": 2, ""layer"": ""quality_or_theme_hard"", ""pct"": 0.0031645569620253164, ""reason"": ""min_ocf_to_net_income""}, {""count"": 1, ""layer"": ""quality_or_theme_hard"", ""pct"": 0.0015822784810126582, ""reason"": ""max_ev_to_ebit""}], ""top_count"": 4, ""top_pct"": 0.006329113924050633, ""top_reason"": ""momentum_min_return_60d""}}, ""ai_peripheral"": {""first_fail"": {""top_count"": 253, ""top_pct"": 0.4003, ""top_reason"": ""min_dollar_volume""}, ""layer_summary"": {""base_hard"": {""before"": 632, ""pass_rate"": 0.20727848101265822, ""remaining"": 131, ""removed"": 398}, ""quality_or_theme_hard"": {""before"": 367, ""pass_rate"": 0.3569482288828338, ""remaining"": 131, ""removed"": 103}}, ""n_filtered"": 131, ""n_input"": 632, ""n_ranked"": 63, ""near_miss"": {""reasons"": [{""count"": 2, ""layer"": ""valuation_hard"", ""pct"": 0.0031645569620253164, ""reason"": ""momentum_min_return_60d""}, {""count"": 2, ""layer"": ""base_hard"", ""pct"": 0.0031645569620253164, ""reason"": ""channel_bucket_match""}, {""count"": 1, ""layer"": ""valuation_hard"", ""pct"": 0.0015822784810126582, ""reason"": ""momentum_min_return_20d""}, {""count"": 1, ""layer"": ""quality_or_theme_hard"", ""pct"": 0.0015822784810126582, ""reason"": ""min_ai_link_score""}], ""top_count"": 2, ""top_pct"": 0.0031645569620253164, ""top_reason"": ""momentum_min_return_60d""}}, ""core_ai"": {""first_fail"": {""top_count"": 253, ""top_pct"": 0.4003, ""top_reason"": ""min_dollar_volume""}, ""layer_summary"": {""base_hard"": {""before"": 632, ""pass_rate"": 0.1360759493670886, ""remaining"": 86, ""removed"": 443}, ""quality_or_theme_hard"": {""before"": 367, ""pass_rate"": 0.23433242506811988, ""remaining"": 86, ""removed"": 103}}, ""n_filtered"": 86, ""n_input"": 632, ""n_ranked"": 23, ""near_miss"": {""reasons"": [{""count"": 2, ""layer"": ""quality_or_theme_hard"", ""pct"": 0.0031645569620253164, ""reason"": ""min_net_income_yoy""}, {""count"": 2, ""layer"": ""valuation_hard"", ""pct"": 0.0031645569620253164, ""reason"": ""momentum_min_return_60d""}, {""count"": 2, ""layer"": ""quality_or_theme_hard"", ""pct"": 0.0031645569620253164, ""reason"": ""min_ocf_to_net_income""}, {""count"": 1, ""layer"": ""valuation_hard"", ""pct"": 0.0015822784810126582, ""reason"": ""momentum_min_return_20d""}, {""count"": 1, ""layer"": ""quality_or_theme_hard"", ""pct"": 0.0015822784810126582, ""reason"": ""max_receivables_growth_gap""}], ""top_count"": 2, ""top_pct"": 0.0031645569620253164, ""top_reason"": ""min_net_income_yoy""}}}",,union_superset_approx
base,replay_base_2023-03-31,2023-03-31T00:00:00+00:00,2023-03-31,research_pool,"['CSX', 'RTX', 'EME', 'ACN', 'STLD', 'NUE', 'TT', 'QLYS', 'UNP', 'EQIX', 'DVN', 'MATX', 'ALB', 'UFPI', 'HII', 'CF', 'EOG', 'EXLS', 'MOS', 'MPC', 'ANET', 'AVGO', 'LRCX', 'QCOM', 'KLAC', 'NXPI', 'ORCL', 'CAT', 'DIS', 'NOW']",30,0.2072170379289584,up,"{""ai_enabler"": 10, ""ai_peripheral"": 10, ""core_ai"": 10}","{""ai_enabler"": [""CSX"", ""RTX"", ""EME"", ""ACN"", ""STLD"", ""NUE"", ""TT"", ""QLYS"", ""UNP"", ""EQIX""], ""ai_peripheral"": [""DVN"", ""MATX"", ""ALB"", ""UFPI"", ""HII"", ""CF"", ""EOG"", ""EXLS"", ""MOS"", ""MPC""], ""core_ai"": [""ANET"", ""AVGO"", ""LRCX"", ""QCOM"", ""KLAC"", ""NXPI"", ""ORCL"", ""CAT"", ""DIS"", ""NOW""]}","{""ai_enabler"": {""n_filtered"": 85, ""n_input"": 632, ""n_ranked"": 85, ""priority_counts"": {""left_side_watch"": 3, ""research_now"": 7, ""theme_only"": 70, ""watch_for_pullback"": 5}}, ""ai_peripheral"": {""n_filtered"": 82, ""n_input"": 632, ""n_ranked"": 82, ""priority_counts"": {""left_side_watch"": 7, ""theme_only"": 75}}, ""core_ai"": {""n_filtered"": 52, ""n_input"": 632, ""n_ranked"": 52, ""priority_counts"": {""left_side_watch"": 1, ""research_now"": 9, ""theme_only"": 25, ""watch_for_pullback"": 17}}}",,union_superset_approx
base,replay_base_2023-04-28,2023-04-28T00:00:00+00:00,2023-04-28,low_value,"['ORCL', 'MSFT', 'META']",3,0.07172280911567341,up,"{""ai_enabler"": 3, ""ai_peripheral"": 0, ""core_ai"": 3}","{""ai_enabler"": [""ORCL"", ""MSFT"", ""META""], ""ai_peripheral"": [], ""core_ai"": [""ORCL"", ""MSFT"", ""META""]}","{""ai_enabler"": {""first_fail"": {""top_count"": 268, ""top_pct"": 0.4247, ""top_reason"": ""min_dollar_volume""}, ""layer_summary"": {""base_hard"": {""before"": 631, ""pass_rate"": 0.04595879556259905, ""remaining"": 29, ""removed"": 278}, ""quality_or_theme_hard"": {""before"": 104, ""pass_rate"": 0.27884615384615385, ""remaining"": 29, ""removed"": 14}, ""valuation_hard"": {""before"": 353, ""pass_rate"": 0.12181303116147309, ""remaining"": 43, ""removed"": 310}}, ""n_filtered"": 29, ""n_input"": 631, ""n_ranked"": 3, ""near_miss"": {""reasons"": [], ""top_count"": 0, ""top_pct"": 0.0, ""top_reason"": """"}}, ""ai_peripheral"": {""first_fail"": {""top_count"": 268, ""top_pct"": 0.4247, ""top_reason"": ""min_dollar_volume""}, ""layer_summary"": {""base_hard"": {""before"": 631, ""pass_rate"": 0.030110935023771792, ""remaining"": 19, ""removed"": 292}, ""quality_or_theme_hard"": {""before"": 120, ""pass_rate"": 0.275, ""remaining"": 33, ""removed"": 14}, ""valuation_hard"": {""before"": 353, ""pass_rate"": 0.13314447592067988, ""remaining"": 47, ""removed"": 306}}, ""n_filtered"": 19, ""n_input"": 631, ""n_ranked"": 0, ""near_miss"": {""reasons"": [{""count"": 1, ""layer"": ""valuation_hard"", ""pct"": 0.001584786053882726, ""reason"": ""min_return_60d""}], ""top_count"": 1, ""top_pct"": 0.001584786053882726, ""top_reason"": ""min_return_60d""}}, ""core_ai"": {""first_fail"": {""top_count"": 268, ""top_pct"": 0.4247, ""top_reason"": ""min_dollar_volume""}, ""layer_summary"": {""base_hard"": {""before"": 631, ""pass_rate"": 0.012678288431061807, ""remaining"": 8, ""removed"": 294}, ""quality_or_theme_hard"": {""before"": 96, ""pass_rate"": 0.25, ""remaining"": 24, ""removed"": 13}, ""valuation_hard"": {""before"": 353, ""pass_rate"": 0.1048158640226629, ""remaining"": 37, ""removed"": 316}}, ""n_filtered"": 8, ""n_input"": 631, ""n_ranked"": 3, ""near_miss"": {""reasons"": [], ""top_count"": 0, ""top_pct"": 0.0, ""top_reason"": """"}}}",,union_superset_approx
base,replay_base_2023-04-28,2023-04-28T00:00:00+00:00,2023-04-28,industry_trend,"['AVGO', 'MSFT', 'GOOGL', 'NVDA', 'LRCX', 'NOW', 'CAT', 'AAPL', 'KLAC', 'NFLX', 'CSX', 'ANET', 'ETN', 'SRE', 'LMT', 'DE', 'SHW', 'UNP', 'GD', 'EQIX']",20,0.07172280911567341,up,"{""ai_enabler"": 10, ""ai_peripheral"": 10, ""core_ai"": 10}","{""ai_enabler"": [""AVGO"", ""MSFT"", ""GOOGL"", ""LRCX"", ""NOW"", ""CSX"", ""ANET"", ""NVDA"", ""CAT"", ""KLAC""], ""ai_peripheral"": [""CSX"", ""CAT"", ""ETN"", ""SRE"", ""LMT"", ""DE"", ""SHW"", ""UNP"", ""GD"", ""EQIX""], ""core_ai"": [""AVGO"", ""MSFT"", ""GOOGL"", ""NVDA"", ""LRCX"", ""NOW"", ""CAT"", ""AAPL"", ""KLAC"", ""NFLX""]}","{""ai_enabler"": {""first_fail"": {""top_count"": 268, ""top_pct"": 0.4247, ""top_reason"": ""min_dollar_volume""}, ""layer_summary"": {""base_hard"": {""before"": 631, ""pass_rate"": 0.38827258320126784, ""remaining"": 245, ""removed"": 278}, ""quality_or_theme_hard"": {""before"": 353, ""pass_rate"": 0.6940509915014165, ""remaining"": 245, ""removed"": 108}}, ""n_filtered"": 245, ""n_input"": 631, ""n_ranked"": 75, ""near_miss"": {""reasons"": [{""count"": 6, ""layer"": ""valuation_hard"", ""pct"": 0.009508716323296355, ""reason"": ""trend_min_return_60d""}, {""count"": 3, ""layer"": ""base_hard"", ""pct"": 0.004754358161648178, ""reason"": ""trend_min_avg_dollar_volume_20d""}, {""count"": 2, ""layer"": ""quality_or_theme_hard"", ""pct"": 0.003169572107765452, ""reason"": ""min_ai_link_score""}, {""count"": 1, ""layer"": ""quality_or_theme_hard"", ""pct"": 0.001584786053882726, ""reason"": ""max_ev_to_ebit""}, {""count"": 1, ""layer"": ""quality_or_theme_hard"", ""pct"": 0.001584786053882726, ""reason"": ""min_ocf_to_net_income""}], ""top_count"": 6, ""top_pct"": 0.009508716323296355, ""top_reason"": ""trend_min_return_60d""}}, ""ai_peripheral"": {""first_fail"": {""top_count"": 268, ""top_pct"": 0.4247, ""top_reason"": ""min_dollar_volume""}, ""layer_summary"": {""base_hard"": {""before"": 631, ""pass_rate"": 0.18858954041204437, ""remaining"": 119, ""removed"": 404}, ""quality_or_theme_hard"": {""before"": 353, ""pass_rate"": 0.3371104815864023, ""remaining"": 119, ""removed"": 108}}, ""n_filtered"": 119, ""n_input"": 631, ""n_ranked"": 64, ""near_miss"": {""reasons"": [{""count"": 6, ""layer"": ""valuation_hard"", ""pct"": 0.009508716323296355, ""reason"": ""trend_min_return_60d""}, {""count"": 6, ""layer"": ""base_hard"", ""pct"": 0.009508716323296355, ""reason"": ""channel_bucket_match""}, {""count"": 3, ""layer"": ""base_hard"", ""pct"": 0.004754358161648178, ""reason"": ""trend_min_avg_dollar_volume_20d""}, {""count"": 3, ""layer"": ""quality_or_theme_hard"", ""pct"": 0.004754358161648178, ""reason"": ""min_ai_link_score""}, {""count"": 2, ""layer"": ""quality_or_theme_hard"", ""pct"": 0.003169572107765452, ""reason"": ""min_current_ratio""}], ""top_count"": 6, ""top_pct"": 0.009508716323296355, ""top_reason"": ""trend_min_return_60d""}}, ""core_ai"": {""first_fail"": {""top_count"": 268, ""top_pct"": 0.4247, ""top_reason"": ""min_dollar_volume""}, ""layer_summary"": {""base_hard"": {""before"": 631, ""pass_rate"": 0.13946117274167988, ""remaining"": 88, ""removed"": 435}, ""quality_or_theme_hard"": {""before"": 353, ""pass_rate"": 0.24929178470254956, ""remaining"": 88, ""removed"": 108}}, ""n_filtered"": 88, ""n_input"": 631, ""n_ranked"": 23, ""near_miss"": {""reasons"": [{""count"": 4, ""layer"": ""valuation_hard"", ""pct"": 0.006339144215530904, ""reason"": ""trend_min_return_60d""}, {""count"": 1, ""layer"": ""quality_or_theme_hard"", ""pct"": 0.001584786053882726, ""reason"": ""min_ai_link_score""}], ""top_count"": 4, ""top_pct"": 0.006339144215530904, ""top_reason"": ""trend_min_return_60d""}}}",,union_superset_approx
base,replay_base_2023-04-28,2023-04-28T00:00:00+00:00,2023-04-28,momentum,"['MSFT', 'GOOGL', 'AVGO', 'ORCL', 'NVDA', 'LRCX', 'AAPL', 'KLAC', 'ANET', 'AMZN', 'META', 'CSX', 'SRE', 'PWR', 'SHW', 'RTX', 'VMC', 'SO', 'CAT', 'ETN', 'EQIX']",21,0.07172280911567341,up,"{""ai_enabler"": 10, ""ai_peripheral"": 10, ""core_ai"": 10}","{""ai_enabler"": [""MSFT"", ""GOOGL"", ""META"", ""CSX"", ""AVGO"", ""SRE"", ""PWR"", ""LRCX"", ""AAPL"", ""NVDA""], ""ai_peripheral"": [""CSX"", ""SRE"", ""SHW"", ""PWR"", ""RTX"", ""VMC"", ""SO"", ""CAT"", ""ETN"", ""EQIX""], ""core_ai"": [""MSFT"", ""GOOGL"", ""AVGO"", ""ORCL"", ""NVDA"", ""LRCX"", ""AAPL"", ""KLAC"", ""ANET"", ""AMZN""]}","{""ai_enabler"": {""first_fail"": {""top_count"": 268, ""top_pct"": 0.4247, ""top_reason"": ""min_dollar_volume""}, ""layer_summary"": {""base_hard"": {""before"": 631, ""pass_rate"": 0.38827258320126784, ""remaining"": 245, ""removed"": 278}, ""quality_or_theme_hard"": {""before"": 353, ""pass_rate"": 0.6940509915014165, ""remaining"": 245, ""removed"": 108}}, ""n_filtered"": 245, ""n_input"": 631, ""n_ranked"": 75, ""near_miss"": {""reasons"": [], ""top_count"": 0, ""top_pct"": 0.0, ""top_reason"": """"}}, ""ai_peripheral"": {""first_fail"": {""top_count"": 268, ""top_pct"": 0.4247, ""top_reason"": ""min_dollar_volume""}, ""layer_summary"": {""base_hard"": {""before"": 631, ""pass_rate"": 0.18858954041204437, ""remaining"": 119, ""removed"": 404}, ""quality_or_theme_hard"": {""before"": 353, ""pass_rate"": 0.3371104815864023, ""remaining"": 119, ""removed"": 108}}, ""n_filtered"": 119, ""n_input"": 631, ""n_ranked"": 64, ""near_miss"": {""reasons"": [{""count"": 3, ""layer"": ""valuation_hard"", ""pct"": 0.004754358161648178, ""reason"": ""momentum_min_return_60d""}], ""top_count"": 3, ""top_pct"": 0.004754358161648178, ""top_reason"": ""momentum_min_return_60d""}}, ""core_ai"": {""first_fail"": {""top_count"": 268, ""top_pct"": 0.4247, ""top_reason"": ""min_dollar_volume""}, ""layer_summary"": {""base_hard"": {""before"": 631, ""pass_rate"": 0.13946117274167988, ""remaining"": 88, ""removed"": 435}, ""quality_or_theme_hard"": {""before"": 353, ""pass_rate"": 0.24929178470254956, ""remaining"": 88, ""removed"": 108}}, ""n_filtered"": 88, ""n_input"": 631, ""n_ranked"": 23, ""near_miss"": {""reasons"": [], ""top_count"": 0, ""top_pct"": 0.0, ""top_reason"": """"}}}",,union_superset_approx
base,replay_base_2023-04-28,2023-04-28T00:00:00+00:00,2023-04-28,research_pool,"['TRGP', 'EME', 'CSX', 'RTX', 'ACN', 'MLM', 'NUE', 'TT', 'UNP', 'GD', 'HII', 'MOS', 'MPC', 'KEYS', 'ALB', 'EXLS', 'DVN', 'BLDR', 'ODFL', 'UFPI', 'AVGO', 'ANET', 'LRCX', 'KLAC', 'CAT', 'ORCL', 'DIS', 'RKLB', 'NOW', 'ADI']",30,0.07172280911567341,up,"{""ai_enabler"": 10, ""ai_peripheral"": 10, ""core_ai"": 10}","{""ai_enabler"": [""TRGP"", ""EME"", ""CSX"", ""RTX"", ""ACN"", ""MLM"", ""NUE"", ""TT"", ""UNP"", ""GD""], ""ai_peripheral"": [""HII"", ""MOS"", ""MPC"", ""KEYS"", ""ALB"", ""EXLS"", ""DVN"", ""BLDR"", ""ODFL"", ""UFPI""], ""core_ai"": [""AVGO"", ""ANET"", ""LRCX"", ""KLAC"", ""CAT"", ""ORCL"", ""DIS"", ""RKLB"", ""NOW"", ""ADI""]}","{""ai_enabler"": {""n_filtered"": 82, ""n_input"": 631, ""n_ranked"": 82, ""priority_counts"": {""left_side_watch"": 3, ""research_now"": 8, ""theme_only"": 66, ""watch_for_pullback"": 5}}, ""ai_peripheral"": {""n_filtered"": 86, ""n_input"": 631, ""n_ranked"": 86, ""priority_counts"": {""left_side_watch"": 4, ""research_now"": 1, ""theme_only"": 81}}, ""core_ai"": {""n_filtered"": 53, ""n_input"": 631, ""n_ranked"": 53, ""priority_counts"": {""left_side_watch"": 4, ""research_now"": 7, ""theme_only"": 30, ""watch_for_pullback"": 12}}}",,union_superset_approx
base,replay_base_2023-05-31,2023-05-31T00:00:00+00:00,2023-05-31,low_value,"['AVGO', 'KLAC', 'LRCX', 'ANET', 'AMAT', 'ON', 'NOW', 'MSFT', 'ORCL', 'AAPL', 'PWR', 'ACN', 'VMC', 'MLM', 'EQIX']",15,0.15848415158484164,up,"{""ai_enabler"": 10, ""ai_peripheral"": 5, ""core_ai"": 10}","{""ai_enabler"": [""AVGO"", ""KLAC"", ""LRCX"", ""ANET"", ""ON"", ""AMAT"", ""NOW"", ""MSFT"", ""ORCL"", ""PWR""], ""ai_peripheral"": [""ACN"", ""VMC"", ""MLM"", ""PWR"", ""EQIX""], ""core_ai"": [""AVGO"", ""KLAC"", ""LRCX"", ""ANET"", ""AMAT"", ""ON"", ""NOW"", ""MSFT"", ""ORCL"", ""AAPL""]}","{""ai_enabler"": {""first_fail"": {""top_count"": 240, ""top_pct"": 0.3797, ""top_reason"": ""min_dollar_volume""}, ""layer_summary"": {""base_hard"": {""before"": 632, ""pass_rate"": 0.08544303797468354, ""remaining"": 54, ""removed"": 251}, ""quality_or_theme_hard"": {""before"": 123, ""pass_rate"": 0.43902439024390244, ""remaining"": 54, ""removed"": 16}, ""valuation_hard"": {""before"": 381, ""pass_rate"": 0.1837270341207349, ""remaining"": 70, ""removed"": 311}}, ""n_filtered"": 54, ""n_input"": 632, ""n_ranked"": 14, ""near_miss"": {""reasons"": [{""count"": 3, ""layer"": ""valuation_hard"", ""pct"": 0.004746835443037975, ""reason"": ""min_drawdown_percentile""}, {""count"": 2, ""layer"": ""valuation_hard"", ""pct"": 0.0031645569620253164, ""reason"": ""min_return_60d""}, {""count"": 1, ""layer"": ""valuation_hard"", ""pct"": 0.0015822784810126582, ""reason"": ""max_price_to_sma200""}], ""top_count"": 3, ""top_pct"": 0.004746835443037975, ""top_reason"": ""min_drawdown_percentile""}}, ""ai_peripheral"": {""first_fail"": {""top_count"": 240, ""top_pct"": 0.3797, ""top_reason"": ""min_dollar_volume""}, ""layer_summary"": {""base_hard"": {""before"": 632, ""pass_rate"": 0.014240506329113924, ""remaining"": 9, ""removed"": 299}, ""quality_or_theme_hard"": {""before"": 136, ""pass_rate"": 0.41911764705882354, ""remaining"": 57, ""removed"": 18}, ""valuation_hard"": {""before"": 381, ""pass_rate"": 0.1968503937007874, ""remaining"": 75, ""removed"": 306}}, ""n_filtered"": 9, ""n_input"": 632, ""n_ranked"": 5, ""near_miss"": {""reasons"": [{""count"": 1, ""layer"": ""base_hard"", ""pct"": 0.0015822784810126582, ""reason"": ""channel_bucket_match""}], ""top_count"": 1, ""top_pct"": 0.0015822784810126582, ""top_reason"": ""channel_bucket_match""}}, ""core_ai"": {""first_fail"": {""top_count"": 240, ""top_pct"": 0.3797, ""top_reason"": ""min_dollar_volume""}, ""layer_summary"": {""base_hard"": {""before"": 632, ""pass_rate"": 0.061708860759493674, ""remaining"": 39, ""removed"": 264}, ""quality_or_theme_hard"": {""before"": 113, ""pass_rate"": 0.46017699115044247, ""remaining"": 52, ""removed"": 14}, ""valuation_hard"": {""before"": 381, ""pass_rate"": 0.1732283464566929, ""remaining"": 66, ""removed"": 315}}, ""n_filtered"": 39, ""n_input"": 632, ""n_ranked"": 10, ""near_miss"": {""reasons"": [{""count"": 1, ""layer"": ""valuation_hard"", ""pct"": 0.0015822784810126582, ""reason"": ""max_price_to_sma200""}, {""count"": 1, ""layer"": ""valuation_hard"", ""pct"": 0.0015822784810126582, ""reason"": ""min_drawdown_percentile""}], ""top_count"": 1, ""top_pct"": 0.0015822784810126582, ""top_reason"": ""max_price_to_sma200""}}}",,union_superset_approx
base,replay_base_2023-05-31,2023-05-31T00:00:00+00:00,2023-05-31,industry_trend,"['AVGO', 'LRCX', 'ANET', 'MSFT', 'TSLA', 'NFLX', 'NVDA', 'CSCO', 'AMAT', 'KLAC', 'NOW', 'ETN', 'ACN', 'PWR', 'EQIX', 'VMC', 'CSX', 'UNP', 'UBER', 'CAT', 'JCI']",21,0.15848415158484164,up,"{""ai_enabler"": 10, ""ai_peripheral"": 10, ""core_ai"": 10}","{""ai_enabler"": [""AVGO"", ""LRCX"", ""ANET"", ""NFLX"", ""AMAT"", ""KLAC"", ""TSLA"", ""CSCO"", ""NOW"", ""MSFT""], ""ai_peripheral"": [""ETN"", ""ACN"", ""PWR"", ""EQIX"", ""VMC"", ""CSX"", ""UNP"", ""UBER"", ""CAT"", ""JCI""], ""core_ai"": [""AVGO"", ""LRCX"", ""ANET"", ""MSFT"", ""TSLA"", ""NFLX"", ""NVDA"", ""CSCO"", ""AMAT"", ""KLAC""]}","{""ai_enabler"": {""first_fail"": {""top_count"": 240, ""top_pct"": 0.3797, ""top_reason"": ""min_dollar_volume""}, ""layer_summary"": {""base_hard"": {""before"": 632, ""pass_rate"": 0.4050632911392405, ""remaining"": 256, ""removed"": 251}, ""quality_or_theme_hard"": {""before"": 381, ""pass_rate"": 0.6719160104986877, ""remaining"": 256, ""removed"": 125}}, ""n_filtered"": 256, ""n_input"": 632, ""n_ranked"": 74, ""near_miss"": {""reasons"": [{""count"": 4, ""layer"": ""quality_or_theme_hard"", ""pct"": 0.006329113924050633, ""reason"": ""min_ai_link_score""}, {""count"": 3, ""layer"": ""valuation_hard"", ""pct"": 0.004746835443037975, ""reason"": ""trend_min_return_60d""}, {""count"": 2, ""layer"": ""base_hard"", ""pct"": 0.0031645569620253164, ""reason"": ""trend_min_avg_dollar_volume_20d""}, {""count"": 2, ""layer"": ""valuation_hard"", ""pct"": 0.0031645569620253164, ""reason"": ""max_ps_hist_percentile""}, {""count"": 1, ""layer"": ""valuation_hard"", ""pct"": 0.0015822784810126582, ""reason"": ""max_ps_percentile_in_sic""}], ""top_count"": 4, ""top_pct"": 0.006329113924050633, ""top_reason"": ""min_ai_link_score""}}, ""ai_peripheral"": {""first_fail"": {""top_count"": 240, ""top_pct"": 0.3797, ""top_reason"": ""min_dollar_volume""}, ""layer_summary"": {""base_hard"": {""before"": 632, ""pass_rate"": 0.19462025316455697, ""remaining"": 123, ""removed"": 384}, ""quality_or_theme_hard"": {""before"": 381, ""pass_rate"": 0.3228346456692913, ""remaining"": 123, ""removed"": 125}}, ""n_filtered"": 123, ""n_input"": 632, ""n_ranked"": 61, ""near_miss"": {""reasons"": [{""count"": 7, ""layer"": ""valuation_hard"", ""pct"": 0.011075949367088608, ""reason"": ""trend_min_return_60d""}, {""count"": 7, ""layer"": ""base_hard"", ""pct"": 0.011075949367088608, ""reason"": ""channel_bucket_match""}, {""count"": 2, ""layer"": ""quality_or_theme_hard"", ""pct"": 0.0031645569620253164, ""reason"": ""min_ai_link_score""}, {""count"": 1, ""layer"": ""quality_or_theme_hard"", ""pct"": 0.0015822784810126582, ""reason"": ""min_current_ratio""}, {""count"": 1, ""layer"": ""valuation_hard"", ""pct"": 0.0015822784810126582, ""reason"": ""max_ps_hist_percentile""}], ""top_count"": 7, ""top_pct"": 0.011075949367088608, ""top_reason"": ""trend_min_return_60d""}}, ""core_ai"": {""first_fail"": {""top_count"": 240, ""top_pct"": 0.3797, ""top_reason"": ""min_dollar_volume""}, ""layer_summary"": {""base_hard"": {""before"": 632, ""pass_rate"": 0.14240506329113925, ""remaining"": 90, ""removed"": 417}, ""quality_or_theme_hard"": {""before"": 381, ""pass_rate"": 0.23622047244094488, ""remaining"": 90, ""removed"": 125}}, ""n_filtered"": 90, ""n_input"": 632, ""n_ranked"": 24, ""near_miss"": {""reasons"": [{""count"": 1, ""layer"": ""valuation_hard"", ""pct"": 0.0015822784810126582, ""reason"": ""max_ps_percentile_in_sic""}, {""count"": 1, ""layer"": ""base_hard"", ""pct"": 0.0015822784810126582, ""reason"": ""trend_min_avg_dollar_volume_20d""}, {""count"": 1, ""layer"": ""quality_or_theme_hard"", ""pct"": 0.0015822784810126582, ""reason"": ""min_ocf_to_net_income""}], ""top_count"": 1, ""top_pct"": 0.0015822784810126582, ""top_reason"": ""max_ps_percentile_in_sic""}}}",,union_superset_approx
base,replay_base_2023-05-31,2023-05-31T00:00:00+00:00,2023-05-31,momentum,"['AVGO', 'NVDA', 'ANET', 'TSLA', 'NFLX', 'ZS', 'LRCX', 'SMCI', 'KLAC', 'CRWD', 'AMAT', 'VMC', 'PWR', 'ETN', 'ACN', 'UBER', 'EQIX', 'CSX', 'MLM', 'NSC', 'UNP']",21,0.15848415158484164,up,"{""ai_enabler"": 10, ""ai_peripheral"": 10, ""core_ai"": 10}","{""ai_enabler"": [""AVGO"", ""ANET"", ""NFLX"", ""LRCX"", ""TSLA"", ""KLAC"", ""AMAT"", ""NVDA"", ""CRWD"", ""ZS""], ""ai_peripheral"": [""VMC"", ""PWR"", ""ETN"", ""ACN"", ""UBER"", ""EQIX"", ""CSX"", ""MLM"", ""NSC"", ""UNP""], ""core_ai"": [""AVGO"", ""NVDA"", ""ANET"", ""TSLA"", ""NFLX"", ""ZS"", ""LRCX"", ""SMCI"", ""KLAC"", ""CRWD""]}","{""ai_enabler"": {""first_fail"": {""top_count"": 240, ""top_pct"": 0.3797, ""top_reason"": ""min_dollar_volume""}, ""layer_summary"": {""base_hard"": {""before"": 632, ""pass_rate"": 0.4050632911392405, ""remaining"": 256, ""removed"": 251}, ""quality_or_theme_hard"": {""before"": 381, ""pass_rate"": 0.6719160104986877, ""remaining"": 256, ""removed"": 125}}, ""n_filtered"": 256, ""n_input"": 632, ""n_ranked"": 74, ""near_miss"": {""reasons"": [{""count"": 2, ""layer"": ""valuation_hard"", ""pct"": 0.0031645569620253164, ""reason"": ""momentum_min_return_60d""}, {""count"": 1, ""layer"": ""quality_or_theme_hard"", ""pct"": 0.0015822784810126582, ""reason"": ""min_ocf_to_net_income""}], ""top_count"": 2, ""top_pct"": 0.0031645569620253164, ""top_reason"": ""momentum_min_return_60d""}}, ""ai_peripheral"": {""first_fail"": {""top_count"": 240, ""top_pct"": 0.3797, ""top_reason"": ""min_dollar_volume""}, ""layer_summary"": {""base_hard"": {""before"": 632, ""pass_rate"": 0.19462025316455697, ""remaining"": 123, ""removed"": 384}, ""quality_or_theme_hard"": {""before"": 381, ""pass_rate"": 0.3228346456692913, ""remaining"": 123, ""removed"": 125}}, ""n_filtered"": 123, ""n_input"": 632, ""n_ranked"": 61, ""near_miss"": {""reasons"": [{""count"": 4, ""layer"": ""base_hard"", ""pct"": 0.006329113924050633, ""reason"": ""channel_bucket_match""}, {""count"": 1, ""layer"": ""valuation_hard"", ""pct"": 0.0015822784810126582, ""reason"": ""momentum_min_return_60d""}], ""top_count"": 4, ""top_pct"": 0.006329113924050633, ""top_reason"": ""channel_bucket_match""}}, ""core_ai"": {""first_fail"": {""top_count"": 240, ""top_pct"": 0.3797, ""top_reason"": ""min_dollar_volume""}, ""layer_summary"": {""base_hard"": {""before"": 632, ""pass_rate"": 0.14240506329113925, ""remaining"": 90, ""removed"": 417}, ""quality_or_theme_hard"": {""before"": 381, ""pass_rate"": 0.23622047244094488, ""remaining"": 90, ""removed"": 125}}, ""n_filtered"": 90, ""n_input"": 632, ""n_ranked"": 24, ""near_miss"": {""reasons"": [{""count"": 1, ""layer"": ""valuation_hard"", ""pct"": 0.0015822784810126582, ""reason"": ""momentum_min_return_60d""}, {""count"": 1, ""layer"": ""base_hard"", ""pct"": 0.0015822784810126582, ""reason"": ""momentum_min_avg_dollar_volume_20d""}, {""count"": 1, ""layer"": ""quality_or_theme_hard"", ""pct"": 0.0015822784810126582, ""reason"": ""min_ocf_to_net_income""}], ""top_count"": 1, ""top_pct"": 0.0015822784810126582, ""top_reason"": ""momentum_min_return_60d""}}}",,union_superset_approx
base,replay_base_2023-05-31,2023-05-31T00:00:00+00:00,2023-05-31,research_pool,"['CSX', 'JCI', 'EME', 'ACN', 'MLM', 'UNP', 'ETN', 'GD', 'AKAM', 'EQIX', 'HII', 'CVCO', 'EXLS', 'MPC', 'MOS', 'CW', 'CF', 'GPK', 'IBP', 'ITW', 'AVGO', 'ANET', 'LRCX', 'KLAC', 'CAT', 'NOW', 'RKLB', 'MCHP', 'TSLA', 'ORCL']",30,0.15848415158484164,up,"{""ai_enabler"": 10, ""ai_peripheral"": 10, ""core_ai"": 10}","{""ai_enabler"": [""CSX"", ""JCI"", ""EME"", ""ACN"", ""MLM"", ""UNP"", ""ETN"", ""GD"", ""AKAM"", ""EQIX""], ""ai_peripheral"": [""HII"", ""CVCO"", ""EXLS"", ""MPC"", ""MOS"", ""CW"", ""CF"", ""GPK"", ""IBP"", ""ITW""], ""core_ai"": [""AVGO"", ""ANET"", ""LRCX"", ""KLAC"", ""CAT"", ""NOW"", ""RKLB"", ""MCHP"", ""TSLA"", ""ORCL""]}","{""ai_enabler"": {""n_filtered"": 82, ""n_input"": 632, ""n_ranked"": 82, ""priority_counts"": {""left_side_watch"": 6, ""research_now"": 4, ""theme_only"": 63, ""watch_for_pullback"": 9}}, ""ai_peripheral"": {""n_filtered"": 80, ""n_input"": 632, ""n_ranked"": 80, ""priority_counts"": {""left_side_watch"": 11, ""research_now"": 1, ""theme_only"": 68}}, ""core_ai"": {""n_filtered"": 54, ""n_input"": 632, ""n_ranked"": 54, ""priority_counts"": {""left_side_watch"": 1, ""research_now"": 5, ""theme_only"": 30, ""watch_for_pullback"": 18}}}",,union_superset_approx
base,replay_base_2023-06-30,2023-06-30T00:00:00+00:00,2023-06-30,low_value,"['AVGO', 'KLAC', 'LRCX', 'ORCL', 'AMAT', 'NOW', 'CAT', 'ON', 'TSLA', 'META', 'NXPI', 'CSX', 'NUE', 'JCI', 'ETN', 'PH', 'VMC', 'PWR', 'TT', 'EQIX']",20,0.1580514250795193,up,"{""ai_enabler"": 10, ""ai_peripheral"": 10, ""core_ai"": 10}","{""ai_enabler"": [""AVGO"", ""KLAC"", ""LRCX"", ""NOW"", ""AMAT"", ""ORCL"", ""CAT"", ""NXPI"", ""CSX"", ""NUE""], ""ai_peripheral"": [""CAT"", ""CSX"", ""NUE"", ""JCI"", ""ETN"", ""PH"", ""VMC"", ""PWR"", ""TT"", ""EQIX""], ""core_ai"": [""AVGO"", ""KLAC"", ""LRCX"", ""ORCL"", ""AMAT"", ""NOW"", ""CAT"", ""ON"", ""TSLA"", ""META""]}","{""ai_enabler"": {""first_fail"": {""top_count"": 282, ""top_pct"": 0.4455, ""top_reason"": ""min_dollar_volume""}, ""layer_summary"": {""base_hard"": {""before"": 633, ""pass_rate"": 0.15955766192733017, ""remaining"": 101, ""removed"": 290}, ""quality_or_theme_hard"": {""before"": 178, ""pass_rate"": 0.5674157303370787, ""remaining"": 101, ""removed"": 37}, ""valuation_hard"": {""before"": 343, ""pass_rate"": 0.40233236151603496, ""remaining"": 138, ""removed"": 205}}, ""n_filtered"": 101, ""n_input"": 633, ""n_ranked"": 20, ""near_miss"": {""reasons"": [{""count"": 2, ""layer"": ""valuation_hard"", ""pct"": 0.00315955766192733, ""reason"": ""min_drawdown_percentile""}, {""count"": 2, ""layer"": ""valuation_hard"", ""pct"": 0.00315955766192733, ""reason"": ""min_value_discount_any""}, {""count"": 1, ""layer"": ""quality_or_theme_hard"", ""pct"": 0.001579778830963665, ""reason"": ""max_ev_to_ebit""}, {""count"": 1, ""layer"": ""valuation_hard"", ""pct"": 0.001579778830963665, ""reason"": ""max_price_to_sma200""}, {""count"": 1, ""layer"": ""valuation_hard"", ""pct"": 0.001579778830963665, ""reason"": ""min_return_20d""}], ""top_count"": 2, ""top_pct"": 0.00315955766192733, ""top_reason"": ""min_drawdown_percentile""}}, ""ai_peripheral"": {""first_fail"": {""top_count"": 282, ""top_pct"": 0.4455, ""top_reason"": ""min_dollar_volume""}, ""layer_summary"": {""base_hard"": {""before"": 633, ""pass_rate"": 0.07898894154818326, ""remaining"": 50, ""removed"": 348}, ""quality_or_theme_hard"": {""before"": 186, ""pass_rate"": 0.5806451612903226, ""remaining"": 108, ""removed"": 38}, ""valuation_hard"": {""before"": 343, ""pass_rate"": 0.42565597667638483, ""remaining"": 146, ""removed"": 197}}, ""n_filtered"": 50, ""n_input"": 633, ""n_ranked"": 10, ""near_miss"": {""reasons"": [{""count"": 4, ""layer"": ""base_hard"", ""pct"": 0.00631911532385466, ""reason"": ""channel_bucket_match""}, {""count"": 1, ""layer"": ""valuation_hard"", ""pct"": 0.001579778830963665, ""reason"": ""min_return_20d""}, {""count"": 1, ""layer"": ""valuation_hard"", ""pct"": 0.001579778830963665, ""reason"": ""min_return_60d""}, {""count"": 1, ""layer"": ""base_hard"", ""pct"": 0.001579778830963665, ""reason"": ""min_avg_dollar_volume_20d""}, {""count"": 1, ""layer"": ""valuation_hard"", ""pct"": 0.001579778830963665, ""reason"": ""min_value_discount_any""}], ""top_count"": 4, ""top_pct"": 0.00631911532385466, ""top_reason"": ""channel_bucket_match""}}, ""core_ai"": {""first_fail"": {""top_count"": 282, ""top_pct"": 0.4455, ""top_reason"": ""min_dollar_volume""}, ""layer_summary"": {""base_hard"": {""before"": 633, ""pass_rate"": 0.05529225908372828, ""remaining"": 35, ""removed"": 345}, ""quality_or_theme_hard"": {""before"": 172, ""pass_rate"": 0.5232558139534884, ""remaining"": 90, ""removed"": 34}, ""valuation_hard"": {""before"": 343, ""pass_rate"": 0.36151603498542273, ""remaining"": 124, ""removed"": 219}}, ""n_filtered"": 35, ""n_input"": 633, ""n_ranked"": 13, ""near_miss"": {""reasons"": [{""count"": 1, ""layer"": ""valuation_hard"", ""pct"": 0.001579778830963665, ""reason"": ""max_price_to_sma200""}, {""count"": 1, ""layer"": ""valuation_hard"", ""pct"": 0.001579778830963665, ""reason"": ""min_value_discount_any""}], ""top_count"": 1, ""top_pct"": 0.001579778830963665, ""top_reason"": ""max_price_to_sma200""}}}",,union_superset_approx
base,replay_base_2023-06-30,2023-06-30T00:00:00+00:00,2023-06-30,industry_trend,"['AVGO', 'ORCL', 'TSLA', 'CAT', 'DE', 'NFLX', 'MSFT', 'CSCO', 'AMAT', 'KLAC', 'ETN', 'PH', 'CSX', 'EMR', 'PWR', 'NUE', 'UPS', 'SHW']",18,0.1580514250795193,up,"{""ai_enabler"": 10, ""ai_peripheral"": 10, ""core_ai"": 10}","{""ai_enabler"": [""AVGO"", ""TSLA"", ""ORCL"", ""CAT"", ""DE"", ""ETN"", ""AMAT"", ""NFLX"", ""KLAC"", ""PH""], ""ai_peripheral"": [""DE"", ""CAT"", ""ETN"", ""PH"", ""CSX"", ""EMR"", ""PWR"", ""NUE"", ""UPS"", ""SHW""], ""core_ai"": [""AVGO"", ""ORCL"", ""TSLA"", ""CAT"", ""DE"", ""NFLX"", ""MSFT"", ""CSCO"", ""AMAT"", ""KLAC""]}","{""ai_enabler"": {""first_fail"": {""top_count"": 282, ""top_pct"": 0.4455, ""top_reason"": ""min_dollar_volume""}, ""layer_summary"": {""base_hard"": {""before"": 633, ""pass_rate"": 0.39968404423380727, ""remaining"": 253, ""removed"": 290}, ""quality_or_theme_hard"": {""before"": 343, ""pass_rate"": 0.7376093294460642, ""remaining"": 253, ""removed"": 90}}, ""n_filtered"": 253, ""n_input"": 633, ""n_ranked"": 77, ""near_miss"": {""reasons"": [{""count"": 3, ""layer"": ""valuation_hard"", ""pct"": 0.004739336492890996, ""reason"": ""trend_min_return_60d""}, {""count"": 3, ""layer"": ""base_hard"", ""pct"": 0.004739336492890996, ""reason"": ""trend_min_avg_dollar_volume_20d""}, {""count"": 3, ""layer"": ""quality_or_theme_hard"", ""pct"": 0.004739336492890996, ""reason"": ""min_ai_link_score""}, {""count"": 2, ""layer"": ""quality_or_theme_hard"", ""pct"": 0.00315955766192733, ""reason"": ""min_ocf_to_net_income""}, {""count"": 2, ""layer"": ""valuation_hard"", ""pct"": 0.00315955766192733, ""reason"": ""max_ps_hist_percentile""}], ""top_count"": 3, ""top_pct"": 0.004739336492890996, ""top_reason"": ""trend_min_return_60d""}}, ""ai_peripheral"": {""first_fail"": {""top_count"": 282, ""top_pct"": 0.4455, ""top_reason"": ""min_dollar_volume""}, ""layer_summary"": {""base_hard"": {""before"": 633, ""pass_rate"": 0.1895734597156398, ""remaining"": 120, ""removed"": 423}, ""quality_or_theme_hard"": {""before"": 343, ""pass_rate"": 0.3498542274052478, ""remaining"": 120, ""removed"": 90}}, ""n_filtered"": 120, ""n_input"": 633, ""n_ranked"": 62, ""near_miss"": {""reasons"": [{""count"": 8, ""layer"": ""base_hard"", ""pct"": 0.01263823064770932, ""reason"": ""channel_bucket_match""}, {""count"": 3, ""layer"": ""base_hard"", ""pct"": 0.004739336492890996, ""reason"": ""trend_min_avg_dollar_volume_20d""}, {""count"": 3, ""layer"": ""quality_or_theme_hard"", ""pct"": 0.004739336492890996, ""reason"": ""min_current_ratio""}, {""count"": 2, ""layer"": ""valuation_hard"", ""pct"": 0.00315955766192733, ""reason"": ""max_ps_hist_percentile""}, {""count"": 2, ""layer"": ""quality_or_theme_hard"", ""pct"": 0.00315955766192733, ""reason"": ""min_ai_link_score""}], ""top_count"": 8, ""top_pct"": 0.01263823064770932, ""top_reason"": ""channel_bucket_match""}}, ""core_ai"": {""first_fail"": {""top_count"": 282, ""top_pct"": 0.4455, ""top_reason"": ""min_dollar_volume""}, ""layer_summary"": {""base_hard"": {""before"": 633, ""pass_rate"": 0.14218009478672985, ""remaining"": 90, ""removed"": 453}, ""quality_or_theme_hard"": {""before"": 343, ""pass_rate"": 0.26239067055393583, ""remaining"": 90, ""removed"": 90}}, ""n_filtered"": 90, ""n_input"": 633, ""n_ranked"": 25, ""near_miss"": {""reasons"": [{""count"": 2, ""layer"": ""base_hard"", ""pct"": 0.00315955766192733, ""reason"": ""trend_min_avg_dollar_volume_20d""}, {""count"": 1, ""layer"": ""valuation_hard"", ""pct"": 0.001579778830963665, ""reason"": ""max_ps_percentile_in_sic""}, {""count"": 1, ""layer"": ""quality_or_theme_hard"", ""pct"": 0.001579778830963665, ""reason"": ""min_ocf_to_net_income""}, {""count"": 1, ""layer"": ""quality_or_theme_hard"", ""pct"": 0.001579778830963665, ""reason"": ""min_ai_link_score""}], ""top_count"": 2, ""top_pct"": 0.00315955766192733, ""top_reason"": ""trend_min_avg_dollar_volume_20d""}}}",,union_superset_approx
base,replay_base_2023-06-30,2023-06-30T00:00:00+00:00,2023-06-30,momentum,"['AVGO', 'ORCL', 'TSLA', 'CAT', 'DE', 'MCHP', 'NFLX', 'KLAC', 'CSCO', 'AMAT', 'ETN', 'NUE', 'PH', 'PWR', 'EMR', 'STLD', 'CSX', 'VMC']",18,0.1580514250795193,up,"{""ai_enabler"": 10, ""ai_peripheral"": 10, ""core_ai"": 10}","{""ai_enabler"": [""TSLA"", ""CAT"", ""AVGO"", ""ORCL"", ""DE"", ""ETN"", ""NUE"", ""MCHP"", ""PH"", ""PWR""], ""ai_peripheral"": [""CAT"", ""DE"", ""ETN"", ""NUE"", ""PH"", ""EMR"", ""STLD"", ""PWR"", ""CSX"", ""VMC""], ""core_ai"": [""AVGO"", ""ORCL"", ""TSLA"", ""CAT"", ""DE"", ""MCHP"", ""NFLX"", ""KLAC"", ""CSCO"", ""AMAT""]}","{""ai_enabler"": {""first_fail"": {""top_count"": 282, ""top_pct"": 0.4455, ""top_reason"": ""min_dollar_volume""}, ""layer_summary"": {""base_hard"": {""before"": 633, ""pass_rate"": 0.39968404423380727, ""remaining"": 253, ""removed"": 290}, ""quality_or_theme_hard"": {""before"": 343, ""pass_rate"": 0.7376093294460642, ""remaining"": 253, ""removed"": 90}}, ""n_filtered"": 253, ""n_input"": 633, ""n_ranked"": 77, ""near_miss"": {""reasons"": [{""count"": 4, ""layer"": ""valuation_hard"", ""pct"": 0.00631911532385466, ""reason"": ""momentum_min_return_60d""}, {""count"": 2, ""layer"": ""valuation_hard"", ""pct"": 0.00315955766192733, ""reason"": ""max_ps_hist_percentile""}, {""count"": 1, ""layer"": ""quality_or_theme_hard"", ""pct"": 0.001579778830963665, ""reason"": ""max_ev_to_ebit""}, {""count"": 1, ""layer"": ""base_hard"", ""pct"": 0.001579778830963665, ""reason"": ""momentum_min_avg_dollar_volume_20d""}], ""top_count"": 4, ""top_pct"": 0.00631911532385466, ""top_reason"": ""momentum_min_return_60d""}}, ""ai_peripheral"": {""first_fail"": {""top_count"": 282, ""top_pct"": 0.4455, ""top_reason"": ""min_dollar_volume""}, ""layer_summary"": {""base_hard"": {""before"": 633, ""pass_rate"": 0.1895734597156398, ""remaining"": 120, ""removed"": 423}, ""quality_or_theme_hard"": {""before"": 343, ""pass_rate"": 0.3498542274052478, ""remaining"": 120, ""removed"": 90}}, ""n_filtered"": 120, ""n_input"": 633, ""n_ranked"": 62, ""near_miss"": {""reasons"": [{""count"": 4, ""layer"": ""valuation_hard"", ""pct"": 0.00631911532385466, ""reason"": ""momentum_min_return_60d""}, {""count"": 4, ""layer"": ""base_hard"", ""pct"": 0.00631911532385466, ""reason"": ""channel_bucket_match""}, {""count"": 2, ""layer"": ""quality_or_theme_hard"", ""pct"": 0.00315955766192733, ""reason"": ""min_current_ratio""}, {""count"": 2, ""layer"": ""valuation_hard"", ""pct"": 0.00315955766192733, ""reason"": ""max_ps_hist_percentile""}], ""top_count"": 4, ""top_pct"": 0.00631911532385466, ""top_reason"": ""momentum_min_return_60d""}}, ""core_ai"": {""first_fail"": {""top_count"": 282, ""top_pct"": 0.4455, ""top_reason"": ""min_dollar_volume""}, ""layer_summary"": {""base_hard"": {""before"": 633, ""pass_rate"": 0.14218009478672985, ""remaining"": 90, ""removed"": 453}, ""quality_or_theme_hard"": {""before"": 343, ""pass_rate"": 0.26239067055393583, ""remaining"": 90, ""removed"": 90}}, ""n_filtered"": 90, ""n_input"": 633, ""n_ranked"": 25, ""near_miss"": {""reasons"": [{""count"": 2, ""layer"": ""base_hard"", ""pct"": 0.00315955766192733, ""reason"": ""momentum_min_avg_dollar_volume_20d""}], ""top_count"": 2, ""top_pct"": 0.00315955766192733, ""top_reason"": ""momentum_min_avg_dollar_volume_20d""}}}",,union_superset_approx
base,replay_base_2023-06-30,2023-06-30T00:00:00+00:00,2023-06-30,research_pool,"['EME', 'ATI', 'JCI', 'RTX', 'CSX', 'UNP', 'ACN', 'NUE', 'TT', 'ETN', 'HII', 'IESC', 'EXLS', 'MPC', 'ODFL', 'MOS', 'VLO', 'DAL', 'DVN', 'LYFT', 'AVGO', 'ANET', 'KLAC', 'LRCX', 'CAT', 'NXPI', 'DIS', 'NOW', 'ON', 'TSLA']",30,0.1580514250795193,up,"{""ai_enabler"": 10, ""ai_peripheral"": 10, ""core_ai"": 10}","{""ai_enabler"": [""EME"", ""ATI"", ""JCI"", ""RTX"", ""CSX"", ""UNP"", ""ACN"", ""NUE"", ""TT"", ""ETN""], ""ai_peripheral"": [""HII"", ""IESC"", ""EXLS"", ""MPC"", ""ODFL"", ""MOS"", ""VLO"", ""DAL"", ""DVN"", ""LYFT""], ""core_ai"": [""AVGO"", ""ANET"", ""KLAC"", ""LRCX"", ""CAT"", ""NXPI"", ""DIS"", ""NOW"", ""ON"", ""TSLA""]}","{""ai_enabler"": {""n_filtered"": 91, ""n_input"": 633, ""n_ranked"": 91, ""priority_counts"": {""research_now"": 9, ""theme_only"": 76, ""watch_for_pullback"": 6}}, ""ai_peripheral"": {""n_filtered"": 85, ""n_input"": 633, ""n_ranked"": 85, ""priority_counts"": {""research_now"": 1, ""theme_only"": 84}}, ""core_ai"": {""n_filtered"": 56, ""n_input"": 633, ""n_ranked"": 56, ""priority_counts"": {""research_now"": 7, ""theme_only"": 30, ""watch_for_pullback"": 19}}}",,union_superset_approx
base,replay_base_2023-07-31,2023-07-31T00:00:00+00:00,2023-07-31,low_value,"['AVGO', 'LRCX', 'KLAC', 'NOW', 'CAT', 'AMAT', 'GOOGL', 'ON', 'GOOG', 'UNP', 'TSLA', 'NUE', 'JCI', 'ETN', 'PH', 'PWR', 'TT', 'EQIX']",18,0.20940271935214505,up,"{""ai_enabler"": 10, ""ai_peripheral"": 9, ""core_ai"": 9}","{""ai_enabler"": [""AVGO"", ""NOW"", ""KLAC"", ""LRCX"", ""AMAT"", ""UNP"", ""CAT"", ""TSLA"", ""NUE"", ""JCI""], ""ai_peripheral"": [""CAT"", ""NUE"", ""UNP"", ""JCI"", ""ETN"", ""PH"", ""PWR"", ""TT"", ""EQIX""], ""core_ai"": [""AVGO"", ""LRCX"", ""KLAC"", ""NOW"", ""CAT"", ""AMAT"", ""GOOGL"", ""ON"", ""GOOG""]}","{""ai_enabler"": {""first_fail"": {""top_count"": 265, ""top_pct"": 0.4186, ""top_reason"": ""min_dollar_volume""}, ""layer_summary"": {""base_hard"": {""before"": 633, ""pass_rate"": 0.18325434439178515, ""remaining"": 116, ""removed"": 271}, ""quality_or_theme_hard"": {""before"": 220, ""pass_rate"": 0.5272727272727272, ""remaining"": 116, ""removed"": 39}, ""valuation_hard"": {""before"": 362, ""pass_rate"": 0.4281767955801105, ""remaining"": 155, ""removed"": 207}}, ""n_filtered"": 116, ""n_input"": 633, ""n_ranked"": 18, ""near_miss"": {""reasons"": [{""count"": 2, ""layer"": ""valuation_hard"", ""pct"": 0.00315955766192733, ""reason"": ""min_return_20d""}, {""count"": 2, ""layer"": ""valuation_hard"", ""pct"": 0.00315955766192733, ""reason"": ""min_drawdown_percentile""}, {""count"": 2, ""layer"": ""quality_or_theme_hard"", ""pct"": 0.00315955766192733, ""reason"": ""min_ai_link_score""}, {""count"": 1, ""layer"": ""quality_or_theme_hard"", ""pct"": 0.001579778830963665, ""reason"": ""max_ev_to_ebit""}, {""count"": 1, ""layer"": ""valuation_hard"", ""pct"": 0.001579778830963665, ""reason"": ""min_value_discount_any""}], ""top_count"": 2, ""top_pct"": 0.00315955766192733, ""top_reason"": ""min_return_20d""}}, ""ai_peripheral"": {""first_fail"": {""top_count"": 265, ""top_pct"": 0.4186, ""top_reason"": ""min_dollar_volume""}, ""layer_summary"": {""base_hard"": {""before"": 633, ""pass_rate"": 0.07898894154818326, ""remaining"": 50, ""removed"": 341}, ""quality_or_theme_hard"": {""before"": 232, ""pass_rate"": 0.5172413793103449, ""remaining"": 120, ""removed"": 40}, ""valuation_hard"": {""before"": 362, ""pass_rate"": 0.4419889502762431, ""remaining"": 160, ""removed"": 202}}, ""n_filtered"": 50, ""n_input"": 633, ""n_ranked"": 9, ""near_miss"": {""reasons"": [{""count"": 2, ""layer"": ""quality_or_theme_hard"", ""pct"": 0.00315955766192733, ""reason"": ""min_ai_link_score""}, {""count"": 1, ""layer"": ""valuation_hard"", ""pct"": 0.001579778830963665, ""reason"": ""min_range_position_52w""}, {""count"": 1, ""layer"": ""valuation_hard"", ""pct"": 0.001579778830963665, ""reason"": ""min_return_20d""}, {""count"": 1, ""layer"": ""quality_or_theme_hard"", ""pct"": 0.001579778830963665, ""reason"": ""min_current_ratio""}, {""count"": 1, ""layer"": ""quality_or_theme_hard"", ""pct"": 0.001579778830963665, ""reason"": ""min_ocf_to_net_income""}], ""top_count"": 2, ""top_pct"": 0.00315955766192733, ""top_reason"": ""min_ai_link_score""}}, ""core_ai"": {""first_fail"": {""top_count"": 265, ""top_pct"": 0.4186, ""top_reason"": ""min_dollar_volume""}, ""layer_summary"": {""base_hard"": {""before"": 633, ""pass_rate"": 0.06951026856240126, ""remaining"": 44, ""removed"": 315}, ""quality_or_theme_hard"": {""before"": 200, ""pass_rate"": 0.44, ""remaining"": 88, ""removed"": 36}, ""valuation_hard"": {""before"": 362, ""pass_rate"": 0.3425414364640884, ""remaining"": 124, ""removed"": 238}}, ""n_filtered"": 44, ""n_input"": 633, ""n_ranked"": 9, ""near_miss"": {""reasons"": [{""count"": 1, ""layer"": ""quality_or_theme_hard"", ""pct"": 0.001579778830963665, ""reason"": ""max_ev_to_ebit""}, {""count"": 1, ""layer"": ""valuation_hard"", ""pct"": 0.001579778830963665, ""reason"": ""min_return_20d""}], ""top_count"": 1, ""top_pct"": 0.001579778830963665, ""top_reason"": ""max_ev_to_ebit""}}}",,union_superset_approx
base,replay_base_2023-07-31,2023-07-31T00:00:00+00:00,2023-07-31,industry_trend,"['GOOGL', 'AVGO', 'LRCX', 'KLAC', 'CAT', 'ON', 'CRM', 'MSFT', 'CSCO', 'NVDA', 'UNP', 'QCOM', 'ABNB', 'DE', 'UBER', 'BA', 'ETN', 'PH', 'PYPL', 'CSX', 'GD']",21,0.20940271935214505,up,"{""ai_enabler"": 10, ""ai_peripheral"": 10, ""core_ai"": 10}","{""ai_enabler"": [""UNP"", ""LRCX"", ""AVGO"", ""GOOGL"", ""ON"", ""KLAC"", ""CAT"", ""CRM"", ""QCOM"", ""ABNB""], ""ai_peripheral"": [""UNP"", ""CAT"", ""DE"", ""UBER"", ""BA"", ""ETN"", ""PH"", ""PYPL"", ""CSX"", ""GD""], ""core_ai"": [""GOOGL"", ""AVGO"", ""LRCX"", ""KLAC"", ""CAT"", ""ON"", ""CRM"", ""MSFT"", ""CSCO"", ""NVDA""]}","{""ai_enabler"": {""first_fail"": {""top_count"": 265, ""top_pct"": 0.4186, ""top_reason"": ""min_dollar_volume""}, ""layer_summary"": {""base_hard"": {""before"": 633, ""pass_rate"": 0.3902053712480253, ""remaining"": 247, ""removed"": 271}, ""quality_or_theme_hard"": {""before"": 362, ""pass_rate"": 0.6823204419889503, ""remaining"": 247, ""removed"": 115}}, ""n_filtered"": 247, ""n_input"": 633, ""n_ranked"": 78, ""near_miss"": {""reasons"": [{""count"": 5, ""layer"": ""quality_or_theme_hard"", ""pct"": 0.007898894154818325, ""reason"": ""min_ai_link_score""}, {""count"": 3, ""layer"": ""base_hard"", ""pct"": 0.004739336492890996, ""reason"": ""trend_min_avg_dollar_volume_20d""}, {""count"": 3, ""layer"": ""valuation_hard"", ""pct"": 0.004739336492890996, ""reason"": ""max_ps_hist_percentile""}, {""count"": 2, ""layer"": ""quality_or_theme_hard"", ""pct"": 0.00315955766192733, ""reason"": ""min_net_income_yoy""}, {""count"": 2, ""layer"": ""quality_or_theme_hard"", ""pct"": 0.00315955766192733, ""reason"": ""max_ev_to_ebit""}], ""top_count"": 5, ""top_pct"": 0.007898894154818325, ""top_reason"": ""min_ai_link_score""}}, ""ai_peripheral"": {""first_fail"": {""top_count"": 265, ""top_pct"": 0.4186, ""top_reason"": ""min_dollar_volume""}, ""layer_summary"": {""base_hard"": {""before"": 633, ""pass_rate"": 0.1848341232227488, ""remaining"": 117, ""removed"": 401}, ""quality_or_theme_hard"": {""before"": 362, ""pass_rate"": 0.32320441988950277, ""remaining"": 117, ""removed"": 115}}, ""n_filtered"": 117, ""n_input"": 633, ""n_ranked"": 62, ""near_miss"": {""reasons"": [{""count"": 6, ""layer"": ""base_hard"", ""pct"": 0.009478672985781991, ""reason"": ""channel_bucket_match""}, {""count"": 5, ""layer"": ""quality_or_theme_hard"", ""pct"": 0.007898894154818325, ""reason"": ""min_ai_link_score""}, {""count"": 3, ""layer"": ""valuation_hard"", ""pct"": 0.004739336492890996, ""reason"": ""max_ps_hist_percentile""}, {""count"": 2, ""layer"": ""quality_or_theme_hard"", ""pct"": 0.00315955766192733, ""reason"": ""min_net_income_yoy""}, {""count"": 1, ""layer"": ""quality_or_theme_hard"", ""pct"": 0.001579778830963665, ""reason"": ""min_fcf_yield""}], ""top_count"": 6, ""top_pct"": 0.009478672985781991, ""top_reason"": ""channel_bucket_match""}}, ""core_ai"": {""first_fail"": {""top_count"": 265, ""top_pct"": 0.4186, ""top_reason"": ""min_dollar_volume""}, ""layer_summary"": {""base_hard"": {""before"": 633, ""pass_rate"": 0.14375987361769352, ""remaining"": 91, ""removed"": 427}, ""quality_or_theme_hard"": {""before"": 362, ""pass_rate"": 0.2513812154696133, ""remaining"": 91, ""removed"": 115}}, ""n_filtered"": 91, ""n_input"": 633, ""n_ranked"": 26, ""near_miss"": {""reasons"": [{""count"": 1, ""layer"": ""quality_or_theme_hard"", ""pct"": 0.001579778830963665, ""reason"": ""max_ev_to_ebit""}, {""count"": 1, ""layer"": ""valuation_hard"", ""pct"": 0.001579778830963665, ""reason"": ""max_ps_percentile_in_sic""}, {""count"": 1, ""layer"": ""quality_or_theme_hard"", ""pct"": 0.001579778830963665, ""reason"": ""min_ocf_to_net_income""}, {""count"": 1, ""layer"": ""valuation_hard"", ""pct"": 0.001579778830963665, ""reason"": ""max_ps_hist_percentile""}, {""count"": 1, ""layer"": ""valuation_hard"", ""pct"": 0.001579778830963665, ""reason"": ""max_pe_hist_percentile""}], ""top_count"": 1, ""top_pct"": 0.001579778830963665, ""top_reason"": ""max_ev_to_ebit""}}}",,union_superset_approx
base,replay_base_2023-07-31,2023-07-31T00:00:00+00:00,2023-07-31,momentum,"['GOOGL', 'LRCX', 'SMCI', 'AVGO', 'ON', 'ABNB', 'PLTR', 'CAT', 'QCOM', 'KLAC', 'UNP', 'UBER', 'DE', 'BA', 'PYPL', 'FCX', 'MPC', 'NUE', 'ETN']",19,0.20940271935214505,up,"{""ai_enabler"": 10, ""ai_peripheral"": 10, ""core_ai"": 10}","{""ai_enabler"": [""UNP"", ""LRCX"", ""GOOGL"", ""ABNB"", ""ON"", ""QCOM"", ""AVGO"", ""CAT"", ""KLAC"", ""SMCI""], ""ai_peripheral"": [""UNP"", ""CAT"", ""UBER"", ""DE"", ""BA"", ""PYPL"", ""FCX"", ""MPC"", ""NUE"", ""ETN""], ""core_ai"": [""GOOGL"", ""LRCX"", ""SMCI"", ""AVGO"", ""ON"", ""ABNB"", ""PLTR"", ""CAT"", ""QCOM"", ""KLAC""]}","{""ai_enabler"": {""first_fail"": {""top_count"": 265, ""top_pct"": 0.4186, ""top_reason"": ""min_dollar_volume""}, ""layer_summary"": {""base_hard"": {""before"": 633, ""pass_rate"": 0.3902053712480253, ""remaining"": 247, ""removed"": 271}, ""quality_or_theme_hard"": {""before"": 362, ""pass_rate"": 0.6823204419889503, ""remaining"": 247, ""removed"": 115}}, ""n_filtered"": 247, ""n_input"": 633, ""n_ranked"": 78, ""near_miss"": {""reasons"": [{""count"": 5, ""layer"": ""quality_or_theme_hard"", ""pct"": 0.007898894154818325, ""reason"": ""min_ai_link_score""}, {""count"": 2, ""layer"": ""quality_or_theme_hard"", ""pct"": 0.00315955766192733, ""reason"": ""max_ev_to_ebit""}, {""count"": 2, ""layer"": ""valuation_hard"", ""pct"": 0.00315955766192733, ""reason"": ""momentum_min_return_60d""}, {""count"": 2, ""layer"": ""valuation_hard"", ""pct"": 0.00315955766192733, ""reason"": ""max_ps_hist_percentile""}, {""count"": 1, ""layer"": ""valuation_hard"", ""pct"": 0.001579778830963665, ""reason"": ""momentum_min_return_20d""}], ""top_count"": 5, ""top_pct"": 0.007898894154818325, ""top_reason"": ""min_ai_link_score""}}, ""ai_peripheral"": {""first_fail"": {""top_count"": 265, ""top_pct"": 0.4186, ""top_reason"": ""min_dollar_volume""}, ""layer_summary"": {""base_hard"": {""before"": 633, ""pass_rate"": 0.1848341232227488, ""remaining"": 117, ""removed"": 401}, ""quality_or_theme_hard"": {""before"": 362, ""pass_rate"": 0.32320441988950277, ""remaining"": 117, ""removed"": 115}}, ""n_filtered"": 117, ""n_input"": 633, ""n_ranked"": 62, ""near_miss"": {""reasons"": [{""count"": 4, ""layer"": ""base_hard"", ""pct"": 0.00631911532385466, ""reason"": ""channel_bucket_match""}, {""count"": 3, ""layer"": ""quality_or_theme_hard"", ""pct"": 0.004739336492890996, ""reason"": ""min_ai_link_score""}, {""count"": 1, ""layer"": ""valuation_hard"", ""pct"": 0.001579778830963665, ""reason"": ""momentum_min_return_60d""}, {""count"": 1, ""layer"": ""quality_or_theme_hard"", ""pct"": 0.001579778830963665, ""reason"": ""min_current_ratio""}, {""count"": 1, ""layer"": ""quality_or_theme_hard"", ""pct"": 0.001579778830963665, ""reason"": ""min_ocf_to_net_income""}], ""top_count"": 4, ""top_pct"": 0.00631911532385466, ""top_reason"": ""channel_bucket_match""}}, ""core_ai"": {""first_fail"": {""top_count"": 265, ""top_pct"": 0.4186, ""top_reason"": ""min_dollar_volume""}, ""layer_summary"": {""base_hard"": {""before"": 633, ""pass_rate"": 0.14375987361769352, ""remaining"": 91, ""removed"": 427}, ""quality_or_theme_hard"": {""before"": 362, ""pass_rate"": 0.2513812154696133, ""remaining"": 91, ""removed"": 115}}, ""n_filtered"": 91, ""n_input"": 633, ""n_ranked"": 26, ""near_miss"": {""reasons"": [{""count"": 1, ""layer"": ""quality_or_theme_hard"", ""pct"": 0.001579778830963665, ""reason"": ""max_ev_to_ebit""}, {""count"": 1, ""layer"": ""valuation_hard"", ""pct"": 0.001579778830963665, ""reason"": ""momentum_min_return_20d""}, {""count"": 1, ""layer"": ""base_hard"", ""pct"": 0.001579778830963665, ""reason"": ""momentum_min_avg_dollar_volume_20d""}, {""count"": 1, ""layer"": ""quality_or_theme_hard"", ""pct"": 0.001579778830963665, ""reason"": ""min_ocf_to_net_income""}, {""count"": 1, ""layer"": ""valuation_hard"", ""pct"": 0.001579778830963665, ""reason"": ""max_ps_hist_percentile""}], ""top_count"": 1, ""top_pct"": 0.001579778830963665, ""top_reason"": ""max_ev_to_ebit""}}}",,union_superset_approx
base,replay_base_2023-07-31,2023-07-31T00:00:00+00:00,2023-07-31,research_pool,"['TRGP', 'EME', 'LMT', 'ATI', 'JCI', 'CSX', 'TT', 'NUE', 'QLYS', 'AKAM', 'HII', 'EXLS', 'EEFT', 'EXR', 'MPC', 'IESC', 'ALB', 'MOS', 'SLB', 'ODFL', 'AVGO', 'ANET', 'LRCX', 'KLAC', 'DIS', 'CAT', 'QCOM', 'NOW', 'MCHP', 'TSLA']",30,0.20940271935214505,up,"{""ai_enabler"": 10, ""ai_peripheral"": 10, ""core_ai"": 10}","{""ai_enabler"": [""TRGP"", ""EME"", ""LMT"", ""ATI"", ""JCI"", ""CSX"", ""TT"", ""NUE"", ""QLYS"", ""AKAM""], ""ai_peripheral"": [""HII"", ""EXLS"", ""EEFT"", ""EXR"", ""MPC"", ""IESC"", ""ALB"", ""MOS"", ""SLB"", ""ODFL""], ""core_ai"": [""AVGO"", ""ANET"", ""LRCX"", ""KLAC"", ""DIS"", ""CAT"", ""QCOM"", ""NOW"", ""MCHP"", ""TSLA""]}","{""ai_enabler"": {""n_filtered"": 89, ""n_input"": 633, ""n_ranked"": 89, ""priority_counts"": {""left_side_watch"": 1, ""research_now"": 8, ""theme_only"": 71, ""watch_for_pullback"": 9}}, ""ai_peripheral"": {""n_filtered"": 75, ""n_input"": 633, ""n_ranked"": 75, ""priority_counts"": {""left_side_watch"": 3, ""research_now"": 1, ""theme_only"": 71}}, ""core_ai"": {""n_filtered"": 51, ""n_input"": 633, ""n_ranked"": 51, ""priority_counts"": {""research_now"": 7, ""theme_only"": 27, ""watch_for_pullback"": 17}}}",,union_superset_approx
base,replay_base_2023-08-31,2023-08-31T00:00:00+00:00,2023-08-31,low_value,"['AVGO', 'NOW', 'NVDA', 'ANET', 'ORCL', 'AMAT', 'GOOGL', 'AMZN', 'ETN', 'PWR', 'ACN', 'EQIX']",12,0.06465335098740743,up,"{""ai_enabler"": 10, ""ai_peripheral"": 4, ""core_ai"": 8}","{""ai_enabler"": [""AVGO"", ""NOW"", ""NVDA"", ""ANET"", ""ORCL"", ""AMAT"", ""GOOGL"", ""AMZN"", ""ETN"", ""PWR""], ""ai_peripheral"": [""ACN"", ""ETN"", ""PWR"", ""EQIX""], ""core_ai"": [""AVGO"", ""NOW"", ""NVDA"", ""ANET"", ""ORCL"", ""AMAT"", ""GOOGL"", ""AMZN""]}","{""ai_enabler"": {""first_fail"": {""top_count"": 287, ""top_pct"": 0.4534, ""top_reason"": ""min_dollar_volume""}, ""layer_summary"": {""base_hard"": {""before"": 633, ""pass_rate"": 0.07740916271721959, ""remaining"": 49, ""removed"": 295}, ""quality_or_theme_hard"": {""before"": 178, ""pass_rate"": 0.2752808988764045, ""remaining"": 49, ""removed"": 29}, ""valuation_hard"": {""before"": 338, ""pass_rate"": 0.23076923076923078, ""remaining"": 78, ""removed"": 260}}, ""n_filtered"": 49, ""n_input"": 633, ""n_ranked"": 11, ""near_miss"": {""reasons"": [{""count"": 2, ""layer"": ""valuation_hard"", ""pct"": 0.00315955766192733, ""reason"": ""min_drawdown_percentile""}, {""count"": 1, ""layer"": ""valuation_hard"", ""pct"": 0.001579778830963665, ""reason"": ""min_return_20d""}], ""top_count"": 2, ""top_pct"": 0.00315955766192733, ""top_reason"": ""min_drawdown_percentile""}}, ""ai_peripheral"": {""first_fail"": {""top_count"": 287, ""top_pct"": 0.4534, ""top_reason"": ""min_dollar_volume""}, ""layer_summary"": {""base_hard"": {""before"": 633, ""pass_rate"": 0.02843601895734597, ""remaining"": 18, ""removed"": 329}, ""quality_or_theme_hard"": {""before"": 190, ""pass_rate"": 0.2736842105263158, ""remaining"": 52, ""removed"": 31}, ""valuation_hard"": {""before"": 338, ""pass_rate"": 0.2455621301775148, ""remaining"": 83, ""removed"": 255}}, ""n_filtered"": 18, ""n_input"": 633, ""n_ranked"": 4, ""near_miss"": {""reasons"": [{""count"": 1, ""layer"": ""valuation_hard"", ""pct"": 0.001579778830963665, ""reason"": ""min_return_20d""}, {""count"": 1, ""layer"": ""valuation_hard"", ""pct"": 0.001579778830963665, ""reason"": ""min_drawdown_percentile""}, {""count"": 1, ""layer"": ""base_hard"", ""pct"": 0.001579778830963665, ""reason"": ""channel_bucket_match""}], ""top_count"": 1, ""top_pct"": 0.001579778830963665, ""top_reason"": ""min_return_20d""}}, ""core_ai"": {""first_fail"": {""top_count"": 287, ""top_pct"": 0.4534, ""top_reason"": ""min_dollar_volume""}, ""layer_summary"": {""base_hard"": {""before"": 633, ""pass_rate"": 0.0315955766192733, ""remaining"": 20, ""removed"": 312}, ""quality_or_theme_hard"": {""before"": 160, ""pass_rate"": 0.23125, ""remaining"": 37, ""removed"": 23}, ""valuation_hard"": {""before"": 338, ""pass_rate"": 0.17751479289940827, ""remaining"": 60, ""removed"": 278}}, ""n_filtered"": 20, ""n_input"": 633, ""n_ranked"": 8, ""near_miss"": {""reasons"": [{""count"": 1, ""layer"": ""valuation_hard"", ""pct"": 0.001579778830963665, ""reason"": ""min_drawdown_percentile""}], ""top_count"": 1, ""top_pct"": 0.001579778830963665, ""top_reason"": ""min_drawdown_percentile""}}}",,union_superset_approx
base,replay_base_2023-08-31,2023-08-31T00:00:00+00:00,2023-08-31,industry_trend,"['AVGO', 'NVDA', 'CSCO', 'AMZN', 'GOOGL', 'MSFT', 'CRM', 'ANET', 'LRCX', 'TSLA', 'AMAT', 'ETN', 'CAT', 'LMT', 'DE', 'UNP', 'PH', 'EQIX', 'PWR', 'EMR', 'ACN']",21,0.06465335098740743,up,"{""ai_enabler"": 10, ""ai_peripheral"": 10, ""core_ai"": 10}","{""ai_enabler"": [""NVDA"", ""AVGO"", ""CSCO"", ""ANET"", ""AMZN"", ""GOOGL"", ""CRM"", ""MSFT"", ""LRCX"", ""AMAT""], ""ai_peripheral"": [""ETN"", ""CAT"", ""LMT"", ""DE"", ""UNP"", ""PH"", ""EQIX"", ""PWR"", ""EMR"", ""ACN""], ""core_ai"": [""AVGO"", ""NVDA"", ""CSCO"", ""AMZN"", ""GOOGL"", ""MSFT"", ""CRM"", ""ANET"", ""LRCX"", ""TSLA""]}","{""ai_enabler"": {""first_fail"": {""top_count"": 287, ""top_pct"": 0.4534, ""top_reason"": ""min_dollar_volume""}, ""layer_summary"": {""base_hard"": {""before"": 633, ""pass_rate"": 0.334913112164297, ""remaining"": 212, ""removed"": 295}, ""quality_or_theme_hard"": {""before"": 338, ""pass_rate"": 0.6272189349112426, ""remaining"": 212, ""removed"": 126}}, ""n_filtered"": 212, ""n_input"": 633, ""n_ranked"": 67, ""near_miss"": {""reasons"": [{""count"": 5, ""layer"": ""base_hard"", ""pct"": 0.007898894154818325, ""reason"": ""trend_min_avg_dollar_volume_20d""}, {""count"": 2, ""layer"": ""quality_or_theme_hard"", ""pct"": 0.00315955766192733, ""reason"": ""min_net_income_yoy""}, {""count"": 2, ""layer"": ""valuation_hard"", ""pct"": 0.00315955766192733, ""reason"": ""trend_min_return_60d""}, {""count"": 2, ""layer"": ""valuation_hard"", ""pct"": 0.00315955766192733, ""reason"": ""max_pe_hist_percentile""}, {""count"": 2, ""layer"": ""quality_or_theme_hard"", ""pct"": 0.00315955766192733, ""reason"": ""min_ai_link_score""}], ""top_count"": 5, ""top_pct"": 0.007898894154818325, ""top_reason"": ""trend_min_avg_dollar_volume_20d""}}, ""ai_peripheral"": {""first_fail"": {""top_count"": 287, ""top_pct"": 0.4534, ""top_reason"": ""min_dollar_volume""}, ""layer_summary"": {""base_hard"": {""before"": 633, ""pass_rate"": 0.16429699842022116, ""remaining"": 104, ""removed"": 403}, ""quality_or_theme_hard"": {""before"": 338, ""pass_rate"": 0.3076923076923077, ""remaining"": 104, ""removed"": 126}}, ""n_filtered"": 104, ""n_input"": 633, ""n_ranked"": 56, ""near_miss"": {""reasons"": [{""count"": 9, ""layer"": ""base_hard"", ""pct"": 0.014218009478672985, ""reason"": ""channel_bucket_match""}, {""count"": 4, ""layer"": ""base_hard"", ""pct"": 0.00631911532385466, ""reason"": ""trend_min_avg_dollar_volume_20d""}, {""count"": 2, ""layer"": ""quality_or_theme_hard"", ""pct"": 0.00315955766192733, ""reason"": ""min_ai_link_score""}, {""count"": 1, ""layer"": ""quality_or_theme_hard"", ""pct"": 0.001579778830963665, ""reason"": ""min_net_income_yoy""}, {""count"": 1, ""layer"": ""valuation_hard"", ""pct"": 0.001579778830963665, ""reason"": ""trend_min_return_60d""}], ""top_count"": 9, ""top_pct"": 0.014218009478672985, ""top_reason"": ""channel_bucket_match""}}, ""core_ai"": {""first_fail"": {""top_count"": 287, ""top_pct"": 0.4534, ""top_reason"": ""min_dollar_volume""}, ""layer_summary"": {""base_hard"": {""before"": 633, ""pass_rate"": 0.12480252764612954, ""remaining"": 79, ""removed"": 428}, ""quality_or_theme_hard"": {""before"": 338, ""pass_rate"": 0.23372781065088757, ""remaining"": 79, ""removed"": 126}}, ""n_filtered"": 79, ""n_input"": 633, ""n_ranked"": 22, ""near_miss"": {""reasons"": [{""count"": 3, ""layer"": ""base_hard"", ""pct"": 0.004739336492890996, ""reason"": ""trend_min_avg_dollar_volume_20d""}, {""count"": 1, ""layer"": ""quality_or_theme_hard"", ""pct"": 0.001579778830963665, ""reason"": ""min_net_income_yoy""}, {""count"": 1, ""layer"": ""quality_or_theme_hard"", ""pct"": 0.001579778830963665, ""reason"": ""max_ev_to_ebit""}, {""count"": 1, ""layer"": ""valuation_hard"", ""pct"": 0.001579778830963665, ""reason"": ""max_ps_percentile_in_sic""}, {""count"": 1, ""layer"": ""valuation_hard"", ""pct"": 0.001579778830963665, ""reason"": ""max_pe_hist_percentile""}], ""top_count"": 3, ""top_pct"": 0.004739336492890996, ""top_reason"": ""trend_min_avg_dollar_volume_20d""}}}",,union_superset_approx
base,replay_base_2023-08-31,2023-08-31T00:00:00+00:00,2023-08-31,momentum,"['NVDA', 'AVGO', 'CSCO', 'AMZN', 'ANET', 'GOOGL', 'ORCL', 'CRM', 'LRCX', 'AMAT', 'ETN', 'PWR', 'CAT', 'EMR', 'VRT', 'RTX', 'LMT', 'EQIX', 'CEG', 'DE']",20,0.06465335098740743,up,"{""ai_enabler"": 10, ""ai_peripheral"": 10, ""core_ai"": 10}","{""ai_enabler"": [""NVDA"", ""CSCO"", ""AVGO"", ""AMZN"", ""ANET"", ""ORCL"", ""GOOGL"", ""ETN"", ""CRM"", ""AMAT""], ""ai_peripheral"": [""ETN"", ""PWR"", ""CAT"", ""EMR"", ""VRT"", ""RTX"", ""LMT"", ""EQIX"", ""CEG"", ""DE""], ""core_ai"": [""NVDA"", ""AVGO"", ""CSCO"", ""AMZN"", ""ANET"", ""GOOGL"", ""ORCL"", ""CRM"", ""LRCX"", ""AMAT""]}","{""ai_enabler"": {""first_fail"": {""top_count"": 287, ""top_pct"": 0.4534, ""top_reason"": ""min_dollar_volume""}, ""layer_summary"": {""base_hard"": {""before"": 633, ""pass_rate"": 0.334913112164297, ""remaining"": 212, ""removed"": 295}, ""quality_or_theme_hard"": {""before"": 338, ""pass_rate"": 0.6272189349112426, ""remaining"": 212, ""removed"": 126}}, ""n_filtered"": 212, ""n_input"": 633, ""n_ranked"": 67, ""near_miss"": {""reasons"": [{""count"": 5, ""layer"": ""valuation_hard"", ""pct"": 0.007898894154818325, ""reason"": ""momentum_min_return_20d""}, {""count"": 1, ""layer"": ""valuation_hard"", ""pct"": 0.001579778830963665, ""reason"": ""max_pe_hist_percentile""}, {""count"": 1, ""layer"": ""quality_or_theme_hard"", ""pct"": 0.001579778830963665, ""reason"": ""min_ai_link_score""}], ""top_count"": 5, ""top_pct"": 0.007898894154818325, ""top_reason"": ""momentum_min_return_20d""}}, ""ai_peripheral"": {""first_fail"": {""top_count"": 287, ""top_pct"": 0.4534, ""top_reason"": ""min_dollar_volume""}, ""layer_summary"": {""base_hard"": {""before"": 633, ""pass_rate"": 0.16429699842022116, ""remaining"": 104, ""removed"": 403}, ""quality_or_theme_hard"": {""before"": 338, ""pass_rate"": 0.3076923076923077, ""remaining"": 104, ""removed"": 126}}, ""n_filtered"": 104, ""n_input"": 633, ""n_ranked"": 56, ""near_miss"": {""reasons"": [{""count"": 4, ""layer"": ""base_hard"", ""pct"": 0.00631911532385466, ""reason"": ""channel_bucket_match""}, {""count"": 3, ""layer"": ""valuation_hard"", ""pct"": 0.004739336492890996, ""reason"": ""momentum_min_return_20d""}, {""count"": 1, ""layer"": ""valuation_hard"", ""pct"": 0.001579778830963665, ""reason"": ""momentum_min_return_60d""}], ""top_count"": 4, ""top_pct"": 0.00631911532385466, ""top_reason"": ""channel_bucket_match""}}, ""core_ai"": {""first_fail"": {""top_count"": 287, ""top_pct"": 0.4534, ""top_reason"": ""min_dollar_volume""}, ""layer_summary"": {""base_hard"": {""before"": 633, ""pass_rate"": 0.12480252764612954, ""remaining"": 79, ""removed"": 428}, ""quality_or_theme_hard"": {""before"": 338, ""pass_rate"": 0.23372781065088757, ""remaining"": 79, ""removed"": 126}}, ""n_filtered"": 79, ""n_input"": 633, ""n_ranked"": 22, ""near_miss"": {""reasons"": [{""count"": 1, ""layer"": ""valuation_hard"", ""pct"": 0.001579778830963665, ""reason"": ""momentum_min_return_20d""}, {""count"": 1, ""layer"": ""valuation_hard"", ""pct"": 0.001579778830963665, ""reason"": ""max_pe_hist_percentile""}, {""count"": 1, ""layer"": ""quality_or_theme_hard"", ""pct"": 0.001579778830963665, ""reason"": ""min_ai_link_score""}], ""top_count"": 1, ""top_pct"": 0.001579778830963665, ""top_reason"": ""momentum_min_return_20d""}}}",,union_superset_approx
base,replay_base_2023-08-31,2023-08-31T00:00:00+00:00,2023-08-31,research_pool,"['LMT', 'EME', 'JCI', 'RTX', 'ATI', 'MLM', 'TT', 'NUE', 'ETN', 'QLYS', 'KEYS', 'IESC', 'EXLS', 'ALB', 'G', 'GPK', 'EEFT', 'DAL', 'SLB', 'VLO', 'ANET', 'AVGO', 'NVDA', 'PYPL', 'CAT', 'KLAC', 'NOW', 'ADI', 'MCHP', 'ORCL']",30,0.06465335098740743,up,"{""ai_enabler"": 10, ""ai_peripheral"": 10, ""core_ai"": 10}","{""ai_enabler"": [""LMT"", ""EME"", ""JCI"", ""RTX"", ""ATI"", ""MLM"", ""TT"", ""NUE"", ""ETN"", ""QLYS""], ""ai_peripheral"": [""KEYS"", ""IESC"", ""EXLS"", ""ALB"", ""G"", ""GPK"", ""EEFT"", ""DAL"", ""SLB"", ""VLO""], ""core_ai"": [""ANET"", ""AVGO"", ""NVDA"", ""PYPL"", ""CAT"", ""KLAC"", ""NOW"", ""ADI"", ""MCHP"", ""ORCL""]}","{""ai_enabler"": {""n_filtered"": 78, ""n_input"": 633, ""n_ranked"": 78, ""priority_counts"": {""left_side_watch"": 1, ""research_now"": 8, ""theme_only"": 60, ""watch_for_pullback"": 9}}, ""ai_peripheral"": {""n_filtered"": 71, ""n_input"": 633, ""n_ranked"": 71, ""priority_counts"": {""left_side_watch"": 1, ""theme_only"": 70}}, ""core_ai"": {""n_filtered"": 50, ""n_input"": 633, ""n_ranked"": 50, ""priority_counts"": {""left_side_watch"": 1, ""research_now"": 6, ""theme_only"": 26, ""watch_for_pullback"": 17}}}",,union_superset_approx
base,replay_base_2023-09-29,2023-09-29T00:00:00+00:00,2023-09-29,low_value,[],0,-0.024775847290439357,down,"{""ai_enabler"": 0, ""ai_peripheral"": 0, ""core_ai"": 0}","{""ai_enabler"": [], ""ai_peripheral"": [], ""core_ai"": []}","{""ai_enabler"": {""first_fail"": {""top_count"": 282, ""top_pct"": 0.4441, ""top_reason"": ""min_dollar_volume""}, ""layer_summary"": {""base_hard"": {""before"": 635, ""pass_rate"": 0.01732283464566929, ""remaining"": 11, ""removed"": 295}, ""quality_or_theme_hard"": {""before"": 128, ""pass_rate"": 0.0859375, ""remaining"": 11, ""removed"": 7}, ""valuation_hard"": {""before"": 340, ""pass_rate"": 0.052941176470588235, ""remaining"": 18, ""removed"": 322}}, ""n_filtered"": 11, ""n_input"": 635, ""n_ranked"": 0, ""near_miss"": {""reasons"": [{""count"": 1, ""layer"": ""valuation_hard"", ""pct"": 0.0015748031496062992, ""reason"": ""min_value_discount_any""}], ""top_count"": 1, ""top_pct"": 0.0015748031496062992, ""top_reason"": ""min_value_discount_any""}}, ""ai_peripheral"": {""first_fail"": {""top_count"": 282, ""top_pct"": 0.4441, ""top_reason"": ""min_dollar_volume""}, ""layer_summary"": {""base_hard"": {""before"": 635, ""pass_rate"": 0.007874015748031496, ""remaining"": 5, ""removed"": 301}, ""quality_or_theme_hard"": {""before"": 145, ""pass_rate"": 0.07586206896551724, ""remaining"": 11, ""removed"": 9}, ""valuation_hard"": {""before"": 340, ""pass_rate"": 0.058823529411764705, ""remaining"": 20, ""removed"": 320}}, ""n_filtered"": 5, ""n_input"": 635, ""n_ranked"": 0, ""near_miss"": {""reasons"": [{""count"": 1, ""layer"": ""valuation_hard"", ""pct"": 0.0015748031496062992, ""reason"": ""min_return_20d""}, {""count"": 1, ""layer"": ""base_hard"", ""pct"": 0.0015748031496062992, ""reason"": ""channel_bucket_match""}], ""top_count"": 1, ""top_pct"": 0.0015748031496062992, ""top_reason"": ""min_return_20d""}}, ""core_ai"": {""first_fail"": {""top_count"": 282, ""top_pct"": 0.4441, ""top_reason"": ""min_dollar_volume""}, ""layer_summary"": {""base_hard"": {""before"": 635, ""pass_rate"": 0.004724409448818898, ""remaining"": 3, ""removed"": 302}, ""quality_or_theme_hard"": {""before"": 111, ""pass_rate"": 0.09009009009009009, ""remaining"": 10, ""removed"": 5}, ""valuation_hard"": {""before"": 340, ""pass_rate"": 0.04411764705882353, ""remaining"": 15, ""removed"": 325}}, ""n_filtered"": 3, ""n_input"": 635, ""n_ranked"": 0, ""near_miss"": {""reasons"": [], ""top_count"": 0, ""top_pct"": 0.0, ""top_reason"": """"}}}",,union_superset_approx
base,replay_base_2023-09-29,2023-09-29T00:00:00+00:00,2023-09-29,industry_trend,"['MSFT', 'GOOGL', 'CSCO', 'TSLA', 'META', 'NVDA', 'AVGO', 'AMZN', 'CAT', 'BKNG', 'CSX', 'ABNB', 'DE', 'ETN', 'NOC', 'UNP', 'OKE', 'ACN', 'CEG', 'SRE']",20,-0.024775847290439357,down,"{""ai_enabler"": 10, ""ai_peripheral"": 10, ""core_ai"": 10}","{""ai_enabler"": [""CSX"", ""CSCO"", ""MSFT"", ""AVGO"", ""TSLA"", ""ABNB"", ""GOOGL"", ""AMZN"", ""NVDA"", ""CAT""], ""ai_peripheral"": [""CSX"", ""CAT"", ""DE"", ""ETN"", ""NOC"", ""UNP"", ""OKE"", ""ACN"", ""CEG"", ""SRE""], ""core_ai"": [""MSFT"", ""GOOGL"", ""CSCO"", ""TSLA"", ""META"", ""NVDA"", ""AVGO"", ""AMZN"", ""CAT"", ""BKNG""]}","{""ai_enabler"": {""first_fail"": {""top_count"": 282, ""top_pct"": 0.4441, ""top_reason"": ""min_dollar_volume""}, ""layer_summary"": {""base_hard"": {""before"": 635, ""pass_rate"": 0.35748031496062993, ""remaining"": 227, ""removed"": 295}, ""quality_or_theme_hard"": {""before"": 340, ""pass_rate"": 0.6676470588235294, ""remaining"": 227, ""removed"": 113}}, ""n_filtered"": 227, ""n_input"": 635, ""n_ranked"": 74, ""near_miss"": {""reasons"": [{""count"": 5, ""layer"": ""valuation_hard"", ""pct"": 0.007874015748031496, ""reason"": ""trend_min_return_60d""}, {""count"": 4, ""layer"": ""quality_or_theme_hard"", ""pct"": 0.006299212598425197, ""reason"": ""min_ai_link_score""}, {""count"": 3, ""layer"": ""base_hard"", ""pct"": 0.004724409448818898, ""reason"": ""trend_min_avg_dollar_volume_20d""}, {""count"": 1, ""layer"": ""quality_or_theme_hard"", ""pct"": 0.0015748031496062992, ""reason"": ""min_net_income_yoy""}, {""count"": 1, ""layer"": ""quality_or_theme_hard"", ""pct"": 0.0015748031496062992, ""reason"": ""max_ev_to_ebit""}], ""top_count"": 5, ""top_pct"": 0.007874015748031496, ""top_reason"": ""trend_min_return_60d""}}, ""ai_peripheral"": {""first_fail"": {""top_count"": 282, ""top_pct"": 0.4441, ""top_reason"": ""min_dollar_volume""}, ""layer_summary"": {""base_hard"": {""before"": 635, ""pass_rate"": 0.1763779527559055, ""remaining"": 112, ""removed"": 410}, ""quality_or_theme_hard"": {""before"": 340, ""pass_rate"": 0.32941176470588235, ""remaining"": 112, ""removed"": 113}}, ""n_filtered"": 112, ""n_input"": 635, ""n_ranked"": 62, ""near_miss"": {""reasons"": [{""count"": 10, ""layer"": ""base_hard"", ""pct"": 0.015748031496062992, ""reason"": ""channel_bucket_match""}, {""count"": 8, ""layer"": ""valuation_hard"", ""pct"": 0.012598425196850394, ""reason"": ""trend_min_return_60d""}, {""count"": 3, ""layer"": ""quality_or_theme_hard"", ""pct"": 0.004724409448818898, ""reason"": ""min_ai_link_score""}, {""count"": 2, ""layer"": ""base_hard"", ""pct"": 0.0031496062992125984, ""reason"": ""trend_min_avg_dollar_volume_20d""}, {""count"": 1, ""layer"": ""quality_or_theme_hard"", ""pct"": 0.0015748031496062992, ""reason"": ""min_revenue_yoy""}], ""top_count"": 10, ""top_pct"": 0.015748031496062992, ""top_reason"": ""channel_bucket_match""}}, ""core_ai"": {""first_fail"": {""top_count"": 282, ""top_pct"": 0.4441, ""top_reason"": ""min_dollar_volume""}, ""layer_summary"": {""base_hard"": {""before"": 635, ""pass_rate"": 0.12755905511811025, ""remaining"": 81, ""removed"": 441}, ""quality_or_theme_hard"": {""before"": 340, ""pass_rate"": 0.23823529411764705, ""remaining"": 81, ""removed"": 113}}, ""n_filtered"": 81, ""n_input"": 635, ""n_ranked"": 23, ""near_miss"": {""reasons"": [{""count"": 2, ""layer"": ""valuation_hard"", ""pct"": 0.0031496062992125984, ""reason"": ""trend_min_return_60d""}, {""count"": 2, ""layer"": ""base_hard"", ""pct"": 0.0031496062992125984, ""reason"": ""trend_min_avg_dollar_volume_20d""}, {""count"": 1, ""layer"": ""quality_or_theme_hard"", ""pct"": 0.0015748031496062992, ""reason"": ""max_ev_to_ebit""}, {""count"": 1, ""layer"": ""quality_or_theme_hard"", ""pct"": 0.0015748031496062992, ""reason"": ""min_ai_link_score""}], ""top_count"": 2, ""top_pct"": 0.0031496062992125984, ""top_reason"": ""trend_min_return_60d""}}}",,union_superset_approx
base,replay_base_2023-09-29,2023-09-29T00:00:00+00:00,2023-09-29,momentum,"['MSFT', 'META', 'TSLA', 'GOOGL', 'CEG', 'CSCO', 'CAT', 'BKNG', 'AVGO', 'AMZN', 'CSX', 'ABNB', 'SRE', 'NOC', 'OKE', 'EMR', 'DE', 'MPC', 'VLO']",19,-0.024775847290439357,down,"{""ai_enabler"": 10, ""ai_peripheral"": 10, ""core_ai"": 10}","{""ai_enabler"": [""CSX"", ""MSFT"", ""ABNB"", ""META"", ""CEG"", ""TSLA"", ""CSCO"", ""CAT"", ""SRE"", ""NOC""], ""ai_peripheral"": [""CSX"", ""CAT"", ""CEG"", ""NOC"", ""SRE"", ""OKE"", ""EMR"", ""DE"", ""MPC"", ""VLO""], ""core_ai"": [""MSFT"", ""META"", ""TSLA"", ""GOOGL"", ""CEG"", ""CSCO"", ""CAT"", ""BKNG"", ""AVGO"", ""AMZN""]}","{""ai_enabler"": {""first_fail"": {""top_count"": 282, ""top_pct"": 0.4441, ""top_reason"": ""min_dollar_volume""}, ""layer_summary"": {""base_hard"": {""before"": 635, ""pass_rate"": 0.35748031496062993, ""remaining"": 227, ""removed"": 295}, ""quality_or_theme_hard"": {""before"": 340, ""pass_rate"": 0.6676470588235294, ""remaining"": 227, ""removed"": 113}}, ""n_filtered"": 227, ""n_input"": 635, ""n_ranked"": 74, ""near_miss"": {""reasons"": [{""count"": 1, ""layer"": ""valuation_hard"", ""pct"": 0.0015748031496062992, ""reason"": ""momentum_min_return_60d""}], ""top_count"": 1, ""top_pct"": 0.0015748031496062992, ""top_reason"": ""momentum_min_return_60d""}}, ""ai_peripheral"": {""first_fail"": {""top_count"": 282, ""top_pct"": 0.4441, ""top_reason"": ""min_dollar_volume""}, ""layer_summary"": {""base_hard"": {""before"": 635, ""pass_rate"": 0.1763779527559055, ""remaining"": 112, ""removed"": 410}, ""quality_or_theme_hard"": {""before"": 340, ""pass_rate"": 0.32941176470588235, ""remaining"": 112, ""removed"": 113}}, ""n_filtered"": 112, ""n_input"": 635, ""n_ranked"": 62, ""near_miss"": {""reasons"": [{""count"": 1, ""layer"": ""valuation_hard"", ""pct"": 0.0015748031496062992, ""reason"": ""momentum_min_return_20d""}], ""top_count"": 1, ""top_pct"": 0.0015748031496062992, ""top_reason"": ""momentum_min_return_20d""}}, ""core_ai"": {""first_fail"": {""top_count"": 282, ""top_pct"": 0.4441, ""top_reason"": ""min_dollar_volume""}, ""layer_summary"": {""base_hard"": {""before"": 635, ""pass_rate"": 0.12755905511811025, ""remaining"": 81, ""removed"": 441}, ""quality_or_theme_hard"": {""before"": 340, ""pass_rate"": 0.23823529411764705, ""remaining"": 81, ""removed"": 113}}, ""n_filtered"": 81, ""n_input"": 635, ""n_ranked"": 23, ""near_miss"": {""reasons"": [], ""top_count"": 0, ""top_pct"": 0.0, ""top_reason"": """"}}}",,union_superset_approx
base,replay_base_2023-09-29,2023-09-29T00:00:00+00:00,2023-09-29,research_pool,"['EME', 'CSX', 'TT', 'HPE', 'GD', 'ETN', 'VRT', 'QLYS', 'PWR', 'LMT', 'ALB', 'EEFT', 'DAL', 'EXP', 'ITW', 'FISV', 'SON', 'KBH', 'IBP', 'SHW', 'ANET', 'CSCO', 'NVDA', 'CAT', 'MCHP', 'NOW', 'FTNT', 'ADI', 'DT', 'TSLA']",30,-0.024775847290439357,down,"{""ai_enabler"": 10, ""ai_peripheral"": 10, ""core_ai"": 10}","{""ai_enabler"": [""EME"", ""CSX"", ""TT"", ""HPE"", ""GD"", ""ETN"", ""VRT"", ""QLYS"", ""PWR"", ""LMT""], ""ai_peripheral"": [""ALB"", ""EEFT"", ""DAL"", ""EXP"", ""ITW"", ""FISV"", ""SON"", ""KBH"", ""IBP"", ""SHW""], ""core_ai"": [""ANET"", ""CSCO"", ""NVDA"", ""CAT"", ""MCHP"", ""NOW"", ""FTNT"", ""ADI"", ""DT"", ""TSLA""]}","{""ai_enabler"": {""n_filtered"": 76, ""n_input"": 635, ""n_ranked"": 76, ""priority_counts"": {""left_side_watch"": 8, ""research_now"": 4, ""theme_only"": 59, ""watch_for_pullback"": 5}}, ""ai_peripheral"": {""n_filtered"": 63, ""n_input"": 635, ""n_ranked"": 63, ""priority_counts"": {""left_side_watch"": 10, ""theme_only"": 53}}, ""core_ai"": {""n_filtered"": 49, ""n_input"": 635, ""n_ranked"": 49, ""priority_counts"": {""left_side_watch"": 5, ""research_now"": 4, ""theme_only"": 25, ""watch_for_pullback"": 15}}}",,union_superset_approx
base,replay_base_2023-10-31,2023-10-31T00:00:00+00:00,2023-10-31,low_value,"['ANET', 'SNPS', 'NOW', 'VRT', 'GD']",5,-0.06465195608144114,down,"{""ai_enabler"": 5, ""ai_peripheral"": 2, ""core_ai"": 2}","{""ai_enabler"": [""NOW"", ""ANET"", ""VRT"", ""GD"", ""SNPS""], ""ai_peripheral"": [""VRT"", ""GD""], ""core_ai"": [""ANET"", ""SNPS""]}","{""ai_enabler"": {""first_fail"": {""top_count"": 265, ""top_pct"": 0.4173, ""top_reason"": ""min_dollar_volume""}, ""layer_summary"": {""base_hard"": {""before"": 635, ""pass_rate"": 0.023622047244094488, ""remaining"": 15, ""removed"": 276}, ""quality_or_theme_hard"": {""before"": 91, ""pass_rate"": 0.16483516483516483, ""remaining"": 15, ""removed"": 5}, ""valuation_hard"": {""before"": 359, ""pass_rate"": 0.055710306406685235, ""remaining"": 20, ""removed"": 339}}, ""n_filtered"": 15, ""n_input"": 635, ""n_ranked"": 5, ""near_miss"": {""reasons"": [{""count"": 2, ""layer"": ""valuation_hard"", ""pct"": 0.0031496062992125984, ""reason"": ""min_drawdown_percentile""}], ""top_count"": 2, ""top_pct"": 0.0031496062992125984, ""top_reason"": ""min_drawdown_percentile""}}, ""ai_peripheral"": {""first_fail"": {""top_count"": 265, ""top_pct"": 0.4173, ""top_reason"": ""min_dollar_volume""}, ""layer_summary"": {""base_hard"": {""before"": 635, ""pass_rate"": 0.007874015748031496, ""remaining"": 5, ""removed"": 289}, ""quality_or_theme_hard"": {""before"": 100, ""pass_rate"": 0.18, ""remaining"": 18, ""removed"": 5}, ""valuation_hard"": {""before"": 359, ""pass_rate"": 0.06406685236768803, ""remaining"": 23, ""removed"": 336}}, ""n_filtered"": 5, ""n_input"": 635, ""n_ranked"": 2, ""near_miss"": {""reasons"": [], ""top_count"": 0, ""top_pct"": 0.0, ""top_reason"": """"}}, ""core_ai"": {""first_fail"": {""top_count"": 265, ""top_pct"": 0.4173, ""top_reason"": ""min_dollar_volume""}, ""layer_summary"": {""base_hard"": {""before"": 635, ""pass_rate"": 0.012598425196850394, ""remaining"": 8, ""removed"": 279}, ""quality_or_theme_hard"": {""before"": 74, ""pass_rate"": 0.14864864864864866, ""remaining"": 11, ""removed"": 4}, ""valuation_hard"": {""before"": 359, ""pass_rate"": 0.04178272980501393, ""remaining"": 15, ""removed"": 344}}, ""n_filtered"": 8, ""n_input"": 635, ""n_ranked"": 2, ""near_miss"": {""reasons"": [], ""top_count"": 0, ""top_pct"": 0.0, ""top_reason"": """"}}}",,union_superset_approx
base,replay_base_2023-10-31,2023-10-31T00:00:00+00:00,2023-10-31,industry_trend,"['AVGO', 'MSFT', 'AMZN', 'ANET', 'NFLX', 'NVDA', 'KLAC', 'NOW', 'GOOGL', 'CSCO', 'LMT', 'IBM', 'ETN', 'GD', 'UNP', 'RTX', 'DE', 'NOC', 'PWR', 'CCI', 'NEE']",21,-0.06465195608144114,down,"{""ai_enabler"": 10, ""ai_peripheral"": 10, ""core_ai"": 10}","{""ai_enabler"": [""ANET"", ""AVGO"", ""AMZN"", ""MSFT"", ""NFLX"", ""LMT"", ""KLAC"", ""NOW"", ""IBM"", ""ETN""], ""ai_peripheral"": [""LMT"", ""ETN"", ""GD"", ""UNP"", ""RTX"", ""DE"", ""NOC"", ""PWR"", ""CCI"", ""NEE""], ""core_ai"": [""AVGO"", ""MSFT"", ""AMZN"", ""ANET"", ""NFLX"", ""NVDA"", ""KLAC"", ""NOW"", ""GOOGL"", ""CSCO""]}","{""ai_enabler"": {""first_fail"": {""top_count"": 265, ""top_pct"": 0.4173, ""top_reason"": ""min_dollar_volume""}, ""layer_summary"": {""base_hard"": {""before"": 635, ""pass_rate"": 0.3732283464566929, ""remaining"": 237, ""removed"": 276}, ""quality_or_theme_hard"": {""before"": 359, ""pass_rate"": 0.6601671309192201, ""remaining"": 237, ""removed"": 122}}, ""n_filtered"": 237, ""n_input"": 635, ""n_ranked"": 71, ""near_miss"": {""reasons"": [{""count"": 15, ""layer"": ""valuation_hard"", ""pct"": 0.023622047244094488, ""reason"": ""trend_min_return_60d""}, {""count"": 2, ""layer"": ""base_hard"", ""pct"": 0.0031496062992125984, ""reason"": ""trend_min_avg_dollar_volume_20d""}, {""count"": 2, ""layer"": ""quality_or_theme_hard"", ""pct"": 0.0031496062992125984, ""reason"": ""min_current_ratio""}, {""count"": 1, ""layer"": ""quality_or_theme_hard"", ""pct"": 0.0015748031496062992, ""reason"": ""min_ai_link_score""}], ""top_count"": 15, ""top_pct"": 0.023622047244094488, ""top_reason"": ""trend_min_return_60d""}}, ""ai_peripheral"": {""first_fail"": {""top_count"": 265, ""top_pct"": 0.4173, ""top_reason"": ""min_dollar_volume""}, ""layer_summary"": {""base_hard"": {""before"": 635, ""pass_rate"": 0.1921259842519685, ""remaining"": 122, ""removed"": 391}, ""quality_or_theme_hard"": {""before"": 359, ""pass_rate"": 0.3398328690807799, ""remaining"": 122, ""removed"": 122}}, ""n_filtered"": 122, ""n_input"": 635, ""n_ranked"": 61, ""near_miss"": {""reasons"": [{""count"": 6, ""layer"": ""valuation_hard"", ""pct"": 0.009448818897637795, ""reason"": ""trend_min_return_60d""}, {""count"": 3, ""layer"": ""base_hard"", ""pct"": 0.004724409448818898, ""reason"": ""channel_bucket_match""}, {""count"": 2, ""layer"": ""valuation_hard"", ""pct"": 0.0031496062992125984, ""reason"": ""max_ps_hist_percentile""}, {""count"": 1, ""layer"": ""quality_or_theme_hard"", ""pct"": 0.0015748031496062992, ""reason"": ""min_current_ratio""}, {""count"": 1, ""layer"": ""quality_or_theme_hard"", ""pct"": 0.0015748031496062992, ""reason"": ""min_ai_link_score""}], ""top_count"": 6, ""top_pct"": 0.009448818897637795, ""top_reason"": ""trend_min_return_60d""}}, ""core_ai"": {""first_fail"": {""top_count"": 265, ""top_pct"": 0.4173, ""top_reason"": ""min_dollar_volume""}, ""layer_summary"": {""base_hard"": {""before"": 635, ""pass_rate"": 0.12598425196850394, ""remaining"": 80, ""removed"": 433}, ""quality_or_theme_hard"": {""before"": 359, ""pass_rate"": 0.22284122562674094, ""remaining"": 80, ""removed"": 122}}, ""n_filtered"": 80, ""n_input"": 635, ""n_ranked"": 23, ""near_miss"": {""reasons"": [{""count"": 4, ""layer"": ""valuation_hard"", ""pct"": 0.006299212598425197, ""reason"": ""trend_min_return_60d""}, {""count"": 1, ""layer"": ""quality_or_theme_hard"", ""pct"": 0.0015748031496062992, ""reason"": ""max_ev_to_ebit""}, {""count"": 1, ""layer"": ""base_hard"", ""pct"": 0.0015748031496062992, ""reason"": ""trend_min_avg_dollar_volume_20d""}, {""count"": 1, ""layer"": ""base_hard"", ""pct"": 0.0015748031496062992, ""reason"": ""channel_bucket_match""}], ""top_count"": 4, ""top_pct"": 0.006299212598425197, ""top_reason"": ""trend_min_return_60d""}}}",,union_superset_approx
base,replay_base_2023-10-31,2023-10-31T00:00:00+00:00,2023-10-31,momentum,"['MSFT', 'AVGO', 'AMZN', 'ANET', 'NFLX', 'KLAC', 'NOW', 'IBM', 'ORCL', 'NVDA', 'LMT', 'SRE', 'GD', 'CCI', 'RTX', 'NOC', 'NEE', 'VRT', 'UNP', 'PEG']",20,-0.06465195608144114,down,"{""ai_enabler"": 10, ""ai_peripheral"": 10, ""core_ai"": 10}","{""ai_enabler"": [""AMZN"", ""ANET"", ""AVGO"", ""NFLX"", ""MSFT"", ""LMT"", ""KLAC"", ""NOW"", ""IBM"", ""SRE""], ""ai_peripheral"": [""LMT"", ""GD"", ""CCI"", ""RTX"", ""SRE"", ""NOC"", ""NEE"", ""VRT"", ""UNP"", ""PEG""], ""core_ai"": [""MSFT"", ""AVGO"", ""AMZN"", ""ANET"", ""NFLX"", ""KLAC"", ""NOW"", ""IBM"", ""ORCL"", ""NVDA""]}","{""ai_enabler"": {""first_fail"": {""top_count"": 265, ""top_pct"": 0.4173, ""top_reason"": ""min_dollar_volume""}, ""layer_summary"": {""base_hard"": {""before"": 635, ""pass_rate"": 0.3732283464566929, ""remaining"": 237, ""removed"": 276}, ""quality_or_theme_hard"": {""before"": 359, ""pass_rate"": 0.6601671309192201, ""remaining"": 237, ""removed"": 122}}, ""n_filtered"": 237, ""n_input"": 635, ""n_ranked"": 71, ""near_miss"": {""reasons"": [{""count"": 4, ""layer"": ""valuation_hard"", ""pct"": 0.006299212598425197, ""reason"": ""momentum_min_return_60d""}, {""count"": 1, ""layer"": ""base_hard"", ""pct"": 0.0015748031496062992, ""reason"": ""momentum_min_avg_dollar_volume_20d""}], ""top_count"": 4, ""top_pct"": 0.006299212598425197, ""top_reason"": ""momentum_min_return_60d""}}, ""ai_peripheral"": {""first_fail"": {""top_count"": 265, ""top_pct"": 0.4173, ""top_reason"": ""min_dollar_volume""}, ""layer_summary"": {""base_hard"": {""before"": 635, ""pass_rate"": 0.1921259842519685, ""remaining"": 122, ""removed"": 391}, ""quality_or_theme_hard"": {""before"": 359, ""pass_rate"": 0.3398328690807799, ""remaining"": 122, ""removed"": 122}}, ""n_filtered"": 122, ""n_input"": 635, ""n_ranked"": 61, ""near_miss"": {""reasons"": [{""count"": 2, ""layer"": ""valuation_hard"", ""pct"": 0.0031496062992125984, ""reason"": ""momentum_min_return_60d""}, {""count"": 1, ""layer"": ""valuation_hard"", ""pct"": 0.0015748031496062992, ""reason"": ""max_ps_hist_percentile""}, {""count"": 1, ""layer"": ""base_hard"", ""pct"": 0.0015748031496062992, ""reason"": ""channel_bucket_match""}], ""top_count"": 2, ""top_pct"": 0.0031496062992125984, ""top_reason"": ""momentum_min_return_60d""}}, ""core_ai"": {""first_fail"": {""top_count"": 265, ""top_pct"": 0.4173, ""top_reason"": ""min_dollar_volume""}, ""layer_summary"": {""base_hard"": {""before"": 635, ""pass_rate"": 0.12598425196850394, ""remaining"": 80, ""removed"": 433}, ""quality_or_theme_hard"": {""before"": 359, ""pass_rate"": 0.22284122562674094, ""remaining"": 80, ""removed"": 122}}, ""n_filtered"": 80, ""n_input"": 635, ""n_ranked"": 23, ""near_miss"": {""reasons"": [{""count"": 1, ""layer"": ""valuation_hard"", ""pct"": 0.0015748031496062992, ""reason"": ""momentum_min_return_60d""}, {""count"": 1, ""layer"": ""base_hard"", ""pct"": 0.0015748031496062992, ""reason"": ""momentum_min_avg_dollar_volume_20d""}], ""top_count"": 1, ""top_pct"": 0.0015748031496062992, ""top_reason"": ""momentum_min_return_60d""}}}",,union_superset_approx
base,replay_base_2023-10-31,2023-10-31T00:00:00+00:00,2023-10-31,research_pool,"['CMI', 'LMT', 'EME', 'ETN', 'TT', 'MLM', 'VMC', 'EQIX', 'VRT', 'PWR', 'IESC', 'ALB', 'G', 'EXLS', 'DAL', 'SLB', 'IBP', 'KEYS', 'SSD', 'EEFT', 'ANET', 'AVGO', 'ORCL', 'LHX', 'NOW', 'CSCO', 'CRM', 'FTNT', 'DT', 'META']",30,-0.06465195608144114,down,"{""ai_enabler"": 10, ""ai_peripheral"": 10, ""core_ai"": 10}","{""ai_enabler"": [""CMI"", ""LMT"", ""EME"", ""ETN"", ""TT"", ""MLM"", ""VMC"", ""EQIX"", ""VRT"", ""PWR""], ""ai_peripheral"": [""IESC"", ""ALB"", ""G"", ""EXLS"", ""DAL"", ""SLB"", ""IBP"", ""KEYS"", ""SSD"", ""EEFT""], ""core_ai"": [""ANET"", ""AVGO"", ""ORCL"", ""LHX"", ""NOW"", ""CSCO"", ""CRM"", ""FTNT"", ""DT"", ""META""]}","{""ai_enabler"": {""n_filtered"": 85, ""n_input"": 635, ""n_ranked"": 85, ""priority_counts"": {""left_side_watch"": 5, ""research_now"": 6, ""theme_only"": 69, ""watch_for_pullback"": 5}}, ""ai_peripheral"": {""n_filtered"": 74, ""n_input"": 635, ""n_ranked"": 74, ""priority_counts"": {""left_side_watch"": 9, ""theme_only"": 65}}, ""core_ai"": {""n_filtered"": 55, ""n_input"": 635, ""n_ranked"": 55, ""priority_counts"": {""left_side_watch"": 8, ""research_now"": 4, ""theme_only"": 31, ""watch_for_pullback"": 12}}}",,union_superset_approx
base,replay_base_2023-11-30,2023-11-30T00:00:00+00:00,2023-11-30,low_value,"['AVGO', 'NOW', 'ANET', 'AMZN', 'MSFT', 'CRM', 'MPWR', 'AMD', 'PH', 'VRT', 'UNP', 'TT', 'EQIX']",13,0.03764373182509417,up,"{""ai_enabler"": 10, ""ai_peripheral"": 5, ""core_ai"": 8}","{""ai_enabler"": [""AVGO"", ""NOW"", ""ANET"", ""PH"", ""VRT"", ""AMZN"", ""UNP"", ""CRM"", ""MSFT"", ""TT""], ""ai_peripheral"": [""PH"", ""VRT"", ""UNP"", ""TT"", ""EQIX""], ""core_ai"": [""AVGO"", ""NOW"", ""ANET"", ""AMZN"", ""MSFT"", ""CRM"", ""MPWR"", ""AMD""]}","{""ai_enabler"": {""first_fail"": {""top_count"": 276, ""top_pct"": 0.4346, ""top_reason"": ""min_dollar_volume""}, ""layer_summary"": {""base_hard"": {""before"": 635, ""pass_rate"": 0.14960629921259844, ""remaining"": 95, ""removed"": 286}, ""quality_or_theme_hard"": {""before"": 184, ""pass_rate"": 0.5163043478260869, ""remaining"": 95, ""removed"": 27}, ""valuation_hard"": {""before"": 349, ""pass_rate"": 0.3495702005730659, ""remaining"": 122, ""removed"": 227}}, ""n_filtered"": 95, ""n_input"": 635, ""n_ranked"": 12, ""near_miss"": {""reasons"": [{""count"": 3, ""layer"": ""valuation_hard"", ""pct"": 0.004724409448818898, ""reason"": ""min_return_60d""}, {""count"": 1, ""layer"": ""valuation_hard"", ""pct"": 0.0015748031496062992, ""reason"": ""min_drawdown_percentile""}, {""count"": 1, ""layer"": ""base_hard"", ""pct"": 0.0015748031496062992, ""reason"": ""min_avg_dollar_volume_20d""}], ""top_count"": 3, ""top_pct"": 0.004724409448818898, ""top_reason"": ""min_return_60d""}}, ""ai_peripheral"": {""first_fail"": {""top_count"": 276, ""top_pct"": 0.4346, ""top_reason"": ""min_dollar_volume""}, ""layer_summary"": {""base_hard"": {""before"": 635, ""pass_rate"": 0.05826771653543307, ""remaining"": 37, ""removed"": 350}, ""quality_or_theme_hard"": {""before"": 192, ""pass_rate"": 0.5260416666666666, ""remaining"": 101, ""removed"": 31}, ""valuation_hard"": {""before"": 349, ""pass_rate"": 0.37822349570200575, ""remaining"": 132, ""removed"": 217}}, ""n_filtered"": 37, ""n_input"": 635, ""n_ranked"": 5, ""near_miss"": {""reasons"": [{""count"": 4, ""layer"": ""base_hard"", ""pct"": 0.006299212598425197, ""reason"": ""channel_bucket_match""}, {""count"": 1, ""layer"": ""valuation_hard"", ""pct"": 0.0015748031496062992, ""reason"": ""min_return_60d""}, {""count"": 1, ""layer"": ""quality_or_theme_hard"", ""pct"": 0.0015748031496062992, ""reason"": ""min_current_ratio""}], ""top_count"": 4, ""top_pct"": 0.006299212598425197, ""top_reason"": ""channel_bucket_match""}}, ""core_ai"": {""first_fail"": {""top_count"": 276, ""top_pct"": 0.4346, ""top_reason"": ""min_dollar_volume""}, ""layer_summary"": {""base_hard"": {""before"": 635, ""pass_rate"": 0.07244094488188976, ""remaining"": 46, ""removed"": 326}, ""quality_or_theme_hard"": {""before"": 170, ""pass_rate"": 0.5058823529411764, ""remaining"": 86, ""removed"": 22}, ""valuation_hard"": {""before"": 349, ""pass_rate"": 0.30945558739255014, ""remaining"": 108, ""removed"": 241}}, ""n_filtered"": 46, ""n_input"": 635, ""n_ranked"": 8, ""near_miss"": {""reasons"": [{""count"": 2, ""layer"": ""valuation_hard"", ""pct"": 0.0031496062992125984, ""reason"": ""min_return_60d""}], ""top_count"": 2, ""top_pct"": 0.0031496062992125984, ""top_reason"": ""min_return_60d""}}}",,union_superset_approx
base,replay_base_2023-11-30,2023-11-30T00:00:00+00:00,2023-11-30,industry_trend,"['CRM', 'NVDA', 'AVGO', 'MSFT', 'GOOGL', 'TSLA', 'AMZN', 'NFLX', 'KLAC', 'AMAT', 'CCI', 'SNOW', 'PWR', 'UNP', 'CAT', 'PH', 'CSX', 'VRT', 'ETN', 'ACN', 'BA']",21,0.03764373182509417,up,"{""ai_enabler"": 10, ""ai_peripheral"": 10, ""core_ai"": 10}","{""ai_enabler"": [""CRM"", ""NVDA"", ""AVGO"", ""TSLA"", ""NFLX"", ""CCI"", ""SNOW"", ""AMZN"", ""PWR"", ""MSFT""], ""ai_peripheral"": [""CCI"", ""PWR"", ""UNP"", ""CAT"", ""PH"", ""CSX"", ""VRT"", ""ETN"", ""ACN"", ""BA""], ""core_ai"": [""CRM"", ""NVDA"", ""AVGO"", ""MSFT"", ""GOOGL"", ""TSLA"", ""AMZN"", ""NFLX"", ""KLAC"", ""AMAT""]}","{""ai_enabler"": {""first_fail"": {""top_count"": 276, ""top_pct"": 0.4346, ""top_reason"": ""min_dollar_volume""}, ""layer_summary"": {""base_hard"": {""before"": 635, ""pass_rate"": 0.3952755905511811, ""remaining"": 251, ""removed"": 286}, ""quality_or_theme_hard"": {""before"": 349, ""pass_rate"": 0.7191977077363897, ""remaining"": 251, ""removed"": 98}}, ""n_filtered"": 251, ""n_input"": 635, ""n_ranked"": 72, ""near_miss"": {""reasons"": [{""count"": 6, ""layer"": ""base_hard"", ""pct"": 0.009448818897637795, ""reason"": ""trend_min_avg_dollar_volume_20d""}, {""count"": 5, ""layer"": ""valuation_hard"", ""pct"": 0.007874015748031496, ""reason"": ""trend_min_return_60d""}, {""count"": 2, ""layer"": ""quality_or_theme_hard"", ""pct"": 0.0031496062992125984, ""reason"": ""max_ev_to_ebit""}, {""count"": 2, ""layer"": ""valuation_hard"", ""pct"": 0.0031496062992125984, ""reason"": ""max_ps_percentile_in_sic""}, {""count"": 2, ""layer"": ""quality_or_theme_hard"", ""pct"": 0.0031496062992125984, ""reason"": ""min_ai_link_score""}], ""top_count"": 6, ""top_pct"": 0.009448818897637795, ""top_reason"": ""trend_min_avg_dollar_volume_20d""}}, ""ai_peripheral"": {""first_fail"": {""top_count"": 276, ""top_pct"": 0.4346, ""top_reason"": ""min_dollar_volume""}, ""layer_summary"": {""base_hard"": {""before"": 635, ""pass_rate"": 0.19370078740157481, ""remaining"": 123, ""removed"": 414}, ""quality_or_theme_hard"": {""before"": 349, ""pass_rate"": 0.3524355300859599, ""remaining"": 123, ""removed"": 98}}, ""n_filtered"": 123, ""n_input"": 635, ""n_ranked"": 60, ""near_miss"": {""reasons"": [{""count"": 10, ""layer"": ""base_hard"", ""pct"": 0.015748031496062992, ""reason"": ""channel_bucket_match""}, {""count"": 4, ""layer"": ""base_hard"", ""pct"": 0.006299212598425197, ""reason"": ""trend_min_avg_dollar_volume_20d""}, {""count"": 3, ""layer"": ""valuation_hard"", ""pct"": 0.004724409448818898, ""reason"": ""trend_min_return_60d""}, {""count"": 3, ""layer"": ""quality_or_theme_hard"", ""pct"": 0.004724409448818898, ""reason"": ""min_current_ratio""}, {""count"": 2, ""layer"": ""valuation_hard"", ""pct"": 0.0031496062992125984, ""reason"": ""max_ps_hist_percentile""}], ""top_count"": 10, ""top_pct"": 0.015748031496062992, ""top_reason"": ""channel_bucket_match""}}, ""core_ai"": {""first_fail"": {""top_count"": 276, ""top_pct"": 0.4346, ""top_reason"": ""min_dollar_volume""}, ""layer_summary"": {""base_hard"": {""before"": 635, ""pass_rate"": 0.13543307086614173, ""remaining"": 86, ""removed"": 451}, ""quality_or_theme_hard"": {""before"": 349, ""pass_rate"": 0.24641833810888253, ""remaining"": 86, ""removed"": 98}}, ""n_filtered"": 86, ""n_input"": 635, ""n_ranked"": 24, ""near_miss"": {""reasons"": [{""count"": 3, ""layer"": ""valuation_hard"", ""pct"": 0.004724409448818898, ""reason"": ""trend_min_return_60d""}, {""count"": 2, ""layer"": ""valuation_hard"", ""pct"": 0.0031496062992125984, ""reason"": ""max_ps_percentile_in_sic""}, {""count"": 2, ""layer"": ""base_hard"", ""pct"": 0.0031496062992125984, ""reason"": ""trend_min_avg_dollar_volume_20d""}, {""count"": 2, ""layer"": ""quality_or_theme_hard"", ""pct"": 0.0031496062992125984, ""reason"": ""min_ai_link_score""}, {""count"": 1, ""layer"": ""quality_or_theme_hard"", ""pct"": 0.0015748031496062992, ""reason"": ""min_net_income_yoy""}], ""top_count"": 3, ""top_pct"": 0.004724409448818898, ""top_reason"": ""trend_min_return_60d""}}}",,union_superset_approx
base,replay_base_2023-11-30,2023-11-30T00:00:00+00:00,2023-11-30,momentum,"['CRM', 'NVDA', 'AVGO', 'TSLA', 'DDOG', 'SNOW', 'AMZN', 'NFLX', 'KLAC', 'EXPE', 'CCI', 'PWR', 'PH', 'CAT', 'BA', 'UNP', 'D', 'CSX', 'SHW', 'NUE']",20,0.03764373182509417,up,"{""ai_enabler"": 10, ""ai_peripheral"": 10, ""core_ai"": 10}","{""ai_enabler"": [""CRM"", ""CCI"", ""TSLA"", ""PWR"", ""NVDA"", ""SNOW"", ""DDOG"", ""AVGO"", ""NFLX"", ""KLAC""], ""ai_peripheral"": [""CCI"", ""PWR"", ""PH"", ""CAT"", ""BA"", ""UNP"", ""D"", ""CSX"", ""SHW"", ""NUE""], ""core_ai"": [""CRM"", ""NVDA"", ""AVGO"", ""TSLA"", ""DDOG"", ""SNOW"", ""AMZN"", ""NFLX"", ""KLAC"", ""EXPE""]}","{""ai_enabler"": {""first_fail"": {""top_count"": 276, ""top_pct"": 0.4346, ""top_reason"": ""min_dollar_volume""}, ""layer_summary"": {""base_hard"": {""before"": 635, ""pass_rate"": 0.3952755905511811, ""remaining"": 251, ""removed"": 286}, ""quality_or_theme_hard"": {""before"": 349, ""pass_rate"": 0.7191977077363897, ""remaining"": 251, ""removed"": 98}}, ""n_filtered"": 251, ""n_input"": 635, ""n_ranked"": 72, ""near_miss"": {""reasons"": [{""count"": 10, ""layer"": ""valuation_hard"", ""pct"": 0.015748031496062992, ""reason"": ""momentum_min_return_60d""}, {""count"": 1, ""layer"": ""quality_or_theme_hard"", ""pct"": 0.0015748031496062992, ""reason"": ""max_ev_to_ebit""}, {""count"": 1, ""layer"": ""base_hard"", ""pct"": 0.0015748031496062992, ""reason"": ""momentum_min_avg_dollar_volume_20d""}], ""top_count"": 10, ""top_pct"": 0.015748031496062992, ""top_reason"": ""momentum_min_return_60d""}}, ""ai_peripheral"": {""first_fail"": {""top_count"": 276, ""top_pct"": 0.4346, ""top_reason"": ""min_dollar_volume""}, ""layer_summary"": {""base_hard"": {""before"": 635, ""pass_rate"": 0.19370078740157481, ""remaining"": 123, ""removed"": 414}, ""quality_or_theme_hard"": {""before"": 349, ""pass_rate"": 0.3524355300859599, ""remaining"": 123, ""removed"": 98}}, ""n_filtered"": 123, ""n_input"": 635, ""n_ranked"": 60, ""near_miss"": {""reasons"": [{""count"": 3, ""layer"": ""valuation_hard"", ""pct"": 0.004724409448818898, ""reason"": ""momentum_min_return_60d""}, {""count"": 2, ""layer"": ""base_hard"", ""pct"": 0.0031496062992125984, ""reason"": ""channel_bucket_match""}, {""count"": 1, ""layer"": ""quality_or_theme_hard"", ""pct"": 0.0015748031496062992, ""reason"": ""min_current_ratio""}, {""count"": 1, ""layer"": ""valuation_hard"", ""pct"": 0.0015748031496062992, ""reason"": ""max_ps_hist_percentile""}], ""top_count"": 3, ""top_pct"": 0.004724409448818898, ""top_reason"": ""momentum_min_return_60d""}}, ""core_ai"": {""first_fail"": {""top_count"": 276, ""top_pct"": 0.4346, ""top_reason"": ""min_dollar_volume""}, ""layer_summary"": {""base_hard"": {""before"": 635, ""pass_rate"": 0.13543307086614173, ""remaining"": 86, ""removed"": 451}, ""quality_or_theme_hard"": {""before"": 349, ""pass_rate"": 0.24641833810888253, ""remaining"": 86, ""removed"": 98}}, ""n_filtered"": 86, ""n_input"": 635, ""n_ranked"": 24, ""near_miss"": {""reasons"": [{""count"": 3, ""layer"": ""valuation_hard"", ""pct"": 0.004724409448818898, ""reason"": ""momentum_min_return_60d""}, {""count"": 1, ""layer"": ""quality_or_theme_hard"", ""pct"": 0.0015748031496062992, ""reason"": ""max_ev_to_ebit""}, {""count"": 1, ""layer"": ""base_hard"", ""pct"": 0.0015748031496062992, ""reason"": ""momentum_min_avg_dollar_volume_20d""}, {""count"": 1, ""layer"": ""quality_or_theme_hard"", ""pct"": 0.0015748031496062992, ""reason"": ""min_ai_link_score""}], ""top_count"": 3, ""top_pct"": 0.004724409448818898, ""top_reason"": ""momentum_min_return_60d""}}}",,union_superset_approx
base,replay_base_2023-11-30,2023-11-30T00:00:00+00:00,2023-11-30,research_pool,"['LMT', 'EME', 'JCI', 'TT', 'PH', 'HPE', 'NUE', 'VRT', 'ETN', 'PWR', 'SLB', 'IESC', 'ALB', 'GPK', 'VLO', 'DAL', 'EEFT', 'KIM', 'KEX', 'EXLS', 'ANET', 'AVGO', 'NVDA', 'ON', 'SMCI', 'CAT', 'PYPL', 'LHX', 'NOW', 'MCHP']",30,0.03764373182509417,up,"{""ai_enabler"": 10, ""ai_peripheral"": 10, ""core_ai"": 10}","{""ai_enabler"": [""LMT"", ""EME"", ""JCI"", ""TT"", ""PH"", ""HPE"", ""NUE"", ""VRT"", ""ETN"", ""PWR""], ""ai_peripheral"": [""SLB"", ""IESC"", ""ALB"", ""GPK"", ""VLO"", ""DAL"", ""EEFT"", ""KIM"", ""KEX"", ""EXLS""], ""core_ai"": [""ANET"", ""AVGO"", ""NVDA"", ""ON"", ""SMCI"", ""CAT"", ""PYPL"", ""LHX"", ""NOW"", ""MCHP""]}","{""ai_enabler"": {""n_filtered"": 95, ""n_input"": 635, ""n_ranked"": 95, ""priority_counts"": {""research_now"": 7, ""theme_only"": 81, ""watch_for_pullback"": 7}}, ""ai_peripheral"": {""n_filtered"": 66, ""n_input"": 635, ""n_ranked"": 66, ""priority_counts"": {""left_side_watch"": 1, ""theme_only"": 65}}, ""core_ai"": {""n_filtered"": 53, ""n_input"": 635, ""n_ranked"": 53, ""priority_counts"": {""left_side_watch"": 2, ""research_now"": 8, ""theme_only"": 24, ""watch_for_pullback"": 19}}}",,union_superset_approx
base,replay_base_2023-12-29,2023-12-29T00:00:00+00:00,2023-12-29,low_value,"['NVDA', 'AVGO', 'NOW', 'ANET', 'CAT', 'AMAT', 'ABNB', 'AMZN', 'CRM', 'TER', 'CHKP', 'CSX', 'PH', 'VRT', 'ACN', 'VMC', 'ETN', 'UNP', 'GD', 'LHX']",20,0.13827421327699296,up,"{""ai_enabler"": 10, ""ai_peripheral"": 10, ""core_ai"": 10}","{""ai_enabler"": [""NVDA"", ""AVGO"", ""NOW"", ""ANET"", ""ABNB"", ""CAT"", ""CHKP"", ""AMAT"", ""CSX"", ""PH""], ""ai_peripheral"": [""CAT"", ""PH"", ""CSX"", ""VRT"", ""ACN"", ""VMC"", ""ETN"", ""UNP"", ""GD"", ""LHX""], ""core_ai"": [""NVDA"", ""AVGO"", ""NOW"", ""ANET"", ""CAT"", ""AMAT"", ""ABNB"", ""AMZN"", ""CRM"", ""TER""]}","{""ai_enabler"": {""first_fail"": {""top_count"": 331, ""top_pct"": 0.5213, ""top_reason"": ""min_dollar_volume""}, ""layer_summary"": {""base_hard"": {""before"": 635, ""pass_rate"": 0.1968503937007874, ""remaining"": 125, ""removed"": 342}, ""quality_or_theme_hard"": {""before"": 194, ""pass_rate"": 0.6443298969072165, ""remaining"": 125, ""removed"": 22}, ""valuation_hard"": {""before"": 293, ""pass_rate"": 0.5017064846416383, ""remaining"": 147, ""removed"": 146}}, ""n_filtered"": 125, ""n_input"": 635, ""n_ranked"": 21, ""near_miss"": {""reasons"": [{""count"": 2, ""layer"": ""valuation_hard"", ""pct"": 0.0031496062992125984, ""reason"": ""min_drawdown_percentile""}, {""count"": 2, ""layer"": ""valuation_hard"", ""pct"": 0.0031496062992125984, ""reason"": ""min_value_discount_any""}, {""count"": 1, ""layer"": ""base_hard"", ""pct"": 0.0015748031496062992, ""reason"": ""min_avg_dollar_volume_20d""}, {""count"": 1, ""layer"": ""valuation_hard"", ""pct"": 0.0015748031496062992, ""reason"": ""max_ps_hist_percentile""}], ""top_count"": 2, ""top_pct"": 0.0031496062992125984, ""top_reason"": ""min_drawdown_percentile""}}, ""ai_peripheral"": {""first_fail"": {""top_count"": 331, ""top_pct"": 0.5213, ""top_reason"": ""min_dollar_volume""}, ""layer_summary"": {""base_hard"": {""before"": 635, ""pass_rate"": 0.08661417322834646, ""remaining"": 55, ""removed"": 420}, ""quality_or_theme_hard"": {""before"": 204, ""pass_rate"": 0.6519607843137255, ""remaining"": 133, ""removed"": 24}, ""valuation_hard"": {""before"": 293, ""pass_rate"": 0.5358361774744027, ""remaining"": 157, ""removed"": 136}}, ""n_filtered"": 55, ""n_input"": 635, ""n_ranked"": 15, ""near_miss"": {""reasons"": [{""count"": 5, ""layer"": ""base_hard"", ""pct"": 0.007874015748031496, ""reason"": ""channel_bucket_match""}, {""count"": 1, ""layer"": ""valuation_hard"", ""pct"": 0.0015748031496062992, ""reason"": ""min_range_position_52w""}, {""count"": 1, ""layer"": ""valuation_hard"", ""pct"": 0.0015748031496062992, ""reason"": ""min_drawdown_percentile""}, {""count"": 1, ""layer"": ""base_hard"", ""pct"": 0.0015748031496062992, ""reason"": ""min_avg_dollar_volume_20d""}, {""count"": 1, ""layer"": ""quality_or_theme_hard"", ""pct"": 0.0015748031496062992, ""reason"": ""min_current_ratio""}], ""top_count"": 5, ""top_pct"": 0.007874015748031496, ""top_reason"": ""channel_bucket_match""}}, ""core_ai"": {""first_fail"": {""top_count"": 331, ""top_pct"": 0.5213, ""top_reason"": ""min_dollar_volume""}, ""layer_summary"": {""base_hard"": {""before"": 635, ""pass_rate"": 0.07716535433070866, ""remaining"": 49, ""removed"": 408}, ""quality_or_theme_hard"": {""before"": 185, ""pass_rate"": 0.6216216216216216, ""remaining"": 115, ""removed"": 18}, ""valuation_hard"": {""before"": 293, ""pass_rate"": 0.4539249146757679, ""remaining"": 133, ""removed"": 160}}, ""n_filtered"": 49, ""n_input"": 635, ""n_ranked"": 10, ""near_miss"": {""reasons"": [{""count"": 1, ""layer"": ""valuation_hard"", ""pct"": 0.0015748031496062992, ""reason"": ""min_drawdown_percentile""}], ""top_count"": 1, ""top_pct"": 0.0015748031496062992, ""top_reason"": ""min_drawdown_percentile""}}}",,union_superset_approx
base,replay_base_2023-12-29,2023-12-29T00:00:00+00:00,2023-12-29,industry_trend,"['AVGO', 'NVDA', 'CAT', 'GOOGL', 'AMZN', 'META', 'MSFT', 'CSCO', 'DE', 'TSLA', 'PWR', 'GOOG', 'UNP', 'FCX', 'PH', 'ETN', 'CSX', 'LMT', 'GD']",19,0.13827421327699296,up,"{""ai_enabler"": 10, ""ai_peripheral"": 10, ""core_ai"": 10}","{""ai_enabler"": [""AVGO"", ""CAT"", ""NVDA"", ""GOOGL"", ""PWR"", ""DE"", ""AMZN"", ""CSCO"", ""META"", ""GOOG""], ""ai_peripheral"": [""CAT"", ""DE"", ""PWR"", ""UNP"", ""FCX"", ""PH"", ""ETN"", ""CSX"", ""LMT"", ""GD""], ""core_ai"": [""AVGO"", ""NVDA"", ""CAT"", ""GOOGL"", ""AMZN"", ""META"", ""MSFT"", ""CSCO"", ""DE"", ""TSLA""]}","{""ai_enabler"": {""first_fail"": {""top_count"": 331, ""top_pct"": 0.5213, ""top_reason"": ""min_dollar_volume""}, ""layer_summary"": {""base_hard"": {""before"": 635, ""pass_rate"": 0.3826771653543307, ""remaining"": 243, ""removed"": 342}, ""quality_or_theme_hard"": {""before"": 293, ""pass_rate"": 0.8293515358361775, ""remaining"": 243, ""removed"": 50}}, ""n_filtered"": 243, ""n_input"": 635, ""n_ranked"": 74, ""near_miss"": {""reasons"": [{""count"": 5, ""layer"": ""base_hard"", ""pct"": 0.007874015748031496, ""reason"": ""trend_min_avg_dollar_volume_20d""}, {""count"": 3, ""layer"": ""valuation_hard"", ""pct"": 0.004724409448818898, ""reason"": ""max_ps_hist_percentile""}, {""count"": 2, ""layer"": ""quality_or_theme_hard"", ""pct"": 0.0031496062992125984, ""reason"": ""max_ev_to_ebit""}, {""count"": 2, ""layer"": ""quality_or_theme_hard"", ""pct"": 0.0031496062992125984, ""reason"": ""min_ai_link_score""}, {""count"": 1, ""layer"": ""valuation_hard"", ""pct"": 0.0015748031496062992, ""reason"": ""max_ps_percentile_in_sic""}], ""top_count"": 5, ""top_pct"": 0.007874015748031496, ""top_reason"": ""trend_min_avg_dollar_volume_20d""}}, ""ai_peripheral"": {""first_fail"": {""top_count"": 331, ""top_pct"": 0.5213, ""top_reason"": ""min_dollar_volume""}, ""layer_summary"": {""base_hard"": {""before"": 635, ""pass_rate"": 0.1858267716535433, ""remaining"": 118, ""removed"": 467}, ""quality_or_theme_hard"": {""before"": 293, ""pass_rate"": 0.40273037542662116, ""remaining"": 118, ""removed"": 50}}, ""n_filtered"": 118, ""n_input"": 635, ""n_ranked"": 58, ""near_miss"": {""reasons"": [{""count"": 9, ""layer"": ""base_hard"", ""pct"": 0.014173228346456693, ""reason"": ""channel_bucket_match""}, {""count"": 4, ""layer"": ""base_hard"", ""pct"": 0.006299212598425197, ""reason"": ""trend_min_avg_dollar_volume_20d""}, {""count"": 3, ""layer"": ""valuation_hard"", ""pct"": 0.004724409448818898, ""reason"": ""max_ps_hist_percentile""}, {""count"": 2, ""layer"": ""quality_or_theme_hard"", ""pct"": 0.0031496062992125984, ""reason"": ""min_current_ratio""}, {""count"": 1, ""layer"": ""quality_or_theme_hard"", ""pct"": 0.0015748031496062992, ""reason"": ""min_fcf_yield""}], ""top_count"": 9, ""top_pct"": 0.014173228346456693, ""top_reason"": ""channel_bucket_match""}}, ""core_ai"": {""first_fail"": {""top_count"": 331, ""top_pct"": 0.5213, ""top_reason"": ""min_dollar_volume""}, ""layer_summary"": {""base_hard"": {""before"": 635, ""pass_rate"": 0.13070866141732285, ""remaining"": 83, ""removed"": 502}, ""quality_or_theme_hard"": {""before"": 293, ""pass_rate"": 0.2832764505119454, ""remaining"": 83, ""removed"": 50}}, ""n_filtered"": 83, ""n_input"": 635, ""n_ranked"": 24, ""near_miss"": {""reasons"": [{""count"": 2, ""layer"": ""base_hard"", ""pct"": 0.0031496062992125984, ""reason"": ""trend_min_avg_dollar_volume_20d""}, {""count"": 1, ""layer"": ""quality_or_theme_hard"", ""pct"": 0.0015748031496062992, ""reason"": ""min_net_income_yoy""}, {""count"": 1, ""layer"": ""quality_or_theme_hard"", ""pct"": 0.0015748031496062992, ""reason"": ""max_ev_to_ebit""}, {""count"": 1, ""layer"": ""valuation_hard"", ""pct"": 0.0015748031496062992, ""reason"": ""trend_min_return_60d""}, {""count"": 1, ""layer"": ""quality_or_theme_hard"", ""pct"": 0.0015748031496062992, ""reason"": ""min_current_ratio""}], ""top_count"": 2, ""top_pct"": 0.0031496062992125984, ""top_reason"": ""trend_min_avg_dollar_volume_20d""}}}",,union_superset_approx
base,replay_base_2023-12-29,2023-12-29T00:00:00+00:00,2023-12-29,momentum,"['AVGO', 'CAT', 'NVDA', 'GOOGL', 'META', 'ON', 'DE', 'AMZN', 'TEAM', 'CSCO', 'PWR', 'FCX', 'UNP', 'CSX', 'ETN', 'PH', 'CRH', 'SHW']",18,0.13827421327699296,up,"{""ai_enabler"": 10, ""ai_peripheral"": 10, ""core_ai"": 10}","{""ai_enabler"": [""AVGO"", ""CAT"", ""PWR"", ""NVDA"", ""DE"", ""ON"", ""TEAM"", ""GOOGL"", ""FCX"", ""UNP""], ""ai_peripheral"": [""CAT"", ""PWR"", ""DE"", ""FCX"", ""UNP"", ""CSX"", ""ETN"", ""PH"", ""CRH"", ""SHW""], ""core_ai"": [""AVGO"", ""CAT"", ""NVDA"", ""GOOGL"", ""META"", ""ON"", ""DE"", ""AMZN"", ""TEAM"", ""CSCO""]}","{""ai_enabler"": {""first_fail"": {""top_count"": 331, ""top_pct"": 0.5213, ""top_reason"": ""min_dollar_volume""}, ""layer_summary"": {""base_hard"": {""before"": 635, ""pass_rate"": 0.3826771653543307, ""remaining"": 243, ""removed"": 342}, ""quality_or_theme_hard"": {""before"": 293, ""pass_rate"": 0.8293515358361775, ""remaining"": 243, ""removed"": 50}}, ""n_filtered"": 243, ""n_input"": 635, ""n_ranked"": 74, ""near_miss"": {""reasons"": [{""count"": 6, ""layer"": ""base_hard"", ""pct"": 0.009448818897637795, ""reason"": ""momentum_min_avg_dollar_volume_20d""}, {""count"": 3, ""layer"": ""valuation_hard"", ""pct"": 0.004724409448818898, ""reason"": ""max_ps_hist_percentile""}, {""count"": 2, ""layer"": ""valuation_hard"", ""pct"": 0.0031496062992125984, ""reason"": ""momentum_min_return_20d""}, {""count"": 2, ""layer"": ""valuation_hard"", ""pct"": 0.0031496062992125984, ""reason"": ""momentum_min_return_60d""}, {""count"": 1, ""layer"": ""quality_or_theme_hard"", ""pct"": 0.0015748031496062992, ""reason"": ""max_ev_to_ebit""}], ""top_count"": 6, ""top_pct"": 0.009448818897637795, ""top_reason"": ""momentum_min_avg_dollar_volume_20d""}}, ""ai_peripheral"": {""first_fail"": {""top_count"": 331, ""top_pct"": 0.5213, ""top_reason"": ""min_dollar_volume""}, ""layer_summary"": {""base_hard"": {""before"": 635, ""pass_rate"": 0.1858267716535433, ""remaining"": 118, ""removed"": 467}, ""quality_or_theme_hard"": {""before"": 293, ""pass_rate"": 0.40273037542662116, ""remaining"": 118, ""removed"": 50}}, ""n_filtered"": 118, ""n_input"": 635, ""n_ranked"": 58, ""near_miss"": {""reasons"": [{""count"": 5, ""layer"": ""base_hard"", ""pct"": 0.007874015748031496, ""reason"": ""channel_bucket_match""}, {""count"": 3, ""layer"": ""valuation_hard"", ""pct"": 0.004724409448818898, ""reason"": ""max_ps_hist_percentile""}, {""count"": 2, ""layer"": ""base_hard"", ""pct"": 0.0031496062992125984, ""reason"": ""momentum_min_avg_dollar_volume_20d""}, {""count"": 2, ""layer"": ""quality_or_theme_hard"", ""pct"": 0.0031496062992125984, ""reason"": ""min_current_ratio""}, {""count"": 1, ""layer"": ""valuation_hard"", ""pct"": 0.0015748031496062992, ""reason"": ""momentum_min_return_20d""}], ""top_count"": 5, ""top_pct"": 0.007874015748031496, ""top_reason"": ""channel_bucket_match""}}, ""core_ai"": {""first_fail"": {""top_count"": 331, ""top_pct"": 0.5213, ""top_reason"": ""min_dollar_volume""}, ""layer_summary"": {""base_hard"": {""before"": 635, ""pass_rate"": 0.13070866141732285, ""remaining"": 83, ""removed"": 502}, ""quality_or_theme_hard"": {""before"": 293, ""pass_rate"": 0.2832764505119454, ""remaining"": 83, ""removed"": 50}}, ""n_filtered"": 83, ""n_input"": 635, ""n_ranked"": 24, ""near_miss"": {""reasons"": [{""count"": 2, ""layer"": ""base_hard"", ""pct"": 0.0031496062992125984, ""reason"": ""momentum_min_avg_dollar_volume_20d""}, {""count"": 1, ""layer"": ""quality_or_theme_hard"", ""pct"": 0.0015748031496062992, ""reason"": ""max_ev_to_ebit""}, {""count"": 1, ""layer"": ""valuation_hard"", ""pct"": 0.0015748031496062992, ""reason"": ""momentum_min_return_60d""}, {""count"": 1, ""layer"": ""quality_or_theme_hard"", ""pct"": 0.0015748031496062992, ""reason"": ""max_shares_yoy""}, {""count"": 1, ""layer"": ""valuation_hard"", ""pct"": 0.0015748031496062992, ""reason"": ""max_ps_hist_percentile""}], ""top_count"": 2, ""top_pct"": 0.0031496062992125984, ""top_reason"": ""momentum_min_avg_dollar_volume_20d""}}}",,union_superset_approx
base,replay_base_2023-12-29,2023-12-29T00:00:00+00:00,2023-12-29,research_pool,"['LMT', 'EME', 'JCI', 'TT', 'PH', 'LEU', 'MLM', 'CSX', 'ACN', 'CHKP', 'IESC', 'GPK', 'DAL', 'ALB', 'EEFT', 'EXLS', 'SLB', 'EXP', 'G', 'KEX', 'ANET', 'CSCO', 'NVDA', 'AVGO', 'CAT', 'ON', 'PYPL', 'LHX', 'QCOM', 'NOW']",30,0.13827421327699296,up,"{""ai_enabler"": 10, ""ai_peripheral"": 10, ""core_ai"": 10}","{""ai_enabler"": [""LMT"", ""EME"", ""JCI"", ""TT"", ""PH"", ""LEU"", ""MLM"", ""CSX"", ""ACN"", ""CHKP""], ""ai_peripheral"": [""IESC"", ""GPK"", ""DAL"", ""ALB"", ""EEFT"", ""EXLS"", ""SLB"", ""EXP"", ""G"", ""KEX""], ""core_ai"": [""ANET"", ""CSCO"", ""NVDA"", ""AVGO"", ""CAT"", ""ON"", ""PYPL"", ""LHX"", ""QCOM"", ""NOW""]}","{""ai_enabler"": {""n_filtered"": 91, ""n_input"": 635, ""n_ranked"": 91, ""priority_counts"": {""research_now"": 11, ""theme_only"": 71, ""watch_for_pullback"": 9}}, ""ai_peripheral"": {""n_filtered"": 70, ""n_input"": 635, ""n_ranked"": 70, ""priority_counts"": {""theme_only"": 70}}, ""core_ai"": {""n_filtered"": 57, ""n_input"": 635, ""n_ranked"": 57, ""priority_counts"": {""left_side_watch"": 1, ""research_now"": 9, ""theme_only"": 26, ""watch_for_pullback"": 21}}}",,union_superset_approx
base,replay_base_2024-01-31,2024-01-31T00:00:00+00:00,2024-01-31,low_value,"['AVGO', 'NVDA', 'NOW', 'ANET', 'NFLX', 'MSFT', 'AMZN', 'AMAT', 'ABNB', 'PANW', 'CHKP', 'CAT', 'CSX', 'ACN', 'ETN', 'GD', 'MLM', 'TT', 'NUE', 'BAH', 'EQIX']",21,0.14713731532175967,up,"{""ai_enabler"": 10, ""ai_peripheral"": 10, ""core_ai"": 10}","{""ai_enabler"": [""AVGO"", ""NVDA"", ""NOW"", ""ANET"", ""NFLX"", ""CHKP"", ""ABNB"", ""CAT"", ""CSX"", ""AMAT""], ""ai_peripheral"": [""CAT"", ""CSX"", ""ACN"", ""ETN"", ""GD"", ""MLM"", ""TT"", ""NUE"", ""BAH"", ""EQIX""], ""core_ai"": [""AVGO"", ""NVDA"", ""NOW"", ""ANET"", ""NFLX"", ""MSFT"", ""AMZN"", ""AMAT"", ""ABNB"", ""PANW""]}","{""ai_enabler"": {""first_fail"": {""top_count"": 257, ""top_pct"": 0.4035, ""top_reason"": ""min_dollar_volume""}, ""layer_summary"": {""base_hard"": {""before"": 637, ""pass_rate"": 0.15855572998430142, ""remaining"": 101, ""removed"": 266}, ""quality_or_theme_hard"": {""before"": 206, ""pass_rate"": 0.49029126213592233, ""remaining"": 101, ""removed"": 29}, ""valuation_hard"": {""before"": 371, ""pass_rate"": 0.3504043126684636, ""remaining"": 130, ""removed"": 241}}, ""n_filtered"": 101, ""n_input"": 637, ""n_ranked"": 18, ""near_miss"": {""reasons"": [{""count"": 1, ""layer"": ""valuation_hard"", ""pct"": 0.0015698587127158557, ""reason"": ""max_price_to_sma200""}, {""count"": 1, ""layer"": ""valuation_hard"", ""pct"": 0.0015698587127158557, ""reason"": ""min_return_20d""}, {""count"": 1, ""layer"": ""valuation_hard"", ""pct"": 0.0015698587127158557, ""reason"": ""min_drawdown_percentile""}, {""count"": 1, ""layer"": ""valuation_hard"", ""pct"": 0.0015698587127158557, ""reason"": ""min_value_discount_any""}], ""top_count"": 1, ""top_pct"": 0.0015698587127158557, ""top_reason"": ""max_price_to_sma200""}}, ""ai_peripheral"": {""first_fail"": {""top_count"": 257, ""top_pct"": 0.4035, ""top_reason"": ""min_dollar_volume""}, ""layer_summary"": {""base_hard"": {""before"": 637, ""pass_rate"": 0.04866562009419152, ""remaining"": 31, ""removed"": 339}, ""quality_or_theme_hard"": {""before"": 220, ""pass_rate"": 0.4727272727272727, ""remaining"": 104, ""removed"": 31}, ""valuation_hard"": {""before"": 371, ""pass_rate"": 0.3638814016172507, ""remaining"": 135, ""removed"": 236}}, ""n_filtered"": 31, ""n_input"": 637, ""n_ranked"": 10, ""near_miss"": {""reasons"": [{""count"": 2, ""layer"": ""base_hard"", ""pct"": 0.0031397174254317113, ""reason"": ""channel_bucket_match""}, {""count"": 1, ""layer"": ""valuation_hard"", ""pct"": 0.0015698587127158557, ""reason"": ""max_ps_hist_percentile""}], ""top_count"": 2, ""top_pct"": 0.0031397174254317113, ""top_reason"": ""channel_bucket_match""}}, ""core_ai"": {""first_fail"": {""top_count"": 257, ""top_pct"": 0.4035, ""top_reason"": ""min_dollar_volume""}, ""layer_summary"": {""base_hard"": {""before"": 637, ""pass_rate"": 0.07692307692307693, ""remaining"": 49, ""removed"": 306}, ""quality_or_theme_hard"": {""before"": 191, ""pass_rate"": 0.46596858638743455, ""remaining"": 89, ""removed"": 20}, ""valuation_hard"": {""before"": 371, ""pass_rate"": 0.29380053908355797, ""remaining"": 109, ""removed"": 262}}, ""n_filtered"": 49, ""n_input"": 637, ""n_ranked"": 10, ""near_miss"": {""reasons"": [], ""top_count"": 0, ""top_pct"": 0.0, ""top_reason"": """"}}}",,union_superset_approx
base,replay_base_2024-01-31,2024-01-31T00:00:00+00:00,2024-01-31,industry_trend,"['NVDA', 'AVGO', 'MSFT', 'NFLX', 'ANET', 'GOOGL', 'META', 'IBM', 'AMZN', 'CSCO', 'CRM', 'CAT', 'CSX', 'ETN', 'PH', 'GD', 'ACN', 'UNP', 'DE', 'NUE', 'CRH']",21,0.14713731532175967,up,"{""ai_enabler"": 10, ""ai_peripheral"": 10, ""core_ai"": 10}","{""ai_enabler"": [""NVDA"", ""AVGO"", ""ANET"", ""NFLX"", ""IBM"", ""MSFT"", ""AMZN"", ""META"", ""CRM"", ""CSCO""], ""ai_peripheral"": [""CAT"", ""CSX"", ""ETN"", ""PH"", ""GD"", ""ACN"", ""UNP"", ""DE"", ""NUE"", ""CRH""], ""core_ai"": [""NVDA"", ""AVGO"", ""MSFT"", ""NFLX"", ""ANET"", ""GOOGL"", ""META"", ""IBM"", ""AMZN"", ""CSCO""]}","{""ai_enabler"": {""first_fail"": {""top_count"": 257, ""top_pct"": 0.4035, ""top_reason"": ""min_dollar_volume""}, ""layer_summary"": {""base_hard"": {""before"": 637, ""pass_rate"": 0.39089481946624804, ""remaining"": 249, ""removed"": 266}, ""quality_or_theme_hard"": {""before"": 371, ""pass_rate"": 0.6711590296495957, ""remaining"": 249, ""removed"": 122}}, ""n_filtered"": 249, ""n_input"": 637, ""n_ranked"": 76, ""near_miss"": {""reasons"": [{""count"": 4, ""layer"": ""base_hard"", ""pct"": 0.006279434850863423, ""reason"": ""trend_min_avg_dollar_volume_20d""}, {""count"": 4, ""layer"": ""valuation_hard"", ""pct"": 0.006279434850863423, ""reason"": ""max_ps_hist_percentile""}, {""count"": 1, ""layer"": ""valuation_hard"", ""pct"": 0.0015698587127158557, ""reason"": ""trend_min_return_60d""}, {""count"": 1, ""layer"": ""quality_or_theme_hard"", ""pct"": 0.0015698587127158557, ""reason"": ""max_shares_yoy""}, {""count"": 1, ""layer"": ""quality_or_theme_hard"", ""pct"": 0.0015698587127158557, ""reason"": ""min_ai_link_score""}], ""top_count"": 4, ""top_pct"": 0.006279434850863423, ""top_reason"": ""trend_min_avg_dollar_volume_20d""}}, ""ai_peripheral"": {""first_fail"": {""top_count"": 257, ""top_pct"": 0.4035, ""top_reason"": ""min_dollar_volume""}, ""layer_summary"": {""base_hard"": {""before"": 637, ""pass_rate"": 0.18838304552590268, ""remaining"": 120, ""removed"": 395}, ""quality_or_theme_hard"": {""before"": 371, ""pass_rate"": 0.32345013477088946, ""remaining"": 120, ""removed"": 122}}, ""n_filtered"": 120, ""n_input"": 637, ""n_ranked"": 61, ""near_miss"": {""reasons"": [{""count"": 10, ""layer"": ""base_hard"", ""pct"": 0.015698587127158554, ""reason"": ""channel_bucket_match""}, {""count"": 5, ""layer"": ""base_hard"", ""pct"": 0.007849293563579277, ""reason"": ""trend_min_avg_dollar_volume_20d""}, {""count"": 3, ""layer"": ""quality_or_theme_hard"", ""pct"": 0.004709576138147566, ""reason"": ""min_current_ratio""}, {""count"": 3, ""layer"": ""valuation_hard"", ""pct"": 0.004709576138147566, ""reason"": ""max_ps_hist_percentile""}, {""count"": 1, ""layer"": ""valuation_hard"", ""pct"": 0.0015698587127158557, ""reason"": ""trend_min_return_60d""}], ""top_count"": 10, ""top_pct"": 0.015698587127158554, ""top_reason"": ""channel_bucket_match""}}, ""core_ai"": {""first_fail"": {""top_count"": 257, ""top_pct"": 0.4035, ""top_reason"": ""min_dollar_volume""}, ""layer_summary"": {""base_hard"": {""before"": 637, ""pass_rate"": 0.13657770800627944, ""remaining"": 87, ""removed"": 428}, ""quality_or_theme_hard"": {""before"": 371, ""pass_rate"": 0.23450134770889489, ""remaining"": 87, ""removed"": 122}}, ""n_filtered"": 87, ""n_input"": 637, ""n_ranked"": 25, ""near_miss"": {""reasons"": [{""count"": 4, ""layer"": ""quality_or_theme_hard"", ""pct"": 0.006279434850863423, ""reason"": ""min_ai_link_score""}, {""count"": 3, ""layer"": ""base_hard"", ""pct"": 0.004709576138147566, ""reason"": ""trend_min_avg_dollar_volume_20d""}, {""count"": 1, ""layer"": ""quality_or_theme_hard"", ""pct"": 0.0015698587127158557, ""reason"": ""max_ev_to_ebit""}, {""count"": 1, ""layer"": ""valuation_hard"", ""pct"": 0.0015698587127158557, ""reason"": ""trend_min_return_60d""}, {""count"": 1, ""layer"": ""quality_or_theme_hard"", ""pct"": 0.0015698587127158557, ""reason"": ""max_shares_yoy""}], ""top_count"": 4, ""top_pct"": 0.006279434850863423, ""top_reason"": ""min_ai_link_score""}}}",,union_superset_approx
base,replay_base_2024-01-31,2024-01-31T00:00:00+00:00,2024-01-31,momentum,"['NVDA', 'NFLX', 'AVGO', 'IBM', 'MSFT', 'ANET', 'META', 'ORCL', 'ASML', 'AMZN', 'CRM', 'CAT', 'CSX', 'ETN', 'CRH', 'VRT', 'PH', 'NUE', 'ACN', 'GD', 'UNP']",21,0.14713731532175967,up,"{""ai_enabler"": 10, ""ai_peripheral"": 10, ""core_ai"": 10}","{""ai_enabler"": [""NVDA"", ""AVGO"", ""IBM"", ""NFLX"", ""ANET"", ""META"", ""CRM"", ""ORCL"", ""AMZN"", ""ASML""], ""ai_peripheral"": [""CAT"", ""CSX"", ""ETN"", ""CRH"", ""VRT"", ""PH"", ""NUE"", ""ACN"", ""GD"", ""UNP""], ""core_ai"": [""NVDA"", ""NFLX"", ""AVGO"", ""IBM"", ""MSFT"", ""ANET"", ""META"", ""ORCL"", ""ASML"", ""AMZN""]}","{""ai_enabler"": {""first_fail"": {""top_count"": 257, ""top_pct"": 0.4035, ""top_reason"": ""min_dollar_volume""}, ""layer_summary"": {""base_hard"": {""before"": 637, ""pass_rate"": 0.39089481946624804, ""remaining"": 249, ""removed"": 266}, ""quality_or_theme_hard"": {""before"": 371, ""pass_rate"": 0.6711590296495957, ""remaining"": 249, ""removed"": 122}}, ""n_filtered"": 249, ""n_input"": 637, ""n_ranked"": 76, ""near_miss"": {""reasons"": [{""count"": 2, ""layer"": ""base_hard"", ""pct"": 0.0031397174254317113, ""reason"": ""momentum_min_avg_dollar_volume_20d""}, {""count"": 2, ""layer"": ""valuation_hard"", ""pct"": 0.0031397174254317113, ""reason"": ""max_ps_hist_percentile""}, {""count"": 1, ""layer"": ""valuation_hard"", ""pct"": 0.0015698587127158557, ""reason"": ""momentum_min_return_20d""}, {""count"": 1, ""layer"": ""quality_or_theme_hard"", ""pct"": 0.0015698587127158557, ""reason"": ""max_shares_yoy""}], ""top_count"": 2, ""top_pct"": 0.0031397174254317113, ""top_reason"": ""momentum_min_avg_dollar_volume_20d""}}, ""ai_peripheral"": {""first_fail"": {""top_count"": 257, ""top_pct"": 0.4035, ""top_reason"": ""min_dollar_volume""}, ""layer_summary"": {""base_hard"": {""before"": 637, ""pass_rate"": 0.18838304552590268, ""remaining"": 120, ""removed"": 395}, ""quality_or_theme_hard"": {""before"": 371, ""pass_rate"": 0.32345013477088946, ""remaining"": 120, ""removed"": 122}}, ""n_filtered"": 120, ""n_input"": 637, ""n_ranked"": 61, ""near_miss"": {""reasons"": [{""count"": 6, ""layer"": ""base_hard"", ""pct"": 0.009419152276295133, ""reason"": ""channel_bucket_match""}, {""count"": 2, ""layer"": ""valuation_hard"", ""pct"": 0.0031397174254317113, ""reason"": ""max_ps_hist_percentile""}, {""count"": 1, ""layer"": ""valuation_hard"", ""pct"": 0.0015698587127158557, ""reason"": ""max_pe_hist_percentile""}], ""top_count"": 6, ""top_pct"": 0.009419152276295133, ""top_reason"": ""channel_bucket_match""}}, ""core_ai"": {""first_fail"": {""top_count"": 257, ""top_pct"": 0.4035, ""top_reason"": ""min_dollar_volume""}, ""layer_summary"": {""base_hard"": {""before"": 637, ""pass_rate"": 0.13657770800627944, ""remaining"": 87, ""removed"": 428}, ""quality_or_theme_hard"": {""before"": 371, ""pass_rate"": 0.23450134770889489, ""remaining"": 87, ""removed"": 122}}, ""n_filtered"": 87, ""n_input"": 637, ""n_ranked"": 25, ""near_miss"": {""reasons"": [{""count"": 1, ""layer"": ""quality_or_theme_hard"", ""pct"": 0.0015698587127158557, ""reason"": ""max_ev_to_ebit""}, {""count"": 1, ""layer"": ""base_hard"", ""pct"": 0.0015698587127158557, ""reason"": ""momentum_min_avg_dollar_volume_20d""}, {""count"": 1, ""layer"": ""quality_or_theme_hard"", ""pct"": 0.0015698587127158557, ""reason"": ""max_shares_yoy""}, {""count"": 1, ""layer"": ""quality_or_theme_hard"", ""pct"": 0.0015698587127158557, ""reason"": ""min_ai_link_score""}], ""top_count"": 1, ""top_pct"": 0.0015698587127158557, ""top_reason"": ""max_ev_to_ebit""}}}",,union_superset_approx
base,replay_base_2024-01-31,2024-01-31T00:00:00+00:00,2024-01-31,research_pool,"['JCI', 'EME', 'TT', 'LEU', 'PH', 'MLM', 'CSX', 'ETN', 'PWR', 'VMC', 'ALB', 'SLB', 'IESC', 'DAL', 'EXLS', 'KEX', 'EEFT', 'GPK', 'EXP', 'G', 'ANET', 'CSCO', 'NVDA', 'AVGO', 'ON', 'PYPL', 'CAT', 'NFLX', 'LHX', 'ORCL']",30,0.14713731532175967,up,"{""ai_enabler"": 10, ""ai_peripheral"": 10, ""core_ai"": 10}","{""ai_enabler"": [""JCI"", ""EME"", ""TT"", ""LEU"", ""PH"", ""MLM"", ""CSX"", ""ETN"", ""PWR"", ""VMC""], ""ai_peripheral"": [""ALB"", ""SLB"", ""IESC"", ""DAL"", ""EXLS"", ""KEX"", ""EEFT"", ""GPK"", ""EXP"", ""G""], ""core_ai"": [""ANET"", ""CSCO"", ""NVDA"", ""AVGO"", ""ON"", ""PYPL"", ""CAT"", ""NFLX"", ""LHX"", ""ORCL""]}","{""ai_enabler"": {""n_filtered"": 89, ""n_input"": 637, ""n_ranked"": 89, ""priority_counts"": {""research_now"": 7, ""theme_only"": 73, ""watch_for_pullback"": 9}}, ""ai_peripheral"": {""n_filtered"": 56, ""n_input"": 637, ""n_ranked"": 56, ""priority_counts"": {""left_side_watch"": 2, ""theme_only"": 54}}, ""core_ai"": {""n_filtered"": 54, ""n_input"": 637, ""n_ranked"": 54, ""priority_counts"": {""left_side_watch"": 1, ""research_now"": 11, ""theme_only"": 22, ""watch_for_pullback"": 20}}}",,union_superset_approx
base,replay_base_2024-02-29,2024-02-29T00:00:00+00:00,2024-02-29,low_value,"['AVGO', 'NVDA', 'ANET', 'NFLX', 'CAT', 'MSFT', 'ABNB', 'CRM', 'DIS', 'AMAT', 'CRH', 'PH', 'CSX', 'EME', 'ACN', 'UNP', 'ETN', 'GD', 'PWR']",19,0.1260674445441723,up,"{""ai_enabler"": 10, ""ai_peripheral"": 10, ""core_ai"": 10}","{""ai_enabler"": [""NVDA"", ""AVGO"", ""ANET"", ""NFLX"", ""CAT"", ""CRH"", ""PH"", ""ABNB"", ""CSX"", ""EME""], ""ai_peripheral"": [""CAT"", ""CRH"", ""PH"", ""EME"", ""CSX"", ""ACN"", ""UNP"", ""ETN"", ""GD"", ""PWR""], ""core_ai"": [""AVGO"", ""NVDA"", ""ANET"", ""NFLX"", ""CAT"", ""MSFT"", ""ABNB"", ""CRM"", ""DIS"", ""AMAT""]}","{""ai_enabler"": {""first_fail"": {""top_count"": 253, ""top_pct"": 0.3966, ""top_reason"": ""min_dollar_volume""}, ""layer_summary"": {""base_hard"": {""before"": 638, ""pass_rate"": 0.21003134796238246, ""remaining"": 134, ""removed"": 262}, ""quality_or_theme_hard"": {""before"": 229, ""pass_rate"": 0.5851528384279476, ""remaining"": 134, ""removed"": 41}, ""valuation_hard"": {""before"": 376, ""pass_rate"": 0.4654255319148936, ""remaining"": 175, ""removed"": 201}}, ""n_filtered"": 134, ""n_input"": 638, ""n_ranked"": 24, ""near_miss"": {""reasons"": [{""count"": 2, ""layer"": ""valuation_hard"", ""pct"": 0.003134796238244514, ""reason"": ""max_price_to_sma200""}, {""count"": 2, ""layer"": ""valuation_hard"", ""pct"": 0.003134796238244514, ""reason"": ""min_return_20d""}], ""top_count"": 2, ""top_pct"": 0.003134796238244514, ""top_reason"": ""max_price_to_sma200""}}, ""ai_peripheral"": {""first_fail"": {""top_count"": 253, ""top_pct"": 0.3966, ""top_reason"": ""min_dollar_volume""}, ""layer_summary"": {""base_hard"": {""before"": 638, ""pass_rate"": 0.10344827586206896, ""remaining"": 66, ""removed"": 332}, ""quality_or_theme_hard"": {""before"": 236, ""pass_rate"": 0.576271186440678, ""remaining"": 136, ""removed"": 42}, ""valuation_hard"": {""before"": 376, ""pass_rate"": 0.4734042553191489, ""remaining"": 178, ""removed"": 198}}, ""n_filtered"": 66, ""n_input"": 638, ""n_ranked"": 16, ""near_miss"": {""reasons"": [], ""top_count"": 0, ""top_pct"": 0.0, ""top_reason"": """"}}, ""core_ai"": {""first_fail"": {""top_count"": 253, ""top_pct"": 0.3966, ""top_reason"": ""min_dollar_volume""}, ""layer_summary"": {""base_hard"": {""before"": 638, ""pass_rate"": 0.07523510971786834, ""remaining"": 48, ""removed"": 332}, ""quality_or_theme_hard"": {""before"": 213, ""pass_rate"": 0.5539906103286385, ""remaining"": 118, ""removed"": 36}, ""valuation_hard"": {""before"": 376, ""pass_rate"": 0.4095744680851064, ""remaining"": 154, ""removed"": 222}}, ""n_filtered"": 48, ""n_input"": 638, ""n_ranked"": 11, ""near_miss"": {""reasons"": [{""count"": 1, ""layer"": ""valuation_hard"", ""pct"": 0.001567398119122257, ""reason"": ""max_price_to_sma200""}], ""top_count"": 1, ""top_pct"": 0.001567398119122257, ""top_reason"": ""max_price_to_sma200""}}}",,union_superset_approx
base,replay_base_2024-02-29,2024-02-29T00:00:00+00:00,2024-02-29,industry_trend,"['NVDA', 'AVGO', 'CRM', 'GOOGL', 'MSFT', 'NFLX', 'ANET', 'CAT', 'TSLA', 'AMAT', 'CRH', 'PWR', 'GE', 'META', 'PH', 'ETN', 'EME', 'VMC', 'VRT', 'UNP']",20,0.1260674445441723,up,"{""ai_enabler"": 10, ""ai_peripheral"": 10, ""core_ai"": 10}","{""ai_enabler"": [""NVDA"", ""AVGO"", ""CRH"", ""NFLX"", ""CRM"", ""PWR"", ""GE"", ""META"", ""PH"", ""ETN""], ""ai_peripheral"": [""CRH"", ""GE"", ""ETN"", ""PH"", ""CAT"", ""PWR"", ""EME"", ""VMC"", ""VRT"", ""UNP""], ""core_ai"": [""NVDA"", ""AVGO"", ""CRM"", ""GOOGL"", ""MSFT"", ""NFLX"", ""ANET"", ""CAT"", ""TSLA"", ""AMAT""]}","{""ai_enabler"": {""first_fail"": {""top_count"": 253, ""top_pct"": 0.3966, ""top_reason"": ""min_dollar_volume""}, ""layer_summary"": {""base_hard"": {""before"": 638, ""pass_rate"": 0.4278996865203762, ""remaining"": 273, ""removed"": 262}, ""quality_or_theme_hard"": {""before"": 376, ""pass_rate"": 0.726063829787234, ""remaining"": 273, ""removed"": 103}}, ""n_filtered"": 273, ""n_input"": 638, ""n_ranked"": 80, ""near_miss"": {""reasons"": [{""count"": 2, ""layer"": ""quality_or_theme_hard"", ""pct"": 0.003134796238244514, ""reason"": ""min_current_ratio""}, {""count"": 2, ""layer"": ""valuation_hard"", ""pct"": 0.003134796238244514, ""reason"": ""max_ps_hist_percentile""}, {""count"": 1, ""layer"": ""quality_or_theme_hard"", ""pct"": 0.001567398119122257, ""reason"": ""min_net_income_yoy""}, {""count"": 1, ""layer"": ""valuation_hard"", ""pct"": 0.001567398119122257, ""reason"": ""trend_min_return_60d""}, {""count"": 1, ""layer"": ""base_hard"", ""pct"": 0.001567398119122257, ""reason"": ""trend_min_avg_dollar_volume_20d""}], ""top_count"": 2, ""top_pct"": 0.003134796238244514, ""top_reason"": ""min_current_ratio""}}, ""ai_peripheral"": {""first_fail"": {""top_count"": 253, ""top_pct"": 0.3966, ""top_reason"": ""min_dollar_volume""}, ""layer_summary"": {""base_hard"": {""before"": 638, ""pass_rate"": 0.21003134796238246, ""remaining"": 134, ""removed"": 401}, ""quality_or_theme_hard"": {""before"": 376, ""pass_rate"": 0.35638297872340424, ""remaining"": 134, ""removed"": 103}}, ""n_filtered"": 134, ""n_input"": 638, ""n_ranked"": 65, ""near_miss"": {""reasons"": [{""count"": 9, ""layer"": ""base_hard"", ""pct"": 0.014106583072100314, ""reason"": ""channel_bucket_match""}, {""count"": 3, ""layer"": ""valuation_hard"", ""pct"": 0.004702194357366771, ""reason"": ""max_ps_hist_percentile""}, {""count"": 1, ""layer"": ""quality_or_theme_hard"", ""pct"": 0.001567398119122257, ""reason"": ""min_net_income_yoy""}], ""top_count"": 9, ""top_pct"": 0.014106583072100314, ""top_reason"": ""channel_bucket_match""}}, ""core_ai"": {""first_fail"": {""top_count"": 253, ""top_pct"": 0.3966, ""top_reason"": ""min_dollar_volume""}, ""layer_summary"": {""base_hard"": {""before"": 638, ""pass_rate"": 0.14890282131661442, ""remaining"": 95, ""removed"": 440}, ""quality_or_theme_hard"": {""before"": 376, ""pass_rate"": 0.2526595744680851, ""remaining"": 95, ""removed"": 103}}, ""n_filtered"": 95, ""n_input"": 638, ""n_ranked"": 26, ""near_miss"": {""reasons"": [{""count"": 2, ""layer"": ""quality_or_theme_hard"", ""pct"": 0.003134796238244514, ""reason"": ""min_ai_link_score""}, {""count"": 1, ""layer"": ""quality_or_theme_hard"", ""pct"": 0.001567398119122257, ""reason"": ""max_ev_to_ebit""}, {""count"": 1, ""layer"": ""base_hard"", ""pct"": 0.001567398119122257, ""reason"": ""trend_min_avg_dollar_volume_20d""}, {""count"": 1, ""layer"": ""quality_or_theme_hard"", ""pct"": 0.001567398119122257, ""reason"": ""max_shares_yoy""}, {""count"": 1, ""layer"": ""valuation_hard"", ""pct"": 0.001567398119122257, ""reason"": ""max_ps_hist_percentile""}], ""top_count"": 2, ""top_pct"": 0.003134796238244514, ""top_reason"": ""min_ai_link_score""}}}",,union_superset_approx
base,replay_base_2024-02-29,2024-02-29T00:00:00+00:00,2024-02-29,momentum,"['NVDA', 'AVGO', 'META', 'CRM', 'MSFT', 'AMAT', 'SMCI', 'TSLA', 'NFLX', 'CAT', 'PWR', 'CRH', 'EME', 'ETN', 'PH', 'GE', 'VRT', 'VMC', 'HWM']",19,0.1260674445441723,up,"{""ai_enabler"": 10, ""ai_peripheral"": 10, ""core_ai"": 10}","{""ai_enabler"": [""NVDA"", ""PWR"", ""AVGO"", ""META"", ""CRH"", ""EME"", ""ETN"", ""AMAT"", ""PH"", ""CAT""], ""ai_peripheral"": [""CRH"", ""PWR"", ""ETN"", ""GE"", ""EME"", ""PH"", ""CAT"", ""VRT"", ""VMC"", ""HWM""], ""core_ai"": [""NVDA"", ""AVGO"", ""META"", ""CRM"", ""MSFT"", ""AMAT"", ""SMCI"", ""TSLA"", ""NFLX"", ""CAT""]}","{""ai_enabler"": {""first_fail"": {""top_count"": 253, ""top_pct"": 0.3966, ""top_reason"": ""min_dollar_volume""}, ""layer_summary"": {""base_hard"": {""before"": 638, ""pass_rate"": 0.4278996865203762, ""remaining"": 273, ""removed"": 262}, ""quality_or_theme_hard"": {""before"": 376, ""pass_rate"": 0.726063829787234, ""remaining"": 273, ""removed"": 103}}, ""n_filtered"": 273, ""n_input"": 638, ""n_ranked"": 80, ""near_miss"": {""reasons"": [{""count"": 1, ""layer"": ""valuation_hard"", ""pct"": 0.001567398119122257, ""reason"": ""momentum_min_return_20d""}, {""count"": 1, ""layer"": ""quality_or_theme_hard"", ""pct"": 0.001567398119122257, ""reason"": ""min_current_ratio""}, {""count"": 1, ""layer"": ""quality_or_theme_hard"", ""pct"": 0.001567398119122257, ""reason"": ""max_shares_yoy""}, {""count"": 1, ""layer"": ""valuation_hard"", ""pct"": 0.001567398119122257, ""reason"": ""max_ps_hist_percentile""}], ""top_count"": 1, ""top_pct"": 0.001567398119122257, ""top_reason"": ""momentum_min_return_20d""}}, ""ai_peripheral"": {""first_fail"": {""top_count"": 253, ""top_pct"": 0.3966, ""top_reason"": ""min_dollar_volume""}, ""layer_summary"": {""base_hard"": {""before"": 638, ""pass_rate"": 0.21003134796238246, ""remaining"": 134, ""removed"": 401}, ""quality_or_theme_hard"": {""before"": 376, ""pass_rate"": 0.35638297872340424, ""remaining"": 134, ""removed"": 103}}, ""n_filtered"": 134, ""n_input"": 638, ""n_ranked"": 65, ""near_miss"": {""reasons"": [{""count"": 3, ""layer"": ""valuation_hard"", ""pct"": 0.004702194357366771, ""reason"": ""max_ps_hist_percentile""}, {""count"": 3, ""layer"": ""base_hard"", ""pct"": 0.004702194357366771, ""reason"": ""channel_bucket_match""}, {""count"": 1, ""layer"": ""valuation_hard"", ""pct"": 0.001567398119122257, ""reason"": ""momentum_min_return_20d""}], ""top_count"": 3, ""top_pct"": 0.004702194357366771, ""top_reason"": ""max_ps_hist_percentile""}}, ""core_ai"": {""first_fail"": {""top_count"": 253, ""top_pct"": 0.3966, ""top_reason"": ""min_dollar_volume""}, ""layer_summary"": {""base_hard"": {""before"": 638, ""pass_rate"": 0.14890282131661442, ""remaining"": 95, ""removed"": 440}, ""quality_or_theme_hard"": {""before"": 376, ""pass_rate"": 0.2526595744680851, ""remaining"": 95, ""removed"": 103}}, ""n_filtered"": 95, ""n_input"": 638, ""n_ranked"": 26, ""near_miss"": {""reasons"": [{""count"": 1, ""layer"": ""quality_or_theme_hard"", ""pct"": 0.001567398119122257, ""reason"": ""max_shares_yoy""}, {""count"": 1, ""layer"": ""quality_or_theme_hard"", ""pct"": 0.001567398119122257, ""reason"": ""min_ai_link_score""}], ""top_count"": 1, ""top_pct"": 0.001567398119122257, ""top_reason"": ""max_shares_yoy""}}}",,union_superset_approx
base,replay_base_2024-02-29,2024-02-29T00:00:00+00:00,2024-02-29,research_pool,"['ATI', 'JCI', 'EME', 'PH', 'CSX', 'TT', 'ETN', 'CRH', 'HWM', 'VMC', 'HII', 'IESC', 'UAL', 'SLB', 'EXLS', 'KEX', 'DAL', 'KIM', 'VICI', 'EEFT', 'ANET', 'NVDA', 'AVGO', 'CSCO', 'CAT', 'PYPL', 'NFLX', 'LHX', 'ORCL', 'NOW']",30,0.1260674445441723,up,"{""ai_enabler"": 10, ""ai_peripheral"": 10, ""core_ai"": 10}","{""ai_enabler"": [""ATI"", ""JCI"", ""EME"", ""PH"", ""CSX"", ""TT"", ""ETN"", ""CRH"", ""HWM"", ""VMC""], ""ai_peripheral"": [""HII"", ""IESC"", ""UAL"", ""SLB"", ""EXLS"", ""KEX"", ""DAL"", ""KIM"", ""VICI"", ""EEFT""], ""core_ai"": [""ANET"", ""NVDA"", ""AVGO"", ""CSCO"", ""CAT"", ""PYPL"", ""NFLX"", ""LHX"", ""ORCL"", ""NOW""]}","{""ai_enabler"": {""n_filtered"": 87, ""n_input"": 638, ""n_ranked"": 87, ""priority_counts"": {""research_now"": 5, ""theme_only"": 72, ""watch_for_pullback"": 10}}, ""ai_peripheral"": {""n_filtered"": 57, ""n_input"": 638, ""n_ranked"": 57, ""priority_counts"": {""research_now"": 1, ""theme_only"": 56}}, ""core_ai"": {""n_filtered"": 50, ""n_input"": 638, ""n_ranked"": 50, ""priority_counts"": {""research_now"": 9, ""theme_only"": 16, ""watch_for_pullback"": 25}}}",,union_superset_approx
base,replay_base_2024-03-29,2024-03-29T00:00:00+00:00,2024-03-29,low_value,"['NVDA', 'ORCL', 'ANET', 'GOOGL', 'GOOG', 'CAT', 'DIS', 'QCOM', 'TER', 'JCI', 'CRH', 'CHKP', 'PH', 'EME', 'RTX', 'ETN', 'GD', 'PWR', 'VMC']",19,0.10305514157973161,up,"{""ai_enabler"": 10, ""ai_peripheral"": 10, ""core_ai"": 9}","{""ai_enabler"": [""NVDA"", ""ORCL"", ""ANET"", ""GOOGL"", ""JCI"", ""CRH"", ""CHKP"", ""CAT"", ""PH"", ""EME""], ""ai_peripheral"": [""JCI"", ""CAT"", ""CRH"", ""PH"", ""EME"", ""RTX"", ""ETN"", ""GD"", ""PWR"", ""VMC""], ""core_ai"": [""NVDA"", ""ORCL"", ""ANET"", ""GOOGL"", ""GOOG"", ""CAT"", ""DIS"", ""QCOM"", ""TER""]}","{""ai_enabler"": {""first_fail"": {""top_count"": 274, ""top_pct"": 0.4281, ""top_reason"": ""min_dollar_volume""}, ""layer_summary"": {""base_hard"": {""before"": 640, ""pass_rate"": 0.1640625, ""remaining"": 105, ""removed"": 287}, ""quality_or_theme_hard"": {""before"": 231, ""pass_rate"": 0.45454545454545453, ""remaining"": 105, ""removed"": 30}, ""valuation_hard"": {""before"": 353, ""pass_rate"": 0.38243626062322944, ""remaining"": 135, ""removed"": 218}}, ""n_filtered"": 105, ""n_input"": 640, ""n_ranked"": 23, ""near_miss"": {""reasons"": [{""count"": 2, ""layer"": ""valuation_hard"", ""pct"": 0.003125, ""reason"": ""max_price_to_sma200""}, {""count"": 1, ""layer"": ""valuation_hard"", ""pct"": 0.0015625, ""reason"": ""min_range_position_52w""}, {""count"": 1, ""layer"": ""valuation_hard"", ""pct"": 0.0015625, ""reason"": ""min_return_20d""}, {""count"": 1, ""layer"": ""base_hard"", ""pct"": 0.0015625, ""reason"": ""min_avg_dollar_volume_20d""}, {""count"": 1, ""layer"": ""quality_or_theme_hard"", ""pct"": 0.0015625, ""reason"": ""min_current_ratio""}], ""top_count"": 2, ""top_pct"": 0.003125, ""top_reason"": ""max_price_to_sma200""}}, ""ai_peripheral"": {""first_fail"": {""top_count"": 274, ""top_pct"": 0.4281, ""top_reason"": ""min_dollar_volume""}, ""layer_summary"": {""base_hard"": {""before"": 640, ""pass_rate"": 0.0890625, ""remaining"": 57, ""removed"": 337}, ""quality_or_theme_hard"": {""before"": 245, ""pass_rate"": 0.43673469387755104, ""remaining"": 107, ""removed"": 33}, ""valuation_hard"": {""before"": 353, ""pass_rate"": 0.39660056657223797, ""remaining"": 140, ""removed"": 213}}, ""n_filtered"": 57, ""n_input"": 640, ""n_ranked"": 14, ""near_miss"": {""reasons"": [{""count"": 2, ""layer"": ""base_hard"", ""pct"": 0.003125, ""reason"": ""channel_bucket_match""}, {""count"": 1, ""layer"": ""valuation_hard"", ""pct"": 0.0015625, ""reason"": ""min_range_position_52w""}, {""count"": 1, ""layer"": ""valuation_hard"", ""pct"": 0.0015625, ""reason"": ""min_return_60d""}], ""top_count"": 2, ""top_pct"": 0.003125, ""top_reason"": ""channel_bucket_match""}}, ""core_ai"": {""first_fail"": {""top_count"": 274, ""top_pct"": 0.4281, ""top_reason"": ""min_dollar_volume""}, ""layer_summary"": {""base_hard"": {""before"": 640, ""pass_rate"": 0.04375, ""remaining"": 28, ""removed"": 345}, ""quality_or_theme_hard"": {""before"": 217, ""pass_rate"": 0.39631336405529954, ""remaining"": 86, ""removed"": 24}, ""valuation_hard"": {""before"": 353, ""pass_rate"": 0.311614730878187, ""remaining"": 110, ""removed"": 243}}, ""n_filtered"": 28, ""n_input"": 640, ""n_ranked"": 9, ""near_miss"": {""reasons"": [{""count"": 1, ""layer"": ""valuation_hard"", ""pct"": 0.0015625, ""reason"": ""max_price_to_sma200""}, {""count"": 1, ""layer"": ""quality_or_theme_hard"", ""pct"": 0.0015625, ""reason"": ""min_current_ratio""}], ""top_count"": 1, ""top_pct"": 0.0015625, ""top_reason"": ""max_price_to_sma200""}}}",,union_superset_approx
base,replay_base_2024-03-29,2024-03-29T00:00:00+00:00,2024-03-29,industry_trend,"['NVDA', 'GOOGL', 'ORCL', 'AVGO', 'MSFT', 'NFLX', 'CSCO', 'ANET', 'CAT', 'KLAC', 'GOOG', 'GE', 'FCX', 'DE', 'ETN', 'LMT', 'NEE', 'PYPL', 'PH', 'PWR']",20,0.10305514157973161,up,"{""ai_enabler"": 10, ""ai_peripheral"": 10, ""core_ai"": 10}","{""ai_enabler"": [""NVDA"", ""ORCL"", ""GOOGL"", ""GOOG"", ""GE"", ""FCX"", ""CAT"", ""AVGO"", ""DE"", ""ANET""], ""ai_peripheral"": [""FCX"", ""CAT"", ""DE"", ""GE"", ""ETN"", ""LMT"", ""NEE"", ""PYPL"", ""PH"", ""PWR""], ""core_ai"": [""NVDA"", ""GOOGL"", ""ORCL"", ""AVGO"", ""MSFT"", ""NFLX"", ""CSCO"", ""ANET"", ""CAT"", ""KLAC""]}","{""ai_enabler"": {""first_fail"": {""top_count"": 274, ""top_pct"": 0.4281, ""top_reason"": ""min_dollar_volume""}, ""layer_summary"": {""base_hard"": {""before"": 640, ""pass_rate"": 0.396875, ""remaining"": 254, ""removed"": 287}, ""quality_or_theme_hard"": {""before"": 353, ""pass_rate"": 0.7195467422096318, ""remaining"": 254, ""removed"": 99}}, ""n_filtered"": 254, ""n_input"": 640, ""n_ranked"": 78, ""near_miss"": {""reasons"": [{""count"": 3, ""layer"": ""valuation_hard"", ""pct"": 0.0046875, ""reason"": ""max_ps_hist_percentile""}, {""count"": 2, ""layer"": ""base_hard"", ""pct"": 0.003125, ""reason"": ""trend_min_avg_dollar_volume_20d""}, {""count"": 1, ""layer"": ""valuation_hard"", ""pct"": 0.0015625, ""reason"": ""trend_min_return_60d""}, {""count"": 1, ""layer"": ""quality_or_theme_hard"", ""pct"": 0.0015625, ""reason"": ""min_current_ratio""}, {""count"": 1, ""layer"": ""quality_or_theme_hard"", ""pct"": 0.0015625, ""reason"": ""min_ai_link_score""}], ""top_count"": 3, ""top_pct"": 0.0046875, ""top_reason"": ""max_ps_hist_percentile""}}, ""ai_peripheral"": {""first_fail"": {""top_count"": 274, ""top_pct"": 0.4281, ""top_reason"": ""min_dollar_volume""}, ""layer_summary"": {""base_hard"": {""before"": 640, ""pass_rate"": 0.1875, ""remaining"": 120, ""removed"": 421}, ""quality_or_theme_hard"": {""before"": 353, ""pass_rate"": 0.33994334277620397, ""remaining"": 120, ""removed"": 99}}, ""n_filtered"": 120, ""n_input"": 640, ""n_ranked"": 62, ""near_miss"": {""reasons"": [{""count"": 6, ""layer"": ""base_hard"", ""pct"": 0.009375, ""reason"": ""channel_bucket_match""}, {""count"": 4, ""layer"": ""valuation_hard"", ""pct"": 0.00625, ""reason"": ""max_ps_hist_percentile""}, {""count"": 1, ""layer"": ""quality_or_theme_hard"", ""pct"": 0.0015625, ""reason"": ""min_net_income_yoy""}], ""top_count"": 6, ""top_pct"": 0.009375, ""top_reason"": ""channel_bucket_match""}}, ""core_ai"": {""first_fail"": {""top_count"": 274, ""top_pct"": 0.4281, ""top_reason"": ""min_dollar_volume""}, ""layer_summary"": {""base_hard"": {""before"": 640, ""pass_rate"": 0.1390625, ""remaining"": 89, ""removed"": 452}, ""quality_or_theme_hard"": {""before"": 353, ""pass_rate"": 0.2521246458923513, ""remaining"": 89, ""removed"": 99}}, ""n_filtered"": 89, ""n_input"": 640, ""n_ranked"": 25, ""near_miss"": {""reasons"": [{""count"": 3, ""layer"": ""quality_or_theme_hard"", ""pct"": 0.0046875, ""reason"": ""min_ai_link_score""}, {""count"": 1, ""layer"": ""quality_or_theme_hard"", ""pct"": 0.0015625, ""reason"": ""max_ev_to_ebit""}, {""count"": 1, ""layer"": ""base_hard"", ""pct"": 0.0015625, ""reason"": ""trend_min_avg_dollar_volume_20d""}, {""count"": 1, ""layer"": ""quality_or_theme_hard"", ""pct"": 0.0015625, ""reason"": ""min_current_ratio""}], ""top_count"": 3, ""top_pct"": 0.0046875, ""top_reason"": ""min_ai_link_score""}}}",,union_superset_approx
base,replay_base_2024-03-29,2024-03-29T00:00:00+00:00,2024-03-29,momentum,"['NVDA', 'ORCL', 'GOOGL', 'DE', 'GOOG', 'CAT', 'AVGO', 'CSCO', 'NFLX', 'TSM', 'FCX', 'GE', 'VRT', 'ETN', 'NEE', 'PYPL', 'PWR', 'EME']",18,0.10305514157973161,up,"{""ai_enabler"": 10, ""ai_peripheral"": 10, ""core_ai"": 10}","{""ai_enabler"": [""NVDA"", ""ORCL"", ""FCX"", ""GOOGL"", ""DE"", ""CAT"", ""GOOG"", ""GE"", ""VRT"", ""ETN""], ""ai_peripheral"": [""FCX"", ""DE"", ""VRT"", ""CAT"", ""GE"", ""ETN"", ""NEE"", ""PYPL"", ""PWR"", ""EME""], ""core_ai"": [""NVDA"", ""ORCL"", ""GOOGL"", ""DE"", ""GOOG"", ""CAT"", ""AVGO"", ""CSCO"", ""NFLX"", ""TSM""]}","{""ai_enabler"": {""first_fail"": {""top_count"": 274, ""top_pct"": 0.4281, ""top_reason"": ""min_dollar_volume""}, ""layer_summary"": {""base_hard"": {""before"": 640, ""pass_rate"": 0.396875, ""remaining"": 254, ""removed"": 287}, ""quality_or_theme_hard"": {""before"": 353, ""pass_rate"": 0.7195467422096318, ""remaining"": 254, ""removed"": 99}}, ""n_filtered"": 254, ""n_input"": 640, ""n_ranked"": 78, ""near_miss"": {""reasons"": [{""count"": 3, ""layer"": ""valuation_hard"", ""pct"": 0.0046875, ""reason"": ""momentum_min_return_60d""}, {""count"": 2, ""layer"": ""valuation_hard"", ""pct"": 0.003125, ""reason"": ""momentum_min_return_20d""}, {""count"": 1, ""layer"": ""base_hard"", ""pct"": 0.0015625, ""reason"": ""momentum_min_avg_dollar_volume_20d""}, {""count"": 1, ""layer"": ""quality_or_theme_hard"", ""pct"": 0.0015625, ""reason"": ""min_current_ratio""}, {""count"": 1, ""layer"": ""valuation_hard"", ""pct"": 0.0015625, ""reason"": ""max_ps_hist_percentile""}], ""top_count"": 3, ""top_pct"": 0.0046875, ""top_reason"": ""momentum_min_return_60d""}}, ""ai_peripheral"": {""first_fail"": {""top_count"": 274, ""top_pct"": 0.4281, ""top_reason"": ""min_dollar_volume""}, ""layer_summary"": {""base_hard"": {""before"": 640, ""pass_rate"": 0.1875, ""remaining"": 120, ""removed"": 421}, ""quality_or_theme_hard"": {""before"": 353, ""pass_rate"": 0.33994334277620397, ""remaining"": 120, ""removed"": 99}}, ""n_filtered"": 120, ""n_input"": 640, ""n_ranked"": 62, ""near_miss"": {""reasons"": [{""count"": 3, ""layer"": ""valuation_hard"", ""pct"": 0.0046875, ""reason"": ""momentum_min_return_60d""}, {""count"": 3, ""layer"": ""valuation_hard"", ""pct"": 0.0046875, ""reason"": ""max_ps_hist_percentile""}, {""count"": 2, ""layer"": ""base_hard"", ""pct"": 0.003125, ""reason"": ""channel_bucket_match""}, {""count"": 1, ""layer"": ""base_hard"", ""pct"": 0.0015625, ""reason"": ""momentum_min_avg_dollar_volume_20d""}], ""top_count"": 3, ""top_pct"": 0.0046875, ""top_reason"": ""momentum_min_return_60d""}}, ""core_ai"": {""first_fail"": {""top_count"": 274, ""top_pct"": 0.4281, ""top_reason"": ""min_dollar_volume""}, ""layer_summary"": {""base_hard"": {""before"": 640, ""pass_rate"": 0.1390625, ""remaining"": 89, ""removed"": 452}, ""quality_or_theme_hard"": {""before"": 353, ""pass_rate"": 0.2521246458923513, ""remaining"": 89, ""removed"": 99}}, ""n_filtered"": 89, ""n_input"": 640, ""n_ranked"": 25, ""near_miss"": {""reasons"": [{""count"": 1, ""layer"": ""valuation_hard"", ""pct"": 0.0015625, ""reason"": ""momentum_min_return_20d""}, {""count"": 1, ""layer"": ""quality_or_theme_hard"", ""pct"": 0.0015625, ""reason"": ""min_current_ratio""}, {""count"": 1, ""layer"": ""quality_or_theme_hard"", ""pct"": 0.0015625, ""reason"": ""min_ai_link_score""}], ""top_count"": 1, ""top_pct"": 0.0015625, ""top_reason"": ""momentum_min_return_20d""}}}",,union_superset_approx
base,replay_base_2024-03-29,2024-03-29T00:00:00+00:00,2024-03-29,research_pool,"['JCI', 'EME', 'ATI', 'CRH', 'PH', 'STLD', 'CSX', 'NUE', 'TT', 'ETN', 'HII', 'IESC', 'UAL', 'SLB', 'KEX', 'DAL', 'CW', 'KIM', 'VICI', 'GPK', 'NVDA', 'ANET', 'CSCO', 'PYPL', 'CAT', 'NFLX', 'LHX', 'NOW', 'ORCL', 'GOOG']",30,0.10305514157973161,up,"{""ai_enabler"": 10, ""ai_peripheral"": 10, ""core_ai"": 10}","{""ai_enabler"": [""JCI"", ""EME"", ""ATI"", ""CRH"", ""PH"", ""STLD"", ""CSX"", ""NUE"", ""TT"", ""ETN""], ""ai_peripheral"": [""HII"", ""IESC"", ""UAL"", ""SLB"", ""KEX"", ""DAL"", ""CW"", ""KIM"", ""VICI"", ""GPK""], ""core_ai"": [""NVDA"", ""ANET"", ""CSCO"", ""PYPL"", ""CAT"", ""NFLX"", ""LHX"", ""NOW"", ""ORCL"", ""GOOG""]}","{""ai_enabler"": {""n_filtered"": 85, ""n_input"": 640, ""n_ranked"": 85, ""priority_counts"": {""research_now"": 8, ""theme_only"": 67, ""watch_for_pullback"": 10}}, ""ai_peripheral"": {""n_filtered"": 50, ""n_input"": 640, ""n_ranked"": 50, ""priority_counts"": {""research_now"": 1, ""theme_only"": 49}}, ""core_ai"": {""n_filtered"": 42, ""n_input"": 640, ""n_ranked"": 42, ""priority_counts"": {""left_side_watch"": 5, ""research_now"": 7, ""theme_only"": 15, ""watch_for_pullback"": 15}}}",,union_superset_approx
base,replay_base_2024-04-30,2024-04-30T00:00:00+00:00,2024-04-30,low_value,"['GOOGL', 'GOOG', 'MCHP', 'TXN', 'TER', 'RTX', 'HWM', 'TT', 'NOC', 'PYPL', 'LMT']",11,-0.010520919502732151,down,"{""ai_enabler"": 9, ""ai_peripheral"": 6, ""core_ai"": 5}","{""ai_enabler"": [""GOOGL"", ""GOOG"", ""RTX"", ""MCHP"", ""HWM"", ""TT"", ""NOC"", ""TXN"", ""TER""], ""ai_peripheral"": [""PYPL"", ""LMT"", ""RTX"", ""HWM"", ""TT"", ""NOC""], ""core_ai"": [""GOOGL"", ""GOOG"", ""MCHP"", ""TXN"", ""TER""]}","{""ai_enabler"": {""first_fail"": {""top_count"": 262, ""top_pct"": 0.4081, ""top_reason"": ""min_dollar_volume""}, ""layer_summary"": {""base_hard"": {""before"": 642, ""pass_rate"": 0.04984423676012461, ""remaining"": 32, ""removed"": 274}, ""quality_or_theme_hard"": {""before"": 186, ""pass_rate"": 0.17204301075268819, ""remaining"": 32, ""removed"": 15}, ""valuation_hard"": {""before"": 368, ""pass_rate"": 0.12771739130434784, ""remaining"": 47, ""removed"": 321}}, ""n_filtered"": 32, ""n_input"": 642, ""n_ranked"": 9, ""near_miss"": {""reasons"": [{""count"": 2, ""layer"": ""valuation_hard"", ""pct"": 0.003115264797507788, ""reason"": ""min_range_position_52w""}], ""top_count"": 2, ""top_pct"": 0.003115264797507788, ""top_reason"": ""min_range_position_52w""}}, ""ai_peripheral"": {""first_fail"": {""top_count"": 262, ""top_pct"": 0.4081, ""top_reason"": ""min_dollar_volume""}, ""layer_summary"": {""base_hard"": {""before"": 642, ""pass_rate"": 0.03582554517133956, ""remaining"": 23, ""removed"": 289}, ""quality_or_theme_hard"": {""before"": 210, ""pass_rate"": 0.18095238095238095, ""remaining"": 38, ""removed"": 17}, ""valuation_hard"": {""before"": 368, ""pass_rate"": 0.14945652173913043, ""remaining"": 55, ""removed"": 313}}, ""n_filtered"": 23, ""n_input"": 642, ""n_ranked"": 6, ""near_miss"": {""reasons"": [], ""top_count"": 0, ""top_pct"": 0.0, ""top_reason"": """"}}, ""core_ai"": {""first_fail"": {""top_count"": 262, ""top_pct"": 0.4081, ""top_reason"": ""min_dollar_volume""}, ""layer_summary"": {""base_hard"": {""before"": 642, ""pass_rate"": 0.01557632398753894, ""remaining"": 10, ""removed"": 292}, ""quality_or_theme_hard"": {""before"": 166, ""pass_rate"": 0.1686746987951807, ""remaining"": 28, ""removed"": 12}, ""valuation_hard"": {""before"": 368, ""pass_rate"": 0.10869565217391304, ""remaining"": 40, ""removed"": 328}}, ""n_filtered"": 10, ""n_input"": 642, ""n_ranked"": 5, ""near_miss"": {""reasons"": [], ""top_count"": 0, ""top_pct"": 0.0, ""top_reason"": """"}}}",,union_superset_approx
base,replay_base_2024-04-30,2024-04-30T00:00:00+00:00,2024-04-30,industry_trend,"['GOOGL', 'NVDA', 'AVGO', 'GOOG', 'TSLA', 'MSFT', 'CAT', 'CSCO', 'NXPI', 'AAPL', 'ETN', 'PYPL', 'LMT', 'PWR', 'FCX', 'DE', 'GEV', 'VRT', 'PH']",19,-0.010520919502732151,down,"{""ai_enabler"": 10, ""ai_peripheral"": 10, ""core_ai"": 10}","{""ai_enabler"": [""GOOGL"", ""ETN"", ""GOOG"", ""TSLA"", ""NVDA"", ""AVGO"", ""PYPL"", ""NXPI"", ""LMT"", ""PWR""], ""ai_peripheral"": [""ETN"", ""PYPL"", ""LMT"", ""FCX"", ""DE"", ""GEV"", ""PWR"", ""VRT"", ""CAT"", ""PH""], ""core_ai"": [""GOOGL"", ""NVDA"", ""AVGO"", ""GOOG"", ""TSLA"", ""MSFT"", ""CAT"", ""CSCO"", ""NXPI"", ""AAPL""]}","{""ai_enabler"": {""first_fail"": {""top_count"": 262, ""top_pct"": 0.4081, ""top_reason"": ""min_dollar_volume""}, ""layer_summary"": {""base_hard"": {""before"": 642, ""pass_rate"": 0.3862928348909657, ""remaining"": 248, ""removed"": 274}, ""quality_or_theme_hard"": {""before"": 368, ""pass_rate"": 0.6739130434782609, ""remaining"": 248, ""removed"": 120}}, ""n_filtered"": 248, ""n_input"": 642, ""n_ranked"": 79, ""near_miss"": {""reasons"": [{""count"": 5, ""layer"": ""valuation_hard"", ""pct"": 0.00778816199376947, ""reason"": ""trend_min_return_60d""}, {""count"": 3, ""layer"": ""valuation_hard"", ""pct"": 0.004672897196261682, ""reason"": ""max_ps_hist_percentile""}, {""count"": 2, ""layer"": ""base_hard"", ""pct"": 0.003115264797507788, ""reason"": ""trend_min_avg_dollar_volume_20d""}, {""count"": 2, ""layer"": ""quality_or_theme_hard"", ""pct"": 0.003115264797507788, ""reason"": ""min_current_ratio""}, {""count"": 1, ""layer"": ""quality_or_theme_hard"", ""pct"": 0.001557632398753894, ""reason"": ""min_ai_link_score""}], ""top_count"": 5, ""top_pct"": 0.00778816199376947, ""top_reason"": ""trend_min_return_60d""}}, ""ai_peripheral"": {""first_fail"": {""top_count"": 262, ""top_pct"": 0.4081, ""top_reason"": ""min_dollar_volume""}, ""layer_summary"": {""base_hard"": {""before"": 642, ""pass_rate"": 0.19314641744548286, ""remaining"": 124, ""removed"": 398}, ""quality_or_theme_hard"": {""before"": 368, ""pass_rate"": 0.33695652173913043, ""remaining"": 124, ""removed"": 120}}, ""n_filtered"": 124, ""n_input"": 642, ""n_ranked"": 62, ""near_miss"": {""reasons"": [{""count"": 5, ""layer"": ""valuation_hard"", ""pct"": 0.00778816199376947, ""reason"": ""max_ps_hist_percentile""}, {""count"": 4, ""layer"": ""base_hard"", ""pct"": 0.006230529595015576, ""reason"": ""channel_bucket_match""}, {""count"": 2, ""layer"": ""valuation_hard"", ""pct"": 0.003115264797507788, ""reason"": ""trend_min_return_60d""}, {""count"": 2, ""layer"": ""base_hard"", ""pct"": 0.003115264797507788, ""reason"": ""trend_min_avg_dollar_volume_20d""}, {""count"": 1, ""layer"": ""quality_or_theme_hard"", ""pct"": 0.001557632398753894, ""reason"": ""min_current_ratio""}], ""top_count"": 5, ""top_pct"": 0.00778816199376947, ""top_reason"": ""max_ps_hist_percentile""}}, ""core_ai"": {""first_fail"": {""top_count"": 262, ""top_pct"": 0.4081, ""top_reason"": ""min_dollar_volume""}, ""layer_summary"": {""base_hard"": {""before"": 642, ""pass_rate"": 0.13862928348909656, ""remaining"": 89, ""removed"": 433}, ""quality_or_theme_hard"": {""before"": 368, ""pass_rate"": 0.2418478260869565, ""remaining"": 89, ""removed"": 120}}, ""n_filtered"": 89, ""n_input"": 642, ""n_ranked"": 25, ""near_miss"": {""reasons"": [{""count"": 3, ""layer"": ""valuation_hard"", ""pct"": 0.004672897196261682, ""reason"": ""trend_min_return_60d""}, {""count"": 1, ""layer"": ""valuation_hard"", ""pct"": 0.001557632398753894, ""reason"": ""max_ps_hist_percentile""}], ""top_count"": 3, ""top_pct"": 0.004672897196261682, ""top_reason"": ""trend_min_return_60d""}}}",,union_superset_approx
base,replay_base_2024-04-30,2024-04-30T00:00:00+00:00,2024-04-30,momentum,"['GOOGL', 'TSLA', 'GOOG', 'NVDA', 'AVGO', 'PANW', 'PYPL', 'GEV', 'CSCO', 'AAPL', 'ETN', 'NXPI', 'PWR', 'FCX', 'VRT', 'LMT', 'TT', 'GE', 'HWM']",19,-0.010520919502732151,down,"{""ai_enabler"": 10, ""ai_peripheral"": 10, ""core_ai"": 10}","{""ai_enabler"": [""GOOGL"", ""TSLA"", ""GOOG"", ""ETN"", ""PANW"", ""PYPL"", ""NVDA"", ""NXPI"", ""AVGO"", ""PWR""], ""ai_peripheral"": [""ETN"", ""PYPL"", ""GEV"", ""FCX"", ""VRT"", ""LMT"", ""TT"", ""GE"", ""PWR"", ""HWM""], ""core_ai"": [""GOOGL"", ""TSLA"", ""GOOG"", ""NVDA"", ""AVGO"", ""PANW"", ""PYPL"", ""GEV"", ""CSCO"", ""AAPL""]}","{""ai_enabler"": {""first_fail"": {""top_count"": 262, ""top_pct"": 0.4081, ""top_reason"": ""min_dollar_volume""}, ""layer_summary"": {""base_hard"": {""before"": 642, ""pass_rate"": 0.3862928348909657, ""remaining"": 248, ""removed"": 274}, ""quality_or_theme_hard"": {""before"": 368, ""pass_rate"": 0.6739130434782609, ""remaining"": 248, ""removed"": 120}}, ""n_filtered"": 248, ""n_input"": 642, ""n_ranked"": 79, ""near_miss"": {""reasons"": [{""count"": 1, ""layer"": ""valuation_hard"", ""pct"": 0.001557632398753894, ""reason"": ""momentum_min_return_20d""}, {""count"": 1, ""layer"": ""valuation_hard"", ""pct"": 0.001557632398753894, ""reason"": ""momentum_min_return_60d""}, {""count"": 1, ""layer"": ""valuation_hard"", ""pct"": 0.001557632398753894, ""reason"": ""max_ps_hist_percentile""}], ""top_count"": 1, ""top_pct"": 0.001557632398753894, ""top_reason"": ""momentum_min_return_20d""}}, ""ai_peripheral"": {""first_fail"": {""top_count"": 262, ""top_pct"": 0.4081, ""top_reason"": ""min_dollar_volume""}, ""layer_summary"": {""base_hard"": {""before"": 642, ""pass_rate"": 0.19314641744548286, ""remaining"": 124, ""removed"": 398}, ""quality_or_theme_hard"": {""before"": 368, ""pass_rate"": 0.33695652173913043, ""remaining"": 124, ""removed"": 120}}, ""n_filtered"": 124, ""n_input"": 642, ""n_ranked"": 62, ""near_miss"": {""reasons"": [{""count"": 2, ""layer"": ""valuation_hard"", ""pct"": 0.003115264797507788, ""reason"": ""momentum_min_return_60d""}], ""top_count"": 2, ""top_pct"": 0.003115264797507788, ""top_reason"": ""momentum_min_return_60d""}}, ""core_ai"": {""first_fail"": {""top_count"": 262, ""top_pct"": 0.4081, ""top_reason"": ""min_dollar_volume""}, ""layer_summary"": {""base_hard"": {""before"": 642, ""pass_rate"": 0.13862928348909656, ""remaining"": 89, ""removed"": 433}, ""quality_or_theme_hard"": {""before"": 368, ""pass_rate"": 0.2418478260869565, ""remaining"": 89, ""removed"": 120}}, ""n_filtered"": 89, ""n_input"": 642, ""n_ranked"": 25, ""near_miss"": {""reasons"": [{""count"": 1, ""layer"": ""valuation_hard"", ""pct"": 0.001557632398753894, ""reason"": ""momentum_min_return_20d""}], ""top_count"": 1, ""top_pct"": 0.001557632398753894, ""top_reason"": ""momentum_min_return_20d""}}}",,union_superset_approx
base,replay_base_2024-04-30,2024-04-30T00:00:00+00:00,2024-04-30,research_pool,"['EME', 'LMT', 'JCI', 'ATI', 'CRH', 'PH', 'STLD', 'TT', 'QLYS', 'ETN', 'HII', 'EXLS', 'SLB', 'PLD', 'IESC', 'UAL', 'KIM', 'DAL', 'KEX', 'CW', 'CSCO', 'NVDA', 'CAT', 'PYPL', 'ZM', 'OII', 'RKLB', 'TSLA', 'GOOG', 'GOOGL']",30,-0.010520919502732151,down,"{""ai_enabler"": 10, ""ai_peripheral"": 10, ""core_ai"": 10}","{""ai_enabler"": [""EME"", ""LMT"", ""JCI"", ""ATI"", ""CRH"", ""PH"", ""STLD"", ""TT"", ""QLYS"", ""ETN""], ""ai_peripheral"": [""HII"", ""EXLS"", ""SLB"", ""PLD"", ""IESC"", ""UAL"", ""KIM"", ""DAL"", ""KEX"", ""CW""], ""core_ai"": [""CSCO"", ""NVDA"", ""CAT"", ""PYPL"", ""ZM"", ""OII"", ""RKLB"", ""TSLA"", ""GOOG"", ""GOOGL""]}","{""ai_enabler"": {""n_filtered"": 82, ""n_input"": 642, ""n_ranked"": 82, ""priority_counts"": {""left_side_watch"": 5, ""research_now"": 7, ""theme_only"": 61, ""watch_for_pullback"": 9}}, ""ai_peripheral"": {""n_filtered"": 44, ""n_input"": 642, ""n_ranked"": 44, ""priority_counts"": {""left_side_watch"": 3, ""research_now"": 1, ""theme_only"": 40}}, ""core_ai"": {""n_filtered"": 42, ""n_input"": 642, ""n_ranked"": 42, ""priority_counts"": {""left_side_watch"": 5, ""research_now"": 4, ""theme_only"": 15, ""watch_for_pullback"": 18}}}",,union_superset_approx
base,replay_base_2024-05-31,2024-05-31T00:00:00+00:00,2024-05-31,low_value,"['NVDA', 'NFLX', 'GOOGL', 'GOOG', 'NXPI', 'AAPL', 'MCHP', 'LDOS', 'TER', 'ANET', 'FCX', 'VRT', 'EME', 'ETN', 'PWR', 'GD', 'RTX', 'HWM', 'TT']",19,0.029029758920840365,up,"{""ai_enabler"": 10, ""ai_peripheral"": 9, ""core_ai"": 9}","{""ai_enabler"": [""NVDA"", ""ANET"", ""NFLX"", ""GOOGL"", ""FCX"", ""GOOG"", ""VRT"", ""EME"", ""ETN"", ""PWR""], ""ai_peripheral"": [""FCX"", ""EME"", ""VRT"", ""ETN"", ""PWR"", ""GD"", ""RTX"", ""HWM"", ""TT""], ""core_ai"": [""NVDA"", ""NFLX"", ""GOOGL"", ""GOOG"", ""NXPI"", ""AAPL"", ""MCHP"", ""LDOS"", ""TER""]}","{""ai_enabler"": {""first_fail"": {""top_count"": 261, ""top_pct"": 0.4059, ""top_reason"": ""min_dollar_volume""}, ""layer_summary"": {""base_hard"": {""before"": 643, ""pass_rate"": 0.1150855365474339, ""remaining"": 74, ""removed"": 267}, ""quality_or_theme_hard"": {""before"": 204, ""pass_rate"": 0.3627450980392157, ""remaining"": 74, ""removed"": 42}, ""valuation_hard"": {""before"": 376, ""pass_rate"": 0.30851063829787234, ""remaining"": 116, ""removed"": 260}}, ""n_filtered"": 74, ""n_input"": 643, ""n_ranked"": 18, ""near_miss"": {""reasons"": [{""count"": 1, ""layer"": ""valuation_hard"", ""pct"": 0.0015552099533437014, ""reason"": ""max_price_to_sma200""}], ""top_count"": 1, ""top_pct"": 0.0015552099533437014, ""top_reason"": ""max_price_to_sma200""}}, ""ai_peripheral"": {""first_fail"": {""top_count"": 261, ""top_pct"": 0.4059, ""top_reason"": ""min_dollar_volume""}, ""layer_summary"": {""base_hard"": {""before"": 643, ""pass_rate"": 0.05598755832037325, ""remaining"": 36, ""removed"": 310}, ""quality_or_theme_hard"": {""before"": 222, ""pass_rate"": 0.35585585585585583, ""remaining"": 79, ""removed"": 45}, ""valuation_hard"": {""before"": 376, ""pass_rate"": 0.32978723404255317, ""remaining"": 124, ""removed"": 252}}, ""n_filtered"": 36, ""n_input"": 643, ""n_ranked"": 9, ""near_miss"": {""reasons"": [{""count"": 3, ""layer"": ""base_hard"", ""pct"": 0.004665629860031105, ""reason"": ""channel_bucket_match""}, {""count"": 1, ""layer"": ""valuation_hard"", ""pct"": 0.0015552099533437014, ""reason"": ""min_return_20d""}, {""count"": 1, ""layer"": ""valuation_hard"", ""pct"": 0.0015552099533437014, ""reason"": ""min_return_60d""}], ""top_count"": 3, ""top_pct"": 0.004665629860031105, ""top_reason"": ""channel_bucket_match""}}, ""core_ai"": {""first_fail"": {""top_count"": 261, ""top_pct"": 0.4059, ""top_reason"": ""min_dollar_volume""}, ""layer_summary"": {""base_hard"": {""before"": 643, ""pass_rate"": 0.03732503888024884, ""remaining"": 24, ""removed"": 310}, ""quality_or_theme_hard"": {""before"": 184, ""pass_rate"": 0.3641304347826087, ""remaining"": 67, ""removed"": 33}, ""valuation_hard"": {""before"": 376, ""pass_rate"": 0.26595744680851063, ""remaining"": 100, ""removed"": 276}}, ""n_filtered"": 24, ""n_input"": 643, ""n_ranked"": 9, ""near_miss"": {""reasons"": [{""count"": 1, ""layer"": ""valuation_hard"", ""pct"": 0.0015552099533437014, ""reason"": ""min_return_60d""}], ""top_count"": 1, ""top_pct"": 0.0015552099533437014, ""top_reason"": ""min_return_60d""}}}",,union_superset_approx
base,replay_base_2024-05-31,2024-05-31T00:00:00+00:00,2024-05-31,industry_trend,"['NVDA', 'AVGO', 'ANET', 'NFLX', 'MSFT', 'ORCL', 'GOOGL', 'AMZN', 'CAT', 'AAPL', 'AMAT', 'CRH', 'AMT', 'ETN', 'PWR', 'GEV', 'JCI', 'EME', 'FCX', 'VRT']",20,0.029029758920840365,up,"{""ai_enabler"": 10, ""ai_peripheral"": 10, ""core_ai"": 10}","{""ai_enabler"": [""NVDA"", ""ANET"", ""NFLX"", ""AVGO"", ""ORCL"", ""GOOGL"", ""AMAT"", ""CRH"", ""AAPL"", ""MSFT""], ""ai_peripheral"": [""AMT"", ""ETN"", ""CRH"", ""PWR"", ""CAT"", ""GEV"", ""JCI"", ""EME"", ""FCX"", ""VRT""], ""core_ai"": [""NVDA"", ""AVGO"", ""ANET"", ""NFLX"", ""MSFT"", ""ORCL"", ""GOOGL"", ""AMZN"", ""CAT"", ""AAPL""]}","{""ai_enabler"": {""first_fail"": {""top_count"": 261, ""top_pct"": 0.4059, ""top_reason"": ""min_dollar_volume""}, ""layer_summary"": {""base_hard"": {""before"": 643, ""pass_rate"": 0.39346811819595645, ""remaining"": 253, ""removed"": 267}, ""quality_or_theme_hard"": {""before"": 376, ""pass_rate"": 0.6728723404255319, ""remaining"": 253, ""removed"": 123}}, ""n_filtered"": 253, ""n_input"": 643, ""n_ranked"": 79, ""near_miss"": {""reasons"": [{""count"": 3, ""layer"": ""valuation_hard"", ""pct"": 0.004665629860031105, ""reason"": ""trend_min_return_60d""}, {""count"": 3, ""layer"": ""base_hard"", ""pct"": 0.004665629860031105, ""reason"": ""trend_min_avg_dollar_volume_20d""}, {""count"": 3, ""layer"": ""valuation_hard"", ""pct"": 0.004665629860031105, ""reason"": ""max_ps_hist_percentile""}, {""count"": 2, ""layer"": ""quality_or_theme_hard"", ""pct"": 0.003110419906687403, ""reason"": ""min_ai_link_score""}, {""count"": 1, ""layer"": ""quality_or_theme_hard"", ""pct"": 0.0015552099533437014, ""reason"": ""min_current_ratio""}], ""top_count"": 3, ""top_pct"": 0.004665629860031105, ""top_reason"": ""trend_min_return_60d""}}, ""ai_peripheral"": {""first_fail"": {""top_count"": 261, ""top_pct"": 0.4059, ""top_reason"": ""min_dollar_volume""}, ""layer_summary"": {""base_hard"": {""before"": 643, ""pass_rate"": 0.18506998444790046, ""remaining"": 119, ""removed"": 401}, ""quality_or_theme_hard"": {""before"": 376, ""pass_rate"": 0.31648936170212766, ""remaining"": 119, ""removed"": 123}}, ""n_filtered"": 119, ""n_input"": 643, ""n_ranked"": 63, ""near_miss"": {""reasons"": [{""count"": 4, ""layer"": ""base_hard"", ""pct"": 0.006220839813374806, ""reason"": ""channel_bucket_match""}, {""count"": 2, ""layer"": ""valuation_hard"", ""pct"": 0.003110419906687403, ""reason"": ""max_ps_hist_percentile""}, {""count"": 1, ""layer"": ""valuation_hard"", ""pct"": 0.0015552099533437014, ""reason"": ""trend_min_return_60d""}, {""count"": 1, ""layer"": ""base_hard"", ""pct"": 0.0015552099533437014, ""reason"": ""trend_min_avg_dollar_volume_20d""}, {""count"": 1, ""layer"": ""quality_or_theme_hard"", ""pct"": 0.0015552099533437014, ""reason"": ""min_current_ratio""}], ""top_count"": 4, ""top_pct"": 0.006220839813374806, ""top_reason"": ""channel_bucket_match""}}, ""core_ai"": {""first_fail"": {""top_count"": 261, ""top_pct"": 0.4059, ""top_reason"": ""min_dollar_volume""}, ""layer_summary"": {""base_hard"": {""before"": 643, ""pass_rate"": 0.14307931570762053, ""remaining"": 92, ""removed"": 428}, ""quality_or_theme_hard"": {""before"": 376, ""pass_rate"": 0.24468085106382978, ""remaining"": 92, ""removed"": 123}}, ""n_filtered"": 92, ""n_input"": 643, ""n_ranked"": 25, ""near_miss"": {""reasons"": [{""count"": 2, ""layer"": ""valuation_hard"", ""pct"": 0.003110419906687403, ""reason"": ""trend_min_return_60d""}, {""count"": 2, ""layer"": ""quality_or_theme_hard"", ""pct"": 0.003110419906687403, ""reason"": ""min_ai_link_score""}, {""count"": 1, ""layer"": ""valuation_hard"", ""pct"": 0.0015552099533437014, ""reason"": ""max_ps_hist_percentile""}], ""top_count"": 2, ""top_pct"": 0.003110419906687403, ""top_reason"": ""trend_min_return_60d""}}}",,union_superset_approx
base,replay_base_2024-05-31,2024-05-31T00:00:00+00:00,2024-05-31,momentum,"['NVDA', 'ANET', 'AVGO', 'NFLX', 'ORCL', 'GOOGL', 'MSFT', 'AAPL', 'KLAC', 'AMAT', 'JCI', 'PWR', 'AMT', 'GEV', 'ETN', 'FCX', 'EME', 'CRH', 'HWM', 'VRT']",20,0.029029758920840365,up,"{""ai_enabler"": 10, ""ai_peripheral"": 10, ""core_ai"": 10}","{""ai_enabler"": [""NVDA"", ""ANET"", ""NFLX"", ""AVGO"", ""JCI"", ""PWR"", ""AAPL"", ""ORCL"", ""AMAT"", ""KLAC""], ""ai_peripheral"": [""AMT"", ""JCI"", ""GEV"", ""PWR"", ""ETN"", ""FCX"", ""EME"", ""CRH"", ""HWM"", ""VRT""], ""core_ai"": [""NVDA"", ""ANET"", ""AVGO"", ""NFLX"", ""ORCL"", ""GOOGL"", ""MSFT"", ""AAPL"", ""KLAC"", ""AMAT""]}","{""ai_enabler"": {""first_fail"": {""top_count"": 261, ""top_pct"": 0.4059, ""top_reason"": ""min_dollar_volume""}, ""layer_summary"": {""base_hard"": {""before"": 643, ""pass_rate"": 0.39346811819595645, ""remaining"": 253, ""removed"": 267}, ""quality_or_theme_hard"": {""before"": 376, ""pass_rate"": 0.6728723404255319, ""remaining"": 253, ""removed"": 123}}, ""n_filtered"": 253, ""n_input"": 643, ""n_ranked"": 79, ""near_miss"": {""reasons"": [{""count"": 2, ""layer"": ""valuation_hard"", ""pct"": 0.003110419906687403, ""reason"": ""momentum_min_return_60d""}, {""count"": 1, ""layer"": ""quality_or_theme_hard"", ""pct"": 0.0015552099533437014, ""reason"": ""min_ai_link_score""}], ""top_count"": 2, ""top_pct"": 0.003110419906687403, ""top_reason"": ""momentum_min_return_60d""}}, ""ai_peripheral"": {""first_fail"": {""top_count"": 261, ""top_pct"": 0.4059, ""top_reason"": ""min_dollar_volume""}, ""layer_summary"": {""base_hard"": {""before"": 643, ""pass_rate"": 0.18506998444790046, ""remaining"": 119, ""removed"": 401}, ""quality_or_theme_hard"": {""before"": 376, ""pass_rate"": 0.31648936170212766, ""remaining"": 119, ""removed"": 123}}, ""n_filtered"": 119, ""n_input"": 643, ""n_ranked"": 63, ""near_miss"": {""reasons"": [{""count"": 2, ""layer"": ""base_hard"", ""pct"": 0.003110419906687403, ""reason"": ""channel_bucket_match""}, {""count"": 1, ""layer"": ""valuation_hard"", ""pct"": 0.0015552099533437014, ""reason"": ""momentum_min_return_60d""}], ""top_count"": 2, ""top_pct"": 0.003110419906687403, ""top_reason"": ""channel_bucket_match""}}, ""core_ai"": {""first_fail"": {""top_count"": 261, ""top_pct"": 0.4059, ""top_reason"": ""min_dollar_volume""}, ""layer_summary"": {""base_hard"": {""before"": 643, ""pass_rate"": 0.14307931570762053, ""remaining"": 92, ""removed"": 428}, ""quality_or_theme_hard"": {""before"": 376, ""pass_rate"": 0.24468085106382978, ""remaining"": 92, ""removed"": 123}}, ""n_filtered"": 92, ""n_input"": 643, ""n_ranked"": 25, ""near_miss"": {""reasons"": [{""count"": 2, ""layer"": ""valuation_hard"", ""pct"": 0.003110419906687403, ""reason"": ""momentum_min_return_60d""}, {""count"": 2, ""layer"": ""quality_or_theme_hard"", ""pct"": 0.003110419906687403, ""reason"": ""min_ai_link_score""}], ""top_count"": 2, ""top_pct"": 0.003110419906687403, ""top_reason"": ""momentum_min_return_60d""}}}",,union_superset_approx
base,replay_base_2024-05-31,2024-05-31T00:00:00+00:00,2024-05-31,research_pool,"['EME', 'ATI', 'LMT', 'STLD', 'PH', 'VRT', 'ETN', 'HWM', 'PWR', 'CHKP', 'FCX', 'HII', 'EXP', 'IESC', 'EXLS', 'HEI', 'CW', 'SLB', 'VICI', 'G', 'NVDA', 'ANET', 'ZM', 'PYPL', 'NFLX', 'ORCL', 'CAT', 'PANW', 'TSLA', 'GOOG']",30,0.029029758920840365,up,"{""ai_enabler"": 10, ""ai_peripheral"": 10, ""core_ai"": 10}","{""ai_enabler"": [""EME"", ""ATI"", ""LMT"", ""STLD"", ""PH"", ""VRT"", ""ETN"", ""HWM"", ""PWR"", ""CHKP""], ""ai_peripheral"": [""FCX"", ""HII"", ""EXP"", ""IESC"", ""EXLS"", ""HEI"", ""CW"", ""SLB"", ""VICI"", ""G""], ""core_ai"": [""NVDA"", ""ANET"", ""ZM"", ""PYPL"", ""NFLX"", ""ORCL"", ""CAT"", ""PANW"", ""TSLA"", ""GOOG""]}","{""ai_enabler"": {""n_filtered"": 83, ""n_input"": 643, ""n_ranked"": 83, ""priority_counts"": {""left_side_watch"": 3, ""research_now"": 5, ""theme_only"": 65, ""watch_for_pullback"": 10}}, ""ai_peripheral"": {""n_filtered"": 52, ""n_input"": 643, ""n_ranked"": 52, ""priority_counts"": {""left_side_watch"": 1, ""research_now"": 2, ""theme_only"": 49}}, ""core_ai"": {""n_filtered"": 43, ""n_input"": 643, ""n_ranked"": 43, ""priority_counts"": {""left_side_watch"": 3, ""research_now"": 7, ""theme_only"": 17, ""watch_for_pullback"": 16}}}",,union_superset_approx
base,replay_base_2024-06-28,2024-06-28T00:00:00+00:00,2024-06-28,low_value,"['NVDA', 'ANET', 'NFLX', 'AMZN', 'ORCL', 'GOOGL', 'GOOG', 'PANW', 'AMAT', 'TER', 'MPWR']",11,0.0836255061186637,up,"{""ai_enabler"": 10, ""ai_peripheral"": 0, ""core_ai"": 10}","{""ai_enabler"": [""NVDA"", ""NFLX"", ""ANET"", ""AMZN"", ""ORCL"", ""GOOGL"", ""GOOG"", ""PANW"", ""AMAT"", ""MPWR""], ""ai_peripheral"": [], ""core_ai"": [""NVDA"", ""ANET"", ""NFLX"", ""AMZN"", ""ORCL"", ""GOOGL"", ""GOOG"", ""PANW"", ""AMAT"", ""TER""]}","{""ai_enabler"": {""first_fail"": {""top_count"": 238, ""top_pct"": 0.3684, ""top_reason"": ""min_dollar_volume""}, ""layer_summary"": {""base_hard"": {""before"": 646, ""pass_rate"": 0.08513931888544891, ""remaining"": 55, ""removed"": 246}, ""quality_or_theme_hard"": {""before"": 206, ""pass_rate"": 0.2669902912621359, ""remaining"": 55, ""removed"": 21}, ""valuation_hard"": {""before"": 400, ""pass_rate"": 0.19, ""remaining"": 76, ""removed"": 324}}, ""n_filtered"": 55, ""n_input"": 646, ""n_ranked"": 11, ""near_miss"": {""reasons"": [{""count"": 1, ""layer"": ""valuation_hard"", ""pct"": 0.0015479876160990713, ""reason"": ""max_price_to_sma200""}], ""top_count"": 1, ""top_pct"": 0.0015479876160990713, ""top_reason"": ""max_price_to_sma200""}}, ""ai_peripheral"": {""first_fail"": {""top_count"": 238, ""top_pct"": 0.3684, ""top_reason"": ""min_dollar_volume""}, ""layer_summary"": {""base_hard"": {""before"": 646, ""pass_rate"": 0.02476780185758514, ""remaining"": 16, ""removed"": 290}, ""quality_or_theme_hard"": {""before"": 228, ""pass_rate"": 0.2631578947368421, ""remaining"": 60, ""removed"": 25}, ""valuation_hard"": {""before"": 400, ""pass_rate"": 0.2125, ""remaining"": 85, ""removed"": 315}}, ""n_filtered"": 16, ""n_input"": 646, ""n_ranked"": 0, ""near_miss"": {""reasons"": [{""count"": 1, ""layer"": ""base_hard"", ""pct"": 0.0015479876160990713, ""reason"": ""min_avg_dollar_volume_20d""}, {""count"": 1, ""layer"": ""base_hard"", ""pct"": 0.0015479876160990713, ""reason"": ""channel_bucket_match""}], ""top_count"": 1, ""top_pct"": 0.0015479876160990713, ""top_reason"": ""min_avg_dollar_volume_20d""}}, ""core_ai"": {""first_fail"": {""top_count"": 238, ""top_pct"": 0.3684, ""top_reason"": ""min_dollar_volume""}, ""layer_summary"": {""base_hard"": {""before"": 646, ""pass_rate"": 0.043343653250773995, ""remaining"": 28, ""removed"": 267}, ""quality_or_theme_hard"": {""before"": 184, ""pass_rate"": 0.266304347826087, ""remaining"": 49, ""removed"": 18}, ""valuation_hard"": {""before"": 400, ""pass_rate"": 0.1675, ""remaining"": 67, ""removed"": 333}}, ""n_filtered"": 28, ""n_input"": 646, ""n_ranked"": 11, ""near_miss"": {""reasons"": [], ""top_count"": 0, ""top_pct"": 0.0, ""top_reason"": """"}}}",,union_superset_approx
base,replay_base_2024-06-28,2024-06-28T00:00:00+00:00,2024-06-28,industry_trend,"['ORCL', 'AVGO', 'NVDA', 'CRM', 'AMZN', 'ANET', 'MSFT', 'TSLA', 'LRCX', 'NFLX', 'NOW', 'LMT', 'DE', 'CAT', 'AMT', 'UNP', 'ACN', 'ETN', 'PH', 'CRH', 'GEV']",21,0.0836255061186637,up,"{""ai_enabler"": 10, ""ai_peripheral"": 10, ""core_ai"": 10}","{""ai_enabler"": [""ORCL"", ""ANET"", ""CRM"", ""NVDA"", ""AMZN"", ""AVGO"", ""NOW"", ""NFLX"", ""TSLA"", ""LRCX""], ""ai_peripheral"": [""LMT"", ""DE"", ""CAT"", ""AMT"", ""UNP"", ""ACN"", ""ETN"", ""PH"", ""CRH"", ""GEV""], ""core_ai"": [""ORCL"", ""AVGO"", ""NVDA"", ""CRM"", ""AMZN"", ""ANET"", ""MSFT"", ""TSLA"", ""LRCX"", ""NFLX""]}","{""ai_enabler"": {""first_fail"": {""top_count"": 238, ""top_pct"": 0.3684, ""top_reason"": ""min_dollar_volume""}, ""layer_summary"": {""base_hard"": {""before"": 646, ""pass_rate"": 0.37770897832817335, ""remaining"": 244, ""removed"": 246}, ""quality_or_theme_hard"": {""before"": 400, ""pass_rate"": 0.61, ""remaining"": 244, ""removed"": 156}}, ""n_filtered"": 244, ""n_input"": 646, ""n_ranked"": 76, ""near_miss"": {""reasons"": [{""count"": 5, ""layer"": ""valuation_hard"", ""pct"": 0.007739938080495356, ""reason"": ""trend_min_return_60d""}, {""count"": 4, ""layer"": ""valuation_hard"", ""pct"": 0.006191950464396285, ""reason"": ""max_ps_hist_percentile""}, {""count"": 1, ""layer"": ""quality_or_theme_hard"", ""pct"": 0.0015479876160990713, ""reason"": ""max_ev_to_ebit""}, {""count"": 1, ""layer"": ""base_hard"", ""pct"": 0.0015479876160990713, ""reason"": ""trend_min_avg_dollar_volume_20d""}, {""count"": 1, ""layer"": ""quality_or_theme_hard"", ""pct"": 0.0015479876160990713, ""reason"": ""min_current_ratio""}], ""top_count"": 5, ""top_pct"": 0.007739938080495356, ""top_reason"": ""trend_min_return_60d""}}, ""ai_peripheral"": {""first_fail"": {""top_count"": 238, ""top_pct"": 0.3684, ""top_reason"": ""min_dollar_volume""}, ""layer_summary"": {""base_hard"": {""before"": 646, ""pass_rate"": 0.18111455108359134, ""remaining"": 117, ""removed"": 373}, ""quality_or_theme_hard"": {""before"": 400, ""pass_rate"": 0.2925, ""remaining"": 117, ""removed"": 156}}, ""n_filtered"": 117, ""n_input"": 646, ""n_ranked"": 61, ""near_miss"": {""reasons"": [{""count"": 5, ""layer"": ""valuation_hard"", ""pct"": 0.007739938080495356, ""reason"": ""trend_min_return_60d""}, {""count"": 5, ""layer"": ""base_hard"", ""pct"": 0.007739938080495356, ""reason"": ""channel_bucket_match""}, {""count"": 3, ""layer"": ""valuation_hard"", ""pct"": 0.0046439628482972135, ""reason"": ""max_ps_hist_percentile""}, {""count"": 2, ""layer"": ""quality_or_theme_hard"", ""pct"": 0.0030959752321981426, ""reason"": ""min_net_income_yoy""}, {""count"": 1, ""layer"": ""base_hard"", ""pct"": 0.0015479876160990713, ""reason"": ""trend_min_avg_dollar_volume_20d""}], ""top_count"": 5, ""top_pct"": 0.007739938080495356, ""top_reason"": ""trend_min_return_60d""}}, ""core_ai"": {""first_fail"": {""top_count"": 238, ""top_pct"": 0.3684, ""top_reason"": ""min_dollar_volume""}, ""layer_summary"": {""base_hard"": {""before"": 646, ""pass_rate"": 0.13777089783281735, ""remaining"": 89, ""removed"": 401}, ""quality_or_theme_hard"": {""before"": 400, ""pass_rate"": 0.2225, ""remaining"": 89, ""removed"": 156}}, ""n_filtered"": 89, ""n_input"": 646, ""n_ranked"": 25, ""near_miss"": {""reasons"": [{""count"": 2, ""layer"": ""quality_or_theme_hard"", ""pct"": 0.0030959752321981426, ""reason"": ""min_ai_link_score""}], ""top_count"": 2, ""top_pct"": 0.0030959752321981426, ""top_reason"": ""min_ai_link_score""}}}",,union_superset_approx
base,replay_base_2024-06-28,2024-06-28T00:00:00+00:00,2024-06-28,momentum,"['ORCL', 'AVGO', 'CRM', 'NVDA', 'ANET', 'NOW', 'AMZN', 'TSLA', 'PANW', 'LRCX', 'DE', 'AMT', 'ACN', 'LMT', 'CAT', 'BA', 'UNP', 'CSX', 'WMB', 'BKR']",20,0.0836255061186637,up,"{""ai_enabler"": 10, ""ai_peripheral"": 10, ""core_ai"": 10}","{""ai_enabler"": [""CRM"", ""ORCL"", ""AVGO"", ""ANET"", ""NVDA"", ""AMZN"", ""NOW"", ""TSLA"", ""PANW"", ""LRCX""], ""ai_peripheral"": [""DE"", ""AMT"", ""ACN"", ""LMT"", ""CAT"", ""BA"", ""UNP"", ""CSX"", ""WMB"", ""BKR""], ""core_ai"": [""ORCL"", ""AVGO"", ""CRM"", ""NVDA"", ""ANET"", ""NOW"", ""AMZN"", ""TSLA"", ""PANW"", ""LRCX""]}","{""ai_enabler"": {""first_fail"": {""top_count"": 238, ""top_pct"": 0.3684, ""top_reason"": ""min_dollar_volume""}, ""layer_summary"": {""base_hard"": {""before"": 646, ""pass_rate"": 0.37770897832817335, ""remaining"": 244, ""removed"": 246}, ""quality_or_theme_hard"": {""before"": 400, ""pass_rate"": 0.61, ""remaining"": 244, ""removed"": 156}}, ""n_filtered"": 244, ""n_input"": 646, ""n_ranked"": 76, ""near_miss"": {""reasons"": [{""count"": 2, ""layer"": ""valuation_hard"", ""pct"": 0.0030959752321981426, ""reason"": ""momentum_min_return_60d""}], ""top_count"": 2, ""top_pct"": 0.0030959752321981426, ""top_reason"": ""momentum_min_return_60d""}}, ""ai_peripheral"": {""first_fail"": {""top_count"": 238, ""top_pct"": 0.3684, ""top_reason"": ""min_dollar_volume""}, ""layer_summary"": {""base_hard"": {""before"": 646, ""pass_rate"": 0.18111455108359134, ""remaining"": 117, ""removed"": 373}, ""quality_or_theme_hard"": {""before"": 400, ""pass_rate"": 0.2925, ""remaining"": 117, ""removed"": 156}}, ""n_filtered"": 117, ""n_input"": 646, ""n_ranked"": 61, ""near_miss"": {""reasons"": [{""count"": 2, ""layer"": ""base_hard"", ""pct"": 0.0030959752321981426, ""reason"": ""channel_bucket_match""}], ""top_count"": 2, ""top_pct"": 0.0030959752321981426, ""top_reason"": ""channel_bucket_match""}}, ""core_ai"": {""first_fail"": {""top_count"": 238, ""top_pct"": 0.3684, ""top_reason"": ""min_dollar_volume""}, ""layer_summary"": {""base_hard"": {""before"": 646, ""pass_rate"": 0.13777089783281735, ""remaining"": 89, ""removed"": 401}, ""quality_or_theme_hard"": {""before"": 400, ""pass_rate"": 0.2225, ""remaining"": 89, ""removed"": 156}}, ""n_filtered"": 89, ""n_input"": 646, ""n_ranked"": 25, ""near_miss"": {""reasons"": [{""count"": 2, ""layer"": ""valuation_hard"", ""pct"": 0.0030959752321981426, ""reason"": ""momentum_min_return_60d""}, {""count"": 1, ""layer"": ""quality_or_theme_hard"", ""pct"": 0.0015479876160990713, ""reason"": ""min_ai_link_score""}], ""top_count"": 2, ""top_pct"": 0.0030959752321981426, ""top_reason"": ""momentum_min_return_60d""}}}",,union_superset_approx
base,replay_base_2024-06-28,2024-06-28T00:00:00+00:00,2024-06-28,research_pool,"['EME', 'LMT', 'ATI', 'PH', 'STLD', 'AKAM', 'QLYS', 'TT', 'VMC', 'VRT', 'HII', 'FCX', 'EEFT', 'EXP', 'IESC', 'UAL', 'EXLS', 'SLB', 'VICI', 'G', 'NVDA', 'ZM', 'NFLX', 'CAT', 'ANET', 'NOW', 'PANW', 'GOOG', 'GOOGL', 'CRM']",30,0.0836255061186637,up,"{""ai_enabler"": 10, ""ai_peripheral"": 10, ""core_ai"": 10}","{""ai_enabler"": [""EME"", ""LMT"", ""ATI"", ""PH"", ""STLD"", ""AKAM"", ""QLYS"", ""TT"", ""VMC"", ""VRT""], ""ai_peripheral"": [""HII"", ""FCX"", ""EEFT"", ""EXP"", ""IESC"", ""UAL"", ""EXLS"", ""SLB"", ""VICI"", ""G""], ""core_ai"": [""NVDA"", ""ZM"", ""NFLX"", ""CAT"", ""ANET"", ""NOW"", ""PANW"", ""GOOG"", ""GOOGL"", ""CRM""]}","{""ai_enabler"": {""n_filtered"": 79, ""n_input"": 646, ""n_ranked"": 79, ""priority_counts"": {""left_side_watch"": 2, ""research_now"": 5, ""theme_only"": 63, ""watch_for_pullback"": 9}}, ""ai_peripheral"": {""n_filtered"": 48, ""n_input"": 646, ""n_ranked"": 48, ""priority_counts"": {""left_side_watch"": 3, ""research_now"": 1, ""theme_only"": 44}}, ""core_ai"": {""n_filtered"": 44, ""n_input"": 646, ""n_ranked"": 44, ""priority_counts"": {""left_side_watch"": 1, ""research_now"": 4, ""theme_only"": 18, ""watch_for_pullback"": 21}}}",,union_superset_approx
base,replay_base_2024-07-31,2024-07-31T00:00:00+00:00,2024-07-31,low_value,"['PLTR', 'CHKP', 'CRH', 'LMT', 'PH', 'TT', 'HWM', 'RTX', 'TXN', 'EME', 'PWR', 'GD', 'VMC', 'NOC']",14,0.08169990928611615,up,"{""ai_enabler"": 9, ""ai_peripheral"": 10, ""core_ai"": 1}","{""ai_enabler"": [""CHKP"", ""CRH"", ""LMT"", ""PH"", ""TT"", ""HWM"", ""RTX"", ""TXN"", ""PLTR""], ""ai_peripheral"": [""EME"", ""CRH"", ""LMT"", ""PH"", ""PWR"", ""GD"", ""TT"", ""HWM"", ""VMC"", ""NOC""], ""core_ai"": [""PLTR""]}","{""ai_enabler"": {""first_fail"": {""top_count"": 248, ""top_pct"": 0.3833, ""top_reason"": ""min_dollar_volume""}, ""layer_summary"": {""base_hard"": {""before"": 647, ""pass_rate"": 0.12828438948995363, ""remaining"": 83, ""removed"": 255}, ""quality_or_theme_hard"": {""before"": 227, ""pass_rate"": 0.3656387665198238, ""remaining"": 83, ""removed"": 49}, ""valuation_hard"": {""before"": 392, ""pass_rate"": 0.336734693877551, ""remaining"": 132, ""removed"": 260}}, ""n_filtered"": 83, ""n_input"": 647, ""n_ranked"": 9, ""near_miss"": {""reasons"": [{""count"": 1, ""layer"": ""quality_or_theme_hard"", ""pct"": 0.0015455950540958269, ""reason"": ""min_net_income_yoy""}, {""count"": 1, ""layer"": ""valuation_hard"", ""pct"": 0.0015455950540958269, ""reason"": ""min_return_20d""}], ""top_count"": 1, ""top_pct"": 0.0015455950540958269, ""top_reason"": ""min_net_income_yoy""}}, ""ai_peripheral"": {""first_fail"": {""top_count"": 248, ""top_pct"": 0.3833, ""top_reason"": ""min_dollar_volume""}, ""layer_summary"": {""base_hard"": {""before"": 647, ""pass_rate"": 0.10046367851622875, ""remaining"": 65, ""removed"": 285}, ""quality_or_theme_hard"": {""before"": 246, ""pass_rate"": 0.3861788617886179, ""remaining"": 95, ""removed"": 55}, ""valuation_hard"": {""before"": 392, ""pass_rate"": 0.3826530612244898, ""remaining"": 150, ""removed"": 242}}, ""n_filtered"": 65, ""n_input"": 647, ""n_ranked"": 11, ""near_miss"": {""reasons"": [{""count"": 1, ""layer"": ""base_hard"", ""pct"": 0.0015455950540958269, ""reason"": ""min_avg_dollar_volume_20d""}], ""top_count"": 1, ""top_pct"": 0.0015455950540958269, ""top_reason"": ""min_avg_dollar_volume_20d""}}, ""core_ai"": {""first_fail"": {""top_count"": 248, ""top_pct"": 0.3833, ""top_reason"": ""min_dollar_volume""}, ""layer_summary"": {""base_hard"": {""before"": 647, ""pass_rate"": 0.017001545595054096, ""remaining"": 11, ""removed"": 315}, ""quality_or_theme_hard"": {""before"": 204, ""pass_rate"": 0.3480392156862745, ""remaining"": 71, ""removed"": 46}, ""valuation_hard"": {""before"": 392, ""pass_rate"": 0.29846938775510207, ""remaining"": 117, ""removed"": 275}}, ""n_filtered"": 11, ""n_input"": 647, ""n_ranked"": 1, ""near_miss"": {""reasons"": [{""count"": 1, ""layer"": ""valuation_hard"", ""pct"": 0.0015455950540958269, ""reason"": ""min_return_20d""}], ""top_count"": 1, ""top_pct"": 0.0015455950540958269, ""top_reason"": ""min_return_20d""}}}",,union_superset_approx
base,replay_base_2024-07-31,2024-07-31T00:00:00+00:00,2024-07-31,industry_trend,"['NVDA', 'ANET', 'CRM', 'AVGO', 'IBM', 'CAT', 'TSLA', 'AMZN', 'GOOGL', 'MSFT', 'LMT', 'UNP', 'CRH', 'PWR', 'HWM', 'AMT', 'PYPL', 'JCI', 'PH']",19,0.08169990928611615,up,"{""ai_enabler"": 10, ""ai_peripheral"": 10, ""core_ai"": 10}","{""ai_enabler"": [""LMT"", ""ANET"", ""IBM"", ""UNP"", ""CRH"", ""PWR"", ""CAT"", ""CRM"", ""AMZN"", ""NVDA""], ""ai_peripheral"": [""LMT"", ""CRH"", ""UNP"", ""HWM"", ""AMT"", ""CAT"", ""PYPL"", ""JCI"", ""PWR"", ""PH""], ""core_ai"": [""NVDA"", ""ANET"", ""CRM"", ""AVGO"", ""IBM"", ""CAT"", ""TSLA"", ""AMZN"", ""GOOGL"", ""MSFT""]}","{""ai_enabler"": {""first_fail"": {""top_count"": 248, ""top_pct"": 0.3833, ""top_reason"": ""min_dollar_volume""}, ""layer_summary"": {""base_hard"": {""before"": 647, ""pass_rate"": 0.40030911901081917, ""remaining"": 259, ""removed"": 255}, ""quality_or_theme_hard"": {""before"": 392, ""pass_rate"": 0.6607142857142857, ""remaining"": 259, ""removed"": 133}}, ""n_filtered"": 259, ""n_input"": 647, ""n_ranked"": 85, ""near_miss"": {""reasons"": [{""count"": 7, ""layer"": ""valuation_hard"", ""pct"": 0.010819165378670788, ""reason"": ""max_ps_hist_percentile""}, {""count"": 3, ""layer"": ""valuation_hard"", ""pct"": 0.00463678516228748, ""reason"": ""max_ps_percentile_in_sic""}, {""count"": 3, ""layer"": ""valuation_hard"", ""pct"": 0.00463678516228748, ""reason"": ""trend_min_return_60d""}, {""count"": 3, ""layer"": ""base_hard"", ""pct"": 0.00463678516228748, ""reason"": ""trend_min_avg_dollar_volume_20d""}, {""count"": 2, ""layer"": ""quality_or_theme_hard"", ""pct"": 0.0030911901081916537, ""reason"": ""min_current_ratio""}], ""top_count"": 7, ""top_pct"": 0.010819165378670788, ""top_reason"": ""max_ps_hist_percentile""}}, ""ai_peripheral"": {""first_fail"": {""top_count"": 248, ""top_pct"": 0.3833, ""top_reason"": ""min_dollar_volume""}, ""layer_summary"": {""base_hard"": {""before"": 647, ""pass_rate"": 0.19319938176197837, ""remaining"": 125, ""removed"": 389}, ""quality_or_theme_hard"": {""before"": 392, ""pass_rate"": 0.31887755102040816, ""remaining"": 125, ""removed"": 133}}, ""n_filtered"": 125, ""n_input"": 647, ""n_ranked"": 70, ""near_miss"": {""reasons"": [{""count"": 6, ""layer"": ""valuation_hard"", ""pct"": 0.00927357032457496, ""reason"": ""max_ps_hist_percentile""}, {""count"": 4, ""layer"": ""base_hard"", ""pct"": 0.0061823802163833074, ""reason"": ""channel_bucket_match""}, {""count"": 2, ""layer"": ""valuation_hard"", ""pct"": 0.0030911901081916537, ""reason"": ""trend_min_return_60d""}, {""count"": 1, ""layer"": ""base_hard"", ""pct"": 0.0015455950540958269, ""reason"": ""trend_min_avg_dollar_volume_20d""}], ""top_count"": 6, ""top_pct"": 0.00927357032457496, ""top_reason"": ""max_ps_hist_percentile""}}, ""core_ai"": {""first_fail"": {""top_count"": 248, ""top_pct"": 0.3833, ""top_reason"": ""min_dollar_volume""}, ""layer_summary"": {""base_hard"": {""before"": 647, ""pass_rate"": 0.1437403400309119, ""remaining"": 93, ""removed"": 421}, ""quality_or_theme_hard"": {""before"": 392, ""pass_rate"": 0.2372448979591837, ""remaining"": 93, ""removed"": 133}}, ""n_filtered"": 93, ""n_input"": 647, ""n_ranked"": 25, ""near_miss"": {""reasons"": [{""count"": 3, ""layer"": ""valuation_hard"", ""pct"": 0.00463678516228748, ""reason"": ""max_ps_percentile_in_sic""}, {""count"": 1, ""layer"": ""quality_or_theme_hard"", ""pct"": 0.0015455950540958269, ""reason"": ""min_net_income_yoy""}, {""count"": 1, ""layer"": ""valuation_hard"", ""pct"": 0.0015455950540958269, ""reason"": ""trend_min_return_60d""}, {""count"": 1, ""layer"": ""quality_or_theme_hard"", ""pct"": 0.0015455950540958269, ""reason"": ""min_current_ratio""}, {""count"": 1, ""layer"": ""valuation_hard"", ""pct"": 0.0015455950540958269, ""reason"": ""max_ps_hist_percentile""}], ""top_count"": 3, ""top_pct"": 0.00463678516228748, ""top_reason"": ""max_ps_percentile_in_sic""}}}",,union_superset_approx
base,replay_base_2024-07-31,2024-07-31T00:00:00+00:00,2024-07-31,momentum,"['IBM', 'CAT', 'CSCO', 'CRM', 'NVDA', 'TSLA', 'PYPL', 'AVGO', 'ORCL', 'GEV', 'CRH', 'LMT', 'UNP', 'HWM', 'PWR', 'AMT', 'PH', 'SBAC', 'JCI']",19,0.08169990928611615,up,"{""ai_enabler"": 10, ""ai_peripheral"": 10, ""core_ai"": 10}","{""ai_enabler"": [""CRH"", ""LMT"", ""IBM"", ""UNP"", ""HWM"", ""PWR"", ""AMT"", ""PYPL"", ""CAT"", ""PH""], ""ai_peripheral"": [""CRH"", ""HWM"", ""LMT"", ""AMT"", ""UNP"", ""PYPL"", ""CAT"", ""PH"", ""SBAC"", ""JCI""], ""core_ai"": [""IBM"", ""CAT"", ""CSCO"", ""CRM"", ""NVDA"", ""TSLA"", ""PYPL"", ""AVGO"", ""ORCL"", ""GEV""]}","{""ai_enabler"": {""first_fail"": {""top_count"": 248, ""top_pct"": 0.3833, ""top_reason"": ""min_dollar_volume""}, ""layer_summary"": {""base_hard"": {""before"": 647, ""pass_rate"": 0.40030911901081917, ""remaining"": 259, ""removed"": 255}, ""quality_or_theme_hard"": {""before"": 392, ""pass_rate"": 0.6607142857142857, ""remaining"": 259, ""removed"": 133}}, ""n_filtered"": 259, ""n_input"": 647, ""n_ranked"": 85, ""near_miss"": {""reasons"": [{""count"": 2, ""layer"": ""valuation_hard"", ""pct"": 0.0030911901081916537, ""reason"": ""momentum_min_return_20d""}, {""count"": 1, ""layer"": ""quality_or_theme_hard"", ""pct"": 0.0015455950540958269, ""reason"": ""min_net_income_yoy""}, {""count"": 1, ""layer"": ""valuation_hard"", ""pct"": 0.0015455950540958269, ""reason"": ""momentum_min_return_60d""}, {""count"": 1, ""layer"": ""base_hard"", ""pct"": 0.0015455950540958269, ""reason"": ""momentum_min_avg_dollar_volume_20d""}, {""count"": 1, ""layer"": ""valuation_hard"", ""pct"": 0.0015455950540958269, ""reason"": ""max_ps_hist_percentile""}], ""top_count"": 2, ""top_pct"": 0.0030911901081916537, ""top_reason"": ""momentum_min_return_20d""}}, ""ai_peripheral"": {""first_fail"": {""top_count"": 248, ""top_pct"": 0.3833, ""top_reason"": ""min_dollar_volume""}, ""layer_summary"": {""base_hard"": {""before"": 647, ""pass_rate"": 0.19319938176197837, ""remaining"": 125, ""removed"": 389}, ""quality_or_theme_hard"": {""before"": 392, ""pass_rate"": 0.31887755102040816, ""remaining"": 125, ""removed"": 133}}, ""n_filtered"": 125, ""n_input"": 647, ""n_ranked"": 70, ""near_miss"": {""reasons"": [{""count"": 2, ""layer"": ""valuation_hard"", ""pct"": 0.0030911901081916537, ""reason"": ""momentum_min_return_60d""}, {""count"": 1, ""layer"": ""base_hard"", ""pct"": 0.0015455950540958269, ""reason"": ""momentum_min_avg_dollar_volume_20d""}, {""count"": 1, ""layer"": ""valuation_hard"", ""pct"": 0.0015455950540958269, ""reason"": ""max_ps_hist_percentile""}], ""top_count"": 2, ""top_pct"": 0.0030911901081916537, ""top_reason"": ""momentum_min_return_60d""}}, ""core_ai"": {""first_fail"": {""top_count"": 248, ""top_pct"": 0.3833, ""top_reason"": ""min_dollar_volume""}, ""layer_summary"": {""base_hard"": {""before"": 647, ""pass_rate"": 0.1437403400309119, ""remaining"": 93, ""removed"": 421}, ""quality_or_theme_hard"": {""before"": 392, ""pass_rate"": 0.2372448979591837, ""remaining"": 93, ""removed"": 133}}, ""n_filtered"": 93, ""n_input"": 647, ""n_ranked"": 25, ""near_miss"": {""reasons"": [{""count"": 2, ""layer"": ""valuation_hard"", ""pct"": 0.0030911901081916537, ""reason"": ""momentum_min_return_20d""}], ""top_count"": 2, ""top_pct"": 0.0030911901081916537, ""top_reason"": ""momentum_min_return_20d""}}}",,union_superset_approx
base,replay_base_2024-07-31,2024-07-31T00:00:00+00:00,2024-07-31,research_pool,"['EME', 'LMT', 'ATI', 'PH', 'STLD', 'AKAM', 'QLYS', 'CHKP', 'HWM', 'TT', 'HII', 'FCX', 'UAL', 'WWD', 'IESC', 'G', 'BKR', 'SLB', 'HEI', 'EXLS', 'ANET', 'ZM', 'NVDA', 'NFLX', 'PYPL', 'LHX', 'CAT', 'QCOM', 'CRM', 'PANW']",30,0.08169990928611615,up,"{""ai_enabler"": 10, ""ai_peripheral"": 10, ""core_ai"": 10}","{""ai_enabler"": [""EME"", ""LMT"", ""ATI"", ""PH"", ""STLD"", ""AKAM"", ""QLYS"", ""CHKP"", ""HWM"", ""TT""], ""ai_peripheral"": [""HII"", ""FCX"", ""UAL"", ""WWD"", ""IESC"", ""G"", ""BKR"", ""SLB"", ""HEI"", ""EXLS""], ""core_ai"": [""ANET"", ""ZM"", ""NVDA"", ""NFLX"", ""PYPL"", ""LHX"", ""CAT"", ""QCOM"", ""CRM"", ""PANW""]}","{""ai_enabler"": {""n_filtered"": 84, ""n_input"": 647, ""n_ranked"": 84, ""priority_counts"": {""research_now"": 5, ""theme_only"": 67, ""watch_for_pullback"": 12}}, ""ai_peripheral"": {""n_filtered"": 52, ""n_input"": 647, ""n_ranked"": 52, ""priority_counts"": {""left_side_watch"": 3, ""research_now"": 1, ""theme_only"": 48}}, ""core_ai"": {""n_filtered"": 44, ""n_input"": 647, ""n_ranked"": 44, ""priority_counts"": {""left_side_watch"": 1, ""research_now"": 8, ""theme_only"": 19, ""watch_for_pullback"": 16}}}",,union_superset_approx
base,replay_base_2024-08-30,2024-08-30T00:00:00+00:00,2024-08-30,low_value,"['ANET', 'NFLX', 'PYPL', 'CAT', 'ORCL', 'META', 'PANW', 'TXN', 'MPWR', 'LMT', 'CRH', 'CHKP', 'PH', 'UNP', 'GE', 'CMI', 'LHX', 'HWM']",18,0.027696887335792564,up,"{""ai_enabler"": 10, ""ai_peripheral"": 10, ""core_ai"": 9}","{""ai_enabler"": [""ANET"", ""PYPL"", ""NFLX"", ""CAT"", ""LMT"", ""CRH"", ""ORCL"", ""CHKP"", ""PH"", ""UNP""], ""ai_peripheral"": [""PYPL"", ""LMT"", ""CAT"", ""CRH"", ""PH"", ""UNP"", ""GE"", ""CMI"", ""LHX"", ""HWM""], ""core_ai"": [""ANET"", ""NFLX"", ""PYPL"", ""CAT"", ""ORCL"", ""META"", ""PANW"", ""TXN"", ""MPWR""]}","{""ai_enabler"": {""first_fail"": {""top_count"": 266, ""top_pct"": 0.4118, ""top_reason"": ""min_dollar_volume""}, ""layer_summary"": {""base_hard"": {""before"": 646, ""pass_rate"": 0.17337461300309598, ""remaining"": 112, ""removed"": 278}, ""quality_or_theme_hard"": {""before"": 217, ""pass_rate"": 0.5161290322580645, ""remaining"": 112, ""removed"": 47}, ""valuation_hard"": {""before"": 368, ""pass_rate"": 0.4320652173913043, ""remaining"": 159, ""removed"": 209}}, ""n_filtered"": 112, ""n_input"": 646, ""n_ranked"": 19, ""near_miss"": {""reasons"": [{""count"": 1, ""layer"": ""quality_or_theme_hard"", ""pct"": 0.0015479876160990713, ""reason"": ""min_revenue_yoy""}, {""count"": 1, ""layer"": ""base_hard"", ""pct"": 0.0015479876160990713, ""reason"": ""min_avg_dollar_volume_20d""}], ""top_count"": 1, ""top_pct"": 0.0015479876160990713, ""top_reason"": ""min_revenue_yoy""}}, ""ai_peripheral"": {""first_fail"": {""top_count"": 266, ""top_pct"": 0.4118, ""top_reason"": ""min_dollar_volume""}, ""layer_summary"": {""base_hard"": {""before"": 646, ""pass_rate"": 0.10061919504643962, ""remaining"": 65, ""removed"": 330}, ""quality_or_theme_hard"": {""before"": 228, ""pass_rate"": 0.5131578947368421, ""remaining"": 117, ""removed"": 49}, ""valuation_hard"": {""before"": 368, ""pass_rate"": 0.45108695652173914, ""remaining"": 166, ""removed"": 202}}, ""n_filtered"": 65, ""n_input"": 646, ""n_ranked"": 15, ""near_miss"": {""reasons"": [{""count"": 1, ""layer"": ""valuation_hard"", ""pct"": 0.0015479876160990713, ""reason"": ""min_drawdown_percentile""}, {""count"": 1, ""layer"": ""valuation_hard"", ""pct"": 0.0015479876160990713, ""reason"": ""max_ps_hist_percentile""}, {""count"": 1, ""layer"": ""base_hard"", ""pct"": 0.0015479876160990713, ""reason"": ""channel_bucket_match""}], ""top_count"": 1, ""top_pct"": 0.0015479876160990713, ""top_reason"": ""min_drawdown_percentile""}}, ""core_ai"": {""first_fail"": {""top_count"": 266, ""top_pct"": 0.4118, ""top_reason"": ""min_dollar_volume""}, ""layer_summary"": {""base_hard"": {""before"": 646, ""pass_rate"": 0.047987616099071206, ""remaining"": 31, ""removed"": 341}, ""quality_or_theme_hard"": {""before"": 203, ""pass_rate"": 0.4630541871921182, ""remaining"": 94, ""removed"": 44}, ""valuation_hard"": {""before"": 368, ""pass_rate"": 0.375, ""remaining"": 138, ""removed"": 230}}, ""n_filtered"": 31, ""n_input"": 646, ""n_ranked"": 9, ""near_miss"": {""reasons"": [{""count"": 1, ""layer"": ""base_hard"", ""pct"": 0.0015479876160990713, ""reason"": ""min_avg_dollar_volume_20d""}], ""top_count"": 1, ""top_pct"": 0.0015479876160990713, ""top_reason"": ""min_avg_dollar_volume_20d""}}}",,union_superset_approx
base,replay_base_2024-08-30,2024-08-30T00:00:00+00:00,2024-08-30,industry_trend,"['AVGO', 'AMZN', 'CRM', 'NFLX', 'KLAC', 'MSFT', 'MRVL', 'CSCO', 'GOOGL', 'ANET', 'CRH', 'CAT', 'PH', 'PYPL', 'GEV', 'ETN', 'UNP', 'UBER', 'DE', 'VRT']",20,0.027696887335792564,up,"{""ai_enabler"": 10, ""ai_peripheral"": 10, ""core_ai"": 10}","{""ai_enabler"": [""NFLX"", ""KLAC"", ""AMZN"", ""AVGO"", ""CRH"", ""ANET"", ""CAT"", ""CSCO"", ""CRM"", ""MRVL""], ""ai_peripheral"": [""CRH"", ""CAT"", ""PH"", ""PYPL"", ""GEV"", ""ETN"", ""UNP"", ""UBER"", ""DE"", ""VRT""], ""core_ai"": [""AVGO"", ""AMZN"", ""CRM"", ""NFLX"", ""KLAC"", ""MSFT"", ""MRVL"", ""CSCO"", ""GOOGL"", ""ANET""]}","{""ai_enabler"": {""first_fail"": {""top_count"": 266, ""top_pct"": 0.4118, ""top_reason"": ""min_dollar_volume""}, ""layer_summary"": {""base_hard"": {""before"": 646, ""pass_rate"": 0.4117647058823529, ""remaining"": 266, ""removed"": 278}, ""quality_or_theme_hard"": {""before"": 368, ""pass_rate"": 0.7228260869565217, ""remaining"": 266, ""removed"": 102}}, ""n_filtered"": 266, ""n_input"": 646, ""n_ranked"": 80, ""near_miss"": {""reasons"": [{""count"": 4, ""layer"": ""base_hard"", ""pct"": 0.006191950464396285, ""reason"": ""trend_min_avg_dollar_volume_20d""}, {""count"": 3, ""layer"": ""valuation_hard"", ""pct"": 0.0046439628482972135, ""reason"": ""max_ps_hist_percentile""}, {""count"": 2, ""layer"": ""valuation_hard"", ""pct"": 0.0030959752321981426, ""reason"": ""trend_min_return_60d""}, {""count"": 2, ""layer"": ""quality_or_theme_hard"", ""pct"": 0.0030959752321981426, ""reason"": ""min_current_ratio""}, {""count"": 1, ""layer"": ""quality_or_theme_hard"", ""pct"": 0.0015479876160990713, ""reason"": ""min_revenue_yoy""}], ""top_count"": 4, ""top_pct"": 0.006191950464396285, ""top_reason"": ""trend_min_avg_dollar_volume_20d""}}, ""ai_peripheral"": {""first_fail"": {""top_count"": 266, ""top_pct"": 0.4118, ""top_reason"": ""min_dollar_volume""}, ""layer_summary"": {""base_hard"": {""before"": 646, ""pass_rate"": 0.2043343653250774, ""remaining"": 132, ""removed"": 412}, ""quality_or_theme_hard"": {""before"": 368, ""pass_rate"": 0.358695652173913, ""remaining"": 132, ""removed"": 102}}, ""n_filtered"": 132, ""n_input"": 646, ""n_ranked"": 65, ""near_miss"": {""reasons"": [{""count"": 4, ""layer"": ""base_hard"", ""pct"": 0.006191950464396285, ""reason"": ""channel_bucket_match""}, {""count"": 3, ""layer"": ""valuation_hard"", ""pct"": 0.0046439628482972135, ""reason"": ""max_ps_hist_percentile""}, {""count"": 1, ""layer"": ""base_hard"", ""pct"": 0.0015479876160990713, ""reason"": ""trend_min_avg_dollar_volume_20d""}], ""top_count"": 4, ""top_pct"": 0.006191950464396285, ""top_reason"": ""channel_bucket_match""}}, ""core_ai"": {""first_fail"": {""top_count"": 266, ""top_pct"": 0.4118, ""top_reason"": ""min_dollar_volume""}, ""layer_summary"": {""base_hard"": {""before"": 646, ""pass_rate"": 0.14241486068111456, ""remaining"": 92, ""removed"": 452}, ""quality_or_theme_hard"": {""before"": 368, ""pass_rate"": 0.25, ""remaining"": 92, ""removed"": 102}}, ""n_filtered"": 92, ""n_input"": 646, ""n_ranked"": 26, ""near_miss"": {""reasons"": [{""count"": 2, ""layer"": ""base_hard"", ""pct"": 0.0030959752321981426, ""reason"": ""trend_min_avg_dollar_volume_20d""}, {""count"": 2, ""layer"": ""quality_or_theme_hard"", ""pct"": 0.0030959752321981426, ""reason"": ""min_current_ratio""}, {""count"": 1, ""layer"": ""quality_or_theme_hard"", ""pct"": 0.0015479876160990713, ""reason"": ""min_net_income_yoy""}, {""count"": 1, ""layer"": ""valuation_hard"", ""pct"": 0.0015479876160990713, ""reason"": ""max_ps_percentile_in_sic""}, {""count"": 1, ""layer"": ""valuation_hard"", ""pct"": 0.0015479876160990713, ""reason"": ""trend_min_return_60d""}], ""top_count"": 2, ""top_pct"": 0.0030959752321981426, ""top_reason"": ""trend_min_avg_dollar_volume_20d""}}}",,union_superset_approx
base,replay_base_2024-08-30,2024-08-30T00:00:00+00:00,2024-08-30,momentum,"['MRVL', 'AVGO', 'KLAC', 'NFLX', 'UBER', 'ZM', 'CSCO', 'AMZN', 'GEV', 'ANET', 'CRH', 'PYPL', 'PH', 'CAT', 'VRT', 'ETN', 'PWR', 'DE']",18,0.027696887335792564,up,"{""ai_enabler"": 10, ""ai_peripheral"": 10, ""core_ai"": 10}","{""ai_enabler"": [""KLAC"", ""MRVL"", ""AVGO"", ""NFLX"", ""ZM"", ""UBER"", ""ANET"", ""CRH"", ""GEV"", ""PYPL""], ""ai_peripheral"": [""CRH"", ""PH"", ""PYPL"", ""UBER"", ""GEV"", ""CAT"", ""VRT"", ""ETN"", ""PWR"", ""DE""], ""core_ai"": [""MRVL"", ""AVGO"", ""KLAC"", ""NFLX"", ""UBER"", ""ZM"", ""CSCO"", ""AMZN"", ""GEV"", ""ANET""]}","{""ai_enabler"": {""first_fail"": {""top_count"": 266, ""top_pct"": 0.4118, ""top_reason"": ""min_dollar_volume""}, ""layer_summary"": {""base_hard"": {""before"": 646, ""pass_rate"": 0.4117647058823529, ""remaining"": 266, ""removed"": 278}, ""quality_or_theme_hard"": {""before"": 368, ""pass_rate"": 0.7228260869565217, ""remaining"": 266, ""removed"": 102}}, ""n_filtered"": 266, ""n_input"": 646, ""n_ranked"": 80, ""near_miss"": {""reasons"": [{""count"": 3, ""layer"": ""base_hard"", ""pct"": 0.0046439628482972135, ""reason"": ""momentum_min_avg_dollar_volume_20d""}, {""count"": 2, ""layer"": ""valuation_hard"", ""pct"": 0.0030959752321981426, ""reason"": ""momentum_min_return_60d""}, {""count"": 2, ""layer"": ""valuation_hard"", ""pct"": 0.0030959752321981426, ""reason"": ""max_ps_hist_percentile""}, {""count"": 1, ""layer"": ""quality_or_theme_hard"", ""pct"": 0.0015479876160990713, ""reason"": ""min_net_income_yoy""}], ""top_count"": 3, ""top_pct"": 0.0046439628482972135, ""top_reason"": ""momentum_min_avg_dollar_volume_20d""}}, ""ai_peripheral"": {""first_fail"": {""top_count"": 266, ""top_pct"": 0.4118, ""top_reason"": ""min_dollar_volume""}, ""layer_summary"": {""base_hard"": {""before"": 646, ""pass_rate"": 0.2043343653250774, ""remaining"": 132, ""removed"": 412}, ""quality_or_theme_hard"": {""before"": 368, ""pass_rate"": 0.358695652173913, ""remaining"": 132, ""removed"": 102}}, ""n_filtered"": 132, ""n_input"": 646, ""n_ranked"": 65, ""near_miss"": {""reasons"": [{""count"": 2, ""layer"": ""valuation_hard"", ""pct"": 0.0030959752321981426, ""reason"": ""max_ps_hist_percentile""}, {""count"": 1, ""layer"": ""base_hard"", ""pct"": 0.0015479876160990713, ""reason"": ""channel_bucket_match""}], ""top_count"": 2, ""top_pct"": 0.0030959752321981426, ""top_reason"": ""max_ps_hist_percentile""}}, ""core_ai"": {""first_fail"": {""top_count"": 266, ""top_pct"": 0.4118, ""top_reason"": ""min_dollar_volume""}, ""layer_summary"": {""base_hard"": {""before"": 646, ""pass_rate"": 0.14241486068111456, ""remaining"": 92, ""removed"": 452}, ""quality_or_theme_hard"": {""before"": 368, ""pass_rate"": 0.25, ""remaining"": 92, ""removed"": 102}}, ""n_filtered"": 92, ""n_input"": 646, ""n_ranked"": 26, ""near_miss"": {""reasons"": [{""count"": 2, ""layer"": ""valuation_hard"", ""pct"": 0.0030959752321981426, ""reason"": ""momentum_min_return_60d""}, {""count"": 2, ""layer"": ""base_hard"", ""pct"": 0.0030959752321981426, ""reason"": ""momentum_min_avg_dollar_volume_20d""}, {""count"": 1, ""layer"": ""quality_or_theme_hard"", ""pct"": 0.0015479876160990713, ""reason"": ""min_net_income_yoy""}], ""top_count"": 2, ""top_pct"": 0.0030959752321981426, ""top_reason"": ""momentum_min_return_60d""}}}",,union_superset_approx
base,replay_base_2024-08-30,2024-08-30T00:00:00+00:00,2024-08-30,research_pool,"['EME', 'PH', 'LMT', 'CMI', 'AKAM', 'TT', 'CRH', 'CHKP', 'HWM', 'VRT', 'FCX', 'HII', 'TREX', 'IESC', 'G', 'UAL', 'SLB', 'BKR', 'AXON', 'DAL', 'ANET', 'NFLX', 'PYPL', 'LHX', 'CAT', 'GOOG', 'GOOGL', 'CRM', 'PANW', 'AMZN']",30,0.027696887335792564,up,"{""ai_enabler"": 10, ""ai_peripheral"": 10, ""core_ai"": 10}","{""ai_enabler"": [""EME"", ""PH"", ""LMT"", ""CMI"", ""AKAM"", ""TT"", ""CRH"", ""CHKP"", ""HWM"", ""VRT""], ""ai_peripheral"": [""FCX"", ""HII"", ""TREX"", ""IESC"", ""G"", ""UAL"", ""SLB"", ""BKR"", ""AXON"", ""DAL""], ""core_ai"": [""ANET"", ""NFLX"", ""PYPL"", ""LHX"", ""CAT"", ""GOOG"", ""GOOGL"", ""CRM"", ""PANW"", ""AMZN""]}","{""ai_enabler"": {""n_filtered"": 80, ""n_input"": 646, ""n_ranked"": 80, ""priority_counts"": {""left_side_watch"": 2, ""research_now"": 4, ""theme_only"": 60, ""watch_for_pullback"": 14}}, ""ai_peripheral"": {""n_filtered"": 53, ""n_input"": 646, ""n_ranked"": 53, ""priority_counts"": {""left_side_watch"": 1, ""research_now"": 2, ""theme_only"": 50}}, ""core_ai"": {""n_filtered"": 52, ""n_input"": 646, ""n_ranked"": 52, ""priority_counts"": {""left_side_watch"": 1, ""research_now"": 5, ""theme_only"": 27, ""watch_for_pullback"": 19}}}",,union_superset_approx
base,replay_base_2024-09-30,2024-09-30T00:00:00+00:00,2024-09-30,low_value,"['PYPL', 'CAT', 'ORCL', 'META', 'ANET', 'CRH', 'LMT', 'VRT', 'EME', 'PH', 'ETN', 'PWR', 'ACN', 'HWM']",14,-0.016705962960723908,down,"{""ai_enabler"": 10, ""ai_peripheral"": 10, ""core_ai"": 4}","{""ai_enabler"": [""ANET"", ""PYPL"", ""CAT"", ""CRH"", ""LMT"", ""VRT"", ""EME"", ""PH"", ""ETN"", ""PWR""], ""ai_peripheral"": [""PYPL"", ""CAT"", ""CRH"", ""VRT"", ""LMT"", ""EME"", ""PH"", ""ETN"", ""ACN"", ""HWM""], ""core_ai"": [""PYPL"", ""CAT"", ""ORCL"", ""META""]}","{""ai_enabler"": {""first_fail"": {""top_count"": 248, ""top_pct"": 0.3833, ""top_reason"": ""min_dollar_volume""}, ""layer_summary"": {""base_hard"": {""before"": 647, ""pass_rate"": 0.18238021638330756, ""remaining"": 118, ""removed"": 258}, ""quality_or_theme_hard"": {""before"": 252, ""pass_rate"": 0.46825396825396826, ""remaining"": 118, ""removed"": 38}, ""valuation_hard"": {""before"": 389, ""pass_rate"": 0.40102827763496146, ""remaining"": 156, ""removed"": 233}}, ""n_filtered"": 118, ""n_input"": 647, ""n_ranked"": 15, ""near_miss"": {""reasons"": [{""count"": 1, ""layer"": ""quality_or_theme_hard"", ""pct"": 0.0015455950540958269, ""reason"": ""min_net_income_yoy""}, {""count"": 1, ""layer"": ""valuation_hard"", ""pct"": 0.0015455950540958269, ""reason"": ""min_drawdown_percentile""}, {""count"": 1, ""layer"": ""valuation_hard"", ""pct"": 0.0015455950540958269, ""reason"": ""max_ps_hist_percentile""}], ""top_count"": 1, ""top_pct"": 0.0015455950540958269, ""top_reason"": ""min_net_income_yoy""}}, ""ai_peripheral"": {""first_fail"": {""top_count"": 248, ""top_pct"": 0.3833, ""top_reason"": ""min_dollar_volume""}, ""layer_summary"": {""base_hard"": {""before"": 647, ""pass_rate"": 0.11128284389489954, ""remaining"": 72, ""removed"": 307}, ""quality_or_theme_hard"": {""before"": 259, ""pass_rate"": 0.4671814671814672, ""remaining"": 121, ""removed"": 38}, ""valuation_hard"": {""before"": 389, ""pass_rate"": 0.4087403598971722, ""remaining"": 159, ""removed"": 230}}, ""n_filtered"": 72, ""n_input"": 647, ""n_ranked"": 14, ""near_miss"": {""reasons"": [{""count"": 4, ""layer"": ""valuation_hard"", ""pct"": 0.0061823802163833074, ""reason"": ""max_ps_hist_percentile""}, {""count"": 2, ""layer"": ""base_hard"", ""pct"": 0.0030911901081916537, ""reason"": ""channel_bucket_match""}, {""count"": 1, ""layer"": ""base_hard"", ""pct"": 0.0015455950540958269, ""reason"": ""min_avg_dollar_volume_20d""}], ""top_count"": 4, ""top_pct"": 0.0061823802163833074, ""top_reason"": ""max_ps_hist_percentile""}}, ""core_ai"": {""first_fail"": {""top_count"": 248, ""top_pct"": 0.3833, ""top_reason"": ""min_dollar_volume""}, ""layer_summary"": {""base_hard"": {""before"": 647, ""pass_rate"": 0.04173106646058733, ""remaining"": 27, ""removed"": 328}, ""quality_or_theme_hard"": {""before"": 243, ""pass_rate"": 0.3991769547325103, ""remaining"": 97, ""removed"": 31}, ""valuation_hard"": {""before"": 389, ""pass_rate"": 0.32904884318766064, ""remaining"": 128, ""removed"": 261}}, ""n_filtered"": 27, ""n_input"": 647, ""n_ranked"": 4, ""near_miss"": {""reasons"": [{""count"": 1, ""layer"": ""quality_or_theme_hard"", ""pct"": 0.0015455950540958269, ""reason"": ""min_net_income_yoy""}, {""count"": 1, ""layer"": ""quality_or_theme_hard"", ""pct"": 0.0015455950540958269, ""reason"": ""min_ai_link_score""}], ""top_count"": 1, ""top_pct"": 0.0015455950540958269, ""top_reason"": ""min_net_income_yoy""}}}",,union_superset_approx
base,replay_base_2024-09-30,2024-09-30T00:00:00+00:00,2024-09-30,industry_trend,"['TSLA', 'ORCL', 'CRM', 'AMZN', 'META', 'IBM', 'ANET', 'CAT', 'NFLX', 'GEV', 'FCX', 'VRT', 'ETN', 'DE', 'PH', 'AMT', 'CRH', 'HWM']",18,-0.016705962960723908,down,"{""ai_enabler"": 10, ""ai_peripheral"": 10, ""core_ai"": 10}","{""ai_enabler"": [""TSLA"", ""ORCL"", ""CRM"", ""IBM"", ""CAT"", ""AMZN"", ""ANET"", ""FCX"", ""META"", ""VRT""], ""ai_peripheral"": [""CAT"", ""FCX"", ""ETN"", ""DE"", ""VRT"", ""GEV"", ""PH"", ""AMT"", ""CRH"", ""HWM""], ""core_ai"": [""TSLA"", ""ORCL"", ""CRM"", ""AMZN"", ""META"", ""IBM"", ""ANET"", ""CAT"", ""NFLX"", ""GEV""]}","{""ai_enabler"": {""first_fail"": {""top_count"": 248, ""top_pct"": 0.3833, ""top_reason"": ""min_dollar_volume""}, ""layer_summary"": {""base_hard"": {""before"": 647, ""pass_rate"": 0.44976816074188564, ""remaining"": 291, ""removed"": 258}, ""quality_or_theme_hard"": {""before"": 389, ""pass_rate"": 0.7480719794344473, ""remaining"": 291, ""removed"": 98}}, ""n_filtered"": 291, ""n_input"": 647, ""n_ranked"": 85, ""near_miss"": {""reasons"": [{""count"": 5, ""layer"": ""valuation_hard"", ""pct"": 0.0077279752704791345, ""reason"": ""max_ps_hist_percentile""}, {""count"": 4, ""layer"": ""valuation_hard"", ""pct"": 0.0061823802163833074, ""reason"": ""trend_min_return_60d""}, {""count"": 2, ""layer"": ""base_hard"", ""pct"": 0.0030911901081916537, ""reason"": ""trend_min_avg_dollar_volume_20d""}, {""count"": 2, ""layer"": ""quality_or_theme_hard"", ""pct"": 0.0030911901081916537, ""reason"": ""min_current_ratio""}, {""count"": 1, ""layer"": ""quality_or_theme_hard"", ""pct"": 0.0015455950540958269, ""reason"": ""min_net_income_yoy""}], ""top_count"": 5, ""top_pct"": 0.0077279752704791345, ""top_reason"": ""max_ps_hist_percentile""}}, ""ai_peripheral"": {""first_fail"": {""top_count"": 248, ""top_pct"": 0.3833, ""top_reason"": ""min_dollar_volume""}, ""layer_summary"": {""base_hard"": {""before"": 647, ""pass_rate"": 0.21792890262751158, ""remaining"": 141, ""removed"": 408}, ""quality_or_theme_hard"": {""before"": 389, ""pass_rate"": 0.36246786632390743, ""remaining"": 141, ""removed"": 98}}, ""n_filtered"": 141, ""n_input"": 647, ""n_ranked"": 70, ""near_miss"": {""reasons"": [{""count"": 6, ""layer"": ""valuation_hard"", ""pct"": 0.00927357032457496, ""reason"": ""max_ps_hist_percentile""}, {""count"": 3, ""layer"": ""base_hard"", ""pct"": 0.00463678516228748, ""reason"": ""channel_bucket_match""}], ""top_count"": 6, ""top_pct"": 0.00927357032457496, ""top_reason"": ""max_ps_hist_percentile""}}, ""core_ai"": {""first_fail"": {""top_count"": 248, ""top_pct"": 0.3833, ""top_reason"": ""min_dollar_volume""}, ""layer_summary"": {""base_hard"": {""before"": 647, ""pass_rate"": 0.15146831530139104, ""remaining"": 98, ""removed"": 451}, ""quality_or_theme_hard"": {""before"": 389, ""pass_rate"": 0.2519280205655527, ""remaining"": 98, ""removed"": 98}}, ""n_filtered"": 98, ""n_input"": 647, ""n_ranked"": 26, ""near_miss"": {""reasons"": [{""count"": 2, ""layer"": ""valuation_hard"", ""pct"": 0.0030911901081916537, ""reason"": ""trend_min_return_60d""}, {""count"": 2, ""layer"": ""quality_or_theme_hard"", ""pct"": 0.0030911901081916537, ""reason"": ""min_ai_link_score""}, {""count"": 1, ""layer"": ""quality_or_theme_hard"", ""pct"": 0.0015455950540958269, ""reason"": ""min_net_income_yoy""}, {""count"": 1, ""layer"": ""quality_or_theme_hard"", ""pct"": 0.0015455950540958269, ""reason"": ""max_ev_to_ebit""}, {""count"": 1, ""layer"": ""base_hard"", ""pct"": 0.0015455950540958269, ""reason"": ""trend_min_avg_dollar_volume_20d""}], ""top_count"": 2, ""top_pct"": 0.0030911901081916537, ""top_reason"": ""trend_min_return_60d""}}}",,union_superset_approx
base,replay_base_2024-09-30,2024-09-30T00:00:00+00:00,2024-09-30,momentum,"['ORCL', 'TSLA', 'CRM', 'IBM', 'GEV', 'AMZN', 'ANET', 'META', 'CAT', 'CEG', 'FCX', 'VRT', 'ETN', 'DE', 'PWR', 'PYPL', 'EME', 'PH']",18,-0.016705962960723908,down,"{""ai_enabler"": 10, ""ai_peripheral"": 10, ""core_ai"": 10}","{""ai_enabler"": [""TSLA"", ""ORCL"", ""CRM"", ""IBM"", ""ANET"", ""FCX"", ""GEV"", ""CAT"", ""VRT"", ""AMZN""], ""ai_peripheral"": [""FCX"", ""CAT"", ""ETN"", ""GEV"", ""VRT"", ""DE"", ""PWR"", ""PYPL"", ""EME"", ""PH""], ""core_ai"": [""ORCL"", ""TSLA"", ""CRM"", ""IBM"", ""GEV"", ""AMZN"", ""ANET"", ""META"", ""CAT"", ""CEG""]}","{""ai_enabler"": {""first_fail"": {""top_count"": 248, ""top_pct"": 0.3833, ""top_reason"": ""min_dollar_volume""}, ""layer_summary"": {""base_hard"": {""before"": 647, ""pass_rate"": 0.44976816074188564, ""remaining"": 291, ""removed"": 258}, ""quality_or_theme_hard"": {""before"": 389, ""pass_rate"": 0.7480719794344473, ""remaining"": 291, ""removed"": 98}}, ""n_filtered"": 291, ""n_input"": 647, ""n_ranked"": 85, ""near_miss"": {""reasons"": [{""count"": 3, ""layer"": ""valuation_hard"", ""pct"": 0.00463678516228748, ""reason"": ""momentum_min_return_60d""}, {""count"": 2, ""layer"": ""valuation_hard"", ""pct"": 0.0030911901081916537, ""reason"": ""max_ps_hist_percentile""}, {""count"": 1, ""layer"": ""quality_or_theme_hard"", ""pct"": 0.0015455950540958269, ""reason"": ""min_net_income_yoy""}, {""count"": 1, ""layer"": ""base_hard"", ""pct"": 0.0015455950540958269, ""reason"": ""momentum_min_avg_dollar_volume_20d""}], ""top_count"": 3, ""top_pct"": 0.00463678516228748, ""top_reason"": ""momentum_min_return_60d""}}, ""ai_peripheral"": {""first_fail"": {""top_count"": 248, ""top_pct"": 0.3833, ""top_reason"": ""min_dollar_volume""}, ""layer_summary"": {""base_hard"": {""before"": 647, ""pass_rate"": 0.21792890262751158, ""remaining"": 141, ""removed"": 408}, ""quality_or_theme_hard"": {""before"": 389, ""pass_rate"": 0.36246786632390743, ""remaining"": 141, ""removed"": 98}}, ""n_filtered"": 141, ""n_input"": 647, ""n_ranked"": 70, ""near_miss"": {""reasons"": [{""count"": 3, ""layer"": ""valuation_hard"", ""pct"": 0.00463678516228748, ""reason"": ""max_ps_hist_percentile""}, {""count"": 1, ""layer"": ""valuation_hard"", ""pct"": 0.0015455950540958269, ""reason"": ""momentum_min_return_60d""}], ""top_count"": 3, ""top_pct"": 0.00463678516228748, ""top_reason"": ""max_ps_hist_percentile""}}, ""core_ai"": {""first_fail"": {""top_count"": 248, ""top_pct"": 0.3833, ""top_reason"": ""min_dollar_volume""}, ""layer_summary"": {""base_hard"": {""before"": 647, ""pass_rate"": 0.15146831530139104, ""remaining"": 98, ""removed"": 451}, ""quality_or_theme_hard"": {""before"": 389, ""pass_rate"": 0.2519280205655527, ""remaining"": 98, ""removed"": 98}}, ""n_filtered"": 98, ""n_input"": 647, ""n_ranked"": 26, ""near_miss"": {""reasons"": [{""count"": 1, ""layer"": ""quality_or_theme_hard"", ""pct"": 0.0015455950540958269, ""reason"": ""min_net_income_yoy""}, {""count"": 1, ""layer"": ""valuation_hard"", ""pct"": 0.0015455950540958269, ""reason"": ""max_ps_hist_percentile""}, {""count"": 1, ""layer"": ""quality_or_theme_hard"", ""pct"": 0.0015455950540958269, ""reason"": ""min_ai_link_score""}], ""top_count"": 1, ""top_pct"": 0.0015455950540958269, ""top_reason"": ""min_net_income_yoy""}}}",,union_superset_approx
base,replay_base_2024-09-30,2024-09-30T00:00:00+00:00,2024-09-30,research_pool,"['EME', 'LMT', 'ACN', 'AKAM', 'QLYS', 'TT', 'PWR', 'GE', 'CRH', 'VRT', 'FCX', 'HII', 'EEFT', 'IESC', 'SLB', 'TREX', 'DAL', 'BKR', 'G', 'APD', 'ANET', 'NFLX', 'PYPL', 'LHX', 'CAT', 'CSCO', 'GOOG', 'GOOGL', 'CRM', 'META']",30,-0.016705962960723908,down,"{""ai_enabler"": 10, ""ai_peripheral"": 10, ""core_ai"": 10}","{""ai_enabler"": [""EME"", ""LMT"", ""ACN"", ""AKAM"", ""QLYS"", ""TT"", ""PWR"", ""GE"", ""CRH"", ""VRT""], ""ai_peripheral"": [""FCX"", ""HII"", ""EEFT"", ""IESC"", ""SLB"", ""TREX"", ""DAL"", ""BKR"", ""G"", ""APD""], ""core_ai"": [""ANET"", ""NFLX"", ""PYPL"", ""LHX"", ""CAT"", ""CSCO"", ""GOOG"", ""GOOGL"", ""CRM"", ""META""]}","{""ai_enabler"": {""n_filtered"": 71, ""n_input"": 647, ""n_ranked"": 71, ""priority_counts"": {""left_side_watch"": 1, ""research_now"": 3, ""theme_only"": 54, ""watch_for_pullback"": 13}}, ""ai_peripheral"": {""n_filtered"": 46, ""n_input"": 647, ""n_ranked"": 46, ""priority_counts"": {""left_side_watch"": 1, ""research_now"": 2, ""theme_only"": 43}}, ""core_ai"": {""n_filtered"": 46, ""n_input"": 647, ""n_ranked"": 46, ""priority_counts"": {""research_now"": 6, ""theme_only"": 23, ""watch_for_pullback"": 17}}}",,union_superset_approx
base,replay_base_2024-10-31,2024-10-31T00:00:00+00:00,2024-10-31,low_value,"['GOOGL', 'NFLX', 'GOOG', 'CRM', 'TSLA', 'CSCO', 'BWXT', 'PANW', 'NVDA', 'PYPL', 'AMZN', 'CRH', 'EME', 'BAH', 'VMC', 'EQIX']",16,0.11245229227019826,up,"{""ai_enabler"": 10, ""ai_peripheral"": 7, ""core_ai"": 9}","{""ai_enabler"": [""PYPL"", ""GOOGL"", ""NFLX"", ""AMZN"", ""GOOG"", ""CRH"", ""EME"", ""TSLA"", ""CSCO"", ""BWXT""], ""ai_peripheral"": [""PYPL"", ""CRH"", ""EME"", ""BAH"", ""VMC"", ""BWXT"", ""EQIX""], ""core_ai"": [""GOOGL"", ""NFLX"", ""GOOG"", ""CRM"", ""TSLA"", ""CSCO"", ""BWXT"", ""PANW"", ""NVDA""]}","{""ai_enabler"": {""first_fail"": {""top_count"": 208, ""top_pct"": 0.3205, ""top_reason"": ""min_dollar_volume""}, ""layer_summary"": {""base_hard"": {""before"": 649, ""pass_rate"": 0.14791987673343607, ""remaining"": 96, ""removed"": 216}, ""quality_or_theme_hard"": {""before"": 253, ""pass_rate"": 0.3794466403162055, ""remaining"": 96, ""removed"": 35}, ""valuation_hard"": {""before"": 433, ""pass_rate"": 0.302540415704388, ""remaining"": 131, ""removed"": 302}}, ""n_filtered"": 96, ""n_input"": 649, ""n_ranked"": 15, ""near_miss"": {""reasons"": [{""count"": 1, ""layer"": ""valuation_hard"", ""pct"": 0.0015408320493066256, ""reason"": ""min_return_20d""}, {""count"": 1, ""layer"": ""valuation_hard"", ""pct"": 0.0015408320493066256, ""reason"": ""max_ps_percentile_in_sic""}], ""top_count"": 1, ""top_pct"": 0.0015408320493066256, ""top_reason"": ""min_return_20d""}}, ""ai_peripheral"": {""first_fail"": {""top_count"": 208, ""top_pct"": 0.3205, ""top_reason"": ""min_dollar_volume""}, ""layer_summary"": {""base_hard"": {""before"": 649, ""pass_rate"": 0.06317411402157165, ""remaining"": 41, ""removed"": 272}, ""quality_or_theme_hard"": {""before"": 262, ""pass_rate"": 0.3702290076335878, ""remaining"": 97, ""removed"": 35}, ""valuation_hard"": {""before"": 433, ""pass_rate"": 0.30484988452655887, ""remaining"": 132, ""removed"": 301}}, ""n_filtered"": 41, ""n_input"": 649, ""n_ranked"": 7, ""near_miss"": {""reasons"": [{""count"": 1, ""layer"": ""valuation_hard"", ""pct"": 0.0015408320493066256, ""reason"": ""min_return_20d""}, {""count"": 1, ""layer"": ""valuation_hard"", ""pct"": 0.0015408320493066256, ""reason"": ""max_ps_hist_percentile""}], ""top_count"": 1, ""top_pct"": 0.0015408320493066256, ""top_reason"": ""min_return_20d""}}, ""core_ai"": {""first_fail"": {""top_count"": 208, ""top_pct"": 0.3205, ""top_reason"": ""min_dollar_volume""}, ""layer_summary"": {""base_hard"": {""before"": 649, ""pass_rate"": 0.053929121725731895, ""remaining"": 35, ""removed"": 261}, ""quality_or_theme_hard"": {""before"": 226, ""pass_rate"": 0.35398230088495575, ""remaining"": 80, ""removed"": 34}, ""valuation_hard"": {""before"": 433, ""pass_rate"": 0.2632794457274827, ""remaining"": 114, ""removed"": 319}}, ""n_filtered"": 35, ""n_input"": 649, ""n_ranked"": 9, ""near_miss"": {""reasons"": [{""count"": 2, ""layer"": ""valuation_hard"", ""pct"": 0.0030816640986132513, ""reason"": ""max_ps_percentile_in_sic""}, {""count"": 1, ""layer"": ""valuation_hard"", ""pct"": 0.0015408320493066256, ""reason"": ""min_return_20d""}], ""top_count"": 2, ""top_pct"": 0.0030816640986132513, ""top_reason"": ""max_ps_percentile_in_sic""}}}",,union_superset_approx
base,replay_base_2024-10-31,2024-10-31T00:00:00+00:00,2024-10-31,industry_trend,"['GOOGL', 'AMZN', 'NFLX', 'TSLA', 'MSFT', 'GOOG', 'ANET', 'NVDA', 'CSCO', 'BKNG', 'CRM', 'ETN', 'VMC', 'CRH', 'PH', 'GEV', 'ETR', 'CAT', 'UNP', 'PYPL', 'PWR']",21,0.11245229227019826,up,"{""ai_enabler"": 10, ""ai_peripheral"": 10, ""core_ai"": 10}","{""ai_enabler"": [""NFLX"", ""AMZN"", ""GOOGL"", ""TSLA"", ""CRM"", ""GOOG"", ""ANET"", ""ETN"", ""CSCO"", ""VMC""], ""ai_peripheral"": [""ETN"", ""VMC"", ""CRH"", ""PH"", ""GEV"", ""ETR"", ""CAT"", ""UNP"", ""PYPL"", ""PWR""], ""core_ai"": [""GOOGL"", ""AMZN"", ""NFLX"", ""TSLA"", ""MSFT"", ""GOOG"", ""ANET"", ""NVDA"", ""CSCO"", ""BKNG""]}","{""ai_enabler"": {""first_fail"": {""top_count"": 208, ""top_pct"": 0.3205, ""top_reason"": ""min_dollar_volume""}, ""layer_summary"": {""base_hard"": {""before"": 649, ""pass_rate"": 0.4745762711864407, ""remaining"": 308, ""removed"": 216}, ""quality_or_theme_hard"": {""before"": 433, ""pass_rate"": 0.7113163972286374, ""remaining"": 308, ""removed"": 125}}, ""n_filtered"": 308, ""n_input"": 649, ""n_ranked"": 90, ""near_miss"": {""reasons"": [{""count"": 4, ""layer"": ""valuation_hard"", ""pct"": 0.0061633281972265025, ""reason"": ""max_ps_hist_percentile""}, {""count"": 3, ""layer"": ""quality_or_theme_hard"", ""pct"": 0.004622496147919877, ""reason"": ""min_current_ratio""}, {""count"": 2, ""layer"": ""quality_or_theme_hard"", ""pct"": 0.0030816640986132513, ""reason"": ""min_revenue_yoy""}, {""count"": 2, ""layer"": ""quality_or_theme_hard"", ""pct"": 0.0030816640986132513, ""reason"": ""min_net_income_yoy""}, {""count"": 2, ""layer"": ""quality_or_theme_hard"", ""pct"": 0.0030816640986132513, ""reason"": ""max_ev_to_ebit""}], ""top_count"": 4, ""top_pct"": 0.0061633281972265025, ""top_reason"": ""max_ps_hist_percentile""}}, ""ai_peripheral"": {""first_fail"": {""top_count"": 208, ""top_pct"": 0.3205, ""top_reason"": ""min_dollar_volume""}, ""layer_summary"": {""base_hard"": {""before"": 649, ""pass_rate"": 0.23728813559322035, ""remaining"": 154, ""removed"": 370}, ""quality_or_theme_hard"": {""before"": 433, ""pass_rate"": 0.3556581986143187, ""remaining"": 154, ""removed"": 125}}, ""n_filtered"": 154, ""n_input"": 649, ""n_ranked"": 75, ""near_miss"": {""reasons"": [{""count"": 6, ""layer"": ""base_hard"", ""pct"": 0.009244992295839754, ""reason"": ""channel_bucket_match""}, {""count"": 4, ""layer"": ""valuation_hard"", ""pct"": 0.0061633281972265025, ""reason"": ""max_ps_hist_percentile""}, {""count"": 3, ""layer"": ""quality_or_theme_hard"", ""pct"": 0.004622496147919877, ""reason"": ""min_current_ratio""}, {""count"": 2, ""layer"": ""quality_or_theme_hard"", ""pct"": 0.0030816640986132513, ""reason"": ""min_ai_link_score""}, {""count"": 1, ""layer"": ""quality_or_theme_hard"", ""pct"": 0.0015408320493066256, ""reason"": ""min_net_income_yoy""}], ""top_count"": 6, ""top_pct"": 0.009244992295839754, ""top_reason"": ""channel_bucket_match""}}, ""core_ai"": {""first_fail"": {""top_count"": 208, ""top_pct"": 0.3205, ""top_reason"": ""min_dollar_volume""}, ""layer_summary"": {""base_hard"": {""before"": 649, ""pass_rate"": 0.15716486902927582, ""remaining"": 102, ""removed"": 422}, ""quality_or_theme_hard"": {""before"": 433, ""pass_rate"": 0.23556581986143188, ""remaining"": 102, ""removed"": 125}}, ""n_filtered"": 102, ""n_input"": 649, ""n_ranked"": 27, ""near_miss"": {""reasons"": [{""count"": 4, ""layer"": ""valuation_hard"", ""pct"": 0.0061633281972265025, ""reason"": ""max_ps_percentile_in_sic""}, {""count"": 2, ""layer"": ""valuation_hard"", ""pct"": 0.0030816640986132513, ""reason"": ""max_ps_hist_percentile""}, {""count"": 2, ""layer"": ""quality_or_theme_hard"", ""pct"": 0.0030816640986132513, ""reason"": ""min_ai_link_score""}, {""count"": 1, ""layer"": ""quality_or_theme_hard"", ""pct"": 0.0015408320493066256, ""reason"": ""min_revenue_yoy""}, {""count"": 1, ""layer"": ""quality_or_theme_hard"", ""pct"": 0.0015408320493066256, ""reason"": ""min_net_income_yoy""}], ""top_count"": 4, ""top_pct"": 0.0061633281972265025, ""top_reason"": ""max_ps_percentile_in_sic""}}}",,union_superset_approx
base,replay_base_2024-10-31,2024-10-31T00:00:00+00:00,2024-10-31,momentum,"['GOOGL', 'AMZN', 'NFLX', 'CRM', 'TSLA', 'NVDA', 'GEV', 'CSCO', 'ZM', 'MRVL', 'ETR', 'CRH', 'ALAB', 'VMC', 'ETN', 'MLM', 'VRT', 'PYPL', 'KMI', 'NVT']",20,0.11245229227019826,up,"{""ai_enabler"": 10, ""ai_peripheral"": 10, ""core_ai"": 10}","{""ai_enabler"": [""NFLX"", ""AMZN"", ""GEV"", ""CRM"", ""TSLA"", ""GOOGL"", ""ZM"", ""ETR"", ""CRH"", ""ALAB""], ""ai_peripheral"": [""GEV"", ""CRH"", ""VMC"", ""ETR"", ""ETN"", ""MLM"", ""VRT"", ""PYPL"", ""KMI"", ""NVT""], ""core_ai"": [""GOOGL"", ""AMZN"", ""NFLX"", ""CRM"", ""TSLA"", ""NVDA"", ""GEV"", ""CSCO"", ""ZM"", ""MRVL""]}","{""ai_enabler"": {""first_fail"": {""top_count"": 208, ""top_pct"": 0.3205, ""top_reason"": ""min_dollar_volume""}, ""layer_summary"": {""base_hard"": {""before"": 649, ""pass_rate"": 0.4745762711864407, ""remaining"": 308, ""removed"": 216}, ""quality_or_theme_hard"": {""before"": 433, ""pass_rate"": 0.7113163972286374, ""remaining"": 308, ""removed"": 125}}, ""n_filtered"": 308, ""n_input"": 649, ""n_ranked"": 90, ""near_miss"": {""reasons"": [{""count"": 2, ""layer"": ""valuation_hard"", ""pct"": 0.0030816640986132513, ""reason"": ""max_ps_hist_percentile""}, {""count"": 1, ""layer"": ""quality_or_theme_hard"", ""pct"": 0.0015408320493066256, ""reason"": ""max_ev_to_ebit""}, {""count"": 1, ""layer"": ""quality_or_theme_hard"", ""pct"": 0.0015408320493066256, ""reason"": ""min_net_income_yoy""}, {""count"": 1, ""layer"": ""valuation_hard"", ""pct"": 0.0015408320493066256, ""reason"": ""momentum_min_return_20d""}, {""count"": 1, ""layer"": ""valuation_hard"", ""pct"": 0.0015408320493066256, ""reason"": ""momentum_min_return_60d""}], ""top_count"": 2, ""top_pct"": 0.0030816640986132513, ""top_reason"": ""max_ps_hist_percentile""}}, ""ai_peripheral"": {""first_fail"": {""top_count"": 208, ""top_pct"": 0.3205, ""top_reason"": ""min_dollar_volume""}, ""layer_summary"": {""base_hard"": {""before"": 649, ""pass_rate"": 0.23728813559322035, ""remaining"": 154, ""removed"": 370}, ""quality_or_theme_hard"": {""before"": 433, ""pass_rate"": 0.3556581986143187, ""remaining"": 154, ""removed"": 125}}, ""n_filtered"": 154, ""n_input"": 649, ""n_ranked"": 75, ""near_miss"": {""reasons"": [{""count"": 2, ""layer"": ""valuation_hard"", ""pct"": 0.0030816640986132513, ""reason"": ""max_ps_hist_percentile""}, {""count"": 1, ""layer"": ""base_hard"", ""pct"": 0.0015408320493066256, ""reason"": ""channel_bucket_match""}], ""top_count"": 2, ""top_pct"": 0.0030816640986132513, ""top_reason"": ""max_ps_hist_percentile""}}, ""core_ai"": {""first_fail"": {""top_count"": 208, ""top_pct"": 0.3205, ""top_reason"": ""min_dollar_volume""}, ""layer_summary"": {""base_hard"": {""before"": 649, ""pass_rate"": 0.15716486902927582, ""remaining"": 102, ""removed"": 422}, ""quality_or_theme_hard"": {""before"": 433, ""pass_rate"": 0.23556581986143188, ""remaining"": 102, ""removed"": 125}}, ""n_filtered"": 102, ""n_input"": 649, ""n_ranked"": 27, ""near_miss"": {""reasons"": [{""count"": 1, ""layer"": ""quality_or_theme_hard"", ""pct"": 0.0015408320493066256, ""reason"": ""max_ev_to_ebit""}, {""count"": 1, ""layer"": ""quality_or_theme_hard"", ""pct"": 0.0015408320493066256, ""reason"": ""min_net_income_yoy""}, {""count"": 1, ""layer"": ""valuation_hard"", ""pct"": 0.0015408320493066256, ""reason"": ""momentum_min_return_20d""}], ""top_count"": 1, ""top_pct"": 0.0015408320493066256, ""top_reason"": ""max_ev_to_ebit""}}}",,union_superset_approx
base,replay_base_2024-10-31,2024-10-31T00:00:00+00:00,2024-10-31,research_pool,"['EME', 'LMT', 'CMI', 'AKAM', 'BAH', 'CRH', 'RTX', 'TT', 'HWM', 'PWR', 'FCX', 'HII', 'SLB', 'IESC', 'DAL', 'MATX', 'BKR', 'MTH', 'G', 'APD', 'ANET', 'NFLX', 'LDOS', 'PYPL', 'CAT', 'LHX', 'CSCO', 'GOOG', 'GOOGL', 'PANW']",30,0.11245229227019826,up,"{""ai_enabler"": 10, ""ai_peripheral"": 10, ""core_ai"": 10}","{""ai_enabler"": [""EME"", ""LMT"", ""CMI"", ""AKAM"", ""BAH"", ""CRH"", ""RTX"", ""TT"", ""HWM"", ""PWR""], ""ai_peripheral"": [""FCX"", ""HII"", ""SLB"", ""IESC"", ""DAL"", ""MATX"", ""BKR"", ""MTH"", ""G"", ""APD""], ""core_ai"": [""ANET"", ""NFLX"", ""LDOS"", ""PYPL"", ""CAT"", ""LHX"", ""CSCO"", ""GOOG"", ""GOOGL"", ""PANW""]}","{""ai_enabler"": {""n_filtered"": 69, ""n_input"": 649, ""n_ranked"": 69, ""priority_counts"": {""left_side_watch"": 1, ""research_now"": 3, ""theme_only"": 54, ""watch_for_pullback"": 11}}, ""ai_peripheral"": {""n_filtered"": 48, ""n_input"": 649, ""n_ranked"": 48, ""priority_counts"": {""left_side_watch"": 2, ""research_now"": 1, ""theme_only"": 45}}, ""core_ai"": {""n_filtered"": 48, ""n_input"": 649, ""n_ranked"": 48, ""priority_counts"": {""left_side_watch"": 1, ""research_now"": 7, ""theme_only"": 22, ""watch_for_pullback"": 18}}}",,union_superset_approx
base,replay_base_2024-11-29,2024-11-29T00:00:00+00:00,2024-11-29,low_value,"['ANET', 'PYPL', 'NFLX', 'AMZN', 'CAT', 'CRM', 'ORCL', 'CSCO', 'TSLA', 'NVDA', 'CRH', 'EME', 'ACN', 'PH', 'GE', 'ETN', 'PWR', 'HWM']",18,0.10541495890529795,up,"{""ai_enabler"": 10, ""ai_peripheral"": 10, ""core_ai"": 10}","{""ai_enabler"": [""ANET"", ""PYPL"", ""NFLX"", ""AMZN"", ""CAT"", ""CRH"", ""CRM"", ""EME"", ""ACN"", ""PH""], ""ai_peripheral"": [""PYPL"", ""EME"", ""CRH"", ""CAT"", ""PH"", ""ACN"", ""GE"", ""ETN"", ""PWR"", ""HWM""], ""core_ai"": [""ANET"", ""PYPL"", ""NFLX"", ""AMZN"", ""CAT"", ""CRM"", ""ORCL"", ""CSCO"", ""TSLA"", ""NVDA""]}","{""ai_enabler"": {""first_fail"": {""top_count"": 297, ""top_pct"": 0.4576, ""top_reason"": ""min_dollar_volume""}, ""layer_summary"": {""base_hard"": {""before"": 649, ""pass_rate"": 0.2665639445300462, ""remaining"": 173, ""removed"": 304}, ""quality_or_theme_hard"": {""before"": 240, ""pass_rate"": 0.7208333333333333, ""remaining"": 173, ""removed"": 12}, ""valuation_hard"": {""before"": 345, ""pass_rate"": 0.5362318840579711, ""remaining"": 185, ""removed"": 160}}, ""n_filtered"": 173, ""n_input"": 649, ""n_ranked"": 22, ""near_miss"": {""reasons"": [{""count"": 2, ""layer"": ""valuation_hard"", ""pct"": 0.0030816640986132513, ""reason"": ""min_return_20d""}, {""count"": 2, ""layer"": ""valuation_hard"", ""pct"": 0.0030816640986132513, ""reason"": ""max_ps_hist_percentile""}], ""top_count"": 2, ""top_pct"": 0.0030816640986132513, ""top_reason"": ""min_return_20d""}}, ""ai_peripheral"": {""first_fail"": {""top_count"": 297, ""top_pct"": 0.4576, ""top_reason"": ""min_dollar_volume""}, ""layer_summary"": {""base_hard"": {""before"": 649, ""pass_rate"": 0.12480739599383667, ""remaining"": 81, ""removed"": 403}, ""quality_or_theme_hard"": {""before"": 247, ""pass_rate"": 0.728744939271255, ""remaining"": 180, ""removed"": 12}, ""valuation_hard"": {""before"": 345, ""pass_rate"": 0.5565217391304348, ""remaining"": 192, ""removed"": 153}}, ""n_filtered"": 81, ""n_input"": 649, ""n_ranked"": 16, ""near_miss"": {""reasons"": [{""count"": 4, ""layer"": ""valuation_hard"", ""pct"": 0.0061633281972265025, ""reason"": ""max_ps_hist_percentile""}, {""count"": 2, ""layer"": ""base_hard"", ""pct"": 0.0030816640986132513, ""reason"": ""channel_bucket_match""}], ""top_count"": 4, ""top_pct"": 0.0061633281972265025, ""top_reason"": ""max_ps_hist_percentile""}}, ""core_ai"": {""first_fail"": {""top_count"": 297, ""top_pct"": 0.4576, ""top_reason"": ""min_dollar_volume""}, ""layer_summary"": {""base_hard"": {""before"": 649, ""pass_rate"": 0.08012326656394453, ""remaining"": 52, ""removed"": 417}, ""quality_or_theme_hard"": {""before"": 231, ""pass_rate"": 0.7142857142857143, ""remaining"": 165, ""removed"": 12}, ""valuation_hard"": {""before"": 345, ""pass_rate"": 0.5130434782608696, ""remaining"": 177, ""removed"": 168}}, ""n_filtered"": 52, ""n_input"": 649, ""n_ranked"": 10, ""near_miss"": {""reasons"": [], ""top_count"": 0, ""top_pct"": 0.0, ""top_reason"": """"}}}",,union_superset_approx
base,replay_base_2024-11-29,2024-11-29T00:00:00+00:00,2024-11-29,industry_trend,"['AMZN', 'TSLA', 'MSFT', 'CRM', 'NFLX', 'GOOGL', 'ANET', 'IBM', 'LRCX', 'NVDA', 'ORCL', 'UNP', 'CAT', 'ETN', 'HWM', 'DE', 'KMI', 'PH', 'CRH', 'CSX', 'PYPL']",21,0.10541495890529795,up,"{""ai_enabler"": 10, ""ai_peripheral"": 10, ""core_ai"": 10}","{""ai_enabler"": [""TSLA"", ""NFLX"", ""AMZN"", ""CRM"", ""IBM"", ""ANET"", ""ORCL"", ""MSFT"", ""UNP"", ""CAT""], ""ai_peripheral"": [""ETN"", ""CAT"", ""HWM"", ""DE"", ""UNP"", ""KMI"", ""PH"", ""CRH"", ""CSX"", ""PYPL""], ""core_ai"": [""AMZN"", ""TSLA"", ""MSFT"", ""CRM"", ""NFLX"", ""GOOGL"", ""ANET"", ""IBM"", ""LRCX"", ""NVDA""]}","{""ai_enabler"": {""first_fail"": {""top_count"": 297, ""top_pct"": 0.4576, ""top_reason"": ""min_dollar_volume""}, ""layer_summary"": {""base_hard"": {""before"": 649, ""pass_rate"": 0.4946070878274268, ""remaining"": 321, ""removed"": 304}, ""quality_or_theme_hard"": {""before"": 345, ""pass_rate"": 0.9304347826086956, ""remaining"": 321, ""removed"": 24}}, ""n_filtered"": 321, ""n_input"": 649, ""n_ranked"": 89, ""near_miss"": {""reasons"": [{""count"": 5, ""layer"": ""valuation_hard"", ""pct"": 0.007704160246533128, ""reason"": ""max_ps_hist_percentile""}, {""count"": 3, ""layer"": ""valuation_hard"", ""pct"": 0.004622496147919877, ""reason"": ""trend_min_return_60d""}, {""count"": 2, ""layer"": ""quality_or_theme_hard"", ""pct"": 0.0030816640986132513, ""reason"": ""min_current_ratio""}, {""count"": 2, ""layer"": ""quality_or_theme_hard"", ""pct"": 0.0030816640986132513, ""reason"": ""min_ai_link_score""}, {""count"": 1, ""layer"": ""quality_or_theme_hard"", ""pct"": 0.0015408320493066256, ""reason"": ""min_net_income_yoy""}], ""top_count"": 5, ""top_pct"": 0.007704160246533128, ""top_reason"": ""max_ps_hist_percentile""}}, ""ai_peripheral"": {""first_fail"": {""top_count"": 297, ""top_pct"": 0.4576, ""top_reason"": ""min_dollar_volume""}, ""layer_summary"": {""base_hard"": {""before"": 649, ""pass_rate"": 0.2357473035439137, ""remaining"": 153, ""removed"": 472}, ""quality_or_theme_hard"": {""before"": 345, ""pass_rate"": 0.4434782608695652, ""remaining"": 153, ""removed"": 24}}, ""n_filtered"": 153, ""n_input"": 649, ""n_ranked"": 72, ""near_miss"": {""reasons"": [{""count"": 7, ""layer"": ""base_hard"", ""pct"": 0.01078582434514638, ""reason"": ""channel_bucket_match""}, {""count"": 5, ""layer"": ""valuation_hard"", ""pct"": 0.007704160246533128, ""reason"": ""max_ps_hist_percentile""}, {""count"": 2, ""layer"": ""quality_or_theme_hard"", ""pct"": 0.0030816640986132513, ""reason"": ""min_current_ratio""}, {""count"": 1, ""layer"": ""quality_or_theme_hard"", ""pct"": 0.0015408320493066256, ""reason"": ""min_net_income_yoy""}, {""count"": 1, ""layer"": ""valuation_hard"", ""pct"": 0.0015408320493066256, ""reason"": ""trend_min_return_60d""}], ""top_count"": 7, ""top_pct"": 0.01078582434514638, ""top_reason"": ""channel_bucket_match""}}, ""core_ai"": {""first_fail"": {""top_count"": 297, ""top_pct"": 0.4576, ""top_reason"": ""min_dollar_volume""}, ""layer_summary"": {""base_hard"": {""before"": 649, ""pass_rate"": 0.15870570107858242, ""remaining"": 103, ""removed"": 522}, ""quality_or_theme_hard"": {""before"": 345, ""pass_rate"": 0.2985507246376812, ""remaining"": 103, ""removed"": 24}}, ""n_filtered"": 103, ""n_input"": 649, ""n_ranked"": 27, ""near_miss"": {""reasons"": [{""count"": 2, ""layer"": ""valuation_hard"", ""pct"": 0.0030816640986132513, ""reason"": ""max_ps_percentile_in_sic""}, {""count"": 2, ""layer"": ""valuation_hard"", ""pct"": 0.0030816640986132513, ""reason"": ""trend_min_return_60d""}, {""count"": 2, ""layer"": ""valuation_hard"", ""pct"": 0.0030816640986132513, ""reason"": ""max_ps_hist_percentile""}, {""count"": 1, ""layer"": ""quality_or_theme_hard"", ""pct"": 0.0015408320493066256, ""reason"": ""min_net_income_yoy""}, {""count"": 1, ""layer"": ""quality_or_theme_hard"", ""pct"": 0.0015408320493066256, ""reason"": ""min_ai_link_score""}], ""top_count"": 2, ""top_pct"": 0.0030816640986132513, ""top_reason"": ""max_ps_percentile_in_sic""}}}",,union_superset_approx
base,replay_base_2024-11-29,2024-11-29T00:00:00+00:00,2024-11-29,momentum,"['TSLA', 'AMZN', 'SNOW', 'CRM', 'NFLX', 'ORCL', 'ALAB', 'RKLB', 'IBM', 'INTC', 'PLTR', 'ANET', 'HWM', 'ETN', 'DE', 'OKE', 'KMI', 'PWR', 'VRT', 'EME', 'CAT', 'PH']",22,0.10541495890529795,up,"{""ai_enabler"": 10, ""ai_peripheral"": 10, ""core_ai"": 10}","{""ai_enabler"": [""TSLA"", ""NFLX"", ""SNOW"", ""AMZN"", ""ALAB"", ""CRM"", ""PLTR"", ""IBM"", ""RKLB"", ""ANET""], ""ai_peripheral"": [""HWM"", ""ETN"", ""DE"", ""OKE"", ""KMI"", ""PWR"", ""VRT"", ""EME"", ""CAT"", ""PH""], ""core_ai"": [""TSLA"", ""AMZN"", ""SNOW"", ""CRM"", ""NFLX"", ""ORCL"", ""ALAB"", ""RKLB"", ""IBM"", ""INTC""]}","{""ai_enabler"": {""first_fail"": {""top_count"": 297, ""top_pct"": 0.4576, ""top_reason"": ""min_dollar_volume""}, ""layer_summary"": {""base_hard"": {""before"": 649, ""pass_rate"": 0.4946070878274268, ""remaining"": 321, ""removed"": 304}, ""quality_or_theme_hard"": {""before"": 345, ""pass_rate"": 0.9304347826086956, ""remaining"": 321, ""removed"": 24}}, ""n_filtered"": 321, ""n_input"": 649, ""n_ranked"": 89, ""near_miss"": {""reasons"": [{""count"": 3, ""layer"": ""valuation_hard"", ""pct"": 0.004622496147919877, ""reason"": ""max_ps_hist_percentile""}, {""count"": 1, ""layer"": ""quality_or_theme_hard"", ""pct"": 0.0015408320493066256, ""reason"": ""min_net_income_yoy""}, {""count"": 1, ""layer"": ""quality_or_theme_hard"", ""pct"": 0.0015408320493066256, ""reason"": ""min_ai_link_score""}], ""top_count"": 3, ""top_pct"": 0.004622496147919877, ""top_reason"": ""max_ps_hist_percentile""}}, ""ai_peripheral"": {""first_fail"": {""top_count"": 297, ""top_pct"": 0.4576, ""top_reason"": ""min_dollar_volume""}, ""layer_summary"": {""base_hard"": {""before"": 649, ""pass_rate"": 0.2357473035439137, ""remaining"": 153, ""removed"": 472}, ""quality_or_theme_hard"": {""before"": 345, ""pass_rate"": 0.4434782608695652, ""remaining"": 153, ""removed"": 24}}, ""n_filtered"": 153, ""n_input"": 649, ""n_ranked"": 72, ""near_miss"": {""reasons"": [{""count"": 4, ""layer"": ""valuation_hard"", ""pct"": 0.0061633281972265025, ""reason"": ""max_ps_hist_percentile""}, {""count"": 3, ""layer"": ""base_hard"", ""pct"": 0.004622496147919877, ""reason"": ""channel_bucket_match""}], ""top_count"": 4, ""top_pct"": 0.0061633281972265025, ""top_reason"": ""max_ps_hist_percentile""}}, ""core_ai"": {""first_fail"": {""top_count"": 297, ""top_pct"": 0.4576, ""top_reason"": ""min_dollar_volume""}, ""layer_summary"": {""base_hard"": {""before"": 649, ""pass_rate"": 0.15870570107858242, ""remaining"": 103, ""removed"": 522}, ""quality_or_theme_hard"": {""before"": 345, ""pass_rate"": 0.2985507246376812, ""remaining"": 103, ""removed"": 24}}, ""n_filtered"": 103, ""n_input"": 649, ""n_ranked"": 27, ""near_miss"": {""reasons"": [{""count"": 2, ""layer"": ""valuation_hard"", ""pct"": 0.0030816640986132513, ""reason"": ""max_ps_hist_percentile""}, {""count"": 1, ""layer"": ""quality_or_theme_hard"", ""pct"": 0.0015408320493066256, ""reason"": ""min_net_income_yoy""}, {""count"": 1, ""layer"": ""quality_or_theme_hard"", ""pct"": 0.0015408320493066256, ""reason"": ""min_ai_link_score""}], ""top_count"": 2, ""top_pct"": 0.0030816640986132513, ""top_reason"": ""max_ps_hist_percentile""}}}",,union_superset_approx
base,replay_base_2024-11-29,2024-11-29T00:00:00+00:00,2024-11-29,research_pool,"['EME', 'OKLO', 'GE', 'CHKP', 'ACN', 'ATEN', 'CMI', 'CRH', 'QLYS', 'TT', 'FCX', 'HII', 'NEM', 'IESC', 'WWD', 'DAL', 'G', 'EEFT', 'SLB', 'LYB', 'ANET', 'NFLX', 'PYPL', 'LDOS', 'QCOM', 'CAT', 'CSCO', 'GOOG', 'GOOGL', 'PANW']",30,0.10541495890529795,up,"{""ai_enabler"": 10, ""ai_peripheral"": 10, ""core_ai"": 10}","{""ai_enabler"": [""EME"", ""OKLO"", ""GE"", ""CHKP"", ""ACN"", ""ATEN"", ""CMI"", ""CRH"", ""QLYS"", ""TT""], ""ai_peripheral"": [""FCX"", ""HII"", ""NEM"", ""IESC"", ""WWD"", ""DAL"", ""G"", ""EEFT"", ""SLB"", ""LYB""], ""core_ai"": [""ANET"", ""NFLX"", ""PYPL"", ""LDOS"", ""QCOM"", ""CAT"", ""CSCO"", ""GOOG"", ""GOOGL"", ""PANW""]}","{""ai_enabler"": {""n_filtered"": 77, ""n_input"": 649, ""n_ranked"": 77, ""priority_counts"": {""left_side_watch"": 3, ""research_now"": 7, ""theme_only"": 55, ""watch_for_pullback"": 12}}, ""ai_peripheral"": {""n_filtered"": 52, ""n_input"": 649, ""n_ranked"": 52, ""priority_counts"": {""left_side_watch"": 1, ""research_now"": 2, ""theme_only"": 49}}, ""core_ai"": {""n_filtered"": 49, ""n_input"": 649, ""n_ranked"": 49, ""priority_counts"": {""research_now"": 7, ""theme_only"": 24, ""watch_for_pullback"": 18}}}",,union_superset_approx
base,replay_base_2024-12-31,2024-12-31T00:00:00+00:00,2024-12-31,low_value,"['ANET', 'GOOGL', 'GOOG', 'AMZN', 'TSLA', 'PLTR']",6,0.048956644848882735,up,"{""ai_enabler"": 6, ""ai_peripheral"": 0, ""core_ai"": 6}","{""ai_enabler"": [""ANET"", ""GOOGL"", ""GOOG"", ""AMZN"", ""TSLA"", ""PLTR""], ""ai_peripheral"": [], ""core_ai"": [""ANET"", ""GOOGL"", ""GOOG"", ""AMZN"", ""TSLA"", ""PLTR""]}","{""ai_enabler"": {""first_fail"": {""top_count"": 268, ""top_pct"": 0.4117, ""top_reason"": ""min_dollar_volume""}, ""layer_summary"": {""base_hard"": {""before"": 651, ""pass_rate"": 0.03840245775729647, ""remaining"": 25, ""removed"": 273}, ""quality_or_theme_hard"": {""before"": 169, ""pass_rate"": 0.14792899408284024, ""remaining"": 25, ""removed"": 5}, ""valuation_hard"": {""before"": 378, ""pass_rate"": 0.07936507936507936, ""remaining"": 30, ""removed"": 348}}, ""n_filtered"": 25, ""n_input"": 651, ""n_ranked"": 6, ""near_miss"": {""reasons"": [{""count"": 1, ""layer"": ""valuation_hard"", ""pct"": 0.0015360983102918587, ""reason"": ""min_drawdown_percentile""}], ""top_count"": 1, ""top_pct"": 0.0015360983102918587, ""top_reason"": ""min_drawdown_percentile""}}, ""ai_peripheral"": {""first_fail"": {""top_count"": 268, ""top_pct"": 0.4117, ""top_reason"": ""min_dollar_volume""}, ""layer_summary"": {""base_hard"": {""before"": 651, ""pass_rate"": 0.0030721966205837174, ""remaining"": 2, ""removed"": 297}, ""quality_or_theme_hard"": {""before"": 185, ""pass_rate"": 0.14054054054054055, ""remaining"": 26, ""removed"": 5}, ""valuation_hard"": {""before"": 378, ""pass_rate"": 0.082010582010582, ""remaining"": 31, ""removed"": 347}}, ""n_filtered"": 2, ""n_input"": 651, ""n_ranked"": 0, ""near_miss"": {""reasons"": [], ""top_count"": 0, ""top_pct"": 0.0, ""top_reason"": """"}}, ""core_ai"": {""first_fail"": {""top_count"": 268, ""top_pct"": 0.4117, ""top_reason"": ""min_dollar_volume""}, ""layer_summary"": {""base_hard"": {""before"": 651, ""pass_rate"": 0.019969278033794162, ""remaining"": 13, ""removed"": 283}, ""quality_or_theme_hard"": {""before"": 150, ""pass_rate"": 0.15333333333333332, ""remaining"": 23, ""removed"": 5}, ""valuation_hard"": {""before"": 378, ""pass_rate"": 0.07407407407407407, ""remaining"": 28, ""removed"": 350}}, ""n_filtered"": 13, ""n_input"": 651, ""n_ranked"": 6, ""near_miss"": {""reasons"": [], ""top_count"": 0, ""top_pct"": 0.0, ""top_reason"": """"}}}",,union_superset_approx
base,replay_base_2024-12-31,2024-12-31T00:00:00+00:00,2024-12-31,industry_trend,"['GOOGL', 'GOOG', 'AMZN', 'MSFT', 'TSLA', 'NFLX', 'ANET', 'CSCO', 'AAPL', 'NVDA', 'CRM', 'IBM', 'UNP', 'PYPL', 'GEV', 'RTX', 'ACN', 'BA', 'HWM', 'CAT', 'ETN', 'KMI']",22,0.048956644848882735,up,"{""ai_enabler"": 10, ""ai_peripheral"": 10, ""core_ai"": 10}","{""ai_enabler"": [""GOOGL"", ""GOOG"", ""AMZN"", ""ANET"", ""CRM"", ""NFLX"", ""TSLA"", ""IBM"", ""AAPL"", ""UNP""], ""ai_peripheral"": [""UNP"", ""PYPL"", ""GEV"", ""RTX"", ""ACN"", ""BA"", ""HWM"", ""CAT"", ""ETN"", ""KMI""], ""core_ai"": [""GOOGL"", ""GOOG"", ""AMZN"", ""MSFT"", ""TSLA"", ""NFLX"", ""ANET"", ""CSCO"", ""AAPL"", ""NVDA""]}","{""ai_enabler"": {""first_fail"": {""top_count"": 268, ""top_pct"": 0.4117, ""top_reason"": ""min_dollar_volume""}, ""layer_summary"": {""base_hard"": {""before"": 651, ""pass_rate"": 0.4807987711213518, ""remaining"": 313, ""removed"": 273}, ""quality_or_theme_hard"": {""before"": 378, ""pass_rate"": 0.828042328042328, ""remaining"": 313, ""removed"": 65}}, ""n_filtered"": 313, ""n_input"": 651, ""n_ranked"": 87, ""near_miss"": {""reasons"": [{""count"": 9, ""layer"": ""valuation_hard"", ""pct"": 0.013824884792626729, ""reason"": ""trend_min_return_60d""}, {""count"": 6, ""layer"": ""valuation_hard"", ""pct"": 0.009216589861751152, ""reason"": ""max_ps_hist_percentile""}, {""count"": 2, ""layer"": ""quality_or_theme_hard"", ""pct"": 0.0030721966205837174, ""reason"": ""min_net_income_yoy""}, {""count"": 2, ""layer"": ""quality_or_theme_hard"", ""pct"": 0.0030721966205837174, ""reason"": ""min_ai_link_score""}, {""count"": 1, ""layer"": ""valuation_hard"", ""pct"": 0.0015360983102918587, ""reason"": ""max_ps_percentile_in_sic""}], ""top_count"": 9, ""top_pct"": 0.013824884792626729, ""top_reason"": ""trend_min_return_60d""}}, ""ai_peripheral"": {""first_fail"": {""top_count"": 268, ""top_pct"": 0.4117, ""top_reason"": ""min_dollar_volume""}, ""layer_summary"": {""base_hard"": {""before"": 651, ""pass_rate"": 0.21812596006144394, ""remaining"": 142, ""removed"": 444}, ""quality_or_theme_hard"": {""before"": 378, ""pass_rate"": 0.37566137566137564, ""remaining"": 142, ""removed"": 65}}, ""n_filtered"": 142, ""n_input"": 651, ""n_ranked"": 71, ""near_miss"": {""reasons"": [{""count"": 5, ""layer"": ""valuation_hard"", ""pct"": 0.007680491551459293, ""reason"": ""trend_min_return_60d""}, {""count"": 4, ""layer"": ""valuation_hard"", ""pct"": 0.006144393241167435, ""reason"": ""max_ps_hist_percentile""}, {""count"": 3, ""layer"": ""quality_or_theme_hard"", ""pct"": 0.004608294930875576, ""reason"": ""min_current_ratio""}, {""count"": 3, ""layer"": ""base_hard"", ""pct"": 0.004608294930875576, ""reason"": ""channel_bucket_match""}, {""count"": 2, ""layer"": ""base_hard"", ""pct"": 0.0030721966205837174, ""reason"": ""trend_min_avg_dollar_volume_20d""}], ""top_count"": 5, ""top_pct"": 0.007680491551459293, ""top_reason"": ""trend_min_return_60d""}}, ""core_ai"": {""first_fail"": {""top_count"": 268, ""top_pct"": 0.4117, ""top_reason"": ""min_dollar_volume""}, ""layer_summary"": {""base_hard"": {""before"": 651, ""pass_rate"": 0.16436251920122888, ""remaining"": 107, ""removed"": 479}, ""quality_or_theme_hard"": {""before"": 378, ""pass_rate"": 0.2830687830687831, ""remaining"": 107, ""removed"": 65}}, ""n_filtered"": 107, ""n_input"": 651, ""n_ranked"": 28, ""near_miss"": {""reasons"": [{""count"": 3, ""layer"": ""valuation_hard"", ""pct"": 0.004608294930875576, ""reason"": ""trend_min_return_60d""}, {""count"": 1, ""layer"": ""quality_or_theme_hard"", ""pct"": 0.0015360983102918587, ""reason"": ""min_net_income_yoy""}, {""count"": 1, ""layer"": ""valuation_hard"", ""pct"": 0.0015360983102918587, ""reason"": ""max_ps_percentile_in_sic""}, {""count"": 1, ""layer"": ""base_hard"", ""pct"": 0.0015360983102918587, ""reason"": ""trend_min_avg_dollar_volume_20d""}, {""count"": 1, ""layer"": ""valuation_hard"", ""pct"": 0.0015360983102918587, ""reason"": ""max_ps_hist_percentile""}], ""top_count"": 3, ""top_pct"": 0.004608294930875576, ""top_reason"": ""trend_min_return_60d""}}}",,union_superset_approx
base,replay_base_2024-12-31,2024-12-31T00:00:00+00:00,2024-12-31,momentum,"['GOOGL', 'GOOG', 'AMZN', 'ANET', 'TSLA', 'CRM', 'MRVL', 'NFLX', 'CSCO', 'ALAB', 'BA', 'PYPL', 'GEV', 'UNP', 'RTX', 'KMI', 'ETR', 'ACN', 'HWM', 'GD']",20,0.048956644848882735,up,"{""ai_enabler"": 10, ""ai_peripheral"": 10, ""core_ai"": 10}","{""ai_enabler"": [""GOOGL"", ""GOOG"", ""ANET"", ""AMZN"", ""TSLA"", ""CRM"", ""BA"", ""MRVL"", ""NFLX"", ""ALAB""], ""ai_peripheral"": [""BA"", ""PYPL"", ""GEV"", ""UNP"", ""RTX"", ""KMI"", ""ETR"", ""ACN"", ""HWM"", ""GD""], ""core_ai"": [""GOOGL"", ""GOOG"", ""AMZN"", ""ANET"", ""TSLA"", ""CRM"", ""MRVL"", ""NFLX"", ""CSCO"", ""ALAB""]}","{""ai_enabler"": {""first_fail"": {""top_count"": 268, ""top_pct"": 0.4117, ""top_reason"": ""min_dollar_volume""}, ""layer_summary"": {""base_hard"": {""before"": 651, ""pass_rate"": 0.4807987711213518, ""remaining"": 313, ""removed"": 273}, ""quality_or_theme_hard"": {""before"": 378, ""pass_rate"": 0.828042328042328, ""remaining"": 313, ""removed"": 65}}, ""n_filtered"": 313, ""n_input"": 651, ""n_ranked"": 87, ""near_miss"": {""reasons"": [{""count"": 3, ""layer"": ""valuation_hard"", ""pct"": 0.004608294930875576, ""reason"": ""max_ps_hist_percentile""}, {""count"": 1, ""layer"": ""valuation_hard"", ""pct"": 0.0015360983102918587, ""reason"": ""momentum_min_return_20d""}], ""top_count"": 3, ""top_pct"": 0.004608294930875576, ""top_reason"": ""max_ps_hist_percentile""}}, ""ai_peripheral"": {""first_fail"": {""top_count"": 268, ""top_pct"": 0.4117, ""top_reason"": ""min_dollar_volume""}, ""layer_summary"": {""base_hard"": {""before"": 651, ""pass_rate"": 0.21812596006144394, ""remaining"": 142, ""removed"": 444}, ""quality_or_theme_hard"": {""before"": 378, ""pass_rate"": 0.37566137566137564, ""remaining"": 142, ""removed"": 65}}, ""n_filtered"": 142, ""n_input"": 651, ""n_ranked"": 71, ""near_miss"": {""reasons"": [{""count"": 1, ""layer"": ""base_hard"", ""pct"": 0.0015360983102918587, ""reason"": ""channel_bucket_match""}], ""top_count"": 1, ""top_pct"": 0.0015360983102918587, ""top_reason"": ""channel_bucket_match""}}, ""core_ai"": {""first_fail"": {""top_count"": 268, ""top_pct"": 0.4117, ""top_reason"": ""min_dollar_volume""}, ""layer_summary"": {""base_hard"": {""before"": 651, ""pass_rate"": 0.16436251920122888, ""remaining"": 107, ""removed"": 479}, ""quality_or_theme_hard"": {""before"": 378, ""pass_rate"": 0.2830687830687831, ""remaining"": 107, ""removed"": 65}}, ""n_filtered"": 107, ""n_input"": 651, ""n_ranked"": 28, ""near_miss"": {""reasons"": [{""count"": 1, ""layer"": ""valuation_hard"", ""pct"": 0.0015360983102918587, ""reason"": ""momentum_min_return_20d""}, {""count"": 1, ""layer"": ""base_hard"", ""pct"": 0.0015360983102918587, ""reason"": ""momentum_min_avg_dollar_volume_20d""}, {""count"": 1, ""layer"": ""valuation_hard"", ""pct"": 0.0015360983102918587, ""reason"": ""max_ps_hist_percentile""}], ""top_count"": 1, ""top_pct"": 0.0015360983102918587, ""top_reason"": ""momentum_min_return_20d""}}}",,union_superset_approx
base,replay_base_2024-12-31,2024-12-31T00:00:00+00:00,2024-12-31,research_pool,"['EME', 'HPE', 'OKLO', 'CMI', 'QLYS', 'AKAM', 'GD', 'CRH', 'RTX', 'VRT', 'HII', 'FCX', 'IESC', 'WWD', 'LEN', 'SLB', 'KEX', 'MATX', 'NEM', 'ECL', 'ANET', 'NFLX', 'PYPL', 'CSCO', 'DIS', 'GOOG', 'GOOGL', 'META', 'PANW', 'MSFT']",30,0.048956644848882735,up,"{""ai_enabler"": 10, ""ai_peripheral"": 10, ""core_ai"": 10}","{""ai_enabler"": [""EME"", ""HPE"", ""OKLO"", ""CMI"", ""QLYS"", ""AKAM"", ""GD"", ""CRH"", ""RTX"", ""VRT""], ""ai_peripheral"": [""HII"", ""FCX"", ""IESC"", ""WWD"", ""LEN"", ""SLB"", ""KEX"", ""MATX"", ""NEM"", ""ECL""], ""core_ai"": [""ANET"", ""NFLX"", ""PYPL"", ""CSCO"", ""DIS"", ""GOOG"", ""GOOGL"", ""META"", ""PANW"", ""MSFT""]}","{""ai_enabler"": {""n_filtered"": 64, ""n_input"": 651, ""n_ranked"": 64, ""priority_counts"": {""left_side_watch"": 3, ""research_now"": 4, ""theme_only"": 44, ""watch_for_pullback"": 13}}, ""ai_peripheral"": {""n_filtered"": 40, ""n_input"": 651, ""n_ranked"": 40, ""priority_counts"": {""left_side_watch"": 9, ""research_now"": 1, ""theme_only"": 30}}, ""core_ai"": {""n_filtered"": 43, ""n_input"": 651, ""n_ranked"": 43, ""priority_counts"": {""left_side_watch"": 7, ""research_now"": 5, ""theme_only"": 18, ""watch_for_pullback"": 13}}}",,union_superset_approx
base,replay_base_2025-01-31,2025-01-31T00:00:00+00:00,2025-01-31,low_value,"['ANET', 'PYPL', 'NFLX', 'GOOGL', 'GOOG', 'AMZN', 'FTNT', 'RTX', 'UNP', 'VRT', 'PH', 'CRH', 'GE', 'HWM', 'ACN', 'CMI']",16,0.07158244599002872,up,"{""ai_enabler"": 10, ""ai_peripheral"": 10, ""core_ai"": 7}","{""ai_enabler"": [""ANET"", ""PYPL"", ""NFLX"", ""RTX"", ""GOOGL"", ""GOOG"", ""AMZN"", ""UNP"", ""VRT"", ""PH""], ""ai_peripheral"": [""PYPL"", ""RTX"", ""CRH"", ""VRT"", ""UNP"", ""PH"", ""GE"", ""HWM"", ""ACN"", ""CMI""], ""core_ai"": [""ANET"", ""PYPL"", ""NFLX"", ""GOOGL"", ""GOOG"", ""AMZN"", ""FTNT""]}","{""ai_enabler"": {""first_fail"": {""top_count"": 195, ""top_pct"": 0.2991, ""top_reason"": ""min_dollar_volume""}, ""layer_summary"": {""base_hard"": {""before"": 652, ""pass_rate"": 0.17331288343558282, ""remaining"": 113, ""removed"": 199}, ""quality_or_theme_hard"": {""before"": 212, ""pass_rate"": 0.5330188679245284, ""remaining"": 113, ""removed"": 27}, ""valuation_hard"": {""before"": 453, ""pass_rate"": 0.3090507726269316, ""remaining"": 140, ""removed"": 313}}, ""n_filtered"": 113, ""n_input"": 652, ""n_ranked"": 16, ""near_miss"": {""reasons"": [], ""top_count"": 0, ""top_pct"": 0.0, ""top_reason"": """"}}, ""ai_peripheral"": {""first_fail"": {""top_count"": 195, ""top_pct"": 0.2991, ""top_reason"": ""min_dollar_volume""}, ""layer_summary"": {""base_hard"": {""before"": 652, ""pass_rate"": 0.06595092024539877, ""remaining"": 43, ""removed"": 274}, ""quality_or_theme_hard"": {""before"": 229, ""pass_rate"": 0.5152838427947598, ""remaining"": 118, ""removed"": 30}, ""valuation_hard"": {""before"": 453, ""pass_rate"": 0.32671081677704195, ""remaining"": 148, ""removed"": 305}}, ""n_filtered"": 43, ""n_input"": 652, ""n_ranked"": 12, ""near_miss"": {""reasons"": [{""count"": 2, ""layer"": ""base_hard"", ""pct"": 0.003067484662576687, ""reason"": ""channel_bucket_match""}], ""top_count"": 2, ""top_pct"": 0.003067484662576687, ""top_reason"": ""channel_bucket_match""}}, ""core_ai"": {""first_fail"": {""top_count"": 195, ""top_pct"": 0.2991, ""top_reason"": ""min_dollar_volume""}, ""layer_summary"": {""base_hard"": {""before"": 652, ""pass_rate"": 0.06288343558282208, ""remaining"": 41, ""removed"": 257}, ""quality_or_theme_hard"": {""before"": 186, ""pass_rate"": 0.532258064516129, ""remaining"": 99, ""removed"": 26}, ""valuation_hard"": {""before"": 453, ""pass_rate"": 0.27593818984547464, ""remaining"": 125, ""removed"": 328}}, ""n_filtered"": 41, ""n_input"": 652, ""n_ranked"": 7, ""near_miss"": {""reasons"": [{""count"": 1, ""layer"": ""valuation_hard"", ""pct"": 0.0015337423312883436, ""reason"": ""max_60d_volatility_percentile""}], ""top_count"": 1, ""top_pct"": 0.0015337423312883436, ""top_reason"": ""max_60d_volatility_percentile""}}}",,union_superset_approx
base,replay_base_2025-01-31,2025-01-31T00:00:00+00:00,2025-01-31,industry_trend,"['GOOGL', 'AMZN', 'KLAC', 'META', 'IBM', 'LRCX', 'NFLX', 'MSFT', 'ANET', 'QCOM', 'GOOG', 'UNP', 'PH', 'RTX', 'GE', 'UBER', 'GEV', 'CAT', 'CRH', 'DE', 'ACN']",21,0.07158244599002872,up,"{""ai_enabler"": 10, ""ai_peripheral"": 10, ""core_ai"": 10}","{""ai_enabler"": [""KLAC"", ""IBM"", ""AMZN"", ""GOOGL"", ""NFLX"", ""LRCX"", ""GOOG"", ""META"", ""ANET"", ""UNP""], ""ai_peripheral"": [""PH"", ""UNP"", ""RTX"", ""GE"", ""UBER"", ""GEV"", ""CAT"", ""CRH"", ""DE"", ""ACN""], ""core_ai"": [""GOOGL"", ""AMZN"", ""KLAC"", ""META"", ""IBM"", ""LRCX"", ""NFLX"", ""MSFT"", ""ANET"", ""QCOM""]}","{""ai_enabler"": {""first_fail"": {""top_count"": 195, ""top_pct"": 0.2991, ""top_reason"": ""min_dollar_volume""}, ""layer_summary"": {""base_hard"": {""before"": 652, ""pass_rate"": 0.5230061349693251, ""remaining"": 341, ""removed"": 199}, ""quality_or_theme_hard"": {""before"": 453, ""pass_rate"": 0.7527593818984547, ""remaining"": 341, ""removed"": 112}}, ""n_filtered"": 341, ""n_input"": 652, ""n_ranked"": 90, ""near_miss"": {""reasons"": [{""count"": 5, ""layer"": ""valuation_hard"", ""pct"": 0.007668711656441718, ""reason"": ""max_ps_hist_percentile""}, {""count"": 4, ""layer"": ""valuation_hard"", ""pct"": 0.006134969325153374, ""reason"": ""trend_min_return_60d""}, {""count"": 3, ""layer"": ""quality_or_theme_hard"", ""pct"": 0.004601226993865031, ""reason"": ""min_net_income_yoy""}, {""count"": 3, ""layer"": ""quality_or_theme_hard"", ""pct"": 0.004601226993865031, ""reason"": ""min_ai_link_score""}, {""count"": 2, ""layer"": ""base_hard"", ""pct"": 0.003067484662576687, ""reason"": ""trend_min_avg_dollar_volume_20d""}], ""top_count"": 5, ""top_pct"": 0.007668711656441718, ""top_reason"": ""max_ps_hist_percentile""}}, ""ai_peripheral"": {""first_fail"": {""top_count"": 195, ""top_pct"": 0.2991, ""top_reason"": ""min_dollar_volume""}, ""layer_summary"": {""base_hard"": {""before"": 652, ""pass_rate"": 0.2469325153374233, ""remaining"": 161, ""removed"": 379}, ""quality_or_theme_hard"": {""before"": 453, ""pass_rate"": 0.3554083885209713, ""remaining"": 161, ""removed"": 112}}, ""n_filtered"": 161, ""n_input"": 652, ""n_ranked"": 75, ""near_miss"": {""reasons"": [{""count"": 7, ""layer"": ""base_hard"", ""pct"": 0.010736196319018405, ""reason"": ""channel_bucket_match""}, {""count"": 4, ""layer"": ""valuation_hard"", ""pct"": 0.006134969325153374, ""reason"": ""max_ps_hist_percentile""}, {""count"": 3, ""layer"": ""valuation_hard"", ""pct"": 0.004601226993865031, ""reason"": ""trend_min_return_60d""}, {""count"": 2, ""layer"": ""quality_or_theme_hard"", ""pct"": 0.003067484662576687, ""reason"": ""min_net_income_yoy""}, {""count"": 2, ""layer"": ""quality_or_theme_hard"", ""pct"": 0.003067484662576687, ""reason"": ""min_ai_link_score""}], ""top_count"": 7, ""top_pct"": 0.010736196319018405, ""top_reason"": ""channel_bucket_match""}}, ""core_ai"": {""first_fail"": {""top_count"": 195, ""top_pct"": 0.2991, ""top_reason"": ""min_dollar_volume""}, ""layer_summary"": {""base_hard"": {""before"": 652, ""pass_rate"": 0.17024539877300612, ""remaining"": 111, ""removed"": 429}, ""quality_or_theme_hard"": {""before"": 453, ""pass_rate"": 0.24503311258278146, ""remaining"": 111, ""removed"": 112}}, ""n_filtered"": 111, ""n_input"": 652, ""n_ranked"": 27, ""near_miss"": {""reasons"": [{""count"": 1, ""layer"": ""quality_or_theme_hard"", ""pct"": 0.0015337423312883436, ""reason"": ""min_net_income_yoy""}, {""count"": 1, ""layer"": ""valuation_hard"", ""pct"": 0.0015337423312883436, ""reason"": ""max_ps_percentile_in_sic""}, {""count"": 1, ""layer"": ""valuation_hard"", ""pct"": 0.0015337423312883436, ""reason"": ""max_pe_percentile_in_sic""}, {""count"": 1, ""layer"": ""valuation_hard"", ""pct"": 0.0015337423312883436, ""reason"": ""trend_max_60d_volatility""}, {""count"": 1, ""layer"": ""quality_or_theme_hard"", ""pct"": 0.0015337423312883436, ""reason"": ""max_shares_yoy""}], ""top_count"": 1, ""top_pct"": 0.0015337423312883436, ""top_reason"": ""min_net_income_yoy""}}}",,union_superset_approx
base,replay_base_2025-01-31,2025-01-31T00:00:00+00:00,2025-01-31,momentum,"['KLAC', 'IBM', 'META', 'GOOGL', 'LRCX', 'AMZN', 'NFLX', 'GOOG', 'QCOM', 'ANET', 'GE', 'GEV', 'PH', 'UBER', 'HWM', 'RTX', 'UNP', 'DE', 'CRH', 'NSC']",20,0.07158244599002872,up,"{""ai_enabler"": 10, ""ai_peripheral"": 10, ""core_ai"": 10}","{""ai_enabler"": [""KLAC"", ""IBM"", ""LRCX"", ""META"", ""AMZN"", ""NFLX"", ""GOOGL"", ""GE"", ""QCOM"", ""GOOG""], ""ai_peripheral"": [""GEV"", ""PH"", ""UBER"", ""GE"", ""HWM"", ""RTX"", ""UNP"", ""DE"", ""CRH"", ""NSC""], ""core_ai"": [""KLAC"", ""IBM"", ""META"", ""GOOGL"", ""LRCX"", ""AMZN"", ""NFLX"", ""GOOG"", ""QCOM"", ""ANET""]}","{""ai_enabler"": {""first_fail"": {""top_count"": 195, ""top_pct"": 0.2991, ""top_reason"": ""min_dollar_volume""}, ""layer_summary"": {""base_hard"": {""before"": 652, ""pass_rate"": 0.5230061349693251, ""remaining"": 341, ""removed"": 199}, ""quality_or_theme_hard"": {""before"": 453, ""pass_rate"": 0.7527593818984547, ""remaining"": 341, ""removed"": 112}}, ""n_filtered"": 341, ""n_input"": 652, ""n_ranked"": 90, ""near_miss"": {""reasons"": [{""count"": 3, ""layer"": ""valuation_hard"", ""pct"": 0.004601226993865031, ""reason"": ""max_ps_hist_percentile""}, {""count"": 1, ""layer"": ""base_hard"", ""pct"": 0.0015337423312883436, ""reason"": ""momentum_min_avg_dollar_volume_20d""}], ""top_count"": 3, ""top_pct"": 0.004601226993865031, ""top_reason"": ""max_ps_hist_percentile""}}, ""ai_peripheral"": {""first_fail"": {""top_count"": 195, ""top_pct"": 0.2991, ""top_reason"": ""min_dollar_volume""}, ""layer_summary"": {""base_hard"": {""before"": 652, ""pass_rate"": 0.2469325153374233, ""remaining"": 161, ""removed"": 379}, ""quality_or_theme_hard"": {""before"": 453, ""pass_rate"": 0.3554083885209713, ""remaining"": 161, ""removed"": 112}}, ""n_filtered"": 161, ""n_input"": 652, ""n_ranked"": 75, ""near_miss"": {""reasons"": [{""count"": 4, ""layer"": ""base_hard"", ""pct"": 0.006134969325153374, ""reason"": ""channel_bucket_match""}, {""count"": 2, ""layer"": ""valuation_hard"", ""pct"": 0.003067484662576687, ""reason"": ""max_ps_hist_percentile""}], ""top_count"": 4, ""top_pct"": 0.006134969325153374, ""top_reason"": ""channel_bucket_match""}}, ""core_ai"": {""first_fail"": {""top_count"": 195, ""top_pct"": 0.2991, ""top_reason"": ""min_dollar_volume""}, ""layer_summary"": {""base_hard"": {""before"": 652, ""pass_rate"": 0.17024539877300612, ""remaining"": 111, ""removed"": 429}, ""quality_or_theme_hard"": {""before"": 453, ""pass_rate"": 0.24503311258278146, ""remaining"": 111, ""removed"": 112}}, ""n_filtered"": 111, ""n_input"": 652, ""n_ranked"": 27, ""near_miss"": {""reasons"": [], ""top_count"": 0, ""top_pct"": 0.0, ""top_reason"": """"}}}",,union_superset_approx
base,replay_base_2025-01-31,2025-01-31T00:00:00+00:00,2025-01-31,research_pool,"['EME', 'QLYS', 'HPE', 'NOC', 'CMI', 'BAH', 'AKAM', 'CRH', 'RTX', 'TT', 'HII', 'FCX', 'IESC', 'WWD', 'EEFT', 'DAL', 'VICI', 'G', 'MTH', 'KEX', 'KLAC', 'ANET', 'LDOS', 'NFLX', 'PYPL', 'QCOM', 'CSCO', 'DIS', 'OII', 'GOOG']",30,0.07158244599002872,up,"{""ai_enabler"": 10, ""ai_peripheral"": 10, ""core_ai"": 10}","{""ai_enabler"": [""EME"", ""QLYS"", ""HPE"", ""NOC"", ""CMI"", ""BAH"", ""AKAM"", ""CRH"", ""RTX"", ""TT""], ""ai_peripheral"": [""HII"", ""FCX"", ""IESC"", ""WWD"", ""EEFT"", ""DAL"", ""VICI"", ""G"", ""MTH"", ""KEX""], ""core_ai"": [""KLAC"", ""ANET"", ""LDOS"", ""NFLX"", ""PYPL"", ""QCOM"", ""CSCO"", ""DIS"", ""OII"", ""GOOG""]}","{""ai_enabler"": {""n_filtered"": 76, ""n_input"": 652, ""n_ranked"": 76, ""priority_counts"": {""research_now"": 5, ""theme_only"": 56, ""watch_for_pullback"": 15}}, ""ai_peripheral"": {""n_filtered"": 50, ""n_input"": 652, ""n_ranked"": 50, ""priority_counts"": {""left_side_watch"": 1, ""research_now"": 1, ""theme_only"": 48}}, ""core_ai"": {""n_filtered"": 48, ""n_input"": 652, ""n_ranked"": 48, ""priority_counts"": {""left_side_watch"": 1, ""research_now"": 8, ""theme_only"": 19, ""watch_for_pullback"": 20}}}",,union_superset_approx
base,replay_base_2025-02-28,2025-02-28T00:00:00+00:00,2025-02-28,low_value,"['CSCO', 'FTNT', 'RTX', 'HWM']",4,-0.0032565621689488733,down,"{""ai_enabler"": 4, ""ai_peripheral"": 2, ""core_ai"": 2}","{""ai_enabler"": [""RTX"", ""CSCO"", ""HWM"", ""FTNT""], ""ai_peripheral"": [""RTX"", ""HWM""], ""core_ai"": [""CSCO"", ""FTNT""]}","{""ai_enabler"": {""first_fail"": {""top_count"": 182, ""top_pct"": 0.2783, ""top_reason"": ""min_dollar_volume""}, ""layer_summary"": {""base_hard"": {""before"": 654, ""pass_rate"": 0.06574923547400612, ""remaining"": 43, ""removed"": 190}, ""quality_or_theme_hard"": {""before"": 158, ""pass_rate"": 0.2721518987341772, ""remaining"": 43, ""removed"": 9}, ""valuation_hard"": {""before"": 464, ""pass_rate"": 0.11206896551724138, ""remaining"": 52, ""removed"": 412}}, ""n_filtered"": 43, ""n_input"": 654, ""n_ranked"": 4, ""near_miss"": {""reasons"": [], ""top_count"": 0, ""top_pct"": 0.0, ""top_reason"": """"}}, ""ai_peripheral"": {""first_fail"": {""top_count"": 182, ""top_pct"": 0.2783, ""top_reason"": ""min_dollar_volume""}, ""layer_summary"": {""base_hard"": {""before"": 654, ""pass_rate"": 0.024464831804281346, ""remaining"": 16, ""removed"": 219}, ""quality_or_theme_hard"": {""before"": 174, ""pass_rate"": 0.25862068965517243, ""remaining"": 45, ""removed"": 10}, ""valuation_hard"": {""before"": 464, ""pass_rate"": 0.11853448275862069, ""remaining"": 55, ""removed"": 409}}, ""n_filtered"": 16, ""n_input"": 654, ""n_ranked"": 2, ""near_miss"": {""reasons"": [], ""top_count"": 0, ""top_pct"": 0.0, ""top_reason"": """"}}, ""core_ai"": {""first_fail"": {""top_count"": 182, ""top_pct"": 0.2783, ""top_reason"": ""min_dollar_volume""}, ""layer_summary"": {""base_hard"": {""before"": 654, ""pass_rate"": 0.021406727828746176, ""remaining"": 14, ""removed"": 214}, ""quality_or_theme_hard"": {""before"": 140, ""pass_rate"": 0.2714285714285714, ""remaining"": 38, ""removed"": 8}, ""valuation_hard"": {""before"": 464, ""pass_rate"": 0.09913793103448276, ""remaining"": 46, ""removed"": 418}}, ""n_filtered"": 14, ""n_input"": 654, ""n_ranked"": 2, ""near_miss"": {""reasons"": [], ""top_count"": 0, ""top_pct"": 0.0, ""top_reason"": """"}}}",,union_superset_approx
base,replay_base_2025-02-28,2025-02-28T00:00:00+00:00,2025-02-28,industry_trend,"['MSFT', 'NFLX', 'GOOGL', 'AMZN', 'ORCL', 'CSCO', 'IBM', 'KLAC', 'LRCX', 'NVDA', 'UBER', 'CRH', 'HWM', 'RTX', 'SBAC', 'AMT', 'JCI', 'UNP', 'AEP', 'FCX']",20,-0.0032565621689488733,down,"{""ai_enabler"": 10, ""ai_peripheral"": 10, ""core_ai"": 10}","{""ai_enabler"": [""NFLX"", ""UBER"", ""IBM"", ""KLAC"", ""CSCO"", ""AMZN"", ""ORCL"", ""LRCX"", ""MSFT"", ""CRH""], ""ai_peripheral"": [""UBER"", ""CRH"", ""HWM"", ""RTX"", ""SBAC"", ""AMT"", ""JCI"", ""UNP"", ""AEP"", ""FCX""], ""core_ai"": [""MSFT"", ""NFLX"", ""GOOGL"", ""AMZN"", ""ORCL"", ""CSCO"", ""IBM"", ""KLAC"", ""LRCX"", ""NVDA""]}","{""ai_enabler"": {""first_fail"": {""top_count"": 182, ""top_pct"": 0.2783, ""top_reason"": ""min_dollar_volume""}, ""layer_summary"": {""base_hard"": {""before"": 654, ""pass_rate"": 0.5565749235474006, ""remaining"": 364, ""removed"": 190}, ""quality_or_theme_hard"": {""before"": 464, ""pass_rate"": 0.7844827586206896, ""remaining"": 364, ""removed"": 100}}, ""n_filtered"": 364, ""n_input"": 654, ""n_ranked"": 92, ""near_miss"": {""reasons"": [{""count"": 10, ""layer"": ""valuation_hard"", ""pct"": 0.01529051987767584, ""reason"": ""trend_min_return_60d""}, {""count"": 2, ""layer"": ""valuation_hard"", ""pct"": 0.0030581039755351682, ""reason"": ""max_ps_hist_percentile""}, {""count"": 2, ""layer"": ""quality_or_theme_hard"", ""pct"": 0.0030581039755351682, ""reason"": ""min_ai_link_score""}, {""count"": 1, ""layer"": ""base_hard"", ""pct"": 0.0015290519877675841, ""reason"": ""trend_min_avg_dollar_volume_20d""}, {""count"": 1, ""layer"": ""quality_or_theme_hard"", ""pct"": 0.0015290519877675841, ""reason"": ""min_current_ratio""}], ""top_count"": 10, ""top_pct"": 0.01529051987767584, ""top_reason"": ""trend_min_return_60d""}}, ""ai_peripheral"": {""first_fail"": {""top_count"": 182, ""top_pct"": 0.2783, ""top_reason"": ""min_dollar_volume""}, ""layer_summary"": {""base_hard"": {""before"": 654, ""pass_rate"": 0.25535168195718655, ""remaining"": 167, ""removed"": 387}, ""quality_or_theme_hard"": {""before"": 464, ""pass_rate"": 0.3599137931034483, ""remaining"": 167, ""removed"": 100}}, ""n_filtered"": 167, ""n_input"": 654, ""n_ranked"": 77, ""near_miss"": {""reasons"": [{""count"": 9, ""layer"": ""valuation_hard"", ""pct"": 0.013761467889908258, ""reason"": ""trend_min_return_60d""}, {""count"": 6, ""layer"": ""base_hard"", ""pct"": 0.009174311926605505, ""reason"": ""channel_bucket_match""}, {""count"": 3, ""layer"": ""valuation_hard"", ""pct"": 0.0045871559633027525, ""reason"": ""max_ps_hist_percentile""}, {""count"": 2, ""layer"": ""quality_or_theme_hard"", ""pct"": 0.0030581039755351682, ""reason"": ""min_ai_link_score""}, {""count"": 1, ""layer"": ""quality_or_theme_hard"", ""pct"": 0.0015290519877675841, ""reason"": ""min_net_income_yoy""}], ""top_count"": 9, ""top_pct"": 0.013761467889908258, ""top_reason"": ""trend_min_return_60d""}}, ""core_ai"": {""first_fail"": {""top_count"": 182, ""top_pct"": 0.2783, ""top_reason"": ""min_dollar_volume""}, ""layer_summary"": {""base_hard"": {""before"": 654, ""pass_rate"": 0.17737003058103976, ""remaining"": 116, ""removed"": 438}, ""quality_or_theme_hard"": {""before"": 464, ""pass_rate"": 0.25, ""remaining"": 116, ""removed"": 100}}, ""n_filtered"": 116, ""n_input"": 654, ""n_ranked"": 29, ""near_miss"": {""reasons"": [{""count"": 1, ""layer"": ""quality_or_theme_hard"", ""pct"": 0.0015290519877675841, ""reason"": ""max_shares_yoy""}, {""count"": 1, ""layer"": ""valuation_hard"", ""pct"": 0.0015290519877675841, ""reason"": ""max_ps_hist_percentile""}], ""top_count"": 1, ""top_pct"": 0.0015290519877675841, ""top_reason"": ""max_shares_yoy""}}}",,union_superset_approx
base,replay_base_2025-02-28,2025-02-28T00:00:00+00:00,2025-02-28,momentum,"['UBER', 'CSCO', 'NFLX', 'ORCL', 'MSFT', 'IBM', 'KLAC', 'LRCX', 'NVDA', 'AMZN', 'SBAC', 'JCI', 'HWM', 'AMT', 'CRH', 'AEP', 'RTX', 'FCX', 'XEL']",19,-0.0032565621689488733,down,"{""ai_enabler"": 10, ""ai_peripheral"": 10, ""core_ai"": 10}","{""ai_enabler"": [""UBER"", ""CSCO"", ""NFLX"", ""SBAC"", ""JCI"", ""HWM"", ""AMT"", ""CRH"", ""IBM"", ""AEP""], ""ai_peripheral"": [""UBER"", ""SBAC"", ""AMT"", ""HWM"", ""JCI"", ""AEP"", ""CRH"", ""RTX"", ""FCX"", ""XEL""], ""core_ai"": [""UBER"", ""CSCO"", ""NFLX"", ""ORCL"", ""MSFT"", ""IBM"", ""KLAC"", ""LRCX"", ""NVDA"", ""AMZN""]}","{""ai_enabler"": {""first_fail"": {""top_count"": 182, ""top_pct"": 0.2783, ""top_reason"": ""min_dollar_volume""}, ""layer_summary"": {""base_hard"": {""before"": 654, ""pass_rate"": 0.5565749235474006, ""remaining"": 364, ""removed"": 190}, ""quality_or_theme_hard"": {""before"": 464, ""pass_rate"": 0.7844827586206896, ""remaining"": 364, ""removed"": 100}}, ""n_filtered"": 364, ""n_input"": 654, ""n_ranked"": 92, ""near_miss"": {""reasons"": [{""count"": 1, ""layer"": ""valuation_hard"", ""pct"": 0.0015290519877675841, ""reason"": ""momentum_min_return_20d""}], ""top_count"": 1, ""top_pct"": 0.0015290519877675841, ""top_reason"": ""momentum_min_return_20d""}}, ""ai_peripheral"": {""first_fail"": {""top_count"": 182, ""top_pct"": 0.2783, ""top_reason"": ""min_dollar_volume""}, ""layer_summary"": {""base_hard"": {""before"": 654, ""pass_rate"": 0.25535168195718655, ""remaining"": 167, ""removed"": 387}, ""quality_or_theme_hard"": {""before"": 464, ""pass_rate"": 0.3599137931034483, ""remaining"": 167, ""removed"": 100}}, ""n_filtered"": 167, ""n_input"": 654, ""n_ranked"": 77, ""near_miss"": {""reasons"": [], ""top_count"": 0, ""top_pct"": 0.0, ""top_reason"": """"}}, ""core_ai"": {""first_fail"": {""top_count"": 182, ""top_pct"": 0.2783, ""top_reason"": ""min_dollar_volume""}, ""layer_summary"": {""base_hard"": {""before"": 654, ""pass_rate"": 0.17737003058103976, ""remaining"": 116, ""removed"": 438}, ""quality_or_theme_hard"": {""before"": 464, ""pass_rate"": 0.25, ""remaining"": 116, ""removed"": 100}}, ""n_filtered"": 116, ""n_input"": 654, ""n_ranked"": 29, ""near_miss"": {""reasons"": [{""count"": 1, ""layer"": ""valuation_hard"", ""pct"": 0.0015290519877675841, ""reason"": ""momentum_min_return_20d""}], ""top_count"": 1, ""top_pct"": 0.0015290519877675841, ""top_reason"": ""momentum_min_return_20d""}}}",,union_superset_approx
base,replay_base_2025-02-28,2025-02-28T00:00:00+00:00,2025-02-28,research_pool,"['NOC', 'LEU', 'CMI', 'NSC', 'RTX', 'GD', 'HWM', 'TT', 'CRH', 'ATEN', 'FCX', 'IESC', 'KEX', 'EEFT', 'MATX', 'SLB', 'MHO', 'LYB', 'MPC', 'NEM', 'KLAC', 'NFLX', 'LHX', 'DIS', 'CSCO', 'GOOG', 'GOOGL', 'MSFT', 'DT', 'NVDA']",30,-0.0032565621689488733,down,"{""ai_enabler"": 10, ""ai_peripheral"": 10, ""core_ai"": 10}","{""ai_enabler"": [""NOC"", ""LEU"", ""CMI"", ""NSC"", ""RTX"", ""GD"", ""HWM"", ""TT"", ""CRH"", ""ATEN""], ""ai_peripheral"": [""FCX"", ""IESC"", ""KEX"", ""EEFT"", ""MATX"", ""SLB"", ""MHO"", ""LYB"", ""MPC"", ""NEM""], ""core_ai"": [""KLAC"", ""NFLX"", ""LHX"", ""DIS"", ""CSCO"", ""GOOG"", ""GOOGL"", ""MSFT"", ""DT"", ""NVDA""]}","{""ai_enabler"": {""n_filtered"": 68, ""n_input"": 654, ""n_ranked"": 68, ""priority_counts"": {""left_side_watch"": 11, ""research_now"": 4, ""theme_only"": 46, ""watch_for_pullback"": 7}}, ""ai_peripheral"": {""n_filtered"": 38, ""n_input"": 654, ""n_ranked"": 38, ""priority_counts"": {""left_side_watch"": 2, ""research_now"": 1, ""theme_only"": 35}}, ""core_ai"": {""n_filtered"": 44, ""n_input"": 654, ""n_ranked"": 44, ""priority_counts"": {""left_side_watch"": 6, ""research_now"": 5, ""theme_only"": 16, ""watch_for_pullback"": 17}}}",,union_superset_approx
base,replay_base_2025-03-31,2025-03-31T00:00:00+00:00,2025-03-31,low_value,[],0,-0.0827611838115917,down,"{""ai_enabler"": 0, ""ai_peripheral"": 0, ""core_ai"": 0}","{""ai_enabler"": [], ""ai_peripheral"": [], ""core_ai"": []}","{""ai_enabler"": {""first_fail"": {""top_count"": 208, ""top_pct"": 0.3176, ""top_reason"": ""min_dollar_volume""}, ""layer_summary"": {""base_hard"": {""before"": 655, ""pass_rate"": 0.0, ""remaining"": 0, ""removed"": 216}, ""quality_or_theme_hard"": {""before"": 99, ""pass_rate"": 0.0, ""remaining"": 0, ""removed"": 99}, ""valuation_hard"": {""before"": 439, ""pass_rate"": 0.0, ""remaining"": 0, ""removed"": 340}}, ""n_filtered"": 0, ""n_input"": 655, ""n_ranked"": 0, ""near_miss"": {""reasons"": [], ""top_count"": 0, ""top_pct"": 0.0, ""top_reason"": """"}}, ""ai_peripheral"": {""first_fail"": {""top_count"": 208, ""top_pct"": 0.3176, ""top_reason"": ""min_dollar_volume""}, ""layer_summary"": {""base_hard"": {""before"": 655, ""pass_rate"": 0.0, ""remaining"": 0, ""removed"": 216}, ""quality_or_theme_hard"": {""before"": 112, ""pass_rate"": 0.0, ""remaining"": 0, ""removed"": 112}, ""valuation_hard"": {""before"": 439, ""pass_rate"": 0.0, ""remaining"": 0, ""removed"": 327}}, ""n_filtered"": 0, ""n_input"": 655, ""n_ranked"": 0, ""near_miss"": {""reasons"": [], ""top_count"": 0, ""top_pct"": 0.0, ""top_reason"": """"}}, ""core_ai"": {""first_fail"": {""top_count"": 208, ""top_pct"": 0.3176, ""top_reason"": ""min_dollar_volume""}, ""layer_summary"": {""base_hard"": {""before"": 655, ""pass_rate"": 0.0, ""remaining"": 0, ""removed"": 216}, ""quality_or_theme_hard"": {""before"": 86, ""pass_rate"": 0.0, ""remaining"": 0, ""removed"": 86}, ""valuation_hard"": {""before"": 439, ""pass_rate"": 0.0, ""remaining"": 0, ""removed"": 353}}, ""n_filtered"": 0, ""n_input"": 655, ""n_ranked"": 0, ""near_miss"": {""reasons"": [], ""top_count"": 0, ""top_pct"": 0.0, ""top_reason"": """"}}}",,union_superset_approx
base,replay_base_2025-03-31,2025-03-31T00:00:00+00:00,2025-03-31,industry_trend,[],0,-0.0827611838115917,down,"{""ai_enabler"": 0, ""ai_peripheral"": 0, ""core_ai"": 0}","{""ai_enabler"": [], ""ai_peripheral"": [], ""core_ai"": []}","{""ai_enabler"": {""first_fail"": {""top_count"": 208, ""top_pct"": 0.3176, ""top_reason"": ""min_dollar_volume""}, ""layer_summary"": {""base_hard"": {""before"": 655, ""pass_rate"": 0.5358778625954198, ""remaining"": 351, ""removed"": 216}, ""quality_or_theme_hard"": {""before"": 439, ""pass_rate"": 0.0, ""remaining"": 0, ""removed"": 439}}, ""n_filtered"": 0, ""n_input"": 655, ""n_ranked"": 0, ""near_miss"": {""reasons"": [{""count"": 6, ""layer"": ""quality_or_theme_hard"", ""pct"": 0.00916030534351145, ""reason"": ""benchmark_trend_filter""}], ""top_count"": 6, ""top_pct"": 0.00916030534351145, ""top_reason"": ""benchmark_trend_filter""}}, ""ai_peripheral"": {""first_fail"": {""top_count"": 208, ""top_pct"": 0.3176, ""top_reason"": ""min_dollar_volume""}, ""layer_summary"": {""base_hard"": {""before"": 655, ""pass_rate"": 0.25190839694656486, ""remaining"": 165, ""removed"": 402}, ""quality_or_theme_hard"": {""before"": 439, ""pass_rate"": 0.0, ""remaining"": 0, ""removed"": 253}}, ""n_filtered"": 0, ""n_input"": 655, ""n_ranked"": 0, ""near_miss"": {""reasons"": [{""count"": 5, ""layer"": ""quality_or_theme_hard"", ""pct"": 0.007633587786259542, ""reason"": ""benchmark_trend_filter""}], ""top_count"": 5, ""top_pct"": 0.007633587786259542, ""top_reason"": ""benchmark_trend_filter""}}, ""core_ai"": {""first_fail"": {""top_count"": 208, ""top_pct"": 0.3176, ""top_reason"": ""min_dollar_volume""}, ""layer_summary"": {""base_hard"": {""before"": 655, ""pass_rate"": 0.17251908396946564, ""remaining"": 113, ""removed"": 454}, ""quality_or_theme_hard"": {""before"": 439, ""pass_rate"": 0.0, ""remaining"": 0, ""removed"": 201}}, ""n_filtered"": 0, ""n_input"": 655, ""n_ranked"": 0, ""near_miss"": {""reasons"": [{""count"": 3, ""layer"": ""quality_or_theme_hard"", ""pct"": 0.004580152671755725, ""reason"": ""benchmark_trend_filter""}], ""top_count"": 3, ""top_pct"": 0.004580152671755725, ""top_reason"": ""benchmark_trend_filter""}}}",,union_superset_approx
base,replay_base_2025-03-31,2025-03-31T00:00:00+00:00,2025-03-31,momentum,[],0,-0.0827611838115917,down,"{""ai_enabler"": 0, ""ai_peripheral"": 0, ""core_ai"": 0}","{""ai_enabler"": [], ""ai_peripheral"": [], ""core_ai"": []}","{""ai_enabler"": {""first_fail"": {""top_count"": 208, ""top_pct"": 0.3176, ""top_reason"": ""min_dollar_volume""}, ""layer_summary"": {""base_hard"": {""before"": 655, ""pass_rate"": 0.5358778625954198, ""remaining"": 351, ""removed"": 216}, ""quality_or_theme_hard"": {""before"": 439, ""pass_rate"": 0.0, ""remaining"": 0, ""removed"": 439}}, ""n_filtered"": 0, ""n_input"": 655, ""n_ranked"": 0, ""near_miss"": {""reasons"": [], ""top_count"": 0, ""top_pct"": 0.0, ""top_reason"": """"}}, ""ai_peripheral"": {""first_fail"": {""top_count"": 208, ""top_pct"": 0.3176, ""top_reason"": ""min_dollar_volume""}, ""layer_summary"": {""base_hard"": {""before"": 655, ""pass_rate"": 0.25190839694656486, ""remaining"": 165, ""removed"": 402}, ""quality_or_theme_hard"": {""before"": 439, ""pass_rate"": 0.0, ""remaining"": 0, ""removed"": 253}}, ""n_filtered"": 0, ""n_input"": 655, ""n_ranked"": 0, ""near_miss"": {""reasons"": [], ""top_count"": 0, ""top_pct"": 0.0, ""top_reason"": """"}}, ""core_ai"": {""first_fail"": {""top_count"": 208, ""top_pct"": 0.3176, ""top_reason"": ""min_dollar_volume""}, ""layer_summary"": {""base_hard"": {""before"": 655, ""pass_rate"": 0.17251908396946564, ""remaining"": 113, ""removed"": 454}, ""quality_or_theme_hard"": {""before"": 439, ""pass_rate"": 0.0, ""remaining"": 0, ""removed"": 201}}, ""n_filtered"": 0, ""n_input"": 655, ""n_ranked"": 0, ""near_miss"": {""reasons"": [], ""top_count"": 0, ""top_pct"": 0.0, ""top_reason"": """"}}}",,union_superset_approx
base,replay_base_2025-03-31,2025-03-31T00:00:00+00:00,2025-03-31,research_pool,"['BAH', 'ETN', 'QLYS', 'TT', 'NOC', 'NNE', 'PH', 'RTX', 'PWR', 'GD', 'FCX', 'MATX', 'SAIA', 'IESC', 'MHO', 'KEX', 'SLB', 'NEM', 'LYB', 'MPC', 'KLAC', 'LDOS', 'QCOM', 'NFLX', 'LHX', 'ZM', 'MSFT', 'AMD', 'NVDA', 'BWXT']",30,-0.0827611838115917,down,"{""ai_enabler"": 10, ""ai_peripheral"": 10, ""core_ai"": 10}","{""ai_enabler"": [""BAH"", ""ETN"", ""QLYS"", ""TT"", ""NOC"", ""NNE"", ""PH"", ""RTX"", ""PWR"", ""GD""], ""ai_peripheral"": [""FCX"", ""MATX"", ""SAIA"", ""IESC"", ""MHO"", ""KEX"", ""SLB"", ""NEM"", ""LYB"", ""MPC""], ""core_ai"": [""KLAC"", ""LDOS"", ""QCOM"", ""NFLX"", ""LHX"", ""ZM"", ""MSFT"", ""AMD"", ""NVDA"", ""BWXT""]}","{""ai_enabler"": {""n_filtered"": 85, ""n_input"": 655, ""n_ranked"": 85, ""priority_counts"": {""left_side_watch"": 12, ""research_now"": 7, ""theme_only"": 60, ""watch_for_pullback"": 6}}, ""ai_peripheral"": {""n_filtered"": 54, ""n_input"": 655, ""n_ranked"": 54, ""priority_counts"": {""left_side_watch"": 2, ""research_now"": 1, ""theme_only"": 51}}, ""core_ai"": {""n_filtered"": 49, ""n_input"": 655, ""n_ranked"": 49, ""priority_counts"": {""left_side_watch"": 10, ""research_now"": 5, ""theme_only"": 22, ""watch_for_pullback"": 12}}}",,union_superset_approx
base,replay_base_2025-04-30,2025-04-30T00:00:00+00:00,2025-04-30,low_value,[],0,-0.0825144313377223,down,"{""ai_enabler"": 0, ""ai_peripheral"": 0, ""core_ai"": 0}","{""ai_enabler"": [], ""ai_peripheral"": [], ""core_ai"": []}","{""ai_enabler"": {""first_fail"": {""top_count"": 221, ""top_pct"": 0.3374, ""top_reason"": ""min_dollar_volume""}, ""layer_summary"": {""base_hard"": {""before"": 655, ""pass_rate"": 0.0, ""remaining"": 0, ""removed"": 230}, ""quality_or_theme_hard"": {""before"": 102, ""pass_rate"": 0.0, ""remaining"": 0, ""removed"": 102}, ""valuation_hard"": {""before"": 425, ""pass_rate"": 0.0, ""remaining"": 0, ""removed"": 323}}, ""n_filtered"": 0, ""n_input"": 655, ""n_ranked"": 0, ""near_miss"": {""reasons"": [], ""top_count"": 0, ""top_pct"": 0.0, ""top_reason"": """"}}, ""ai_peripheral"": {""first_fail"": {""top_count"": 221, ""top_pct"": 0.3374, ""top_reason"": ""min_dollar_volume""}, ""layer_summary"": {""base_hard"": {""before"": 655, ""pass_rate"": 0.0, ""remaining"": 0, ""removed"": 230}, ""quality_or_theme_hard"": {""before"": 115, ""pass_rate"": 0.0, ""remaining"": 0, ""removed"": 115}, ""valuation_hard"": {""before"": 425, ""pass_rate"": 0.0, ""remaining"": 0, ""removed"": 310}}, ""n_filtered"": 0, ""n_input"": 655, ""n_ranked"": 0, ""near_miss"": {""reasons"": [], ""top_count"": 0, ""top_pct"": 0.0, ""top_reason"": """"}}, ""core_ai"": {""first_fail"": {""top_count"": 221, ""top_pct"": 0.3374, ""top_reason"": ""min_dollar_volume""}, ""layer_summary"": {""base_hard"": {""before"": 655, ""pass_rate"": 0.0, ""remaining"": 0, ""removed"": 230}, ""quality_or_theme_hard"": {""before"": 95, ""pass_rate"": 0.0, ""remaining"": 0, ""removed"": 95}, ""valuation_hard"": {""before"": 425, ""pass_rate"": 0.0, ""remaining"": 0, ""removed"": 330}}, ""n_filtered"": 0, ""n_input"": 655, ""n_ranked"": 0, ""near_miss"": {""reasons"": [], ""top_count"": 0, ""top_pct"": 0.0, ""top_reason"": """"}}}",,union_superset_approx
base,replay_base_2025-04-30,2025-04-30T00:00:00+00:00,2025-04-30,industry_trend,[],0,-0.0825144313377223,down,"{""ai_enabler"": 0, ""ai_peripheral"": 0, ""core_ai"": 0}","{""ai_enabler"": [], ""ai_peripheral"": [], ""core_ai"": []}","{""ai_enabler"": {""first_fail"": {""top_count"": 221, ""top_pct"": 0.3374, ""top_reason"": ""min_dollar_volume""}, ""layer_summary"": {""base_hard"": {""before"": 655, ""pass_rate"": 0.5251908396946565, ""remaining"": 344, ""removed"": 230}, ""quality_or_theme_hard"": {""before"": 425, ""pass_rate"": 0.0, ""remaining"": 0, ""removed"": 425}}, ""n_filtered"": 0, ""n_input"": 655, ""n_ranked"": 0, ""near_miss"": {""reasons"": [{""count"": 7, ""layer"": ""quality_or_theme_hard"", ""pct"": 0.010687022900763359, ""reason"": ""benchmark_trend_filter""}], ""top_count"": 7, ""top_pct"": 0.010687022900763359, ""top_reason"": ""benchmark_trend_filter""}}, ""ai_peripheral"": {""first_fail"": {""top_count"": 221, ""top_pct"": 0.3374, ""top_reason"": ""min_dollar_volume""}, ""layer_summary"": {""base_hard"": {""before"": 655, ""pass_rate"": 0.2595419847328244, ""remaining"": 170, ""removed"": 404}, ""quality_or_theme_hard"": {""before"": 425, ""pass_rate"": 0.0, ""remaining"": 0, ""removed"": 251}}, ""n_filtered"": 0, ""n_input"": 655, ""n_ranked"": 0, ""near_miss"": {""reasons"": [{""count"": 6, ""layer"": ""quality_or_theme_hard"", ""pct"": 0.00916030534351145, ""reason"": ""benchmark_trend_filter""}], ""top_count"": 6, ""top_pct"": 0.00916030534351145, ""top_reason"": ""benchmark_trend_filter""}}, ""core_ai"": {""first_fail"": {""top_count"": 221, ""top_pct"": 0.3374, ""top_reason"": ""min_dollar_volume""}, ""layer_summary"": {""base_hard"": {""before"": 655, ""pass_rate"": 0.16793893129770993, ""remaining"": 110, ""removed"": 464}, ""quality_or_theme_hard"": {""before"": 425, ""pass_rate"": 0.0, ""remaining"": 0, ""removed"": 191}}, ""n_filtered"": 0, ""n_input"": 655, ""n_ranked"": 0, ""near_miss"": {""reasons"": [], ""top_count"": 0, ""top_pct"": 0.0, ""top_reason"": """"}}}",,union_superset_approx
base,replay_base_2025-04-30,2025-04-30T00:00:00+00:00,2025-04-30,momentum,[],0,-0.0825144313377223,down,"{""ai_enabler"": 0, ""ai_peripheral"": 0, ""core_ai"": 0}","{""ai_enabler"": [], ""ai_peripheral"": [], ""core_ai"": []}","{""ai_enabler"": {""first_fail"": {""top_count"": 221, ""top_pct"": 0.3374, ""top_reason"": ""min_dollar_volume""}, ""layer_summary"": {""base_hard"": {""before"": 655, ""pass_rate"": 0.5251908396946565, ""remaining"": 344, ""removed"": 230}, ""quality_or_theme_hard"": {""before"": 425, ""pass_rate"": 0.0, ""remaining"": 0, ""removed"": 425}}, ""n_filtered"": 0, ""n_input"": 655, ""n_ranked"": 0, ""near_miss"": {""reasons"": [{""count"": 1, ""layer"": ""quality_or_theme_hard"", ""pct"": 0.0015267175572519084, ""reason"": ""benchmark_trend_filter""}], ""top_count"": 1, ""top_pct"": 0.0015267175572519084, ""top_reason"": ""benchmark_trend_filter""}}, ""ai_peripheral"": {""first_fail"": {""top_count"": 221, ""top_pct"": 0.3374, ""top_reason"": ""min_dollar_volume""}, ""layer_summary"": {""base_hard"": {""before"": 655, ""pass_rate"": 0.2595419847328244, ""remaining"": 170, ""removed"": 404}, ""quality_or_theme_hard"": {""before"": 425, ""pass_rate"": 0.0, ""remaining"": 0, ""removed"": 251}}, ""n_filtered"": 0, ""n_input"": 655, ""n_ranked"": 0, ""near_miss"": {""reasons"": [], ""top_count"": 0, ""top_pct"": 0.0, ""top_reason"": """"}}, ""core_ai"": {""first_fail"": {""top_count"": 221, ""top_pct"": 0.3374, ""top_reason"": ""min_dollar_volume""}, ""layer_summary"": {""base_hard"": {""before"": 655, ""pass_rate"": 0.16793893129770993, ""remaining"": 110, ""removed"": 464}, ""quality_or_theme_hard"": {""before"": 425, ""pass_rate"": 0.0, ""remaining"": 0, ""removed"": 191}}, ""n_filtered"": 0, ""n_input"": 655, ""n_ranked"": 0, ""near_miss"": {""reasons"": [], ""top_count"": 0, ""top_pct"": 0.0, ""top_reason"": """"}}}",,union_superset_approx
base,replay_base_2025-04-30,2025-04-30T00:00:00+00:00,2025-04-30,research_pool,"['EME', 'HPE', 'BAH', 'VST', 'ACN', 'QLYS', 'ATEN', 'PH', 'VRT', 'GD', 'FCX', 'MATX', 'BKR', 'KEX', 'EXPD', 'IESC', 'EEFT', 'NEM', 'BLDR', 'LOW', 'ZM', 'KLAC', 'LDOS', 'NFLX', 'ADBE', 'QCOM', 'PYPL', 'LHX', 'GOOG', 'GOOGL']",30,-0.0825144313377223,down,"{""ai_enabler"": 10, ""ai_peripheral"": 10, ""core_ai"": 10}","{""ai_enabler"": [""EME"", ""HPE"", ""BAH"", ""VST"", ""ACN"", ""QLYS"", ""ATEN"", ""PH"", ""VRT"", ""GD""], ""ai_peripheral"": [""FCX"", ""MATX"", ""BKR"", ""KEX"", ""EXPD"", ""IESC"", ""EEFT"", ""NEM"", ""BLDR"", ""LOW""], ""core_ai"": [""ZM"", ""KLAC"", ""LDOS"", ""NFLX"", ""ADBE"", ""QCOM"", ""PYPL"", ""LHX"", ""GOOG"", ""GOOGL""]}","{""ai_enabler"": {""n_filtered"": 81, ""n_input"": 655, ""n_ranked"": 81, ""priority_counts"": {""left_side_watch"": 3, ""research_now"": 8, ""theme_only"": 62, ""watch_for_pullback"": 8}}, ""ai_peripheral"": {""n_filtered"": 61, ""n_input"": 655, ""n_ranked"": 61, ""priority_counts"": {""left_side_watch"": 4, ""research_now"": 1, ""theme_only"": 56}}, ""core_ai"": {""n_filtered"": 52, ""n_input"": 655, ""n_ranked"": 52, ""priority_counts"": {""left_side_watch"": 4, ""research_now"": 8, ""theme_only"": 23, ""watch_for_pullback"": 17}}}",,union_superset_approx
base,replay_base_2025-05-30,2025-05-30T00:00:00+00:00,2025-05-30,low_value,"['NFLX', 'MSFT', 'LHX', 'BWXT', 'NVDA', 'RKLB', 'GEV', 'PLTR', 'DASH', 'EME', 'JCI', 'RTX', 'PWR', 'VST', 'TT', 'PH', 'ATI', 'HWM']",18,0.03415926383300816,up,"{""ai_enabler"": 10, ""ai_peripheral"": 10, ""core_ai"": 9}","{""ai_enabler"": [""NFLX"", ""EME"", ""JCI"", ""RTX"", ""PWR"", ""LHX"", ""MSFT"", ""BWXT"", ""VST"", ""TT""], ""ai_peripheral"": [""RTX"", ""EME"", ""JCI"", ""PH"", ""LHX"", ""PWR"", ""VST"", ""BWXT"", ""ATI"", ""HWM""], ""core_ai"": [""NFLX"", ""MSFT"", ""LHX"", ""BWXT"", ""NVDA"", ""RKLB"", ""GEV"", ""PLTR"", ""DASH""]}","{""ai_enabler"": {""first_fail"": {""top_count"": 207, ""top_pct"": 0.3155, ""top_reason"": ""min_dollar_volume""}, ""layer_summary"": {""base_hard"": {""before"": 656, ""pass_rate"": 0.1326219512195122, ""remaining"": 87, ""removed"": 213}, ""quality_or_theme_hard"": {""before"": 152, ""pass_rate"": 0.5723684210526315, ""remaining"": 87, ""removed"": 14}, ""valuation_hard"": {""before"": 443, ""pass_rate"": 0.22799097065462753, ""remaining"": 101, ""removed"": 342}}, ""n_filtered"": 87, ""n_input"": 656, ""n_ranked"": 18, ""near_miss"": {""reasons"": [{""count"": 1, ""layer"": ""quality_or_theme_hard"", ""pct"": 0.001524390243902439, ""reason"": ""min_net_income_yoy""}, {""count"": 1, ""layer"": ""valuation_hard"", ""pct"": 0.001524390243902439, ""reason"": ""min_range_position_52w""}, {""count"": 1, ""layer"": ""valuation_hard"", ""pct"": 0.001524390243902439, ""reason"": ""max_ps_hist_percentile""}], ""top_count"": 1, ""top_pct"": 0.001524390243902439, ""top_reason"": ""min_net_income_yoy""}}, ""ai_peripheral"": {""first_fail"": {""top_count"": 207, ""top_pct"": 0.3155, ""top_reason"": ""min_dollar_volume""}, ""layer_summary"": {""base_hard"": {""before"": 656, ""pass_rate"": 0.057926829268292686, ""remaining"": 38, ""removed"": 269}, ""quality_or_theme_hard"": {""before"": 170, ""pass_rate"": 0.5529411764705883, ""remaining"": 94, ""removed"": 17}, ""valuation_hard"": {""before"": 443, ""pass_rate"": 0.2505643340857788, ""remaining"": 111, ""removed"": 332}}, ""n_filtered"": 38, ""n_input"": 656, ""n_ranked"": 13, ""near_miss"": {""reasons"": [{""count"": 1, ""layer"": ""valuation_hard"", ""pct"": 0.001524390243902439, ""reason"": ""max_ps_hist_percentile""}], ""top_count"": 1, ""top_pct"": 0.001524390243902439, ""top_reason"": ""max_ps_hist_percentile""}}, ""core_ai"": {""first_fail"": {""top_count"": 207, ""top_pct"": 0.3155, ""top_reason"": ""min_dollar_volume""}, ""layer_summary"": {""base_hard"": {""before"": 656, ""pass_rate"": 0.04725609756097561, ""remaining"": 31, ""removed"": 254}, ""quality_or_theme_hard"": {""before"": 142, ""pass_rate"": 0.5070422535211268, ""remaining"": 72, ""removed"": 12}, ""valuation_hard"": {""before"": 443, ""pass_rate"": 0.18961625282167044, ""remaining"": 84, ""removed"": 359}}, ""n_filtered"": 31, ""n_input"": 656, ""n_ranked"": 9, ""near_miss"": {""reasons"": [{""count"": 1, ""layer"": ""valuation_hard"", ""pct"": 0.001524390243902439, ""reason"": ""min_range_position_52w""}], ""top_count"": 1, ""top_pct"": 0.001524390243902439, ""top_reason"": ""min_range_position_52w""}}}",,union_superset_approx
base,replay_base_2025-05-30,2025-05-30T00:00:00+00:00,2025-05-30,industry_trend,"['GOOGL', 'MSFT', 'AMZN', 'ORCL', 'KLAC', 'NVDA', 'NFLX', 'CSCO', 'TSLA', 'LRCX', 'GE', 'CSX', 'CAT', 'RTX', 'ETN', 'PH', 'NSC', 'BA', 'JCI', 'UBER']",20,0.03415926383300816,up,"{""ai_enabler"": 10, ""ai_peripheral"": 10, ""core_ai"": 10}","{""ai_enabler"": [""AMZN"", ""KLAC"", ""GE"", ""ORCL"", ""GOOGL"", ""NFLX"", ""MSFT"", ""LRCX"", ""CSCO"", ""NVDA""], ""ai_peripheral"": [""GE"", ""CSX"", ""CAT"", ""RTX"", ""ETN"", ""PH"", ""NSC"", ""BA"", ""JCI"", ""UBER""], ""core_ai"": [""GOOGL"", ""MSFT"", ""AMZN"", ""ORCL"", ""KLAC"", ""NVDA"", ""NFLX"", ""CSCO"", ""TSLA"", ""LRCX""]}","{""ai_enabler"": {""first_fail"": {""top_count"": 207, ""top_pct"": 0.3155, ""top_reason"": ""min_dollar_volume""}, ""layer_summary"": {""base_hard"": {""before"": 656, ""pass_rate"": 0.524390243902439, ""remaining"": 344, ""removed"": 213}, ""quality_or_theme_hard"": {""before"": 443, ""pass_rate"": 0.7765237020316027, ""remaining"": 344, ""removed"": 99}}, ""n_filtered"": 344, ""n_input"": 656, ""n_ranked"": 90, ""near_miss"": {""reasons"": [{""count"": 5, ""layer"": ""valuation_hard"", ""pct"": 0.007621951219512195, ""reason"": ""trend_min_return_60d""}, {""count"": 4, ""layer"": ""base_hard"", ""pct"": 0.006097560975609756, ""reason"": ""trend_min_avg_dollar_volume_20d""}, {""count"": 3, ""layer"": ""quality_or_theme_hard"", ""pct"": 0.004573170731707317, ""reason"": ""min_current_ratio""}, {""count"": 3, ""layer"": ""valuation_hard"", ""pct"": 0.004573170731707317, ""reason"": ""max_ps_hist_percentile""}, {""count"": 3, ""layer"": ""quality_or_theme_hard"", ""pct"": 0.004573170731707317, ""reason"": ""min_ai_link_score""}], ""top_count"": 5, ""top_pct"": 0.007621951219512195, ""top_reason"": ""trend_min_return_60d""}}, ""ai_peripheral"": {""first_fail"": {""top_count"": 207, ""top_pct"": 0.3155, ""top_reason"": ""min_dollar_volume""}, ""layer_summary"": {""base_hard"": {""before"": 656, ""pass_rate"": 0.24542682926829268, ""remaining"": 161, ""removed"": 396}, ""quality_or_theme_hard"": {""before"": 443, ""pass_rate"": 0.36343115124153497, ""remaining"": 161, ""removed"": 99}}, ""n_filtered"": 161, ""n_input"": 656, ""n_ranked"": 75, ""near_miss"": {""reasons"": [{""count"": 6, ""layer"": ""base_hard"", ""pct"": 0.009146341463414634, ""reason"": ""channel_bucket_match""}, {""count"": 5, ""layer"": ""valuation_hard"", ""pct"": 0.007621951219512195, ""reason"": ""max_ps_hist_percentile""}, {""count"": 4, ""layer"": ""valuation_hard"", ""pct"": 0.006097560975609756, ""reason"": ""trend_min_return_60d""}, {""count"": 2, ""layer"": ""quality_or_theme_hard"", ""pct"": 0.003048780487804878, ""reason"": ""max_ev_to_ebit""}, {""count"": 2, ""layer"": ""quality_or_theme_hard"", ""pct"": 0.003048780487804878, ""reason"": ""min_current_ratio""}], ""top_count"": 6, ""top_pct"": 0.009146341463414634, ""top_reason"": ""channel_bucket_match""}}, ""core_ai"": {""first_fail"": {""top_count"": 207, ""top_pct"": 0.3155, ""top_reason"": ""min_dollar_volume""}, ""layer_summary"": {""base_hard"": {""before"": 656, ""pass_rate"": 0.16920731707317074, ""remaining"": 111, ""removed"": 446}, ""quality_or_theme_hard"": {""before"": 443, ""pass_rate"": 0.2505643340857788, ""remaining"": 111, ""removed"": 99}}, ""n_filtered"": 111, ""n_input"": 656, ""n_ranked"": 28, ""near_miss"": {""reasons"": [{""count"": 2, ""layer"": ""valuation_hard"", ""pct"": 0.003048780487804878, ""reason"": ""max_ps_percentile_in_sic""}, {""count"": 2, ""layer"": ""quality_or_theme_hard"", ""pct"": 0.003048780487804878, ""reason"": ""min_ai_link_score""}, {""count"": 1, ""layer"": ""quality_or_theme_hard"", ""pct"": 0.001524390243902439, ""reason"": ""min_net_income_yoy""}, {""count"": 1, ""layer"": ""valuation_hard"", ""pct"": 0.001524390243902439, ""reason"": ""trend_min_return_60d""}, {""count"": 1, ""layer"": ""valuation_hard"", ""pct"": 0.001524390243902439, ""reason"": ""max_ps_hist_percentile""}], ""top_count"": 2, ""top_pct"": 0.003048780487804878, ""top_reason"": ""max_ps_percentile_in_sic""}}}",,union_superset_approx
base,replay_base_2025-05-30,2025-05-30T00:00:00+00:00,2025-05-30,momentum,"['ORCL', 'NVDA', 'TSLA', 'GOOGL', 'AVGO', 'META', 'KLAC', 'AMZN', 'LRCX', 'CSCO', 'GE', 'SNOW', 'CSX', 'JCI', 'VRT', 'HWM', 'CAT', 'VST', 'NSC', 'EME', 'BA']",21,0.03415926383300816,up,"{""ai_enabler"": 10, ""ai_peripheral"": 10, ""core_ai"": 10}","{""ai_enabler"": [""GE"", ""KLAC"", ""TSLA"", ""LRCX"", ""ORCL"", ""NVDA"", ""SNOW"", ""AMZN"", ""META"", ""CSX""], ""ai_peripheral"": [""GE"", ""CSX"", ""JCI"", ""VRT"", ""HWM"", ""CAT"", ""VST"", ""NSC"", ""EME"", ""BA""], ""core_ai"": [""ORCL"", ""NVDA"", ""TSLA"", ""GOOGL"", ""AVGO"", ""META"", ""KLAC"", ""AMZN"", ""LRCX"", ""CSCO""]}","{""ai_enabler"": {""first_fail"": {""top_count"": 207, ""top_pct"": 0.3155, ""top_reason"": ""min_dollar_volume""}, ""layer_summary"": {""base_hard"": {""before"": 656, ""pass_rate"": 0.524390243902439, ""remaining"": 344, ""removed"": 213}, ""quality_or_theme_hard"": {""before"": 443, ""pass_rate"": 0.7765237020316027, ""remaining"": 344, ""removed"": 99}}, ""n_filtered"": 344, ""n_input"": 656, ""n_ranked"": 90, ""near_miss"": {""reasons"": [{""count"": 4, ""layer"": ""valuation_hard"", ""pct"": 0.006097560975609756, ""reason"": ""momentum_min_return_60d""}, {""count"": 1, ""layer"": ""quality_or_theme_hard"", ""pct"": 0.001524390243902439, ""reason"": ""min_net_income_yoy""}, {""count"": 1, ""layer"": ""valuation_hard"", ""pct"": 0.001524390243902439, ""reason"": ""max_ps_percentile_in_sic""}, {""count"": 1, ""layer"": ""valuation_hard"", ""pct"": 0.001524390243902439, ""reason"": ""max_ps_hist_percentile""}, {""count"": 1, ""layer"": ""quality_or_theme_hard"", ""pct"": 0.001524390243902439, ""reason"": ""min_ai_link_score""}], ""top_count"": 4, ""top_pct"": 0.006097560975609756, ""top_reason"": ""momentum_min_return_60d""}}, ""ai_peripheral"": {""first_fail"": {""top_count"": 207, ""top_pct"": 0.3155, ""top_reason"": ""min_dollar_volume""}, ""layer_summary"": {""base_hard"": {""before"": 656, ""pass_rate"": 0.24542682926829268, ""remaining"": 161, ""removed"": 396}, ""quality_or_theme_hard"": {""before"": 443, ""pass_rate"": 0.36343115124153497, ""remaining"": 161, ""removed"": 99}}, ""n_filtered"": 161, ""n_input"": 656, ""n_ranked"": 75, ""near_miss"": {""reasons"": [{""count"": 2, ""layer"": ""valuation_hard"", ""pct"": 0.003048780487804878, ""reason"": ""max_ps_hist_percentile""}, {""count"": 2, ""layer"": ""base_hard"", ""pct"": 0.003048780487804878, ""reason"": ""channel_bucket_match""}, {""count"": 1, ""layer"": ""quality_or_theme_hard"", ""pct"": 0.001524390243902439, ""reason"": ""max_ev_to_ebit""}, {""count"": 1, ""layer"": ""valuation_hard"", ""pct"": 0.001524390243902439, ""reason"": ""momentum_min_return_60d""}, {""count"": 1, ""layer"": ""base_hard"", ""pct"": 0.001524390243902439, ""reason"": ""momentum_min_avg_dollar_volume_20d""}], ""top_count"": 2, ""top_pct"": 0.003048780487804878, ""top_reason"": ""max_ps_hist_percentile""}}, ""core_ai"": {""first_fail"": {""top_count"": 207, ""top_pct"": 0.3155, ""top_reason"": ""min_dollar_volume""}, ""layer_summary"": {""base_hard"": {""before"": 656, ""pass_rate"": 0.16920731707317074, ""remaining"": 111, ""removed"": 446}, ""quality_or_theme_hard"": {""before"": 443, ""pass_rate"": 0.2505643340857788, ""remaining"": 111, ""removed"": 99}}, ""n_filtered"": 111, ""n_input"": 656, ""n_ranked"": 28, ""near_miss"": {""reasons"": [{""count"": 3, ""layer"": ""valuation_hard"", ""pct"": 0.004573170731707317, ""reason"": ""momentum_min_return_60d""}, {""count"": 1, ""layer"": ""quality_or_theme_hard"", ""pct"": 0.001524390243902439, ""reason"": ""min_net_income_yoy""}, {""count"": 1, ""layer"": ""valuation_hard"", ""pct"": 0.001524390243902439, ""reason"": ""max_ps_percentile_in_sic""}, {""count"": 1, ""layer"": ""base_hard"", ""pct"": 0.001524390243902439, ""reason"": ""channel_bucket_match""}, {""count"": 1, ""layer"": ""quality_or_theme_hard"", ""pct"": 0.001524390243902439, ""reason"": ""min_ai_link_score""}], ""top_count"": 3, ""top_pct"": 0.004573170731707317, ""top_reason"": ""momentum_min_return_60d""}}}",,union_superset_approx
base,replay_base_2025-05-30,2025-05-30T00:00:00+00:00,2025-05-30,research_pool,"['EME', 'JCI', 'HPE', 'ACN', 'LEU', 'ATI', 'PH', 'VRT', 'QLYS', 'HWM', 'FCX', 'SKY', 'FISV', 'IESC', 'MATX', 'KIM', 'BKR', 'IP', 'KBH', 'MHO', 'QCOM', 'KLAC', 'LDOS', 'PYPL', 'NFLX', 'DIS', 'LHX', 'CSCO', 'GOOG', 'GOOGL']",30,0.03415926383300816,up,"{""ai_enabler"": 10, ""ai_peripheral"": 10, ""core_ai"": 10}","{""ai_enabler"": [""EME"", ""JCI"", ""HPE"", ""ACN"", ""LEU"", ""ATI"", ""PH"", ""VRT"", ""QLYS"", ""HWM""], ""ai_peripheral"": [""FCX"", ""SKY"", ""FISV"", ""IESC"", ""MATX"", ""KIM"", ""BKR"", ""IP"", ""KBH"", ""MHO""], ""core_ai"": [""QCOM"", ""KLAC"", ""LDOS"", ""PYPL"", ""NFLX"", ""DIS"", ""LHX"", ""CSCO"", ""GOOG"", ""GOOGL""]}","{""ai_enabler"": {""n_filtered"": 86, ""n_input"": 656, ""n_ranked"": 86, ""priority_counts"": {""left_side_watch"": 2, ""research_now"": 7, ""theme_only"": 67, ""watch_for_pullback"": 10}}, ""ai_peripheral"": {""n_filtered"": 62, ""n_input"": 656, ""n_ranked"": 62, ""priority_counts"": {""left_side_watch"": 2, ""research_now"": 1, ""theme_only"": 59}}, ""core_ai"": {""n_filtered"": 53, ""n_input"": 656, ""n_ranked"": 53, ""priority_counts"": {""research_now"": 8, ""theme_only"": 21, ""watch_for_pullback"": 24}}}",,union_superset_approx
base,replay_base_2025-06-30,2025-06-30T00:00:00+00:00,2025-06-30,low_value,"['KLAC', 'LRCX', 'NFLX', 'AMZN', 'CSCO', 'MSFT', 'META', 'CAT', 'DIS', 'ORCL', 'GD', 'EME', 'JCI', 'PWR', 'RTX', 'PH', 'LHX', 'ETN', 'HWM']",19,0.1585314626564731,up,"{""ai_enabler"": 10, ""ai_peripheral"": 10, ""core_ai"": 10}","{""ai_enabler"": [""KLAC"", ""NFLX"", ""LRCX"", ""GD"", ""EME"", ""JCI"", ""PWR"", ""CSCO"", ""AMZN"", ""RTX""], ""ai_peripheral"": [""RTX"", ""EME"", ""JCI"", ""GD"", ""PH"", ""LHX"", ""ETN"", ""CAT"", ""PWR"", ""HWM""], ""core_ai"": [""KLAC"", ""LRCX"", ""NFLX"", ""AMZN"", ""CSCO"", ""MSFT"", ""META"", ""CAT"", ""DIS"", ""ORCL""]}","{""ai_enabler"": {""first_fail"": {""top_count"": 188, ""top_pct"": 0.2861, ""top_reason"": ""min_dollar_volume""}, ""layer_summary"": {""base_hard"": {""before"": 657, ""pass_rate"": 0.1628614916286149, ""remaining"": 107, ""removed"": 197}, ""quality_or_theme_hard"": {""before"": 196, ""pass_rate"": 0.5459183673469388, ""remaining"": 107, ""removed"": 32}, ""valuation_hard"": {""before"": 460, ""pass_rate"": 0.30217391304347824, ""remaining"": 139, ""removed"": 321}}, ""n_filtered"": 107, ""n_input"": 657, ""n_ranked"": 24, ""near_miss"": {""reasons"": [{""count"": 2, ""layer"": ""valuation_hard"", ""pct"": 0.0030441400304414, ""reason"": ""min_range_position_52w""}, {""count"": 2, ""layer"": ""valuation_hard"", ""pct"": 0.0030441400304414, ""reason"": ""max_ps_hist_percentile""}, {""count"": 1, ""layer"": ""valuation_hard"", ""pct"": 0.0015220700152207, ""reason"": ""min_drawdown_percentile""}], ""top_count"": 2, ""top_pct"": 0.0030441400304414, ""top_reason"": ""min_range_position_52w""}}, ""ai_peripheral"": {""first_fail"": {""top_count"": 188, ""top_pct"": 0.2861, ""top_reason"": ""min_dollar_volume""}, ""layer_summary"": {""base_hard"": {""before"": 657, ""pass_rate"": 0.0563165905631659, ""remaining"": 37, ""removed"": 273}, ""quality_or_theme_hard"": {""before"": 212, ""pass_rate"": 0.5330188679245284, ""remaining"": 113, ""removed"": 40}, ""valuation_hard"": {""before"": 460, ""pass_rate"": 0.33260869565217394, ""remaining"": 153, ""removed"": 307}}, ""n_filtered"": 37, ""n_input"": 657, ""n_ranked"": 13, ""near_miss"": {""reasons"": [{""count"": 3, ""layer"": ""valuation_hard"", ""pct"": 0.0045662100456621, ""reason"": ""max_ps_hist_percentile""}, {""count"": 1, ""layer"": ""valuation_hard"", ""pct"": 0.0015220700152207, ""reason"": ""min_range_position_52w""}, {""count"": 1, ""layer"": ""base_hard"", ""pct"": 0.0015220700152207, ""reason"": ""channel_bucket_match""}], ""top_count"": 3, ""top_pct"": 0.0045662100456621, ""top_reason"": ""max_ps_hist_percentile""}}, ""core_ai"": {""first_fail"": {""top_count"": 188, ""top_pct"": 0.2861, ""top_reason"": ""min_dollar_volume""}, ""layer_summary"": {""base_hard"": {""before"": 657, ""pass_rate"": 0.0745814307458143, ""remaining"": 49, ""removed"": 245}, ""quality_or_theme_hard"": {""before"": 173, ""pass_rate"": 0.5606936416184971, ""remaining"": 97, ""removed"": 22}, ""valuation_hard"": {""before"": 460, ""pass_rate"": 0.25869565217391305, ""remaining"": 119, ""removed"": 341}}, ""n_filtered"": 49, ""n_input"": 657, ""n_ranked"": 13, ""near_miss"": {""reasons"": [{""count"": 1, ""layer"": ""valuation_hard"", ""pct"": 0.0015220700152207, ""reason"": ""min_drawdown_percentile""}], ""top_count"": 1, ""top_pct"": 0.0015220700152207, ""top_reason"": ""min_drawdown_percentile""}}}",,union_superset_approx
base,replay_base_2025-06-30,2025-06-30T00:00:00+00:00,2025-06-30,industry_trend,"['ORCL', 'GOOGL', 'META', 'AMZN', 'KLAC', 'ANET', 'NFLX', 'NVDA', 'CSCO', 'LRCX', 'PWR', 'ETN', 'UBER', 'FCX', 'CAT', 'HWM', 'GE', 'PH', 'EME', 'UNP']",20,0.1585314626564731,up,"{""ai_enabler"": 10, ""ai_peripheral"": 10, ""core_ai"": 10}","{""ai_enabler"": [""ANET"", ""ORCL"", ""KLAC"", ""NFLX"", ""LRCX"", ""AMZN"", ""PWR"", ""META"", ""CSCO"", ""GOOGL""], ""ai_peripheral"": [""ETN"", ""PWR"", ""UBER"", ""FCX"", ""CAT"", ""HWM"", ""GE"", ""PH"", ""EME"", ""UNP""], ""core_ai"": [""ORCL"", ""GOOGL"", ""META"", ""AMZN"", ""KLAC"", ""ANET"", ""NFLX"", ""NVDA"", ""CSCO"", ""LRCX""]}","{""ai_enabler"": {""first_fail"": {""top_count"": 188, ""top_pct"": 0.2861, ""top_reason"": ""min_dollar_volume""}, ""layer_summary"": {""base_hard"": {""before"": 657, ""pass_rate"": 0.5251141552511416, ""remaining"": 345, ""removed"": 197}, ""quality_or_theme_hard"": {""before"": 460, ""pass_rate"": 0.75, ""remaining"": 345, ""removed"": 115}}, ""n_filtered"": 345, ""n_input"": 657, ""n_ranked"": 89, ""near_miss"": {""reasons"": [{""count"": 6, ""layer"": ""base_hard"", ""pct"": 0.0091324200913242, ""reason"": ""trend_min_avg_dollar_volume_20d""}, {""count"": 3, ""layer"": ""valuation_hard"", ""pct"": 0.0045662100456621, ""reason"": ""max_ps_hist_percentile""}, {""count"": 3, ""layer"": ""quality_or_theme_hard"", ""pct"": 0.0045662100456621, ""reason"": ""min_ai_link_score""}, {""count"": 2, ""layer"": ""quality_or_theme_hard"", ""pct"": 0.0030441400304414, ""reason"": ""min_net_income_yoy""}, {""count"": 2, ""layer"": ""quality_or_theme_hard"", ""pct"": 0.0030441400304414, ""reason"": ""min_current_ratio""}], ""top_count"": 6, ""top_pct"": 0.0091324200913242, ""top_reason"": ""trend_min_avg_dollar_volume_20d""}}, ""ai_peripheral"": {""first_fail"": {""top_count"": 188, ""top_pct"": 0.2861, ""top_reason"": ""min_dollar_volume""}, ""layer_summary"": {""base_hard"": {""before"": 657, ""pass_rate"": 0.2374429223744292, ""remaining"": 156, ""removed"": 386}, ""quality_or_theme_hard"": {""before"": 460, ""pass_rate"": 0.3391304347826087, ""remaining"": 156, ""removed"": 115}}, ""n_filtered"": 156, ""n_input"": 657, ""n_ranked"": 70, ""near_miss"": {""reasons"": [{""count"": 7, ""layer"": ""base_hard"", ""pct"": 0.0106544901065449, ""reason"": ""channel_bucket_match""}, {""count"": 4, ""layer"": ""valuation_hard"", ""pct"": 0.0060882800608828, ""reason"": ""max_ps_hist_percentile""}, {""count"": 4, ""layer"": ""quality_or_theme_hard"", ""pct"": 0.0060882800608828, ""reason"": ""min_ai_link_score""}, {""count"": 3, ""layer"": ""valuation_hard"", ""pct"": 0.0045662100456621, ""reason"": ""trend_min_return_60d""}, {""count"": 3, ""layer"": ""quality_or_theme_hard"", ""pct"": 0.0045662100456621, ""reason"": ""min_current_ratio""}], ""top_count"": 7, ""top_pct"": 0.0106544901065449, ""top_reason"": ""channel_bucket_match""}}, ""core_ai"": {""first_fail"": {""top_count"": 188, ""top_pct"": 0.2861, ""top_reason"": ""min_dollar_volume""}, ""layer_summary"": {""base_hard"": {""before"": 657, ""pass_rate"": 0.1735159817351598, ""remaining"": 114, ""removed"": 428}, ""quality_or_theme_hard"": {""before"": 460, ""pass_rate"": 0.24782608695652175, ""remaining"": 114, ""removed"": 115}}, ""n_filtered"": 114, ""n_input"": 657, ""n_ranked"": 28, ""near_miss"": {""reasons"": [{""count"": 2, ""layer"": ""quality_or_theme_hard"", ""pct"": 0.0030441400304414, ""reason"": ""min_ai_link_score""}, {""count"": 1, ""layer"": ""quality_or_theme_hard"", ""pct"": 0.0015220700152207, ""reason"": ""min_net_income_yoy""}, {""count"": 1, ""layer"": ""valuation_hard"", ""pct"": 0.0015220700152207, ""reason"": ""max_pe_percentile_in_sic""}, {""count"": 1, ""layer"": ""base_hard"", ""pct"": 0.0015220700152207, ""reason"": ""trend_min_avg_dollar_volume_20d""}, {""count"": 1, ""layer"": ""valuation_hard"", ""pct"": 0.0015220700152207, ""reason"": ""max_ps_hist_percentile""}], ""top_count"": 2, ""top_pct"": 0.0030441400304414, ""top_reason"": ""min_ai_link_score""}}}",,union_superset_approx
base,replay_base_2025-06-30,2025-06-30T00:00:00+00:00,2025-06-30,momentum,"['ORCL', 'ANET', 'AMD', 'LRCX', 'KLAC', 'META', 'MU', 'NVDA', 'AVAV', 'MSFT', 'PWR', 'NFLX', 'LEU', 'FCX', 'ETN', 'UBER', 'CAT', 'EME', 'HWM', 'VRT', 'BWXT', 'NEM']",22,0.1585314626564731,up,"{""ai_enabler"": 10, ""ai_peripheral"": 10, ""core_ai"": 10}","{""ai_enabler"": [""ORCL"", ""ANET"", ""LRCX"", ""KLAC"", ""AMD"", ""META"", ""PWR"", ""NFLX"", ""AVAV"", ""LEU""], ""ai_peripheral"": [""FCX"", ""ETN"", ""PWR"", ""UBER"", ""CAT"", ""EME"", ""HWM"", ""VRT"", ""BWXT"", ""NEM""], ""core_ai"": [""ORCL"", ""ANET"", ""AMD"", ""LRCX"", ""KLAC"", ""META"", ""MU"", ""NVDA"", ""AVAV"", ""MSFT""]}","{""ai_enabler"": {""first_fail"": {""top_count"": 188, ""top_pct"": 0.2861, ""top_reason"": ""min_dollar_volume""}, ""layer_summary"": {""base_hard"": {""before"": 657, ""pass_rate"": 0.5251141552511416, ""remaining"": 345, ""removed"": 197}, ""quality_or_theme_hard"": {""before"": 460, ""pass_rate"": 0.75, ""remaining"": 345, ""removed"": 115}}, ""n_filtered"": 345, ""n_input"": 657, ""n_ranked"": 89, ""near_miss"": {""reasons"": [{""count"": 3, ""layer"": ""valuation_hard"", ""pct"": 0.0045662100456621, ""reason"": ""max_ps_hist_percentile""}, {""count"": 2, ""layer"": ""quality_or_theme_hard"", ""pct"": 0.0030441400304414, ""reason"": ""max_shares_yoy""}, {""count"": 1, ""layer"": ""valuation_hard"", ""pct"": 0.0015220700152207, ""reason"": ""momentum_min_price_to_sma200""}, {""count"": 1, ""layer"": ""base_hard"", ""pct"": 0.0015220700152207, ""reason"": ""momentum_min_avg_dollar_volume_20d""}, {""count"": 1, ""layer"": ""quality_or_theme_hard"", ""pct"": 0.0015220700152207, ""reason"": ""min_expectation_proxy""}], ""top_count"": 3, ""top_pct"": 0.0045662100456621, ""top_reason"": ""max_ps_hist_percentile""}}, ""ai_peripheral"": {""first_fail"": {""top_count"": 188, ""top_pct"": 0.2861, ""top_reason"": ""min_dollar_volume""}, ""layer_summary"": {""base_hard"": {""before"": 657, ""pass_rate"": 0.2374429223744292, ""remaining"": 156, ""removed"": 386}, ""quality_or_theme_hard"": {""before"": 460, ""pass_rate"": 0.3391304347826087, ""remaining"": 156, ""removed"": 115}}, ""n_filtered"": 156, ""n_input"": 657, ""n_ranked"": 70, ""near_miss"": {""reasons"": [{""count"": 6, ""layer"": ""base_hard"", ""pct"": 0.0091324200913242, ""reason"": ""channel_bucket_match""}, {""count"": 3, ""layer"": ""valuation_hard"", ""pct"": 0.0045662100456621, ""reason"": ""max_ps_hist_percentile""}, {""count"": 1, ""layer"": ""quality_or_theme_hard"", ""pct"": 0.0015220700152207, ""reason"": ""max_ev_to_ebit""}, {""count"": 1, ""layer"": ""valuation_hard"", ""pct"": 0.0015220700152207, ""reason"": ""momentum_min_price_to_sma200""}, {""count"": 1, ""layer"": ""valuation_hard"", ""pct"": 0.0015220700152207, ""reason"": ""momentum_min_return_60d""}], ""top_count"": 6, ""top_pct"": 0.0091324200913242, ""top_reason"": ""channel_bucket_match""}}, ""core_ai"": {""first_fail"": {""top_count"": 188, ""top_pct"": 0.2861, ""top_reason"": ""min_dollar_volume""}, ""layer_summary"": {""base_hard"": {""before"": 657, ""pass_rate"": 0.1735159817351598, ""remaining"": 114, ""removed"": 428}, ""quality_or_theme_hard"": {""before"": 460, ""pass_rate"": 0.24782608695652175, ""remaining"": 114, ""removed"": 115}}, ""n_filtered"": 114, ""n_input"": 657, ""n_ranked"": 28, ""near_miss"": {""reasons"": [{""count"": 2, ""layer"": ""valuation_hard"", ""pct"": 0.0030441400304414, ""reason"": ""momentum_min_return_20d""}, {""count"": 1, ""layer"": ""quality_or_theme_hard"", ""pct"": 0.0015220700152207, ""reason"": ""max_shares_yoy""}, {""count"": 1, ""layer"": ""valuation_hard"", ""pct"": 0.0015220700152207, ""reason"": ""max_ps_hist_percentile""}, {""count"": 1, ""layer"": ""quality_or_theme_hard"", ""pct"": 0.0015220700152207, ""reason"": ""min_expectation_proxy""}, {""count"": 1, ""layer"": ""quality_or_theme_hard"", ""pct"": 0.0015220700152207, ""reason"": ""min_ai_link_score""}], ""top_count"": 2, ""top_pct"": 0.0030441400304414, ""top_reason"": ""momentum_min_return_20d""}}}",,union_superset_approx
base,replay_base_2025-06-30,2025-06-30T00:00:00+00:00,2025-06-30,research_pool,"['BAH', 'EME', 'JCI', 'OKLO', 'ATEN', 'NOC', 'HWM', 'PWR', 'RTX', 'ETN', 'FCX', 'EEFT', 'IESC', 'MATX', 'KIM', 'SKY', 'BKR', 'IP', 'KBH', 'MHO', 'LDOS', 'KLAC', 'QCOM', 'NFLX', 'PYPL', 'DIS', 'LHX', 'CAT', 'CSCO', 'GOOG']",30,0.1585314626564731,up,"{""ai_enabler"": 10, ""ai_peripheral"": 10, ""core_ai"": 10}","{""ai_enabler"": [""BAH"", ""EME"", ""JCI"", ""OKLO"", ""ATEN"", ""NOC"", ""HWM"", ""PWR"", ""RTX"", ""ETN""], ""ai_peripheral"": [""FCX"", ""EEFT"", ""IESC"", ""MATX"", ""KIM"", ""SKY"", ""BKR"", ""IP"", ""KBH"", ""MHO""], ""core_ai"": [""LDOS"", ""KLAC"", ""QCOM"", ""NFLX"", ""PYPL"", ""DIS"", ""LHX"", ""CAT"", ""CSCO"", ""GOOG""]}","{""ai_enabler"": {""n_filtered"": 84, ""n_input"": 657, ""n_ranked"": 84, ""priority_counts"": {""left_side_watch"": 1, ""research_now"": 6, ""theme_only"": 66, ""watch_for_pullback"": 11}}, ""ai_peripheral"": {""n_filtered"": 62, ""n_input"": 657, ""n_ranked"": 62, ""priority_counts"": {""left_side_watch"": 1, ""research_now"": 1, ""theme_only"": 60}}, ""core_ai"": {""n_filtered"": 54, ""n_input"": 657, ""n_ranked"": 54, ""priority_counts"": {""research_now"": 9, ""theme_only"": 22, ""watch_for_pullback"": 23}}}",,union_superset_approx
base,replay_base_2025-07-31,2025-07-31T00:00:00+00:00,2025-07-31,low_value,"['GOOGL', 'GOOG', 'ANET', 'AMZN', 'MSFT', 'LHX', 'CAT', 'BWXT', 'GEV', 'NVDA', 'GD', 'RTX', 'PWR', 'NSC', 'EME', 'PH', 'HWM', 'ETN', 'CSX']",19,0.16267105669307536,up,"{""ai_enabler"": 10, ""ai_peripheral"": 10, ""core_ai"": 10}","{""ai_enabler"": [""GOOGL"", ""GOOG"", ""GD"", ""RTX"", ""PWR"", ""NSC"", ""ANET"", ""EME"", ""AMZN"", ""PH""], ""ai_peripheral"": [""RTX"", ""GD"", ""PH"", ""EME"", ""NSC"", ""PWR"", ""LHX"", ""HWM"", ""ETN"", ""CSX""], ""core_ai"": [""GOOGL"", ""GOOG"", ""ANET"", ""AMZN"", ""MSFT"", ""LHX"", ""CAT"", ""BWXT"", ""GEV"", ""NVDA""]}","{""ai_enabler"": {""first_fail"": {""top_count"": 172, ""top_pct"": 0.2606, ""top_reason"": ""min_dollar_volume""}, ""layer_summary"": {""base_hard"": {""before"": 660, ""pass_rate"": 0.16818181818181818, ""remaining"": 111, ""removed"": 183}, ""quality_or_theme_hard"": {""before"": 215, ""pass_rate"": 0.5162790697674419, ""remaining"": 111, ""removed"": 21}, ""valuation_hard"": {""before"": 477, ""pass_rate"": 0.27672955974842767, ""remaining"": 132, ""removed"": 345}}, ""n_filtered"": 111, ""n_input"": 660, ""n_ranked"": 21, ""near_miss"": {""reasons"": [{""count"": 1, ""layer"": ""valuation_hard"", ""pct"": 0.0015151515151515152, ""reason"": ""min_return_20d""}], ""top_count"": 1, ""top_pct"": 0.0015151515151515152, ""top_reason"": ""min_return_20d""}}, ""ai_peripheral"": {""first_fail"": {""top_count"": 172, ""top_pct"": 0.2606, ""top_reason"": ""min_dollar_volume""}, ""layer_summary"": {""base_hard"": {""before"": 660, ""pass_rate"": 0.0696969696969697, ""remaining"": 46, ""removed"": 254}, ""quality_or_theme_hard"": {""before"": 228, ""pass_rate"": 0.5131578947368421, ""remaining"": 117, ""removed"": 23}, ""valuation_hard"": {""before"": 477, ""pass_rate"": 0.29350104821802936, ""remaining"": 140, ""removed"": 337}}, ""n_filtered"": 46, ""n_input"": 660, ""n_ranked"": 14, ""near_miss"": {""reasons"": [{""count"": 2, ""layer"": ""valuation_hard"", ""pct"": 0.0030303030303030303, ""reason"": ""max_ps_hist_percentile""}, {""count"": 2, ""layer"": ""base_hard"", ""pct"": 0.0030303030303030303, ""reason"": ""channel_bucket_match""}], ""top_count"": 2, ""top_pct"": 0.0030303030303030303, ""top_reason"": ""max_ps_hist_percentile""}}, ""core_ai"": {""first_fail"": {""top_count"": 172, ""top_pct"": 0.2606, ""top_reason"": ""min_dollar_volume""}, ""layer_summary"": {""base_hard"": {""before"": 660, ""pass_rate"": 0.06818181818181818, ""remaining"": 45, ""removed"": 238}, ""quality_or_theme_hard"": {""before"": 194, ""pass_rate"": 0.5154639175257731, ""remaining"": 100, ""removed"": 19}, ""valuation_hard"": {""before"": 477, ""pass_rate"": 0.24947589098532494, ""remaining"": 119, ""removed"": 358}}, ""n_filtered"": 45, ""n_input"": 660, ""n_ranked"": 11, ""near_miss"": {""reasons"": [{""count"": 1, ""layer"": ""valuation_hard"", ""pct"": 0.0015151515151515152, ""reason"": ""min_return_20d""}], ""top_count"": 1, ""top_pct"": 0.0015151515151515152, ""top_reason"": ""min_return_20d""}}}",,union_superset_approx
base,replay_base_2025-07-31,2025-07-31T00:00:00+00:00,2025-07-31,industry_trend,"['GOOGL', 'AMZN', 'ANET', 'MSFT', 'GOOG', 'GEV', 'KLAC', 'AMD', 'NVDA', 'CSCO', 'PWR', 'ETN', 'CAT', 'RTX', 'GE', 'EME', 'VRT', 'CSX', 'HWM']",19,0.16267105669307536,up,"{""ai_enabler"": 10, ""ai_peripheral"": 10, ""core_ai"": 10}","{""ai_enabler"": [""ANET"", ""GOOGL"", ""AMZN"", ""GOOG"", ""GEV"", ""PWR"", ""MSFT"", ""ETN"", ""KLAC"", ""CAT""], ""ai_peripheral"": [""GEV"", ""PWR"", ""ETN"", ""CAT"", ""RTX"", ""GE"", ""EME"", ""VRT"", ""CSX"", ""HWM""], ""core_ai"": [""GOOGL"", ""AMZN"", ""ANET"", ""MSFT"", ""GOOG"", ""GEV"", ""KLAC"", ""AMD"", ""NVDA"", ""CSCO""]}","{""ai_enabler"": {""first_fail"": {""top_count"": 172, ""top_pct"": 0.2606, ""top_reason"": ""min_dollar_volume""}, ""layer_summary"": {""base_hard"": {""before"": 660, ""pass_rate"": 0.5454545454545454, ""remaining"": 360, ""removed"": 183}, ""quality_or_theme_hard"": {""before"": 477, ""pass_rate"": 0.7547169811320755, ""remaining"": 360, ""removed"": 117}}, ""n_filtered"": 360, ""n_input"": 660, ""n_ranked"": 91, ""near_miss"": {""reasons"": [{""count"": 7, ""layer"": ""quality_or_theme_hard"", ""pct"": 0.010606060606060607, ""reason"": ""min_ai_link_score""}, {""count"": 4, ""layer"": ""valuation_hard"", ""pct"": 0.006060606060606061, ""reason"": ""max_ps_hist_percentile""}, {""count"": 2, ""layer"": ""quality_or_theme_hard"", ""pct"": 0.0030303030303030303, ""reason"": ""min_current_ratio""}, {""count"": 1, ""layer"": ""valuation_hard"", ""pct"": 0.0015151515151515152, ""reason"": ""max_ps_percentile_in_sic""}, {""count"": 1, ""layer"": ""valuation_hard"", ""pct"": 0.0015151515151515152, ""reason"": ""max_pe_percentile_in_sic""}], ""top_count"": 7, ""top_pct"": 0.010606060606060607, ""top_reason"": ""min_ai_link_score""}}, ""ai_peripheral"": {""first_fail"": {""top_count"": 172, ""top_pct"": 0.2606, ""top_reason"": ""min_dollar_volume""}, ""layer_summary"": {""base_hard"": {""before"": 660, ""pass_rate"": 0.2545454545454545, ""remaining"": 168, ""removed"": 375}, ""quality_or_theme_hard"": {""before"": 477, ""pass_rate"": 0.3522012578616352, ""remaining"": 168, ""removed"": 117}}, ""n_filtered"": 168, ""n_input"": 660, ""n_ranked"": 75, ""near_miss"": {""reasons"": [{""count"": 8, ""layer"": ""valuation_hard"", ""pct"": 0.012121212121212121, ""reason"": ""max_ps_hist_percentile""}, {""count"": 8, ""layer"": ""base_hard"", ""pct"": 0.012121212121212121, ""reason"": ""channel_bucket_match""}, {""count"": 5, ""layer"": ""quality_or_theme_hard"", ""pct"": 0.007575757575757576, ""reason"": ""min_ai_link_score""}, {""count"": 4, ""layer"": ""valuation_hard"", ""pct"": 0.006060606060606061, ""reason"": ""trend_min_return_60d""}, {""count"": 3, ""layer"": ""quality_or_theme_hard"", ""pct"": 0.004545454545454545, ""reason"": ""min_current_ratio""}], ""top_count"": 8, ""top_pct"": 0.012121212121212121, ""top_reason"": ""max_ps_hist_percentile""}}, ""core_ai"": {""first_fail"": {""top_count"": 172, ""top_pct"": 0.2606, ""top_reason"": ""min_dollar_volume""}, ""layer_summary"": {""base_hard"": {""before"": 660, ""pass_rate"": 0.17424242424242425, ""remaining"": 115, ""removed"": 428}, ""quality_or_theme_hard"": {""before"": 477, ""pass_rate"": 0.24109014675052412, ""remaining"": 115, ""removed"": 117}}, ""n_filtered"": 115, ""n_input"": 660, ""n_ranked"": 28, ""near_miss"": {""reasons"": [{""count"": 3, ""layer"": ""quality_or_theme_hard"", ""pct"": 0.004545454545454545, ""reason"": ""min_ai_link_score""}, {""count"": 2, ""layer"": ""valuation_hard"", ""pct"": 0.0030303030303030303, ""reason"": ""trend_min_return_60d""}, {""count"": 1, ""layer"": ""valuation_hard"", ""pct"": 0.0015151515151515152, ""reason"": ""max_pe_percentile_in_sic""}, {""count"": 1, ""layer"": ""quality_or_theme_hard"", ""pct"": 0.0015151515151515152, ""reason"": ""max_shares_yoy""}, {""count"": 1, ""layer"": ""valuation_hard"", ""pct"": 0.0015151515151515152, ""reason"": ""max_ps_hist_percentile""}], ""top_count"": 3, ""top_pct"": 0.004545454545454545, ""top_reason"": ""min_ai_link_score""}}}",,union_superset_approx
base,replay_base_2025-07-31,2025-07-31T00:00:00+00:00,2025-07-31,momentum,"['ANET', 'GOOGL', 'GEV', 'MSFT', 'AMZN', 'AMD', 'GOOG', 'NVDA', 'CAT', 'CSCO', 'PWR', 'VRT', 'EME', 'ETN', 'RTX', 'GE', 'NOC', 'AEP']",18,0.16267105669307536,up,"{""ai_enabler"": 10, ""ai_peripheral"": 10, ""core_ai"": 10}","{""ai_enabler"": [""ANET"", ""GEV"", ""GOOGL"", ""PWR"", ""GOOG"", ""AMZN"", ""MSFT"", ""VRT"", ""EME"", ""AMD""], ""ai_peripheral"": [""GEV"", ""PWR"", ""EME"", ""VRT"", ""ETN"", ""CAT"", ""RTX"", ""GE"", ""NOC"", ""AEP""], ""core_ai"": [""ANET"", ""GOOGL"", ""GEV"", ""MSFT"", ""AMZN"", ""AMD"", ""GOOG"", ""NVDA"", ""CAT"", ""CSCO""]}","{""ai_enabler"": {""first_fail"": {""top_count"": 172, ""top_pct"": 0.2606, ""top_reason"": ""min_dollar_volume""}, ""layer_summary"": {""base_hard"": {""before"": 660, ""pass_rate"": 0.5454545454545454, ""remaining"": 360, ""removed"": 183}, ""quality_or_theme_hard"": {""before"": 477, ""pass_rate"": 0.7547169811320755, ""remaining"": 360, ""removed"": 117}}, ""n_filtered"": 360, ""n_input"": 660, ""n_ranked"": 91, ""near_miss"": {""reasons"": [{""count"": 4, ""layer"": ""valuation_hard"", ""pct"": 0.006060606060606061, ""reason"": ""max_ps_hist_percentile""}, {""count"": 2, ""layer"": ""valuation_hard"", ""pct"": 0.0030303030303030303, ""reason"": ""momentum_min_return_20d""}, {""count"": 1, ""layer"": ""valuation_hard"", ""pct"": 0.0015151515151515152, ""reason"": ""max_ps_percentile_in_sic""}, {""count"": 1, ""layer"": ""base_hard"", ""pct"": 0.0015151515151515152, ""reason"": ""momentum_min_avg_dollar_volume_20d""}, {""count"": 1, ""layer"": ""quality_or_theme_hard"", ""pct"": 0.0015151515151515152, ""reason"": ""min_ai_link_score""}], ""top_count"": 4, ""top_pct"": 0.006060606060606061, ""top_reason"": ""max_ps_hist_percentile""}}, ""ai_peripheral"": {""first_fail"": {""top_count"": 172, ""top_pct"": 0.2606, ""top_reason"": ""min_dollar_volume""}, ""layer_summary"": {""base_hard"": {""before"": 660, ""pass_rate"": 0.2545454545454545, ""remaining"": 168, ""removed"": 375}, ""quality_or_theme_hard"": {""before"": 477, ""pass_rate"": 0.3522012578616352, ""remaining"": 168, ""removed"": 117}}, ""n_filtered"": 168, ""n_input"": 660, ""n_ranked"": 75, ""near_miss"": {""reasons"": [{""count"": 6, ""layer"": ""valuation_hard"", ""pct"": 0.00909090909090909, ""reason"": ""max_ps_hist_percentile""}, {""count"": 2, ""layer"": ""base_hard"", ""pct"": 0.0030303030303030303, ""reason"": ""channel_bucket_match""}, {""count"": 1, ""layer"": ""quality_or_theme_hard"", ""pct"": 0.0015151515151515152, ""reason"": ""max_ev_to_ebit""}], ""top_count"": 6, ""top_pct"": 0.00909090909090909, ""top_reason"": ""max_ps_hist_percentile""}}, ""core_ai"": {""first_fail"": {""top_count"": 172, ""top_pct"": 0.2606, ""top_reason"": ""min_dollar_volume""}, ""layer_summary"": {""base_hard"": {""before"": 660, ""pass_rate"": 0.17424242424242425, ""remaining"": 115, ""removed"": 428}, ""quality_or_theme_hard"": {""before"": 477, ""pass_rate"": 0.24109014675052412, ""remaining"": 115, ""removed"": 117}}, ""n_filtered"": 115, ""n_input"": 660, ""n_ranked"": 28, ""near_miss"": {""reasons"": [{""count"": 2, ""layer"": ""valuation_hard"", ""pct"": 0.0030303030303030303, ""reason"": ""momentum_min_return_20d""}, {""count"": 1, ""layer"": ""valuation_hard"", ""pct"": 0.0015151515151515152, ""reason"": ""max_ps_hist_percentile""}, {""count"": 1, ""layer"": ""quality_or_theme_hard"", ""pct"": 0.0015151515151515152, ""reason"": ""min_ai_link_score""}], ""top_count"": 2, ""top_pct"": 0.0030303030303030303, ""top_reason"": ""momentum_min_return_20d""}}}",,union_superset_approx
base,replay_base_2025-07-31,2025-07-31T00:00:00+00:00,2025-07-31,research_pool,"['BAH', 'EME', 'JCI', 'NSC', 'ATEN', 'CMI', 'RTX', 'QLYS', 'GD', 'PWR', 'FCX', 'MATX', 'SKY', 'ESS', 'EEFT', 'IESC', 'EXPD', 'IP', 'KIM', 'LYB', 'QCOM', 'LDOS', 'KLAC', 'PYPL', 'NFLX', 'LHX', 'DIS', 'CSCO', 'CAT', 'GOOG']",30,0.16267105669307536,up,"{""ai_enabler"": 10, ""ai_peripheral"": 10, ""core_ai"": 10}","{""ai_enabler"": [""BAH"", ""EME"", ""JCI"", ""NSC"", ""ATEN"", ""CMI"", ""RTX"", ""QLYS"", ""GD"", ""PWR""], ""ai_peripheral"": [""FCX"", ""MATX"", ""SKY"", ""ESS"", ""EEFT"", ""IESC"", ""EXPD"", ""IP"", ""KIM"", ""LYB""], ""core_ai"": [""QCOM"", ""LDOS"", ""KLAC"", ""PYPL"", ""NFLX"", ""LHX"", ""DIS"", ""CSCO"", ""CAT"", ""GOOG""]}","{""ai_enabler"": {""n_filtered"": 80, ""n_input"": 660, ""n_ranked"": 80, ""priority_counts"": {""left_side_watch"": 3, ""research_now"": 6, ""theme_only"": 61, ""watch_for_pullback"": 10}}, ""ai_peripheral"": {""n_filtered"": 54, ""n_input"": 660, ""n_ranked"": 54, ""priority_counts"": {""left_side_watch"": 4, ""research_now"": 1, ""theme_only"": 49}}, ""core_ai"": {""n_filtered"": 49, ""n_input"": 660, ""n_ranked"": 49, ""priority_counts"": {""left_side_watch"": 1, ""research_now"": 9, ""theme_only"": 18, ""watch_for_pullback"": 21}}}",,union_superset_approx
base,replay_base_2025-08-29,2025-08-29T00:00:00+00:00,2025-08-29,low_value,"['LRCX', 'GOOGL', 'LDOS', 'GOOG', 'AMZN', 'ANET', 'BWXT', 'TXN', 'ADI', 'GD', 'PH', 'NSC', 'CRH', 'CMI', 'UBER', 'NUE']",16,0.07858007413571366,up,"{""ai_enabler"": 10, ""ai_peripheral"": 8, ""core_ai"": 9}","{""ai_enabler"": [""LRCX"", ""LDOS"", ""GOOGL"", ""GOOG"", ""GD"", ""PH"", ""AMZN"", ""NSC"", ""CRH"", ""CMI""], ""ai_peripheral"": [""PH"", ""CMI"", ""NSC"", ""GD"", ""CRH"", ""UBER"", ""BWXT"", ""NUE""], ""core_ai"": [""LRCX"", ""GOOGL"", ""LDOS"", ""GOOG"", ""AMZN"", ""ANET"", ""BWXT"", ""TXN"", ""ADI""]}","{""ai_enabler"": {""first_fail"": {""top_count"": 219, ""top_pct"": 0.3318, ""top_reason"": ""min_dollar_volume""}, ""layer_summary"": {""base_hard"": {""before"": 660, ""pass_rate"": 0.15151515151515152, ""remaining"": 100, ""removed"": 225}, ""quality_or_theme_hard"": {""before"": 225, ""pass_rate"": 0.4444444444444444, ""remaining"": 100, ""removed"": 19}, ""valuation_hard"": {""before"": 435, ""pass_rate"": 0.2735632183908046, ""remaining"": 119, ""removed"": 316}}, ""n_filtered"": 100, ""n_input"": 660, ""n_ranked"": 14, ""near_miss"": {""reasons"": [{""count"": 3, ""layer"": ""valuation_hard"", ""pct"": 0.004545454545454545, ""reason"": ""min_return_20d""}], ""top_count"": 3, ""top_pct"": 0.004545454545454545, ""top_reason"": ""min_return_20d""}}, ""ai_peripheral"": {""first_fail"": {""top_count"": 219, ""top_pct"": 0.3318, ""top_reason"": ""min_dollar_volume""}, ""layer_summary"": {""base_hard"": {""before"": 660, ""pass_rate"": 0.07272727272727272, ""remaining"": 48, ""removed"": 290}, ""quality_or_theme_hard"": {""before"": 243, ""pass_rate"": 0.46502057613168724, ""remaining"": 113, ""removed"": 22}, ""valuation_hard"": {""before"": 435, ""pass_rate"": 0.3103448275862069, ""remaining"": 135, ""removed"": 300}}, ""n_filtered"": 48, ""n_input"": 660, ""n_ranked"": 8, ""near_miss"": {""reasons"": [{""count"": 2, ""layer"": ""valuation_hard"", ""pct"": 0.0030303030303030303, ""reason"": ""min_return_20d""}], ""top_count"": 2, ""top_pct"": 0.0030303030303030303, ""top_reason"": ""min_return_20d""}}, ""core_ai"": {""first_fail"": {""top_count"": 219, ""top_pct"": 0.3318, ""top_reason"": ""min_dollar_volume""}, ""layer_summary"": {""base_hard"": {""before"": 660, ""pass_rate"": 0.05303030303030303, ""remaining"": 35, ""removed"": 277}, ""quality_or_theme_hard"": {""before"": 207, ""pass_rate"": 0.42028985507246375, ""remaining"": 87, ""removed"": 17}, ""valuation_hard"": {""before"": 435, ""pass_rate"": 0.23908045977011494, ""remaining"": 104, ""removed"": 331}}, ""n_filtered"": 35, ""n_input"": 660, ""n_ranked"": 9, ""near_miss"": {""reasons"": [{""count"": 1, ""layer"": ""valuation_hard"", ""pct"": 0.0015151515151515152, ""reason"": ""min_return_20d""}], ""top_count"": 1, ""top_pct"": 0.0015151515151515152, ""top_reason"": ""min_return_20d""}}}",,union_superset_approx
base,replay_base_2025-08-29,2025-08-29T00:00:00+00:00,2025-08-29,industry_trend,"['GOOGL', 'AMZN', 'GOOG', 'ANET', 'CSCO', 'CRM', 'NFLX', 'LRCX', 'KLAC', 'AVGO', 'AAPL', 'CRH', 'FCX', 'PH', 'UBER', 'UNP', 'GE', 'RTX', 'BA', 'NSC', 'GEV']",21,0.07858007413571366,up,"{""ai_enabler"": 10, ""ai_peripheral"": 10, ""core_ai"": 10}","{""ai_enabler"": [""GOOGL"", ""GOOG"", ""ANET"", ""AMZN"", ""NFLX"", ""LRCX"", ""AAPL"", ""CRM"", ""CRH"", ""KLAC""], ""ai_peripheral"": [""CRH"", ""FCX"", ""PH"", ""UBER"", ""UNP"", ""GE"", ""RTX"", ""BA"", ""NSC"", ""GEV""], ""core_ai"": [""GOOGL"", ""AMZN"", ""GOOG"", ""ANET"", ""CSCO"", ""CRM"", ""NFLX"", ""LRCX"", ""KLAC"", ""AVGO""]}","{""ai_enabler"": {""first_fail"": {""top_count"": 219, ""top_pct"": 0.3318, ""top_reason"": ""min_dollar_volume""}, ""layer_summary"": {""base_hard"": {""before"": 660, ""pass_rate"": 0.5515151515151515, ""remaining"": 364, ""removed"": 225}, ""quality_or_theme_hard"": {""before"": 435, ""pass_rate"": 0.8367816091954023, ""remaining"": 364, ""removed"": 71}}, ""n_filtered"": 364, ""n_input"": 660, ""n_ranked"": 92, ""near_miss"": {""reasons"": [{""count"": 6, ""layer"": ""valuation_hard"", ""pct"": 0.00909090909090909, ""reason"": ""max_ps_hist_percentile""}, {""count"": 4, ""layer"": ""quality_or_theme_hard"", ""pct"": 0.006060606060606061, ""reason"": ""min_ai_link_score""}, {""count"": 3, ""layer"": ""valuation_hard"", ""pct"": 0.004545454545454545, ""reason"": ""trend_min_return_60d""}, {""count"": 3, ""layer"": ""base_hard"", ""pct"": 0.004545454545454545, ""reason"": ""trend_min_avg_dollar_volume_20d""}, {""count"": 3, ""layer"": ""quality_or_theme_hard"", ""pct"": 0.004545454545454545, ""reason"": ""min_current_ratio""}], ""top_count"": 6, ""top_pct"": 0.00909090909090909, ""top_reason"": ""max_ps_hist_percentile""}}, ""ai_peripheral"": {""first_fail"": {""top_count"": 219, ""top_pct"": 0.3318, ""top_reason"": ""min_dollar_volume""}, ""layer_summary"": {""base_hard"": {""before"": 660, ""pass_rate"": 0.24848484848484848, ""remaining"": 164, ""removed"": 425}, ""quality_or_theme_hard"": {""before"": 435, ""pass_rate"": 0.37701149425287356, ""remaining"": 164, ""removed"": 71}}, ""n_filtered"": 164, ""n_input"": 660, ""n_ranked"": 75, ""near_miss"": {""reasons"": [{""count"": 8, ""layer"": ""base_hard"", ""pct"": 0.012121212121212121, ""reason"": ""channel_bucket_match""}, {""count"": 6, ""layer"": ""valuation_hard"", ""pct"": 0.00909090909090909, ""reason"": ""max_ps_hist_percentile""}, {""count"": 5, ""layer"": ""quality_or_theme_hard"", ""pct"": 0.007575757575757576, ""reason"": ""min_ai_link_score""}, {""count"": 4, ""layer"": ""quality_or_theme_hard"", ""pct"": 0.006060606060606061, ""reason"": ""min_current_ratio""}, {""count"": 3, ""layer"": ""valuation_hard"", ""pct"": 0.004545454545454545, ""reason"": ""trend_min_return_60d""}], ""top_count"": 8, ""top_pct"": 0.012121212121212121, ""top_reason"": ""channel_bucket_match""}}, ""core_ai"": {""first_fail"": {""top_count"": 219, ""top_pct"": 0.3318, ""top_reason"": ""min_dollar_volume""}, ""layer_summary"": {""base_hard"": {""before"": 660, ""pass_rate"": 0.17727272727272728, ""remaining"": 117, ""removed"": 472}, ""quality_or_theme_hard"": {""before"": 435, ""pass_rate"": 0.2689655172413793, ""remaining"": 117, ""removed"": 71}}, ""n_filtered"": 117, ""n_input"": 660, ""n_ranked"": 28, ""near_miss"": {""reasons"": [{""count"": 3, ""layer"": ""valuation_hard"", ""pct"": 0.004545454545454545, ""reason"": ""trend_min_return_60d""}, {""count"": 2, ""layer"": ""valuation_hard"", ""pct"": 0.0030303030303030303, ""reason"": ""max_ps_hist_percentile""}, {""count"": 2, ""layer"": ""quality_or_theme_hard"", ""pct"": 0.0030303030303030303, ""reason"": ""min_ai_link_score""}, {""count"": 1, ""layer"": ""quality_or_theme_hard"", ""pct"": 0.0015151515151515152, ""reason"": ""min_net_income_yoy""}, {""count"": 1, ""layer"": ""valuation_hard"", ""pct"": 0.0015151515151515152, ""reason"": ""max_ps_percentile_in_sic""}], ""top_count"": 3, ""top_pct"": 0.004545454545454545, ""top_reason"": ""trend_min_return_60d""}}}",,union_superset_approx
base,replay_base_2025-08-29,2025-08-29T00:00:00+00:00,2025-08-29,momentum,"['GOOGL', 'ANET', 'GOOG', 'AMZN', 'ZM', 'AAPL', 'LRCX', 'NFLX', 'TXN', 'MU', 'CRH', 'FCX', 'UBER', 'PH', 'NEM', 'UNP', 'BA', 'CMI', 'GD', 'BWXT']",20,0.07858007413571366,up,"{""ai_enabler"": 10, ""ai_peripheral"": 10, ""core_ai"": 10}","{""ai_enabler"": [""ANET"", ""GOOGL"", ""GOOG"", ""CRH"", ""ZM"", ""AMZN"", ""AAPL"", ""FCX"", ""LRCX"", ""TXN""], ""ai_peripheral"": [""CRH"", ""FCX"", ""UBER"", ""PH"", ""NEM"", ""UNP"", ""BA"", ""CMI"", ""GD"", ""BWXT""], ""core_ai"": [""GOOGL"", ""ANET"", ""GOOG"", ""AMZN"", ""ZM"", ""AAPL"", ""LRCX"", ""NFLX"", ""TXN"", ""MU""]}","{""ai_enabler"": {""first_fail"": {""top_count"": 219, ""top_pct"": 0.3318, ""top_reason"": ""min_dollar_volume""}, ""layer_summary"": {""base_hard"": {""before"": 660, ""pass_rate"": 0.5515151515151515, ""remaining"": 364, ""removed"": 225}, ""quality_or_theme_hard"": {""before"": 435, ""pass_rate"": 0.8367816091954023, ""remaining"": 364, ""removed"": 71}}, ""n_filtered"": 364, ""n_input"": 660, ""n_ranked"": 92, ""near_miss"": {""reasons"": [{""count"": 3, ""layer"": ""valuation_hard"", ""pct"": 0.004545454545454545, ""reason"": ""max_ps_hist_percentile""}, {""count"": 2, ""layer"": ""valuation_hard"", ""pct"": 0.0030303030303030303, ""reason"": ""momentum_min_return_20d""}, {""count"": 2, ""layer"": ""valuation_hard"", ""pct"": 0.0030303030303030303, ""reason"": ""momentum_min_return_60d""}, {""count"": 1, ""layer"": ""base_hard"", ""pct"": 0.0015151515151515152, ""reason"": ""momentum_min_avg_dollar_volume_20d""}, {""count"": 1, ""layer"": ""quality_or_theme_hard"", ""pct"": 0.0015151515151515152, ""reason"": ""min_current_ratio""}], ""top_count"": 3, ""top_pct"": 0.004545454545454545, ""top_reason"": ""max_ps_hist_percentile""}}, ""ai_peripheral"": {""first_fail"": {""top_count"": 219, ""top_pct"": 0.3318, ""top_reason"": ""min_dollar_volume""}, ""layer_summary"": {""base_hard"": {""before"": 660, ""pass_rate"": 0.24848484848484848, ""remaining"": 164, ""removed"": 425}, ""quality_or_theme_hard"": {""before"": 435, ""pass_rate"": 0.37701149425287356, ""remaining"": 164, ""removed"": 71}}, ""n_filtered"": 164, ""n_input"": 660, ""n_ranked"": 75, ""near_miss"": {""reasons"": [{""count"": 2, ""layer"": ""valuation_hard"", ""pct"": 0.0030303030303030303, ""reason"": ""max_ps_hist_percentile""}, {""count"": 1, ""layer"": ""valuation_hard"", ""pct"": 0.0015151515151515152, ""reason"": ""momentum_min_return_20d""}, {""count"": 1, ""layer"": ""valuation_hard"", ""pct"": 0.0015151515151515152, ""reason"": ""momentum_min_return_60d""}], ""top_count"": 2, ""top_pct"": 0.0030303030303030303, ""top_reason"": ""max_ps_hist_percentile""}}, ""core_ai"": {""first_fail"": {""top_count"": 219, ""top_pct"": 0.3318, ""top_reason"": ""min_dollar_volume""}, ""layer_summary"": {""base_hard"": {""before"": 660, ""pass_rate"": 0.17727272727272728, ""remaining"": 117, ""removed"": 472}, ""quality_or_theme_hard"": {""before"": 435, ""pass_rate"": 0.2689655172413793, ""remaining"": 117, ""removed"": 71}}, ""n_filtered"": 117, ""n_input"": 660, ""n_ranked"": 28, ""near_miss"": {""reasons"": [{""count"": 2, ""layer"": ""valuation_hard"", ""pct"": 0.0030303030303030303, ""reason"": ""max_ps_hist_percentile""}, {""count"": 1, ""layer"": ""valuation_hard"", ""pct"": 0.0015151515151515152, ""reason"": ""momentum_min_return_20d""}, {""count"": 1, ""layer"": ""valuation_hard"", ""pct"": 0.0015151515151515152, ""reason"": ""momentum_min_return_60d""}, {""count"": 1, ""layer"": ""quality_or_theme_hard"", ""pct"": 0.0015151515151515152, ""reason"": ""max_shares_yoy""}, {""count"": 1, ""layer"": ""quality_or_theme_hard"", ""pct"": 0.0015151515151515152, ""reason"": ""min_ai_link_score""}], ""top_count"": 2, ""top_pct"": 0.0030303030303030303, ""top_reason"": ""max_ps_hist_percentile""}}}",,union_superset_approx
base,replay_base_2025-08-29,2025-08-29T00:00:00+00:00,2025-08-29,research_pool,"['BAH', 'ACN', 'JCI', 'ATEN', 'EME', 'CMI', 'NSC', 'NNE', 'NUE', 'SMR', 'CF', 'LII', 'TDG', 'IESC', 'MATX', 'SKY', 'ESS', 'EXPD', 'HEI', 'EEFT', 'ZM', 'QCOM', 'NOW', 'LDOS', 'KLAC', 'PYPL', 'NFLX', 'DIS', 'LHX', 'GOOG']",30,0.07858007413571366,up,"{""ai_enabler"": 10, ""ai_peripheral"": 10, ""core_ai"": 10}","{""ai_enabler"": [""BAH"", ""ACN"", ""JCI"", ""ATEN"", ""EME"", ""CMI"", ""NSC"", ""NNE"", ""NUE"", ""SMR""], ""ai_peripheral"": [""CF"", ""LII"", ""TDG"", ""IESC"", ""MATX"", ""SKY"", ""ESS"", ""EXPD"", ""HEI"", ""EEFT""], ""core_ai"": [""ZM"", ""QCOM"", ""NOW"", ""LDOS"", ""KLAC"", ""PYPL"", ""NFLX"", ""DIS"", ""LHX"", ""GOOG""]}","{""ai_enabler"": {""n_filtered"": 82, ""n_input"": 660, ""n_ranked"": 82, ""priority_counts"": {""research_now"": 9, ""theme_only"": 60, ""watch_for_pullback"": 13}}, ""ai_peripheral"": {""n_filtered"": 65, ""n_input"": 660, ""n_ranked"": 65, ""priority_counts"": {""left_side_watch"": 3, ""theme_only"": 62}}, ""core_ai"": {""n_filtered"": 51, ""n_input"": 660, ""n_ranked"": 51, ""priority_counts"": {""left_side_watch"": 1, ""research_now"": 9, ""theme_only"": 21, ""watch_for_pullback"": 20}}}",,union_superset_approx
base,replay_base_2025-09-30,2025-09-30T00:00:00+00:00,2025-09-30,low_value,"['KLAC', 'QCOM', 'LDOS', 'GOOGL', 'AMAT', 'LRCX', 'GOOG', 'ANET', 'CAT', 'LHX', 'VRT', 'EME', 'GD', 'JCI', 'RTX', 'CRH', 'CMI', 'ETN', 'CSX', 'PWR']",20,0.08710138891403951,up,"{""ai_enabler"": 10, ""ai_peripheral"": 10, ""core_ai"": 10}","{""ai_enabler"": [""KLAC"", ""LDOS"", ""AMAT"", ""QCOM"", ""GOOGL"", ""VRT"", ""EME"", ""GOOG"", ""LRCX"", ""GD""], ""ai_peripheral"": [""JCI"", ""VRT"", ""RTX"", ""EME"", ""CRH"", ""CMI"", ""ETN"", ""GD"", ""CSX"", ""PWR""], ""core_ai"": [""KLAC"", ""QCOM"", ""LDOS"", ""GOOGL"", ""AMAT"", ""LRCX"", ""GOOG"", ""ANET"", ""CAT"", ""LHX""]}","{""ai_enabler"": {""first_fail"": {""top_count"": 184, ""top_pct"": 0.2779, ""top_reason"": ""min_dollar_volume""}, ""layer_summary"": {""base_hard"": {""before"": 662, ""pass_rate"": 0.20694864048338368, ""remaining"": 137, ""removed"": 192}, ""quality_or_theme_hard"": {""before"": 251, ""pass_rate"": 0.545816733067729, ""remaining"": 137, ""removed"": 21}, ""valuation_hard"": {""before"": 470, ""pass_rate"": 0.33617021276595743, ""remaining"": 158, ""removed"": 312}}, ""n_filtered"": 137, ""n_input"": 662, ""n_ranked"": 24, ""near_miss"": {""reasons"": [{""count"": 1, ""layer"": ""valuation_hard"", ""pct"": 0.0015105740181268882, ""reason"": ""max_ps_hist_percentile""}, {""count"": 1, ""layer"": ""valuation_hard"", ""pct"": 0.0015105740181268882, ""reason"": ""max_pe_hist_percentile""}, {""count"": 1, ""layer"": ""valuation_hard"", ""pct"": 0.0015105740181268882, ""reason"": ""max_ps_percentile_in_sic""}, {""count"": 1, ""layer"": ""valuation_hard"", ""pct"": 0.0015105740181268882, ""reason"": ""max_pe_percentile_in_sic""}], ""top_count"": 1, ""top_pct"": 0.0015105740181268882, ""top_reason"": ""max_ps_hist_percentile""}}, ""ai_peripheral"": {""first_fail"": {""top_count"": 184, ""top_pct"": 0.2779, ""top_reason"": ""min_dollar_volume""}, ""layer_summary"": {""base_hard"": {""before"": 662, ""pass_rate"": 0.08761329305135952, ""remaining"": 58, ""removed"": 276}, ""quality_or_theme_hard"": {""before"": 269, ""pass_rate"": 0.5278810408921933, ""remaining"": 142, ""removed"": 26}, ""valuation_hard"": {""before"": 470, ""pass_rate"": 0.3574468085106383, ""remaining"": 168, ""removed"": 302}}, ""n_filtered"": 58, ""n_input"": 662, ""n_ranked"": 17, ""near_miss"": {""reasons"": [{""count"": 5, ""layer"": ""valuation_hard"", ""pct"": 0.0075528700906344415, ""reason"": ""max_ps_hist_percentile""}], ""top_count"": 5, ""top_pct"": 0.0075528700906344415, ""top_reason"": ""max_ps_hist_percentile""}}, ""core_ai"": {""first_fail"": {""top_count"": 184, ""top_pct"": 0.2779, ""top_reason"": ""min_dollar_volume""}, ""layer_summary"": {""base_hard"": {""before"": 662, ""pass_rate"": 0.07401812688821752, ""remaining"": 49, ""removed"": 266}, ""quality_or_theme_hard"": {""before"": 233, ""pass_rate"": 0.5278969957081545, ""remaining"": 123, ""removed"": 19}, ""valuation_hard"": {""before"": 470, ""pass_rate"": 0.3021276595744681, ""remaining"": 142, ""removed"": 328}}, ""n_filtered"": 49, ""n_input"": 662, ""n_ranked"": 13, ""near_miss"": {""reasons"": [{""count"": 1, ""layer"": ""valuation_hard"", ""pct"": 0.0015105740181268882, ""reason"": ""max_pe_percentile_in_sic""}], ""top_count"": 1, ""top_pct"": 0.0015105740181268882, ""top_reason"": ""max_pe_percentile_in_sic""}}}",,union_superset_approx
base,replay_base_2025-09-30,2025-09-30T00:00:00+00:00,2025-09-30,industry_trend,"['GOOGL', 'KLAC', 'LRCX', 'AMAT', 'GOOG', 'MSFT', 'AMZN', 'CSCO', 'NVDA', 'TSLA', 'ASML', 'VRT', 'UNP', 'IBM', 'CRH', 'GE', 'ETN', 'CSX', 'CAT', 'HWM', 'GEV', 'PWR']",22,0.08710138891403951,up,"{""ai_enabler"": 10, ""ai_peripheral"": 10, ""core_ai"": 10}","{""ai_enabler"": [""KLAC"", ""LRCX"", ""AMAT"", ""GOOGL"", ""GOOG"", ""ASML"", ""VRT"", ""UNP"", ""TSLA"", ""IBM""], ""ai_peripheral"": [""CRH"", ""UNP"", ""GE"", ""ETN"", ""CSX"", ""VRT"", ""CAT"", ""HWM"", ""GEV"", ""PWR""], ""core_ai"": [""GOOGL"", ""KLAC"", ""LRCX"", ""AMAT"", ""GOOG"", ""MSFT"", ""AMZN"", ""CSCO"", ""NVDA"", ""TSLA""]}","{""ai_enabler"": {""first_fail"": {""top_count"": 184, ""top_pct"": 0.2779, ""top_reason"": ""min_dollar_volume""}, ""layer_summary"": {""base_hard"": {""before"": 662, ""pass_rate"": 0.5619335347432024, ""remaining"": 372, ""removed"": 192}, ""quality_or_theme_hard"": {""before"": 470, ""pass_rate"": 0.7914893617021277, ""remaining"": 372, ""removed"": 98}}, ""n_filtered"": 372, ""n_input"": 662, ""n_ranked"": 90, ""near_miss"": {""reasons"": [{""count"": 7, ""layer"": ""valuation_hard"", ""pct"": 0.010574018126888218, ""reason"": ""trend_min_return_60d""}, {""count"": 6, ""layer"": ""valuation_hard"", ""pct"": 0.00906344410876133, ""reason"": ""max_ps_hist_percentile""}, {""count"": 6, ""layer"": ""quality_or_theme_hard"", ""pct"": 0.00906344410876133, ""reason"": ""min_ai_link_score""}, {""count"": 2, ""layer"": ""valuation_hard"", ""pct"": 0.0030211480362537764, ""reason"": ""max_ps_percentile_in_sic""}, {""count"": 1, ""layer"": ""quality_or_theme_hard"", ""pct"": 0.0015105740181268882, ""reason"": ""min_fcf_yield""}], ""top_count"": 7, ""top_pct"": 0.010574018126888218, ""top_reason"": ""trend_min_return_60d""}}, ""ai_peripheral"": {""first_fail"": {""top_count"": 184, ""top_pct"": 0.2779, ""top_reason"": ""min_dollar_volume""}, ""layer_summary"": {""base_hard"": {""before"": 662, ""pass_rate"": 0.25075528700906347, ""remaining"": 166, ""removed"": 398}, ""quality_or_theme_hard"": {""before"": 470, ""pass_rate"": 0.35319148936170214, ""remaining"": 166, ""removed"": 98}}, ""n_filtered"": 166, ""n_input"": 662, ""n_ranked"": 74, ""near_miss"": {""reasons"": [{""count"": 8, ""layer"": ""valuation_hard"", ""pct"": 0.012084592145015106, ""reason"": ""max_ps_hist_percentile""}, {""count"": 5, ""layer"": ""valuation_hard"", ""pct"": 0.0075528700906344415, ""reason"": ""trend_min_return_60d""}, {""count"": 4, ""layer"": ""quality_or_theme_hard"", ""pct"": 0.006042296072507553, ""reason"": ""min_current_ratio""}, {""count"": 4, ""layer"": ""base_hard"", ""pct"": 0.006042296072507553, ""reason"": ""channel_bucket_match""}, {""count"": 3, ""layer"": ""quality_or_theme_hard"", ""pct"": 0.004531722054380665, ""reason"": ""min_ai_link_score""}], ""top_count"": 8, ""top_pct"": 0.012084592145015106, ""top_reason"": ""max_ps_hist_percentile""}}, ""core_ai"": {""first_fail"": {""top_count"": 184, ""top_pct"": 0.2779, ""top_reason"": ""min_dollar_volume""}, ""layer_summary"": {""base_hard"": {""before"": 662, ""pass_rate"": 0.18277945619335348, ""remaining"": 121, ""removed"": 443}, ""quality_or_theme_hard"": {""before"": 470, ""pass_rate"": 0.2574468085106383, ""remaining"": 121, ""removed"": 98}}, ""n_filtered"": 121, ""n_input"": 662, ""n_ranked"": 29, ""near_miss"": {""reasons"": [{""count"": 3, ""layer"": ""valuation_hard"", ""pct"": 0.004531722054380665, ""reason"": ""trend_min_return_60d""}, {""count"": 1, ""layer"": ""valuation_hard"", ""pct"": 0.0015105740181268882, ""reason"": ""max_ps_percentile_in_sic""}, {""count"": 1, ""layer"": ""valuation_hard"", ""pct"": 0.0015105740181268882, ""reason"": ""max_pe_percentile_in_sic""}, {""count"": 1, ""layer"": ""base_hard"", ""pct"": 0.0015105740181268882, ""reason"": ""trend_min_avg_dollar_volume_20d""}, {""count"": 1, ""layer"": ""valuation_hard"", ""pct"": 0.0015105740181268882, ""reason"": ""max_ps_hist_percentile""}], ""top_count"": 3, ""top_pct"": 0.004531722054380665, ""top_reason"": ""trend_min_return_60d""}}}",,union_superset_approx
base,replay_base_2025-09-30,2025-09-30T00:00:00+00:00,2025-09-30,momentum,"['LRCX', 'KLAC', 'GOOGL', 'AMAT', 'ORCL', 'TSLA', 'ASML', 'MU', 'GOOG', 'TSM', 'VRT', 'IBM', 'HWM', 'CAT', 'CSX', 'PWR', 'ETN', 'CRH', 'UNP', 'GE', 'GEV']",21,0.08710138891403951,up,"{""ai_enabler"": 10, ""ai_peripheral"": 10, ""core_ai"": 10}","{""ai_enabler"": [""LRCX"", ""KLAC"", ""AMAT"", ""ASML"", ""GOOGL"", ""TSLA"", ""GOOG"", ""ORCL"", ""VRT"", ""IBM""], ""ai_peripheral"": [""HWM"", ""VRT"", ""CAT"", ""CSX"", ""PWR"", ""ETN"", ""CRH"", ""UNP"", ""GE"", ""GEV""], ""core_ai"": [""LRCX"", ""KLAC"", ""GOOGL"", ""AMAT"", ""ORCL"", ""TSLA"", ""ASML"", ""MU"", ""GOOG"", ""TSM""]}","{""ai_enabler"": {""first_fail"": {""top_count"": 184, ""top_pct"": 0.2779, ""top_reason"": ""min_dollar_volume""}, ""layer_summary"": {""base_hard"": {""before"": 662, ""pass_rate"": 0.5619335347432024, ""remaining"": 372, ""removed"": 192}, ""quality_or_theme_hard"": {""before"": 470, ""pass_rate"": 0.7914893617021277, ""remaining"": 372, ""removed"": 98}}, ""n_filtered"": 372, ""n_input"": 662, ""n_ranked"": 90, ""near_miss"": {""reasons"": [{""count"": 4, ""layer"": ""valuation_hard"", ""pct"": 0.006042296072507553, ""reason"": ""max_ps_hist_percentile""}, {""count"": 1, ""layer"": ""quality_or_theme_hard"", ""pct"": 0.0015105740181268882, ""reason"": ""max_ev_to_ebit""}, {""count"": 1, ""layer"": ""quality_or_theme_hard"", ""pct"": 0.0015105740181268882, ""reason"": ""min_ai_link_score""}], ""top_count"": 4, ""top_pct"": 0.006042296072507553, ""top_reason"": ""max_ps_hist_percentile""}}, ""ai_peripheral"": {""first_fail"": {""top_count"": 184, ""top_pct"": 0.2779, ""top_reason"": ""min_dollar_volume""}, ""layer_summary"": {""base_hard"": {""before"": 662, ""pass_rate"": 0.25075528700906347, ""remaining"": 166, ""removed"": 398}, ""quality_or_theme_hard"": {""before"": 470, ""pass_rate"": 0.35319148936170214, ""remaining"": 166, ""removed"": 98}}, ""n_filtered"": 166, ""n_input"": 662, ""n_ranked"": 74, ""near_miss"": {""reasons"": [{""count"": 7, ""layer"": ""valuation_hard"", ""pct"": 0.010574018126888218, ""reason"": ""max_ps_hist_percentile""}, {""count"": 1, ""layer"": ""quality_or_theme_hard"", ""pct"": 0.0015105740181268882, ""reason"": ""max_ev_to_ebit""}, {""count"": 1, ""layer"": ""base_hard"", ""pct"": 0.0015105740181268882, ""reason"": ""channel_bucket_match""}], ""top_count"": 7, ""top_pct"": 0.010574018126888218, ""top_reason"": ""max_ps_hist_percentile""}}, ""core_ai"": {""first_fail"": {""top_count"": 184, ""top_pct"": 0.2779, ""top_reason"": ""min_dollar_volume""}, ""layer_summary"": {""base_hard"": {""before"": 662, ""pass_rate"": 0.18277945619335348, ""remaining"": 121, ""removed"": 443}, ""quality_or_theme_hard"": {""before"": 470, ""pass_rate"": 0.2574468085106383, ""remaining"": 121, ""removed"": 98}}, ""n_filtered"": 121, ""n_input"": 662, ""n_ranked"": 29, ""near_miss"": {""reasons"": [{""count"": 1, ""layer"": ""quality_or_theme_hard"", ""pct"": 0.0015105740181268882, ""reason"": ""min_ai_link_score""}], ""top_count"": 1, ""top_pct"": 0.0015105740181268882, ""top_reason"": ""min_ai_link_score""}}}",,union_superset_approx
base,replay_base_2025-09-30,2025-09-30T00:00:00+00:00,2025-09-30,research_pool,"['ACN', 'EME', 'ATEN', 'JCI', 'CMI', 'NNE', 'STLD', 'NSC', 'UNP', 'CSX', 'HII', 'JKHY', 'IESC', 'SKY', 'MATX', 'ESS', 'EXPD', 'FCX', 'HEI', 'EEFT', 'ZM', 'KLAC', 'NOW', 'QCOM', 'PYPL', 'NFLX', 'LDOS', 'DIS', 'CSCO', 'CAT']",30,0.08710138891403951,up,"{""ai_enabler"": 10, ""ai_peripheral"": 10, ""core_ai"": 10}","{""ai_enabler"": [""ACN"", ""EME"", ""ATEN"", ""JCI"", ""CMI"", ""NNE"", ""STLD"", ""NSC"", ""UNP"", ""CSX""], ""ai_peripheral"": [""HII"", ""JKHY"", ""IESC"", ""SKY"", ""MATX"", ""ESS"", ""EXPD"", ""FCX"", ""HEI"", ""EEFT""], ""core_ai"": [""ZM"", ""KLAC"", ""NOW"", ""QCOM"", ""PYPL"", ""NFLX"", ""LDOS"", ""DIS"", ""CSCO"", ""CAT""]}","{""ai_enabler"": {""n_filtered"": 91, ""n_input"": 662, ""n_ranked"": 91, ""priority_counts"": {""left_side_watch"": 3, ""research_now"": 11, ""theme_only"": 63, ""watch_for_pullback"": 14}}, ""ai_peripheral"": {""n_filtered"": 46, ""n_input"": 662, ""n_ranked"": 46, ""priority_counts"": {""left_side_watch"": 1, ""research_now"": 1, ""theme_only"": 44}}, ""core_ai"": {""n_filtered"": 47, ""n_input"": 662, ""n_ranked"": 47, ""priority_counts"": {""left_side_watch"": 1, ""research_now"": 11, ""theme_only"": 14, ""watch_for_pullback"": 21}}}",,union_superset_approx
base,replay_base_2025-10-31,2025-10-31T00:00:00+00:00,2025-10-31,low_value,"['KLAC', 'ZM', 'QCOM', 'LRCX', 'MU', 'GOOGL', 'AMAT', 'GOOG', 'AMZN', 'ANET', 'EME', 'JCI', 'PWR', 'RTX', 'VRT', 'ATI', 'ETN', 'HWM', 'CAT', 'TT']",20,0.10547767119918472,up,"{""ai_enabler"": 10, ""ai_peripheral"": 10, ""core_ai"": 10}","{""ai_enabler"": [""KLAC"", ""ZM"", ""MU"", ""QCOM"", ""LRCX"", ""EME"", ""JCI"", ""GOOGL"", ""PWR"", ""RTX""], ""ai_peripheral"": [""EME"", ""JCI"", ""RTX"", ""VRT"", ""ATI"", ""PWR"", ""ETN"", ""HWM"", ""CAT"", ""TT""], ""core_ai"": [""KLAC"", ""ZM"", ""QCOM"", ""LRCX"", ""MU"", ""GOOGL"", ""AMAT"", ""GOOG"", ""AMZN"", ""ANET""]}","{""ai_enabler"": {""first_fail"": {""top_count"": 168, ""top_pct"": 0.2526, ""top_reason"": ""min_dollar_volume""}, ""layer_summary"": {""base_hard"": {""before"": 665, ""pass_rate"": 0.16090225563909774, ""remaining"": 107, ""removed"": 176}, ""quality_or_theme_hard"": {""before"": 233, ""pass_rate"": 0.4592274678111588, ""remaining"": 107, ""removed"": 22}, ""valuation_hard"": {""before"": 489, ""pass_rate"": 0.26380368098159507, ""remaining"": 129, ""removed"": 360}}, ""n_filtered"": 107, ""n_input"": 665, ""n_ranked"": 22, ""near_miss"": {""reasons"": [{""count"": 1, ""layer"": ""valuation_hard"", ""pct"": 0.0015037593984962407, ""reason"": ""max_pe_percentile_in_sic""}], ""top_count"": 1, ""top_pct"": 0.0015037593984962407, ""top_reason"": ""max_pe_percentile_in_sic""}}, ""ai_peripheral"": {""first_fail"": {""top_count"": 168, ""top_pct"": 0.2526, ""top_reason"": ""min_dollar_volume""}, ""layer_summary"": {""base_hard"": {""before"": 665, ""pass_rate"": 0.05112781954887218, ""remaining"": 34, ""removed"": 250}, ""quality_or_theme_hard"": {""before"": 248, ""pass_rate"": 0.43548387096774194, ""remaining"": 108, ""removed"": 24}, ""valuation_hard"": {""before"": 489, ""pass_rate"": 0.26993865030674846, ""remaining"": 132, ""removed"": 357}}, ""n_filtered"": 34, ""n_input"": 665, ""n_ranked"": 12, ""near_miss"": {""reasons"": [], ""top_count"": 0, ""top_pct"": 0.0, ""top_reason"": """"}}, ""core_ai"": {""first_fail"": {""top_count"": 168, ""top_pct"": 0.2526, ""top_reason"": ""min_dollar_volume""}, ""layer_summary"": {""base_hard"": {""before"": 665, ""pass_rate"": 0.06466165413533835, ""remaining"": 43, ""removed"": 228}, ""quality_or_theme_hard"": {""before"": 210, ""pass_rate"": 0.4523809523809524, ""remaining"": 95, ""removed"": 20}, ""valuation_hard"": {""before"": 489, ""pass_rate"": 0.23517382413087934, ""remaining"": 115, ""removed"": 374}}, ""n_filtered"": 43, ""n_input"": 665, ""n_ranked"": 13, ""near_miss"": {""reasons"": [{""count"": 1, ""layer"": ""valuation_hard"", ""pct"": 0.0015037593984962407, ""reason"": ""max_pe_percentile_in_sic""}], ""top_count"": 1, ""top_pct"": 0.0015037593984962407, ""top_reason"": ""max_pe_percentile_in_sic""}}}",,union_superset_approx
base,replay_base_2025-10-31,2025-10-31T00:00:00+00:00,2025-10-31,industry_trend,"['AMZN', 'GOOGL', 'MU', 'CSCO', 'GOOG', 'MSFT', 'KLAC', 'AVGO', 'LRCX', 'NVDA', 'IBM', 'PWR', 'CRM', 'CAT', 'VRT', 'HWM', 'GE', 'FCX', 'ETN', 'GEV', 'RTX', 'PH']",22,0.10547767119918472,up,"{""ai_enabler"": 10, ""ai_peripheral"": 10, ""core_ai"": 10}","{""ai_enabler"": [""AMZN"", ""MU"", ""KLAC"", ""GOOGL"", ""CSCO"", ""GOOG"", ""LRCX"", ""IBM"", ""PWR"", ""CRM""], ""ai_peripheral"": [""PWR"", ""CAT"", ""VRT"", ""HWM"", ""GE"", ""FCX"", ""ETN"", ""GEV"", ""RTX"", ""PH""], ""core_ai"": [""AMZN"", ""GOOGL"", ""MU"", ""CSCO"", ""GOOG"", ""MSFT"", ""KLAC"", ""AVGO"", ""LRCX"", ""NVDA""]}","{""ai_enabler"": {""first_fail"": {""top_count"": 168, ""top_pct"": 0.2526, ""top_reason"": ""min_dollar_volume""}, ""layer_summary"": {""base_hard"": {""before"": 665, ""pass_rate"": 0.5729323308270676, ""remaining"": 381, ""removed"": 176}, ""quality_or_theme_hard"": {""before"": 489, ""pass_rate"": 0.7791411042944786, ""remaining"": 381, ""removed"": 108}}, ""n_filtered"": 381, ""n_input"": 665, ""n_ranked"": 91, ""near_miss"": {""reasons"": [{""count"": 6, ""layer"": ""quality_or_theme_hard"", ""pct"": 0.009022556390977444, ""reason"": ""min_ai_link_score""}, {""count"": 5, ""layer"": ""valuation_hard"", ""pct"": 0.007518796992481203, ""reason"": ""max_ps_hist_percentile""}, {""count"": 4, ""layer"": ""quality_or_theme_hard"", ""pct"": 0.006015037593984963, ""reason"": ""min_current_ratio""}, {""count"": 3, ""layer"": ""valuation_hard"", ""pct"": 0.004511278195488722, ""reason"": ""trend_min_return_60d""}, {""count"": 3, ""layer"": ""base_hard"", ""pct"": 0.004511278195488722, ""reason"": ""trend_min_avg_dollar_volume_20d""}], ""top_count"": 6, ""top_pct"": 0.009022556390977444, ""top_reason"": ""min_ai_link_score""}}, ""ai_peripheral"": {""first_fail"": {""top_count"": 168, ""top_pct"": 0.2526, ""top_reason"": ""min_dollar_volume""}, ""layer_summary"": {""base_hard"": {""before"": 665, ""pass_rate"": 0.2571428571428571, ""remaining"": 171, ""removed"": 386}, ""quality_or_theme_hard"": {""before"": 489, ""pass_rate"": 0.3496932515337423, ""remaining"": 171, ""removed"": 108}}, ""n_filtered"": 171, ""n_input"": 665, ""n_ranked"": 75, ""near_miss"": {""reasons"": [{""count"": 8, ""layer"": ""valuation_hard"", ""pct"": 0.012030075187969926, ""reason"": ""max_ps_hist_percentile""}, {""count"": 7, ""layer"": ""base_hard"", ""pct"": 0.010526315789473684, ""reason"": ""channel_bucket_match""}, {""count"": 5, ""layer"": ""quality_or_theme_hard"", ""pct"": 0.007518796992481203, ""reason"": ""min_ai_link_score""}, {""count"": 4, ""layer"": ""quality_or_theme_hard"", ""pct"": 0.006015037593984963, ""reason"": ""min_current_ratio""}, {""count"": 2, ""layer"": ""base_hard"", ""pct"": 0.0030075187969924814, ""reason"": ""trend_min_avg_dollar_volume_20d""}], ""top_count"": 8, ""top_pct"": 0.012030075187969926, ""top_reason"": ""max_ps_hist_percentile""}}, ""core_ai"": {""first_fail"": {""top_count"": 168, ""top_pct"": 0.2526, ""top_reason"": ""min_dollar_volume""}, ""layer_summary"": {""base_hard"": {""before"": 665, ""pass_rate"": 0.18195488721804512, ""remaining"": 121, ""removed"": 436}, ""quality_or_theme_hard"": {""before"": 489, ""pass_rate"": 0.2474437627811861, ""remaining"": 121, ""removed"": 108}}, ""n_filtered"": 121, ""n_input"": 665, ""n_ranked"": 29, ""near_miss"": {""reasons"": [{""count"": 3, ""layer"": ""quality_or_theme_hard"", ""pct"": 0.004511278195488722, ""reason"": ""min_ai_link_score""}, {""count"": 1, ""layer"": ""valuation_hard"", ""pct"": 0.0015037593984962407, ""reason"": ""max_ps_percentile_in_sic""}, {""count"": 1, ""layer"": ""valuation_hard"", ""pct"": 0.0015037593984962407, ""reason"": ""max_pe_percentile_in_sic""}, {""count"": 1, ""layer"": ""valuation_hard"", ""pct"": 0.0015037593984962407, ""reason"": ""trend_min_return_60d""}, {""count"": 1, ""layer"": ""valuation_hard"", ""pct"": 0.0015037593984962407, ""reason"": ""max_ps_hist_percentile""}], ""top_count"": 3, ""top_pct"": 0.004511278195488722, ""top_reason"": ""min_ai_link_score""}}}",,union_superset_approx
base,replay_base_2025-10-31,2025-10-31T00:00:00+00:00,2025-10-31,momentum,"['MU', 'GOOGL', 'AMZN', 'CSCO', 'GOOG', 'CRM', 'KLAC', 'AMD', 'LRCX', 'ANET', 'VRT', 'PWR', 'CAT', 'HWM', 'UPS', 'ATI', 'FCX', 'RTX', 'BWXT', 'GE']",20,0.10547767119918472,up,"{""ai_enabler"": 10, ""ai_peripheral"": 10, ""core_ai"": 10}","{""ai_enabler"": [""MU"", ""GOOGL"", ""KLAC"", ""AMZN"", ""GOOG"", ""LRCX"", ""CSCO"", ""VRT"", ""CRM"", ""ANET""], ""ai_peripheral"": [""VRT"", ""PWR"", ""CAT"", ""HWM"", ""UPS"", ""ATI"", ""FCX"", ""RTX"", ""BWXT"", ""GE""], ""core_ai"": [""MU"", ""GOOGL"", ""AMZN"", ""CSCO"", ""GOOG"", ""CRM"", ""KLAC"", ""AMD"", ""LRCX"", ""ANET""]}","{""ai_enabler"": {""first_fail"": {""top_count"": 168, ""top_pct"": 0.2526, ""top_reason"": ""min_dollar_volume""}, ""layer_summary"": {""base_hard"": {""before"": 665, ""pass_rate"": 0.5729323308270676, ""remaining"": 381, ""removed"": 176}, ""quality_or_theme_hard"": {""before"": 489, ""pass_rate"": 0.7791411042944786, ""remaining"": 381, ""removed"": 108}}, ""n_filtered"": 381, ""n_input"": 665, ""n_ranked"": 91, ""near_miss"": {""reasons"": [{""count"": 3, ""layer"": ""valuation_hard"", ""pct"": 0.004511278195488722, ""reason"": ""max_ps_hist_percentile""}, {""count"": 1, ""layer"": ""valuation_hard"", ""pct"": 0.0015037593984962407, ""reason"": ""max_pe_percentile_in_sic""}, {""count"": 1, ""layer"": ""valuation_hard"", ""pct"": 0.0015037593984962407, ""reason"": ""momentum_min_price_to_sma200""}, {""count"": 1, ""layer"": ""valuation_hard"", ""pct"": 0.0015037593984962407, ""reason"": ""momentum_min_return_60d""}, {""count"": 1, ""layer"": ""quality_or_theme_hard"", ""pct"": 0.0015037593984962407, ""reason"": ""min_ai_link_score""}], ""top_count"": 3, ""top_pct"": 0.004511278195488722, ""top_reason"": ""max_ps_hist_percentile""}}, ""ai_peripheral"": {""first_fail"": {""top_count"": 168, ""top_pct"": 0.2526, ""top_reason"": ""min_dollar_volume""}, ""layer_summary"": {""base_hard"": {""before"": 665, ""pass_rate"": 0.2571428571428571, ""remaining"": 171, ""removed"": 386}, ""quality_or_theme_hard"": {""before"": 489, ""pass_rate"": 0.3496932515337423, ""remaining"": 171, ""removed"": 108}}, ""n_filtered"": 171, ""n_input"": 665, ""n_ranked"": 75, ""near_miss"": {""reasons"": [{""count"": 6, ""layer"": ""valuation_hard"", ""pct"": 0.009022556390977444, ""reason"": ""max_ps_hist_percentile""}, {""count"": 1, ""layer"": ""valuation_hard"", ""pct"": 0.0015037593984962407, ""reason"": ""momentum_min_return_20d""}, {""count"": 1, ""layer"": ""valuation_hard"", ""pct"": 0.0015037593984962407, ""reason"": ""momentum_min_price_to_sma200""}, {""count"": 1, ""layer"": ""valuation_hard"", ""pct"": 0.0015037593984962407, ""reason"": ""momentum_min_return_60d""}, {""count"": 1, ""layer"": ""base_hard"", ""pct"": 0.0015037593984962407, ""reason"": ""channel_bucket_match""}], ""top_count"": 6, ""top_pct"": 0.009022556390977444, ""top_reason"": ""max_ps_hist_percentile""}}, ""core_ai"": {""first_fail"": {""top_count"": 168, ""top_pct"": 0.2526, ""top_reason"": ""min_dollar_volume""}, ""layer_summary"": {""base_hard"": {""before"": 665, ""pass_rate"": 0.18195488721804512, ""remaining"": 121, ""removed"": 436}, ""quality_or_theme_hard"": {""before"": 489, ""pass_rate"": 0.2474437627811861, ""remaining"": 121, ""removed"": 108}}, ""n_filtered"": 121, ""n_input"": 665, ""n_ranked"": 29, ""near_miss"": {""reasons"": [{""count"": 1, ""layer"": ""valuation_hard"", ""pct"": 0.0015037593984962407, ""reason"": ""max_pe_percentile_in_sic""}, {""count"": 1, ""layer"": ""quality_or_theme_hard"", ""pct"": 0.0015037593984962407, ""reason"": ""min_ai_link_score""}], ""top_count"": 1, ""top_pct"": 0.0015037593984962407, ""top_reason"": ""max_pe_percentile_in_sic""}}}",,union_superset_approx
base,replay_base_2025-10-31,2025-10-31T00:00:00+00:00,2025-10-31,research_pool,"['ACN', 'EME', 'JCI', 'ATEN', 'CMI', 'NNE', 'STLD', 'NOC', 'LMT', 'NUE', 'HII', 'EXLS', 'FISV', 'EEFT', 'LII', 'IESC', 'SKY', 'MATX', 'KIM', 'ESS', 'KLAC', 'NOW', 'NFLX', 'PYPL', 'QCOM', 'LDOS', 'DIS', 'CAT', 'SMCI', 'ZM']",30,0.10547767119918472,up,"{""ai_enabler"": 10, ""ai_peripheral"": 10, ""core_ai"": 10}","{""ai_enabler"": [""ACN"", ""EME"", ""JCI"", ""ATEN"", ""CMI"", ""NNE"", ""STLD"", ""NOC"", ""LMT"", ""NUE""], ""ai_peripheral"": [""HII"", ""EXLS"", ""FISV"", ""EEFT"", ""LII"", ""IESC"", ""SKY"", ""MATX"", ""KIM"", ""ESS""], ""core_ai"": [""KLAC"", ""NOW"", ""NFLX"", ""PYPL"", ""QCOM"", ""LDOS"", ""DIS"", ""CAT"", ""SMCI"", ""ZM""]}","{""ai_enabler"": {""n_filtered"": 81, ""n_input"": 665, ""n_ranked"": 81, ""priority_counts"": {""left_side_watch"": 4, ""research_now"": 10, ""theme_only"": 52, ""watch_for_pullback"": 15}}, ""ai_peripheral"": {""n_filtered"": 54, ""n_input"": 665, ""n_ranked"": 54, ""priority_counts"": {""left_side_watch"": 4, ""research_now"": 1, ""theme_only"": 49}}, ""core_ai"": {""n_filtered"": 53, ""n_input"": 665, ""n_ranked"": 53, ""priority_counts"": {""left_side_watch"": 2, ""research_now"": 9, ""theme_only"": 17, ""watch_for_pullback"": 25}}}",,union_superset_approx
base,replay_base_2025-11-28,2025-11-28T00:00:00+00:00,2025-11-28,low_value,"['CSCO', 'MU', 'AMAT', 'GOOGL', 'ADI', 'GOOG', 'TWLO', 'CRH', 'PH', 'PWR', 'NSC', 'CMI', 'AAPL', 'NUE', 'STLD', 'SRE']",16,0.07620901853075135,up,"{""ai_enabler"": 10, ""ai_peripheral"": 8, ""core_ai"": 7}","{""ai_enabler"": [""MU"", ""CSCO"", ""CRH"", ""PH"", ""PWR"", ""NSC"", ""CMI"", ""AMAT"", ""AAPL"", ""GOOGL""], ""ai_peripheral"": [""CRH"", ""PH"", ""PWR"", ""CMI"", ""NSC"", ""NUE"", ""STLD"", ""SRE""], ""core_ai"": [""CSCO"", ""MU"", ""AMAT"", ""GOOGL"", ""ADI"", ""GOOG"", ""TWLO""]}","{""ai_enabler"": {""first_fail"": {""top_count"": 284, ""top_pct"": 0.4264, ""top_reason"": ""min_dollar_volume""}, ""layer_summary"": {""base_hard"": {""before"": 666, ""pass_rate"": 0.11561561561561562, ""remaining"": 77, ""removed"": 287}, ""quality_or_theme_hard"": {""before"": 169, ""pass_rate"": 0.4556213017751479, ""remaining"": 77, ""removed"": 6}, ""valuation_hard"": {""before"": 379, ""pass_rate"": 0.21899736147757257, ""remaining"": 83, ""removed"": 296}}, ""n_filtered"": 77, ""n_input"": 666, ""n_ranked"": 16, ""near_miss"": {""reasons"": [{""count"": 1, ""layer"": ""valuation_hard"", ""pct"": 0.0015015015015015015, ""reason"": ""min_return_60d""}], ""top_count"": 1, ""top_pct"": 0.0015015015015015015, ""top_reason"": ""min_return_60d""}}, ""ai_peripheral"": {""first_fail"": {""top_count"": 284, ""top_pct"": 0.4264, ""top_reason"": ""min_dollar_volume""}, ""layer_summary"": {""base_hard"": {""before"": 666, ""pass_rate"": 0.06006006006006006, ""remaining"": 40, ""removed"": 325}, ""quality_or_theme_hard"": {""before"": 182, ""pass_rate"": 0.42857142857142855, ""remaining"": 78, ""removed"": 6}, ""valuation_hard"": {""before"": 379, ""pass_rate"": 0.22163588390501318, ""remaining"": 84, ""removed"": 295}}, ""n_filtered"": 40, ""n_input"": 666, ""n_ranked"": 8, ""near_miss"": {""reasons"": [{""count"": 1, ""layer"": ""valuation_hard"", ""pct"": 0.0015015015015015015, ""reason"": ""min_return_20d""}, {""count"": 1, ""layer"": ""valuation_hard"", ""pct"": 0.0015015015015015015, ""reason"": ""min_return_60d""}, {""count"": 1, ""layer"": ""quality_or_theme_hard"", ""pct"": 0.0015015015015015015, ""reason"": ""min_ai_link_score""}], ""top_count"": 1, ""top_pct"": 0.0015015015015015015, ""top_reason"": ""min_return_20d""}}, ""core_ai"": {""first_fail"": {""top_count"": 284, ""top_pct"": 0.4264, ""top_reason"": ""min_dollar_volume""}, ""layer_summary"": {""base_hard"": {""before"": 666, ""pass_rate"": 0.03303303303303303, ""remaining"": 22, ""removed"": 327}, ""quality_or_theme_hard"": {""before"": 149, ""pass_rate"": 0.4161073825503356, ""remaining"": 62, ""removed"": 5}, ""valuation_hard"": {""before"": 379, ""pass_rate"": 0.17678100263852242, ""remaining"": 67, ""removed"": 312}}, ""n_filtered"": 22, ""n_input"": 666, ""n_ranked"": 7, ""near_miss"": {""reasons"": [], ""top_count"": 0, ""top_pct"": 0.0, ""top_reason"": """"}}}",,union_superset_approx
base,replay_base_2025-11-28,2025-11-28T00:00:00+00:00,2025-11-28,industry_trend,"['AMZN', 'GOOGL', 'CSCO', 'MU', 'GOOG', 'MSFT', 'AVGO', 'KLAC', 'NFLX', 'GEV', 'AMAT', 'LRCX', 'PH', 'FCX', 'UNP', 'CRH', 'PWR', 'KMI', 'D', 'GE', 'OKE']",21,0.07620901853075135,up,"{""ai_enabler"": 10, ""ai_peripheral"": 10, ""core_ai"": 10}","{""ai_enabler"": [""AMZN"", ""CSCO"", ""MU"", ""GOOGL"", ""GOOG"", ""KLAC"", ""GEV"", ""AMAT"", ""NFLX"", ""LRCX""], ""ai_peripheral"": [""GEV"", ""PH"", ""FCX"", ""UNP"", ""CRH"", ""PWR"", ""KMI"", ""D"", ""GE"", ""OKE""], ""core_ai"": [""AMZN"", ""GOOGL"", ""CSCO"", ""MU"", ""GOOG"", ""MSFT"", ""AVGO"", ""KLAC"", ""NFLX"", ""GEV""]}","{""ai_enabler"": {""first_fail"": {""top_count"": 284, ""top_pct"": 0.4264, ""top_reason"": ""min_dollar_volume""}, ""layer_summary"": {""base_hard"": {""before"": 666, ""pass_rate"": 0.5315315315315315, ""remaining"": 354, ""removed"": 287}, ""quality_or_theme_hard"": {""before"": 379, ""pass_rate"": 0.9340369393139841, ""remaining"": 354, ""removed"": 25}}, ""n_filtered"": 354, ""n_input"": 666, ""n_ranked"": 89, ""near_miss"": {""reasons"": [{""count"": 8, ""layer"": ""valuation_hard"", ""pct"": 0.012012012012012012, ""reason"": ""trend_min_return_60d""}, {""count"": 5, ""layer"": ""valuation_hard"", ""pct"": 0.0075075075075075074, ""reason"": ""max_ps_hist_percentile""}, {""count"": 5, ""layer"": ""quality_or_theme_hard"", ""pct"": 0.0075075075075075074, ""reason"": ""min_ai_link_score""}, {""count"": 4, ""layer"": ""base_hard"", ""pct"": 0.006006006006006006, ""reason"": ""trend_min_avg_dollar_volume_20d""}, {""count"": 2, ""layer"": ""valuation_hard"", ""pct"": 0.003003003003003003, ""reason"": ""max_ps_percentile_in_sic""}], ""top_count"": 8, ""top_pct"": 0.012012012012012012, ""top_reason"": ""trend_min_return_60d""}}, ""ai_peripheral"": {""first_fail"": {""top_count"": 284, ""top_pct"": 0.4264, ""top_reason"": ""min_dollar_volume""}, ""layer_summary"": {""base_hard"": {""before"": 666, ""pass_rate"": 0.23123123123123124, ""remaining"": 154, ""removed"": 487}, ""quality_or_theme_hard"": {""before"": 379, ""pass_rate"": 0.40633245382585753, ""remaining"": 154, ""removed"": 25}}, ""n_filtered"": 154, ""n_input"": 666, ""n_ranked"": 72, ""near_miss"": {""reasons"": [{""count"": 7, ""layer"": ""valuation_hard"", ""pct"": 0.010510510510510511, ""reason"": ""max_ps_hist_percentile""}, {""count"": 5, ""layer"": ""base_hard"", ""pct"": 0.0075075075075075074, ""reason"": ""channel_bucket_match""}, {""count"": 3, ""layer"": ""quality_or_theme_hard"", ""pct"": 0.0045045045045045045, ""reason"": ""min_current_ratio""}, {""count"": 3, ""layer"": ""quality_or_theme_hard"", ""pct"": 0.0045045045045045045, ""reason"": ""min_ai_link_score""}, {""count"": 2, ""layer"": ""valuation_hard"", ""pct"": 0.003003003003003003, ""reason"": ""trend_min_return_60d""}], ""top_count"": 7, ""top_pct"": 0.010510510510510511, ""top_reason"": ""max_ps_hist_percentile""}}, ""core_ai"": {""first_fail"": {""top_count"": 284, ""top_pct"": 0.4264, ""top_reason"": ""min_dollar_volume""}, ""layer_summary"": {""base_hard"": {""before"": 666, ""pass_rate"": 0.17717717717717718, ""remaining"": 118, ""removed"": 523}, ""quality_or_theme_hard"": {""before"": 379, ""pass_rate"": 0.3113456464379947, ""remaining"": 118, ""removed"": 25}}, ""n_filtered"": 118, ""n_input"": 666, ""n_ranked"": 29, ""near_miss"": {""reasons"": [{""count"": 3, ""layer"": ""valuation_hard"", ""pct"": 0.0045045045045045045, ""reason"": ""trend_min_return_60d""}, {""count"": 1, ""layer"": ""quality_or_theme_hard"", ""pct"": 0.0015015015015015015, ""reason"": ""max_ev_to_ebit""}, {""count"": 1, ""layer"": ""base_hard"", ""pct"": 0.0015015015015015015, ""reason"": ""trend_min_avg_dollar_volume_20d""}, {""count"": 1, ""layer"": ""quality_or_theme_hard"", ""pct"": 0.0015015015015015015, ""reason"": ""min_ai_link_score""}], ""top_count"": 3, ""top_pct"": 0.0045045045045045045, ""top_reason"": ""trend_min_return_60d""}}}",,union_superset_approx
base,replay_base_2025-11-28,2025-11-28T00:00:00+00:00,2025-11-28,momentum,"['GOOGL', 'MU', 'AMZN', 'CSCO', 'GOOG', 'AVGO', 'GEV', 'KLAC', 'MSFT', 'NFLX', 'UNP', 'PWR', 'AMAT', 'PH', 'OKE', 'FCX', 'CMI', 'KMI', 'NEM', 'D']",20,0.07620901853075135,up,"{""ai_enabler"": 10, ""ai_peripheral"": 10, ""core_ai"": 10}","{""ai_enabler"": [""GOOGL"", ""MU"", ""AMZN"", ""CSCO"", ""GOOG"", ""UNP"", ""GEV"", ""PWR"", ""AMAT"", ""PH""], ""ai_peripheral"": [""PH"", ""UNP"", ""GEV"", ""OKE"", ""FCX"", ""CMI"", ""KMI"", ""NEM"", ""D"", ""PWR""], ""core_ai"": [""GOOGL"", ""MU"", ""AMZN"", ""CSCO"", ""GOOG"", ""AVGO"", ""GEV"", ""KLAC"", ""MSFT"", ""NFLX""]}","{""ai_enabler"": {""first_fail"": {""top_count"": 284, ""top_pct"": 0.4264, ""top_reason"": ""min_dollar_volume""}, ""layer_summary"": {""base_hard"": {""before"": 666, ""pass_rate"": 0.5315315315315315, ""remaining"": 354, ""removed"": 287}, ""quality_or_theme_hard"": {""before"": 379, ""pass_rate"": 0.9340369393139841, ""remaining"": 354, ""removed"": 25}}, ""n_filtered"": 354, ""n_input"": 666, ""n_ranked"": 89, ""near_miss"": {""reasons"": [{""count"": 2, ""layer"": ""valuation_hard"", ""pct"": 0.003003003003003003, ""reason"": ""momentum_min_return_60d""}, {""count"": 1, ""layer"": ""valuation_hard"", ""pct"": 0.0015015015015015015, ""reason"": ""momentum_min_return_20d""}, {""count"": 1, ""layer"": ""valuation_hard"", ""pct"": 0.0015015015015015015, ""reason"": ""max_ps_hist_percentile""}, {""count"": 1, ""layer"": ""quality_or_theme_hard"", ""pct"": 0.0015015015015015015, ""reason"": ""min_ai_link_score""}], ""top_count"": 2, ""top_pct"": 0.003003003003003003, ""top_reason"": ""momentum_min_return_60d""}}, ""ai_peripheral"": {""first_fail"": {""top_count"": 284, ""top_pct"": 0.4264, ""top_reason"": ""min_dollar_volume""}, ""layer_summary"": {""base_hard"": {""before"": 666, ""pass_rate"": 0.23123123123123124, ""remaining"": 154, ""removed"": 487}, ""quality_or_theme_hard"": {""before"": 379, ""pass_rate"": 0.40633245382585753, ""remaining"": 154, ""removed"": 25}}, ""n_filtered"": 154, ""n_input"": 666, ""n_ranked"": 72, ""near_miss"": {""reasons"": [{""count"": 2, ""layer"": ""quality_or_theme_hard"", ""pct"": 0.003003003003003003, ""reason"": ""min_ai_link_score""}, {""count"": 1, ""layer"": ""valuation_hard"", ""pct"": 0.0015015015015015015, ""reason"": ""momentum_min_return_60d""}, {""count"": 1, ""layer"": ""valuation_hard"", ""pct"": 0.0015015015015015015, ""reason"": ""max_ps_hist_percentile""}], ""top_count"": 2, ""top_pct"": 0.003003003003003003, ""top_reason"": ""min_ai_link_score""}}, ""core_ai"": {""first_fail"": {""top_count"": 284, ""top_pct"": 0.4264, ""top_reason"": ""min_dollar_volume""}, ""layer_summary"": {""base_hard"": {""before"": 666, ""pass_rate"": 0.17717717717717718, ""remaining"": 118, ""removed"": 523}, ""quality_or_theme_hard"": {""before"": 379, ""pass_rate"": 0.3113456464379947, ""remaining"": 118, ""removed"": 25}}, ""n_filtered"": 118, ""n_input"": 666, ""n_ranked"": 29, ""near_miss"": {""reasons"": [{""count"": 1, ""layer"": ""valuation_hard"", ""pct"": 0.0015015015015015015, ""reason"": ""momentum_min_return_20d""}, {""count"": 1, ""layer"": ""valuation_hard"", ""pct"": 0.0015015015015015015, ""reason"": ""momentum_min_return_60d""}], ""top_count"": 1, ""top_pct"": 0.0015015015015015015, ""top_reason"": ""momentum_min_return_20d""}}}",,union_superset_approx
base,replay_base_2025-11-28,2025-11-28T00:00:00+00:00,2025-11-28,research_pool,"['ACN', 'ATEN', 'EME', 'CMI', 'NUE', 'CSX', 'STLD', 'NSC', 'VMC', 'RTX', 'HII', 'FISV', 'MOS', 'IESC', 'EXLS', 'SW', 'KIM', 'CF', 'HEI', 'NEM', 'KLAC', 'NFLX', 'LDOS', 'CSCO', 'ZM', 'TXN', 'FTNT', 'MU', 'AMZN', 'AMD']",30,0.07620901853075135,up,"{""ai_enabler"": 10, ""ai_peripheral"": 10, ""core_ai"": 10}","{""ai_enabler"": [""ACN"", ""ATEN"", ""EME"", ""CMI"", ""NUE"", ""CSX"", ""STLD"", ""NSC"", ""VMC"", ""RTX""], ""ai_peripheral"": [""HII"", ""FISV"", ""MOS"", ""IESC"", ""EXLS"", ""SW"", ""KIM"", ""CF"", ""HEI"", ""NEM""], ""core_ai"": [""KLAC"", ""NFLX"", ""LDOS"", ""CSCO"", ""ZM"", ""TXN"", ""FTNT"", ""MU"", ""AMZN"", ""AMD""]}","{""ai_enabler"": {""n_filtered"": 85, ""n_input"": 666, ""n_ranked"": 85, ""priority_counts"": {""left_side_watch"": 5, ""research_now"": 8, ""theme_only"": 59, ""watch_for_pullback"": 13}}, ""ai_peripheral"": {""n_filtered"": 58, ""n_input"": 666, ""n_ranked"": 58, ""priority_counts"": {""left_side_watch"": 2, ""research_now"": 1, ""theme_only"": 55}}, ""core_ai"": {""n_filtered"": 45, ""n_input"": 666, ""n_ranked"": 45, ""priority_counts"": {""left_side_watch"": 5, ""research_now"": 4, ""theme_only"": 15, ""watch_for_pullback"": 21}}}",,union_superset_approx
base,replay_base_2025-12-31,2025-12-31T00:00:00+00:00,2025-12-31,low_value,"['LRCX', 'MU', 'GEV', 'TWLO', 'KLAC', 'ZM', 'RTX', 'CRH', 'PH', 'ATI', 'HWM', 'HII']",12,0.01081161137440767,up,"{""ai_enabler"": 10, ""ai_peripheral"": 7, ""core_ai"": 4}","{""ai_enabler"": [""KLAC"", ""ZM"", ""MU"", ""LRCX"", ""RTX"", ""CRH"", ""PH"", ""GEV"", ""ATI"", ""HWM""], ""ai_peripheral"": [""RTX"", ""CRH"", ""PH"", ""ATI"", ""GEV"", ""HWM"", ""HII""], ""core_ai"": [""LRCX"", ""MU"", ""GEV"", ""TWLO""]}","{""ai_enabler"": {""first_fail"": {""top_count"": 252, ""top_pct"": 0.3784, ""top_reason"": ""min_dollar_volume""}, ""layer_summary"": {""base_hard"": {""before"": 666, ""pass_rate"": 0.07357357357357357, ""remaining"": 49, ""removed"": 256}, ""quality_or_theme_hard"": {""before"": 157, ""pass_rate"": 0.31210191082802546, ""remaining"": 49, ""removed"": 3}, ""valuation_hard"": {""before"": 410, ""pass_rate"": 0.12682926829268293, ""remaining"": 52, ""removed"": 358}}, ""n_filtered"": 49, ""n_input"": 666, ""n_ranked"": 12, ""near_miss"": {""reasons"": [{""count"": 1, ""layer"": ""valuation_hard"", ""pct"": 0.0015015015015015015, ""reason"": ""min_drawdown_percentile""}], ""top_count"": 1, ""top_pct"": 0.0015015015015015015, ""top_reason"": ""min_drawdown_percentile""}}, ""ai_peripheral"": {""first_fail"": {""top_count"": 252, ""top_pct"": 0.3784, ""top_reason"": ""min_dollar_volume""}, ""layer_summary"": {""base_hard"": {""before"": 666, ""pass_rate"": 0.03753753753753754, ""remaining"": 25, ""removed"": 284}, ""quality_or_theme_hard"": {""before"": 169, ""pass_rate"": 0.3136094674556213, ""remaining"": 53, ""removed"": 3}, ""valuation_hard"": {""before"": 410, ""pass_rate"": 0.13658536585365855, ""remaining"": 56, ""removed"": 354}}, ""n_filtered"": 25, ""n_input"": 666, ""n_ranked"": 7, ""near_miss"": {""reasons"": [{""count"": 1, ""layer"": ""valuation_hard"", ""pct"": 0.0015015015015015015, ""reason"": ""min_range_position_52w""}, {""count"": 1, ""layer"": ""quality_or_theme_hard"", ""pct"": 0.0015015015015015015, ""reason"": ""min_ai_link_score""}], ""top_count"": 1, ""top_pct"": 0.0015015015015015015, ""top_reason"": ""min_range_position_52w""}}, ""core_ai"": {""first_fail"": {""top_count"": 252, ""top_pct"": 0.3784, ""top_reason"": ""min_dollar_volume""}, ""layer_summary"": {""base_hard"": {""before"": 666, ""pass_rate"": 0.024024024024024024, ""remaining"": 16, ""removed"": 283}, ""quality_or_theme_hard"": {""before"": 140, ""pass_rate"": 0.30714285714285716, ""remaining"": 43, ""removed"": 3}, ""valuation_hard"": {""before"": 410, ""pass_rate"": 0.11219512195121951, ""remaining"": 46, ""removed"": 364}}, ""n_filtered"": 16, ""n_input"": 666, ""n_ranked"": 4, ""near_miss"": {""reasons"": [], ""top_count"": 0, ""top_pct"": 0.0, ""top_reason"": """"}}}",,union_superset_approx
base,replay_base_2025-12-31,2025-12-31T00:00:00+00:00,2025-12-31,industry_trend,"['MU', 'CRM', 'LRCX', 'AMZN', 'CSCO', 'GEV', 'MSFT', 'KLAC', 'GOOGL', 'NVDA', 'FCX', 'GE', 'RTX', 'CRH', 'CSX', 'BA', 'UNP', 'KMI', 'JCI']",19,0.01081161137440767,up,"{""ai_enabler"": 10, ""ai_peripheral"": 10, ""core_ai"": 10}","{""ai_enabler"": [""MU"", ""LRCX"", ""CRM"", ""GEV"", ""KLAC"", ""FCX"", ""GE"", ""CSCO"", ""AMZN"", ""RTX""], ""ai_peripheral"": [""GEV"", ""FCX"", ""GE"", ""RTX"", ""CRH"", ""CSX"", ""BA"", ""UNP"", ""KMI"", ""JCI""], ""core_ai"": [""MU"", ""CRM"", ""LRCX"", ""AMZN"", ""CSCO"", ""GEV"", ""MSFT"", ""KLAC"", ""GOOGL"", ""NVDA""]}","{""ai_enabler"": {""first_fail"": {""top_count"": 252, ""top_pct"": 0.3784, ""top_reason"": ""min_dollar_volume""}, ""layer_summary"": {""base_hard"": {""before"": 666, ""pass_rate"": 0.5435435435435435, ""remaining"": 362, ""removed"": 256}, ""quality_or_theme_hard"": {""before"": 410, ""pass_rate"": 0.8829268292682927, ""remaining"": 362, ""removed"": 48}}, ""n_filtered"": 362, ""n_input"": 666, ""n_ranked"": 90, ""near_miss"": {""reasons"": [{""count"": 5, ""layer"": ""quality_or_theme_hard"", ""pct"": 0.0075075075075075074, ""reason"": ""min_ai_link_score""}, {""count"": 4, ""layer"": ""valuation_hard"", ""pct"": 0.006006006006006006, ""reason"": ""trend_min_return_60d""}, {""count"": 4, ""layer"": ""quality_or_theme_hard"", ""pct"": 0.006006006006006006, ""reason"": ""min_current_ratio""}, {""count"": 3, ""layer"": ""valuation_hard"", ""pct"": 0.0045045045045045045, ""reason"": ""max_ps_hist_percentile""}, {""count"": 2, ""layer"": ""base_hard"", ""pct"": 0.003003003003003003, ""reason"": ""trend_min_avg_dollar_volume_20d""}], ""top_count"": 5, ""top_pct"": 0.0075075075075075074, ""top_reason"": ""min_ai_link_score""}}, ""ai_peripheral"": {""first_fail"": {""top_count"": 252, ""top_pct"": 0.3784, ""top_reason"": ""min_dollar_volume""}, ""layer_summary"": {""base_hard"": {""before"": 666, ""pass_rate"": 0.24174174174174173, ""remaining"": 161, ""removed"": 457}, ""quality_or_theme_hard"": {""before"": 410, ""pass_rate"": 0.3926829268292683, ""remaining"": 161, ""removed"": 48}}, ""n_filtered"": 161, ""n_input"": 666, ""n_ranked"": 72, ""near_miss"": {""reasons"": [{""count"": 6, ""layer"": ""valuation_hard"", ""pct"": 0.009009009009009009, ""reason"": ""trend_min_return_60d""}, {""count"": 6, ""layer"": ""base_hard"", ""pct"": 0.009009009009009009, ""reason"": ""channel_bucket_match""}, {""count"": 5, ""layer"": ""valuation_hard"", ""pct"": 0.0075075075075075074, ""reason"": ""max_ps_hist_percentile""}, {""count"": 3, ""layer"": ""quality_or_theme_hard"", ""pct"": 0.0045045045045045045, ""reason"": ""min_current_ratio""}, {""count"": 2, ""layer"": ""quality_or_theme_hard"", ""pct"": 0.003003003003003003, ""reason"": ""min_ai_link_score""}], ""top_count"": 6, ""top_pct"": 0.009009009009009009, ""top_reason"": ""trend_min_return_60d""}}, ""core_ai"": {""first_fail"": {""top_count"": 252, ""top_pct"": 0.3784, ""top_reason"": ""min_dollar_volume""}, ""layer_summary"": {""base_hard"": {""before"": 666, ""pass_rate"": 0.17717717717717718, ""remaining"": 118, ""removed"": 500}, ""quality_or_theme_hard"": {""before"": 410, ""pass_rate"": 0.28780487804878047, ""remaining"": 118, ""removed"": 48}}, ""n_filtered"": 118, ""n_input"": 666, ""n_ranked"": 28, ""near_miss"": {""reasons"": [{""count"": 4, ""layer"": ""quality_or_theme_hard"", ""pct"": 0.006006006006006006, ""reason"": ""min_ai_link_score""}, {""count"": 2, ""layer"": ""valuation_hard"", ""pct"": 0.003003003003003003, ""reason"": ""trend_min_return_60d""}, {""count"": 1, ""layer"": ""base_hard"", ""pct"": 0.0015015015015015015, ""reason"": ""trend_min_avg_dollar_volume_20d""}, {""count"": 1, ""layer"": ""quality_or_theme_hard"", ""pct"": 0.0015015015015015015, ""reason"": ""min_current_ratio""}], ""top_count"": 4, ""top_pct"": 0.006006006006006006, ""top_reason"": ""min_ai_link_score""}}}",,union_superset_approx
base,replay_base_2025-12-31,2025-12-31T00:00:00+00:00,2025-12-31,momentum,"['MU', 'CRM', 'LRCX', 'GEV', 'CSCO', 'KLAC', 'MSFT', 'META', 'AMZN', 'ANET', 'FCX', 'RTX', 'ATI', 'GE', 'ABNB', 'CRH', 'LMT', 'BA', 'NEM', 'CSX']",20,0.01081161137440767,up,"{""ai_enabler"": 10, ""ai_peripheral"": 10, ""core_ai"": 10}","{""ai_enabler"": [""MU"", ""CRM"", ""LRCX"", ""FCX"", ""GEV"", ""KLAC"", ""RTX"", ""ATI"", ""GE"", ""ABNB""], ""ai_peripheral"": [""GEV"", ""FCX"", ""RTX"", ""GE"", ""CRH"", ""ATI"", ""LMT"", ""BA"", ""NEM"", ""CSX""], ""core_ai"": [""MU"", ""CRM"", ""LRCX"", ""GEV"", ""CSCO"", ""KLAC"", ""MSFT"", ""META"", ""AMZN"", ""ANET""]}","{""ai_enabler"": {""first_fail"": {""top_count"": 252, ""top_pct"": 0.3784, ""top_reason"": ""min_dollar_volume""}, ""layer_summary"": {""base_hard"": {""before"": 666, ""pass_rate"": 0.5435435435435435, ""remaining"": 362, ""removed"": 256}, ""quality_or_theme_hard"": {""before"": 410, ""pass_rate"": 0.8829268292682927, ""remaining"": 362, ""removed"": 48}}, ""n_filtered"": 362, ""n_input"": 666, ""n_ranked"": 90, ""near_miss"": {""reasons"": [{""count"": 1, ""layer"": ""valuation_hard"", ""pct"": 0.0015015015015015015, ""reason"": ""momentum_min_return_60d""}], ""top_count"": 1, ""top_pct"": 0.0015015015015015015, ""top_reason"": ""momentum_min_return_60d""}}, ""ai_peripheral"": {""first_fail"": {""top_count"": 252, ""top_pct"": 0.3784, ""top_reason"": ""min_dollar_volume""}, ""layer_summary"": {""base_hard"": {""before"": 666, ""pass_rate"": 0.24174174174174173, ""remaining"": 161, ""removed"": 457}, ""quality_or_theme_hard"": {""before"": 410, ""pass_rate"": 0.3926829268292683, ""remaining"": 161, ""removed"": 48}}, ""n_filtered"": 161, ""n_input"": 666, ""n_ranked"": 72, ""near_miss"": {""reasons"": [{""count"": 1, ""layer"": ""base_hard"", ""pct"": 0.0015015015015015015, ""reason"": ""channel_bucket_match""}, {""count"": 1, ""layer"": ""quality_or_theme_hard"", ""pct"": 0.0015015015015015015, ""reason"": ""min_ai_link_score""}], ""top_count"": 1, ""top_pct"": 0.0015015015015015015, ""top_reason"": ""channel_bucket_match""}}, ""core_ai"": {""first_fail"": {""top_count"": 252, ""top_pct"": 0.3784, ""top_reason"": ""min_dollar_volume""}, ""layer_summary"": {""base_hard"": {""before"": 666, ""pass_rate"": 0.17717717717717718, ""remaining"": 118, ""removed"": 500}, ""quality_or_theme_hard"": {""before"": 410, ""pass_rate"": 0.28780487804878047, ""remaining"": 118, ""removed"": 48}}, ""n_filtered"": 118, ""n_input"": 666, ""n_ranked"": 28, ""near_miss"": {""reasons"": [], ""top_count"": 0, ""top_pct"": 0.0, ""top_reason"": """"}}}",,union_superset_approx
base,replay_base_2025-12-31,2025-12-31T00:00:00+00:00,2025-12-31,research_pool,"['ACN', 'EME', 'ATEN', 'CMI', 'NUE', 'NSC', 'QLYS', 'VMC', 'ETN', 'ATI', 'HII', 'IESC', 'FISV', 'MOS', 'SW', 'KIM', 'CF', 'FDX', 'EXLS', 'FCX', 'KLAC', 'LDOS', 'DIS', 'ZM', 'ADBE', 'MSFT', 'ORCL', 'TXN', 'DT', 'FTNT']",30,0.01081161137440767,up,"{""ai_enabler"": 10, ""ai_peripheral"": 10, ""core_ai"": 10}","{""ai_enabler"": [""ACN"", ""EME"", ""ATEN"", ""CMI"", ""NUE"", ""NSC"", ""QLYS"", ""VMC"", ""ETN"", ""ATI""], ""ai_peripheral"": [""HII"", ""IESC"", ""FISV"", ""MOS"", ""SW"", ""KIM"", ""CF"", ""FDX"", ""EXLS"", ""FCX""], ""core_ai"": [""KLAC"", ""LDOS"", ""DIS"", ""ZM"", ""ADBE"", ""MSFT"", ""ORCL"", ""TXN"", ""DT"", ""FTNT""]}","{""ai_enabler"": {""n_filtered"": 86, ""n_input"": 666, ""n_ranked"": 86, ""priority_counts"": {""left_side_watch"": 4, ""research_now"": 6, ""theme_only"": 63, ""watch_for_pullback"": 13}}, ""ai_peripheral"": {""n_filtered"": 58, ""n_input"": 666, ""n_ranked"": 58, ""priority_counts"": {""left_side_watch"": 1, ""research_now"": 1, ""theme_only"": 56}}, ""core_ai"": {""n_filtered"": 54, ""n_input"": 666, ""n_ranked"": 54, ""priority_counts"": {""left_side_watch"": 3, ""research_now"": 3, ""theme_only"": 22, ""watch_for_pullback"": 26}}}",,union_superset_approx
base,replay_base_2026-01-30,2026-01-30T00:00:00+00:00,2026-01-30,low_value,"['KLAC', 'ZM', 'ON', 'GEV', 'LRCX', 'AMAT', 'LHX', 'CAT', 'META', 'GOOGL', 'LMT', 'EME', 'RTX', 'FCX', 'PWR', 'VMC', 'ATI', 'PH']",18,-0.016499509602303175,down,"{""ai_enabler"": 10, ""ai_peripheral"": 10, ""core_ai"": 10}","{""ai_enabler"": [""KLAC"", ""ZM"", ""LRCX"", ""LMT"", ""EME"", ""RTX"", ""FCX"", ""GEV"", ""PWR"", ""VMC""], ""ai_peripheral"": [""LMT"", ""RTX"", ""EME"", ""VMC"", ""FCX"", ""ATI"", ""PH"", ""LHX"", ""PWR"", ""GEV""], ""core_ai"": [""KLAC"", ""ZM"", ""ON"", ""GEV"", ""LRCX"", ""AMAT"", ""LHX"", ""CAT"", ""META"", ""GOOGL""]}","{""ai_enabler"": {""first_fail"": {""top_count"": 154, ""top_pct"": 0.2312, ""top_reason"": ""min_dollar_volume""}, ""layer_summary"": {""base_hard"": {""before"": 666, ""pass_rate"": 0.1996996996996997, ""remaining"": 133, ""removed"": 162}, ""quality_or_theme_hard"": {""before"": 226, ""pass_rate"": 0.588495575221239, ""remaining"": 133, ""removed"": 30}, ""valuation_hard"": {""before"": 504, ""pass_rate"": 0.32341269841269843, ""remaining"": 163, ""removed"": 341}}, ""n_filtered"": 133, ""n_input"": 666, ""n_ranked"": 21, ""near_miss"": {""reasons"": [{""count"": 1, ""layer"": ""valuation_hard"", ""pct"": 0.0015015015015015015, ""reason"": ""max_price_to_sma200""}], ""top_count"": 1, ""top_pct"": 0.0015015015015015015, ""top_reason"": ""max_price_to_sma200""}}, ""ai_peripheral"": {""first_fail"": {""top_count"": 154, ""top_pct"": 0.2312, ""top_reason"": ""min_dollar_volume""}, ""layer_summary"": {""base_hard"": {""before"": 666, ""pass_rate"": 0.11411411411411411, ""remaining"": 76, ""removed"": 225}, ""quality_or_theme_hard"": {""before"": 231, ""pass_rate"": 0.6017316017316018, ""remaining"": 139, ""removed"": 30}, ""valuation_hard"": {""before"": 504, ""pass_rate"": 0.3353174603174603, ""remaining"": 169, ""removed"": 335}}, ""n_filtered"": 76, ""n_input"": 666, ""n_ranked"": 14, ""near_miss"": {""reasons"": [{""count"": 2, ""layer"": ""valuation_hard"", ""pct"": 0.003003003003003003, ""reason"": ""max_ps_hist_percentile""}, {""count"": 1, ""layer"": ""valuation_hard"", ""pct"": 0.0015015015015015015, ""reason"": ""min_range_position_52w""}, {""count"": 1, ""layer"": ""valuation_hard"", ""pct"": 0.0015015015015015015, ""reason"": ""min_return_60d""}, {""count"": 1, ""layer"": ""base_hard"", ""pct"": 0.0015015015015015015, ""reason"": ""channel_bucket_match""}, {""count"": 1, ""layer"": ""quality_or_theme_hard"", ""pct"": 0.0015015015015015015, ""reason"": ""min_ai_link_score""}], ""top_count"": 2, ""top_pct"": 0.003003003003003003, ""top_reason"": ""max_ps_hist_percentile""}}, ""core_ai"": {""first_fail"": {""top_count"": 154, ""top_pct"": 0.2312, ""top_reason"": ""min_dollar_volume""}, ""layer_summary"": {""base_hard"": {""before"": 666, ""pass_rate"": 0.06006006006006006, ""remaining"": 40, ""removed"": 241}, ""quality_or_theme_hard"": {""before"": 207, ""pass_rate"": 0.5748792270531401, ""remaining"": 119, ""removed"": 26}, ""valuation_hard"": {""before"": 504, ""pass_rate"": 0.2876984126984127, ""remaining"": 145, ""removed"": 359}}, ""n_filtered"": 40, ""n_input"": 666, ""n_ranked"": 11, ""near_miss"": {""reasons"": [{""count"": 1, ""layer"": ""valuation_hard"", ""pct"": 0.0015015015015015015, ""reason"": ""max_price_to_sma200""}], ""top_count"": 1, ""top_pct"": 0.0015015015015015015, ""top_reason"": ""max_price_to_sma200""}}}",,union_superset_approx
base,replay_base_2026-01-30,2026-01-30T00:00:00+00:00,2026-01-30,industry_trend,"['KLAC', 'LRCX', 'MU', 'AMZN', 'GOOGL', 'CSCO', 'META', 'GEV', 'AMAT', 'IBM', 'FCX', 'PWR', 'ASML', 'CAT', 'ETN', 'RTX', 'LMT', 'KMI', 'VRT', 'NOC']",20,-0.016499509602303175,down,"{""ai_enabler"": 10, ""ai_peripheral"": 10, ""core_ai"": 10}","{""ai_enabler"": [""LRCX"", ""KLAC"", ""MU"", ""AMZN"", ""AMAT"", ""FCX"", ""GEV"", ""PWR"", ""ASML"", ""CSCO""], ""ai_peripheral"": [""FCX"", ""PWR"", ""GEV"", ""CAT"", ""ETN"", ""RTX"", ""LMT"", ""KMI"", ""VRT"", ""NOC""], ""core_ai"": [""KLAC"", ""LRCX"", ""MU"", ""AMZN"", ""GOOGL"", ""CSCO"", ""META"", ""GEV"", ""AMAT"", ""IBM""]}","{""ai_enabler"": {""first_fail"": {""top_count"": 154, ""top_pct"": 0.2312, ""top_reason"": ""min_dollar_volume""}, ""layer_summary"": {""base_hard"": {""before"": 666, ""pass_rate"": 0.5960960960960962, ""remaining"": 397, ""removed"": 162}, ""quality_or_theme_hard"": {""before"": 504, ""pass_rate"": 0.7876984126984127, ""remaining"": 397, ""removed"": 107}}, ""n_filtered"": 397, ""n_input"": 666, ""n_ranked"": 92, ""near_miss"": {""reasons"": [{""count"": 7, ""layer"": ""quality_or_theme_hard"", ""pct"": 0.010510510510510511, ""reason"": ""min_ai_link_score""}, {""count"": 4, ""layer"": ""valuation_hard"", ""pct"": 0.006006006006006006, ""reason"": ""trend_min_return_60d""}, {""count"": 4, ""layer"": ""quality_or_theme_hard"", ""pct"": 0.006006006006006006, ""reason"": ""min_current_ratio""}, {""count"": 2, ""layer"": ""valuation_hard"", ""pct"": 0.003003003003003003, ""reason"": ""max_ps_hist_percentile""}, {""count"": 1, ""layer"": ""base_hard"", ""pct"": 0.0015015015015015015, ""reason"": ""trend_min_avg_dollar_volume_20d""}], ""top_count"": 7, ""top_pct"": 0.010510510510510511, ""top_reason"": ""min_ai_link_score""}}, ""ai_peripheral"": {""first_fail"": {""top_count"": 154, ""top_pct"": 0.2312, ""top_reason"": ""min_dollar_volume""}, ""layer_summary"": {""base_hard"": {""before"": 666, ""pass_rate"": 0.2627627627627628, ""remaining"": 175, ""removed"": 384}, ""quality_or_theme_hard"": {""before"": 504, ""pass_rate"": 0.3472222222222222, ""remaining"": 175, ""removed"": 107}}, ""n_filtered"": 175, ""n_input"": 666, ""n_ranked"": 76, ""near_miss"": {""reasons"": [{""count"": 8, ""layer"": ""quality_or_theme_hard"", ""pct"": 0.012012012012012012, ""reason"": ""min_ai_link_score""}, {""count"": 7, ""layer"": ""base_hard"", ""pct"": 0.010510510510510511, ""reason"": ""channel_bucket_match""}, {""count"": 6, ""layer"": ""valuation_hard"", ""pct"": 0.009009009009009009, ""reason"": ""max_ps_hist_percentile""}, {""count"": 3, ""layer"": ""base_hard"", ""pct"": 0.0045045045045045045, ""reason"": ""trend_min_avg_dollar_volume_20d""}, {""count"": 3, ""layer"": ""quality_or_theme_hard"", ""pct"": 0.0045045045045045045, ""reason"": ""min_current_ratio""}], ""top_count"": 8, ""top_pct"": 0.012012012012012012, ""top_reason"": ""min_ai_link_score""}}, ""core_ai"": {""first_fail"": {""top_count"": 154, ""top_pct"": 0.2312, ""top_reason"": ""min_dollar_volume""}, ""layer_summary"": {""base_hard"": {""before"": 666, ""pass_rate"": 0.1891891891891892, ""remaining"": 126, ""removed"": 433}, ""quality_or_theme_hard"": {""before"": 504, ""pass_rate"": 0.25, ""remaining"": 126, ""removed"": 107}}, ""n_filtered"": 126, ""n_input"": 666, ""n_ranked"": 28, ""near_miss"": {""reasons"": [{""count"": 3, ""layer"": ""quality_or_theme_hard"", ""pct"": 0.0045045045045045045, ""reason"": ""min_ai_link_score""}, {""count"": 1, ""layer"": ""valuation_hard"", ""pct"": 0.0015015015015015015, ""reason"": ""trend_min_return_60d""}], ""top_count"": 3, ""top_pct"": 0.0045045045045045045, ""top_reason"": ""min_ai_link_score""}}}",,union_superset_approx
base,replay_base_2026-01-30,2026-01-30T00:00:00+00:00,2026-01-30,momentum,"['MU', 'LRCX', 'KLAC', 'ASML', 'AMZN', 'AMAT', 'TXN', 'GOOGL', 'META', 'CSCO', 'FCX', 'LMT', 'PWR', 'ETN', 'CAT', 'NOC', 'VRT', 'GEV', 'EME', 'KMI']",20,-0.016499509602303175,down,"{""ai_enabler"": 10, ""ai_peripheral"": 10, ""core_ai"": 10}","{""ai_enabler"": [""LRCX"", ""MU"", ""KLAC"", ""ASML"", ""AMAT"", ""FCX"", ""LMT"", ""TXN"", ""PWR"", ""ETN""], ""ai_peripheral"": [""FCX"", ""LMT"", ""CAT"", ""PWR"", ""NOC"", ""VRT"", ""ETN"", ""GEV"", ""EME"", ""KMI""], ""core_ai"": [""MU"", ""LRCX"", ""KLAC"", ""ASML"", ""AMZN"", ""AMAT"", ""TXN"", ""GOOGL"", ""META"", ""CSCO""]}","{""ai_enabler"": {""first_fail"": {""top_count"": 154, ""top_pct"": 0.2312, ""top_reason"": ""min_dollar_volume""}, ""layer_summary"": {""base_hard"": {""before"": 666, ""pass_rate"": 0.5960960960960962, ""remaining"": 397, ""removed"": 162}, ""quality_or_theme_hard"": {""before"": 504, ""pass_rate"": 0.7876984126984127, ""remaining"": 397, ""removed"": 107}}, ""n_filtered"": 397, ""n_input"": 666, ""n_ranked"": 92, ""near_miss"": {""reasons"": [{""count"": 3, ""layer"": ""valuation_hard"", ""pct"": 0.0045045045045045045, ""reason"": ""momentum_min_return_60d""}], ""top_count"": 3, ""top_pct"": 0.0045045045045045045, ""top_reason"": ""momentum_min_return_60d""}}, ""ai_peripheral"": {""first_fail"": {""top_count"": 154, ""top_pct"": 0.2312, ""top_reason"": ""min_dollar_volume""}, ""layer_summary"": {""base_hard"": {""before"": 666, ""pass_rate"": 0.2627627627627628, ""remaining"": 175, ""removed"": 384}, ""quality_or_theme_hard"": {""before"": 504, ""pass_rate"": 0.3472222222222222, ""remaining"": 175, ""removed"": 107}}, ""n_filtered"": 175, ""n_input"": 666, ""n_ranked"": 76, ""near_miss"": {""reasons"": [{""count"": 2, ""layer"": ""valuation_hard"", ""pct"": 0.003003003003003003, ""reason"": ""momentum_min_return_60d""}, {""count"": 2, ""layer"": ""valuation_hard"", ""pct"": 0.003003003003003003, ""reason"": ""max_ps_hist_percentile""}, {""count"": 2, ""layer"": ""quality_or_theme_hard"", ""pct"": 0.003003003003003003, ""reason"": ""min_ai_link_score""}, {""count"": 1, ""layer"": ""quality_or_theme_hard"", ""pct"": 0.0015015015015015015, ""reason"": ""min_fcf_yield""}, {""count"": 1, ""layer"": ""base_hard"", ""pct"": 0.0015015015015015015, ""reason"": ""momentum_min_avg_dollar_volume_20d""}], ""top_count"": 2, ""top_pct"": 0.003003003003003003, ""top_reason"": ""momentum_min_return_60d""}}, ""core_ai"": {""first_fail"": {""top_count"": 154, ""top_pct"": 0.2312, ""top_reason"": ""min_dollar_volume""}, ""layer_summary"": {""base_hard"": {""before"": 666, ""pass_rate"": 0.1891891891891892, ""remaining"": 126, ""removed"": 433}, ""quality_or_theme_hard"": {""before"": 504, ""pass_rate"": 0.25, ""remaining"": 126, ""removed"": 107}}, ""n_filtered"": 126, ""n_input"": 666, ""n_ranked"": 28, ""near_miss"": {""reasons"": [{""count"": 1, ""layer"": ""valuation_hard"", ""pct"": 0.0015015015015015015, ""reason"": ""momentum_min_return_60d""}], ""top_count"": 1, ""top_pct"": 0.0015015015015015015, ""top_reason"": ""momentum_min_return_60d""}}}",,union_superset_approx
base,replay_base_2026-01-30,2026-01-30T00:00:00+00:00,2026-01-30,research_pool,"['ACN', 'ATEN', 'EME', 'LMT', 'NOC', 'NUE', 'UNP', 'STLD', 'UPS', 'NSC', 'FCX', 'FISV', 'EXLS', 'IESC', 'MOS', 'CF', 'SW', 'KIM', 'ESS', 'EXPD', 'KLAC', 'LDOS', 'DIS', 'ZM', 'FTNT', 'AVGO', 'GEV', 'ABNB', 'GOOG', 'GOOGL']",30,-0.016499509602303175,down,"{""ai_enabler"": 10, ""ai_peripheral"": 10, ""core_ai"": 10}","{""ai_enabler"": [""ACN"", ""ATEN"", ""EME"", ""LMT"", ""NOC"", ""NUE"", ""UNP"", ""STLD"", ""UPS"", ""NSC""], ""ai_peripheral"": [""FCX"", ""FISV"", ""EXLS"", ""IESC"", ""MOS"", ""CF"", ""SW"", ""KIM"", ""ESS"", ""EXPD""], ""core_ai"": [""KLAC"", ""LDOS"", ""DIS"", ""ZM"", ""FTNT"", ""AVGO"", ""GEV"", ""ABNB"", ""GOOG"", ""GOOGL""]}","{""ai_enabler"": {""n_filtered"": 91, ""n_input"": 666, ""n_ranked"": 91, ""priority_counts"": {""left_side_watch"": 1, ""research_now"": 10, ""theme_only"": 64, ""watch_for_pullback"": 16}}, ""ai_peripheral"": {""n_filtered"": 61, ""n_input"": 666, ""n_ranked"": 61, ""priority_counts"": {""left_side_watch"": 2, ""research_now"": 1, ""theme_only"": 58}}, ""core_ai"": {""n_filtered"": 50, ""n_input"": 666, ""n_ranked"": 50, ""priority_counts"": {""left_side_watch"": 6, ""research_now"": 3, ""theme_only"": 18, ""watch_for_pullback"": 23}}}",,union_superset_approx
base,replay_base_2026-02-27,2026-02-27T00:00:00+00:00,2026-02-27,low_value,"['GEV', 'ON', 'CAT', 'AMAT', 'ETN', 'LMT', 'VMC', 'UNP', 'JCI', 'FCX', 'PH', 'LHX', 'NVT', 'UPS']",14,-0.01606318347509106,down,"{""ai_enabler"": 10, ""ai_peripheral"": 10, ""core_ai"": 4}","{""ai_enabler"": [""ETN"", ""LMT"", ""VMC"", ""UNP"", ""JCI"", ""FCX"", ""PH"", ""LHX"", ""NVT"", ""GEV""], ""ai_peripheral"": [""LMT"", ""ETN"", ""VMC"", ""UPS"", ""UNP"", ""FCX"", ""JCI"", ""PH"", ""LHX"", ""NVT""], ""core_ai"": [""GEV"", ""ON"", ""CAT"", ""AMAT""]}","{""ai_enabler"": {""first_fail"": {""top_count"": 160, ""top_pct"": 0.2399, ""top_reason"": ""min_dollar_volume""}, ""layer_summary"": {""base_hard"": {""before"": 667, ""pass_rate"": 0.23088455772113944, ""remaining"": 154, ""removed"": 169}, ""quality_or_theme_hard"": {""before"": 243, ""pass_rate"": 0.6337448559670782, ""remaining"": 154, ""removed"": 20}, ""valuation_hard"": {""before"": 498, ""pass_rate"": 0.3493975903614458, ""remaining"": 174, ""removed"": 324}}, ""n_filtered"": 154, ""n_input"": 667, ""n_ranked"": 22, ""near_miss"": {""reasons"": [{""count"": 1, ""layer"": ""valuation_hard"", ""pct"": 0.0014992503748125937, ""reason"": ""min_return_20d""}], ""top_count"": 1, ""top_pct"": 0.0014992503748125937, ""top_reason"": ""min_return_20d""}}, ""ai_peripheral"": {""first_fail"": {""top_count"": 160, ""top_pct"": 0.2399, ""top_reason"": ""min_dollar_volume""}, ""layer_summary"": {""base_hard"": {""before"": 667, ""pass_rate"": 0.1679160419790105, ""remaining"": 112, ""removed"": 217}, ""quality_or_theme_hard"": {""before"": 255, ""pass_rate"": 0.6274509803921569, ""remaining"": 160, ""removed"": 20}, ""valuation_hard"": {""before"": 498, ""pass_rate"": 0.3614457831325301, ""remaining"": 180, ""removed"": 318}}, ""n_filtered"": 112, ""n_input"": 667, ""n_ranked"": 21, ""near_miss"": {""reasons"": [{""count"": 1, ""layer"": ""base_hard"", ""pct"": 0.0014992503748125937, ""reason"": ""min_avg_dollar_volume_20d""}, {""count"": 1, ""layer"": ""valuation_hard"", ""pct"": 0.0014992503748125937, ""reason"": ""max_ps_hist_percentile""}, {""count"": 1, ""layer"": ""quality_or_theme_hard"", ""pct"": 0.0014992503748125937, ""reason"": ""min_ai_link_score""}], ""top_count"": 1, ""top_pct"": 0.0014992503748125937, ""top_reason"": ""min_avg_dollar_volume_20d""}}, ""core_ai"": {""first_fail"": {""top_count"": 160, ""top_pct"": 0.2399, ""top_reason"": ""min_dollar_volume""}, ""layer_summary"": {""base_hard"": {""before"": 667, ""pass_rate"": 0.034482758620689655, ""remaining"": 23, ""removed"": 289}, ""quality_or_theme_hard"": {""before"": 229, ""pass_rate"": 0.6244541484716157, ""remaining"": 143, ""removed"": 17}, ""valuation_hard"": {""before"": 498, ""pass_rate"": 0.321285140562249, ""remaining"": 160, ""removed"": 338}}, ""n_filtered"": 23, ""n_input"": 667, ""n_ranked"": 4, ""near_miss"": {""reasons"": [], ""top_count"": 0, ""top_pct"": 0.0, ""top_reason"": """"}}}",,union_superset_approx
base,replay_base_2026-02-27,2026-02-27T00:00:00+00:00,2026-02-27,industry_trend,"['CSCO', 'NFLX', 'GEV', 'AMZN', 'CAT', 'NVDA', 'MU', 'KLAC', 'AAPL', 'MSFT', 'PWR', 'GE', 'UNP', 'JCI', 'ETN', 'VRT', 'CSX', 'DE', 'HWM']",19,-0.01606318347509106,down,"{""ai_enabler"": 10, ""ai_peripheral"": 10, ""core_ai"": 10}","{""ai_enabler"": [""GEV"", ""NFLX"", ""PWR"", ""GE"", ""UNP"", ""CSCO"", ""JCI"", ""ETN"", ""VRT"", ""CSX""], ""ai_peripheral"": [""GEV"", ""GE"", ""PWR"", ""JCI"", ""VRT"", ""UNP"", ""DE"", ""CAT"", ""CSX"", ""HWM""], ""core_ai"": [""CSCO"", ""NFLX"", ""GEV"", ""AMZN"", ""CAT"", ""NVDA"", ""MU"", ""KLAC"", ""AAPL"", ""MSFT""]}","{""ai_enabler"": {""first_fail"": {""top_count"": 160, ""top_pct"": 0.2399, ""top_reason"": ""min_dollar_volume""}, ""layer_summary"": {""base_hard"": {""before"": 667, ""pass_rate"": 0.6431784107946027, ""remaining"": 429, ""removed"": 169}, ""quality_or_theme_hard"": {""before"": 498, ""pass_rate"": 0.8614457831325302, ""remaining"": 429, ""removed"": 69}}, ""n_filtered"": 429, ""n_input"": 667, ""n_ranked"": 97, ""near_miss"": {""reasons"": [{""count"": 8, ""layer"": ""quality_or_theme_hard"", ""pct"": 0.01199400299850075, ""reason"": ""min_ai_link_score""}, {""count"": 4, ""layer"": ""valuation_hard"", ""pct"": 0.005997001499250375, ""reason"": ""trend_min_return_60d""}, {""count"": 4, ""layer"": ""valuation_hard"", ""pct"": 0.005997001499250375, ""reason"": ""max_ps_hist_percentile""}, {""count"": 3, ""layer"": ""quality_or_theme_hard"", ""pct"": 0.004497751124437781, ""reason"": ""min_current_ratio""}, {""count"": 2, ""layer"": ""valuation_hard"", ""pct"": 0.0029985007496251873, ""reason"": ""max_ps_percentile_in_sic""}], ""top_count"": 8, ""top_pct"": 0.01199400299850075, ""top_reason"": ""min_ai_link_score""}}, ""ai_peripheral"": {""first_fail"": {""top_count"": 160, ""top_pct"": 0.2399, ""top_reason"": ""min_dollar_volume""}, ""layer_summary"": {""base_hard"": {""before"": 667, ""pass_rate"": 0.27586206896551724, ""remaining"": 184, ""removed"": 414}, ""quality_or_theme_hard"": {""before"": 498, ""pass_rate"": 0.36947791164658633, ""remaining"": 184, ""removed"": 69}}, ""n_filtered"": 184, ""n_input"": 667, ""n_ranked"": 80, ""near_miss"": {""reasons"": [{""count"": 7, ""layer"": ""quality_or_theme_hard"", ""pct"": 0.010494752623688156, ""reason"": ""min_ai_link_score""}, {""count"": 4, ""layer"": ""valuation_hard"", ""pct"": 0.005997001499250375, ""reason"": ""trend_min_return_60d""}, {""count"": 4, ""layer"": ""base_hard"", ""pct"": 0.005997001499250375, ""reason"": ""trend_min_avg_dollar_volume_20d""}, {""count"": 4, ""layer"": ""valuation_hard"", ""pct"": 0.005997001499250375, ""reason"": ""max_ps_hist_percentile""}, {""count"": 3, ""layer"": ""base_hard"", ""pct"": 0.004497751124437781, ""reason"": ""channel_bucket_match""}], ""top_count"": 7, ""top_pct"": 0.010494752623688156, ""top_reason"": ""min_ai_link_score""}}, ""core_ai"": {""first_fail"": {""top_count"": 160, ""top_pct"": 0.2399, ""top_reason"": ""min_dollar_volume""}, ""layer_summary"": {""base_hard"": {""before"": 667, ""pass_rate"": 0.19490254872563717, ""remaining"": 130, ""removed"": 468}, ""quality_or_theme_hard"": {""before"": 498, ""pass_rate"": 0.26104417670682734, ""remaining"": 130, ""removed"": 69}}, ""n_filtered"": 130, ""n_input"": 667, ""n_ranked"": 28, ""near_miss"": {""reasons"": [{""count"": 2, ""layer"": ""valuation_hard"", ""pct"": 0.0029985007496251873, ""reason"": ""max_ps_percentile_in_sic""}, {""count"": 2, ""layer"": ""valuation_hard"", ""pct"": 0.0029985007496251873, ""reason"": ""trend_min_return_60d""}, {""count"": 2, ""layer"": ""quality_or_theme_hard"", ""pct"": 0.0029985007496251873, ""reason"": ""min_ai_link_score""}, {""count"": 1, ""layer"": ""quality_or_theme_hard"", ""pct"": 0.0014992503748125937, ""reason"": ""max_ev_to_ebit""}], ""top_count"": 2, ""top_pct"": 0.0029985007496251873, ""top_reason"": ""max_ps_percentile_in_sic""}}}",,union_superset_approx
base,replay_base_2026-02-27,2026-02-27T00:00:00+00:00,2026-02-27,momentum,"['NFLX', 'GEV', 'CSCO', 'DE', 'CAT', 'TSM', 'AMAT', 'CRM', 'KLAC', 'AMZN', 'PWR', 'UNP', 'VRT', 'HWM', 'GE', 'JCI', 'ATI', 'CSX']",18,-0.01606318347509106,down,"{""ai_enabler"": 10, ""ai_peripheral"": 10, ""core_ai"": 10}","{""ai_enabler"": [""GEV"", ""NFLX"", ""PWR"", ""UNP"", ""VRT"", ""HWM"", ""GE"", ""JCI"", ""ATI"", ""DE""], ""ai_peripheral"": [""GEV"", ""VRT"", ""HWM"", ""PWR"", ""JCI"", ""DE"", ""UNP"", ""ATI"", ""GE"", ""CSX""], ""core_ai"": [""NFLX"", ""GEV"", ""CSCO"", ""DE"", ""CAT"", ""TSM"", ""AMAT"", ""CRM"", ""KLAC"", ""AMZN""]}","{""ai_enabler"": {""first_fail"": {""top_count"": 160, ""top_pct"": 0.2399, ""top_reason"": ""min_dollar_volume""}, ""layer_summary"": {""base_hard"": {""before"": 667, ""pass_rate"": 0.6431784107946027, ""remaining"": 429, ""removed"": 169}, ""quality_or_theme_hard"": {""before"": 498, ""pass_rate"": 0.8614457831325302, ""remaining"": 429, ""removed"": 69}}, ""n_filtered"": 429, ""n_input"": 667, ""n_ranked"": 97, ""near_miss"": {""reasons"": [{""count"": 2, ""layer"": ""valuation_hard"", ""pct"": 0.0029985007496251873, ""reason"": ""momentum_min_return_20d""}, {""count"": 2, ""layer"": ""valuation_hard"", ""pct"": 0.0029985007496251873, ""reason"": ""max_ps_hist_percentile""}, {""count"": 2, ""layer"": ""quality_or_theme_hard"", ""pct"": 0.0029985007496251873, ""reason"": ""min_ai_link_score""}], ""top_count"": 2, ""top_pct"": 0.0029985007496251873, ""top_reason"": ""momentum_min_return_20d""}}, ""ai_peripheral"": {""first_fail"": {""top_count"": 160, ""top_pct"": 0.2399, ""top_reason"": ""min_dollar_volume""}, ""layer_summary"": {""base_hard"": {""before"": 667, ""pass_rate"": 0.27586206896551724, ""remaining"": 184, ""removed"": 414}, ""quality_or_theme_hard"": {""before"": 498, ""pass_rate"": 0.36947791164658633, ""remaining"": 184, ""removed"": 69}}, ""n_filtered"": 184, ""n_input"": 667, ""n_ranked"": 80, ""near_miss"": {""reasons"": [{""count"": 3, ""layer"": ""base_hard"", ""pct"": 0.004497751124437781, ""reason"": ""momentum_min_avg_dollar_volume_20d""}, {""count"": 3, ""layer"": ""quality_or_theme_hard"", ""pct"": 0.004497751124437781, ""reason"": ""min_ai_link_score""}, {""count"": 2, ""layer"": ""valuation_hard"", ""pct"": 0.0029985007496251873, ""reason"": ""max_ps_hist_percentile""}, {""count"": 1, ""layer"": ""quality_or_theme_hard"", ""pct"": 0.0014992503748125937, ""reason"": ""min_current_ratio""}, {""count"": 1, ""layer"": ""base_hard"", ""pct"": 0.0014992503748125937, ""reason"": ""channel_bucket_match""}], ""top_count"": 3, ""top_pct"": 0.004497751124437781, ""top_reason"": ""momentum_min_avg_dollar_volume_20d""}}, ""core_ai"": {""first_fail"": {""top_count"": 160, ""top_pct"": 0.2399, ""top_reason"": ""min_dollar_volume""}, ""layer_summary"": {""base_hard"": {""before"": 667, ""pass_rate"": 0.19490254872563717, ""remaining"": 130, ""removed"": 468}, ""quality_or_theme_hard"": {""before"": 498, ""pass_rate"": 0.26104417670682734, ""remaining"": 130, ""removed"": 69}}, ""n_filtered"": 130, ""n_input"": 667, ""n_ranked"": 28, ""near_miss"": {""reasons"": [{""count"": 1, ""layer"": ""valuation_hard"", ""pct"": 0.0014992503748125937, ""reason"": ""momentum_min_return_20d""}], ""top_count"": 1, ""top_pct"": 0.0014992503748125937, ""top_reason"": ""momentum_min_return_20d""}}}",,union_superset_approx
base,replay_base_2026-02-27,2026-02-27T00:00:00+00:00,2026-02-27,research_pool,"['EME', 'CRH', 'LMT', 'CMI', 'STLD', 'NOC', 'NUE', 'CSX', 'UPS', 'JCI', 'FCX', 'HII', 'EXLS', 'G', 'JKHY', 'SW', 'IESC', 'MOS', 'CF', 'FISV', 'KLAC', 'DIS', 'CSCO', 'AVGO', 'NFLX', 'FTNT', 'GEV', 'MU', 'ANET', 'ON']",30,-0.01606318347509106,down,"{""ai_enabler"": 10, ""ai_peripheral"": 10, ""core_ai"": 10}","{""ai_enabler"": [""EME"", ""CRH"", ""LMT"", ""CMI"", ""STLD"", ""NOC"", ""NUE"", ""CSX"", ""UPS"", ""JCI""], ""ai_peripheral"": [""FCX"", ""HII"", ""EXLS"", ""G"", ""JKHY"", ""SW"", ""IESC"", ""MOS"", ""CF"", ""FISV""], ""core_ai"": [""KLAC"", ""DIS"", ""CSCO"", ""AVGO"", ""NFLX"", ""FTNT"", ""GEV"", ""MU"", ""ANET"", ""ON""]}","{""ai_enabler"": {""n_filtered"": 82, ""n_input"": 667, ""n_ranked"": 82, ""priority_counts"": {""left_side_watch"": 5, ""research_now"": 9, ""theme_only"": 55, ""watch_for_pullback"": 13}}, ""ai_peripheral"": {""n_filtered"": 57, ""n_input"": 667, ""n_ranked"": 57, ""priority_counts"": {""left_side_watch"": 3, ""research_now"": 2, ""theme_only"": 52}}, ""core_ai"": {""n_filtered"": 48, ""n_input"": 667, ""n_ranked"": 48, ""priority_counts"": {""left_side_watch"": 10, ""research_now"": 3, ""theme_only"": 17, ""watch_for_pullback"": 18}}}",,union_superset_approx
base,replay_base_2026-03-31,2026-03-31T00:00:00+00:00,2026-03-31,low_value,[],0,-0.05867097279311029,down,"{""ai_enabler"": 0, ""ai_peripheral"": 0, ""core_ai"": 0}","{""ai_enabler"": [], ""ai_peripheral"": [], ""core_ai"": []}","{""ai_enabler"": {""first_fail"": {""top_count"": 163, ""top_pct"": 0.2433, ""top_reason"": ""min_dollar_volume""}, ""layer_summary"": {""base_hard"": {""before"": 670, ""pass_rate"": 0.0, ""remaining"": 0, ""removed"": 173}, ""quality_or_theme_hard"": {""before"": 191, ""pass_rate"": 0.0, ""remaining"": 0, ""removed"": 191}, ""valuation_hard"": {""before"": 497, ""pass_rate"": 0.0, ""remaining"": 0, ""removed"": 306}}, ""n_filtered"": 0, ""n_input"": 670, ""n_ranked"": 0, ""near_miss"": {""reasons"": [{""count"": 1, ""layer"": ""quality_or_theme_hard"", ""pct"": 0.0014925373134328358, ""reason"": ""benchmark_trend_filter""}], ""top_count"": 1, ""top_pct"": 0.0014925373134328358, ""top_reason"": ""benchmark_trend_filter""}}, ""ai_peripheral"": {""first_fail"": {""top_count"": 163, ""top_pct"": 0.2433, ""top_reason"": ""min_dollar_volume""}, ""layer_summary"": {""base_hard"": {""before"": 670, ""pass_rate"": 0.0, ""remaining"": 0, ""removed"": 173}, ""quality_or_theme_hard"": {""before"": 199, ""pass_rate"": 0.0, ""remaining"": 0, ""removed"": 199}, ""valuation_hard"": {""before"": 497, ""pass_rate"": 0.0, ""remaining"": 0, ""removed"": 298}}, ""n_filtered"": 0, ""n_input"": 670, ""n_ranked"": 0, ""near_miss"": {""reasons"": [], ""top_count"": 0, ""top_pct"": 0.0, ""top_reason"": """"}}, ""core_ai"": {""first_fail"": {""top_count"": 163, ""top_pct"": 0.2433, ""top_reason"": ""min_dollar_volume""}, ""layer_summary"": {""base_hard"": {""before"": 670, ""pass_rate"": 0.0, ""remaining"": 0, ""removed"": 173}, ""quality_or_theme_hard"": {""before"": 167, ""pass_rate"": 0.0, ""remaining"": 0, ""removed"": 167}, ""valuation_hard"": {""before"": 497, ""pass_rate"": 0.0, ""remaining"": 0, ""removed"": 330}}, ""n_filtered"": 0, ""n_input"": 670, ""n_ranked"": 0, ""near_miss"": {""reasons"": [], ""top_count"": 0, ""top_pct"": 0.0, ""top_reason"": """"}}}",,union_superset_approx
base,replay_base_2026-03-31,2026-03-31T00:00:00+00:00,2026-03-31,industry_trend,[],0,-0.05867097279311029,down,"{""ai_enabler"": 0, ""ai_peripheral"": 0, ""core_ai"": 0}","{""ai_enabler"": [], ""ai_peripheral"": [], ""core_ai"": []}","{""ai_enabler"": {""first_fail"": {""top_count"": 163, ""top_pct"": 0.2433, ""top_reason"": ""min_dollar_volume""}, ""layer_summary"": {""base_hard"": {""before"": 670, ""pass_rate"": 0.6, ""remaining"": 402, ""removed"": 173}, ""quality_or_theme_hard"": {""before"": 497, ""pass_rate"": 0.0, ""remaining"": 0, ""removed"": 497}}, ""n_filtered"": 0, ""n_input"": 670, ""n_ranked"": 0, ""near_miss"": {""reasons"": [{""count"": 6, ""layer"": ""quality_or_theme_hard"", ""pct"": 0.008955223880597015, ""reason"": ""benchmark_trend_filter""}], ""top_count"": 6, ""top_pct"": 0.008955223880597015, ""top_reason"": ""benchmark_trend_filter""}}, ""ai_peripheral"": {""first_fail"": {""top_count"": 163, ""top_pct"": 0.2433, ""top_reason"": ""min_dollar_volume""}, ""layer_summary"": {""base_hard"": {""before"": 670, ""pass_rate"": 0.2656716417910448, ""remaining"": 178, ""removed"": 397}, ""quality_or_theme_hard"": {""before"": 497, ""pass_rate"": 0.0, ""remaining"": 0, ""removed"": 273}}, ""n_filtered"": 0, ""n_input"": 670, ""n_ranked"": 0, ""near_miss"": {""reasons"": [{""count"": 3, ""layer"": ""quality_or_theme_hard"", ""pct"": 0.004477611940298508, ""reason"": ""benchmark_trend_filter""}], ""top_count"": 3, ""top_pct"": 0.004477611940298508, ""top_reason"": ""benchmark_trend_filter""}}, ""core_ai"": {""first_fail"": {""top_count"": 163, ""top_pct"": 0.2433, ""top_reason"": ""min_dollar_volume""}, ""layer_summary"": {""base_hard"": {""before"": 670, ""pass_rate"": 0.18507462686567164, ""remaining"": 124, ""removed"": 451}, ""quality_or_theme_hard"": {""before"": 497, ""pass_rate"": 0.0, ""remaining"": 0, ""removed"": 219}}, ""n_filtered"": 0, ""n_input"": 670, ""n_ranked"": 0, ""near_miss"": {""reasons"": [{""count"": 2, ""layer"": ""quality_or_theme_hard"", ""pct"": 0.0029850746268656717, ""reason"": ""benchmark_trend_filter""}], ""top_count"": 2, ""top_pct"": 0.0029850746268656717, ""top_reason"": ""benchmark_trend_filter""}}}",,union_superset_approx
base,replay_base_2026-03-31,2026-03-31T00:00:00+00:00,2026-03-31,momentum,[],0,-0.05867097279311029,down,"{""ai_enabler"": 0, ""ai_peripheral"": 0, ""core_ai"": 0}","{""ai_enabler"": [], ""ai_peripheral"": [], ""core_ai"": []}","{""ai_enabler"": {""first_fail"": {""top_count"": 163, ""top_pct"": 0.2433, ""top_reason"": ""min_dollar_volume""}, ""layer_summary"": {""base_hard"": {""before"": 670, ""pass_rate"": 0.6, ""remaining"": 402, ""removed"": 173}, ""quality_or_theme_hard"": {""before"": 497, ""pass_rate"": 0.0, ""remaining"": 0, ""removed"": 497}}, ""n_filtered"": 0, ""n_input"": 670, ""n_ranked"": 0, ""near_miss"": {""reasons"": [{""count"": 1, ""layer"": ""quality_or_theme_hard"", ""pct"": 0.0014925373134328358, ""reason"": ""benchmark_trend_filter""}], ""top_count"": 1, ""top_pct"": 0.0014925373134328358, ""top_reason"": ""benchmark_trend_filter""}}, ""ai_peripheral"": {""first_fail"": {""top_count"": 163, ""top_pct"": 0.2433, ""top_reason"": ""min_dollar_volume""}, ""layer_summary"": {""base_hard"": {""before"": 670, ""pass_rate"": 0.2656716417910448, ""remaining"": 178, ""removed"": 397}, ""quality_or_theme_hard"": {""before"": 497, ""pass_rate"": 0.0, ""remaining"": 0, ""removed"": 273}}, ""n_filtered"": 0, ""n_input"": 670, ""n_ranked"": 0, ""near_miss"": {""reasons"": [], ""top_count"": 0, ""top_pct"": 0.0, ""top_reason"": """"}}, ""core_ai"": {""first_fail"": {""top_count"": 163, ""top_pct"": 0.2433, ""top_reason"": ""min_dollar_volume""}, ""layer_summary"": {""base_hard"": {""before"": 670, ""pass_rate"": 0.18507462686567164, ""remaining"": 124, ""removed"": 451}, ""quality_or_theme_hard"": {""before"": 497, ""pass_rate"": 0.0, ""remaining"": 0, ""removed"": 219}}, ""n_filtered"": 0, ""n_input"": 670, ""n_ranked"": 0, ""near_miss"": {""reasons"": [], ""top_count"": 0, ""top_pct"": 0.0, ""top_reason"": """"}}}",,union_superset_approx
base,replay_base_2026-03-31,2026-03-31T00:00:00+00:00,2026-03-31,research_pool,"['EME', 'CMI', 'LMT', 'NOC', 'NUE', 'UNP', 'ETN', 'OKTA', 'TT', 'JCI', 'FCX', 'HII', 'SKY', 'FISV', 'EEFT', 'FND', 'G', 'UAL', 'JKHY', 'EXLS', 'KLAC', 'PYPL', 'MU', 'AMZN', 'CSCO', 'ZM', 'CRM', 'ORCL', 'NVDA', 'ANET']",30,-0.05867097279311029,down,"{""ai_enabler"": 10, ""ai_peripheral"": 10, ""core_ai"": 10}","{""ai_enabler"": [""EME"", ""CMI"", ""LMT"", ""NOC"", ""NUE"", ""UNP"", ""ETN"", ""OKTA"", ""TT"", ""JCI""], ""ai_peripheral"": [""FCX"", ""HII"", ""SKY"", ""FISV"", ""EEFT"", ""FND"", ""G"", ""UAL"", ""JKHY"", ""EXLS""], ""core_ai"": [""KLAC"", ""PYPL"", ""MU"", ""AMZN"", ""CSCO"", ""ZM"", ""CRM"", ""ORCL"", ""NVDA"", ""ANET""]}","{""ai_enabler"": {""n_filtered"": 81, ""n_input"": 670, ""n_ranked"": 81, ""priority_counts"": {""left_side_watch"": 5, ""research_now"": 6, ""theme_only"": 59, ""watch_for_pullback"": 11}}, ""ai_peripheral"": {""n_filtered"": 51, ""n_input"": 670, ""n_ranked"": 51, ""priority_counts"": {""left_side_watch"": 7, ""research_now"": 2, ""theme_only"": 42}}, ""core_ai"": {""n_filtered"": 47, ""n_input"": 670, ""n_ranked"": 47, ""priority_counts"": {""left_side_watch"": 6, ""research_now"": 5, ""theme_only"": 14, ""watch_for_pullback"": 22}}}",,union_superset_approx
base,replay_base_2026-04-30,2026-04-30T00:00:00+00:00,2026-04-30,low_value,"['KLAC', 'MU', 'LRCX', 'CSCO', 'ZM', 'ABNB', 'GEV', 'NVDA', 'AMZN', 'ANET', 'UNP', 'EME', 'AMAT', 'JCI', 'ETN', 'CMI', 'ATI', 'CSX', 'STLD', 'TT']",20,0.08297375336599289,up,"{""ai_enabler"": 10, ""ai_peripheral"": 10, ""core_ai"": 10}","{""ai_enabler"": [""KLAC"", ""MU"", ""ZM"", ""LRCX"", ""UNP"", ""ABNB"", ""CSCO"", ""EME"", ""AMAT"", ""JCI""], ""ai_peripheral"": [""EME"", ""UNP"", ""ETN"", ""JCI"", ""CMI"", ""ATI"", ""CSX"", ""GEV"", ""STLD"", ""TT""], ""core_ai"": [""KLAC"", ""MU"", ""LRCX"", ""CSCO"", ""ZM"", ""ABNB"", ""GEV"", ""NVDA"", ""AMZN"", ""ANET""]}","{""ai_enabler"": {""first_fail"": {""top_count"": 140, ""top_pct"": 0.2086, ""top_reason"": ""min_dollar_volume""}, ""layer_summary"": {""base_hard"": {""before"": 671, ""pass_rate"": 0.22503725782414308, ""remaining"": 151, ""removed"": 150}, ""quality_or_theme_hard"": {""before"": 256, ""pass_rate"": 0.58984375, ""remaining"": 151, ""removed"": 37}, ""valuation_hard"": {""before"": 521, ""pass_rate"": 0.36084452975047987, ""remaining"": 188, ""removed"": 333}}, ""n_filtered"": 151, ""n_input"": 671, ""n_ranked"": 21, ""near_miss"": {""reasons"": [{""count"": 2, ""layer"": ""valuation_hard"", ""pct"": 0.0029806259314456036, ""reason"": ""min_return_60d""}, {""count"": 1, ""layer"": ""valuation_hard"", ""pct"": 0.0014903129657228018, ""reason"": ""max_price_to_sma200""}, {""count"": 1, ""layer"": ""valuation_hard"", ""pct"": 0.0014903129657228018, ""reason"": ""max_ps_percentile_in_sic""}], ""top_count"": 2, ""top_pct"": 0.0029806259314456036, ""top_reason"": ""min_return_60d""}}, ""ai_peripheral"": {""first_fail"": {""top_count"": 140, ""top_pct"": 0.2086, ""top_reason"": ""min_dollar_volume""}, ""layer_summary"": {""base_hard"": {""before"": 671, ""pass_rate"": 0.10134128166915052, ""remaining"": 68, ""removed"": 235}, ""quality_or_theme_hard"": {""before"": 263, ""pass_rate"": 0.5817490494296578, ""remaining"": 153, ""removed"": 37}, ""valuation_hard"": {""before"": 521, ""pass_rate"": 0.3646833013435701, ""remaining"": 190, ""removed"": 331}}, ""n_filtered"": 68, ""n_input"": 671, ""n_ranked"": 13, ""near_miss"": {""reasons"": [{""count"": 3, ""layer"": ""valuation_hard"", ""pct"": 0.004470938897168405, ""reason"": ""min_return_60d""}, {""count"": 1, ""layer"": ""base_hard"", ""pct"": 0.0014903129657228018, ""reason"": ""min_avg_dollar_volume_20d""}, {""count"": 1, ""layer"": ""quality_or_theme_hard"", ""pct"": 0.0014903129657228018, ""reason"": ""min_current_ratio""}, {""count"": 1, ""layer"": ""base_hard"", ""pct"": 0.0014903129657228018, ""reason"": ""channel_bucket_match""}, {""count"": 1, ""layer"": ""quality_or_theme_hard"", ""pct"": 0.0014903129657228018, ""reason"": ""min_ai_link_score""}], ""top_count"": 3, ""top_pct"": 0.004470938897168405, ""top_reason"": ""min_return_60d""}}, ""core_ai"": {""first_fail"": {""top_count"": 140, ""top_pct"": 0.2086, ""top_reason"": ""min_dollar_volume""}, ""layer_summary"": {""base_hard"": {""before"": 671, ""pass_rate"": 0.07451564828614009, ""remaining"": 50, ""removed"": 237}, ""quality_or_theme_hard"": {""before"": 238, ""pass_rate"": 0.5756302521008403, ""remaining"": 137, ""removed"": 32}, ""valuation_hard"": {""before"": 521, ""pass_rate"": 0.32437619961612285, ""remaining"": 169, ""removed"": 352}}, ""n_filtered"": 50, ""n_input"": 671, ""n_ranked"": 12, ""near_miss"": {""reasons"": [{""count"": 1, ""layer"": ""valuation_hard"", ""pct"": 0.0014903129657228018, ""reason"": ""max_price_to_sma200""}], ""top_count"": 1, ""top_pct"": 0.0014903129657228018, ""top_reason"": ""max_price_to_sma200""}}}",,union_superset_approx
base,replay_base_2026-04-30,2026-04-30T00:00:00+00:00,2026-04-30,industry_trend,"['MU', 'AMZN', 'GOOGL', 'KLAC', 'QCOM', 'TXN', 'ANET', 'CSCO', 'LRCX', 'GOOG', 'PWR', 'ETN', 'GEV', 'CAT', 'UNP', 'CRH', 'VRT', 'EME', 'NUE', 'CSX']",20,0.08297375336599289,up,"{""ai_enabler"": 10, ""ai_peripheral"": 10, ""core_ai"": 10}","{""ai_enabler"": [""MU"", ""AMZN"", ""TXN"", ""QCOM"", ""ANET"", ""KLAC"", ""PWR"", ""LRCX"", ""CSCO"", ""GOOG""], ""ai_peripheral"": [""PWR"", ""ETN"", ""GEV"", ""CAT"", ""UNP"", ""CRH"", ""VRT"", ""EME"", ""NUE"", ""CSX""], ""core_ai"": [""MU"", ""AMZN"", ""GOOGL"", ""KLAC"", ""QCOM"", ""TXN"", ""ANET"", ""CSCO"", ""LRCX"", ""GOOG""]}","{""ai_enabler"": {""first_fail"": {""top_count"": 140, ""top_pct"": 0.2086, ""top_reason"": ""min_dollar_volume""}, ""layer_summary"": {""base_hard"": {""before"": 671, ""pass_rate"": 0.6125186289120715, ""remaining"": 411, ""removed"": 150}, ""quality_or_theme_hard"": {""before"": 521, ""pass_rate"": 0.7888675623800384, ""remaining"": 411, ""removed"": 110}}, ""n_filtered"": 411, ""n_input"": 671, ""n_ranked"": 96, ""near_miss"": {""reasons"": [{""count"": 4, ""layer"": ""quality_or_theme_hard"", ""pct"": 0.005961251862891207, ""reason"": ""min_ai_link_score""}, {""count"": 3, ""layer"": ""valuation_hard"", ""pct"": 0.004470938897168405, ""reason"": ""max_ps_percentile_in_sic""}, {""count"": 3, ""layer"": ""valuation_hard"", ""pct"": 0.004470938897168405, ""reason"": ""trend_min_return_60d""}, {""count"": 2, ""layer"": ""quality_or_theme_hard"", ""pct"": 0.0029806259314456036, ""reason"": ""min_current_ratio""}, {""count"": 2, ""layer"": ""valuation_hard"", ""pct"": 0.0029806259314456036, ""reason"": ""max_ps_hist_percentile""}], ""top_count"": 4, ""top_pct"": 0.005961251862891207, ""top_reason"": ""min_ai_link_score""}}, ""ai_peripheral"": {""first_fail"": {""top_count"": 140, ""top_pct"": 0.2086, ""top_reason"": ""min_dollar_volume""}, ""layer_summary"": {""base_hard"": {""before"": 671, ""pass_rate"": 0.26825633383010433, ""remaining"": 180, ""removed"": 381}, ""quality_or_theme_hard"": {""before"": 521, ""pass_rate"": 0.345489443378119, ""remaining"": 180, ""removed"": 110}}, ""n_filtered"": 180, ""n_input"": 671, ""n_ranked"": 80, ""near_miss"": {""reasons"": [{""count"": 5, ""layer"": ""base_hard"", ""pct"": 0.007451564828614009, ""reason"": ""channel_bucket_match""}, {""count"": 4, ""layer"": ""valuation_hard"", ""pct"": 0.005961251862891207, ""reason"": ""trend_min_return_60d""}, {""count"": 3, ""layer"": ""quality_or_theme_hard"", ""pct"": 0.004470938897168405, ""reason"": ""min_ai_link_score""}, {""count"": 2, ""layer"": ""valuation_hard"", ""pct"": 0.0029806259314456036, ""reason"": ""max_ps_hist_percentile""}, {""count"": 1, ""layer"": ""quality_or_theme_hard"", ""pct"": 0.0014903129657228018, ""reason"": ""min_net_income_yoy""}], ""top_count"": 5, ""top_pct"": 0.007451564828614009, ""top_reason"": ""channel_bucket_match""}}, ""core_ai"": {""first_fail"": {""top_count"": 140, ""top_pct"": 0.2086, ""top_reason"": ""min_dollar_volume""}, ""layer_summary"": {""base_hard"": {""before"": 671, ""pass_rate"": 0.18926974664679583, ""remaining"": 127, ""removed"": 434}, ""quality_or_theme_hard"": {""before"": 521, ""pass_rate"": 0.2437619961612284, ""remaining"": 127, ""removed"": 110}}, ""n_filtered"": 127, ""n_input"": 671, ""n_ranked"": 28, ""near_miss"": {""reasons"": [{""count"": 2, ""layer"": ""quality_or_theme_hard"", ""pct"": 0.0029806259314456036, ""reason"": ""min_ai_link_score""}, {""count"": 1, ""layer"": ""quality_or_theme_hard"", ""pct"": 0.0014903129657228018, ""reason"": ""max_ev_to_ebit""}, {""count"": 1, ""layer"": ""valuation_hard"", ""pct"": 0.0014903129657228018, ""reason"": ""max_ps_percentile_in_sic""}, {""count"": 1, ""layer"": ""valuation_hard"", ""pct"": 0.0014903129657228018, ""reason"": ""trend_min_return_60d""}], ""top_count"": 2, ""top_pct"": 0.0029806259314456036, ""top_reason"": ""min_ai_link_score""}}}",,union_superset_approx
base,replay_base_2026-04-30,2026-04-30T00:00:00+00:00,2026-04-30,momentum,"['MU', 'AMD', 'TXN', 'ANET', 'AMZN', 'GOOGL', 'CSCO', 'LRCX', 'KLAC', 'GOOG', 'QCOM', 'PWR', 'ETN', 'GEV', 'CAT', 'SBAC', 'NUE', 'VRT', 'CRH', 'EME', 'UNP']",21,0.08297375336599289,up,"{""ai_enabler"": 10, ""ai_peripheral"": 10, ""core_ai"": 10}","{""ai_enabler"": [""MU"", ""ANET"", ""TXN"", ""QCOM"", ""AMZN"", ""PWR"", ""LRCX"", ""KLAC"", ""GOOG"", ""GOOGL""], ""ai_peripheral"": [""PWR"", ""ETN"", ""GEV"", ""CAT"", ""SBAC"", ""NUE"", ""VRT"", ""CRH"", ""EME"", ""UNP""], ""core_ai"": [""MU"", ""AMD"", ""TXN"", ""ANET"", ""AMZN"", ""GOOGL"", ""CSCO"", ""LRCX"", ""KLAC"", ""GOOG""]}","{""ai_enabler"": {""first_fail"": {""top_count"": 140, ""top_pct"": 0.2086, ""top_reason"": ""min_dollar_volume""}, ""layer_summary"": {""base_hard"": {""before"": 671, ""pass_rate"": 0.6125186289120715, ""remaining"": 411, ""removed"": 150}, ""quality_or_theme_hard"": {""before"": 521, ""pass_rate"": 0.7888675623800384, ""remaining"": 411, ""removed"": 110}}, ""n_filtered"": 411, ""n_input"": 671, ""n_ranked"": 96, ""near_miss"": {""reasons"": [{""count"": 3, ""layer"": ""valuation_hard"", ""pct"": 0.004470938897168405, ""reason"": ""momentum_min_return_60d""}, {""count"": 2, ""layer"": ""valuation_hard"", ""pct"": 0.0029806259314456036, ""reason"": ""max_ps_percentile_in_sic""}, {""count"": 1, ""layer"": ""quality_or_theme_hard"", ""pct"": 0.0014903129657228018, ""reason"": ""max_ev_to_ebit""}, {""count"": 1, ""layer"": ""valuation_hard"", ""pct"": 0.0014903129657228018, ""reason"": ""momentum_min_price_to_sma200""}, {""count"": 1, ""layer"": ""quality_or_theme_hard"", ""pct"": 0.0014903129657228018, ""reason"": ""min_current_ratio""}], ""top_count"": 3, ""top_pct"": 0.004470938897168405, ""top_reason"": ""momentum_min_return_60d""}}, ""ai_peripheral"": {""first_fail"": {""top_count"": 140, ""top_pct"": 0.2086, ""top_reason"": ""min_dollar_volume""}, ""layer_summary"": {""base_hard"": {""before"": 671, ""pass_rate"": 0.26825633383010433, ""remaining"": 180, ""removed"": 381}, ""quality_or_theme_hard"": {""before"": 521, ""pass_rate"": 0.345489443378119, ""remaining"": 180, ""removed"": 110}}, ""n_filtered"": 180, ""n_input"": 671, ""n_ranked"": 80, ""near_miss"": {""reasons"": [{""count"": 4, ""layer"": ""valuation_hard"", ""pct"": 0.005961251862891207, ""reason"": ""momentum_min_return_60d""}, {""count"": 3, ""layer"": ""base_hard"", ""pct"": 0.004470938897168405, ""reason"": ""channel_bucket_match""}, {""count"": 2, ""layer"": ""valuation_hard"", ""pct"": 0.0029806259314456036, ""reason"": ""max_ps_hist_percentile""}, {""count"": 1, ""layer"": ""valuation_hard"", ""pct"": 0.0014903129657228018, ""reason"": ""momentum_min_price_to_sma200""}, {""count"": 1, ""layer"": ""base_hard"", ""pct"": 0.0014903129657228018, ""reason"": ""momentum_min_avg_dollar_volume_20d""}], ""top_count"": 4, ""top_pct"": 0.005961251862891207, ""top_reason"": ""momentum_min_return_60d""}}, ""core_ai"": {""first_fail"": {""top_count"": 140, ""top_pct"": 0.2086, ""top_reason"": ""min_dollar_volume""}, ""layer_summary"": {""base_hard"": {""before"": 671, ""pass_rate"": 0.18926974664679583, ""remaining"": 127, ""removed"": 434}, ""quality_or_theme_hard"": {""before"": 521, ""pass_rate"": 0.2437619961612284, ""remaining"": 127, ""removed"": 110}}, ""n_filtered"": 127, ""n_input"": 671, ""n_ranked"": 28, ""near_miss"": {""reasons"": [{""count"": 1, ""layer"": ""quality_or_theme_hard"", ""pct"": 0.0014903129657228018, ""reason"": ""max_ev_to_ebit""}], ""top_count"": 1, ""top_pct"": 0.0014903129657228018, ""top_reason"": ""max_ev_to_ebit""}}}",,union_superset_approx
base,replay_base_2026-04-30,2026-04-30T00:00:00+00:00,2026-04-30,research_pool,"['STLD', 'CRH', 'UNP', 'CSX', 'NUE', 'QLYS', 'EME', 'ETN', 'GE', 'JCI', 'FCX', 'MOS', 'UAL', 'G', 'EXLS', 'SW', 'NEM', 'SKY', 'FISV', 'IESC', 'KLAC', 'PYPL', 'UBER', 'NFLX', 'DIS', 'MSFT', 'ZM', 'ORCL', 'NVDA', 'META']",30,0.08297375336599289,up,"{""ai_enabler"": 10, ""ai_peripheral"": 10, ""core_ai"": 10}","{""ai_enabler"": [""STLD"", ""CRH"", ""UNP"", ""CSX"", ""NUE"", ""QLYS"", ""EME"", ""ETN"", ""GE"", ""JCI""], ""ai_peripheral"": [""FCX"", ""MOS"", ""UAL"", ""G"", ""EXLS"", ""SW"", ""NEM"", ""SKY"", ""FISV"", ""IESC""], ""core_ai"": [""KLAC"", ""PYPL"", ""UBER"", ""NFLX"", ""DIS"", ""MSFT"", ""ZM"", ""ORCL"", ""NVDA"", ""META""]}","{""ai_enabler"": {""n_filtered"": 86, ""n_input"": 671, ""n_ranked"": 86, ""priority_counts"": {""left_side_watch"": 6, ""research_now"": 5, ""theme_only"": 62, ""watch_for_pullback"": 13}}, ""ai_peripheral"": {""n_filtered"": 61, ""n_input"": 671, ""n_ranked"": 61, ""priority_counts"": {""left_side_watch"": 3, ""research_now"": 1, ""theme_only"": 57}}, ""core_ai"": {""n_filtered"": 53, ""n_input"": 671, ""n_ranked"": 53, ""priority_counts"": {""left_side_watch"": 2, ""research_now"": 5, ""theme_only"": 17, ""watch_for_pullback"": 29}}}",,union_superset_approx
base,replay_base_2026-05-29,2026-05-29T00:00:00+00:00,2026-05-29,low_value,"['KLAC', 'NVDA', 'ZM', 'LRCX', 'AMAT', 'TXN', 'CSCO', 'AAPL', 'TSLA', 'TER', 'ADI', 'ATI', 'AMZN', 'NUE', 'STLD']",15,0.20903075764027634,up,"{""ai_enabler"": 10, ""ai_peripheral"": 3, ""core_ai"": 10}","{""ai_enabler"": [""KLAC"", ""ZM"", ""NVDA"", ""ADI"", ""LRCX"", ""AMAT"", ""ATI"", ""CSCO"", ""AMZN"", ""AAPL""], ""ai_peripheral"": [""NUE"", ""ATI"", ""STLD""], ""core_ai"": [""KLAC"", ""NVDA"", ""ZM"", ""LRCX"", ""AMAT"", ""TXN"", ""CSCO"", ""AAPL"", ""TSLA"", ""TER""]}","{""ai_enabler"": {""first_fail"": {""top_count"": 118, ""top_pct"": 0.1748, ""top_reason"": ""min_dollar_volume""}, ""layer_summary"": {""base_hard"": {""before"": 675, ""pass_rate"": 0.20296296296296296, ""remaining"": 137, ""removed"": 127}, ""quality_or_theme_hard"": {""before"": 264, ""pass_rate"": 0.5189393939393939, ""remaining"": 137, ""removed"": 21}, ""valuation_hard"": {""before"": 548, ""pass_rate"": 0.28832116788321166, ""remaining"": 158, ""removed"": 390}}, ""n_filtered"": 137, ""n_input"": 675, ""n_ranked"": 16, ""near_miss"": {""reasons"": [{""count"": 1, ""layer"": ""valuation_hard"", ""pct"": 0.0014814814814814814, ""reason"": ""max_price_to_sma200""}, {""count"": 1, ""layer"": ""valuation_hard"", ""pct"": 0.0014814814814814814, ""reason"": ""min_return_20d""}, {""count"": 1, ""layer"": ""quality_or_theme_hard"", ""pct"": 0.0014814814814814814, ""reason"": ""max_accrual_ratio""}, {""count"": 1, ""layer"": ""valuation_hard"", ""pct"": 0.0014814814814814814, ""reason"": ""max_ps_hist_percentile""}], ""top_count"": 1, ""top_pct"": 0.0014814814814814814, ""top_reason"": ""max_price_to_sma200""}}, ""ai_peripheral"": {""first_fail"": {""top_count"": 118, ""top_pct"": 0.1748, ""top_reason"": ""min_dollar_volume""}, ""layer_summary"": {""base_hard"": {""before"": 675, ""pass_rate"": 0.037037037037037035, ""remaining"": 25, ""removed"": 245}, ""quality_or_theme_hard"": {""before"": 282, ""pass_rate"": 0.5070921985815603, ""remaining"": 143, ""removed"": 23}, ""valuation_hard"": {""before"": 548, ""pass_rate"": 0.3029197080291971, ""remaining"": 166, ""removed"": 382}}, ""n_filtered"": 25, ""n_input"": 675, ""n_ranked"": 3, ""near_miss"": {""reasons"": [{""count"": 1, ""layer"": ""valuation_hard"", ""pct"": 0.0014814814814814814, ""reason"": ""min_return_20d""}], ""top_count"": 1, ""top_pct"": 0.0014814814814814814, ""top_reason"": ""min_return_20d""}}, ""core_ai"": {""first_fail"": {""top_count"": 118, ""top_pct"": 0.1748, ""top_reason"": ""min_dollar_volume""}, ""layer_summary"": {""base_hard"": {""before"": 675, ""pass_rate"": 0.08592592592592592, ""remaining"": 58, ""removed"": 196}, ""quality_or_theme_hard"": {""before"": 245, ""pass_rate"": 0.5183673469387755, ""remaining"": 127, ""removed"": 20}, ""valuation_hard"": {""before"": 548, ""pass_rate"": 0.26824817518248173, ""remaining"": 147, ""removed"": 401}}, ""n_filtered"": 58, ""n_input"": 675, ""n_ranked"": 12, ""near_miss"": {""reasons"": [{""count"": 1, ""layer"": ""valuation_hard"", ""pct"": 0.0014814814814814814, ""reason"": ""max_price_to_sma200""}], ""top_count"": 1, ""top_pct"": 0.0014814814814814814, ""top_reason"": ""max_price_to_sma200""}}}",,union_superset_approx
base,replay_base_2026-05-29,2026-05-29T00:00:00+00:00,2026-05-29,industry_trend,"['MU', 'IBM', 'CSCO', 'AMZN', 'ORCL', 'LRCX', 'CRM', 'MSFT', 'NVDA', 'KLAC', 'QCOM', 'CRWD', 'AMAT', 'GE', 'FCX', 'ATI', 'NUE', 'HWM', 'D', 'CSX', 'CAT', 'UNP', 'RTX']",23,0.20903075764027634,up,"{""ai_enabler"": 10, ""ai_peripheral"": 10, ""core_ai"": 10}","{""ai_enabler"": [""MU"", ""IBM"", ""CSCO"", ""LRCX"", ""QCOM"", ""CRWD"", ""KLAC"", ""ORCL"", ""AMZN"", ""AMAT""], ""ai_peripheral"": [""GE"", ""FCX"", ""ATI"", ""NUE"", ""HWM"", ""D"", ""CSX"", ""CAT"", ""UNP"", ""RTX""], ""core_ai"": [""MU"", ""IBM"", ""CSCO"", ""AMZN"", ""ORCL"", ""LRCX"", ""CRM"", ""MSFT"", ""NVDA"", ""KLAC""]}","{""ai_enabler"": {""first_fail"": {""top_count"": 118, ""top_pct"": 0.1748, ""top_reason"": ""min_dollar_volume""}, ""layer_summary"": {""base_hard"": {""before"": 675, ""pass_rate"": 0.6637037037037037, ""remaining"": 448, ""removed"": 127}, ""quality_or_theme_hard"": {""before"": 548, ""pass_rate"": 0.8175182481751825, ""remaining"": 448, ""removed"": 100}}, ""n_filtered"": 448, ""n_input"": 675, ""n_ranked"": 97, ""near_miss"": {""reasons"": [{""count"": 11, ""layer"": ""quality_or_theme_hard"", ""pct"": 0.016296296296296295, ""reason"": ""min_ai_link_score""}, {""count"": 5, ""layer"": ""valuation_hard"", ""pct"": 0.007407407407407408, ""reason"": ""trend_min_return_60d""}, {""count"": 3, ""layer"": ""quality_or_theme_hard"", ""pct"": 0.0044444444444444444, ""reason"": ""min_current_ratio""}, {""count"": 3, ""layer"": ""valuation_hard"", ""pct"": 0.0044444444444444444, ""reason"": ""max_ps_hist_percentile""}, {""count"": 1, ""layer"": ""valuation_hard"", ""pct"": 0.0014814814814814814, ""reason"": ""max_ps_percentile_in_sic""}], ""top_count"": 11, ""top_pct"": 0.016296296296296295, ""top_reason"": ""min_ai_link_score""}}, ""ai_peripheral"": {""first_fail"": {""top_count"": 118, ""top_pct"": 0.1748, ""top_reason"": ""min_dollar_volume""}, ""layer_summary"": {""base_hard"": {""before"": 675, ""pass_rate"": 0.2740740740740741, ""remaining"": 185, ""removed"": 390}, ""quality_or_theme_hard"": {""before"": 548, ""pass_rate"": 0.3375912408759124, ""remaining"": 185, ""removed"": 100}}, ""n_filtered"": 185, ""n_input"": 675, ""n_ranked"": 81, ""near_miss"": {""reasons"": [{""count"": 6, ""layer"": ""quality_or_theme_hard"", ""pct"": 0.008888888888888889, ""reason"": ""min_ai_link_score""}, {""count"": 4, ""layer"": ""valuation_hard"", ""pct"": 0.005925925925925926, ""reason"": ""trend_min_return_60d""}, {""count"": 4, ""layer"": ""base_hard"", ""pct"": 0.005925925925925926, ""reason"": ""channel_bucket_match""}, {""count"": 3, ""layer"": ""quality_or_theme_hard"", ""pct"": 0.0044444444444444444, ""reason"": ""min_current_ratio""}, {""count"": 2, ""layer"": ""base_hard"", ""pct"": 0.002962962962962963, ""reason"": ""trend_min_avg_dollar_volume_20d""}], ""top_count"": 6, ""top_pct"": 0.008888888888888889, ""top_reason"": ""min_ai_link_score""}}, ""core_ai"": {""first_fail"": {""top_count"": 122, ""top_pct"": 0.1807, ""top_reason"": ""min_net_income_yoy""}, ""layer_summary"": {""base_hard"": {""before"": 675, ""pass_rate"": 0.19555555555555557, ""remaining"": 132, ""removed"": 443}, ""quality_or_theme_hard"": {""before"": 548, ""pass_rate"": 0.24087591240875914, ""remaining"": 132, ""removed"": 100}}, ""n_filtered"": 132, ""n_input"": 675, ""n_ranked"": 28, ""near_miss"": {""reasons"": [{""count"": 2, ""layer"": ""quality_or_theme_hard"", ""pct"": 0.002962962962962963, ""reason"": ""min_ai_link_score""}, {""count"": 1, ""layer"": ""valuation_hard"", ""pct"": 0.0014814814814814814, ""reason"": ""max_ps_percentile_in_sic""}, {""count"": 1, ""layer"": ""valuation_hard"", ""pct"": 0.0014814814814814814, ""reason"": ""max_pe_percentile_in_sic""}, {""count"": 1, ""layer"": ""quality_or_theme_hard"", ""pct"": 0.0014814814814814814, ""reason"": ""min_current_ratio""}], ""top_count"": 2, ""top_pct"": 0.002962962962962963, ""top_reason"": ""min_ai_link_score""}}}",,union_superset_approx
base,replay_base_2026-05-29,2026-05-29T00:00:00+00:00,2026-05-29,momentum,"['MU', 'CRWD', 'ORCL', 'CSCO', 'IBM', 'LRCX', 'SNOW', 'AMD', 'QCOM', 'KLAC', 'FCX', 'GE', 'NUE', 'ATI', 'STLD', 'D', 'AMT', 'RTX', 'CSX', 'RKLB']",20,0.20903075764027634,up,"{""ai_enabler"": 10, ""ai_peripheral"": 10, ""core_ai"": 10}","{""ai_enabler"": [""MU"", ""CRWD"", ""IBM"", ""ORCL"", ""LRCX"", ""QCOM"", ""CSCO"", ""SNOW"", ""AMD"", ""KLAC""], ""ai_peripheral"": [""FCX"", ""GE"", ""NUE"", ""ATI"", ""STLD"", ""D"", ""AMT"", ""RTX"", ""CSX"", ""RKLB""], ""core_ai"": [""MU"", ""CRWD"", ""ORCL"", ""CSCO"", ""IBM"", ""LRCX"", ""SNOW"", ""AMD"", ""QCOM"", ""KLAC""]}","{""ai_enabler"": {""first_fail"": {""top_count"": 140, ""top_pct"": 0.2074, ""top_reason"": ""min_fcf_yield""}, ""layer_summary"": {""base_hard"": {""before"": 675, ""pass_rate"": 0.6637037037037037, ""remaining"": 448, ""removed"": 127}, ""quality_or_theme_hard"": {""before"": 548, ""pass_rate"": 0.8175182481751825, ""remaining"": 448, ""removed"": 100}}, ""n_filtered"": 448, ""n_input"": 675, ""n_ranked"": 97, ""near_miss"": {""reasons"": [{""count"": 1, ""layer"": ""valuation_hard"", ""pct"": 0.0014814814814814814, ""reason"": ""momentum_min_return_20d""}, {""count"": 1, ""layer"": ""quality_or_theme_hard"", ""pct"": 0.0014814814814814814, ""reason"": ""max_accrual_ratio""}, {""count"": 1, ""layer"": ""valuation_hard"", ""pct"": 0.0014814814814814814, ""reason"": ""max_ps_hist_percentile""}], ""top_count"": 1, ""top_pct"": 0.0014814814814814814, ""top_reason"": ""momentum_min_return_20d""}}, ""ai_peripheral"": {""first_fail"": {""top_count"": 128, ""top_pct"": 0.1896, ""top_reason"": ""min_fcf_yield""}, ""layer_summary"": {""base_hard"": {""before"": 675, ""pass_rate"": 0.2740740740740741, ""remaining"": 185, ""removed"": 390}, ""quality_or_theme_hard"": {""before"": 548, ""pass_rate"": 0.3375912408759124, ""remaining"": 185, ""removed"": 100}}, ""n_filtered"": 185, ""n_input"": 675, ""n_ranked"": 81, ""near_miss"": {""reasons"": [{""count"": 1, ""layer"": ""valuation_hard"", ""pct"": 0.0014814814814814814, ""reason"": ""momentum_min_return_20d""}, {""count"": 1, ""layer"": ""valuation_hard"", ""pct"": 0.0014814814814814814, ""reason"": ""momentum_min_return_60d""}, {""count"": 1, ""layer"": ""base_hard"", ""pct"": 0.0014814814814814814, ""reason"": ""momentum_min_avg_dollar_volume_20d""}, {""count"": 1, ""layer"": ""base_hard"", ""pct"": 0.0014814814814814814, ""reason"": ""channel_bucket_match""}], ""top_count"": 1, ""top_pct"": 0.0014814814814814814, ""top_reason"": ""momentum_min_return_20d""}}, ""core_ai"": {""first_fail"": {""top_count"": 137, ""top_pct"": 0.203, ""top_reason"": ""min_fcf_yield""}, ""layer_summary"": {""base_hard"": {""before"": 675, ""pass_rate"": 0.19555555555555557, ""remaining"": 132, ""removed"": 443}, ""quality_or_theme_hard"": {""before"": 548, ""pass_rate"": 0.24087591240875914, ""remaining"": 132, ""removed"": 100}}, ""n_filtered"": 132, ""n_input"": 675, ""n_ranked"": 28, ""near_miss"": {""reasons"": [], ""top_count"": 0, ""top_pct"": 0.0, ""top_reason"": """"}}}",,union_superset_approx
base,replay_base_2026-05-29,2026-05-29T00:00:00+00:00,2026-05-29,research_pool,"['NOC', 'NUE', 'STLD', 'UNP', 'QLYS', 'RTX', 'CHKP', 'EME', 'HWM', 'EQIX', 'FCX', 'EXLS', 'GXO', 'JKHY', 'HII', 'CBRE', 'VNT', 'G', 'NEM', 'CF', 'CRM', 'DIS', 'KLAC', 'ZM', 'MSFT', 'NVDA', 'GEV', 'WDAY', 'META', 'PLTR']",30,0.20903075764027634,up,"{""ai_enabler"": 10, ""ai_peripheral"": 10, ""core_ai"": 10}","{""ai_enabler"": [""NOC"", ""NUE"", ""STLD"", ""UNP"", ""QLYS"", ""RTX"", ""CHKP"", ""EME"", ""HWM"", ""EQIX""], ""ai_peripheral"": [""FCX"", ""EXLS"", ""GXO"", ""JKHY"", ""HII"", ""CBRE"", ""VNT"", ""G"", ""NEM"", ""CF""], ""core_ai"": [""CRM"", ""DIS"", ""KLAC"", ""ZM"", ""MSFT"", ""NVDA"", ""GEV"", ""WDAY"", ""META"", ""PLTR""]}","{""ai_enabler"": {""n_filtered"": 83, ""n_input"": 675, ""n_ranked"": 83, ""priority_counts"": {""left_side_watch"": 5, ""research_now"": 4, ""theme_only"": 62, ""watch_for_pullback"": 12}}, ""ai_peripheral"": {""n_filtered"": 57, ""n_input"": 675, ""n_ranked"": 57, ""priority_counts"": {""left_side_watch"": 7, ""research_now"": 1, ""theme_only"": 49}}, ""core_ai"": {""n_filtered"": 56, ""n_input"": 675, ""n_ranked"": 56, ""priority_counts"": {""left_side_watch"": 3, ""research_now"": 2, ""theme_only"": 17, ""watch_for_pullback"": 34}}}",,union_superset_approx
base,replay_base_2026-06-30,2026-06-30T00:00:00+00:00,2026-06-30,low_value,"['MU', 'KLAC', 'GEV', 'LRCX', 'CAT', 'AMAT', 'FTNT', 'TER', 'UNP', 'JCI', 'GE', 'HWM', 'VRT', 'QLYS', 'CMI', 'ETN', 'PH', 'ATI']",18,0.25834686725361133,up,"{""ai_enabler"": 10, ""ai_peripheral"": 10, ""core_ai"": 8}","{""ai_enabler"": [""KLAC"", ""MU"", ""UNP"", ""JCI"", ""GE"", ""HWM"", ""VRT"", ""QLYS"", ""CMI"", ""ETN""], ""ai_peripheral"": [""UNP"", ""JCI"", ""HWM"", ""ETN"", ""GE"", ""VRT"", ""CMI"", ""GEV"", ""PH"", ""ATI""], ""core_ai"": [""MU"", ""KLAC"", ""GEV"", ""LRCX"", ""CAT"", ""AMAT"", ""FTNT"", ""TER""]}","{""ai_enabler"": {""first_fail"": {""top_count"": 120, ""top_pct"": 0.1765, ""top_reason"": ""min_dollar_volume""}, ""layer_summary"": {""base_hard"": {""before"": 680, ""pass_rate"": 0.18823529411764706, ""remaining"": 128, ""removed"": 130}, ""quality_or_theme_hard"": {""before"": 248, ""pass_rate"": 0.5161290322580645, ""remaining"": 128, ""removed"": 27}, ""valuation_hard"": {""before"": 550, ""pass_rate"": 0.2818181818181818, ""remaining"": 155, ""removed"": 395}}, ""n_filtered"": 128, ""n_input"": 680, ""n_ranked"": 15, ""near_miss"": {""reasons"": [], ""top_count"": 0, ""top_pct"": 0.0, ""top_reason"": """"}}, ""ai_peripheral"": {""first_fail"": {""top_count"": 120, ""top_pct"": 0.1765, ""top_reason"": ""min_dollar_volume""}, ""layer_summary"": {""base_hard"": {""before"": 680, ""pass_rate"": 0.08970588235294118, ""remaining"": 61, ""removed"": 203}, ""quality_or_theme_hard"": {""before"": 268, ""pass_rate"": 0.5, ""remaining"": 134, ""removed"": 28}, ""valuation_hard"": {""before"": 550, ""pass_rate"": 0.29454545454545455, ""remaining"": 162, ""removed"": 388}}, ""n_filtered"": 61, ""n_input"": 680, ""n_ranked"": 12, ""near_miss"": {""reasons"": [{""count"": 2, ""layer"": ""base_hard"", ""pct"": 0.0029411764705882353, ""reason"": ""min_avg_dollar_volume_20d""}, {""count"": 1, ""layer"": ""valuation_hard"", ""pct"": 0.0014705882352941176, ""reason"": ""min_return_20d""}, {""count"": 1, ""layer"": ""quality_or_theme_hard"", ""pct"": 0.0014705882352941176, ""reason"": ""min_current_ratio""}], ""top_count"": 2, ""top_pct"": 0.0029411764705882353, ""top_reason"": ""min_avg_dollar_volume_20d""}}, ""core_ai"": {""first_fail"": {""top_count"": 120, ""top_pct"": 0.1765, ""top_reason"": ""min_dollar_volume""}, ""layer_summary"": {""base_hard"": {""before"": 680, ""pass_rate"": 0.061764705882352944, ""remaining"": 42, ""removed"": 200}, ""quality_or_theme_hard"": {""before"": 227, ""pass_rate"": 0.4933920704845815, ""remaining"": 112, ""removed"": 24}, ""valuation_hard"": {""before"": 550, ""pass_rate"": 0.24727272727272728, ""remaining"": 136, ""removed"": 414}}, ""n_filtered"": 42, ""n_input"": 680, ""n_ranked"": 8, ""near_miss"": {""reasons"": [], ""top_count"": 0, ""top_pct"": 0.0, ""top_reason"": """"}}}",,union_superset_approx
base,replay_base_2026-06-30,2026-06-30T00:00:00+00:00,2026-06-30,industry_trend,"['MU', 'LRCX', 'KLAC', 'GEV', 'CAT', 'AMZN', 'GOOGL', 'NVDA', 'ANET', 'META', 'GE', 'ASML', 'HWM', 'UNP', 'DE', 'JCI', 'PH', 'CSX', 'PWR']",19,0.25834686725361133,up,"{""ai_enabler"": 10, ""ai_peripheral"": 10, ""core_ai"": 10}","{""ai_enabler"": [""LRCX"", ""KLAC"", ""GEV"", ""CAT"", ""MU"", ""GE"", ""ASML"", ""HWM"", ""AMZN"", ""UNP""], ""ai_peripheral"": [""CAT"", ""GEV"", ""GE"", ""DE"", ""HWM"", ""JCI"", ""PH"", ""UNP"", ""CSX"", ""PWR""], ""core_ai"": [""MU"", ""LRCX"", ""KLAC"", ""GEV"", ""CAT"", ""AMZN"", ""GOOGL"", ""NVDA"", ""ANET"", ""META""]}","{""ai_enabler"": {""first_fail"": {""top_count"": 120, ""top_pct"": 0.1765, ""top_reason"": ""min_dollar_volume""}, ""layer_summary"": {""base_hard"": {""before"": 680, ""pass_rate"": 0.6573529411764706, ""remaining"": 447, ""removed"": 130}, ""quality_or_theme_hard"": {""before"": 550, ""pass_rate"": 0.8127272727272727, ""remaining"": 447, ""removed"": 103}}, ""n_filtered"": 447, ""n_input"": 680, ""n_ranked"": 95, ""near_miss"": {""reasons"": [{""count"": 8, ""layer"": ""quality_or_theme_hard"", ""pct"": 0.011764705882352941, ""reason"": ""min_ai_link_score""}, {""count"": 3, ""layer"": ""valuation_hard"", ""pct"": 0.004411764705882353, ""reason"": ""max_ps_hist_percentile""}, {""count"": 2, ""layer"": ""quality_or_theme_hard"", ""pct"": 0.0029411764705882353, ""reason"": ""min_fcf_yield""}, {""count"": 1, ""layer"": ""quality_or_theme_hard"", ""pct"": 0.0014705882352941176, ""reason"": ""min_net_income_yoy""}, {""count"": 1, ""layer"": ""valuation_hard"", ""pct"": 0.0014705882352941176, ""reason"": ""max_ps_percentile_in_sic""}], ""top_count"": 8, ""top_pct"": 0.011764705882352941, ""top_reason"": ""min_ai_link_score""}}, ""ai_peripheral"": {""first_fail"": {""top_count"": 120, ""top_pct"": 0.1765, ""top_reason"": ""min_dollar_volume""}, ""layer_summary"": {""base_hard"": {""before"": 680, ""pass_rate"": 0.2676470588235294, ""remaining"": 182, ""removed"": 395}, ""quality_or_theme_hard"": {""before"": 550, ""pass_rate"": 0.33090909090909093, ""remaining"": 182, ""removed"": 103}}, ""n_filtered"": 182, ""n_input"": 680, ""n_ranked"": 79, ""near_miss"": {""reasons"": [{""count"": 3, ""layer"": ""quality_or_theme_hard"", ""pct"": 0.004411764705882353, ""reason"": ""min_current_ratio""}, {""count"": 3, ""layer"": ""quality_or_theme_hard"", ""pct"": 0.004411764705882353, ""reason"": ""min_ai_link_score""}, {""count"": 2, ""layer"": ""valuation_hard"", ""pct"": 0.0029411764705882353, ""reason"": ""trend_min_return_60d""}, {""count"": 2, ""layer"": ""valuation_hard"", ""pct"": 0.0029411764705882353, ""reason"": ""max_ps_hist_percentile""}, {""count"": 1, ""layer"": ""quality_or_theme_hard"", ""pct"": 0.0014705882352941176, ""reason"": ""min_net_income_yoy""}], ""top_count"": 3, ""top_pct"": 0.004411764705882353, ""top_reason"": ""min_current_ratio""}}, ""core_ai"": {""first_fail"": {""top_count"": 122, ""top_pct"": 0.1794, ""top_reason"": ""min_net_income_yoy""}, ""layer_summary"": {""base_hard"": {""before"": 680, ""pass_rate"": 0.19705882352941176, ""remaining"": 134, ""removed"": 443}, ""quality_or_theme_hard"": {""before"": 550, ""pass_rate"": 0.24363636363636362, ""remaining"": 134, ""removed"": 103}}, ""n_filtered"": 134, ""n_input"": 680, ""n_ranked"": 29, ""near_miss"": {""reasons"": [{""count"": 2, ""layer"": ""valuation_hard"", ""pct"": 0.0029411764705882353, ""reason"": ""max_ps_percentile_in_sic""}, {""count"": 1, ""layer"": ""quality_or_theme_hard"", ""pct"": 0.0014705882352941176, ""reason"": ""min_fcf_yield""}, {""count"": 1, ""layer"": ""base_hard"", ""pct"": 0.0014705882352941176, ""reason"": ""trend_min_avg_dollar_volume_20d""}, {""count"": 1, ""layer"": ""quality_or_theme_hard"", ""pct"": 0.0014705882352941176, ""reason"": ""max_accrual_ratio""}, {""count"": 1, ""layer"": ""base_hard"", ""pct"": 0.0014705882352941176, ""reason"": ""channel_bucket_match""}], ""top_count"": 2, ""top_pct"": 0.0029411764705882353, ""top_reason"": ""max_ps_percentile_in_sic""}}}",,union_superset_approx
base,replay_base_2026-06-30,2026-06-30T00:00:00+00:00,2026-06-30,momentum,"['LRCX', 'KLAC', 'MU', 'GEV', 'CAT', 'AMAT', 'ASML', 'AMZN', 'TER', 'GOOGL', 'HWM', 'PH', 'DE', 'GE', 'ETN', 'ATI', 'UNP', 'RTX']",18,0.25834686725361133,up,"{""ai_enabler"": 10, ""ai_peripheral"": 10, ""core_ai"": 10}","{""ai_enabler"": [""LRCX"", ""KLAC"", ""GEV"", ""CAT"", ""MU"", ""AMAT"", ""ASML"", ""HWM"", ""PH"", ""TER""], ""ai_peripheral"": [""CAT"", ""GEV"", ""DE"", ""GE"", ""PH"", ""HWM"", ""ETN"", ""ATI"", ""UNP"", ""RTX""], ""core_ai"": [""LRCX"", ""KLAC"", ""MU"", ""GEV"", ""CAT"", ""AMAT"", ""ASML"", ""AMZN"", ""TER"", ""GOOGL""]}","{""ai_enabler"": {""first_fail"": {""top_count"": 144, ""top_pct"": 0.2118, ""top_reason"": ""min_fcf_yield""}, ""layer_summary"": {""base_hard"": {""before"": 680, ""pass_rate"": 0.6573529411764706, ""remaining"": 447, ""removed"": 130}, ""quality_or_theme_hard"": {""before"": 550, ""pass_rate"": 0.8127272727272727, ""remaining"": 447, ""removed"": 103}}, ""n_filtered"": 447, ""n_input"": 680, ""n_ranked"": 95, ""near_miss"": {""reasons"": [{""count"": 2, ""layer"": ""quality_or_theme_hard"", ""pct"": 0.0029411764705882353, ""reason"": ""min_ai_link_score""}, {""count"": 1, ""layer"": ""valuation_hard"", ""pct"": 0.0014705882352941176, ""reason"": ""momentum_min_return_20d""}, {""count"": 1, ""layer"": ""valuation_hard"", ""pct"": 0.0014705882352941176, ""reason"": ""momentum_min_return_60d""}, {""count"": 1, ""layer"": ""valuation_hard"", ""pct"": 0.0014705882352941176, ""reason"": ""max_pe_hist_percentile""}], ""top_count"": 2, ""top_pct"": 0.0029411764705882353, ""top_reason"": ""min_ai_link_score""}}, ""ai_peripheral"": {""first_fail"": {""top_count"": 133, ""top_pct"": 0.1956, ""top_reason"": ""min_fcf_yield""}, ""layer_summary"": {""base_hard"": {""before"": 680, ""pass_rate"": 0.2676470588235294, ""remaining"": 182, ""removed"": 395}, ""quality_or_theme_hard"": {""before"": 550, ""pass_rate"": 0.33090909090909093, ""remaining"": 182, ""removed"": 103}}, ""n_filtered"": 182, ""n_input"": 680, ""n_ranked"": 79, ""near_miss"": {""reasons"": [{""count"": 3, ""layer"": ""valuation_hard"", ""pct"": 0.004411764705882353, ""reason"": ""momentum_min_return_60d""}, {""count"": 2, ""layer"": ""quality_or_theme_hard"", ""pct"": 0.0029411764705882353, ""reason"": ""min_ai_link_score""}, {""count"": 1, ""layer"": ""base_hard"", ""pct"": 0.0014705882352941176, ""reason"": ""momentum_min_avg_dollar_volume_20d""}], ""top_count"": 3, ""top_pct"": 0.004411764705882353, ""top_reason"": ""momentum_min_return_60d""}}, ""core_ai"": {""first_fail"": {""top_count"": 142, ""top_pct"": 0.2088, ""top_reason"": ""min_fcf_yield""}, ""layer_summary"": {""base_hard"": {""before"": 680, ""pass_rate"": 0.19705882352941176, ""remaining"": 134, ""removed"": 443}, ""quality_or_theme_hard"": {""before"": 550, ""pass_rate"": 0.24363636363636362, ""remaining"": 134, ""removed"": 103}}, ""n_filtered"": 134, ""n_input"": 680, ""n_ranked"": 29, ""near_miss"": {""reasons"": [{""count"": 1, ""layer"": ""quality_or_theme_hard"", ""pct"": 0.0014705882352941176, ""reason"": ""min_ai_link_score""}], ""top_count"": 1, ""top_pct"": 0.0014705882352941176, ""top_reason"": ""min_ai_link_score""}}}",,union_superset_approx
base,replay_base_2026-06-30,2026-06-30T00:00:00+00:00,2026-06-30,research_pool,"['CRH', 'NUE', 'STLD', 'UNP', 'RTX', 'QLYS', 'JCI', 'EME', 'HWM', 'ETN', 'FCX', 'NEM', 'EXLS', 'HII', 'G', 'DAL', 'IESC', 'LYFT', 'KEX', 'CF', 'PYPL', 'AMZN', 'ZM', 'KLAC', 'ORCL', 'GEV', 'NVDA', 'AVGO', 'MU', 'CSCO']",30,0.25834686725361133,up,"{""ai_enabler"": 10, ""ai_peripheral"": 10, ""core_ai"": 10}","{""ai_enabler"": [""CRH"", ""NUE"", ""STLD"", ""UNP"", ""RTX"", ""QLYS"", ""JCI"", ""EME"", ""HWM"", ""ETN""], ""ai_peripheral"": [""FCX"", ""NEM"", ""EXLS"", ""HII"", ""G"", ""DAL"", ""IESC"", ""LYFT"", ""KEX"", ""CF""], ""core_ai"": [""PYPL"", ""AMZN"", ""ZM"", ""KLAC"", ""ORCL"", ""GEV"", ""NVDA"", ""AVGO"", ""MU"", ""CSCO""]}","{""ai_enabler"": {""n_filtered"": 82, ""n_input"": 680, ""n_ranked"": 82, ""priority_counts"": {""left_side_watch"": 3, ""research_now"": 4, ""theme_only"": 59, ""watch_for_pullback"": 16}}, ""ai_peripheral"": {""n_filtered"": 55, ""n_input"": 680, ""n_ranked"": 55, ""priority_counts"": {""left_side_watch"": 4, ""research_now"": 1, ""theme_only"": 50}}, ""core_ai"": {""n_filtered"": 51, ""n_input"": 680, ""n_ranked"": 51, ""priority_counts"": {""left_side_watch"": 9, ""research_now"": 2, ""theme_only"": 14, ""watch_for_pullback"": 26}}}",,union_superset_approx
base,replay_base_2026-07-31,2026-07-31T00:00:00+00:00,2026-07-31,low_value,"['ANET', 'FTNT', 'FCX', 'RTX', 'GD', 'UNP', 'STLD', 'CSCO', 'HWM', 'NUE', 'TRGP', 'LMT']",12,0.009331944301791628,up,"{""ai_enabler"": 10, ""ai_peripheral"": 9, ""core_ai"": 2}","{""ai_enabler"": [""FCX"", ""RTX"", ""GD"", ""UNP"", ""STLD"", ""CSCO"", ""HWM"", ""ANET"", ""NUE"", ""TRGP""], ""ai_peripheral"": [""LMT"", ""RTX"", ""FCX"", ""UNP"", ""GD"", ""STLD"", ""HWM"", ""NUE"", ""TRGP""], ""core_ai"": [""ANET"", ""FTNT""]}","{""ai_enabler"": {""first_fail"": {""top_count"": 141, ""top_pct"": 0.207, ""top_reason"": ""min_dollar_volume""}, ""layer_summary"": {""base_hard"": {""before"": 681, ""pass_rate"": 0.06754772393538913, ""remaining"": 46, ""removed"": 154}, ""quality_or_theme_hard"": {""before"": 158, ""pass_rate"": 0.2911392405063291, ""remaining"": 46, ""removed"": 5}, ""valuation_hard"": {""before"": 527, ""pass_rate"": 0.0967741935483871, ""remaining"": 51, ""removed"": 476}}, ""n_filtered"": 46, ""n_input"": 681, ""n_ranked"": 12, ""near_miss"": {""reasons"": [{""count"": 2, ""layer"": ""valuation_hard"", ""pct"": 0.002936857562408223, ""reason"": ""max_ps_hist_percentile""}, {""count"": 1, ""layer"": ""valuation_hard"", ""pct"": 0.0014684287812041115, ""reason"": ""min_range_position_52w""}], ""top_count"": 2, ""top_pct"": 0.002936857562408223, ""top_reason"": ""max_ps_hist_percentile""}}, ""ai_peripheral"": {""first_fail"": {""top_count"": 141, ""top_pct"": 0.207, ""top_reason"": ""min_dollar_volume""}, ""layer_summary"": {""base_hard"": {""before"": 681, ""pass_rate"": 0.039647577092511016, ""remaining"": 27, ""removed"": 178}, ""quality_or_theme_hard"": {""before"": 182, ""pass_rate"": 0.2802197802197802, ""remaining"": 51, ""removed"": 5}, ""valuation_hard"": {""before"": 527, ""pass_rate"": 0.1062618595825427, ""remaining"": 56, ""removed"": 471}}, ""n_filtered"": 27, ""n_input"": 681, ""n_ranked"": 9, ""near_miss"": {""reasons"": [{""count"": 2, ""layer"": ""valuation_hard"", ""pct"": 0.002936857562408223, ""reason"": ""max_ps_hist_percentile""}, {""count"": 1, ""layer"": ""valuation_hard"", ""pct"": 0.0014684287812041115, ""reason"": ""min_range_position_52w""}, {""count"": 1, ""layer"": ""valuation_hard"", ""pct"": 0.0014684287812041115, ""reason"": ""min_return_60d""}], ""top_count"": 2, ""top_pct"": 0.002936857562408223, ""top_reason"": ""max_ps_hist_percentile""}}, ""core_ai"": {""first_fail"": {""top_count"": 141, ""top_pct"": 0.207, ""top_reason"": ""min_dollar_volume""}, ""layer_summary"": {""base_hard"": {""before"": 681, ""pass_rate"": 0.013215859030837005, ""remaining"": 9, ""removed"": 179}, ""quality_or_theme_hard"": {""before"": 135, ""pass_rate"": 0.2518518518518518, ""remaining"": 34, ""removed"": 5}, ""valuation_hard"": {""before"": 527, ""pass_rate"": 0.07400379506641366, ""remaining"": 39, ""removed"": 488}}, ""n_filtered"": 9, ""n_input"": 681, ""n_ranked"": 2, ""near_miss"": {""reasons"": [], ""top_count"": 0, ""top_pct"": 0.0, ""top_reason"": """"}}}",,union_superset_approx
base,replay_base_2026-07-31,2026-07-31T00:00:00+00:00,2026-07-31,industry_trend,"['AMZN', 'MSFT', 'GOOGL', 'ANET', 'NVDA', 'CRM', 'CSCO', 'AVGO', 'TXN', 'AAPL', 'ETN', 'UNP', 'CSX', 'PWR', 'FCX', 'RTX', 'HWM', 'NUE', 'AMT', 'JCI']",20,0.009331944301791628,up,"{""ai_enabler"": 10, ""ai_peripheral"": 10, ""core_ai"": 10}","{""ai_enabler"": [""AMZN"", ""ANET"", ""ETN"", ""MSFT"", ""CRM"", ""CSCO"", ""UNP"", ""CSX"", ""PWR"", ""FCX""], ""ai_peripheral"": [""ETN"", ""UNP"", ""FCX"", ""CSX"", ""RTX"", ""HWM"", ""NUE"", ""AMT"", ""PWR"", ""JCI""], ""core_ai"": [""AMZN"", ""MSFT"", ""GOOGL"", ""ANET"", ""NVDA"", ""CRM"", ""CSCO"", ""AVGO"", ""TXN"", ""AAPL""]}","{""ai_enabler"": {""first_fail"": {""top_count"": 141, ""top_pct"": 0.207, ""top_reason"": ""min_dollar_volume""}, ""layer_summary"": {""base_hard"": {""before"": 681, ""pass_rate"": 0.6505139500734214, ""remaining"": 443, ""removed"": 154}, ""quality_or_theme_hard"": {""before"": 527, ""pass_rate"": 0.8406072106261859, ""remaining"": 443, ""removed"": 84}}, ""n_filtered"": 443, ""n_input"": 681, ""n_ranked"": 97, ""near_miss"": {""reasons"": [{""count"": 10, ""layer"": ""quality_or_theme_hard"", ""pct"": 0.014684287812041116, ""reason"": ""min_ai_link_score""}, {""count"": 8, ""layer"": ""valuation_hard"", ""pct"": 0.011747430249632892, ""reason"": ""trend_min_return_60d""}, {""count"": 5, ""layer"": ""valuation_hard"", ""pct"": 0.007342143906020558, ""reason"": ""max_ps_hist_percentile""}, {""count"": 4, ""layer"": ""quality_or_theme_hard"", ""pct"": 0.005873715124816446, ""reason"": ""min_current_ratio""}, {""count"": 3, ""layer"": ""quality_or_theme_hard"", ""pct"": 0.004405286343612335, ""reason"": ""min_net_income_yoy""}], ""top_count"": 10, ""top_pct"": 0.014684287812041116, ""top_reason"": ""min_ai_link_score""}}, ""ai_peripheral"": {""first_fail"": {""top_count"": 141, ""top_pct"": 0.207, ""top_reason"": ""min_dollar_volume""}, ""layer_summary"": {""base_hard"": {""before"": 681, ""pass_rate"": 0.27312775330396477, ""remaining"": 186, ""removed"": 411}, ""quality_or_theme_hard"": {""before"": 527, ""pass_rate"": 0.35294117647058826, ""remaining"": 186, ""removed"": 84}}, ""n_filtered"": 186, ""n_input"": 681, ""n_ranked"": 81, ""near_miss"": {""reasons"": [{""count"": 8, ""layer"": ""valuation_hard"", ""pct"": 0.011747430249632892, ""reason"": ""trend_min_return_60d""}, {""count"": 6, ""layer"": ""quality_or_theme_hard"", ""pct"": 0.00881057268722467, ""reason"": ""min_ai_link_score""}, {""count"": 5, ""layer"": ""valuation_hard"", ""pct"": 0.007342143906020558, ""reason"": ""max_ps_hist_percentile""}, {""count"": 4, ""layer"": ""quality_or_theme_hard"", ""pct"": 0.005873715124816446, ""reason"": ""min_current_ratio""}, {""count"": 3, ""layer"": ""quality_or_theme_hard"", ""pct"": 0.004405286343612335, ""reason"": ""min_net_income_yoy""}], ""top_count"": 8, ""top_pct"": 0.011747430249632892, ""top_reason"": ""trend_min_return_60d""}}, ""core_ai"": {""first_fail"": {""top_count"": 141, ""top_pct"": 0.207, ""top_reason"": ""min_dollar_volume""}, ""layer_summary"": {""base_hard"": {""before"": 681, ""pass_rate"": 0.19236417033773862, ""remaining"": 131, ""removed"": 466}, ""quality_or_theme_hard"": {""before"": 527, ""pass_rate"": 0.24857685009487665, ""remaining"": 131, ""removed"": 84}}, ""n_filtered"": 131, ""n_input"": 681, ""n_ranked"": 29, ""near_miss"": {""reasons"": [{""count"": 3, ""layer"": ""quality_or_theme_hard"", ""pct"": 0.004405286343612335, ""reason"": ""min_ai_link_score""}, {""count"": 2, ""layer"": ""valuation_hard"", ""pct"": 0.002936857562408223, ""reason"": ""trend_min_return_60d""}, {""count"": 1, ""layer"": ""quality_or_theme_hard"", ""pct"": 0.0014684287812041115, ""reason"": ""min_fcf_yield""}, {""count"": 1, ""layer"": ""valuation_hard"", ""pct"": 0.0014684287812041115, ""reason"": ""max_ps_percentile_in_sic""}, {""count"": 1, ""layer"": ""valuation_hard"", ""pct"": 0.0014684287812041115, ""reason"": ""trend_max_60d_volatility""}], ""top_count"": 3, ""top_pct"": 0.004405286343612335, ""top_reason"": ""min_ai_link_score""}}}",,union_superset_approx
base,replay_base_2026-07-31,2026-07-31T00:00:00+00:00,2026-07-31,momentum,"['AMZN', 'MSFT', 'CRM', 'ANET', 'CSCO', 'GOOGL', 'NVDA', 'AVGO', 'TXN', 'CEG', 'NUE', 'WDAY', 'ETN', 'UNP', 'CSX', 'PYPL', 'RTX', 'HWM', 'FCX', 'AMT', 'STLD']",21,0.009331944301791628,up,"{""ai_enabler"": 10, ""ai_peripheral"": 10, ""core_ai"": 10}","{""ai_enabler"": [""AMZN"", ""ANET"", ""CRM"", ""MSFT"", ""NUE"", ""WDAY"", ""ETN"", ""UNP"", ""CSX"", ""CSCO""], ""ai_peripheral"": [""NUE"", ""PYPL"", ""ETN"", ""RTX"", ""HWM"", ""UNP"", ""FCX"", ""AMT"", ""CSX"", ""STLD""], ""core_ai"": [""AMZN"", ""MSFT"", ""CRM"", ""ANET"", ""CSCO"", ""GOOGL"", ""NVDA"", ""AVGO"", ""TXN"", ""CEG""]}","{""ai_enabler"": {""first_fail"": {""top_count"": 141, ""top_pct"": 0.207, ""top_reason"": ""min_dollar_volume""}, ""layer_summary"": {""base_hard"": {""before"": 681, ""pass_rate"": 0.6505139500734214, ""remaining"": 443, ""removed"": 154}, ""quality_or_theme_hard"": {""before"": 527, ""pass_rate"": 0.8406072106261859, ""remaining"": 443, ""removed"": 84}}, ""n_filtered"": 443, ""n_input"": 681, ""n_ranked"": 97, ""near_miss"": {""reasons"": [{""count"": 1, ""layer"": ""valuation_hard"", ""pct"": 0.0014684287812041115, ""reason"": ""max_ps_percentile_in_sic""}, {""count"": 1, ""layer"": ""valuation_hard"", ""pct"": 0.0014684287812041115, ""reason"": ""momentum_min_return_60d""}, {""count"": 1, ""layer"": ""valuation_hard"", ""pct"": 0.0014684287812041115, ""reason"": ""max_ps_hist_percentile""}, {""count"": 1, ""layer"": ""quality_or_theme_hard"", ""pct"": 0.0014684287812041115, ""reason"": ""min_ai_link_score""}], ""top_count"": 1, ""top_pct"": 0.0014684287812041115, ""top_reason"": ""max_ps_percentile_in_sic""}}, ""ai_peripheral"": {""first_fail"": {""top_count"": 141, ""top_pct"": 0.207, ""top_reason"": ""min_dollar_volume""}, ""layer_summary"": {""base_hard"": {""before"": 681, ""pass_rate"": 0.27312775330396477, ""remaining"": 186, ""removed"": 411}, ""quality_or_theme_hard"": {""before"": 527, ""pass_rate"": 0.35294117647058826, ""remaining"": 186, ""removed"": 84}}, ""n_filtered"": 186, ""n_input"": 681, ""n_ranked"": 81, ""near_miss"": {""reasons"": [{""count"": 4, ""layer"": ""valuation_hard"", ""pct"": 0.005873715124816446, ""reason"": ""momentum_min_return_60d""}, {""count"": 2, ""layer"": ""base_hard"", ""pct"": 0.002936857562408223, ""reason"": ""momentum_min_avg_dollar_volume_20d""}, {""count"": 1, ""layer"": ""valuation_hard"", ""pct"": 0.0014684287812041115, ""reason"": ""max_ps_hist_percentile""}], ""top_count"": 4, ""top_pct"": 0.005873715124816446, ""top_reason"": ""momentum_min_return_60d""}}, ""core_ai"": {""first_fail"": {""top_count"": 141, ""top_pct"": 0.207, ""top_reason"": ""min_dollar_volume""}, ""layer_summary"": {""base_hard"": {""before"": 681, ""pass_rate"": 0.19236417033773862, ""remaining"": 131, ""removed"": 466}, ""quality_or_theme_hard"": {""before"": 527, ""pass_rate"": 0.24857685009487665, ""remaining"": 131, ""removed"": 84}}, ""n_filtered"": 131, ""n_input"": 681, ""n_ranked"": 29, ""near_miss"": {""reasons"": [{""count"": 1, ""layer"": ""valuation_hard"", ""pct"": 0.0014684287812041115, ""reason"": ""max_ps_percentile_in_sic""}, {""count"": 1, ""layer"": ""base_hard"", ""pct"": 0.0014684287812041115, ""reason"": ""channel_bucket_match""}, {""count"": 1, ""layer"": ""quality_or_theme_hard"", ""pct"": 0.0014684287812041115, ""reason"": ""min_ai_link_score""}], ""top_count"": 1, ""top_pct"": 0.0014684287812041115, ""top_reason"": ""max_ps_percentile_in_sic""}}}",,union_superset_approx
base,replay_base_2026-07-31,2026-07-31T00:00:00+00:00,2026-07-31,research_pool,"['LMT', 'NOC', 'EME', 'NUE', 'STLD', 'UNP', 'TRGP', 'CHKP', 'RTX', 'QLYS', 'FCX', 'VLO', 'IESC', 'NEM', 'FIS', 'KEX', 'GXO', 'JKHY', 'SHW', 'MOS', 'CRM', 'KLAC', 'SMCI', 'DIS', 'ZM', 'MSFT', 'GOOG', 'GOOGL', 'CEG', 'NVDA']",30,0.009331944301791628,up,"{""ai_enabler"": 10, ""ai_peripheral"": 10, ""core_ai"": 10}","{""ai_enabler"": [""LMT"", ""NOC"", ""EME"", ""NUE"", ""STLD"", ""UNP"", ""TRGP"", ""CHKP"", ""RTX"", ""QLYS""], ""ai_peripheral"": [""FCX"", ""VLO"", ""IESC"", ""NEM"", ""FIS"", ""KEX"", ""GXO"", ""JKHY"", ""SHW"", ""MOS""], ""core_ai"": [""CRM"", ""KLAC"", ""SMCI"", ""DIS"", ""ZM"", ""MSFT"", ""GOOG"", ""GOOGL"", ""CEG"", ""NVDA""]}","{""ai_enabler"": {""n_filtered"": 78, ""n_input"": 681, ""n_ranked"": 78, ""priority_counts"": {""left_side_watch"": 3, ""research_now"": 7, ""theme_only"": 54, ""watch_for_pullback"": 14}}, ""ai_peripheral"": {""n_filtered"": 51, ""n_input"": 681, ""n_ranked"": 51, ""priority_counts"": {""research_now"": 1, ""theme_only"": 50}}, ""core_ai"": {""n_filtered"": 48, ""n_input"": 681, ""n_ranked"": 48, ""priority_counts"": {""left_side_watch"": 4, ""research_now"": 4, ""theme_only"": 15, ""watch_for_pullback"": 25}}}",,union_superset_approx
base,replay_base_2026-08-31,2026-08-31T00:00:00+00:00,2026-08-31,low_value,"['CRM', 'ANET', 'MSFT', 'NTNX', 'FTNT', 'PANW', 'UNP', 'FCX', 'ATI', 'QLYS']",10,-0.03215395003376087,down,"{""ai_enabler"": 9, ""ai_peripheral"": 3, ""core_ai"": 6}","{""ai_enabler"": [""CRM"", ""UNP"", ""FCX"", ""ANET"", ""ATI"", ""MSFT"", ""QLYS"", ""FTNT"", ""PANW""], ""ai_peripheral"": [""FCX"", ""UNP"", ""ATI""], ""core_ai"": [""CRM"", ""ANET"", ""MSFT"", ""NTNX"", ""FTNT"", ""PANW""]}","{""ai_enabler"": {""first_fail"": {""top_count"": 162, ""top_pct"": 0.2379, ""top_reason"": ""min_dollar_volume""}, ""layer_summary"": {""base_hard"": {""before"": 681, ""pass_rate"": 0.11013215859030837, ""remaining"": 75, ""removed"": 169}, ""quality_or_theme_hard"": {""before"": 158, ""pass_rate"": 0.47468354430379744, ""remaining"": 75, ""removed"": 9}, ""valuation_hard"": {""before"": 512, ""pass_rate"": 0.1640625, ""remaining"": 84, ""removed"": 428}}, ""n_filtered"": 75, ""n_input"": 681, ""n_ranked"": 9, ""near_miss"": {""reasons"": [], ""top_count"": 0, ""top_pct"": 0.0, ""top_reason"": """"}}, ""ai_peripheral"": {""first_fail"": {""top_count"": 162, ""top_pct"": 0.2379, ""top_reason"": ""min_dollar_volume""}, ""layer_summary"": {""base_hard"": {""before"": 681, ""pass_rate"": 0.04405286343612335, ""remaining"": 30, ""removed"": 226}, ""quality_or_theme_hard"": {""before"": 188, ""pass_rate"": 0.4627659574468085, ""remaining"": 87, ""removed"": 9}, ""valuation_hard"": {""before"": 512, ""pass_rate"": 0.1875, ""remaining"": 96, ""removed"": 416}}, ""n_filtered"": 30, ""n_input"": 681, ""n_ranked"": 3, ""near_miss"": {""reasons"": [{""count"": 2, ""layer"": ""valuation_hard"", ""pct"": 0.002936857562408223, ""reason"": ""max_ps_hist_percentile""}, {""count"": 1, ""layer"": ""valuation_hard"", ""pct"": 0.0014684287812041115, ""reason"": ""min_return_20d""}], ""top_count"": 2, ""top_pct"": 0.002936857562408223, ""top_reason"": ""max_ps_hist_percentile""}}, ""core_ai"": {""first_fail"": {""top_count"": 162, ""top_pct"": 0.2379, ""top_reason"": ""min_dollar_volume""}, ""layer_summary"": {""base_hard"": {""before"": 681, ""pass_rate"": 0.030837004405286344, ""remaining"": 21, ""removed"": 217}, ""quality_or_theme_hard"": {""before"": 133, ""pass_rate"": 0.518796992481203, ""remaining"": 69, ""removed"": 8}, ""valuation_hard"": {""before"": 512, ""pass_rate"": 0.150390625, ""remaining"": 77, ""removed"": 435}}, ""n_filtered"": 21, ""n_input"": 681, ""n_ranked"": 6, ""near_miss"": {""reasons"": [], ""top_count"": 0, ""top_pct"": 0.0, ""top_reason"": """"}}}",,union_superset_approx
base,replay_base_2026-08-31,2026-08-31T00:00:00+00:00,2026-08-31,industry_trend,"['CRM', 'MU', 'MSFT', 'TSLA', 'NVDA', 'AMZN', 'NFLX', 'GOOGL', 'DE', 'ANET', 'FCX', 'UNP', 'WDAY', 'OKE', 'ATI', 'CSX', 'KMI', 'WMB', 'UBER', 'CAT']",20,-0.03215395003376087,down,"{""ai_enabler"": 10, ""ai_peripheral"": 10, ""core_ai"": 10}","{""ai_enabler"": [""CRM"", ""MU"", ""FCX"", ""NFLX"", ""DE"", ""TSLA"", ""UNP"", ""ANET"", ""WDAY"", ""MSFT""], ""ai_peripheral"": [""FCX"", ""DE"", ""UNP"", ""OKE"", ""ATI"", ""CSX"", ""KMI"", ""WMB"", ""UBER"", ""CAT""], ""core_ai"": [""CRM"", ""MU"", ""MSFT"", ""TSLA"", ""NVDA"", ""AMZN"", ""NFLX"", ""GOOGL"", ""DE"", ""ANET""]}","{""ai_enabler"": {""first_fail"": {""top_count"": 162, ""top_pct"": 0.2379, ""top_reason"": ""min_dollar_volume""}, ""layer_summary"": {""base_hard"": {""before"": 681, ""pass_rate"": 0.6358296622613803, ""remaining"": 433, ""removed"": 169}, ""quality_or_theme_hard"": {""before"": 512, ""pass_rate"": 0.845703125, ""remaining"": 433, ""removed"": 79}}, ""n_filtered"": 433, ""n_input"": 681, ""n_ranked"": 95, ""near_miss"": {""reasons"": [{""count"": 11, ""layer"": ""quality_or_theme_hard"", ""pct"": 0.016152716593245228, ""reason"": ""min_ai_link_score""}, {""count"": 10, ""layer"": ""valuation_hard"", ""pct"": 0.014684287812041116, ""reason"": ""trend_min_return_60d""}, {""count"": 5, ""layer"": ""quality_or_theme_hard"", ""pct"": 0.007342143906020558, ""reason"": ""min_current_ratio""}, {""count"": 3, ""layer"": ""valuation_hard"", ""pct"": 0.004405286343612335, ""reason"": ""max_ps_hist_percentile""}, {""count"": 2, ""layer"": ""base_hard"", ""pct"": 0.002936857562408223, ""reason"": ""trend_min_avg_dollar_volume_20d""}], ""top_count"": 11, ""top_pct"": 0.016152716593245228, ""top_reason"": ""min_ai_link_score""}}, ""ai_peripheral"": {""first_fail"": {""top_count"": 162, ""top_pct"": 0.2379, ""top_reason"": ""min_dollar_volume""}, ""layer_summary"": {""base_hard"": {""before"": 681, ""pass_rate"": 0.2643171806167401, ""remaining"": 180, ""removed"": 422}, ""quality_or_theme_hard"": {""before"": 512, ""pass_rate"": 0.3515625, ""remaining"": 180, ""removed"": 79}}, ""n_filtered"": 180, ""n_input"": 681, ""n_ranked"": 78, ""near_miss"": {""reasons"": [{""count"": 9, ""layer"": ""quality_or_theme_hard"", ""pct"": 0.013215859030837005, ""reason"": ""min_ai_link_score""}, {""count"": 7, ""layer"": ""valuation_hard"", ""pct"": 0.010279001468428781, ""reason"": ""trend_min_return_60d""}, {""count"": 6, ""layer"": ""quality_or_theme_hard"", ""pct"": 0.00881057268722467, ""reason"": ""min_current_ratio""}, {""count"": 4, ""layer"": ""valuation_hard"", ""pct"": 0.005873715124816446, ""reason"": ""max_ps_hist_percentile""}, {""count"": 3, ""layer"": ""base_hard"", ""pct"": 0.004405286343612335, ""reason"": ""trend_min_avg_dollar_volume_20d""}], ""top_count"": 9, ""top_pct"": 0.013215859030837005, ""top_reason"": ""min_ai_link_score""}}, ""core_ai"": {""first_fail"": {""top_count"": 162, ""top_pct"": 0.2379, ""top_reason"": ""min_dollar_volume""}, ""layer_summary"": {""base_hard"": {""before"": 681, ""pass_rate"": 0.19236417033773862, ""remaining"": 131, ""removed"": 471}, ""quality_or_theme_hard"": {""before"": 512, ""pass_rate"": 0.255859375, ""remaining"": 131, ""removed"": 79}}, ""n_filtered"": 131, ""n_input"": 681, ""n_ranked"": 29, ""near_miss"": {""reasons"": [{""count"": 5, ""layer"": ""quality_or_theme_hard"", ""pct"": 0.007342143906020558, ""reason"": ""min_ai_link_score""}, {""count"": 3, ""layer"": ""valuation_hard"", ""pct"": 0.004405286343612335, ""reason"": ""trend_min_return_60d""}, {""count"": 1, ""layer"": ""quality_or_theme_hard"", ""pct"": 0.0014684287812041115, ""reason"": ""min_fcf_yield""}, {""count"": 1, ""layer"": ""valuation_hard"", ""pct"": 0.0014684287812041115, ""reason"": ""max_ps_percentile_in_sic""}, {""count"": 1, ""layer"": ""base_hard"", ""pct"": 0.0014684287812041115, ""reason"": ""channel_bucket_match""}], ""top_count"": 5, ""top_pct"": 0.007342143906020558, ""top_reason"": ""min_ai_link_score""}}}",,union_superset_approx
base,replay_base_2026-08-31,2026-08-31T00:00:00+00:00,2026-08-31,momentum,"['CRM', 'MU', 'TSLA', 'PLTR', 'ZS', 'NFLX', 'NVDA', 'ANET', 'SNDK', 'DE', 'FCX', 'WDAY', 'QCOM', 'OKE', 'UNP', 'ATI', 'WMB', 'ACN', 'UBER', 'KMI', 'SBAC']",21,-0.03215395003376087,down,"{""ai_enabler"": 10, ""ai_peripheral"": 10, ""core_ai"": 10}","{""ai_enabler"": [""CRM"", ""MU"", ""FCX"", ""ZS"", ""NFLX"", ""TSLA"", ""WDAY"", ""DE"", ""ANET"", ""QCOM""], ""ai_peripheral"": [""FCX"", ""DE"", ""OKE"", ""UNP"", ""ATI"", ""WMB"", ""ACN"", ""UBER"", ""KMI"", ""SBAC""], ""core_ai"": [""CRM"", ""MU"", ""TSLA"", ""PLTR"", ""ZS"", ""NFLX"", ""NVDA"", ""ANET"", ""SNDK"", ""DE""]}","{""ai_enabler"": {""first_fail"": {""top_count"": 162, ""top_pct"": 0.2379, ""top_reason"": ""min_dollar_volume""}, ""layer_summary"": {""base_hard"": {""before"": 681, ""pass_rate"": 0.6358296622613803, ""remaining"": 433, ""removed"": 169}, ""quality_or_theme_hard"": {""before"": 512, ""pass_rate"": 0.845703125, ""remaining"": 433, ""removed"": 79}}, ""n_filtered"": 433, ""n_input"": 681, ""n_ranked"": 95, ""near_miss"": {""reasons"": [{""count"": 2, ""layer"": ""valuation_hard"", ""pct"": 0.002936857562408223, ""reason"": ""momentum_min_return_20d""}, {""count"": 2, ""layer"": ""quality_or_theme_hard"", ""pct"": 0.002936857562408223, ""reason"": ""min_current_ratio""}, {""count"": 1, ""layer"": ""valuation_hard"", ""pct"": 0.0014684287812041115, ""reason"": ""max_ps_percentile_in_sic""}, {""count"": 1, ""layer"": ""valuation_hard"", ""pct"": 0.0014684287812041115, ""reason"": ""max_ps_hist_percentile""}, {""count"": 1, ""layer"": ""quality_or_theme_hard"", ""pct"": 0.0014684287812041115, ""reason"": ""min_ai_link_score""}], ""top_count"": 2, ""top_pct"": 0.002936857562408223, ""top_reason"": ""momentum_min_return_20d""}}, ""ai_peripheral"": {""first_fail"": {""top_count"": 162, ""top_pct"": 0.2379, ""top_reason"": ""min_dollar_volume""}, ""layer_summary"": {""base_hard"": {""before"": 681, ""pass_rate"": 0.2643171806167401, ""remaining"": 180, ""removed"": 422}, ""quality_or_theme_hard"": {""before"": 512, ""pass_rate"": 0.3515625, ""remaining"": 180, ""removed"": 79}}, ""n_filtered"": 180, ""n_input"": 681, ""n_ranked"": 78, ""near_miss"": {""reasons"": [{""count"": 2, ""layer"": ""valuation_hard"", ""pct"": 0.002936857562408223, ""reason"": ""momentum_min_return_20d""}, {""count"": 2, ""layer"": ""valuation_hard"", ""pct"": 0.002936857562408223, ""reason"": ""max_ps_hist_percentile""}], ""top_count"": 2, ""top_pct"": 0.002936857562408223, ""top_reason"": ""momentum_min_return_20d""}}, ""core_ai"": {""first_fail"": {""top_count"": 162, ""top_pct"": 0.2379, ""top_reason"": ""min_dollar_volume""}, ""layer_summary"": {""base_hard"": {""before"": 681, ""pass_rate"": 0.19236417033773862, ""remaining"": 131, ""removed"": 471}, ""quality_or_theme_hard"": {""before"": 512, ""pass_rate"": 0.255859375, ""remaining"": 131, ""removed"": 79}}, ""n_filtered"": 131, ""n_input"": 681, ""n_ranked"": 29, ""near_miss"": {""reasons"": [{""count"": 1, ""layer"": ""valuation_hard"", ""pct"": 0.0014684287812041115, ""reason"": ""max_ps_percentile_in_sic""}, {""count"": 1, ""layer"": ""quality_or_theme_hard"", ""pct"": 0.0014684287812041115, ""reason"": ""min_current_ratio""}], ""top_count"": 1, ""top_pct"": 0.0014684287812041115, ""top_reason"": ""max_ps_percentile_in_sic""}}}",,union_superset_approx
base,replay_base_2026-08-31,2026-08-31T00:00:00+00:00,2026-08-31,research_pool,"['CRH', 'LMT', 'CHKP', 'NOC', 'NUE', 'UNP', 'STLD', 'VMC', 'VRT', 'RTX', 'FCX', 'IESC', 'GXO', 'TDG', 'MPC', 'CF', 'PSX', 'LYFT', 'VLO', 'NEM', 'CRM', 'NFLX', 'PYPL', 'LHX', 'ORCL', 'ZM', 'MSFT', 'CEG', 'ADI', 'MU']",30,-0.03215395003376087,down,"{""ai_enabler"": 10, ""ai_peripheral"": 10, ""core_ai"": 10}","{""ai_enabler"": [""CRH"", ""LMT"", ""CHKP"", ""NOC"", ""NUE"", ""UNP"", ""STLD"", ""VMC"", ""VRT"", ""RTX""], ""ai_peripheral"": [""FCX"", ""IESC"", ""GXO"", ""TDG"", ""MPC"", ""CF"", ""PSX"", ""LYFT"", ""VLO"", ""NEM""], ""core_ai"": [""CRM"", ""NFLX"", ""PYPL"", ""LHX"", ""ORCL"", ""ZM"", ""MSFT"", ""CEG"", ""ADI"", ""MU""]}","{""ai_enabler"": {""n_filtered"": 80, ""n_input"": 681, ""n_ranked"": 80, ""priority_counts"": {""left_side_watch"": 1, ""research_now"": 7, ""theme_only"": 59, ""watch_for_pullback"": 13}}, ""ai_peripheral"": {""n_filtered"": 59, ""n_input"": 681, ""n_ranked"": 59, ""priority_counts"": {""left_side_watch"": 3, ""research_now"": 1, ""theme_only"": 55}}, ""core_ai"": {""n_filtered"": 53, ""n_input"": 681, ""n_ranked"": 53, ""priority_counts"": {""left_side_watch"": 5, ""research_now"": 4, ""theme_only"": 17, ""watch_for_pullback"": 27}}}",,union_superset_approx
base,replay_base_2026-09-30,2026-09-30T00:00:00+00:00,2026-09-30,low_value,"['MU', 'ANET', 'NVDA', 'NTNX', 'META', 'TER', 'AMD', 'PLTR', 'PANW', 'ADI', 'JCI', 'ETN', 'MSFT', 'QLYS']",14,0.042326774539098944,up,"{""ai_enabler"": 10, ""ai_peripheral"": 2, ""core_ai"": 9}","{""ai_enabler"": [""MU"", ""ADI"", ""JCI"", ""ANET"", ""NVDA"", ""NTNX"", ""ETN"", ""MSFT"", ""QLYS"", ""TER""], ""ai_peripheral"": [""ETN"", ""JCI""], ""core_ai"": [""MU"", ""ANET"", ""NVDA"", ""NTNX"", ""META"", ""TER"", ""AMD"", ""PLTR"", ""PANW""]}","{""ai_enabler"": {""first_fail"": {""top_count"": 151, ""top_pct"": 0.2217, ""top_reason"": ""min_range_position_52w""}, ""layer_summary"": {""base_hard"": {""before"": 681, ""pass_rate"": 0.0881057268722467, ""remaining"": 60, ""removed"": 152}, ""quality_or_theme_hard"": {""before"": 137, ""pass_rate"": 0.43795620437956206, ""remaining"": 60, ""removed"": 6}, ""valuation_hard"": {""before"": 529, ""pass_rate"": 0.12476370510396975, ""remaining"": 66, ""removed"": 463}}, ""n_filtered"": 60, ""n_input"": 681, ""n_ranked"": 10, ""near_miss"": {""reasons"": [{""count"": 1, ""layer"": ""valuation_hard"", ""pct"": 0.0014684287812041115, ""reason"": ""min_drawdown_percentile""}], ""top_count"": 1, ""top_pct"": 0.0014684287812041115, ""top_reason"": ""min_drawdown_percentile""}}, ""ai_peripheral"": {""first_fail"": {""top_count"": 144, ""top_pct"": 0.2115, ""top_reason"": ""min_dollar_volume""}, ""layer_summary"": {""base_hard"": {""before"": 681, ""pass_rate"": 0.010279001468428781, ""remaining"": 7, ""removed"": 212}, ""quality_or_theme_hard"": {""before"": 162, ""pass_rate"": 0.41358024691358025, ""remaining"": 67, ""removed"": 7}, ""valuation_hard"": {""before"": 529, ""pass_rate"": 0.13988657844990549, ""remaining"": 74, ""removed"": 455}}, ""n_filtered"": 7, ""n_input"": 681, ""n_ranked"": 2, ""near_miss"": {""reasons"": [{""count"": 1, ""layer"": ""valuation_hard"", ""pct"": 0.0014684287812041115, ""reason"": ""min_return_60d""}, {""count"": 1, ""layer"": ""valuation_hard"", ""pct"": 0.0014684287812041115, ""reason"": ""max_ps_hist_percentile""}, {""count"": 1, ""layer"": ""base_hard"", ""pct"": 0.0014684287812041115, ""reason"": ""channel_bucket_match""}], ""top_count"": 1, ""top_pct"": 0.0014684287812041115, ""top_reason"": ""min_return_60d""}}, ""core_ai"": {""first_fail"": {""top_count"": 144, ""top_pct"": 0.2115, ""top_reason"": ""min_dollar_volume""}, ""layer_summary"": {""base_hard"": {""before"": 681, ""pass_rate"": 0.04405286343612335, ""remaining"": 30, ""removed"": 175}, ""quality_or_theme_hard"": {""before"": 112, ""pass_rate"": 0.4732142857142857, ""remaining"": 53, ""removed"": 5}, ""valuation_hard"": {""before"": 529, ""pass_rate"": 0.10964083175803403, ""remaining"": 58, ""removed"": 471}}, ""n_filtered"": 30, ""n_input"": 681, ""n_ranked"": 9, ""near_miss"": {""reasons"": [], ""top_count"": 0, ""top_pct"": 0.0, ""top_reason"": """"}}}",,snapshot:ai_watchlist_20260929T062841Z.csv@2026-09-29
base,replay_base_2026-09-30,2026-09-30T00:00:00+00:00,2026-09-30,industry_trend,"['MU', 'META', 'GOOGL', 'AMZN', 'LRCX', 'MSFT', 'NVDA', 'ANET', 'AMD', 'CSCO', 'ADI', 'TXN', 'GOOG', 'ETN', 'CAT', 'PWR', 'GEV', 'DE', 'FCX', 'EMR', 'CSX', 'UNP', 'PH']",23,0.042326774539098944,up,"{""ai_enabler"": 10, ""ai_peripheral"": 10, ""core_ai"": 10}","{""ai_enabler"": [""LRCX"", ""MU"", ""META"", ""ANET"", ""ADI"", ""TXN"", ""AMZN"", ""GOOG"", ""ETN"", ""GOOGL""], ""ai_peripheral"": [""ETN"", ""CAT"", ""PWR"", ""GEV"", ""DE"", ""FCX"", ""EMR"", ""CSX"", ""UNP"", ""PH""], ""core_ai"": [""MU"", ""META"", ""GOOGL"", ""AMZN"", ""LRCX"", ""MSFT"", ""NVDA"", ""ANET"", ""AMD"", ""CSCO""]}","{""ai_enabler"": {""first_fail"": {""top_count"": 144, ""top_pct"": 0.2115, ""top_reason"": ""min_dollar_volume""}, ""layer_summary"": {""base_hard"": {""before"": 681, ""pass_rate"": 0.6123348017621145, ""remaining"": 417, ""removed"": 152}, ""quality_or_theme_hard"": {""before"": 529, ""pass_rate"": 0.7882797731568998, ""remaining"": 417, ""removed"": 112}}, ""n_filtered"": 417, ""n_input"": 681, ""n_ranked"": 92, ""near_miss"": {""reasons"": [{""count"": 12, ""layer"": ""quality_or_theme_hard"", ""pct"": 0.01762114537444934, ""reason"": ""min_ai_link_score""}, {""count"": 11, ""layer"": ""valuation_hard"", ""pct"": 0.016152716593245228, ""reason"": ""trend_min_return_60d""}, {""count"": 4, ""layer"": ""quality_or_theme_hard"", ""pct"": 0.005873715124816446, ""reason"": ""min_current_ratio""}, {""count"": 3, ""layer"": ""base_hard"", ""pct"": 0.004405286343612335, ""reason"": ""trend_min_avg_dollar_volume_20d""}, {""count"": 3, ""layer"": ""valuation_hard"", ""pct"": 0.004405286343612335, ""reason"": ""max_ps_hist_percentile""}], ""top_count"": 12, ""top_pct"": 0.01762114537444934, ""top_reason"": ""min_ai_link_score""}}, ""ai_peripheral"": {""first_fail"": {""top_count"": 144, ""top_pct"": 0.2115, ""top_reason"": ""min_dollar_volume""}, ""layer_summary"": {""base_hard"": {""before"": 681, ""pass_rate"": 0.25844346549192365, ""remaining"": 176, ""removed"": 393}, ""quality_or_theme_hard"": {""before"": 529, ""pass_rate"": 0.332703213610586, ""remaining"": 176, ""removed"": 112}}, ""n_filtered"": 176, ""n_input"": 681, ""n_ranked"": 76, ""near_miss"": {""reasons"": [{""count"": 10, ""layer"": ""valuation_hard"", ""pct"": 0.014684287812041116, ""reason"": ""trend_min_return_60d""}, {""count"": 5, ""layer"": ""base_hard"", ""pct"": 0.007342143906020558, ""reason"": ""channel_bucket_match""}, {""count"": 3, ""layer"": ""quality_or_theme_hard"", ""pct"": 0.004405286343612335, ""reason"": ""max_ev_to_ebit""}, {""count"": 3, ""layer"": ""quality_or_theme_hard"", ""pct"": 0.004405286343612335, ""reason"": ""min_current_ratio""}, {""count"": 3, ""layer"": ""valuation_hard"", ""pct"": 0.004405286343612335, ""reason"": ""max_ps_hist_percentile""}], ""top_count"": 10, ""top_pct"": 0.014684287812041116, ""top_reason"": ""trend_min_return_60d""}}, ""core_ai"": {""first_fail"": {""top_count"": 144, ""top_pct"": 0.2115, ""top_reason"": ""min_dollar_volume""}, ""layer_summary"": {""base_hard"": {""before"": 681, ""pass_rate"": 0.18795888399412627, ""remaining"": 128, ""removed"": 441}, ""quality_or_theme_hard"": {""before"": 529, ""pass_rate"": 0.24196597353497165, ""remaining"": 128, ""removed"": 112}}, ""n_filtered"": 128, ""n_input"": 681, ""n_ranked"": 29, ""near_miss"": {""reasons"": [{""count"": 3, ""layer"": ""quality_or_theme_hard"", ""pct"": 0.004405286343612335, ""reason"": ""min_ai_link_score""}, {""count"": 2, ""layer"": ""valuation_hard"", ""pct"": 0.002936857562408223, ""reason"": ""trend_min_return_60d""}, {""count"": 1, ""layer"": ""quality_or_theme_hard"", ""pct"": 0.0014684287812041115, ""reason"": ""min_net_income_yoy""}, {""count"": 1, ""layer"": ""quality_or_theme_hard"", ""pct"": 0.0014684287812041115, ""reason"": ""min_fcf_yield""}, {""count"": 1, ""layer"": ""quality_or_theme_hard"", ""pct"": 0.0014684287812041115, ""reason"": ""max_ev_to_ebit""}], ""top_count"": 3, ""top_pct"": 0.004405286343612335, ""top_reason"": ""min_ai_link_score""}}}",,snapshot:ai_watchlist_20260929T062841Z.csv@2026-09-29
base,replay_base_2026-09-30,2026-09-30T00:00:00+00:00,2026-09-30,momentum,"['MU', 'META', 'LRCX', 'AMD', 'INTC', 'GOOGL', 'ANET', 'TER', 'AMZN', 'MSFT', 'AMAT', 'TXN', 'ETN', 'NET', 'ZS', 'CAT', 'GEV', 'PWR', 'JCI', 'EMR', 'EME', 'FCX', 'VST', 'PH']",24,0.042326774539098944,up,"{""ai_enabler"": 10, ""ai_peripheral"": 10, ""core_ai"": 10}","{""ai_enabler"": [""MU"", ""LRCX"", ""META"", ""AMAT"", ""TXN"", ""ANET"", ""TER"", ""ETN"", ""NET"", ""ZS""], ""ai_peripheral"": [""CAT"", ""ETN"", ""GEV"", ""PWR"", ""JCI"", ""EMR"", ""EME"", ""FCX"", ""VST"", ""PH""], ""core_ai"": [""MU"", ""META"", ""LRCX"", ""AMD"", ""INTC"", ""GOOGL"", ""ANET"", ""TER"", ""AMZN"", ""MSFT""]}","{""ai_enabler"": {""first_fail"": {""top_count"": 144, ""top_pct"": 0.2115, ""top_reason"": ""min_dollar_volume""}, ""layer_summary"": {""base_hard"": {""before"": 681, ""pass_rate"": 0.6123348017621145, ""remaining"": 417, ""removed"": 152}, ""quality_or_theme_hard"": {""before"": 529, ""pass_rate"": 0.7882797731568998, ""remaining"": 417, ""removed"": 112}}, ""n_filtered"": 417, ""n_input"": 681, ""n_ranked"": 92, ""near_miss"": {""reasons"": [{""count"": 4, ""layer"": ""valuation_hard"", ""pct"": 0.005873715124816446, ""reason"": ""momentum_min_return_60d""}, {""count"": 2, ""layer"": ""valuation_hard"", ""pct"": 0.002936857562408223, ""reason"": ""momentum_min_return_20d""}, {""count"": 1, ""layer"": ""valuation_hard"", ""pct"": 0.0014684287812041115, ""reason"": ""max_ps_percentile_in_sic""}, {""count"": 1, ""layer"": ""valuation_hard"", ""pct"": 0.0014684287812041115, ""reason"": ""max_pe_percentile_in_sic""}], ""top_count"": 4, ""top_pct"": 0.005873715124816446, ""top_reason"": ""momentum_min_return_60d""}}, ""ai_peripheral"": {""first_fail"": {""top_count"": 144, ""top_pct"": 0.2115, ""top_reason"": ""min_dollar_volume""}, ""layer_summary"": {""base_hard"": {""before"": 681, ""pass_rate"": 0.25844346549192365, ""remaining"": 176, ""removed"": 393}, ""quality_or_theme_hard"": {""before"": 529, ""pass_rate"": 0.332703213610586, ""remaining"": 176, ""removed"": 112}}, ""n_filtered"": 176, ""n_input"": 681, ""n_ranked"": 76, ""near_miss"": {""reasons"": [{""count"": 1, ""layer"": ""valuation_hard"", ""pct"": 0.0014684287812041115, ""reason"": ""momentum_min_return_20d""}, {""count"": 1, ""layer"": ""valuation_hard"", ""pct"": 0.0014684287812041115, ""reason"": ""momentum_min_return_60d""}], ""top_count"": 1, ""top_pct"": 0.0014684287812041115, ""top_reason"": ""momentum_min_return_20d""}}, ""core_ai"": {""first_fail"": {""top_count"": 144, ""top_pct"": 0.2115, ""top_reason"": ""min_dollar_volume""}, ""layer_summary"": {""base_hard"": {""before"": 681, ""pass_rate"": 0.18795888399412627, ""remaining"": 128, ""removed"": 441}, ""quality_or_theme_hard"": {""before"": 529, ""pass_rate"": 0.24196597353497165, ""remaining"": 128, ""removed"": 112}}, ""n_filtered"": 128, ""n_input"": 681, ""n_ranked"": 29, ""near_miss"": {""reasons"": [{""count"": 1, ""layer"": ""valuation_hard"", ""pct"": 0.0014684287812041115, ""reason"": ""momentum_min_return_60d""}], ""top_count"": 1, ""top_pct"": 0.0014684287812041115, ""top_reason"": ""momentum_min_return_60d""}}}",,snapshot:ai_watchlist_20260929T062841Z.csv@2026-09-29
base,replay_base_2026-09-30,2026-09-30T00:00:00+00:00,2026-09-30,research_pool,"['CHKP', 'EME', 'NUE', 'STLD', 'TRGP', 'EQIX', 'QLYS', 'HWM', 'PWR', 'OKTA', 'FCX', 'AMCR', 'KEX', 'FDX', 'CBRE', 'TDG', 'MPC', 'EOG', 'NEM', 'CF', 'CRM', 'AMZN', 'PYPL', 'QCOM', 'GOOG', 'GOOGL', 'ZM', 'ORCL', 'GEV', 'MSFT']",30,0.042326774539098944,up,"{""ai_enabler"": 10, ""ai_peripheral"": 10, ""core_ai"": 10}","{""ai_enabler"": [""CHKP"", ""EME"", ""NUE"", ""STLD"", ""TRGP"", ""EQIX"", ""QLYS"", ""HWM"", ""PWR"", ""OKTA""], ""ai_peripheral"": [""FCX"", ""AMCR"", ""KEX"", ""FDX"", ""CBRE"", ""TDG"", ""MPC"", ""EOG"", ""NEM"", ""CF""], ""core_ai"": [""CRM"", ""AMZN"", ""PYPL"", ""QCOM"", ""GOOG"", ""GOOGL"", ""ZM"", ""ORCL"", ""GEV"", ""MSFT""]}","{""ai_enabler"": {""n_filtered"": 79, ""n_input"": 681, ""n_ranked"": 79, ""priority_counts"": {""left_side_watch"": 8, ""research_now"": 5, ""theme_only"": 55, ""watch_for_pullback"": 11}}, ""ai_peripheral"": {""n_filtered"": 56, ""n_input"": 681, ""n_ranked"": 56, ""priority_counts"": {""left_side_watch"": 5, ""research_now"": 1, ""theme_only"": 50}}, ""core_ai"": {""n_filtered"": 53, ""n_input"": 681, ""n_ranked"": 53, ""priority_counts"": {""left_side_watch"": 4, ""research_now"": 4, ""theme_only"": 16, ""watch_for_pullback"": 29}}}",,snapshot:ai_watchlist_20260929T062841Z.csv@2026-09-29
