scenario,run_stem,signal_date,list_type,watchlist_source,channel,n_input,n_filtered,n_ranked,n_selected_channel,selected_symbols,top_first_fail,top_first_fail_pct,top_near_miss,top_near_miss_pct,near_miss_reasons
base,replay_base_2023-01-31,2023-01-31,low_value,union_superset_approx,ai_enabler,630,215,22,10,"AVGO,KLAC,LRCX,QCOM,ANET,UNP,AMAT,CSX,ACN,UPS",min_dollar_volume,0.3857,max_20d_return,0.0031746031746031746,"[{""count"": 2, ""layer"": ""valuation_hard"", ""pct"": 0.0031746031746031746, ""reason"": ""max_20d_return""}, {""count"": 2, ""layer"": ""base_hard"", ""pct"": 0.0031746031746031746, ""reason"": ""min_avg_dollar_volume_20d""}, {""count"": 2, ""layer"": ""quality_or_theme_hard"", ""pct"": 0.0031746031746031746, ""reason"": ""max_shares_yoy""}, {""count"": 2, ""layer"": ""valuation_hard"", ""pct"": 0.0031746031746031746, ""reason"": ""min_value_discount_any""}, {""count"": 1, ""layer"": ""quality_or_theme_hard"", ""pct"": 0.0015873015873015873, ""reason"": ""min_interest_coverage""}]"
base,replay_base_2023-01-31,2023-01-31,low_value,union_superset_approx,ai_peripheral,630,109,13,10,"ACN,UNP,CSX,LUV,UPS,NSC,ETN,RTX,MLM,PH",min_dollar_volume,0.3857,channel_bucket_match,0.006349206349206349,"[{""count"": 4, ""layer"": ""base_hard"", ""pct"": 0.006349206349206349, ""reason"": ""channel_bucket_match""}, {""count"": 3, ""layer"": ""quality_or_theme_hard"", ""pct"": 0.004761904761904762, ""reason"": ""min_current_ratio""}, {""count"": 2, ""layer"": ""base_hard"", ""pct"": 0.0031746031746031746, ""reason"": ""min_avg_dollar_volume_20d""}, {""count"": 2, ""layer"": ""quality_or_theme_hard"", ""pct"": 0.0031746031746031746, ""reason"": ""min_ai_link_score""}, {""count"": 1, ""layer"": ""valuation_hard"", ""pct"": 0.0015873015873015873, ""reason"": ""max_ps_hist_percentile""}]"
base,replay_base_2023-01-31,2023-01-31,low_value,union_superset_approx,core_ai,630,63,11,10,"AVGO,QCOM,ANET,AMAT,NOW,TSLA,DIS,AAPL,TER,SNPS",min_dollar_volume,0.3857,max_ps_percentile_in_sic,0.0031746031746031746,"[{""count"": 2, ""layer"": ""valuation_hard"", ""pct"": 0.0031746031746031746, ""reason"": ""max_ps_percentile_in_sic""}, {""count"": 1, ""layer"": ""base_hard"", ""pct"": 0.0015873015873015873, ""reason"": ""min_avg_dollar_volume_20d""}, {""count"": 1, ""layer"": ""base_hard"", ""pct"": 0.0015873015873015873, ""reason"": ""channel_bucket_match""}]"
base,replay_base_2023-01-31,2023-01-31,industry_trend,union_superset_approx,ai_enabler,630,271,78,10,"LRCX,NVDA,QCOM,TSLA,AVGO,NUE,META,NFLX,GOOGL,CAT",min_dollar_volume,0.3857,min_current_ratio,0.004761904761904762,"[{""count"": 3, ""layer"": ""quality_or_theme_hard"", ""pct"": 0.004761904761904762, ""reason"": ""min_current_ratio""}, {""count"": 3, ""layer"": ""quality_or_theme_hard"", ""pct"": 0.004761904761904762, ""reason"": ""min_ai_link_score""}, {""count"": 2, ""layer"": ""base_hard"", ""pct"": 0.0031746031746031746, ""reason"": ""trend_min_avg_dollar_volume_20d""}, {""count"": 2, ""layer"": ""quality_or_theme_hard"", ""pct"": 0.0031746031746031746, ""reason"": ""max_shares_yoy""}, {""count"": 1, ""layer"": ""valuation_hard"", ""pct"": 0.0015873015873015873, ""reason"": ""max_ps_percentile_in_sic""}]"
base,replay_base_2023-01-31,2023-01-31,industry_trend,union_superset_approx,ai_peripheral,630,134,64,10,"NUE,CAT,FCX,STLD,BA,UBER,PH,UPS,DE,ETN",min_dollar_volume,0.3857,channel_bucket_match,0.009523809523809525,"[{""count"": 6, ""layer"": ""base_hard"", ""pct"": 0.009523809523809525, ""reason"": ""channel_bucket_match""}, {""count"": 3, ""layer"": ""quality_or_theme_hard"", ""pct"": 0.004761904761904762, ""reason"": ""min_current_ratio""}, {""count"": 3, ""layer"": ""valuation_hard"", ""pct"": 0.004761904761904762, ""reason"": ""max_ps_hist_percentile""}, {""count"": 3, ""layer"": ""quality_or_theme_hard"", ""pct"": 0.004761904761904762, ""reason"": ""min_ai_link_score""}, {""count"": 2, ""layer"": ""base_hard"", ""pct"": 0.0031746031746031746, ""reason"": ""trend_min_avg_dollar_volume_20d""}]"
base,replay_base_2023-01-31,2023-01-31,industry_trend,union_superset_approx,core_ai,630,87,23,10,"NVDA,AVGO,TSLA,MSFT,LRCX,META,MU,GOOGL,CAT,NFLX",min_dollar_volume,0.3857,trend_min_avg_dollar_volume_20d,0.004761904761904762,"[{""count"": 3, ""layer"": ""base_hard"", ""pct"": 0.004761904761904762, ""reason"": ""trend_min_avg_dollar_volume_20d""}, {""count"": 2, ""layer"": ""valuation_hard"", ""pct"": 0.0031746031746031746, ""reason"": ""max_ps_percentile_in_sic""}, {""count"": 2, ""layer"": ""base_hard"", ""pct"": 0.0031746031746031746, ""reason"": ""channel_bucket_match""}, {""count"": 1, ""layer"": ""quality_or_theme_hard"", ""pct"": 0.0015873015873015873, ""reason"": ""min_interest_coverage""}, {""count"": 1, ""layer"": ""quality_or_theme_hard"", ""pct"": 0.0015873015873015873, ""reason"": ""min_current_ratio""}]"
base,replay_base_2023-01-31,2023-01-31,momentum,union_superset_approx,ai_enabler,630,271,78,10,"NVDA,NUE,LRCX,TSLA,QCOM,META,NFLX,UBER,MU,FCX",min_dollar_volume,0.3857,max_ps_percentile_in_sic,0.0015873015873015873,"[{""count"": 1, ""layer"": ""valuation_hard"", ""pct"": 0.0015873015873015873, ""reason"": ""max_ps_percentile_in_sic""}, {""count"": 1, ""layer"": ""valuation_hard"", ""pct"": 0.0015873015873015873, ""reason"": ""momentum_min_return_20d""}, {""count"": 1, ""layer"": ""valuation_hard"", ""pct"": 0.0015873015873015873, ""reason"": ""momentum_max_drawdown_from_52w_high""}, {""count"": 1, ""layer"": ""quality_or_theme_hard"", ""pct"": 0.0015873015873015873, ""reason"": ""min_interest_coverage""}, {""count"": 1, ""layer"": ""quality_or_theme_hard"", ""pct"": 0.0015873015873015873, ""reason"": ""min_ocf_to_net_income""}]"
base,replay_base_2023-01-31,2023-01-31,momentum,union_superset_approx,ai_peripheral,630,134,64,10,"NUE,UBER,FCX,STLD,CAT,CCI,EQIX,BA,JCI,PH",min_dollar_volume,0.3857,channel_bucket_match,0.006349206349206349,"[{""count"": 4, ""layer"": ""base_hard"", ""pct"": 0.006349206349206349, ""reason"": ""channel_bucket_match""}, {""count"": 1, ""layer"": ""valuation_hard"", ""pct"": 0.0015873015873015873, ""reason"": ""momentum_min_price_to_sma200""}, {""count"": 1, ""layer"": ""base_hard"", ""pct"": 0.0015873015873015873, ""reason"": ""momentum_min_avg_dollar_volume_20d""}, {""count"": 1, ""layer"": ""valuation_hard"", ""pct"": 0.0015873015873015873, ""reason"": ""max_ps_hist_percentile""}, {""count"": 1, ""layer"": ""quality_or_theme_hard"", ""pct"": 0.0015873015873015873, ""reason"": ""min_ai_link_score""}]"
base,replay_base_2023-01-31,2023-01-31,momentum,union_superset_approx,core_ai,630,87,23,10,"NVDA,TSLA,META,LRCX,MU,QCOM,GOOGL,NFLX,UBER,AMZN",min_dollar_volume,0.3857,momentum_min_avg_dollar_volume_20d,0.0031746031746031746,"[{""count"": 2, ""layer"": ""base_hard"", ""pct"": 0.0031746031746031746, ""reason"": ""momentum_min_avg_dollar_volume_20d""}, {""count"": 1, ""layer"": ""valuation_hard"", ""pct"": 0.0015873015873015873, ""reason"": ""max_ps_percentile_in_sic""}, {""count"": 1, ""layer"": ""valuation_hard"", ""pct"": 0.0015873015873015873, ""reason"": ""momentum_min_return_20d""}, {""count"": 1, ""layer"": ""quality_or_theme_hard"", ""pct"": 0.0015873015873015873, ""reason"": ""min_ocf_to_net_income""}, {""count"": 1, ""layer"": ""quality_or_theme_hard"", ""pct"": 0.0015873015873015873, ""reason"": ""max_receivables_growth_gap""}]"
base,replay_base_2023-01-31,2023-01-31,research_pool,union_superset_approx,ai_enabler,630,72,72,10,"UPS,MLM,CSX,NUE,STLD,NSC,EME,ACN,TT,JCI",,0.0,,0.0,[]
base,replay_base_2023-01-31,2023-01-31,research_pool,union_superset_approx,ai_peripheral,630,73,73,10,"LUV,BLDR,MPC,MATX,EXLS,CHRW,DVN,MOS,CVCO,EXP",,0.0,,0.0,[]
base,replay_base_2023-01-31,2023-01-31,research_pool,union_superset_approx,core_ai,630,53,53,10,"ANET,AVGO,AMAT,LRCX,QCOM,KLAC,NXPI,SHOP,CAT,NOW",,0.0,,0.0,[]
base,replay_base_2023-02-28,2023-02-28,low_value,union_superset_approx,ai_enabler,632,226,20,10,"AVGO,KLAC,LRCX,UNP,CSX,CAT,ACN,NXPI,RTX,NOW",min_dollar_volume,0.3924,min_ai_link_score,0.004746835443037975,"[{""count"": 3, ""layer"": ""quality_or_theme_hard"", ""pct"": 0.004746835443037975, ""reason"": ""min_ai_link_score""}, {""count"": 2, ""layer"": ""quality_or_theme_hard"", ""pct"": 0.0031645569620253164, ""reason"": ""min_net_income_yoy""}, {""count"": 2, ""layer"": ""valuation_hard"", ""pct"": 0.0031645569620253164, ""reason"": ""min_value_discount_any""}, {""count"": 1, ""layer"": ""quality_or_theme_hard"", ""pct"": 0.0015822784810126582, ""reason"": ""max_ev_to_ebit""}, {""count"": 1, ""layer"": ""valuation_hard"", ""pct"": 0.0015822784810126582, ""reason"": ""max_price_to_sma200""}]"
base,replay_base_2023-02-28,2023-02-28,low_value,union_superset_approx,ai_peripheral,632,124,12,10,"CSX,UNP,ACN,RTX,CAT,HII,GD,TRGP,MLM,VMC",min_dollar_volume,0.3924,channel_bucket_match,0.007911392405063292,"[{""count"": 5, ""layer"": ""base_hard"", ""pct"": 0.007911392405063292, ""reason"": ""channel_bucket_match""}, {""count"": 4, ""layer"": ""quality_or_theme_hard"", ""pct"": 0.006329113924050633, ""reason"": ""min_ai_link_score""}, {""count"": 1, ""layer"": ""quality_or_theme_hard"", ""pct"": 0.0015822784810126582, ""reason"": ""min_free_cash_flow""}, {""count"": 1, ""layer"": ""quality_or_theme_hard"", ""pct"": 0.0015822784810126582, ""reason"": ""min_revenue_yoy""}, {""count"": 1, ""layer"": ""quality_or_theme_hard"", ""pct"": 0.0015822784810126582, ""reason"": ""min_net_income_yoy""}]"
base,replay_base_2023-02-28,2023-02-28,low_value,union_superset_approx,core_ai,632,61,11,10,"KLAC,LRCX,NOW,NXPI,TSLA,DIS,TXN,SNPS,TER,FTNT",min_dollar_volume,0.3924,max_price_to_sma200,0.0031645569620253164,"[{""count"": 2, ""layer"": ""valuation_hard"", ""pct"": 0.0031645569620253164, ""reason"": ""max_price_to_sma200""}, {""count"": 1, ""layer"": ""valuation_hard"", ""pct"": 0.0015822784810126582, ""reason"": ""min_return_20d""}, {""count"": 1, ""layer"": ""quality_or_theme_hard"", ""pct"": 0.0015822784810126582, ""reason"": ""min_interest_coverage""}, {""count"": 1, ""layer"": ""quality_or_theme_hard"", ""pct"": 0.0015822784810126582, ""reason"": ""min_ocf_to_net_income""}, {""count"": 1, ""layer"": ""quality_or_theme_hard"", ""pct"": 0.0015822784810126582, ""reason"": ""max_receivables_growth_gap""}]"
base,replay_base_2023-02-28,2023-02-28,industry_trend,union_superset_approx,ai_enabler,632,286,80,10,"AVGO,TSLA,AMAT,ANET,PWR,ETN,UNP,MSFT,NVDA,LRCX",min_dollar_volume,0.3924,min_ai_link_score,0.007911392405063292,"[{""count"": 5, ""layer"": ""quality_or_theme_hard"", ""pct"": 0.007911392405063292, ""reason"": ""min_ai_link_score""}, {""count"": 2, ""layer"": ""valuation_hard"", ""pct"": 0.0031645569620253164, ""reason"": ""trend_min_return_60d""}, {""count"": 2, ""layer"": ""quality_or_theme_hard"", ""pct"": 0.0031645569620253164, ""reason"": ""min_current_ratio""}, {""count"": 2, ""layer"": ""quality_or_theme_hard"", ""pct"": 0.0031645569620253164, ""reason"": ""min_ocf_to_net_income""}, {""count"": 2, ""layer"": ""valuation_hard"", ""pct"": 0.0031645569620253164, ""reason"": ""max_ps_hist_percentile""}]"
base,replay_base_2023-02-28,2023-02-28,industry_trend,union_superset_approx,ai_peripheral,632,140,67,10,"ETN,PWR,UNP,DE,STLD,NUE,CSX,LMT,UPS,GD",min_dollar_volume,0.3924,channel_bucket_match,0.011075949367088608,"[{""count"": 7, ""layer"": ""base_hard"", ""pct"": 0.011075949367088608, ""reason"": ""channel_bucket_match""}, {""count"": 4, ""layer"": ""valuation_hard"", ""pct"": 0.006329113924050633, ""reason"": ""trend_min_return_60d""}, {""count"": 2, ""layer"": ""quality_or_theme_hard"", ""pct"": 0.0031645569620253164, ""reason"": ""min_ai_link_score""}, {""count"": 1, ""layer"": ""valuation_hard"", ""pct"": 0.0015822784810126582, ""reason"": ""max_ps_percentile_in_sic""}, {""count"": 1, ""layer"": ""quality_or_theme_hard"", ""pct"": 0.0015822784810126582, ""reason"": ""max_net_debt_to_ebitda""}]"
base,replay_base_2023-02-28,2023-02-28,industry_trend,union_superset_approx,core_ai,632,92,23,10,"AVGO,TSLA,MSFT,NVDA,AMAT,ANET,META,LRCX,CSCO,KLAC",min_dollar_volume,0.3924,trend_min_return_60d,0.0031645569620253164,"[{""count"": 2, ""layer"": ""valuation_hard"", ""pct"": 0.0031645569620253164, ""reason"": ""trend_min_return_60d""}, {""count"": 1, ""layer"": ""base_hard"", ""pct"": 0.0015822784810126582, ""reason"": ""trend_min_avg_dollar_volume_20d""}, {""count"": 1, ""layer"": ""quality_or_theme_hard"", ""pct"": 0.0015822784810126582, ""reason"": ""min_current_ratio""}, {""count"": 1, ""layer"": ""quality_or_theme_hard"", ""pct"": 0.0015822784810126582, ""reason"": ""min_ocf_to_net_income""}, {""count"": 1, ""layer"": ""quality_or_theme_hard"", ""pct"": 0.0015822784810126582, ""reason"": ""min_ai_link_score""}]"
base,replay_base_2023-02-28,2023-02-28,momentum,union_superset_approx,ai_enabler,632,286,80,10,"PWR,ANET,TSLA,ETN,AMAT,NVDA,AVGO,META,MSFT,UNP",min_dollar_volume,0.3924,max_ps_hist_percentile,0.0031645569620253164,"[{""count"": 2, ""layer"": ""valuation_hard"", ""pct"": 0.0031645569620253164, ""reason"": ""max_ps_hist_percentile""}, {""count"": 1, ""layer"": ""valuation_hard"", ""pct"": 0.0015822784810126582, ""reason"": ""momentum_min_return_20d""}, {""count"": 1, ""layer"": ""quality_or_theme_hard"", ""pct"": 0.0015822784810126582, ""reason"": ""min_ai_link_score""}]"
base,replay_base_2023-02-28,2023-02-28,momentum,union_superset_approx,ai_peripheral,632,140,67,10,"ETN,PWR,UNP,STLD,CSX,NUE,DE,PH,LMT,NOC",min_dollar_volume,0.3924,channel_bucket_match,0.004746835443037975,"[{""count"": 3, ""layer"": ""base_hard"", ""pct"": 0.004746835443037975, ""reason"": ""channel_bucket_match""}, {""count"": 1, ""layer"": ""valuation_hard"", ""pct"": 0.0015822784810126582, ""reason"": ""max_ps_hist_percentile""}]"
base,replay_base_2023-02-28,2023-02-28,momentum,union_superset_approx,core_ai,632,92,23,10,"NVDA,AVGO,TSLA,ANET,META,MSFT,AMAT,CSCO,LRCX,CRWD",min_dollar_volume,0.3924,momentum_min_return_20d,0.0015822784810126582,"[{""count"": 1, ""layer"": ""valuation_hard"", ""pct"": 0.0015822784810126582, ""reason"": ""momentum_min_return_20d""}]"
base,replay_base_2023-02-28,2023-02-28,research_pool,union_superset_approx,ai_enabler,632,63,63,10,"CSX,TRGP,NUE,RTX,STLD,ATI,MLM,EME,ACN,LEU",,0.0,,0.0,[]
base,replay_base_2023-02-28,2023-02-28,research_pool,union_superset_approx,ai_peripheral,632,64,64,10,"HII,DVN,KEYS,EOG,ALB,APD,BLDR,EXLS,MOS,ODFL",,0.0,,0.0,[]
base,replay_base_2023-02-28,2023-02-28,research_pool,union_superset_approx,core_ai,632,47,47,10,"AVGO,ANET,KLAC,LRCX,NXPI,DIS,CAT,AMAT,ON,NOW",,0.0,,0.0,[]
base,replay_base_2023-03-31,2023-03-31,low_value,union_superset_approx,ai_enabler,632,196,18,10,"KLAC,QCOM,UNP,CSX,NUE,RTX,ACN,NXPI,NOW,MSFT",min_dollar_volume,0.4003,min_value_discount_any,0.004746835443037975,"[{""count"": 3, ""layer"": ""valuation_hard"", ""pct"": 0.004746835443037975, ""reason"": ""min_value_discount_any""}, {""count"": 2, ""layer"": ""quality_or_theme_hard"", ""pct"": 0.0031645569620253164, ""reason"": ""min_net_income_yoy""}, {""count"": 2, ""layer"": ""quality_or_theme_hard"", ""pct"": 0.0031645569620253164, ""reason"": ""min_ai_link_score""}, {""count"": 1, ""layer"": ""quality_or_theme_hard"", ""pct"": 0.0015822784810126582, ""reason"": ""max_ev_to_ebit""}, {""count"": 1, ""layer"": ""base_hard"", ""pct"": 0.0015822784810126582, ""reason"": ""min_avg_dollar_volume_20d""}]"
base,replay_base_2023-03-31,2023-03-31,low_value,union_superset_approx,ai_peripheral,632,117,9,9,"CSX,UNP,RTX,NUE,ACN,GD,PH,TT,EQIX",min_dollar_volume,0.4003,min_ai_link_score,0.0031645569620253164,"[{""count"": 2, ""layer"": ""quality_or_theme_hard"", ""pct"": 0.0031645569620253164, ""reason"": ""min_ai_link_score""}, {""count"": 1, ""layer"": ""quality_or_theme_hard"", ""pct"": 0.0015822784810126582, ""reason"": ""min_free_cash_flow""}, {""count"": 1, ""layer"": ""quality_or_theme_hard"", ""pct"": 0.0015822784810126582, ""reason"": ""min_revenue_yoy""}, {""count"": 1, ""layer"": ""quality_or_theme_hard"", ""pct"": 0.0015822784810126582, ""reason"": ""min_net_income_yoy""}, {""count"": 1, ""layer"": ""valuation_hard"", ""pct"": 0.0015822784810126582, ""reason"": ""min_return_20d""}]"
base,replay_base_2023-03-31,2023-03-31,low_value,union_superset_approx,core_ai,632,46,7,7,"QCOM,NOW,TSLA,NXPI,DIS,INTC,AAPL",min_dollar_volume,0.4003,min_net_income_yoy,0.0031645569620253164,"[{""count"": 2, ""layer"": ""quality_or_theme_hard"", ""pct"": 0.0031645569620253164, ""reason"": ""min_net_income_yoy""}, {""count"": 1, ""layer"": ""base_hard"", ""pct"": 0.0015822784810126582, ""reason"": ""min_avg_dollar_volume_20d""}, {""count"": 1, ""layer"": ""quality_or_theme_hard"", ""pct"": 0.0015822784810126582, ""reason"": ""max_receivables_growth_gap""}, {""count"": 1, ""layer"": ""base_hard"", ""pct"": 0.0015822784810126582, ""reason"": ""channel_bucket_match""}]"
base,replay_base_2023-03-31,2023-03-31,industry_trend,union_superset_approx,ai_enabler,632,264,77,10,"MSFT,AVGO,ANET,CSCO,GOOGL,LRCX,NFLX,NVDA,GOOG,KLAC",min_dollar_volume,0.4003,min_ai_link_score,0.007911392405063292,"[{""count"": 5, ""layer"": ""quality_or_theme_hard"", ""pct"": 0.007911392405063292, ""reason"": ""min_ai_link_score""}, {""count"": 2, ""layer"": ""quality_or_theme_hard"", ""pct"": 0.0031645569620253164, ""reason"": ""min_net_income_yoy""}, {""count"": 2, ""layer"": ""quality_or_theme_hard"", ""pct"": 0.0031645569620253164, ""reason"": ""min_ocf_to_net_income""}, {""count"": 2, ""layer"": ""valuation_hard"", ""pct"": 0.0031645569620253164, ""reason"": ""max_ps_hist_percentile""}, {""count"": 2, ""layer"": ""valuation_hard"", ""pct"": 0.0031645569620253164, ""reason"": ""max_pe_hist_percentile""}]"
base,replay_base_2023-03-31,2023-03-31,industry_trend,union_superset_approx,ai_peripheral,632,131,63,10,"ETN,UPS,ACN,DE,LMT,CSX,PWR,BA,RTX,UNP",min_dollar_volume,0.4003,channel_bucket_match,0.006329113924050633,"[{""count"": 4, ""layer"": ""base_hard"", ""pct"": 0.006329113924050633, ""reason"": ""channel_bucket_match""}, {""count"": 2, ""layer"": ""valuation_hard"", ""pct"": 0.0031645569620253164, ""reason"": ""trend_min_return_60d""}, {""count"": 2, ""layer"": ""quality_or_theme_hard"", ""pct"": 0.0031645569620253164, ""reason"": ""min_ai_link_score""}, {""count"": 1, ""layer"": ""quality_or_theme_hard"", ""pct"": 0.0015822784810126582, ""reason"": ""min_revenue_yoy""}, {""count"": 1, ""layer"": ""quality_or_theme_hard"", ""pct"": 0.0015822784810126582, ""reason"": ""min_net_income_yoy""}]"
base,replay_base_2023-03-31,2023-03-31,industry_trend,union_superset_approx,core_ai,632,86,23,10,"MSFT,GOOGL,AVGO,NVDA,ANET,CSCO,NFLX,LRCX,META,INTC",min_dollar_volume,0.4003,min_net_income_yoy,0.0031645569620253164,"[{""count"": 2, ""layer"": ""quality_or_theme_hard"", ""pct"": 0.0031645569620253164, ""reason"": ""min_net_income_yoy""}, {""count"": 2, ""layer"": ""base_hard"", ""pct"": 0.0031645569620253164, ""reason"": ""channel_bucket_match""}, {""count"": 1, ""layer"": ""valuation_hard"", ""pct"": 0.0015822784810126582, ""reason"": ""trend_min_return_60d""}, {""count"": 1, ""layer"": ""base_hard"", ""pct"": 0.0015822784810126582, ""reason"": ""trend_min_avg_dollar_volume_20d""}, {""count"": 1, ""layer"": ""quality_or_theme_hard"", ""pct"": 0.0015822784810126582, ""reason"": ""min_ocf_to_net_income""}]"
base,replay_base_2023-03-31,2023-03-31,momentum,union_superset_approx,ai_enabler,632,264,77,10,"MSFT,ANET,GOOGL,LRCX,CSCO,NFLX,GOOG,KLAC,AVGO,NVDA",min_dollar_volume,0.4003,min_net_income_yoy,0.0031645569620253164,"[{""count"": 2, ""layer"": ""quality_or_theme_hard"", ""pct"": 0.0031645569620253164, ""reason"": ""min_net_income_yoy""}, {""count"": 2, ""layer"": ""valuation_hard"", ""pct"": 0.0031645569620253164, ""reason"": ""momentum_min_return_20d""}, {""count"": 2, ""layer"": ""quality_or_theme_hard"", ""pct"": 0.0031645569620253164, ""reason"": ""min_ocf_to_net_income""}, {""count"": 1, ""layer"": ""quality_or_theme_hard"", ""pct"": 0.0015822784810126582, ""reason"": ""max_ev_to_ebit""}, {""count"": 1, ""layer"": ""quality_or_theme_hard"", ""pct"": 0.0015822784810126582, ""reason"": ""min_interest_coverage""}]"
base,replay_base_2023-03-31,2023-03-31,momentum,union_superset_approx,ai_peripheral,632,131,63,10,"PWR,UPS,SO,ACN,CCI,ETN,WM,SRE,EQIX,EMR",min_dollar_volume,0.4003,,0.0,[]
base,replay_base_2023-03-31,2023-03-31,momentum,union_superset_approx,core_ai,632,86,23,10,"MSFT,ANET,GOOGL,NVDA,CSCO,LRCX,META,NFLX,AVGO,INTC",min_dollar_volume,0.4003,min_net_income_yoy,0.0031645569620253164,"[{""count"": 2, ""layer"": ""quality_or_theme_hard"", ""pct"": 0.0031645569620253164, ""reason"": ""min_net_income_yoy""}, {""count"": 2, ""layer"": ""quality_or_theme_hard"", ""pct"": 0.0031645569620253164, ""reason"": ""min_ocf_to_net_income""}, {""count"": 1, ""layer"": ""valuation_hard"", ""pct"": 0.0015822784810126582, ""reason"": ""momentum_min_return_20d""}, {""count"": 1, ""layer"": ""base_hard"", ""pct"": 0.0015822784810126582, ""reason"": ""channel_bucket_match""}]"
base,replay_base_2023-03-31,2023-03-31,research_pool,union_superset_approx,ai_enabler,632,63,63,10,"CSX,RTX,EME,ACN,STLD,NUE,TT,QLYS,UNP,EQIX",,0.0,,0.0,[]
base,replay_base_2023-03-31,2023-03-31,research_pool,union_superset_approx,ai_peripheral,632,61,61,10,"DVN,MATX,ALB,UFPI,HII,CF,EOG,EXLS,MOS,MPC",,0.0,,0.0,[]
base,replay_base_2023-03-31,2023-03-31,research_pool,union_superset_approx,core_ai,632,45,45,10,"ANET,AVGO,LRCX,QCOM,KLAC,NXPI,ORCL,CAT,DIS,NOW",,0.0,,0.0,[]
base,replay_base_2023-04-28,2023-04-28,low_value,union_superset_approx,ai_enabler,631,198,20,10,"AVGO,LRCX,KLAC,UNP,CSX,NUE,CAT,ACN,NOW,RTX",min_dollar_volume,0.4247,min_drawdown_percentile,0.003169572107765452,"[{""count"": 2, ""layer"": ""valuation_hard"", ""pct"": 0.003169572107765452, ""reason"": ""min_drawdown_percentile""}, {""count"": 2, ""layer"": ""quality_or_theme_hard"", ""pct"": 0.003169572107765452, ""reason"": ""min_ai_link_score""}, {""count"": 2, ""layer"": ""valuation_hard"", ""pct"": 0.003169572107765452, ""reason"": ""min_value_discount_any""}, {""count"": 1, ""layer"": ""quality_or_theme_hard"", ""pct"": 0.001584786053882726, ""reason"": ""max_ev_to_ebit""}, {""count"": 1, ""layer"": ""valuation_hard"", ""pct"": 0.001584786053882726, ""reason"": ""min_return_60d""}]"
base,replay_base_2023-04-28,2023-04-28,low_value,union_superset_approx,ai_peripheral,631,102,12,10,"UNP,CSX,CAT,NUE,RTX,ACN,GD,ETN,PH,MLM",min_dollar_volume,0.4247,channel_bucket_match,0.004754358161648178,"[{""count"": 3, ""layer"": ""base_hard"", ""pct"": 0.004754358161648178, ""reason"": ""channel_bucket_match""}, {""count"": 2, ""layer"": ""base_hard"", ""pct"": 0.003169572107765452, ""reason"": ""min_avg_dollar_volume_20d""}, {""count"": 2, ""layer"": ""quality_or_theme_hard"", ""pct"": 0.003169572107765452, ""reason"": ""min_ai_link_score""}, {""count"": 1, ""layer"": ""quality_or_theme_hard"", ""pct"": 0.001584786053882726, ""reason"": ""min_net_income_yoy""}, {""count"": 1, ""layer"": ""valuation_hard"", ""pct"": 0.001584786053882726, ""reason"": ""min_return_60d""}]"
base,replay_base_2023-04-28,2023-04-28,low_value,union_superset_approx,core_ai,631,59,8,8,"KLAC,CAT,NOW,GOOGL,GOOG,DIS,ADI,MPWR",min_dollar_volume,0.4247,max_ps_percentile_in_sic,0.003169572107765452,"[{""count"": 2, ""layer"": ""valuation_hard"", ""pct"": 0.003169572107765452, ""reason"": ""max_ps_percentile_in_sic""}, {""count"": 1, ""layer"": ""base_hard"", ""pct"": 0.001584786053882726, ""reason"": ""min_avg_dollar_volume_20d""}, {""count"": 1, ""layer"": ""base_hard"", ""pct"": 0.001584786053882726, ""reason"": ""channel_bucket_match""}]"
base,replay_base_2023-04-28,2023-04-28,industry_trend,union_superset_approx,ai_enabler,631,245,75,10,"AVGO,MSFT,GOOGL,LRCX,NOW,CSX,ANET,NVDA,CAT,KLAC",min_dollar_volume,0.4247,trend_min_return_60d,0.004754358161648178,"[{""count"": 3, ""layer"": ""valuation_hard"", ""pct"": 0.004754358161648178, ""reason"": ""trend_min_return_60d""}, {""count"": 2, ""layer"": ""base_hard"", ""pct"": 0.003169572107765452, ""reason"": ""trend_min_avg_dollar_volume_20d""}, {""count"": 2, ""layer"": ""quality_or_theme_hard"", ""pct"": 0.003169572107765452, ""reason"": ""min_ai_link_score""}, {""count"": 1, ""layer"": ""quality_or_theme_hard"", ""pct"": 0.001584786053882726, ""reason"": ""max_ev_to_ebit""}, {""count"": 1, ""layer"": ""quality_or_theme_hard"", ""pct"": 0.001584786053882726, ""reason"": ""min_ocf_to_net_income""}]"
base,replay_base_2023-04-28,2023-04-28,industry_trend,union_superset_approx,ai_peripheral,631,119,64,10,"CSX,CAT,LMT,ETN,SRE,SHW,DE,UNP,GD,EQIX",min_dollar_volume,0.4247,channel_bucket_match,0.00792393026941363,"[{""count"": 5, ""layer"": ""base_hard"", ""pct"": 0.00792393026941363, ""reason"": ""channel_bucket_match""}, {""count"": 2, ""layer"": ""quality_or_theme_hard"", ""pct"": 0.003169572107765452, ""reason"": ""min_ai_link_score""}, {""count"": 1, ""layer"": ""valuation_hard"", ""pct"": 0.001584786053882726, ""reason"": ""max_ps_percentile_in_sic""}, {""count"": 1, ""layer"": ""valuation_hard"", ""pct"": 0.001584786053882726, ""reason"": ""trend_min_return_60d""}, {""count"": 1, ""layer"": ""quality_or_theme_hard"", ""pct"": 0.001584786053882726, ""reason"": ""min_current_ratio""}]"
base,replay_base_2023-04-28,2023-04-28,industry_trend,union_superset_approx,core_ai,631,88,23,10,"AVGO,MSFT,GOOGL,NVDA,LRCX,NOW,AAPL,ANET,NFLX,KLAC",min_dollar_volume,0.4247,channel_bucket_match,0.003169572107765452,"[{""count"": 2, ""layer"": ""base_hard"", ""pct"": 0.003169572107765452, ""reason"": ""channel_bucket_match""}, {""count"": 1, ""layer"": ""valuation_hard"", ""pct"": 0.001584786053882726, ""reason"": ""max_ps_percentile_in_sic""}, {""count"": 1, ""layer"": ""quality_or_theme_hard"", ""pct"": 0.001584786053882726, ""reason"": ""min_ai_link_score""}]"
base,replay_base_2023-04-28,2023-04-28,momentum,union_superset_approx,ai_enabler,631,245,75,10,"MSFT,GOOGL,AVGO,CSX,ORCL,PWR,LRCX,SRE,ANET,NVDA",min_dollar_volume,0.4247,momentum_min_return_20d,0.001584786053882726,"[{""count"": 1, ""layer"": ""valuation_hard"", ""pct"": 0.001584786053882726, ""reason"": ""momentum_min_return_20d""}]"
base,replay_base_2023-04-28,2023-04-28,momentum,union_superset_approx,ai_peripheral,631,119,64,10,"CSX,SRE,PWR,RTX,SHW,ETN,SO,CAT,VMC,UNP",min_dollar_volume,0.4247,momentum_min_return_60d,0.001584786053882726,"[{""count"": 1, ""layer"": ""valuation_hard"", ""pct"": 0.001584786053882726, ""reason"": ""momentum_min_return_60d""}]"
base,replay_base_2023-04-28,2023-04-28,momentum,union_superset_approx,core_ai,631,88,23,10,"MSFT,AVGO,GOOGL,ORCL,LRCX,NVDA,ANET,KLAC,CAT,NFLX",min_dollar_volume,0.4247,momentum_min_return_20d,0.001584786053882726,"[{""count"": 1, ""layer"": ""valuation_hard"", ""pct"": 0.001584786053882726, ""reason"": ""momentum_min_return_20d""}]"
base,replay_base_2023-04-28,2023-04-28,research_pool,union_superset_approx,ai_enabler,631,64,64,10,"TRGP,EME,CSX,RTX,ACN,MLM,NUE,TT,UNP,GD",,0.0,,0.0,[]
base,replay_base_2023-04-28,2023-04-28,research_pool,union_superset_approx,ai_peripheral,631,63,63,10,"HII,MOS,MPC,KEYS,ALB,EXLS,DVN,BLDR,ODFL,UFPI",,0.0,,0.0,[]
base,replay_base_2023-04-28,2023-04-28,research_pool,union_superset_approx,core_ai,631,42,42,10,"AVGO,ANET,LRCX,KLAC,CAT,ORCL,DIS,RKLB,NOW,ADI",,0.0,,0.0,[]
base,replay_base_2023-05-31,2023-05-31,low_value,union_superset_approx,ai_enabler,632,190,16,10,"UNP,CSX,CAT,JCI,MCHP,ETN,HII,GD,TSLA,ACN",min_dollar_volume,0.3797,min_value_discount_any,0.004746835443037975,"[{""count"": 3, ""layer"": ""valuation_hard"", ""pct"": 0.004746835443037975, ""reason"": ""min_value_discount_any""}, {""count"": 2, ""layer"": ""base_hard"", ""pct"": 0.0031645569620253164, ""reason"": ""min_avg_dollar_volume_20d""}, {""count"": 2, ""layer"": ""quality_or_theme_hard"", ""pct"": 0.0031645569620253164, ""reason"": ""min_current_ratio""}, {""count"": 2, ""layer"": ""quality_or_theme_hard"", ""pct"": 0.0031645569620253164, ""reason"": ""min_ai_link_score""}, {""count"": 1, ""layer"": ""quality_or_theme_hard"", ""pct"": 0.0015822784810126582, ""reason"": ""max_receivables_growth_gap""}]"
base,replay_base_2023-05-31,2023-05-31,low_value,union_superset_approx,ai_peripheral,632,116,11,10,"CAT,UNP,CSX,JCI,HII,GD,ETN,ACN,MLM,PWR",min_dollar_volume,0.3797,channel_bucket_match,0.004746835443037975,"[{""count"": 3, ""layer"": ""base_hard"", ""pct"": 0.004746835443037975, ""reason"": ""channel_bucket_match""}, {""count"": 2, ""layer"": ""quality_or_theme_hard"", ""pct"": 0.0031645569620253164, ""reason"": ""min_current_ratio""}, {""count"": 2, ""layer"": ""quality_or_theme_hard"", ""pct"": 0.0031645569620253164, ""reason"": ""min_ai_link_score""}, {""count"": 1, ""layer"": ""valuation_hard"", ""pct"": 0.0015822784810126582, ""reason"": ""min_return_60d""}, {""count"": 1, ""layer"": ""base_hard"", ""pct"": 0.0015822784810126582, ""reason"": ""min_avg_dollar_volume_20d""}]"
base,replay_base_2023-05-31,2023-05-31,low_value,union_superset_approx,core_ai,632,38,5,5,"CAT,TSLA,MCHP,ADI,TER",min_dollar_volume,0.3797,min_avg_dollar_volume_20d,0.0015822784810126582,"[{""count"": 1, ""layer"": ""base_hard"", ""pct"": 0.0015822784810126582, ""reason"": ""min_avg_dollar_volume_20d""}, {""count"": 1, ""layer"": ""quality_or_theme_hard"", ""pct"": 0.0015822784810126582, ""reason"": ""max_receivables_growth_gap""}]"
base,replay_base_2023-05-31,2023-05-31,industry_trend,union_superset_approx,ai_enabler,632,256,74,10,"AVGO,ANET,LRCX,NFLX,AMAT,TSLA,KLAC,CSCO,MSFT,NOW",min_dollar_volume,0.3797,trend_min_avg_dollar_volume_20d,0.0031645569620253164,"[{""count"": 2, ""layer"": ""base_hard"", ""pct"": 0.0031645569620253164, ""reason"": ""trend_min_avg_dollar_volume_20d""}, {""count"": 2, ""layer"": ""valuation_hard"", ""pct"": 0.0031645569620253164, ""reason"": ""max_ps_hist_percentile""}, {""count"": 2, ""layer"": ""quality_or_theme_hard"", ""pct"": 0.0031645569620253164, ""reason"": ""min_ai_link_score""}, {""count"": 1, ""layer"": ""valuation_hard"", ""pct"": 0.0015822784810126582, ""reason"": ""max_ps_percentile_in_sic""}, {""count"": 1, ""layer"": ""valuation_hard"", ""pct"": 0.0015822784810126582, ""reason"": ""trend_min_return_60d""}]"
base,replay_base_2023-05-31,2023-05-31,industry_trend,union_superset_approx,ai_peripheral,632,123,61,10,"ETN,ACN,PWR,EQIX,UNP,CSX,CAT,VMC,UBER,LMT",min_dollar_volume,0.3797,channel_bucket_match,0.00949367088607595,"[{""count"": 6, ""layer"": ""base_hard"", ""pct"": 0.00949367088607595, ""reason"": ""channel_bucket_match""}, {""count"": 4, ""layer"": ""valuation_hard"", ""pct"": 0.006329113924050633, ""reason"": ""trend_min_return_60d""}, {""count"": 1, ""layer"": ""valuation_hard"", ""pct"": 0.0015822784810126582, ""reason"": ""max_ps_hist_percentile""}, {""count"": 1, ""layer"": ""quality_or_theme_hard"", ""pct"": 0.0015822784810126582, ""reason"": ""min_ai_link_score""}]"
base,replay_base_2023-05-31,2023-05-31,industry_trend,union_superset_approx,core_ai,632,90,24,10,"AVGO,LRCX,ANET,MSFT,NVDA,TSLA,NFLX,CSCO,AMAT,KLAC",min_dollar_volume,0.3797,trend_min_avg_dollar_volume_20d,0.0031645569620253164,"[{""count"": 2, ""layer"": ""base_hard"", ""pct"": 0.0031645569620253164, ""reason"": ""trend_min_avg_dollar_volume_20d""}, {""count"": 1, ""layer"": ""valuation_hard"", ""pct"": 0.0015822784810126582, ""reason"": ""max_ps_percentile_in_sic""}, {""count"": 1, ""layer"": ""quality_or_theme_hard"", ""pct"": 0.0015822784810126582, ""reason"": ""min_ocf_to_net_income""}]"
base,replay_base_2023-05-31,2023-05-31,momentum,union_superset_approx,ai_enabler,632,256,74,10,"AVGO,ANET,LRCX,NFLX,KLAC,TSLA,AMAT,NVDA,CSCO,NOW",min_dollar_volume,0.3797,momentum_min_return_60d,0.0031645569620253164,"[{""count"": 2, ""layer"": ""valuation_hard"", ""pct"": 0.0031645569620253164, ""reason"": ""momentum_min_return_60d""}, {""count"": 1, ""layer"": ""quality_or_theme_hard"", ""pct"": 0.0015822784810126582, ""reason"": ""min_interest_coverage""}, {""count"": 1, ""layer"": ""quality_or_theme_hard"", ""pct"": 0.0015822784810126582, ""reason"": ""min_ocf_to_net_income""}, {""count"": 1, ""layer"": ""valuation_hard"", ""pct"": 0.0015822784810126582, ""reason"": ""max_ps_hist_percentile""}]"
base,replay_base_2023-05-31,2023-05-31,momentum,union_superset_approx,ai_peripheral,632,123,61,10,"PWR,VMC,ETN,ACN,EQIX,UBER,CSX,UNP,NSC,MLM",min_dollar_volume,0.3797,channel_bucket_match,0.004746835443037975,"[{""count"": 3, ""layer"": ""base_hard"", ""pct"": 0.004746835443037975, ""reason"": ""channel_bucket_match""}]"
base,replay_base_2023-05-31,2023-05-31,momentum,union_superset_approx,core_ai,632,90,24,10,"AVGO,ANET,NVDA,LRCX,TSLA,NFLX,KLAC,AMAT,CSCO,MSFT",min_dollar_volume,0.3797,momentum_min_return_60d,0.0015822784810126582,"[{""count"": 1, ""layer"": ""valuation_hard"", ""pct"": 0.0015822784810126582, ""reason"": ""momentum_min_return_60d""}, {""count"": 1, ""layer"": ""quality_or_theme_hard"", ""pct"": 0.0015822784810126582, ""reason"": ""min_ocf_to_net_income""}]"
base,replay_base_2023-05-31,2023-05-31,research_pool,union_superset_approx,ai_enabler,632,64,64,10,"CSX,JCI,EME,ACN,MLM,UNP,ETN,GD,AKAM,EQIX",,0.0,,0.0,[]
base,replay_base_2023-05-31,2023-05-31,research_pool,union_superset_approx,ai_peripheral,632,56,56,10,"HII,CVCO,EXLS,MPC,MOS,CW,CF,GPK,IBP,IESC",,0.0,,0.0,[]
base,replay_base_2023-05-31,2023-05-31,research_pool,union_superset_approx,core_ai,632,45,45,10,"AVGO,ANET,LRCX,KLAC,CAT,NOW,RKLB,MCHP,TSLA,ORCL",,0.0,,0.0,[]
base,replay_base_2023-06-30,2023-06-30,low_value,union_superset_approx,ai_enabler,633,136,10,10,"UNP,CSX,CAT,RTX,GD,NUE,HII,DIS,ACN,TXN",min_dollar_volume,0.4455,min_avg_dollar_volume_20d,0.00315955766192733,"[{""count"": 2, ""layer"": ""base_hard"", ""pct"": 0.00315955766192733, ""reason"": ""min_avg_dollar_volume_20d""}, {""count"": 2, ""layer"": ""quality_or_theme_hard"", ""pct"": 0.00315955766192733, ""reason"": ""min_ai_link_score""}, {""count"": 2, ""layer"": ""valuation_hard"", ""pct"": 0.00315955766192733, ""reason"": ""min_value_discount_any""}, {""count"": 1, ""layer"": ""quality_or_theme_hard"", ""pct"": 0.001579778830963665, ""reason"": ""min_net_income_yoy""}, {""count"": 1, ""layer"": ""valuation_hard"", ""pct"": 0.001579778830963665, ""reason"": ""max_price_to_sma200""}]"
base,replay_base_2023-06-30,2023-06-30,low_value,union_superset_approx,ai_peripheral,633,87,10,10,"UNP,CAT,CSX,JCI,RTX,GD,NUE,HII,ACN,TT",min_dollar_volume,0.4455,max_20d_return,0.00315955766192733,"[{""count"": 2, ""layer"": ""valuation_hard"", ""pct"": 0.00315955766192733, ""reason"": ""max_20d_return""}, {""count"": 2, ""layer"": ""base_hard"", ""pct"": 0.00315955766192733, ""reason"": ""min_avg_dollar_volume_20d""}, {""count"": 2, ""layer"": ""quality_or_theme_hard"", ""pct"": 0.00315955766192733, ""reason"": ""min_current_ratio""}, {""count"": 2, ""layer"": ""base_hard"", ""pct"": 0.00315955766192733, ""reason"": ""channel_bucket_match""}, {""count"": 2, ""layer"": ""quality_or_theme_hard"", ""pct"": 0.00315955766192733, ""reason"": ""min_ai_link_score""}]"
base,replay_base_2023-06-30,2023-06-30,low_value,union_superset_approx,core_ai,633,24,2,2,"CAT,DIS",min_dollar_volume,0.4455,,0.0,[]
base,replay_base_2023-06-30,2023-06-30,industry_trend,union_superset_approx,ai_enabler,633,253,77,10,"AVGO,TSLA,CAT,ORCL,DE,ETN,NFLX,AMAT,KLAC,MCHP",min_dollar_volume,0.4455,trend_min_return_60d,0.004739336492890996,"[{""count"": 3, ""layer"": ""valuation_hard"", ""pct"": 0.004739336492890996, ""reason"": ""trend_min_return_60d""}, {""count"": 3, ""layer"": ""valuation_hard"", ""pct"": 0.004739336492890996, ""reason"": ""max_ps_hist_percentile""}, {""count"": 2, ""layer"": ""base_hard"", ""pct"": 0.00315955766192733, ""reason"": ""trend_min_avg_dollar_volume_20d""}, {""count"": 2, ""layer"": ""quality_or_theme_hard"", ""pct"": 0.00315955766192733, ""reason"": ""min_ai_link_score""}, {""count"": 1, ""layer"": ""quality_or_theme_hard"", ""pct"": 0.001579778830963665, ""reason"": ""max_ev_to_ebit""}]"
base,replay_base_2023-06-30,2023-06-30,industry_trend,union_superset_approx,ai_peripheral,633,120,62,10,"CAT,DE,ETN,PH,CSX,PWR,NUE,UPS,EMR,UNP",min_dollar_volume,0.4455,channel_bucket_match,0.00631911532385466,"[{""count"": 4, ""layer"": ""base_hard"", ""pct"": 0.00631911532385466, ""reason"": ""channel_bucket_match""}, {""count"": 2, ""layer"": ""base_hard"", ""pct"": 0.00315955766192733, ""reason"": ""trend_min_avg_dollar_volume_20d""}, {""count"": 2, ""layer"": ""quality_or_theme_hard"", ""pct"": 0.00315955766192733, ""reason"": ""min_current_ratio""}, {""count"": 2, ""layer"": ""quality_or_theme_hard"", ""pct"": 0.00315955766192733, ""reason"": ""min_ai_link_score""}, {""count"": 1, ""layer"": ""valuation_hard"", ""pct"": 0.001579778830963665, ""reason"": ""max_ps_hist_percentile""}]"
base,replay_base_2023-06-30,2023-06-30,industry_trend,union_superset_approx,core_ai,633,90,25,10,"AVGO,TSLA,ORCL,NFLX,MSFT,CAT,DE,CSCO,AMAT,KLAC",min_dollar_volume,0.4455,trend_min_avg_dollar_volume_20d,0.00315955766192733,"[{""count"": 2, ""layer"": ""base_hard"", ""pct"": 0.00315955766192733, ""reason"": ""trend_min_avg_dollar_volume_20d""}, {""count"": 1, ""layer"": ""valuation_hard"", ""pct"": 0.001579778830963665, ""reason"": ""max_ps_percentile_in_sic""}, {""count"": 1, ""layer"": ""quality_or_theme_hard"", ""pct"": 0.001579778830963665, ""reason"": ""min_ai_link_score""}]"
base,replay_base_2023-06-30,2023-06-30,momentum,union_superset_approx,ai_enabler,633,253,77,10,"CAT,TSLA,AVGO,ORCL,PWR,MCHP,ETN,DE,NUE,PH",min_dollar_volume,0.4455,momentum_min_return_20d,0.001579778830963665,"[{""count"": 1, ""layer"": ""valuation_hard"", ""pct"": 0.001579778830963665, ""reason"": ""momentum_min_return_20d""}, {""count"": 1, ""layer"": ""valuation_hard"", ""pct"": 0.001579778830963665, ""reason"": ""momentum_min_return_60d""}, {""count"": 1, ""layer"": ""quality_or_theme_hard"", ""pct"": 0.001579778830963665, ""reason"": ""min_interest_coverage""}, {""count"": 1, ""layer"": ""valuation_hard"", ""pct"": 0.001579778830963665, ""reason"": ""max_ps_hist_percentile""}, {""count"": 1, ""layer"": ""quality_or_theme_hard"", ""pct"": 0.001579778830963665, ""reason"": ""min_ai_link_score""}]"
base,replay_base_2023-06-30,2023-06-30,momentum,union_superset_approx,ai_peripheral,633,120,62,10,"CAT,DE,ETN,NUE,PH,PWR,CSX,STLD,EMR,VMC",min_dollar_volume,0.4455,channel_bucket_match,0.00631911532385466,"[{""count"": 4, ""layer"": ""base_hard"", ""pct"": 0.00631911532385466, ""reason"": ""channel_bucket_match""}, {""count"": 1, ""layer"": ""valuation_hard"", ""pct"": 0.001579778830963665, ""reason"": ""momentum_min_return_60d""}, {""count"": 1, ""layer"": ""quality_or_theme_hard"", ""pct"": 0.001579778830963665, ""reason"": ""min_current_ratio""}, {""count"": 1, ""layer"": ""valuation_hard"", ""pct"": 0.001579778830963665, ""reason"": ""max_pe_hist_percentile""}, {""count"": 1, ""layer"": ""quality_or_theme_hard"", ""pct"": 0.001579778830963665, ""reason"": ""min_ai_link_score""}]"
base,replay_base_2023-06-30,2023-06-30,momentum,union_superset_approx,core_ai,633,90,25,10,"AVGO,CAT,ORCL,TSLA,MCHP,DE,NFLX,KLAC,CSCO,AMAT",min_dollar_volume,0.4455,momentum_min_return_20d,0.001579778830963665,"[{""count"": 1, ""layer"": ""valuation_hard"", ""pct"": 0.001579778830963665, ""reason"": ""momentum_min_return_20d""}]"
base,replay_base_2023-06-30,2023-06-30,research_pool,union_superset_approx,ai_enabler,633,72,72,10,"EME,ATI,JCI,RTX,CSX,UNP,ACN,NUE,TT,ETN",,0.0,,0.0,[]
base,replay_base_2023-06-30,2023-06-30,research_pool,union_superset_approx,ai_peripheral,633,68,68,10,"HII,IESC,EXLS,MPC,ODFL,MOS,VLO,DAL,DVN,LYFT",,0.0,,0.0,[]
base,replay_base_2023-06-30,2023-06-30,research_pool,union_superset_approx,core_ai,633,42,42,10,"AVGO,ANET,KLAC,LRCX,CAT,NXPI,DIS,NOW,ON,TSLA",,0.0,,0.0,[]
base,replay_base_2023-07-31,2023-07-31,low_value,union_superset_approx,ai_enabler,633,126,11,10,"ANET,QCOM,CSX,LMT,UNP,GD,NUE,DIS,TXN,TER",min_dollar_volume,0.4186,min_net_income_yoy,0.001579778830963665,"[{""count"": 1, ""layer"": ""quality_or_theme_hard"", ""pct"": 0.001579778830963665, ""reason"": ""min_net_income_yoy""}, {""count"": 1, ""layer"": ""valuation_hard"", ""pct"": 0.001579778830963665, ""reason"": ""min_return_20d""}, {""count"": 1, ""layer"": ""quality_or_theme_hard"", ""pct"": 0.001579778830963665, ""reason"": ""min_ocf_to_net_income""}, {""count"": 1, ""layer"": ""valuation_hard"", ""pct"": 0.001579778830963665, ""reason"": ""max_ps_hist_percentile""}, {""count"": 1, ""layer"": ""valuation_hard"", ""pct"": 0.001579778830963665, ""reason"": ""max_pe_hist_percentile""}]"
base,replay_base_2023-07-31,2023-07-31,low_value,union_superset_approx,ai_peripheral,633,81,5,5,"CSX,LMT,UNP,GD,NUE",min_dollar_volume,0.4186,min_net_income_yoy,0.00315955766192733,"[{""count"": 2, ""layer"": ""quality_or_theme_hard"", ""pct"": 0.00315955766192733, ""reason"": ""min_net_income_yoy""}, {""count"": 1, ""layer"": ""valuation_hard"", ""pct"": 0.001579778830963665, ""reason"": ""min_return_20d""}, {""count"": 1, ""layer"": ""base_hard"", ""pct"": 0.001579778830963665, ""reason"": ""min_avg_dollar_volume_20d""}, {""count"": 1, ""layer"": ""quality_or_theme_hard"", ""pct"": 0.001579778830963665, ""reason"": ""min_current_ratio""}, {""count"": 1, ""layer"": ""valuation_hard"", ""pct"": 0.001579778830963665, ""reason"": ""max_pe_hist_percentile""}]"
base,replay_base_2023-07-31,2023-07-31,low_value,union_superset_approx,core_ai,633,16,4,4,"ANET,QCOM,DIS,ZM",min_dollar_volume,0.4186,channel_bucket_match,0.001579778830963665,"[{""count"": 1, ""layer"": ""base_hard"", ""pct"": 0.001579778830963665, ""reason"": ""channel_bucket_match""}]"
base,replay_base_2023-07-31,2023-07-31,industry_trend,union_superset_approx,ai_enabler,633,247,78,10,"UNP,LRCX,AVGO,GOOGL,CAT,KLAC,ON,QCOM,CRM,ABNB",min_dollar_volume,0.4186,trend_min_avg_dollar_volume_20d,0.004739336492890996,"[{""count"": 3, ""layer"": ""base_hard"", ""pct"": 0.004739336492890996, ""reason"": ""trend_min_avg_dollar_volume_20d""}, {""count"": 3, ""layer"": ""valuation_hard"", ""pct"": 0.004739336492890996, ""reason"": ""max_ps_hist_percentile""}, {""count"": 2, ""layer"": ""quality_or_theme_hard"", ""pct"": 0.00315955766192733, ""reason"": ""min_net_income_yoy""}, {""count"": 2, ""layer"": ""valuation_hard"", ""pct"": 0.00315955766192733, ""reason"": ""trend_min_return_60d""}, {""count"": 2, ""layer"": ""quality_or_theme_hard"", ""pct"": 0.00315955766192733, ""reason"": ""min_ai_link_score""}]"
base,replay_base_2023-07-31,2023-07-31,industry_trend,union_superset_approx,ai_peripheral,633,117,62,10,"UNP,CAT,DE,BA,UBER,ETN,PYPL,PH,GD,CSX",min_dollar_volume,0.4186,channel_bucket_match,0.004739336492890996,"[{""count"": 3, ""layer"": ""base_hard"", ""pct"": 0.004739336492890996, ""reason"": ""channel_bucket_match""}, {""count"": 2, ""layer"": ""quality_or_theme_hard"", ""pct"": 0.00315955766192733, ""reason"": ""min_net_income_yoy""}, {""count"": 2, ""layer"": ""base_hard"", ""pct"": 0.00315955766192733, ""reason"": ""trend_min_avg_dollar_volume_20d""}, {""count"": 2, ""layer"": ""valuation_hard"", ""pct"": 0.00315955766192733, ""reason"": ""max_ps_hist_percentile""}, {""count"": 1, ""layer"": ""valuation_hard"", ""pct"": 0.001579778830963665, ""reason"": ""max_ps_percentile_in_sic""}]"
base,replay_base_2023-07-31,2023-07-31,industry_trend,union_superset_approx,core_ai,633,91,26,10,"GOOGL,AVGO,LRCX,MSFT,CAT,ON,CRM,KLAC,NVDA,CSCO",min_dollar_volume,0.4186,max_ev_to_ebit,0.001579778830963665,"[{""count"": 1, ""layer"": ""quality_or_theme_hard"", ""pct"": 0.001579778830963665, ""reason"": ""max_ev_to_ebit""}, {""count"": 1, ""layer"": ""base_hard"", ""pct"": 0.001579778830963665, ""reason"": ""channel_bucket_match""}, {""count"": 1, ""layer"": ""quality_or_theme_hard"", ""pct"": 0.001579778830963665, ""reason"": ""min_ai_link_score""}]"
base,replay_base_2023-07-31,2023-07-31,momentum,union_superset_approx,ai_enabler,633,247,78,10,"UNP,LRCX,GOOGL,CAT,AVGO,ON,KLAC,QCOM,ABNB,META",min_dollar_volume,0.4186,momentum_min_return_20d,0.00315955766192733,"[{""count"": 2, ""layer"": ""valuation_hard"", ""pct"": 0.00315955766192733, ""reason"": ""momentum_min_return_20d""}, {""count"": 2, ""layer"": ""valuation_hard"", ""pct"": 0.00315955766192733, ""reason"": ""max_ps_hist_percentile""}, {""count"": 2, ""layer"": ""quality_or_theme_hard"", ""pct"": 0.00315955766192733, ""reason"": ""min_ai_link_score""}, {""count"": 1, ""layer"": ""quality_or_theme_hard"", ""pct"": 0.001579778830963665, ""reason"": ""min_net_income_yoy""}, {""count"": 1, ""layer"": ""base_hard"", ""pct"": 0.001579778830963665, ""reason"": ""momentum_min_avg_dollar_volume_20d""}]"
base,replay_base_2023-07-31,2023-07-31,momentum,union_superset_approx,ai_peripheral,633,117,62,10,"UNP,CAT,DE,UBER,BA,PYPL,FCX,ETN,NUE,PWR",min_dollar_volume,0.4186,channel_bucket_match,0.004739336492890996,"[{""count"": 3, ""layer"": ""base_hard"", ""pct"": 0.004739336492890996, ""reason"": ""channel_bucket_match""}, {""count"": 2, ""layer"": ""valuation_hard"", ""pct"": 0.00315955766192733, ""reason"": ""max_ps_hist_percentile""}, {""count"": 1, ""layer"": ""quality_or_theme_hard"", ""pct"": 0.001579778830963665, ""reason"": ""min_net_income_yoy""}, {""count"": 1, ""layer"": ""valuation_hard"", ""pct"": 0.001579778830963665, ""reason"": ""momentum_min_price_to_sma200""}, {""count"": 1, ""layer"": ""quality_or_theme_hard"", ""pct"": 0.001579778830963665, ""reason"": ""min_current_ratio""}]"
base,replay_base_2023-07-31,2023-07-31,momentum,union_superset_approx,core_ai,633,91,26,10,"GOOGL,LRCX,AVGO,CAT,ON,KLAC,CRM,SMCI,NVDA,META",min_dollar_volume,0.4186,max_ps_hist_percentile,0.00315955766192733,"[{""count"": 2, ""layer"": ""valuation_hard"", ""pct"": 0.00315955766192733, ""reason"": ""max_ps_hist_percentile""}, {""count"": 1, ""layer"": ""valuation_hard"", ""pct"": 0.001579778830963665, ""reason"": ""momentum_min_return_20d""}, {""count"": 1, ""layer"": ""quality_or_theme_hard"", ""pct"": 0.001579778830963665, ""reason"": ""min_ai_link_score""}]"
base,replay_base_2023-07-31,2023-07-31,research_pool,union_superset_approx,ai_enabler,633,65,65,10,"TRGP,EME,LMT,ATI,JCI,CSX,TT,NUE,QLYS,AKAM",,0.0,,0.0,[]
base,replay_base_2023-07-31,2023-07-31,research_pool,union_superset_approx,ai_peripheral,633,57,57,10,"HII,EXLS,EEFT,MPC,IESC,ALB,MOS,SLB,ODFL,DVN",,0.0,,0.0,[]
base,replay_base_2023-07-31,2023-07-31,research_pool,union_superset_approx,core_ai,633,45,45,10,"AVGO,ANET,LRCX,KLAC,DIS,CAT,QCOM,NOW,MCHP,TSLA",,0.0,,0.0,[]
base,replay_base_2023-08-31,2023-08-31,low_value,union_superset_approx,ai_enabler,633,129,14,10,"PYPL,LMT,JCI,UNP,MCHP,RTX,NXPI,MSFT,GD,ABNB",min_dollar_volume,0.4534,min_avg_dollar_volume_20d,0.00631911532385466,"[{""count"": 4, ""layer"": ""base_hard"", ""pct"": 0.00631911532385466, ""reason"": ""min_avg_dollar_volume_20d""}, {""count"": 2, ""layer"": ""valuation_hard"", ""pct"": 0.00315955766192733, ""reason"": ""min_value_discount_any""}, {""count"": 1, ""layer"": ""quality_or_theme_hard"", ""pct"": 0.001579778830963665, ""reason"": ""min_net_income_yoy""}, {""count"": 1, ""layer"": ""valuation_hard"", ""pct"": 0.001579778830963665, ""reason"": ""max_ps_hist_percentile""}, {""count"": 1, ""layer"": ""valuation_hard"", ""pct"": 0.001579778830963665, ""reason"": ""max_ps_percentile_in_sic""}]"
base,replay_base_2023-08-31,2023-08-31,low_value,union_superset_approx,ai_peripheral,633,82,11,10,"PYPL,CAT,LMT,JCI,RTX,UNP,GD,VMC,NUE,MLM",min_dollar_volume,0.4534,min_avg_dollar_volume_20d,0.00631911532385466,"[{""count"": 4, ""layer"": ""base_hard"", ""pct"": 0.00631911532385466, ""reason"": ""min_avg_dollar_volume_20d""}, {""count"": 2, ""layer"": ""base_hard"", ""pct"": 0.00315955766192733, ""reason"": ""channel_bucket_match""}, {""count"": 1, ""layer"": ""quality_or_theme_hard"", ""pct"": 0.001579778830963665, ""reason"": ""min_net_income_yoy""}, {""count"": 1, ""layer"": ""valuation_hard"", ""pct"": 0.001579778830963665, ""reason"": ""max_ps_hist_percentile""}, {""count"": 1, ""layer"": ""valuation_hard"", ""pct"": 0.001579778830963665, ""reason"": ""min_value_discount_any""}]"
base,replay_base_2023-08-31,2023-08-31,low_value,union_superset_approx,core_ai,633,24,3,3,"PYPL,MCHP,ADI",min_dollar_volume,0.4534,min_avg_dollar_volume_20d,0.004739336492890996,"[{""count"": 3, ""layer"": ""base_hard"", ""pct"": 0.004739336492890996, ""reason"": ""min_avg_dollar_volume_20d""}, {""count"": 1, ""layer"": ""valuation_hard"", ""pct"": 0.001579778830963665, ""reason"": ""min_value_discount_any""}, {""count"": 1, ""layer"": ""valuation_hard"", ""pct"": 0.001579778830963665, ""reason"": ""max_ps_percentile_in_sic""}]"
base,replay_base_2023-08-31,2023-08-31,industry_trend,union_superset_approx,ai_enabler,633,212,67,10,"NVDA,AVGO,CSCO,AMZN,ANET,GOOGL,CRM,GOOG,ETN,NFLX",min_dollar_volume,0.4534,trend_min_avg_dollar_volume_20d,0.00631911532385466,"[{""count"": 4, ""layer"": ""base_hard"", ""pct"": 0.00631911532385466, ""reason"": ""trend_min_avg_dollar_volume_20d""}, {""count"": 2, ""layer"": ""valuation_hard"", ""pct"": 0.00315955766192733, ""reason"": ""trend_min_return_60d""}, {""count"": 2, ""layer"": ""valuation_hard"", ""pct"": 0.00315955766192733, ""reason"": ""max_ps_hist_percentile""}, {""count"": 1, ""layer"": ""quality_or_theme_hard"", ""pct"": 0.001579778830963665, ""reason"": ""min_net_income_yoy""}, {""count"": 1, ""layer"": ""quality_or_theme_hard"", ""pct"": 0.001579778830963665, ""reason"": ""max_ev_to_ebit""}]"
base,replay_base_2023-08-31,2023-08-31,industry_trend,union_superset_approx,ai_peripheral,633,104,56,10,"ETN,CAT,LMT,UNP,DE,PH,PWR,EQIX,EMR,CSX",min_dollar_volume,0.4534,channel_bucket_match,0.009478672985781991,"[{""count"": 6, ""layer"": ""base_hard"", ""pct"": 0.009478672985781991, ""reason"": ""channel_bucket_match""}, {""count"": 4, ""layer"": ""base_hard"", ""pct"": 0.00631911532385466, ""reason"": ""trend_min_avg_dollar_volume_20d""}, {""count"": 1, ""layer"": ""quality_or_theme_hard"", ""pct"": 0.001579778830963665, ""reason"": ""min_net_income_yoy""}, {""count"": 1, ""layer"": ""quality_or_theme_hard"", ""pct"": 0.001579778830963665, ""reason"": ""min_current_ratio""}, {""count"": 1, ""layer"": ""valuation_hard"", ""pct"": 0.001579778830963665, ""reason"": ""max_ps_hist_percentile""}]"
base,replay_base_2023-08-31,2023-08-31,industry_trend,union_superset_approx,core_ai,633,79,22,10,"AVGO,NVDA,AMZN,CSCO,GOOGL,MSFT,CRM,ANET,TSLA,LRCX",min_dollar_volume,0.4534,trend_min_avg_dollar_volume_20d,0.00315955766192733,"[{""count"": 2, ""layer"": ""base_hard"", ""pct"": 0.00315955766192733, ""reason"": ""trend_min_avg_dollar_volume_20d""}, {""count"": 1, ""layer"": ""quality_or_theme_hard"", ""pct"": 0.001579778830963665, ""reason"": ""min_net_income_yoy""}, {""count"": 1, ""layer"": ""valuation_hard"", ""pct"": 0.001579778830963665, ""reason"": ""trend_min_return_60d""}, {""count"": 1, ""layer"": ""quality_or_theme_hard"", ""pct"": 0.001579778830963665, ""reason"": ""min_ai_link_score""}]"
base,replay_base_2023-08-31,2023-08-31,momentum,union_superset_approx,ai_enabler,633,212,67,10,"NVDA,CSCO,AVGO,AMZN,ANET,GOOGL,ORCL,ETN,GOOG,PWR",min_dollar_volume,0.4534,momentum_min_return_20d,0.00315955766192733,"[{""count"": 2, ""layer"": ""valuation_hard"", ""pct"": 0.00315955766192733, ""reason"": ""momentum_min_return_20d""}, {""count"": 1, ""layer"": ""quality_or_theme_hard"", ""pct"": 0.001579778830963665, ""reason"": ""max_ev_to_ebit""}, {""count"": 1, ""layer"": ""quality_or_theme_hard"", ""pct"": 0.001579778830963665, ""reason"": ""min_ai_link_score""}]"
base,replay_base_2023-08-31,2023-08-31,momentum,union_superset_approx,ai_peripheral,633,104,56,10,"ETN,PWR,CAT,EMR,RTX,LMT,VRT,EQIX,CEG,UNP",min_dollar_volume,0.4534,channel_bucket_match,0.004739336492890996,"[{""count"": 3, ""layer"": ""base_hard"", ""pct"": 0.004739336492890996, ""reason"": ""channel_bucket_match""}, {""count"": 1, ""layer"": ""valuation_hard"", ""pct"": 0.001579778830963665, ""reason"": ""momentum_min_return_20d""}]"
base,replay_base_2023-08-31,2023-08-31,momentum,union_superset_approx,core_ai,633,79,22,10,"NVDA,AVGO,CSCO,AMZN,GOOGL,ANET,ORCL,CRM,LRCX,AMAT",min_dollar_volume,0.4534,max_ev_to_ebit,0.001579778830963665,"[{""count"": 1, ""layer"": ""quality_or_theme_hard"", ""pct"": 0.001579778830963665, ""reason"": ""max_ev_to_ebit""}, {""count"": 1, ""layer"": ""valuation_hard"", ""pct"": 0.001579778830963665, ""reason"": ""momentum_min_return_20d""}, {""count"": 1, ""layer"": ""quality_or_theme_hard"", ""pct"": 0.001579778830963665, ""reason"": ""min_ai_link_score""}]"
base,replay_base_2023-08-31,2023-08-31,research_pool,union_superset_approx,ai_enabler,633,60,60,10,"LMT,EME,JCI,RTX,ATI,MLM,TT,NUE,ETN,QLYS",,0.0,,0.0,[]
base,replay_base_2023-08-31,2023-08-31,research_pool,union_superset_approx,ai_peripheral,633,49,49,10,"KEYS,IESC,EXLS,ALB,G,GPK,EEFT,DAL,SLB,VLO",,0.0,,0.0,[]
base,replay_base_2023-08-31,2023-08-31,research_pool,union_superset_approx,core_ai,633,37,37,10,"ANET,AVGO,NVDA,PYPL,CAT,KLAC,NOW,ADI,MCHP,ORCL",,0.0,,0.0,[]
base,replay_base_2023-09-29,2023-09-29,low_value,union_superset_approx,ai_enabler,635,185,13,10,"NOW,CSCO,CSX,UNP,CAT,MCHP,MSFT,ON,NXPI,GD",min_dollar_volume,0.4441,min_avg_dollar_volume_20d,0.007874015748031496,"[{""count"": 5, ""layer"": ""base_hard"", ""pct"": 0.007874015748031496, ""reason"": ""min_avg_dollar_volume_20d""}, {""count"": 2, ""layer"": ""valuation_hard"", ""pct"": 0.0031496062992125984, ""reason"": ""min_drawdown_percentile""}, {""count"": 1, ""layer"": ""valuation_hard"", ""pct"": 0.0015748031496062992, ""reason"": ""max_price_to_sma200""}, {""count"": 1, ""layer"": ""valuation_hard"", ""pct"": 0.0015748031496062992, ""reason"": ""min_return_20d""}, {""count"": 1, ""layer"": ""quality_or_theme_hard"", ""pct"": 0.0015748031496062992, ""reason"": ""min_interest_coverage""}]"
base,replay_base_2023-09-29,2023-09-29,low_value,union_superset_approx,ai_peripheral,635,102,6,6,"CSX,CAT,UNP,ETN,GD,TT",min_dollar_volume,0.4441,channel_bucket_match,0.006299212598425197,"[{""count"": 4, ""layer"": ""base_hard"", ""pct"": 0.006299212598425197, ""reason"": ""channel_bucket_match""}, {""count"": 3, ""layer"": ""base_hard"", ""pct"": 0.004724409448818898, ""reason"": ""min_avg_dollar_volume_20d""}, {""count"": 1, ""layer"": ""quality_or_theme_hard"", ""pct"": 0.0015748031496062992, ""reason"": ""min_net_income_yoy""}, {""count"": 1, ""layer"": ""valuation_hard"", ""pct"": 0.0015748031496062992, ""reason"": ""min_return_60d""}, {""count"": 1, ""layer"": ""quality_or_theme_hard"", ""pct"": 0.0015748031496062992, ""reason"": ""min_current_ratio""}]"
base,replay_base_2023-09-29,2023-09-29,low_value,union_superset_approx,core_ai,635,49,6,6,"CSCO,MSFT,MCHP,ON,NXPI,FTNT",min_dollar_volume,0.4441,min_avg_dollar_volume_20d,0.004724409448818898,"[{""count"": 3, ""layer"": ""base_hard"", ""pct"": 0.004724409448818898, ""reason"": ""min_avg_dollar_volume_20d""}, {""count"": 1, ""layer"": ""valuation_hard"", ""pct"": 0.0015748031496062992, ""reason"": ""max_price_to_sma200""}, {""count"": 1, ""layer"": ""valuation_hard"", ""pct"": 0.0015748031496062992, ""reason"": ""min_drawdown_percentile""}, {""count"": 1, ""layer"": ""valuation_hard"", ""pct"": 0.0015748031496062992, ""reason"": ""max_ps_hist_percentile""}, {""count"": 1, ""layer"": ""base_hard"", ""pct"": 0.0015748031496062992, ""reason"": ""channel_bucket_match""}]"
base,replay_base_2023-09-29,2023-09-29,industry_trend,union_superset_approx,ai_enabler,635,227,74,10,"CSX,CSCO,MSFT,AVGO,TSLA,GOOGL,ABNB,AMZN,NVDA,CAT",min_dollar_volume,0.4441,trend_min_return_60d,0.006299212598425197,"[{""count"": 4, ""layer"": ""valuation_hard"", ""pct"": 0.006299212598425197, ""reason"": ""trend_min_return_60d""}, {""count"": 3, ""layer"": ""base_hard"", ""pct"": 0.004724409448818898, ""reason"": ""trend_min_avg_dollar_volume_20d""}, {""count"": 2, ""layer"": ""quality_or_theme_hard"", ""pct"": 0.0031496062992125984, ""reason"": ""max_ev_to_ebit""}, {""count"": 2, ""layer"": ""valuation_hard"", ""pct"": 0.0031496062992125984, ""reason"": ""max_ps_hist_percentile""}, {""count"": 2, ""layer"": ""quality_or_theme_hard"", ""pct"": 0.0031496062992125984, ""reason"": ""min_ai_link_score""}]"
base,replay_base_2023-09-29,2023-09-29,industry_trend,union_superset_approx,ai_peripheral,635,112,62,10,"CSX,CAT,DE,ETN,NOC,UNP,ACN,CEG,OKE,SRE",min_dollar_volume,0.4441,channel_bucket_match,0.011023622047244094,"[{""count"": 7, ""layer"": ""base_hard"", ""pct"": 0.011023622047244094, ""reason"": ""channel_bucket_match""}, {""count"": 5, ""layer"": ""valuation_hard"", ""pct"": 0.007874015748031496, ""reason"": ""trend_min_return_60d""}, {""count"": 2, ""layer"": ""base_hard"", ""pct"": 0.0031496062992125984, ""reason"": ""trend_min_avg_dollar_volume_20d""}, {""count"": 2, ""layer"": ""quality_or_theme_hard"", ""pct"": 0.0031496062992125984, ""reason"": ""min_ai_link_score""}, {""count"": 1, ""layer"": ""quality_or_theme_hard"", ""pct"": 0.0015748031496062992, ""reason"": ""min_net_income_yoy""}]"
base,replay_base_2023-09-29,2023-09-29,industry_trend,union_superset_approx,core_ai,635,81,23,10,"MSFT,GOOGL,META,TSLA,CSCO,NVDA,AVGO,AMZN,CAT,BKNG",min_dollar_volume,0.4441,trend_min_avg_dollar_volume_20d,0.004724409448818898,"[{""count"": 3, ""layer"": ""base_hard"", ""pct"": 0.004724409448818898, ""reason"": ""trend_min_avg_dollar_volume_20d""}, {""count"": 2, ""layer"": ""valuation_hard"", ""pct"": 0.0031496062992125984, ""reason"": ""trend_min_return_60d""}, {""count"": 1, ""layer"": ""quality_or_theme_hard"", ""pct"": 0.0015748031496062992, ""reason"": ""max_ev_to_ebit""}, {""count"": 1, ""layer"": ""valuation_hard"", ""pct"": 0.0015748031496062992, ""reason"": ""max_ps_hist_percentile""}, {""count"": 1, ""layer"": ""quality_or_theme_hard"", ""pct"": 0.0015748031496062992, ""reason"": ""min_ai_link_score""}]"
base,replay_base_2023-09-29,2023-09-29,momentum,union_superset_approx,ai_enabler,635,227,74,10,"CSX,MSFT,CSCO,META,ABNB,CAT,TSLA,CEG,AVGO,ANET",min_dollar_volume,0.4441,momentum_min_return_20d,0.0031496062992125984,"[{""count"": 2, ""layer"": ""valuation_hard"", ""pct"": 0.0031496062992125984, ""reason"": ""momentum_min_return_20d""}, {""count"": 1, ""layer"": ""quality_or_theme_hard"", ""pct"": 0.0015748031496062992, ""reason"": ""max_ev_to_ebit""}]"
base,replay_base_2023-09-29,2023-09-29,momentum,union_superset_approx,ai_peripheral,635,112,62,10,"CSX,CAT,CEG,NOC,SRE,ETN,GD,EMR,OKE,UNP",min_dollar_volume,0.4441,momentum_min_return_20d,0.0015748031496062992,"[{""count"": 1, ""layer"": ""valuation_hard"", ""pct"": 0.0015748031496062992, ""reason"": ""momentum_min_return_20d""}, {""count"": 1, ""layer"": ""base_hard"", ""pct"": 0.0015748031496062992, ""reason"": ""channel_bucket_match""}]"
base,replay_base_2023-09-29,2023-09-29,momentum,union_superset_approx,core_ai,635,81,23,10,"MSFT,META,CSCO,GOOGL,TSLA,CAT,AVGO,CEG,ANET,AMZN",min_dollar_volume,0.4441,momentum_min_return_20d,0.0031496062992125984,"[{""count"": 2, ""layer"": ""valuation_hard"", ""pct"": 0.0031496062992125984, ""reason"": ""momentum_min_return_20d""}]"
base,replay_base_2023-09-29,2023-09-29,research_pool,union_superset_approx,ai_enabler,635,58,58,10,"EME,CSX,TT,GD,ETN,VRT,QLYS,LMT,ATI,JCI",,0.0,,0.0,[]
base,replay_base_2023-09-29,2023-09-29,research_pool,union_superset_approx,ai_peripheral,635,40,40,10,"ALB,EEFT,DAL,EXP,ITW,EXLS,IESC,G,GPK,VLO",,0.0,,0.0,[]
base,replay_base_2023-09-29,2023-09-29,research_pool,union_superset_approx,core_ai,635,38,38,10,"ANET,CSCO,NVDA,CAT,MCHP,NOW,FTNT,ADI,DT,TSLA",,0.0,,0.0,[]
base,replay_base_2023-10-31,2023-10-31,low_value,union_superset_approx,ai_enabler,635,217,18,10,"AVGO,NOW,ORCL,CSCO,CMI,LMT,ETN,UNP,LHX,AMZN",min_dollar_volume,0.4173,min_drawdown_percentile,0.007874015748031496,"[{""count"": 5, ""layer"": ""valuation_hard"", ""pct"": 0.007874015748031496, ""reason"": ""min_drawdown_percentile""}, {""count"": 2, ""layer"": ""valuation_hard"", ""pct"": 0.0031496062992125984, ""reason"": ""min_return_60d""}, {""count"": 2, ""layer"": ""valuation_hard"", ""pct"": 0.0031496062992125984, ""reason"": ""min_value_discount_any""}, {""count"": 1, ""layer"": ""valuation_hard"", ""pct"": 0.0015748031496062992, ""reason"": ""max_price_to_sma200""}, {""count"": 1, ""layer"": ""valuation_hard"", ""pct"": 0.0015748031496062992, ""reason"": ""max_pe_hist_percentile""}]"
base,replay_base_2023-10-31,2023-10-31,low_value,union_superset_approx,ai_peripheral,635,118,11,10,"CMI,LMT,UNP,ETN,LHX,VMC,GD,MLM,TT,PWR",min_dollar_volume,0.4173,channel_bucket_match,0.007874015748031496,"[{""count"": 5, ""layer"": ""base_hard"", ""pct"": 0.007874015748031496, ""reason"": ""channel_bucket_match""}, {""count"": 2, ""layer"": ""valuation_hard"", ""pct"": 0.0031496062992125984, ""reason"": ""min_return_60d""}, {""count"": 1, ""layer"": ""quality_or_theme_hard"", ""pct"": 0.0015748031496062992, ""reason"": ""min_net_income_yoy""}, {""count"": 1, ""layer"": ""base_hard"", ""pct"": 0.0015748031496062992, ""reason"": ""min_avg_dollar_volume_20d""}, {""count"": 1, ""layer"": ""quality_or_theme_hard"", ""pct"": 0.0015748031496062992, ""reason"": ""min_current_ratio""}]"
base,replay_base_2023-10-31,2023-10-31,low_value,union_superset_approx,core_ai,635,59,8,8,"ORCL,CSCO,MSFT,LHX,CRM,AAPL,FTNT,MPWR",min_dollar_volume,0.4173,max_price_to_sma200,0.0015748031496062992,"[{""count"": 1, ""layer"": ""valuation_hard"", ""pct"": 0.0015748031496062992, ""reason"": ""max_price_to_sma200""}, {""count"": 1, ""layer"": ""valuation_hard"", ""pct"": 0.0015748031496062992, ""reason"": ""min_return_60d""}, {""count"": 1, ""layer"": ""valuation_hard"", ""pct"": 0.0015748031496062992, ""reason"": ""min_drawdown_percentile""}, {""count"": 1, ""layer"": ""valuation_hard"", ""pct"": 0.0015748031496062992, ""reason"": ""min_value_discount_any""}]"
base,replay_base_2023-10-31,2023-10-31,industry_trend,union_superset_approx,ai_enabler,635,237,71,10,"ANET,AVGO,AMZN,MSFT,NFLX,LMT,NOW,KLAC,IBM,ETN",min_dollar_volume,0.4173,trend_min_return_60d,0.014173228346456693,"[{""count"": 9, ""layer"": ""valuation_hard"", ""pct"": 0.014173228346456693, ""reason"": ""trend_min_return_60d""}, {""count"": 2, ""layer"": ""base_hard"", ""pct"": 0.0031496062992125984, ""reason"": ""trend_min_avg_dollar_volume_20d""}]"
base,replay_base_2023-10-31,2023-10-31,industry_trend,union_superset_approx,ai_peripheral,635,122,61,10,"LMT,ETN,GD,UNP,NOC,RTX,DE,PWR,CCI,NEE",min_dollar_volume,0.4173,trend_min_return_60d,0.004724409448818898,"[{""count"": 3, ""layer"": ""valuation_hard"", ""pct"": 0.004724409448818898, ""reason"": ""trend_min_return_60d""}, {""count"": 3, ""layer"": ""base_hard"", ""pct"": 0.004724409448818898, ""reason"": ""channel_bucket_match""}, {""count"": 1, ""layer"": ""valuation_hard"", ""pct"": 0.0015748031496062992, ""reason"": ""max_ps_hist_percentile""}, {""count"": 1, ""layer"": ""valuation_hard"", ""pct"": 0.0015748031496062992, ""reason"": ""max_pe_hist_percentile""}, {""count"": 1, ""layer"": ""quality_or_theme_hard"", ""pct"": 0.0015748031496062992, ""reason"": ""min_ai_link_score""}]"
base,replay_base_2023-10-31,2023-10-31,industry_trend,union_superset_approx,core_ai,635,80,23,10,"AVGO,MSFT,AMZN,ANET,NFLX,NVDA,KLAC,NOW,GOOGL,CSCO",min_dollar_volume,0.4173,trend_min_return_60d,0.006299212598425197,"[{""count"": 4, ""layer"": ""valuation_hard"", ""pct"": 0.006299212598425197, ""reason"": ""trend_min_return_60d""}, {""count"": 2, ""layer"": ""base_hard"", ""pct"": 0.0031496062992125984, ""reason"": ""trend_min_avg_dollar_volume_20d""}, {""count"": 1, ""layer"": ""quality_or_theme_hard"", ""pct"": 0.0015748031496062992, ""reason"": ""max_ev_to_ebit""}, {""count"": 1, ""layer"": ""base_hard"", ""pct"": 0.0015748031496062992, ""reason"": ""channel_bucket_match""}]"
base,replay_base_2023-10-31,2023-10-31,momentum,union_superset_approx,ai_enabler,635,237,71,10,"ANET,AMZN,AVGO,NFLX,MSFT,KLAC,LMT,NOW,IBM,GD",min_dollar_volume,0.4173,momentum_min_return_60d,0.0015748031496062992,"[{""count"": 1, ""layer"": ""valuation_hard"", ""pct"": 0.0015748031496062992, ""reason"": ""momentum_min_return_60d""}, {""count"": 1, ""layer"": ""base_hard"", ""pct"": 0.0015748031496062992, ""reason"": ""momentum_min_avg_dollar_volume_20d""}]"
base,replay_base_2023-10-31,2023-10-31,momentum,union_superset_approx,ai_peripheral,635,122,61,10,"LMT,GD,CCI,NOC,SRE,UNP,ETN,RTX,NEE,VRT",min_dollar_volume,0.4173,channel_bucket_match,0.0031496062992125984,"[{""count"": 2, ""layer"": ""base_hard"", ""pct"": 0.0031496062992125984, ""reason"": ""channel_bucket_match""}, {""count"": 1, ""layer"": ""valuation_hard"", ""pct"": 0.0015748031496062992, ""reason"": ""max_pe_hist_percentile""}]"
base,replay_base_2023-10-31,2023-10-31,momentum,union_superset_approx,core_ai,635,80,23,10,"AVGO,MSFT,ANET,AMZN,NFLX,KLAC,NOW,IBM,ORCL,CSCO",min_dollar_volume,0.4173,max_ev_to_ebit,0.0015748031496062992,"[{""count"": 1, ""layer"": ""quality_or_theme_hard"", ""pct"": 0.0015748031496062992, ""reason"": ""max_ev_to_ebit""}, {""count"": 1, ""layer"": ""valuation_hard"", ""pct"": 0.0015748031496062992, ""reason"": ""momentum_min_return_60d""}, {""count"": 1, ""layer"": ""base_hard"", ""pct"": 0.0015748031496062992, ""reason"": ""momentum_min_avg_dollar_volume_20d""}]"
base,replay_base_2023-10-31,2023-10-31,research_pool,union_superset_approx,ai_enabler,635,65,65,10,"CMI,LMT,EME,ETN,TT,MLM,VMC,EQIX,VRT,PWR",,0.0,,0.0,[]
base,replay_base_2023-10-31,2023-10-31,research_pool,union_superset_approx,ai_peripheral,635,51,51,10,"IESC,ALB,G,EXLS,DAL,SLB,IBP,KEYS,EEFT,GPK",,0.0,,0.0,[]
base,replay_base_2023-10-31,2023-10-31,research_pool,union_superset_approx,core_ai,635,44,44,10,"ANET,AVGO,ORCL,LHX,NOW,CSCO,CRM,FTNT,DT,META",,0.0,,0.0,[]
base,replay_base_2023-11-30,2023-11-30,low_value,union_superset_approx,ai_enabler,635,159,16,10,"PYPL,ORCL,CAT,JCI,ON,LMT,AMAT,UNP,MCHP,GOOGL",min_dollar_volume,0.4346,max_price_to_sma200,0.0031496062992125984,"[{""count"": 2, ""layer"": ""valuation_hard"", ""pct"": 0.0031496062992125984, ""reason"": ""max_price_to_sma200""}, {""count"": 2, ""layer"": ""valuation_hard"", ""pct"": 0.0031496062992125984, ""reason"": ""min_value_discount_any""}, {""count"": 1, ""layer"": ""valuation_hard"", ""pct"": 0.0015748031496062992, ""reason"": ""min_return_60d""}]"
base,replay_base_2023-11-30,2023-11-30,low_value,union_superset_approx,ai_peripheral,635,98,11,10,"PYPL,JCI,CAT,LMT,UNP,ETN,LHX,GD,VMC,NUE",min_dollar_volume,0.4346,channel_bucket_match,0.006299212598425197,"[{""count"": 4, ""layer"": ""base_hard"", ""pct"": 0.006299212598425197, ""reason"": ""channel_bucket_match""}, {""count"": 2, ""layer"": ""base_hard"", ""pct"": 0.0031496062992125984, ""reason"": ""min_avg_dollar_volume_20d""}, {""count"": 1, ""layer"": ""valuation_hard"", ""pct"": 0.0015748031496062992, ""reason"": ""max_pe_hist_percentile""}]"
base,replay_base_2023-11-30,2023-11-30,low_value,union_superset_approx,core_ai,635,30,7,7,"PYPL,CAT,ON,TSLA,MCHP,LHX,NXPI",min_dollar_volume,0.4346,min_return_60d,0.0015748031496062992,"[{""count"": 1, ""layer"": ""valuation_hard"", ""pct"": 0.0015748031496062992, ""reason"": ""min_return_60d""}, {""count"": 1, ""layer"": ""base_hard"", ""pct"": 0.0015748031496062992, ""reason"": ""min_avg_dollar_volume_20d""}, {""count"": 1, ""layer"": ""base_hard"", ""pct"": 0.0015748031496062992, ""reason"": ""channel_bucket_match""}]"
base,replay_base_2023-11-30,2023-11-30,industry_trend,union_superset_approx,ai_enabler,635,251,72,10,"CRM,NVDA,AVGO,TSLA,NFLX,CCI,PWR,AMZN,MSFT,NOW",min_dollar_volume,0.4346,trend_min_return_60d,0.006299212598425197,"[{""count"": 4, ""layer"": ""valuation_hard"", ""pct"": 0.006299212598425197, ""reason"": ""trend_min_return_60d""}, {""count"": 3, ""layer"": ""base_hard"", ""pct"": 0.004724409448818898, ""reason"": ""trend_min_avg_dollar_volume_20d""}, {""count"": 2, ""layer"": ""valuation_hard"", ""pct"": 0.0031496062992125984, ""reason"": ""max_ps_hist_percentile""}, {""count"": 1, ""layer"": ""quality_or_theme_hard"", ""pct"": 0.0015748031496062992, ""reason"": ""max_ev_to_ebit""}, {""count"": 1, ""layer"": ""quality_or_theme_hard"", ""pct"": 0.0015748031496062992, ""reason"": ""min_interest_coverage""}]"
base,replay_base_2023-11-30,2023-11-30,industry_trend,union_superset_approx,ai_peripheral,635,123,60,10,"CCI,PWR,UNP,CAT,PH,ETN,CSX,ACN,BA,NUE",min_dollar_volume,0.4346,channel_bucket_match,0.011023622047244094,"[{""count"": 7, ""layer"": ""base_hard"", ""pct"": 0.011023622047244094, ""reason"": ""channel_bucket_match""}, {""count"": 2, ""layer"": ""valuation_hard"", ""pct"": 0.0031496062992125984, ""reason"": ""trend_min_return_60d""}, {""count"": 2, ""layer"": ""base_hard"", ""pct"": 0.0031496062992125984, ""reason"": ""trend_min_avg_dollar_volume_20d""}, {""count"": 2, ""layer"": ""valuation_hard"", ""pct"": 0.0031496062992125984, ""reason"": ""max_ps_hist_percentile""}, {""count"": 1, ""layer"": ""valuation_hard"", ""pct"": 0.0015748031496062992, ""reason"": ""max_pe_hist_percentile""}]"
base,replay_base_2023-11-30,2023-11-30,industry_trend,union_superset_approx,core_ai,635,86,24,10,"CRM,NVDA,AVGO,MSFT,GOOGL,AMZN,TSLA,NFLX,KLAC,CSCO",min_dollar_volume,0.4346,min_ai_link_score,0.0031496062992125984,"[{""count"": 2, ""layer"": ""quality_or_theme_hard"", ""pct"": 0.0031496062992125984, ""reason"": ""min_ai_link_score""}, {""count"": 1, ""layer"": ""quality_or_theme_hard"", ""pct"": 0.0015748031496062992, ""reason"": ""max_ev_to_ebit""}, {""count"": 1, ""layer"": ""valuation_hard"", ""pct"": 0.0015748031496062992, ""reason"": ""trend_min_return_60d""}, {""count"": 1, ""layer"": ""base_hard"", ""pct"": 0.0015748031496062992, ""reason"": ""trend_min_avg_dollar_volume_20d""}, {""count"": 1, ""layer"": ""base_hard"", ""pct"": 0.0015748031496062992, ""reason"": ""channel_bucket_match""}]"
base,replay_base_2023-11-30,2023-11-30,momentum,union_superset_approx,ai_enabler,635,251,72,10,"CRM,CCI,PWR,NVDA,AVGO,TSLA,KLAC,NFLX,LRCX,SNOW",min_dollar_volume,0.4346,momentum_min_return_60d,0.004724409448818898,"[{""count"": 3, ""layer"": ""valuation_hard"", ""pct"": 0.004724409448818898, ""reason"": ""momentum_min_return_60d""}, {""count"": 3, ""layer"": ""base_hard"", ""pct"": 0.004724409448818898, ""reason"": ""momentum_min_avg_dollar_volume_20d""}, {""count"": 1, ""layer"": ""quality_or_theme_hard"", ""pct"": 0.0015748031496062992, ""reason"": ""max_ev_to_ebit""}, {""count"": 1, ""layer"": ""quality_or_theme_hard"", ""pct"": 0.0015748031496062992, ""reason"": ""min_interest_coverage""}]"
base,replay_base_2023-11-30,2023-11-30,momentum,union_superset_approx,ai_peripheral,635,123,60,10,"CCI,PWR,PH,CAT,CSX,UNP,D,NUE,ETN,BA",min_dollar_volume,0.4346,channel_bucket_match,0.006299212598425197,"[{""count"": 4, ""layer"": ""base_hard"", ""pct"": 0.006299212598425197, ""reason"": ""channel_bucket_match""}, {""count"": 1, ""layer"": ""valuation_hard"", ""pct"": 0.0015748031496062992, ""reason"": ""momentum_min_return_60d""}, {""count"": 1, ""layer"": ""valuation_hard"", ""pct"": 0.0015748031496062992, ""reason"": ""max_ps_hist_percentile""}, {""count"": 1, ""layer"": ""valuation_hard"", ""pct"": 0.0015748031496062992, ""reason"": ""max_pe_hist_percentile""}]"
base,replay_base_2023-11-30,2023-11-30,momentum,union_superset_approx,core_ai,635,86,24,10,"CRM,AVGO,NVDA,MSFT,ORCL,TSLA,KLAC,NFLX,LRCX,AMZN",min_dollar_volume,0.4346,max_ev_to_ebit,0.0015748031496062992,"[{""count"": 1, ""layer"": ""quality_or_theme_hard"", ""pct"": 0.0015748031496062992, ""reason"": ""max_ev_to_ebit""}, {""count"": 1, ""layer"": ""valuation_hard"", ""pct"": 0.0015748031496062992, ""reason"": ""momentum_min_return_60d""}, {""count"": 1, ""layer"": ""quality_or_theme_hard"", ""pct"": 0.0015748031496062992, ""reason"": ""min_ai_link_score""}]"
base,replay_base_2023-11-30,2023-11-30,research_pool,union_superset_approx,ai_enabler,635,71,71,10,"LMT,EME,JCI,TT,PH,HPE,NUE,VRT,ETN,PWR",,0.0,,0.0,[]
base,replay_base_2023-11-30,2023-11-30,research_pool,union_superset_approx,ai_peripheral,635,51,51,10,"SLB,IESC,ALB,GPK,VLO,DAL,EEFT,KIM,KEX,EXLS",,0.0,,0.0,[]
base,replay_base_2023-11-30,2023-11-30,research_pool,union_superset_approx,core_ai,635,42,42,10,"ANET,AVGO,NVDA,ON,SMCI,CAT,PYPL,LHX,NOW,MCHP",,0.0,,0.0,[]
base,replay_base_2023-12-29,2023-12-29,low_value,union_superset_approx,ai_enabler,635,122,15,10,"PYPL,CSCO,JCI,ON,LMT,MCHP,ABNB,LHX,TSLA,NSC",min_dollar_volume,0.5213,min_value_discount_any,0.0031496062992125984,"[{""count"": 2, ""layer"": ""valuation_hard"", ""pct"": 0.0031496062992125984, ""reason"": ""min_value_discount_any""}]"
base,replay_base_2023-12-29,2023-12-29,low_value,union_superset_approx,ai_peripheral,635,85,8,8,"PYPL,JCI,LMT,CSX,LHX,NSC,NUE,EQIX",min_dollar_volume,0.5213,channel_bucket_match,0.004724409448818898,"[{""count"": 3, ""layer"": ""base_hard"", ""pct"": 0.004724409448818898, ""reason"": ""channel_bucket_match""}, {""count"": 1, ""layer"": ""base_hard"", ""pct"": 0.0015748031496062992, ""reason"": ""min_avg_dollar_volume_20d""}]"
base,replay_base_2023-12-29,2023-12-29,low_value,union_superset_approx,core_ai,635,17,9,9,"CSCO,PYPL,ON,ABNB,TSLA,TXN,FTNT,ZM,TER",min_dollar_volume,0.5213,min_avg_dollar_volume_20d,0.0015748031496062992,"[{""count"": 1, ""layer"": ""base_hard"", ""pct"": 0.0015748031496062992, ""reason"": ""min_avg_dollar_volume_20d""}, {""count"": 1, ""layer"": ""base_hard"", ""pct"": 0.0015748031496062992, ""reason"": ""channel_bucket_match""}]"
base,replay_base_2023-12-29,2023-12-29,industry_trend,union_superset_approx,ai_enabler,635,243,74,10,"AVGO,CAT,NVDA,GOOGL,PWR,AMZN,CSCO,META,GOOG,DE",min_dollar_volume,0.5213,trend_min_avg_dollar_volume_20d,0.0031496062992125984,"[{""count"": 2, ""layer"": ""base_hard"", ""pct"": 0.0031496062992125984, ""reason"": ""trend_min_avg_dollar_volume_20d""}, {""count"": 2, ""layer"": ""quality_or_theme_hard"", ""pct"": 0.0031496062992125984, ""reason"": ""min_ai_link_score""}, {""count"": 1, ""layer"": ""quality_or_theme_hard"", ""pct"": 0.0015748031496062992, ""reason"": ""max_ev_to_ebit""}, {""count"": 1, ""layer"": ""valuation_hard"", ""pct"": 0.0015748031496062992, ""reason"": ""trend_min_return_60d""}, {""count"": 1, ""layer"": ""quality_or_theme_hard"", ""pct"": 0.0015748031496062992, ""reason"": ""max_shares_yoy""}]"
base,replay_base_2023-12-29,2023-12-29,industry_trend,union_superset_approx,ai_peripheral,635,118,58,10,"CAT,DE,PWR,UNP,FCX,ETN,PH,CSX,LMT,PYPL",min_dollar_volume,0.5213,channel_bucket_match,0.012598425196850394,"[{""count"": 8, ""layer"": ""base_hard"", ""pct"": 0.012598425196850394, ""reason"": ""channel_bucket_match""}, {""count"": 2, ""layer"": ""valuation_hard"", ""pct"": 0.0031496062992125984, ""reason"": ""max_ps_hist_percentile""}, {""count"": 1, ""layer"": ""base_hard"", ""pct"": 0.0015748031496062992, ""reason"": ""trend_min_avg_dollar_volume_20d""}, {""count"": 1, ""layer"": ""quality_or_theme_hard"", ""pct"": 0.0015748031496062992, ""reason"": ""min_ai_link_score""}]"
base,replay_base_2023-12-29,2023-12-29,industry_trend,union_superset_approx,core_ai,635,83,24,10,"AVGO,NVDA,CAT,GOOGL,AMZN,META,MSFT,CSCO,NFLX,TSLA",min_dollar_volume,0.5213,trend_min_avg_dollar_volume_20d,0.004724409448818898,"[{""count"": 3, ""layer"": ""base_hard"", ""pct"": 0.004724409448818898, ""reason"": ""trend_min_avg_dollar_volume_20d""}, {""count"": 1, ""layer"": ""valuation_hard"", ""pct"": 0.0015748031496062992, ""reason"": ""trend_min_return_60d""}, {""count"": 1, ""layer"": ""quality_or_theme_hard"", ""pct"": 0.0015748031496062992, ""reason"": ""max_shares_yoy""}, {""count"": 1, ""layer"": ""base_hard"", ""pct"": 0.0015748031496062992, ""reason"": ""channel_bucket_match""}, {""count"": 1, ""layer"": ""quality_or_theme_hard"", ""pct"": 0.0015748031496062992, ""reason"": ""min_ai_link_score""}]"
base,replay_base_2023-12-29,2023-12-29,momentum,union_superset_approx,ai_enabler,635,243,74,10,"AVGO,CAT,PWR,NVDA,GOOGL,ON,DE,CSCO,UNP,META",min_dollar_volume,0.5213,momentum_min_avg_dollar_volume_20d,0.0031496062992125984,"[{""count"": 2, ""layer"": ""base_hard"", ""pct"": 0.0031496062992125984, ""reason"": ""momentum_min_avg_dollar_volume_20d""}, {""count"": 1, ""layer"": ""valuation_hard"", ""pct"": 0.0015748031496062992, ""reason"": ""momentum_min_return_20d""}, {""count"": 1, ""layer"": ""valuation_hard"", ""pct"": 0.0015748031496062992, ""reason"": ""momentum_min_price_to_sma200""}, {""count"": 1, ""layer"": ""quality_or_theme_hard"", ""pct"": 0.0015748031496062992, ""reason"": ""max_shares_yoy""}, {""count"": 1, ""layer"": ""valuation_hard"", ""pct"": 0.0015748031496062992, ""reason"": ""max_ps_hist_percentile""}]"
base,replay_base_2023-12-29,2023-12-29,momentum,union_superset_approx,ai_peripheral,635,118,58,10,"CAT,PWR,DE,FCX,UNP,CSX,ETN,PH,CRH,VRT",min_dollar_volume,0.5213,channel_bucket_match,0.006299212598425197,"[{""count"": 4, ""layer"": ""base_hard"", ""pct"": 0.006299212598425197, ""reason"": ""channel_bucket_match""}, {""count"": 2, ""layer"": ""valuation_hard"", ""pct"": 0.0031496062992125984, ""reason"": ""max_ps_hist_percentile""}, {""count"": 1, ""layer"": ""valuation_hard"", ""pct"": 0.0015748031496062992, ""reason"": ""momentum_min_price_to_sma200""}, {""count"": 1, ""layer"": ""base_hard"", ""pct"": 0.0015748031496062992, ""reason"": ""momentum_min_avg_dollar_volume_20d""}]"
base,replay_base_2023-12-29,2023-12-29,momentum,union_superset_approx,core_ai,635,83,24,10,"AVGO,CAT,NVDA,GOOGL,META,ON,CSCO,ANET,CRM,AMZN",min_dollar_volume,0.5213,momentum_min_return_20d,0.0015748031496062992,"[{""count"": 1, ""layer"": ""valuation_hard"", ""pct"": 0.0015748031496062992, ""reason"": ""momentum_min_return_20d""}, {""count"": 1, ""layer"": ""base_hard"", ""pct"": 0.0015748031496062992, ""reason"": ""momentum_min_avg_dollar_volume_20d""}, {""count"": 1, ""layer"": ""quality_or_theme_hard"", ""pct"": 0.0015748031496062992, ""reason"": ""max_shares_yoy""}, {""count"": 1, ""layer"": ""valuation_hard"", ""pct"": 0.0015748031496062992, ""reason"": ""max_ps_hist_percentile""}, {""count"": 1, ""layer"": ""quality_or_theme_hard"", ""pct"": 0.0015748031496062992, ""reason"": ""min_ai_link_score""}]"
base,replay_base_2023-12-29,2023-12-29,research_pool,union_superset_approx,ai_enabler,635,70,70,10,"LMT,EME,JCI,TT,PH,LEU,MLM,CSX,ACN,CHKP",,0.0,,0.0,[]
base,replay_base_2023-12-29,2023-12-29,research_pool,union_superset_approx,ai_peripheral,635,49,49,10,"IESC,GPK,DAL,ALB,EEFT,EXLS,SLB,EXP,G,KEX",,0.0,,0.0,[]
base,replay_base_2023-12-29,2023-12-29,research_pool,union_superset_approx,core_ai,635,47,47,10,"ANET,CSCO,NVDA,AVGO,CAT,ON,PYPL,LHX,QCOM,NOW",,0.0,,0.0,[]
base,replay_base_2024-01-31,2024-01-31,low_value,union_superset_approx,ai_enabler,637,141,16,10,"ORCL,PYPL,CSCO,JCI,ON,GOOGL,MCHP,NXPI,LHX,DIS",min_dollar_volume,0.4035,min_value_discount_any,0.0031397174254317113,"[{""count"": 2, ""layer"": ""valuation_hard"", ""pct"": 0.0031397174254317113, ""reason"": ""min_value_discount_any""}, {""count"": 1, ""layer"": ""valuation_hard"", ""pct"": 0.0015698587127158557, ""reason"": ""max_price_to_sma200""}, {""count"": 1, ""layer"": ""valuation_hard"", ""pct"": 0.0015698587127158557, ""reason"": ""min_return_20d""}, {""count"": 1, ""layer"": ""base_hard"", ""pct"": 0.0015698587127158557, ""reason"": ""min_avg_dollar_volume_20d""}, {""count"": 1, ""layer"": ""valuation_hard"", ""pct"": 0.0015698587127158557, ""reason"": ""max_ps_hist_percentile""}]"
base,replay_base_2024-01-31,2024-01-31,low_value,union_superset_approx,ai_peripheral,637,102,15,10,"PYPL,JCI,CAT,PH,LHX,UNP,ETN,ACN,GD,NSC",min_dollar_volume,0.4035,channel_bucket_match,0.006279434850863423,"[{""count"": 4, ""layer"": ""base_hard"", ""pct"": 0.006279434850863423, ""reason"": ""channel_bucket_match""}, {""count"": 2, ""layer"": ""base_hard"", ""pct"": 0.0031397174254317113, ""reason"": ""min_avg_dollar_volume_20d""}, {""count"": 1, ""layer"": ""quality_or_theme_hard"", ""pct"": 0.0015698587127158557, ""reason"": ""min_current_ratio""}]"
base,replay_base_2024-01-31,2024-01-31,low_value,union_superset_approx,core_ai,637,27,12,10,"CSCO,ORCL,PYPL,GOOGL,ON,MCHP,LHX,NXPI,DIS,AAPL",min_dollar_volume,0.4035,,0.0,[]
base,replay_base_2024-01-31,2024-01-31,industry_trend,union_superset_approx,ai_enabler,637,249,76,10,"NVDA,AVGO,ANET,NFLX,IBM,MSFT,AMZN,META,CRM,CSCO",min_dollar_volume,0.4035,trend_min_avg_dollar_volume_20d,0.006279434850863423,"[{""count"": 4, ""layer"": ""base_hard"", ""pct"": 0.006279434850863423, ""reason"": ""trend_min_avg_dollar_volume_20d""}, {""count"": 2, ""layer"": ""valuation_hard"", ""pct"": 0.0031397174254317113, ""reason"": ""max_ps_hist_percentile""}, {""count"": 1, ""layer"": ""quality_or_theme_hard"", ""pct"": 0.0015698587127158557, ""reason"": ""max_ev_to_ebit""}, {""count"": 1, ""layer"": ""valuation_hard"", ""pct"": 0.0015698587127158557, ""reason"": ""trend_min_return_60d""}, {""count"": 1, ""layer"": ""quality_or_theme_hard"", ""pct"": 0.0015698587127158557, ""reason"": ""max_shares_yoy""}]"
base,replay_base_2024-01-31,2024-01-31,industry_trend,union_superset_approx,ai_peripheral,637,120,61,10,"CAT,ETN,CSX,PH,GD,UNP,ACN,DE,NUE,TT",min_dollar_volume,0.4035,channel_bucket_match,0.012558869701726845,"[{""count"": 8, ""layer"": ""base_hard"", ""pct"": 0.012558869701726845, ""reason"": ""channel_bucket_match""}, {""count"": 2, ""layer"": ""base_hard"", ""pct"": 0.0031397174254317113, ""reason"": ""trend_min_avg_dollar_volume_20d""}, {""count"": 1, ""layer"": ""valuation_hard"", ""pct"": 0.0015698587127158557, ""reason"": ""trend_min_return_60d""}, {""count"": 1, ""layer"": ""quality_or_theme_hard"", ""pct"": 0.0015698587127158557, ""reason"": ""min_current_ratio""}, {""count"": 1, ""layer"": ""valuation_hard"", ""pct"": 0.0015698587127158557, ""reason"": ""max_ps_hist_percentile""}]"
base,replay_base_2024-01-31,2024-01-31,industry_trend,union_superset_approx,core_ai,637,87,25,10,"NVDA,AVGO,MSFT,NFLX,ANET,GOOGL,META,AMZN,IBM,CSCO",min_dollar_volume,0.4035,trend_min_avg_dollar_volume_20d,0.004709576138147566,"[{""count"": 3, ""layer"": ""base_hard"", ""pct"": 0.004709576138147566, ""reason"": ""trend_min_avg_dollar_volume_20d""}, {""count"": 1, ""layer"": ""quality_or_theme_hard"", ""pct"": 0.0015698587127158557, ""reason"": ""max_ev_to_ebit""}, {""count"": 1, ""layer"": ""quality_or_theme_hard"", ""pct"": 0.0015698587127158557, ""reason"": ""max_shares_yoy""}, {""count"": 1, ""layer"": ""quality_or_theme_hard"", ""pct"": 0.0015698587127158557, ""reason"": ""min_ai_link_score""}]"
base,replay_base_2024-01-31,2024-01-31,momentum,union_superset_approx,ai_enabler,637,249,76,10,"NVDA,AVGO,NFLX,IBM,ANET,CRM,META,MSFT,AMZN,LRCX",min_dollar_volume,0.4035,momentum_min_avg_dollar_volume_20d,0.0031397174254317113,"[{""count"": 2, ""layer"": ""base_hard"", ""pct"": 0.0031397174254317113, ""reason"": ""momentum_min_avg_dollar_volume_20d""}, {""count"": 1, ""layer"": ""quality_or_theme_hard"", ""pct"": 0.0015698587127158557, ""reason"": ""max_ev_to_ebit""}, {""count"": 1, ""layer"": ""quality_or_theme_hard"", ""pct"": 0.0015698587127158557, ""reason"": ""max_shares_yoy""}]"
base,replay_base_2024-01-31,2024-01-31,momentum,union_superset_approx,ai_peripheral,637,120,61,10,"CAT,CSX,ETN,NUE,PH,UNP,CRH,GD,RTX,VRT",min_dollar_volume,0.4035,channel_bucket_match,0.007849293563579277,"[{""count"": 5, ""layer"": ""base_hard"", ""pct"": 0.007849293563579277, ""reason"": ""channel_bucket_match""}]"
base,replay_base_2024-01-31,2024-01-31,momentum,union_superset_approx,core_ai,637,87,25,10,"NVDA,AVGO,NFLX,IBM,ANET,MSFT,CRM,META,AMZN,MRVL",min_dollar_volume,0.4035,momentum_min_avg_dollar_volume_20d,0.0031397174254317113,"[{""count"": 2, ""layer"": ""base_hard"", ""pct"": 0.0031397174254317113, ""reason"": ""momentum_min_avg_dollar_volume_20d""}, {""count"": 1, ""layer"": ""quality_or_theme_hard"", ""pct"": 0.0015698587127158557, ""reason"": ""max_ev_to_ebit""}, {""count"": 1, ""layer"": ""quality_or_theme_hard"", ""pct"": 0.0015698587127158557, ""reason"": ""max_shares_yoy""}]"
base,replay_base_2024-01-31,2024-01-31,research_pool,union_superset_approx,ai_enabler,637,63,63,10,"JCI,EME,TT,LEU,PH,MLM,CSX,ETN,PWR,VMC",,0.0,,0.0,[]
base,replay_base_2024-01-31,2024-01-31,research_pool,union_superset_approx,ai_peripheral,637,39,39,10,"ALB,SLB,IESC,DAL,EXLS,KEX,EEFT,GPK,EXP,G",,0.0,,0.0,[]
base,replay_base_2024-01-31,2024-01-31,research_pool,union_superset_approx,core_ai,637,44,44,10,"ANET,CSCO,NVDA,AVGO,ON,PYPL,CAT,NFLX,LHX,ORCL",,0.0,,0.0,[]
base,replay_base_2024-02-29,2024-02-29,low_value,union_superset_approx,ai_enabler,638,132,11,10,"ORCL,PYPL,CSCO,JCI,GOOGL,MCHP,TSLA,LHX,TXN,TER",min_dollar_volume,0.3966,max_ps_hist_percentile,0.004702194357366771,"[{""count"": 3, ""layer"": ""valuation_hard"", ""pct"": 0.004702194357366771, ""reason"": ""max_ps_hist_percentile""}, {""count"": 1, ""layer"": ""valuation_hard"", ""pct"": 0.001567398119122257, ""reason"": ""max_price_to_sma200""}, {""count"": 1, ""layer"": ""quality_or_theme_hard"", ""pct"": 0.001567398119122257, ""reason"": ""min_current_ratio""}, {""count"": 1, ""layer"": ""quality_or_theme_hard"", ""pct"": 0.001567398119122257, ""reason"": ""min_ai_link_score""}]"
base,replay_base_2024-02-29,2024-02-29,low_value,union_superset_approx,ai_peripheral,638,79,6,6,"PYPL,JCI,CSX,UNP,LHX,NSC",min_dollar_volume,0.3966,channel_bucket_match,0.003134796238244514,"[{""count"": 2, ""layer"": ""base_hard"", ""pct"": 0.003134796238244514, ""reason"": ""channel_bucket_match""}, {""count"": 1, ""layer"": ""base_hard"", ""pct"": 0.001567398119122257, ""reason"": ""min_avg_dollar_volume_20d""}]"
base,replay_base_2024-02-29,2024-02-29,low_value,union_superset_approx,core_ai,638,31,9,9,"CSCO,ORCL,PYPL,GOOGL,TSLA,MCHP,TXN,TER,FTNT",min_dollar_volume,0.3966,max_ps_hist_percentile,0.001567398119122257,"[{""count"": 1, ""layer"": ""valuation_hard"", ""pct"": 0.001567398119122257, ""reason"": ""max_ps_hist_percentile""}, {""count"": 1, ""layer"": ""quality_or_theme_hard"", ""pct"": 0.001567398119122257, ""reason"": ""min_ai_link_score""}]"
base,replay_base_2024-02-29,2024-02-29,industry_trend,union_superset_approx,ai_enabler,638,273,80,10,"NVDA,AVGO,CRH,NFLX,CRM,PWR,META,ETN,CAT,PH",min_dollar_volume,0.3966,max_ps_hist_percentile,0.004702194357366771,"[{""count"": 3, ""layer"": ""valuation_hard"", ""pct"": 0.004702194357366771, ""reason"": ""max_ps_hist_percentile""}, {""count"": 1, ""layer"": ""quality_or_theme_hard"", ""pct"": 0.001567398119122257, ""reason"": ""max_ev_to_ebit""}, {""count"": 1, ""layer"": ""base_hard"", ""pct"": 0.001567398119122257, ""reason"": ""trend_min_avg_dollar_volume_20d""}, {""count"": 1, ""layer"": ""quality_or_theme_hard"", ""pct"": 0.001567398119122257, ""reason"": ""max_shares_yoy""}, {""count"": 1, ""layer"": ""quality_or_theme_hard"", ""pct"": 0.001567398119122257, ""reason"": ""min_ai_link_score""}]"
base,replay_base_2024-02-29,2024-02-29,industry_trend,union_superset_approx,ai_peripheral,638,134,65,10,"CRH,ETN,CAT,PH,GE,PWR,EME,VRT,VMC,UNP",min_dollar_volume,0.3966,channel_bucket_match,0.007836990595611285,"[{""count"": 5, ""layer"": ""base_hard"", ""pct"": 0.007836990595611285, ""reason"": ""channel_bucket_match""}, {""count"": 2, ""layer"": ""valuation_hard"", ""pct"": 0.003134796238244514, ""reason"": ""max_ps_hist_percentile""}, {""count"": 1, ""layer"": ""base_hard"", ""pct"": 0.001567398119122257, ""reason"": ""trend_min_avg_dollar_volume_20d""}]"
base,replay_base_2024-02-29,2024-02-29,industry_trend,union_superset_approx,core_ai,638,95,26,10,"NVDA,AVGO,CRM,MSFT,GOOGL,NFLX,ANET,TSLA,CAT,AMAT",min_dollar_volume,0.3966,max_ev_to_ebit,0.001567398119122257,"[{""count"": 1, ""layer"": ""quality_or_theme_hard"", ""pct"": 0.001567398119122257, ""reason"": ""max_ev_to_ebit""}, {""count"": 1, ""layer"": ""quality_or_theme_hard"", ""pct"": 0.001567398119122257, ""reason"": ""max_shares_yoy""}, {""count"": 1, ""layer"": ""valuation_hard"", ""pct"": 0.001567398119122257, ""reason"": ""max_ps_hist_percentile""}, {""count"": 1, ""layer"": ""quality_or_theme_hard"", ""pct"": 0.001567398119122257, ""reason"": ""min_ai_link_score""}]"
base,replay_base_2024-02-29,2024-02-29,momentum,union_superset_approx,ai_enabler,638,273,80,10,"NVDA,PWR,AVGO,CRH,ETN,META,AMAT,EME,CAT,CRM",min_dollar_volume,0.3966,max_shares_yoy,0.001567398119122257,"[{""count"": 1, ""layer"": ""quality_or_theme_hard"", ""pct"": 0.001567398119122257, ""reason"": ""max_shares_yoy""}, {""count"": 1, ""layer"": ""valuation_hard"", ""pct"": 0.001567398119122257, ""reason"": ""max_ps_hist_percentile""}]"
base,replay_base_2024-02-29,2024-02-29,momentum,union_superset_approx,ai_peripheral,638,134,65,10,"PWR,CRH,ETN,CAT,EME,PH,GE,VMC,VRT,EMR",min_dollar_volume,0.3966,max_ps_hist_percentile,0.004702194357366771,"[{""count"": 3, ""layer"": ""valuation_hard"", ""pct"": 0.004702194357366771, ""reason"": ""max_ps_hist_percentile""}, {""count"": 3, ""layer"": ""base_hard"", ""pct"": 0.004702194357366771, ""reason"": ""channel_bucket_match""}, {""count"": 1, ""layer"": ""valuation_hard"", ""pct"": 0.001567398119122257, ""reason"": ""momentum_min_return_20d""}]"
base,replay_base_2024-02-29,2024-02-29,momentum,union_superset_approx,core_ai,638,95,26,10,"NVDA,AVGO,CRM,META,MSFT,ANET,AMAT,CAT,NFLX,KLAC",min_dollar_volume,0.3966,max_shares_yoy,0.001567398119122257,"[{""count"": 1, ""layer"": ""quality_or_theme_hard"", ""pct"": 0.001567398119122257, ""reason"": ""max_shares_yoy""}]"
base,replay_base_2024-02-29,2024-02-29,research_pool,union_superset_approx,ai_enabler,638,65,65,10,"ATI,JCI,EME,PH,CSX,TT,ETN,CRH,HWM,VMC",,0.0,,0.0,[]
base,replay_base_2024-02-29,2024-02-29,research_pool,union_superset_approx,ai_peripheral,638,40,40,10,"HII,IESC,UAL,SLB,EXLS,KEX,DAL,KIM,VICI,EEFT",,0.0,,0.0,[]
base,replay_base_2024-02-29,2024-02-29,research_pool,union_superset_approx,core_ai,638,39,39,10,"ANET,NVDA,AVGO,CSCO,CAT,PYPL,NFLX,LHX,ORCL,NOW",,0.0,,0.0,[]
base,replay_base_2024-03-29,2024-03-29,low_value,union_superset_approx,ai_enabler,640,123,14,10,"CSCO,ORCL,PYPL,JCI,CSX,CHKP,UNP,MCHP,RTX,LHX",min_dollar_volume,0.4281,min_avg_dollar_volume_20d,0.003125,"[{""count"": 2, ""layer"": ""base_hard"", ""pct"": 0.003125, ""reason"": ""min_avg_dollar_volume_20d""}, {""count"": 1, ""layer"": ""valuation_hard"", ""pct"": 0.0015625, ""reason"": ""max_price_to_sma200""}, {""count"": 1, ""layer"": ""quality_or_theme_hard"", ""pct"": 0.0015625, ""reason"": ""min_ai_link_score""}, {""count"": 1, ""layer"": ""valuation_hard"", ""pct"": 0.0015625, ""reason"": ""min_value_discount_any""}]"
base,replay_base_2024-03-29,2024-03-29,low_value,union_superset_approx,ai_peripheral,640,65,7,7,"PYPL,JCI,CSX,UNP,RTX,LHX,NOC",min_dollar_volume,0.4281,channel_bucket_match,0.003125,"[{""count"": 2, ""layer"": ""base_hard"", ""pct"": 0.003125, ""reason"": ""channel_bucket_match""}]"
base,replay_base_2024-03-29,2024-03-29,low_value,union_superset_approx,core_ai,640,26,5,5,"CSCO,PYPL,TXN,FTNT,WDAY",min_dollar_volume,0.4281,min_avg_dollar_volume_20d,0.0046875,"[{""count"": 3, ""layer"": ""base_hard"", ""pct"": 0.0046875, ""reason"": ""min_avg_dollar_volume_20d""}]"
base,replay_base_2024-03-29,2024-03-29,industry_trend,union_superset_approx,ai_enabler,640,254,78,10,"NVDA,GOOGL,ORCL,GOOG,FCX,AVGO,CAT,ANET,GE,ETN",min_dollar_volume,0.4281,trend_min_avg_dollar_volume_20d,0.003125,"[{""count"": 2, ""layer"": ""base_hard"", ""pct"": 0.003125, ""reason"": ""trend_min_avg_dollar_volume_20d""}, {""count"": 1, ""layer"": ""quality_or_theme_hard"", ""pct"": 0.0015625, ""reason"": ""max_ev_to_ebit""}, {""count"": 1, ""layer"": ""valuation_hard"", ""pct"": 0.0015625, ""reason"": ""trend_min_return_60d""}, {""count"": 1, ""layer"": ""quality_or_theme_hard"", ""pct"": 0.0015625, ""reason"": ""min_ai_link_score""}]"
base,replay_base_2024-03-29,2024-03-29,industry_trend,union_superset_approx,ai_peripheral,640,120,62,10,"FCX,CAT,DE,ETN,GE,LMT,PYPL,PWR,NEE,PH",min_dollar_volume,0.4281,channel_bucket_match,0.0078125,"[{""count"": 5, ""layer"": ""base_hard"", ""pct"": 0.0078125, ""reason"": ""channel_bucket_match""}, {""count"": 1, ""layer"": ""base_hard"", ""pct"": 0.0015625, ""reason"": ""trend_min_avg_dollar_volume_20d""}]"
base,replay_base_2024-03-29,2024-03-29,industry_trend,union_superset_approx,core_ai,640,89,25,10,"NVDA,GOOGL,ORCL,AVGO,MSFT,NFLX,ANET,CSCO,CAT,AMAT",min_dollar_volume,0.4281,trend_min_avg_dollar_volume_20d,0.003125,"[{""count"": 2, ""layer"": ""base_hard"", ""pct"": 0.003125, ""reason"": ""trend_min_avg_dollar_volume_20d""}, {""count"": 1, ""layer"": ""quality_or_theme_hard"", ""pct"": 0.0015625, ""reason"": ""max_ev_to_ebit""}, {""count"": 1, ""layer"": ""quality_or_theme_hard"", ""pct"": 0.0015625, ""reason"": ""min_ai_link_score""}]"
base,replay_base_2024-03-29,2024-03-29,momentum,union_superset_approx,ai_enabler,640,254,78,10,"NVDA,ORCL,GOOGL,FCX,DE,GOOG,CAT,PWR,ETN,AVGO",min_dollar_volume,0.4281,momentum_min_return_20d,0.0015625,"[{""count"": 1, ""layer"": ""valuation_hard"", ""pct"": 0.0015625, ""reason"": ""momentum_min_return_20d""}, {""count"": 1, ""layer"": ""valuation_hard"", ""pct"": 0.0015625, ""reason"": ""momentum_min_return_60d""}, {""count"": 1, ""layer"": ""quality_or_theme_hard"", ""pct"": 0.0015625, ""reason"": ""min_ai_link_score""}]"
base,replay_base_2024-03-29,2024-03-29,momentum,union_superset_approx,ai_peripheral,640,120,62,10,"FCX,DE,CAT,VRT,ETN,GE,NEE,PYPL,PWR,EME",min_dollar_volume,0.4281,channel_bucket_match,0.0046875,"[{""count"": 3, ""layer"": ""base_hard"", ""pct"": 0.0046875, ""reason"": ""channel_bucket_match""}, {""count"": 1, ""layer"": ""valuation_hard"", ""pct"": 0.0015625, ""reason"": ""momentum_min_return_60d""}]"
base,replay_base_2024-03-29,2024-03-29,momentum,union_superset_approx,core_ai,640,89,25,10,"NVDA,ORCL,GOOGL,GOOG,AVGO,CAT,DE,CSCO,NFLX,MCHP",min_dollar_volume,0.4281,momentum_min_return_20d,0.003125,"[{""count"": 2, ""layer"": ""valuation_hard"", ""pct"": 0.003125, ""reason"": ""momentum_min_return_20d""}, {""count"": 1, ""layer"": ""base_hard"", ""pct"": 0.0015625, ""reason"": ""momentum_min_avg_dollar_volume_20d""}]"
base,replay_base_2024-03-29,2024-03-29,research_pool,union_superset_approx,ai_enabler,640,66,66,10,"JCI,EME,ATI,CRH,PH,STLD,CSX,NUE,TT,ETN",,0.0,,0.0,[]
base,replay_base_2024-03-29,2024-03-29,research_pool,union_superset_approx,ai_peripheral,640,35,35,10,"HII,IESC,UAL,SLB,KEX,DAL,CW,KIM,VICI,GPK",,0.0,,0.0,[]
base,replay_base_2024-03-29,2024-03-29,research_pool,union_superset_approx,core_ai,640,33,33,10,"NVDA,ANET,CSCO,PYPL,CAT,NFLX,LHX,NOW,ORCL,GOOG",,0.0,,0.0,[]
base,replay_base_2024-04-30,2024-04-30,low_value,union_superset_approx,ai_enabler,642,176,15,10,"CSCO,PYPL,CAT,JCI,LMT,UNP,TSLA,HII,MCHP,ABNB",min_dollar_volume,0.4081,min_avg_dollar_volume_20d,0.003115264797507788,"[{""count"": 2, ""layer"": ""base_hard"", ""pct"": 0.003115264797507788, ""reason"": ""min_avg_dollar_volume_20d""}, {""count"": 1, ""layer"": ""valuation_hard"", ""pct"": 0.001557632398753894, ""reason"": ""max_price_to_sma200""}, {""count"": 1, ""layer"": ""valuation_hard"", ""pct"": 0.001557632398753894, ""reason"": ""min_return_20d""}, {""count"": 1, ""layer"": ""quality_or_theme_hard"", ""pct"": 0.001557632398753894, ""reason"": ""min_ai_link_score""}, {""count"": 1, ""layer"": ""valuation_hard"", ""pct"": 0.001557632398753894, ""reason"": ""min_value_discount_any""}]"
base,replay_base_2024-04-30,2024-04-30,low_value,union_superset_approx,ai_peripheral,642,101,11,10,"PYPL,CAT,CRH,JCI,LMT,HII,UNP,GD,STLD,VMC",min_dollar_volume,0.4081,channel_bucket_match,0.006230529595015576,"[{""count"": 4, ""layer"": ""base_hard"", ""pct"": 0.006230529595015576, ""reason"": ""channel_bucket_match""}, {""count"": 2, ""layer"": ""base_hard"", ""pct"": 0.003115264797507788, ""reason"": ""min_avg_dollar_volume_20d""}, {""count"": 1, ""layer"": ""valuation_hard"", ""pct"": 0.001557632398753894, ""reason"": ""max_ps_hist_percentile""}, {""count"": 1, ""layer"": ""valuation_hard"", ""pct"": 0.001557632398753894, ""reason"": ""max_pe_hist_percentile""}]"
base,replay_base_2024-04-30,2024-04-30,low_value,union_superset_approx,core_ai,642,39,6,6,"CSCO,PYPL,TSLA,AAPL,PANW,TXN",min_dollar_volume,0.4081,min_avg_dollar_volume_20d,0.003115264797507788,"[{""count"": 2, ""layer"": ""base_hard"", ""pct"": 0.003115264797507788, ""reason"": ""min_avg_dollar_volume_20d""}, {""count"": 1, ""layer"": ""quality_or_theme_hard"", ""pct"": 0.001557632398753894, ""reason"": ""max_ev_to_ebit""}, {""count"": 1, ""layer"": ""quality_or_theme_hard"", ""pct"": 0.001557632398753894, ""reason"": ""min_ai_link_score""}, {""count"": 1, ""layer"": ""valuation_hard"", ""pct"": 0.001557632398753894, ""reason"": ""min_value_discount_any""}]"
base,replay_base_2024-04-30,2024-04-30,industry_trend,union_superset_approx,ai_enabler,642,248,79,10,"GOOGL,GOOG,ETN,TSLA,NVDA,AVGO,PYPL,NXPI,LMT,PWR",min_dollar_volume,0.4081,trend_min_return_60d,0.00778816199376947,"[{""count"": 5, ""layer"": ""valuation_hard"", ""pct"": 0.00778816199376947, ""reason"": ""trend_min_return_60d""}, {""count"": 3, ""layer"": ""base_hard"", ""pct"": 0.004672897196261682, ""reason"": ""trend_min_avg_dollar_volume_20d""}, {""count"": 2, ""layer"": ""valuation_hard"", ""pct"": 0.003115264797507788, ""reason"": ""max_ps_hist_percentile""}, {""count"": 1, ""layer"": ""quality_or_theme_hard"", ""pct"": 0.001557632398753894, ""reason"": ""min_ai_link_score""}]"
base,replay_base_2024-04-30,2024-04-30,industry_trend,union_superset_approx,ai_peripheral,642,124,62,10,"ETN,PYPL,FCX,LMT,PWR,VRT,CAT,TT,DE,PH",min_dollar_volume,0.4081,channel_bucket_match,0.006230529595015576,"[{""count"": 4, ""layer"": ""base_hard"", ""pct"": 0.006230529595015576, ""reason"": ""channel_bucket_match""}, {""count"": 2, ""layer"": ""base_hard"", ""pct"": 0.003115264797507788, ""reason"": ""trend_min_avg_dollar_volume_20d""}, {""count"": 2, ""layer"": ""valuation_hard"", ""pct"": 0.003115264797507788, ""reason"": ""max_ps_hist_percentile""}, {""count"": 1, ""layer"": ""valuation_hard"", ""pct"": 0.001557632398753894, ""reason"": ""trend_min_return_60d""}]"
base,replay_base_2024-04-30,2024-04-30,industry_trend,union_superset_approx,core_ai,642,89,25,10,"GOOGL,NVDA,AVGO,TSLA,GOOG,MSFT,AAPL,NXPI,CAT,CSCO",min_dollar_volume,0.4081,trend_min_return_60d,0.004672897196261682,"[{""count"": 3, ""layer"": ""valuation_hard"", ""pct"": 0.004672897196261682, ""reason"": ""trend_min_return_60d""}, {""count"": 1, ""layer"": ""base_hard"", ""pct"": 0.001557632398753894, ""reason"": ""trend_min_avg_dollar_volume_20d""}, {""count"": 1, ""layer"": ""valuation_hard"", ""pct"": 0.001557632398753894, ""reason"": ""max_ps_hist_percentile""}]"
base,replay_base_2024-04-30,2024-04-30,momentum,union_superset_approx,ai_enabler,642,248,79,10,"GOOGL,GOOG,TSLA,PWR,ETN,PANW,NVDA,AVGO,MCHP,PYPL",min_dollar_volume,0.4081,momentum_min_return_20d,0.003115264797507788,"[{""count"": 2, ""layer"": ""valuation_hard"", ""pct"": 0.003115264797507788, ""reason"": ""momentum_min_return_20d""}, {""count"": 1, ""layer"": ""base_hard"", ""pct"": 0.001557632398753894, ""reason"": ""momentum_min_avg_dollar_volume_20d""}, {""count"": 1, ""layer"": ""valuation_hard"", ""pct"": 0.001557632398753894, ""reason"": ""max_ps_hist_percentile""}]"
base,replay_base_2024-04-30,2024-04-30,momentum,union_superset_approx,ai_peripheral,642,124,62,10,"ETN,PYPL,FCX,LMT,PWR,VRT,GEV,AEP,TT,NEE",min_dollar_volume,0.4081,momentum_min_return_20d,0.001557632398753894,"[{""count"": 1, ""layer"": ""valuation_hard"", ""pct"": 0.001557632398753894, ""reason"": ""momentum_min_return_20d""}]"
base,replay_base_2024-04-30,2024-04-30,momentum,union_superset_approx,core_ai,642,89,25,10,"GOOGL,GOOG,TSLA,AVGO,NVDA,PANW,PYPL,CSCO,MCHP,KLAC",min_dollar_volume,0.4081,momentum_min_return_20d,0.001557632398753894,"[{""count"": 1, ""layer"": ""valuation_hard"", ""pct"": 0.001557632398753894, ""reason"": ""momentum_min_return_20d""}, {""count"": 1, ""layer"": ""base_hard"", ""pct"": 0.001557632398753894, ""reason"": ""momentum_min_avg_dollar_volume_20d""}]"
base,replay_base_2024-04-30,2024-04-30,research_pool,union_superset_approx,ai_enabler,642,66,66,10,"EME,LMT,JCI,ATI,CRH,PH,STLD,TT,QLYS,ETN",,0.0,,0.0,[]
base,replay_base_2024-04-30,2024-04-30,research_pool,union_superset_approx,ai_peripheral,642,29,29,10,"HII,EXLS,SLB,IESC,UAL,KIM,DAL,KEX,CW,G",,0.0,,0.0,[]
base,replay_base_2024-04-30,2024-04-30,research_pool,union_superset_approx,core_ai,642,37,37,10,"CSCO,NVDA,CAT,PYPL,ZM,OII,RKLB,TSLA,GOOG,GOOGL",,0.0,,0.0,[]
base,replay_base_2024-05-31,2024-05-31,low_value,union_superset_approx,ai_enabler,643,158,15,10,"ZM,ORCL,PYPL,CAT,AMZN,LMT,TSLA,PH,UNP,AAPL",min_dollar_volume,0.4059,min_avg_dollar_volume_20d,0.006220839813374806,"[{""count"": 4, ""layer"": ""base_hard"", ""pct"": 0.006220839813374806, ""reason"": ""min_avg_dollar_volume_20d""}, {""count"": 1, ""layer"": ""valuation_hard"", ""pct"": 0.0015552099533437014, ""reason"": ""max_price_to_sma200""}, {""count"": 1, ""layer"": ""valuation_hard"", ""pct"": 0.0015552099533437014, ""reason"": ""min_return_60d""}, {""count"": 1, ""layer"": ""quality_or_theme_hard"", ""pct"": 0.0015552099533437014, ""reason"": ""min_current_ratio""}]"
base,replay_base_2024-05-31,2024-05-31,low_value,union_superset_approx,ai_peripheral,643,84,7,7,"PYPL,CAT,LMT,PH,UNP,STLD,VMC",min_dollar_volume,0.4059,channel_bucket_match,0.003110419906687403,"[{""count"": 2, ""layer"": ""base_hard"", ""pct"": 0.003110419906687403, ""reason"": ""channel_bucket_match""}, {""count"": 1, ""layer"": ""valuation_hard"", ""pct"": 0.0015552099533437014, ""reason"": ""max_price_to_sma200""}, {""count"": 1, ""layer"": ""valuation_hard"", ""pct"": 0.0015552099533437014, ""reason"": ""min_return_60d""}, {""count"": 1, ""layer"": ""base_hard"", ""pct"": 0.0015552099533437014, ""reason"": ""min_avg_dollar_volume_20d""}, {""count"": 1, ""layer"": ""valuation_hard"", ""pct"": 0.0015552099533437014, ""reason"": ""max_ps_hist_percentile""}]"
base,replay_base_2024-05-31,2024-05-31,low_value,union_superset_approx,core_ai,643,44,5,5,"ZM,ORCL,PYPL,TSLA,PANW",min_dollar_volume,0.4059,min_avg_dollar_volume_20d,0.003110419906687403,"[{""count"": 2, ""layer"": ""base_hard"", ""pct"": 0.003110419906687403, ""reason"": ""min_avg_dollar_volume_20d""}]"
base,replay_base_2024-05-31,2024-05-31,industry_trend,union_superset_approx,ai_enabler,643,253,79,10,"NVDA,ANET,NFLX,AVGO,ORCL,GOOGL,CRH,AMAT,AAPL,MSFT",min_dollar_volume,0.4059,trend_min_return_60d,0.004665629860031105,"[{""count"": 3, ""layer"": ""valuation_hard"", ""pct"": 0.004665629860031105, ""reason"": ""trend_min_return_60d""}, {""count"": 3, ""layer"": ""base_hard"", ""pct"": 0.004665629860031105, ""reason"": ""trend_min_avg_dollar_volume_20d""}, {""count"": 2, ""layer"": ""valuation_hard"", ""pct"": 0.003110419906687403, ""reason"": ""max_ps_hist_percentile""}, {""count"": 1, ""layer"": ""quality_or_theme_hard"", ""pct"": 0.0015552099533437014, ""reason"": ""min_ai_link_score""}]"
base,replay_base_2024-05-31,2024-05-31,industry_trend,union_superset_approx,ai_peripheral,643,119,63,10,"ETN,CRH,AMT,PWR,CAT,JCI,EME,FCX,GEV,VRT",min_dollar_volume,0.4059,channel_bucket_match,0.006220839813374806,"[{""count"": 4, ""layer"": ""base_hard"", ""pct"": 0.006220839813374806, ""reason"": ""channel_bucket_match""}, {""count"": 1, ""layer"": ""valuation_hard"", ""pct"": 0.0015552099533437014, ""reason"": ""trend_min_return_60d""}, {""count"": 1, ""layer"": ""base_hard"", ""pct"": 0.0015552099533437014, ""reason"": ""trend_min_avg_dollar_volume_20d""}, {""count"": 1, ""layer"": ""valuation_hard"", ""pct"": 0.0015552099533437014, ""reason"": ""max_ps_hist_percentile""}]"
base,replay_base_2024-05-31,2024-05-31,industry_trend,union_superset_approx,core_ai,643,92,25,10,"NVDA,AVGO,ANET,NFLX,MSFT,ORCL,GOOGL,AMZN,AAPL,CAT",min_dollar_volume,0.4059,trend_min_return_60d,0.0015552099533437014,"[{""count"": 1, ""layer"": ""valuation_hard"", ""pct"": 0.0015552099533437014, ""reason"": ""trend_min_return_60d""}, {""count"": 1, ""layer"": ""base_hard"", ""pct"": 0.0015552099533437014, ""reason"": ""trend_min_avg_dollar_volume_20d""}, {""count"": 1, ""layer"": ""valuation_hard"", ""pct"": 0.0015552099533437014, ""reason"": ""max_ps_hist_percentile""}, {""count"": 1, ""layer"": ""quality_or_theme_hard"", ""pct"": 0.0015552099533437014, ""reason"": ""min_ai_link_score""}]"
base,replay_base_2024-05-31,2024-05-31,momentum,union_superset_approx,ai_enabler,643,253,79,10,"NVDA,ANET,NFLX,AVGO,PWR,JCI,KLAC,ORCL,ETN,AMAT",min_dollar_volume,0.4059,min_ai_link_score,0.0015552099533437014,"[{""count"": 1, ""layer"": ""quality_or_theme_hard"", ""pct"": 0.0015552099533437014, ""reason"": ""min_ai_link_score""}]"
base,replay_base_2024-05-31,2024-05-31,momentum,union_superset_approx,ai_peripheral,643,119,63,10,"PWR,JCI,ETN,FCX,AMT,EME,GEV,CRH,HWM,CCI",min_dollar_volume,0.4059,channel_bucket_match,0.006220839813374806,"[{""count"": 4, ""layer"": ""base_hard"", ""pct"": 0.006220839813374806, ""reason"": ""channel_bucket_match""}, {""count"": 2, ""layer"": ""valuation_hard"", ""pct"": 0.003110419906687403, ""reason"": ""momentum_min_return_20d""}, {""count"": 1, ""layer"": ""base_hard"", ""pct"": 0.0015552099533437014, ""reason"": ""momentum_min_avg_dollar_volume_20d""}]"
base,replay_base_2024-05-31,2024-05-31,momentum,union_superset_approx,core_ai,643,92,25,10,"NVDA,ANET,AVGO,NFLX,ORCL,MSFT,GOOGL,KLAC,CSCO,AAPL",min_dollar_volume,0.4059,min_ai_link_score,0.0015552099533437014,"[{""count"": 1, ""layer"": ""quality_or_theme_hard"", ""pct"": 0.0015552099533437014, ""reason"": ""min_ai_link_score""}]"
base,replay_base_2024-05-31,2024-05-31,research_pool,union_superset_approx,ai_enabler,643,62,62,10,"EME,ATI,LMT,STLD,PH,VRT,ETN,HWM,PWR,CHKP",,0.0,,0.0,[]
base,replay_base_2024-05-31,2024-05-31,research_pool,union_superset_approx,ai_peripheral,643,31,31,10,"FCX,HII,EXP,IESC,EXLS,HEI,CW,SLB,VICI,G",,0.0,,0.0,[]
base,replay_base_2024-05-31,2024-05-31,research_pool,union_superset_approx,core_ai,643,37,37,10,"NVDA,ANET,ZM,PYPL,NFLX,ORCL,CAT,PANW,TSLA,GOOG",,0.0,,0.0,[]
base,replay_base_2024-06-28,2024-06-28,low_value,union_superset_approx,ai_enabler,646,161,14,10,"CAT,CRM,LMT,PH,UNP,TSLA,ABNB,AKAM,GD,VMC",min_dollar_volume,0.3684,min_avg_dollar_volume_20d,0.0030959752321981426,"[{""count"": 2, ""layer"": ""base_hard"", ""pct"": 0.0030959752321981426, ""reason"": ""min_avg_dollar_volume_20d""}, {""count"": 1, ""layer"": ""valuation_hard"", ""pct"": 0.0015479876160990713, ""reason"": ""max_price_to_sma200""}, {""count"": 1, ""layer"": ""valuation_hard"", ""pct"": 0.0015479876160990713, ""reason"": ""min_return_60d""}, {""count"": 1, ""layer"": ""valuation_hard"", ""pct"": 0.0015479876160990713, ""reason"": ""min_drawdown_percentile""}, {""count"": 1, ""layer"": ""quality_or_theme_hard"", ""pct"": 0.0015479876160990713, ""reason"": ""min_current_ratio""}]"
base,replay_base_2024-06-28,2024-06-28,low_value,union_superset_approx,ai_peripheral,646,99,9,9,"CAT,LMT,PH,UNP,STLD,GD,RTX,VMC,UBER",min_dollar_volume,0.3684,min_return_60d,0.0015479876160990713,"[{""count"": 1, ""layer"": ""valuation_hard"", ""pct"": 0.0015479876160990713, ""reason"": ""min_return_60d""}, {""count"": 1, ""layer"": ""valuation_hard"", ""pct"": 0.0015479876160990713, ""reason"": ""min_drawdown_percentile""}, {""count"": 1, ""layer"": ""base_hard"", ""pct"": 0.0015479876160990713, ""reason"": ""min_avg_dollar_volume_20d""}, {""count"": 1, ""layer"": ""valuation_hard"", ""pct"": 0.0015479876160990713, ""reason"": ""max_ps_hist_percentile""}]"
base,replay_base_2024-06-28,2024-06-28,low_value,union_superset_approx,core_ai,646,37,8,8,"CAT,CRM,TSLA,ABNB,MCHP,DT,FTNT,AMD",min_dollar_volume,0.3684,channel_bucket_match,0.0015479876160990713,"[{""count"": 1, ""layer"": ""base_hard"", ""pct"": 0.0015479876160990713, ""reason"": ""channel_bucket_match""}]"
base,replay_base_2024-06-28,2024-06-28,industry_trend,union_superset_approx,ai_enabler,646,244,76,10,"ORCL,ANET,CRM,NVDA,AMZN,AVGO,NOW,LRCX,TSLA,NFLX",min_dollar_volume,0.3684,trend_min_return_60d,0.0030959752321981426,"[{""count"": 2, ""layer"": ""valuation_hard"", ""pct"": 0.0030959752321981426, ""reason"": ""trend_min_return_60d""}, {""count"": 2, ""layer"": ""base_hard"", ""pct"": 0.0030959752321981426, ""reason"": ""trend_min_avg_dollar_volume_20d""}, {""count"": 1, ""layer"": ""quality_or_theme_hard"", ""pct"": 0.0015479876160990713, ""reason"": ""max_ev_to_ebit""}, {""count"": 1, ""layer"": ""quality_or_theme_hard"", ""pct"": 0.0015479876160990713, ""reason"": ""min_current_ratio""}, {""count"": 1, ""layer"": ""quality_or_theme_hard"", ""pct"": 0.0015479876160990713, ""reason"": ""min_ai_link_score""}]"
base,replay_base_2024-06-28,2024-06-28,industry_trend,union_superset_approx,ai_peripheral,646,117,61,10,"LMT,DE,CAT,ACN,UNP,ETN,AMT,CRH,GD,PH",min_dollar_volume,0.3684,channel_bucket_match,0.007739938080495356,"[{""count"": 5, ""layer"": ""base_hard"", ""pct"": 0.007739938080495356, ""reason"": ""channel_bucket_match""}, {""count"": 3, ""layer"": ""valuation_hard"", ""pct"": 0.0046439628482972135, ""reason"": ""trend_min_return_60d""}, {""count"": 1, ""layer"": ""base_hard"", ""pct"": 0.0015479876160990713, ""reason"": ""trend_min_avg_dollar_volume_20d""}]"
base,replay_base_2024-06-28,2024-06-28,industry_trend,union_superset_approx,core_ai,646,89,25,10,"ORCL,NVDA,AVGO,CRM,AMZN,MSFT,ANET,TSLA,LRCX,NFLX",min_dollar_volume,0.3684,max_ev_to_ebit,0.0015479876160990713,"[{""count"": 1, ""layer"": ""quality_or_theme_hard"", ""pct"": 0.0015479876160990713, ""reason"": ""max_ev_to_ebit""}, {""count"": 1, ""layer"": ""base_hard"", ""pct"": 0.0015479876160990713, ""reason"": ""trend_min_avg_dollar_volume_20d""}, {""count"": 1, ""layer"": ""quality_or_theme_hard"", ""pct"": 0.0015479876160990713, ""reason"": ""min_ai_link_score""}]"
base,replay_base_2024-06-28,2024-06-28,momentum,union_superset_approx,ai_enabler,646,244,76,10,"ORCL,ANET,CRM,AVGO,NVDA,AMZN,NOW,PANW,TSLA,LRCX",min_dollar_volume,0.3684,min_ai_link_score,0.0015479876160990713,"[{""count"": 1, ""layer"": ""quality_or_theme_hard"", ""pct"": 0.0015479876160990713, ""reason"": ""min_ai_link_score""}]"
base,replay_base_2024-06-28,2024-06-28,momentum,union_superset_approx,ai_peripheral,646,117,61,10,"LMT,DE,AMT,CAT,ACN,CSX,KMI,WMB,UNP,SBAC",min_dollar_volume,0.3684,channel_bucket_match,0.007739938080495356,"[{""count"": 5, ""layer"": ""base_hard"", ""pct"": 0.007739938080495356, ""reason"": ""channel_bucket_match""}, {""count"": 1, ""layer"": ""valuation_hard"", ""pct"": 0.0015479876160990713, ""reason"": ""momentum_min_return_20d""}, {""count"": 1, ""layer"": ""base_hard"", ""pct"": 0.0015479876160990713, ""reason"": ""momentum_min_avg_dollar_volume_20d""}]"
base,replay_base_2024-06-28,2024-06-28,momentum,union_superset_approx,core_ai,646,89,25,10,"ORCL,AVGO,CRM,NVDA,ANET,NOW,AMZN,PANW,TSLA,LRCX",min_dollar_volume,0.3684,max_ev_to_ebit,0.0015479876160990713,"[{""count"": 1, ""layer"": ""quality_or_theme_hard"", ""pct"": 0.0015479876160990713, ""reason"": ""max_ev_to_ebit""}, {""count"": 1, ""layer"": ""valuation_hard"", ""pct"": 0.0015479876160990713, ""reason"": ""momentum_min_return_20d""}, {""count"": 1, ""layer"": ""quality_or_theme_hard"", ""pct"": 0.0015479876160990713, ""reason"": ""min_ai_link_score""}]"
base,replay_base_2024-06-28,2024-06-28,research_pool,union_superset_approx,ai_enabler,646,59,59,10,"EME,LMT,ATI,PH,STLD,AKAM,QLYS,TT,VMC,VRT",,0.0,,0.0,[]
base,replay_base_2024-06-28,2024-06-28,research_pool,union_superset_approx,ai_peripheral,646,35,35,10,"HII,FCX,EEFT,EXP,IESC,UAL,EXLS,SLB,VICI,G",,0.0,,0.0,[]
base,replay_base_2024-06-28,2024-06-28,research_pool,union_superset_approx,core_ai,646,34,34,10,"NVDA,ZM,NFLX,CAT,ANET,NOW,PANW,GOOG,GOOGL,CRM",,0.0,,0.0,[]
base,replay_base_2024-07-31,2024-07-31,low_value,union_superset_approx,ai_enabler,647,165,16,10,"PYPL,NFLX,CRM,CAT,AMZN,GOOGL,ETN,UNP,QCOM,TSLA",min_dollar_volume,0.3833,max_price_to_sma200,0.0030911901081916537,"[{""count"": 2, ""layer"": ""valuation_hard"", ""pct"": 0.0030911901081916537, ""reason"": ""max_price_to_sma200""}, {""count"": 2, ""layer"": ""valuation_hard"", ""pct"": 0.0030911901081916537, ""reason"": ""max_ps_hist_percentile""}, {""count"": 1, ""layer"": ""quality_or_theme_hard"", ""pct"": 0.0015455950540958269, ""reason"": ""min_net_income_yoy""}, {""count"": 1, ""layer"": ""base_hard"", ""pct"": 0.0015455950540958269, ""reason"": ""min_avg_dollar_volume_20d""}, {""count"": 1, ""layer"": ""quality_or_theme_hard"", ""pct"": 0.0015455950540958269, ""reason"": ""min_current_ratio""}]"
base,replay_base_2024-07-31,2024-07-31,low_value,union_superset_approx,ai_peripheral,647,85,9,9,"PYPL,CAT,CRH,UNP,ETN,LHX,STLD,PWR,NOC",min_dollar_volume,0.3833,max_ps_hist_percentile,0.00463678516228748,"[{""count"": 3, ""layer"": ""valuation_hard"", ""pct"": 0.00463678516228748, ""reason"": ""max_ps_hist_percentile""}, {""count"": 1, ""layer"": ""base_hard"", ""pct"": 0.0015455950540958269, ""reason"": ""channel_bucket_match""}]"
base,replay_base_2024-07-31,2024-07-31,low_value,union_superset_approx,core_ai,647,55,11,10,"CRM,NFLX,CAT,PYPL,QCOM,MSFT,NXPI,PANW,LHX,MCHP",min_dollar_volume,0.3833,min_avg_dollar_volume_20d,0.0015455950540958269,"[{""count"": 1, ""layer"": ""base_hard"", ""pct"": 0.0015455950540958269, ""reason"": ""min_avg_dollar_volume_20d""}, {""count"": 1, ""layer"": ""quality_or_theme_hard"", ""pct"": 0.0015455950540958269, ""reason"": ""min_ai_link_score""}]"
base,replay_base_2024-07-31,2024-07-31,industry_trend,union_superset_approx,ai_enabler,647,259,85,10,"LMT,ANET,PWR,CRH,UNP,IBM,CAT,CRM,NVDA,AMZN",min_dollar_volume,0.3833,trend_min_avg_dollar_volume_20d,0.00463678516228748,"[{""count"": 3, ""layer"": ""base_hard"", ""pct"": 0.00463678516228748, ""reason"": ""trend_min_avg_dollar_volume_20d""}, {""count"": 2, ""layer"": ""quality_or_theme_hard"", ""pct"": 0.0030911901081916537, ""reason"": ""min_current_ratio""}, {""count"": 2, ""layer"": ""valuation_hard"", ""pct"": 0.0030911901081916537, ""reason"": ""max_ps_hist_percentile""}, {""count"": 1, ""layer"": ""quality_or_theme_hard"", ""pct"": 0.0015455950540958269, ""reason"": ""min_net_income_yoy""}, {""count"": 1, ""layer"": ""quality_or_theme_hard"", ""pct"": 0.0015455950540958269, ""reason"": ""min_ai_link_score""}]"
base,replay_base_2024-07-31,2024-07-31,industry_trend,union_superset_approx,ai_peripheral,647,125,70,10,"LMT,CRH,CAT,UNP,PYPL,HWM,PWR,JCI,AMT,PH",min_dollar_volume,0.3833,max_ps_hist_percentile,0.00463678516228748,"[{""count"": 3, ""layer"": ""valuation_hard"", ""pct"": 0.00463678516228748, ""reason"": ""max_ps_hist_percentile""}, {""count"": 3, ""layer"": ""base_hard"", ""pct"": 0.00463678516228748, ""reason"": ""channel_bucket_match""}, {""count"": 1, ""layer"": ""base_hard"", ""pct"": 0.0015455950540958269, ""reason"": ""trend_min_avg_dollar_volume_20d""}]"
base,replay_base_2024-07-31,2024-07-31,industry_trend,union_superset_approx,core_ai,647,93,25,10,"NVDA,ANET,CRM,AVGO,CAT,IBM,AMZN,GOOGL,TSLA,ORCL",min_dollar_volume,0.3833,min_net_income_yoy,0.0015455950540958269,"[{""count"": 1, ""layer"": ""quality_or_theme_hard"", ""pct"": 0.0015455950540958269, ""reason"": ""min_net_income_yoy""}, {""count"": 1, ""layer"": ""base_hard"", ""pct"": 0.0015455950540958269, ""reason"": ""trend_min_avg_dollar_volume_20d""}, {""count"": 1, ""layer"": ""quality_or_theme_hard"", ""pct"": 0.0015455950540958269, ""reason"": ""min_current_ratio""}, {""count"": 1, ""layer"": ""valuation_hard"", ""pct"": 0.0015455950540958269, ""reason"": ""max_ps_hist_percentile""}, {""count"": 1, ""layer"": ""quality_or_theme_hard"", ""pct"": 0.0015455950540958269, ""reason"": ""min_ai_link_score""}]"
base,replay_base_2024-07-31,2024-07-31,momentum,union_superset_approx,ai_enabler,647,259,85,10,"CRH,IBM,PWR,UNP,LMT,HWM,CAT,CSCO,AMT,PH",min_dollar_volume,0.3833,momentum_min_return_20d,0.0030911901081916537,"[{""count"": 2, ""layer"": ""valuation_hard"", ""pct"": 0.0030911901081916537, ""reason"": ""momentum_min_return_20d""}, {""count"": 2, ""layer"": ""base_hard"", ""pct"": 0.0030911901081916537, ""reason"": ""momentum_min_avg_dollar_volume_20d""}, {""count"": 1, ""layer"": ""valuation_hard"", ""pct"": 0.0015455950540958269, ""reason"": ""max_ps_hist_percentile""}]"
base,replay_base_2024-07-31,2024-07-31,momentum,union_superset_approx,ai_peripheral,647,125,70,10,"CRH,HWM,LMT,UNP,AMT,CAT,PWR,PH,SBAC,PYPL",min_dollar_volume,0.3833,momentum_min_return_60d,0.0015455950540958269,"[{""count"": 1, ""layer"": ""valuation_hard"", ""pct"": 0.0015455950540958269, ""reason"": ""momentum_min_return_60d""}, {""count"": 1, ""layer"": ""base_hard"", ""pct"": 0.0015455950540958269, ""reason"": ""momentum_min_avg_dollar_volume_20d""}, {""count"": 1, ""layer"": ""valuation_hard"", ""pct"": 0.0015455950540958269, ""reason"": ""max_ps_hist_percentile""}]"
base,replay_base_2024-07-31,2024-07-31,momentum,union_superset_approx,core_ai,647,93,25,10,"IBM,CSCO,CAT,CRM,NVDA,AVGO,ORCL,PYPL,TSLA,ON",min_dollar_volume,0.3833,momentum_min_return_20d,0.0030911901081916537,"[{""count"": 2, ""layer"": ""valuation_hard"", ""pct"": 0.0030911901081916537, ""reason"": ""momentum_min_return_20d""}]"
base,replay_base_2024-07-31,2024-07-31,research_pool,union_superset_approx,ai_enabler,647,49,49,10,"EME,LMT,ATI,PH,STLD,AKAM,QLYS,CHKP,HWM,TT",,0.0,,0.0,[]
base,replay_base_2024-07-31,2024-07-31,research_pool,union_superset_approx,ai_peripheral,647,36,36,10,"HII,FCX,UAL,IESC,G,BKR,SLB,HEI,EXLS,CW",,0.0,,0.0,[]
base,replay_base_2024-07-31,2024-07-31,research_pool,union_superset_approx,core_ai,647,34,34,10,"ANET,ZM,NVDA,NFLX,PYPL,LHX,CAT,QCOM,CRM,PANW",,0.0,,0.0,[]
base,replay_base_2024-08-30,2024-08-30,low_value,union_superset_approx,ai_enabler,646,160,14,10,"CRM,GOOGL,FCX,AMZN,CAT,VRT,GOOG,ETN,NXPI,TSLA",min_dollar_volume,0.4118,max_ps_hist_percentile,0.0030959752321981426,"[{""count"": 2, ""layer"": ""valuation_hard"", ""pct"": 0.0030959752321981426, ""reason"": ""max_ps_hist_percentile""}, {""count"": 1, ""layer"": ""valuation_hard"", ""pct"": 0.0015479876160990713, ""reason"": ""max_price_to_sma200""}, {""count"": 1, ""layer"": ""quality_or_theme_hard"", ""pct"": 0.0015479876160990713, ""reason"": ""min_current_ratio""}]"
base,replay_base_2024-08-30,2024-08-30,low_value,union_superset_approx,ai_peripheral,646,83,11,10,"PYPL,FCX,CAT,VRT,GE,ETN,CMI,LHX,BAH,PWR",min_dollar_volume,0.4118,max_ps_hist_percentile,0.0046439628482972135,"[{""count"": 3, ""layer"": ""valuation_hard"", ""pct"": 0.0046439628482972135, ""reason"": ""max_ps_hist_percentile""}, {""count"": 1, ""layer"": ""valuation_hard"", ""pct"": 0.0015479876160990713, ""reason"": ""max_20d_return""}, {""count"": 1, ""layer"": ""base_hard"", ""pct"": 0.0015479876160990713, ""reason"": ""min_avg_dollar_volume_20d""}]"
base,replay_base_2024-08-30,2024-08-30,low_value,union_superset_approx,core_ai,646,52,8,8,"CRM,GOOGL,AMZN,GOOG,TSLA,NXPI,MCHP,AMD",min_dollar_volume,0.4118,min_current_ratio,0.0015479876160990713,"[{""count"": 1, ""layer"": ""quality_or_theme_hard"", ""pct"": 0.0015479876160990713, ""reason"": ""min_current_ratio""}]"
base,replay_base_2024-08-30,2024-08-30,industry_trend,union_superset_approx,ai_enabler,646,266,80,10,"NFLX,KLAC,AVGO,CRH,AMZN,ANET,CAT,CSCO,CRM,MRVL",min_dollar_volume,0.4118,max_ps_hist_percentile,0.0046439628482972135,"[{""count"": 3, ""layer"": ""valuation_hard"", ""pct"": 0.0046439628482972135, ""reason"": ""max_ps_hist_percentile""}, {""count"": 2, ""layer"": ""base_hard"", ""pct"": 0.0030959752321981426, ""reason"": ""trend_min_avg_dollar_volume_20d""}, {""count"": 2, ""layer"": ""quality_or_theme_hard"", ""pct"": 0.0030959752321981426, ""reason"": ""min_current_ratio""}, {""count"": 1, ""layer"": ""quality_or_theme_hard"", ""pct"": 0.0015479876160990713, ""reason"": ""min_net_income_yoy""}, {""count"": 1, ""layer"": ""quality_or_theme_hard"", ""pct"": 0.0015479876160990713, ""reason"": ""min_ai_link_score""}]"
base,replay_base_2024-08-30,2024-08-30,industry_trend,union_superset_approx,ai_peripheral,646,132,65,10,"CRH,CAT,PYPL,PH,ETN,UNP,UBER,GEV,VRT,PWR",min_dollar_volume,0.4118,max_ps_hist_percentile,0.0030959752321981426,"[{""count"": 2, ""layer"": ""valuation_hard"", ""pct"": 0.0030959752321981426, ""reason"": ""max_ps_hist_percentile""}, {""count"": 2, ""layer"": ""base_hard"", ""pct"": 0.0030959752321981426, ""reason"": ""channel_bucket_match""}, {""count"": 1, ""layer"": ""base_hard"", ""pct"": 0.0015479876160990713, ""reason"": ""trend_min_avg_dollar_volume_20d""}]"
base,replay_base_2024-08-30,2024-08-30,industry_trend,union_superset_approx,core_ai,646,92,26,10,"AVGO,AMZN,NFLX,CRM,KLAC,CSCO,MRVL,MSFT,GOOGL,ANET",min_dollar_volume,0.4118,trend_min_avg_dollar_volume_20d,0.0030959752321981426,"[{""count"": 2, ""layer"": ""base_hard"", ""pct"": 0.0030959752321981426, ""reason"": ""trend_min_avg_dollar_volume_20d""}, {""count"": 1, ""layer"": ""quality_or_theme_hard"", ""pct"": 0.0015479876160990713, ""reason"": ""min_current_ratio""}, {""count"": 1, ""layer"": ""valuation_hard"", ""pct"": 0.0015479876160990713, ""reason"": ""max_ps_hist_percentile""}, {""count"": 1, ""layer"": ""quality_or_theme_hard"", ""pct"": 0.0015479876160990713, ""reason"": ""min_ai_link_score""}]"
base,replay_base_2024-08-30,2024-08-30,momentum,union_superset_approx,ai_enabler,646,266,80,10,"KLAC,NFLX,ANET,ZM,AVGO,CRH,PWR,MRVL,UBER,CSCO",min_dollar_volume,0.4118,momentum_min_avg_dollar_volume_20d,0.0030959752321981426,"[{""count"": 2, ""layer"": ""base_hard"", ""pct"": 0.0030959752321981426, ""reason"": ""momentum_min_avg_dollar_volume_20d""}, {""count"": 2, ""layer"": ""quality_or_theme_hard"", ""pct"": 0.0030959752321981426, ""reason"": ""min_current_ratio""}, {""count"": 1, ""layer"": ""quality_or_theme_hard"", ""pct"": 0.0015479876160990713, ""reason"": ""min_net_income_yoy""}, {""count"": 1, ""layer"": ""valuation_hard"", ""pct"": 0.0015479876160990713, ""reason"": ""max_ps_hist_percentile""}]"
base,replay_base_2024-08-30,2024-08-30,momentum,union_superset_approx,ai_peripheral,646,132,65,10,"CRH,CAT,PYPL,UBER,PH,PWR,ETN,VRT,GEV,UNP",min_dollar_volume,0.4118,channel_bucket_match,0.0030959752321981426,"[{""count"": 2, ""layer"": ""base_hard"", ""pct"": 0.0030959752321981426, ""reason"": ""channel_bucket_match""}, {""count"": 1, ""layer"": ""valuation_hard"", ""pct"": 0.0015479876160990713, ""reason"": ""max_ps_hist_percentile""}]"
base,replay_base_2024-08-30,2024-08-30,momentum,union_superset_approx,core_ai,646,92,26,10,"AVGO,MRVL,KLAC,CSCO,NFLX,ZM,ANET,PANW,UBER,ORCL",min_dollar_volume,0.4118,momentum_min_avg_dollar_volume_20d,0.0030959752321981426,"[{""count"": 2, ""layer"": ""base_hard"", ""pct"": 0.0030959752321981426, ""reason"": ""momentum_min_avg_dollar_volume_20d""}, {""count"": 2, ""layer"": ""quality_or_theme_hard"", ""pct"": 0.0030959752321981426, ""reason"": ""min_current_ratio""}, {""count"": 1, ""layer"": ""valuation_hard"", ""pct"": 0.0015479876160990713, ""reason"": ""max_ps_hist_percentile""}]"
base,replay_base_2024-08-30,2024-08-30,research_pool,union_superset_approx,ai_enabler,646,51,51,10,"EME,PH,LMT,CMI,AKAM,TT,CRH,CHKP,HWM,VRT",,0.0,,0.0,[]
base,replay_base_2024-08-30,2024-08-30,research_pool,union_superset_approx,ai_peripheral,646,37,37,10,"FCX,HII,TREX,IESC,G,UAL,SLB,BKR,AXON,DAL",,0.0,,0.0,[]
base,replay_base_2024-08-30,2024-08-30,research_pool,union_superset_approx,core_ai,646,43,43,10,"ANET,NFLX,PYPL,LHX,CAT,GOOG,GOOGL,CRM,PANW,AMZN",,0.0,,0.0,[]
base,replay_base_2024-09-30,2024-09-30,low_value,union_superset_approx,ai_enabler,647,153,13,10,"GOOGL,FCX,CRM,GOOG,AMZN,CSCO,UNP,ETN,LHX,MCHP",min_dollar_volume,0.3833,max_ps_hist_percentile,0.0015455950540958269,"[{""count"": 1, ""layer"": ""valuation_hard"", ""pct"": 0.0015455950540958269, ""reason"": ""max_ps_hist_percentile""}, {""count"": 1, ""layer"": ""valuation_hard"", ""pct"": 0.0015455950540958269, ""reason"": ""max_ps_percentile_in_sic""}]"
base,replay_base_2024-09-30,2024-09-30,low_value,union_superset_approx,ai_peripheral,647,80,8,8,"FCX,UNP,ETN,ACN,LHX,GD,NOC,UBER",min_dollar_volume,0.3833,max_range_position_52w,0.0015455950540958269,"[{""count"": 1, ""layer"": ""valuation_hard"", ""pct"": 0.0015455950540958269, ""reason"": ""max_range_position_52w""}, {""count"": 1, ""layer"": ""base_hard"", ""pct"": 0.0015455950540958269, ""reason"": ""min_avg_dollar_volume_20d""}, {""count"": 1, ""layer"": ""valuation_hard"", ""pct"": 0.0015455950540958269, ""reason"": ""max_ps_hist_percentile""}]"
base,replay_base_2024-09-30,2024-09-30,low_value,union_superset_approx,core_ai,647,52,7,7,"GOOGL,CRM,GOOG,CSCO,MCHP,TER,AMD",min_dollar_volume,0.3833,,0.0,[]
base,replay_base_2024-09-30,2024-09-30,industry_trend,union_superset_approx,ai_enabler,647,291,85,10,"ORCL,TSLA,CRM,IBM,AMZN,ANET,CAT,FCX,META,VRT",min_dollar_volume,0.3833,trend_min_avg_dollar_volume_20d,0.0030911901081916537,"[{""count"": 2, ""layer"": ""base_hard"", ""pct"": 0.0030911901081916537, ""reason"": ""trend_min_avg_dollar_volume_20d""}, {""count"": 2, ""layer"": ""quality_or_theme_hard"", ""pct"": 0.0030911901081916537, ""reason"": ""min_current_ratio""}, {""count"": 1, ""layer"": ""quality_or_theme_hard"", ""pct"": 0.0015455950540958269, ""reason"": ""min_net_income_yoy""}, {""count"": 1, ""layer"": ""valuation_hard"", ""pct"": 0.0015455950540958269, ""reason"": ""max_ps_hist_percentile""}, {""count"": 1, ""layer"": ""quality_or_theme_hard"", ""pct"": 0.0015455950540958269, ""reason"": ""min_ai_link_score""}]"
base,replay_base_2024-09-30,2024-09-30,industry_trend,union_superset_approx,ai_peripheral,647,141,70,10,"CAT,FCX,ETN,VRT,CRH,PH,GEV,DE,AMT,HWM",min_dollar_volume,0.3833,channel_bucket_match,0.0030911901081916537,"[{""count"": 2, ""layer"": ""base_hard"", ""pct"": 0.0030911901081916537, ""reason"": ""channel_bucket_match""}, {""count"": 1, ""layer"": ""base_hard"", ""pct"": 0.0015455950540958269, ""reason"": ""trend_min_avg_dollar_volume_20d""}, {""count"": 1, ""layer"": ""valuation_hard"", ""pct"": 0.0015455950540958269, ""reason"": ""max_ps_hist_percentile""}]"
base,replay_base_2024-09-30,2024-09-30,industry_trend,union_superset_approx,core_ai,647,98,26,10,"ORCL,TSLA,CRM,AMZN,META,IBM,ANET,CAT,NFLX,GEV",min_dollar_volume,0.3833,trend_min_avg_dollar_volume_20d,0.0015455950540958269,"[{""count"": 1, ""layer"": ""base_hard"", ""pct"": 0.0015455950540958269, ""reason"": ""trend_min_avg_dollar_volume_20d""}, {""count"": 1, ""layer"": ""quality_or_theme_hard"", ""pct"": 0.0015455950540958269, ""reason"": ""min_current_ratio""}, {""count"": 1, ""layer"": ""quality_or_theme_hard"", ""pct"": 0.0015455950540958269, ""reason"": ""min_ai_link_score""}]"
base,replay_base_2024-09-30,2024-09-30,momentum,union_superset_approx,ai_enabler,647,291,85,10,"ORCL,TSLA,ANET,CRM,IBM,CAT,FCX,VRT,AMZN,PWR",min_dollar_volume,0.3833,min_net_income_yoy,0.0015455950540958269,"[{""count"": 1, ""layer"": ""quality_or_theme_hard"", ""pct"": 0.0015455950540958269, ""reason"": ""min_net_income_yoy""}, {""count"": 1, ""layer"": ""quality_or_theme_hard"", ""pct"": 0.0015455950540958269, ""reason"": ""min_ai_link_score""}]"
base,replay_base_2024-09-30,2024-09-30,momentum,union_superset_approx,ai_peripheral,647,141,70,10,"CAT,FCX,ETN,VRT,PWR,EME,GEV,DE,PYPL,GE",min_dollar_volume,0.3833,channel_bucket_match,0.0030911901081916537,"[{""count"": 2, ""layer"": ""base_hard"", ""pct"": 0.0030911901081916537, ""reason"": ""channel_bucket_match""}, {""count"": 1, ""layer"": ""valuation_hard"", ""pct"": 0.0015455950540958269, ""reason"": ""momentum_min_return_20d""}]"
base,replay_base_2024-09-30,2024-09-30,momentum,union_superset_approx,core_ai,647,98,26,10,"ORCL,TSLA,CRM,ANET,IBM,META,CAT,AMZN,GEV,CEG",min_dollar_volume,0.3833,momentum_min_avg_dollar_volume_20d,0.0015455950540958269,"[{""count"": 1, ""layer"": ""base_hard"", ""pct"": 0.0015455950540958269, ""reason"": ""momentum_min_avg_dollar_volume_20d""}, {""count"": 1, ""layer"": ""quality_or_theme_hard"", ""pct"": 0.0015455950540958269, ""reason"": ""min_ai_link_score""}]"
base,replay_base_2024-09-30,2024-09-30,research_pool,union_superset_approx,ai_enabler,647,52,52,10,"EME,LMT,ACN,AKAM,QLYS,TT,PWR,GE,CRH,VRT",,0.0,,0.0,[]
base,replay_base_2024-09-30,2024-09-30,research_pool,union_superset_approx,ai_peripheral,647,27,27,10,"FCX,HII,IESC,SLB,TREX,DAL,BKR,G,APD,UAL",,0.0,,0.0,[]
base,replay_base_2024-09-30,2024-09-30,research_pool,union_superset_approx,core_ai,647,36,36,10,"ANET,NFLX,PYPL,LHX,CAT,CSCO,GOOG,GOOGL,CRM,META",,0.0,,0.0,[]
base,replay_base_2024-10-31,2024-10-31,low_value,union_superset_approx,ai_enabler,649,205,18,10,"FCX,CAT,GOOGL,UNP,AMZN,GOOG,CSCO,RTX,CRM,ETN",min_dollar_volume,0.3205,max_ps_hist_percentile,0.0030816640986132513,"[{""count"": 2, ""layer"": ""valuation_hard"", ""pct"": 0.0030816640986132513, ""reason"": ""max_ps_hist_percentile""}, {""count"": 1, ""layer"": ""quality_or_theme_hard"", ""pct"": 0.0015408320493066256, ""reason"": ""min_revenue_yoy""}, {""count"": 1, ""layer"": ""valuation_hard"", ""pct"": 0.0015408320493066256, ""reason"": ""max_price_to_sma200""}, {""count"": 1, ""layer"": ""base_hard"", ""pct"": 0.0015408320493066256, ""reason"": ""min_avg_dollar_volume_20d""}, {""count"": 1, ""layer"": ""quality_or_theme_hard"", ""pct"": 0.0015408320493066256, ""reason"": ""max_receivables_growth_gap""}]"
base,replay_base_2024-10-31,2024-10-31,low_value,union_superset_approx,ai_peripheral,649,119,14,10,"FCX,CAT,UNP,RTX,CMI,ETN,GD,UBER,TT,LHX",min_dollar_volume,0.3205,channel_bucket_match,0.0030816640986132513,"[{""count"": 2, ""layer"": ""base_hard"", ""pct"": 0.0030816640986132513, ""reason"": ""channel_bucket_match""}, {""count"": 1, ""layer"": ""quality_or_theme_hard"", ""pct"": 0.0015408320493066256, ""reason"": ""min_current_ratio""}, {""count"": 1, ""layer"": ""quality_or_theme_hard"", ""pct"": 0.0015408320493066256, ""reason"": ""max_receivables_growth_gap""}, {""count"": 1, ""layer"": ""valuation_hard"", ""pct"": 0.0015408320493066256, ""reason"": ""min_value_discount_any""}]"
base,replay_base_2024-10-31,2024-10-31,low_value,union_superset_approx,core_ai,649,52,7,7,"GOOGL,AMZN,CRM,MSFT,AMD,MPWR,MU",min_dollar_volume,0.3205,min_avg_dollar_volume_20d,0.0015408320493066256,"[{""count"": 1, ""layer"": ""base_hard"", ""pct"": 0.0015408320493066256, ""reason"": ""min_avg_dollar_volume_20d""}, {""count"": 1, ""layer"": ""valuation_hard"", ""pct"": 0.0015408320493066256, ""reason"": ""max_ps_percentile_in_sic""}]"
base,replay_base_2024-10-31,2024-10-31,industry_trend,union_superset_approx,ai_enabler,649,308,90,10,"NFLX,AMZN,GOOGL,CRM,TSLA,ANET,GOOG,CSCO,ETN,UNP",min_dollar_volume,0.3205,trend_min_avg_dollar_volume_20d,0.004622496147919877,"[{""count"": 3, ""layer"": ""base_hard"", ""pct"": 0.004622496147919877, ""reason"": ""trend_min_avg_dollar_volume_20d""}, {""count"": 3, ""layer"": ""valuation_hard"", ""pct"": 0.004622496147919877, ""reason"": ""max_ps_hist_percentile""}, {""count"": 2, ""layer"": ""quality_or_theme_hard"", ""pct"": 0.0030816640986132513, ""reason"": ""min_current_ratio""}, {""count"": 1, ""layer"": ""quality_or_theme_hard"", ""pct"": 0.0015408320493066256, ""reason"": ""min_revenue_yoy""}, {""count"": 1, ""layer"": ""quality_or_theme_hard"", ""pct"": 0.0015408320493066256, ""reason"": ""min_net_income_yoy""}]"
base,replay_base_2024-10-31,2024-10-31,industry_trend,union_superset_approx,ai_peripheral,649,154,75,10,"VMC,ETN,CRH,PH,ETR,UNP,CAT,GEV,VRT,PWR",min_dollar_volume,0.3205,channel_bucket_match,0.0061633281972265025,"[{""count"": 4, ""layer"": ""base_hard"", ""pct"": 0.0061633281972265025, ""reason"": ""channel_bucket_match""}, {""count"": 2, ""layer"": ""base_hard"", ""pct"": 0.0030816640986132513, ""reason"": ""trend_min_avg_dollar_volume_20d""}, {""count"": 2, ""layer"": ""valuation_hard"", ""pct"": 0.0030816640986132513, ""reason"": ""max_ps_hist_percentile""}, {""count"": 1, ""layer"": ""quality_or_theme_hard"", ""pct"": 0.0015408320493066256, ""reason"": ""min_current_ratio""}, {""count"": 1, ""layer"": ""quality_or_theme_hard"", ""pct"": 0.0015408320493066256, ""reason"": ""max_receivables_growth_gap""}]"
base,replay_base_2024-10-31,2024-10-31,industry_trend,union_superset_approx,core_ai,649,102,27,10,"GOOGL,AMZN,NFLX,MSFT,CRM,TSLA,ANET,CSCO,NVDA,BKNG",min_dollar_volume,0.3205,min_net_income_yoy,0.0015408320493066256,"[{""count"": 1, ""layer"": ""quality_or_theme_hard"", ""pct"": 0.0015408320493066256, ""reason"": ""min_net_income_yoy""}, {""count"": 1, ""layer"": ""valuation_hard"", ""pct"": 0.0015408320493066256, ""reason"": ""max_ps_percentile_in_sic""}, {""count"": 1, ""layer"": ""base_hard"", ""pct"": 0.0015408320493066256, ""reason"": ""trend_min_avg_dollar_volume_20d""}, {""count"": 1, ""layer"": ""quality_or_theme_hard"", ""pct"": 0.0015408320493066256, ""reason"": ""max_shares_yoy""}]"
base,replay_base_2024-10-31,2024-10-31,momentum,union_superset_approx,ai_enabler,649,308,90,10,"NFLX,AMZN,ZM,CRM,GOOGL,CRH,CSCO,TSLA,ANET,VMC",min_dollar_volume,0.3205,min_net_income_yoy,0.0015408320493066256,"[{""count"": 1, ""layer"": ""quality_or_theme_hard"", ""pct"": 0.0015408320493066256, ""reason"": ""min_net_income_yoy""}, {""count"": 1, ""layer"": ""valuation_hard"", ""pct"": 0.0015408320493066256, ""reason"": ""momentum_min_return_20d""}, {""count"": 1, ""layer"": ""base_hard"", ""pct"": 0.0015408320493066256, ""reason"": ""momentum_min_avg_dollar_volume_20d""}]"
base,replay_base_2024-10-31,2024-10-31,momentum,union_superset_approx,ai_peripheral,649,154,75,10,"CRH,VMC,GEV,ETR,ETN,PWR,VRT,EME,BAH,KMI",min_dollar_volume,0.3205,max_ps_hist_percentile,0.0030816640986132513,"[{""count"": 2, ""layer"": ""valuation_hard"", ""pct"": 0.0030816640986132513, ""reason"": ""max_ps_hist_percentile""}, {""count"": 1, ""layer"": ""base_hard"", ""pct"": 0.0015408320493066256, ""reason"": ""channel_bucket_match""}]"
base,replay_base_2024-10-31,2024-10-31,momentum,union_superset_approx,core_ai,649,102,27,10,"GOOGL,NFLX,CRM,AMZN,ZM,CSCO,NVDA,ANET,PANW,TSLA",min_dollar_volume,0.3205,momentum_min_return_20d,0.0015408320493066256,"[{""count"": 1, ""layer"": ""valuation_hard"", ""pct"": 0.0015408320493066256, ""reason"": ""momentum_min_return_20d""}]"
base,replay_base_2024-10-31,2024-10-31,research_pool,union_superset_approx,ai_enabler,649,48,48,10,"EME,LMT,AKAM,BAH,CRH,RTX,TT,HWM,QLYS,ALRM",,0.0,,0.0,[]
base,replay_base_2024-10-31,2024-10-31,research_pool,union_superset_approx,ai_peripheral,649,26,26,10,"FCX,HII,SLB,IESC,DAL,MATX,BKR,MTH,G,APD",,0.0,,0.0,[]
base,replay_base_2024-10-31,2024-10-31,research_pool,union_superset_approx,core_ai,649,37,37,10,"ANET,NFLX,LDOS,PYPL,CAT,LHX,CSCO,GOOG,GOOGL,PANW",,0.0,,0.0,[]
base,replay_base_2024-11-29,2024-11-29,low_value,union_superset_approx,ai_enabler,649,159,15,10,"FCX,GOOGL,LDOS,GOOG,QCOM,LRCX,UNP,AMZN,RTX,HII",min_dollar_volume,0.4576,max_ps_hist_percentile,0.0061633281972265025,"[{""count"": 4, ""layer"": ""valuation_hard"", ""pct"": 0.0061633281972265025, ""reason"": ""max_ps_hist_percentile""}, {""count"": 1, ""layer"": ""valuation_hard"", ""pct"": 0.0015408320493066256, ""reason"": ""max_price_to_sma200""}, {""count"": 1, ""layer"": ""base_hard"", ""pct"": 0.0015408320493066256, ""reason"": ""min_avg_dollar_volume_20d""}, {""count"": 1, ""layer"": ""quality_or_theme_hard"", ""pct"": 0.0015408320493066256, ""reason"": ""min_interest_coverage""}, {""count"": 1, ""layer"": ""valuation_hard"", ""pct"": 0.0015408320493066256, ""reason"": ""min_value_discount_any""}]"
base,replay_base_2024-11-29,2024-11-29,low_value,union_superset_approx,ai_peripheral,649,91,10,10,"FCX,HII,RTX,CAT,UNP,GE,ACN,GD,UBER,VMC",min_dollar_volume,0.4576,max_ps_hist_percentile,0.0015408320493066256,"[{""count"": 1, ""layer"": ""valuation_hard"", ""pct"": 0.0015408320493066256, ""reason"": ""max_ps_hist_percentile""}, {""count"": 1, ""layer"": ""base_hard"", ""pct"": 0.0015408320493066256, ""reason"": ""channel_bucket_match""}, {""count"": 1, ""layer"": ""valuation_hard"", ""pct"": 0.0015408320493066256, ""reason"": ""min_value_discount_any""}]"
base,replay_base_2024-11-29,2024-11-29,low_value,union_superset_approx,core_ai,649,41,8,8,"GOOGL,LRCX,GOOG,QCOM,MSFT,TXN,TER,AMD",min_dollar_volume,0.4576,max_ps_hist_percentile,0.0030816640986132513,"[{""count"": 2, ""layer"": ""valuation_hard"", ""pct"": 0.0030816640986132513, ""reason"": ""max_ps_hist_percentile""}, {""count"": 1, ""layer"": ""quality_or_theme_hard"", ""pct"": 0.0015408320493066256, ""reason"": ""min_interest_coverage""}, {""count"": 1, ""layer"": ""valuation_hard"", ""pct"": 0.0015408320493066256, ""reason"": ""max_ps_percentile_in_sic""}, {""count"": 1, ""layer"": ""valuation_hard"", ""pct"": 0.0015408320493066256, ""reason"": ""max_pe_percentile_in_sic""}]"
base,replay_base_2024-11-29,2024-11-29,industry_trend,union_superset_approx,ai_enabler,649,321,89,10,"TSLA,NFLX,AMZN,CRM,ORCL,ANET,IBM,MSFT,UNP,CAT",min_dollar_volume,0.4576,max_ps_hist_percentile,0.007704160246533128,"[{""count"": 5, ""layer"": ""valuation_hard"", ""pct"": 0.007704160246533128, ""reason"": ""max_ps_hist_percentile""}, {""count"": 1, ""layer"": ""quality_or_theme_hard"", ""pct"": 0.0015408320493066256, ""reason"": ""min_net_income_yoy""}, {""count"": 1, ""layer"": ""valuation_hard"", ""pct"": 0.0015408320493066256, ""reason"": ""max_ps_percentile_in_sic""}, {""count"": 1, ""layer"": ""valuation_hard"", ""pct"": 0.0015408320493066256, ""reason"": ""max_pe_percentile_in_sic""}, {""count"": 1, ""layer"": ""valuation_hard"", ""pct"": 0.0015408320493066256, ""reason"": ""trend_min_return_60d""}]"
base,replay_base_2024-11-29,2024-11-29,industry_trend,union_superset_approx,ai_peripheral,649,153,72,10,"ETN,CAT,HWM,CRH,CSX,PH,UNP,KMI,DE,PYPL",min_dollar_volume,0.4576,channel_bucket_match,0.0061633281972265025,"[{""count"": 4, ""layer"": ""base_hard"", ""pct"": 0.0061633281972265025, ""reason"": ""channel_bucket_match""}, {""count"": 2, ""layer"": ""valuation_hard"", ""pct"": 0.0030816640986132513, ""reason"": ""max_ps_hist_percentile""}]"
base,replay_base_2024-11-29,2024-11-29,industry_trend,union_superset_approx,core_ai,649,103,27,10,"AMZN,TSLA,MSFT,CRM,NFLX,GOOGL,ANET,IBM,NVDA,LRCX",min_dollar_volume,0.4576,max_ps_percentile_in_sic,0.0015408320493066256,"[{""count"": 1, ""layer"": ""valuation_hard"", ""pct"": 0.0015408320493066256, ""reason"": ""max_ps_percentile_in_sic""}, {""count"": 1, ""layer"": ""valuation_hard"", ""pct"": 0.0015408320493066256, ""reason"": ""max_ps_hist_percentile""}, {""count"": 1, ""layer"": ""quality_or_theme_hard"", ""pct"": 0.0015408320493066256, ""reason"": ""min_ai_link_score""}]"
base,replay_base_2024-11-29,2024-11-29,momentum,union_superset_approx,ai_enabler,649,321,89,10,"TSLA,NFLX,AMZN,CRM,SNOW,PWR,ORCL,IBM,ANET,HWM",min_dollar_volume,0.4576,min_net_income_yoy,0.0015408320493066256,"[{""count"": 1, ""layer"": ""quality_or_theme_hard"", ""pct"": 0.0015408320493066256, ""reason"": ""min_net_income_yoy""}, {""count"": 1, ""layer"": ""valuation_hard"", ""pct"": 0.0015408320493066256, ""reason"": ""max_ps_hist_percentile""}, {""count"": 1, ""layer"": ""quality_or_theme_hard"", ""pct"": 0.0015408320493066256, ""reason"": ""min_ai_link_score""}]"
base,replay_base_2024-11-29,2024-11-29,momentum,union_superset_approx,ai_peripheral,649,153,72,10,"HWM,ETN,PWR,OKE,DE,EME,CAT,KMI,CSX,CRH",min_dollar_volume,0.4576,channel_bucket_match,0.004622496147919877,"[{""count"": 3, ""layer"": ""base_hard"", ""pct"": 0.004622496147919877, ""reason"": ""channel_bucket_match""}, {""count"": 2, ""layer"": ""valuation_hard"", ""pct"": 0.0030816640986132513, ""reason"": ""max_ps_hist_percentile""}]"
base,replay_base_2024-11-29,2024-11-29,momentum,union_superset_approx,core_ai,649,103,27,10,"TSLA,CRM,AMZN,NFLX,ORCL,MSFT,IBM,ANET,CSCO,ALAB",min_dollar_volume,0.4576,momentum_min_return_20d,0.0015408320493066256,"[{""count"": 1, ""layer"": ""valuation_hard"", ""pct"": 0.0015408320493066256, ""reason"": ""momentum_min_return_20d""}, {""count"": 1, ""layer"": ""quality_or_theme_hard"", ""pct"": 0.0015408320493066256, ""reason"": ""min_ai_link_score""}]"
base,replay_base_2024-11-29,2024-11-29,research_pool,union_superset_approx,ai_enabler,649,60,60,10,"EME,OKLO,GE,CHKP,ACN,ATEN,CMI,CRH,QLYS,TT",,0.0,,0.0,[]
base,replay_base_2024-11-29,2024-11-29,research_pool,union_superset_approx,ai_peripheral,649,35,35,10,"FCX,HII,IESC,WWD,DAL,G,EEFT,SLB,LYB,MTH",,0.0,,0.0,[]
base,replay_base_2024-11-29,2024-11-29,research_pool,union_superset_approx,core_ai,649,38,38,10,"ANET,NFLX,PYPL,LDOS,QCOM,CAT,CSCO,GOOG,GOOGL,PANW",,0.0,,0.0,[]
base,replay_base_2024-12-31,2024-12-31,low_value,union_superset_approx,ai_enabler,651,228,20,10,"RTX,GOOGL,CRH,CHKP,EME,GOOG,HII,PH,GD,DIS",min_dollar_volume,0.4117,min_return_20d,0.0015360983102918587,"[{""count"": 1, ""layer"": ""valuation_hard"", ""pct"": 0.0015360983102918587, ""reason"": ""min_return_20d""}, {""count"": 1, ""layer"": ""valuation_hard"", ""pct"": 0.0015360983102918587, ""reason"": ""min_return_60d""}, {""count"": 1, ""layer"": ""base_hard"", ""pct"": 0.0015360983102918587, ""reason"": ""min_avg_dollar_volume_20d""}, {""count"": 1, ""layer"": ""valuation_hard"", ""pct"": 0.0015360983102918587, ""reason"": ""max_ps_percentile_in_sic""}]"
base,replay_base_2024-12-31,2024-12-31,low_value,union_superset_approx,ai_peripheral,651,124,12,10,"RTX,EME,HII,CRH,PH,GD,VRT,CMI,VMC,EMR",min_dollar_volume,0.4117,min_net_income_yoy,0.0015360983102918587,"[{""count"": 1, ""layer"": ""quality_or_theme_hard"", ""pct"": 0.0015360983102918587, ""reason"": ""min_net_income_yoy""}, {""count"": 1, ""layer"": ""valuation_hard"", ""pct"": 0.0015360983102918587, ""reason"": ""min_return_60d""}, {""count"": 1, ""layer"": ""quality_or_theme_hard"", ""pct"": 0.0015360983102918587, ""reason"": ""min_current_ratio""}, {""count"": 1, ""layer"": ""base_hard"", ""pct"": 0.0015360983102918587, ""reason"": ""channel_bucket_match""}]"
base,replay_base_2024-12-31,2024-12-31,low_value,union_superset_approx,core_ai,651,58,7,7,"MSFT,DIS,PANW,PTC,WDAY,MPWR,TER",min_dollar_volume,0.4117,max_ps_percentile_in_sic,0.0015360983102918587,"[{""count"": 1, ""layer"": ""valuation_hard"", ""pct"": 0.0015360983102918587, ""reason"": ""max_ps_percentile_in_sic""}]"
base,replay_base_2024-12-31,2024-12-31,industry_trend,union_superset_approx,ai_enabler,651,313,87,10,"GOOGL,GOOG,AMZN,ANET,CRM,NFLX,TSLA,IBM,CSCO,UNP",min_dollar_volume,0.4117,trend_min_return_60d,0.009216589861751152,"[{""count"": 6, ""layer"": ""valuation_hard"", ""pct"": 0.009216589861751152, ""reason"": ""trend_min_return_60d""}, {""count"": 2, ""layer"": ""valuation_hard"", ""pct"": 0.0030721966205837174, ""reason"": ""max_ps_hist_percentile""}, {""count"": 1, ""layer"": ""quality_or_theme_hard"", ""pct"": 0.0015360983102918587, ""reason"": ""min_net_income_yoy""}, {""count"": 1, ""layer"": ""valuation_hard"", ""pct"": 0.0015360983102918587, ""reason"": ""max_ps_percentile_in_sic""}, {""count"": 1, ""layer"": ""valuation_hard"", ""pct"": 0.0015360983102918587, ""reason"": ""max_pe_percentile_in_sic""}]"
base,replay_base_2024-12-31,2024-12-31,industry_trend,union_superset_approx,ai_peripheral,651,142,71,10,"UNP,PYPL,GEV,ACN,RTX,HWM,CAT,ETN,LMT,BA",min_dollar_volume,0.4117,trend_min_return_60d,0.004608294930875576,"[{""count"": 3, ""layer"": ""valuation_hard"", ""pct"": 0.004608294930875576, ""reason"": ""trend_min_return_60d""}, {""count"": 3, ""layer"": ""base_hard"", ""pct"": 0.004608294930875576, ""reason"": ""channel_bucket_match""}, {""count"": 2, ""layer"": ""quality_or_theme_hard"", ""pct"": 0.0030721966205837174, ""reason"": ""min_current_ratio""}, {""count"": 1, ""layer"": ""quality_or_theme_hard"", ""pct"": 0.0015360983102918587, ""reason"": ""min_net_income_yoy""}]"
base,replay_base_2024-12-31,2024-12-31,industry_trend,union_superset_approx,core_ai,651,107,28,10,"GOOGL,GOOG,AMZN,MSFT,TSLA,ANET,NFLX,AAPL,CSCO,NVDA",min_dollar_volume,0.4117,trend_min_return_60d,0.004608294930875576,"[{""count"": 3, ""layer"": ""valuation_hard"", ""pct"": 0.004608294930875576, ""reason"": ""trend_min_return_60d""}, {""count"": 1, ""layer"": ""valuation_hard"", ""pct"": 0.0015360983102918587, ""reason"": ""max_ps_percentile_in_sic""}, {""count"": 1, ""layer"": ""base_hard"", ""pct"": 0.0015360983102918587, ""reason"": ""trend_min_avg_dollar_volume_20d""}, {""count"": 1, ""layer"": ""quality_or_theme_hard"", ""pct"": 0.0015360983102918587, ""reason"": ""min_ai_link_score""}]"
base,replay_base_2024-12-31,2024-12-31,momentum,union_superset_approx,ai_enabler,651,313,87,10,"GOOGL,ANET,GOOG,AMZN,TSLA,CRM,NFLX,MRVL,CSCO,IBM",min_dollar_volume,0.4117,max_ps_hist_percentile,0.0030721966205837174,"[{""count"": 2, ""layer"": ""valuation_hard"", ""pct"": 0.0030721966205837174, ""reason"": ""max_ps_hist_percentile""}, {""count"": 1, ""layer"": ""valuation_hard"", ""pct"": 0.0015360983102918587, ""reason"": ""momentum_min_return_20d""}]"
base,replay_base_2024-12-31,2024-12-31,momentum,union_superset_approx,ai_peripheral,651,142,71,10,"UNP,PYPL,RTX,KMI,BA,GEV,HWM,GD,PWR,JCI",min_dollar_volume,0.4117,channel_bucket_match,0.0015360983102918587,"[{""count"": 1, ""layer"": ""base_hard"", ""pct"": 0.0015360983102918587, ""reason"": ""channel_bucket_match""}]"
base,replay_base_2024-12-31,2024-12-31,momentum,union_superset_approx,core_ai,651,107,28,10,"GOOGL,ANET,GOOG,AMZN,CRM,TSLA,MRVL,NFLX,CSCO,IBM",min_dollar_volume,0.4117,momentum_min_return_20d,0.0015360983102918587,"[{""count"": 1, ""layer"": ""valuation_hard"", ""pct"": 0.0015360983102918587, ""reason"": ""momentum_min_return_20d""}, {""count"": 1, ""layer"": ""base_hard"", ""pct"": 0.0015360983102918587, ""reason"": ""momentum_min_avg_dollar_volume_20d""}]"
base,replay_base_2024-12-31,2024-12-31,research_pool,union_superset_approx,ai_enabler,651,47,47,10,"EME,HPE,OKLO,QLYS,AKAM,GD,CRH,RTX,VRT,CHKP",,0.0,,0.0,[]
base,replay_base_2024-12-31,2024-12-31,research_pool,union_superset_approx,ai_peripheral,651,24,24,10,"HII,FCX,IESC,WWD,LEN,SLB,KEX,MATX,EEFT,BKR",,0.0,,0.0,[]
base,replay_base_2024-12-31,2024-12-31,research_pool,union_superset_approx,core_ai,651,34,34,10,"ANET,NFLX,PYPL,CSCO,DIS,GOOG,GOOGL,META,PANW,MSFT",,0.0,,0.0,[]
base,replay_base_2025-01-31,2025-01-31,low_value,union_superset_approx,ai_enabler,652,219,21,10,"KLAC,LDOS,QCOM,LRCX,EME,UNP,CRH,ORCL,MSFT,BAH",min_dollar_volume,0.2991,min_return_60d,0.003067484662576687,"[{""count"": 2, ""layer"": ""valuation_hard"", ""pct"": 0.003067484662576687, ""reason"": ""min_return_60d""}, {""count"": 1, ""layer"": ""quality_or_theme_hard"", ""pct"": 0.0015337423312883436, ""reason"": ""max_ev_to_ebit""}, {""count"": 1, ""layer"": ""quality_or_theme_hard"", ""pct"": 0.0015337423312883436, ""reason"": ""min_net_income_yoy""}, {""count"": 1, ""layer"": ""valuation_hard"", ""pct"": 0.0015337423312883436, ""reason"": ""max_price_to_sma200""}, {""count"": 1, ""layer"": ""quality_or_theme_hard"", ""pct"": 0.0015337423312883436, ""reason"": ""min_ai_link_score""}]"
base,replay_base_2025-01-31,2025-01-31,low_value,union_superset_approx,ai_peripheral,652,133,17,10,"EME,RTX,CRH,BAH,NOC,UNP,GD,UBER,ETN,VRT",min_dollar_volume,0.2991,channel_bucket_match,0.004601226993865031,"[{""count"": 3, ""layer"": ""base_hard"", ""pct"": 0.004601226993865031, ""reason"": ""channel_bucket_match""}, {""count"": 2, ""layer"": ""valuation_hard"", ""pct"": 0.003067484662576687, ""reason"": ""min_return_60d""}, {""count"": 1, ""layer"": ""quality_or_theme_hard"", ""pct"": 0.0015337423312883436, ""reason"": ""max_ev_to_ebit""}, {""count"": 1, ""layer"": ""quality_or_theme_hard"", ""pct"": 0.0015337423312883436, ""reason"": ""min_net_income_yoy""}, {""count"": 1, ""layer"": ""valuation_hard"", ""pct"": 0.0015337423312883436, ""reason"": ""max_ps_hist_percentile""}]"
base,replay_base_2025-01-31,2025-01-31,low_value,union_superset_approx,core_ai,652,51,12,10,"KLAC,MSFT,ORCL,QCOM,LDOS,LRCX,DIS,BWXT,PANW,AMD",min_dollar_volume,0.2991,max_ps_percentile_in_sic,0.0015337423312883436,"[{""count"": 1, ""layer"": ""valuation_hard"", ""pct"": 0.0015337423312883436, ""reason"": ""max_ps_percentile_in_sic""}]"
base,replay_base_2025-01-31,2025-01-31,industry_trend,union_superset_approx,ai_enabler,652,341,90,10,"KLAC,IBM,AMZN,NFLX,GOOGL,LRCX,META,GOOG,ANET,UNP",min_dollar_volume,0.2991,trend_min_return_60d,0.006134969325153374,"[{""count"": 4, ""layer"": ""valuation_hard"", ""pct"": 0.006134969325153374, ""reason"": ""trend_min_return_60d""}, {""count"": 2, ""layer"": ""quality_or_theme_hard"", ""pct"": 0.003067484662576687, ""reason"": ""min_net_income_yoy""}, {""count"": 2, ""layer"": ""quality_or_theme_hard"", ""pct"": 0.003067484662576687, ""reason"": ""min_ai_link_score""}, {""count"": 1, ""layer"": ""valuation_hard"", ""pct"": 0.0015337423312883436, ""reason"": ""max_ps_percentile_in_sic""}, {""count"": 1, ""layer"": ""valuation_hard"", ""pct"": 0.0015337423312883436, ""reason"": ""max_pe_percentile_in_sic""}]"
base,replay_base_2025-01-31,2025-01-31,industry_trend,union_superset_approx,ai_peripheral,652,161,75,10,"UNP,PH,RTX,UBER,GE,CAT,GEV,CRH,HWM,ACN",min_dollar_volume,0.2991,channel_bucket_match,0.007668711656441718,"[{""count"": 5, ""layer"": ""base_hard"", ""pct"": 0.007668711656441718, ""reason"": ""channel_bucket_match""}, {""count"": 3, ""layer"": ""valuation_hard"", ""pct"": 0.004601226993865031, ""reason"": ""trend_min_return_60d""}, {""count"": 3, ""layer"": ""valuation_hard"", ""pct"": 0.004601226993865031, ""reason"": ""max_ps_hist_percentile""}, {""count"": 1, ""layer"": ""quality_or_theme_hard"", ""pct"": 0.0015337423312883436, ""reason"": ""min_net_income_yoy""}, {""count"": 1, ""layer"": ""quality_or_theme_hard"", ""pct"": 0.0015337423312883436, ""reason"": ""min_ai_link_score""}]"
base,replay_base_2025-01-31,2025-01-31,industry_trend,union_superset_approx,core_ai,652,111,27,10,"GOOGL,AMZN,KLAC,META,IBM,NFLX,MSFT,LRCX,ANET,QCOM",min_dollar_volume,0.2991,min_net_income_yoy,0.0015337423312883436,"[{""count"": 1, ""layer"": ""quality_or_theme_hard"", ""pct"": 0.0015337423312883436, ""reason"": ""min_net_income_yoy""}, {""count"": 1, ""layer"": ""valuation_hard"", ""pct"": 0.0015337423312883436, ""reason"": ""max_ps_percentile_in_sic""}, {""count"": 1, ""layer"": ""valuation_hard"", ""pct"": 0.0015337423312883436, ""reason"": ""max_pe_percentile_in_sic""}, {""count"": 1, ""layer"": ""valuation_hard"", ""pct"": 0.0015337423312883436, ""reason"": ""trend_min_return_60d""}, {""count"": 1, ""layer"": ""valuation_hard"", ""pct"": 0.0015337423312883436, ""reason"": ""trend_max_60d_volatility""}]"
base,replay_base_2025-01-31,2025-01-31,momentum,union_superset_approx,ai_enabler,652,341,90,10,"KLAC,IBM,LRCX,META,AMZN,NFLX,GOOGL,UNP,QCOM,GOOG",min_dollar_volume,0.2991,momentum_min_avg_dollar_volume_20d,0.0015337423312883436,"[{""count"": 1, ""layer"": ""base_hard"", ""pct"": 0.0015337423312883436, ""reason"": ""momentum_min_avg_dollar_volume_20d""}]"
base,replay_base_2025-01-31,2025-01-31,momentum,union_superset_approx,ai_peripheral,652,161,75,10,"HWM,UNP,UBER,PH,RTX,GE,CRH,GEV,DE,NSC",min_dollar_volume,0.2991,channel_bucket_match,0.004601226993865031,"[{""count"": 3, ""layer"": ""base_hard"", ""pct"": 0.004601226993865031, ""reason"": ""channel_bucket_match""}, {""count"": 2, ""layer"": ""valuation_hard"", ""pct"": 0.003067484662576687, ""reason"": ""max_ps_hist_percentile""}]"
base,replay_base_2025-01-31,2025-01-31,momentum,union_superset_approx,core_ai,652,111,27,10,"KLAC,IBM,META,GOOGL,LRCX,AMZN,NFLX,QCOM,ANET,GOOG",min_dollar_volume,0.2991,momentum_min_return_20d,0.0015337423312883436,"[{""count"": 1, ""layer"": ""valuation_hard"", ""pct"": 0.0015337423312883436, ""reason"": ""momentum_min_return_20d""}]"
base,replay_base_2025-01-31,2025-01-31,research_pool,union_superset_approx,ai_enabler,652,54,54,10,"EME,QLYS,HPE,NOC,BAH,AKAM,CRH,RTX,TT,VRT",,0.0,,0.0,[]
base,replay_base_2025-01-31,2025-01-31,research_pool,union_superset_approx,ai_peripheral,652,33,33,10,"HII,FCX,IESC,WWD,EEFT,DAL,VICI,G,MTH,KEX",,0.0,,0.0,[]
base,replay_base_2025-01-31,2025-01-31,research_pool,union_superset_approx,core_ai,652,40,40,10,"KLAC,ANET,LDOS,NFLX,PYPL,QCOM,CSCO,DIS,OII,GOOG",,0.0,,0.0,[]
base,replay_base_2025-02-28,2025-02-28,low_value,union_superset_approx,ai_enabler,654,260,19,10,"KLAC,FCX,GOOGL,GOOG,LRCX,UNP,AMZN,ORCL,GD,NOC",min_dollar_volume,0.2783,min_return_20d,0.0045871559633027525,"[{""count"": 3, ""layer"": ""valuation_hard"", ""pct"": 0.0045871559633027525, ""reason"": ""min_return_20d""}, {""count"": 2, ""layer"": ""quality_or_theme_hard"", ""pct"": 0.0030581039755351682, ""reason"": ""min_net_income_yoy""}, {""count"": 2, ""layer"": ""valuation_hard"", ""pct"": 0.0030581039755351682, ""reason"": ""min_return_60d""}, {""count"": 1, ""layer"": ""quality_or_theme_hard"", ""pct"": 0.0015290519877675841, ""reason"": ""min_revenue_yoy""}, {""count"": 1, ""layer"": ""quality_or_theme_hard"", ""pct"": 0.0015290519877675841, ""reason"": ""min_interest_coverage""}]"
base,replay_base_2025-02-28,2025-02-28,low_value,union_superset_approx,ai_peripheral,654,138,9,9,"FCX,NOC,NSC,LHX,GD,UNP,CRH,CMI,TT",min_dollar_volume,0.2783,max_ps_hist_percentile,0.0030581039755351682,"[{""count"": 2, ""layer"": ""valuation_hard"", ""pct"": 0.0030581039755351682, ""reason"": ""max_ps_hist_percentile""}, {""count"": 2, ""layer"": ""base_hard"", ""pct"": 0.0030581039755351682, ""reason"": ""channel_bucket_match""}, {""count"": 1, ""layer"": ""quality_or_theme_hard"", ""pct"": 0.0015290519877675841, ""reason"": ""min_net_income_yoy""}, {""count"": 1, ""layer"": ""valuation_hard"", ""pct"": 0.0015290519877675841, ""reason"": ""min_return_60d""}, {""count"": 1, ""layer"": ""quality_or_theme_hard"", ""pct"": 0.0015290519877675841, ""reason"": ""min_current_ratio""}]"
base,replay_base_2025-02-28,2025-02-28,low_value,union_superset_approx,core_ai,654,78,12,10,"KLAC,GOOGL,GOOG,LRCX,MSFT,AMZN,LHX,NVDA,TXN,MPWR",min_dollar_volume,0.2783,min_return_20d,0.0045871559633027525,"[{""count"": 3, ""layer"": ""valuation_hard"", ""pct"": 0.0045871559633027525, ""reason"": ""min_return_20d""}, {""count"": 1, ""layer"": ""quality_or_theme_hard"", ""pct"": 0.0015290519877675841, ""reason"": ""min_revenue_yoy""}, {""count"": 1, ""layer"": ""quality_or_theme_hard"", ""pct"": 0.0015290519877675841, ""reason"": ""min_net_income_yoy""}, {""count"": 1, ""layer"": ""valuation_hard"", ""pct"": 0.0015290519877675841, ""reason"": ""min_return_60d""}, {""count"": 1, ""layer"": ""quality_or_theme_hard"", ""pct"": 0.0015290519877675841, ""reason"": ""min_interest_coverage""}]"
base,replay_base_2025-02-28,2025-02-28,industry_trend,union_superset_approx,ai_enabler,654,364,92,10,"NFLX,UBER,CSCO,KLAC,AMZN,ORCL,IBM,LRCX,MSFT,CRH",min_dollar_volume,0.2783,trend_min_return_60d,0.010703363914373088,"[{""count"": 7, ""layer"": ""valuation_hard"", ""pct"": 0.010703363914373088, ""reason"": ""trend_min_return_60d""}, {""count"": 2, ""layer"": ""valuation_hard"", ""pct"": 0.0030581039755351682, ""reason"": ""max_ps_hist_percentile""}, {""count"": 1, ""layer"": ""base_hard"", ""pct"": 0.0015290519877675841, ""reason"": ""trend_min_avg_dollar_volume_20d""}, {""count"": 1, ""layer"": ""quality_or_theme_hard"", ""pct"": 0.0015290519877675841, ""reason"": ""min_interest_coverage""}, {""count"": 1, ""layer"": ""quality_or_theme_hard"", ""pct"": 0.0015290519877675841, ""reason"": ""max_shares_yoy""}]"
base,replay_base_2025-02-28,2025-02-28,industry_trend,union_superset_approx,ai_peripheral,654,167,77,10,"UBER,HWM,CRH,RTX,JCI,AMT,SBAC,UNP,FCX,AEP",min_dollar_volume,0.2783,trend_min_return_60d,0.009174311926605505,"[{""count"": 6, ""layer"": ""valuation_hard"", ""pct"": 0.009174311926605505, ""reason"": ""trend_min_return_60d""}, {""count"": 5, ""layer"": ""base_hard"", ""pct"": 0.00764525993883792, ""reason"": ""channel_bucket_match""}, {""count"": 2, ""layer"": ""valuation_hard"", ""pct"": 0.0030581039755351682, ""reason"": ""max_ps_hist_percentile""}, {""count"": 1, ""layer"": ""quality_or_theme_hard"", ""pct"": 0.0015290519877675841, ""reason"": ""min_net_income_yoy""}]"
base,replay_base_2025-02-28,2025-02-28,industry_trend,union_superset_approx,core_ai,654,116,29,10,"MSFT,NFLX,GOOGL,AMZN,ORCL,CSCO,KLAC,LRCX,IBM,NVDA",min_dollar_volume,0.2783,trend_min_return_60d,0.0030581039755351682,"[{""count"": 2, ""layer"": ""valuation_hard"", ""pct"": 0.0030581039755351682, ""reason"": ""trend_min_return_60d""}, {""count"": 1, ""layer"": ""quality_or_theme_hard"", ""pct"": 0.0015290519877675841, ""reason"": ""min_interest_coverage""}, {""count"": 1, ""layer"": ""quality_or_theme_hard"", ""pct"": 0.0015290519877675841, ""reason"": ""max_shares_yoy""}, {""count"": 1, ""layer"": ""valuation_hard"", ""pct"": 0.0015290519877675841, ""reason"": ""max_ps_hist_percentile""}]"
base,replay_base_2025-02-28,2025-02-28,momentum,union_superset_approx,ai_enabler,654,364,92,10,"UBER,CSCO,NFLX,SBAC,JCI,HWM,CRH,AEP,ORCL,KLAC",min_dollar_volume,0.2783,momentum_min_return_20d,0.0015290519877675841,"[{""count"": 1, ""layer"": ""valuation_hard"", ""pct"": 0.0015290519877675841, ""reason"": ""momentum_min_return_20d""}]"
base,replay_base_2025-02-28,2025-02-28,momentum,union_superset_approx,ai_peripheral,654,167,77,10,"UBER,SBAC,HWM,JCI,AEP,AMT,CRH,RTX,FCX,CCI",min_dollar_volume,0.2783,,0.0,[]
base,replay_base_2025-02-28,2025-02-28,momentum,union_superset_approx,core_ai,654,116,29,10,"CSCO,ORCL,UBER,NFLX,MSFT,KLAC,IBM,LRCX,AMZN,NVDA",min_dollar_volume,0.2783,momentum_min_return_20d,0.0015290519877675841,"[{""count"": 1, ""layer"": ""valuation_hard"", ""pct"": 0.0015290519877675841, ""reason"": ""momentum_min_return_20d""}]"
base,replay_base_2025-02-28,2025-02-28,research_pool,union_superset_approx,ai_enabler,654,49,49,10,"NOC,LEU,CMI,NSC,RTX,GD,HWM,TT,CRH,EME",,0.0,,0.0,[]
base,replay_base_2025-02-28,2025-02-28,research_pool,union_superset_approx,ai_peripheral,654,26,26,10,"FCX,IESC,KEX,EEFT,MATX,SLB,MHO,LYB,MPC,NEM",,0.0,,0.0,[]
base,replay_base_2025-02-28,2025-02-28,research_pool,union_superset_approx,core_ai,654,34,34,10,"KLAC,NFLX,LHX,DIS,CSCO,GOOG,GOOGL,MSFT,DT,NVDA",,0.0,,0.0,[]
base,replay_base_2025-03-31,2025-03-31,low_value,union_superset_approx,ai_enabler,655,0,0,0,,min_dollar_volume,0.3176,benchmark_trend_filter,0.0061068702290076335,"[{""count"": 4, ""layer"": ""quality_or_theme_hard"", ""pct"": 0.0061068702290076335, ""reason"": ""benchmark_trend_filter""}]"
base,replay_base_2025-03-31,2025-03-31,low_value,union_superset_approx,ai_peripheral,655,0,0,0,,min_dollar_volume,0.3176,benchmark_trend_filter,0.0030534351145038168,"[{""count"": 2, ""layer"": ""quality_or_theme_hard"", ""pct"": 0.0030534351145038168, ""reason"": ""benchmark_trend_filter""}]"
base,replay_base_2025-03-31,2025-03-31,low_value,union_superset_approx,core_ai,655,0,0,0,,min_dollar_volume,0.3176,benchmark_trend_filter,0.0030534351145038168,"[{""count"": 2, ""layer"": ""quality_or_theme_hard"", ""pct"": 0.0030534351145038168, ""reason"": ""benchmark_trend_filter""}]"
base,replay_base_2025-03-31,2025-03-31,industry_trend,union_superset_approx,ai_enabler,655,0,0,0,,min_dollar_volume,0.3176,benchmark_trend_filter,0.0061068702290076335,"[{""count"": 4, ""layer"": ""quality_or_theme_hard"", ""pct"": 0.0061068702290076335, ""reason"": ""benchmark_trend_filter""}]"
base,replay_base_2025-03-31,2025-03-31,industry_trend,union_superset_approx,ai_peripheral,655,0,0,0,,min_dollar_volume,0.3176,benchmark_trend_filter,0.004580152671755725,"[{""count"": 3, ""layer"": ""quality_or_theme_hard"", ""pct"": 0.004580152671755725, ""reason"": ""benchmark_trend_filter""}]"
base,replay_base_2025-03-31,2025-03-31,industry_trend,union_superset_approx,core_ai,655,0,0,0,,min_dollar_volume,0.3176,benchmark_trend_filter,0.0030534351145038168,"[{""count"": 2, ""layer"": ""quality_or_theme_hard"", ""pct"": 0.0030534351145038168, ""reason"": ""benchmark_trend_filter""}]"
base,replay_base_2025-03-31,2025-03-31,momentum,union_superset_approx,ai_enabler,655,0,0,0,,min_dollar_volume,0.3176,,0.0,[]
base,replay_base_2025-03-31,2025-03-31,momentum,union_superset_approx,ai_peripheral,655,0,0,0,,min_dollar_volume,0.3176,,0.0,[]
base,replay_base_2025-03-31,2025-03-31,momentum,union_superset_approx,core_ai,655,0,0,0,,min_dollar_volume,0.3176,,0.0,[]
base,replay_base_2025-03-31,2025-03-31,research_pool,union_superset_approx,ai_enabler,655,58,58,10,"BAH,ETN,QLYS,TT,NOC,NNE,RTX,PWR,GD,HWM",,0.0,,0.0,[]
base,replay_base_2025-03-31,2025-03-31,research_pool,union_superset_approx,ai_peripheral,655,34,34,10,"FCX,MATX,SAIA,IESC,MHO,KEX,SLB,NEM,LYB,MPC",,0.0,,0.0,[]
base,replay_base_2025-03-31,2025-03-31,research_pool,union_superset_approx,core_ai,655,40,40,10,"KLAC,LDOS,QCOM,NFLX,LHX,ZM,MSFT,AMD,NVDA,BWXT",,0.0,,0.0,[]
base,replay_base_2025-04-30,2025-04-30,low_value,union_superset_approx,ai_enabler,655,0,0,0,,min_dollar_volume,0.3374,benchmark_trend_filter,0.0061068702290076335,"[{""count"": 4, ""layer"": ""quality_or_theme_hard"", ""pct"": 0.0061068702290076335, ""reason"": ""benchmark_trend_filter""}]"
base,replay_base_2025-04-30,2025-04-30,low_value,union_superset_approx,ai_peripheral,655,0,0,0,,min_dollar_volume,0.3374,benchmark_trend_filter,0.0061068702290076335,"[{""count"": 4, ""layer"": ""quality_or_theme_hard"", ""pct"": 0.0061068702290076335, ""reason"": ""benchmark_trend_filter""}]"
base,replay_base_2025-04-30,2025-04-30,low_value,union_superset_approx,core_ai,655,0,0,0,,min_dollar_volume,0.3374,,0.0,[]
base,replay_base_2025-04-30,2025-04-30,industry_trend,union_superset_approx,ai_enabler,655,0,0,0,,min_dollar_volume,0.3374,benchmark_trend_filter,0.0061068702290076335,"[{""count"": 4, ""layer"": ""quality_or_theme_hard"", ""pct"": 0.0061068702290076335, ""reason"": ""benchmark_trend_filter""}]"
base,replay_base_2025-04-30,2025-04-30,industry_trend,union_superset_approx,ai_peripheral,655,0,0,0,,min_dollar_volume,0.3374,benchmark_trend_filter,0.004580152671755725,"[{""count"": 3, ""layer"": ""quality_or_theme_hard"", ""pct"": 0.004580152671755725, ""reason"": ""benchmark_trend_filter""}]"
base,replay_base_2025-04-30,2025-04-30,industry_trend,union_superset_approx,core_ai,655,0,0,0,,min_dollar_volume,0.3374,benchmark_trend_filter,0.0015267175572519084,"[{""count"": 1, ""layer"": ""quality_or_theme_hard"", ""pct"": 0.0015267175572519084, ""reason"": ""benchmark_trend_filter""}]"
base,replay_base_2025-04-30,2025-04-30,momentum,union_superset_approx,ai_enabler,655,0,0,0,,min_dollar_volume,0.3374,benchmark_trend_filter,0.0015267175572519084,"[{""count"": 1, ""layer"": ""quality_or_theme_hard"", ""pct"": 0.0015267175572519084, ""reason"": ""benchmark_trend_filter""}]"
base,replay_base_2025-04-30,2025-04-30,momentum,union_superset_approx,ai_peripheral,655,0,0,0,,min_dollar_volume,0.3374,,0.0,[]
base,replay_base_2025-04-30,2025-04-30,momentum,union_superset_approx,core_ai,655,0,0,0,,min_dollar_volume,0.3374,benchmark_trend_filter,0.0015267175572519084,"[{""count"": 1, ""layer"": ""quality_or_theme_hard"", ""pct"": 0.0015267175572519084, ""reason"": ""benchmark_trend_filter""}]"
base,replay_base_2025-04-30,2025-04-30,research_pool,union_superset_approx,ai_enabler,655,63,63,10,"EME,HPE,BAH,VST,ACN,QLYS,ATEN,PH,VRT,GD",,0.0,,0.0,[]
base,replay_base_2025-04-30,2025-04-30,research_pool,union_superset_approx,ai_peripheral,655,31,31,10,"FCX,MATX,BKR,KEX,IESC,EEFT,NEM,BLDR,LOW,SCCO",,0.0,,0.0,[]
base,replay_base_2025-04-30,2025-04-30,research_pool,union_superset_approx,core_ai,655,44,44,10,"ZM,KLAC,LDOS,NFLX,ADBE,QCOM,PYPL,LHX,GOOG,GOOGL",,0.0,,0.0,[]
base,replay_base_2025-05-30,2025-05-30,low_value,union_superset_approx,ai_enabler,656,264,20,10,"KLAC,PYPL,GOOGL,FCX,CRM,QCOM,LRCX,CSCO,EME,AMZN",min_dollar_volume,0.3155,max_ps_hist_percentile,0.003048780487804878,"[{""count"": 2, ""layer"": ""valuation_hard"", ""pct"": 0.003048780487804878, ""reason"": ""max_ps_hist_percentile""}, {""count"": 1, ""layer"": ""quality_or_theme_hard"", ""pct"": 0.001524390243902439, ""reason"": ""min_net_income_yoy""}, {""count"": 1, ""layer"": ""base_hard"", ""pct"": 0.001524390243902439, ""reason"": ""min_avg_dollar_volume_20d""}, {""count"": 1, ""layer"": ""quality_or_theme_hard"", ""pct"": 0.001524390243902439, ""reason"": ""min_interest_coverage""}, {""count"": 1, ""layer"": ""quality_or_theme_hard"", ""pct"": 0.001524390243902439, ""reason"": ""min_current_ratio""}]"
base,replay_base_2025-05-30,2025-05-30,low_value,union_superset_approx,ai_peripheral,656,138,12,10,"PYPL,FCX,EME,ACN,RTX,GD,PH,LHX,ETN,VRT",min_dollar_volume,0.3155,channel_bucket_match,0.006097560975609756,"[{""count"": 4, ""layer"": ""base_hard"", ""pct"": 0.006097560975609756, ""reason"": ""channel_bucket_match""}, {""count"": 2, ""layer"": ""valuation_hard"", ""pct"": 0.003048780487804878, ""reason"": ""min_return_60d""}, {""count"": 1, ""layer"": ""quality_or_theme_hard"", ""pct"": 0.001524390243902439, ""reason"": ""min_current_ratio""}, {""count"": 1, ""layer"": ""valuation_hard"", ""pct"": 0.001524390243902439, ""reason"": ""max_ps_hist_percentile""}]"
base,replay_base_2025-05-30,2025-05-30,low_value,union_superset_approx,core_ai,656,67,13,10,"KLAC,GOOGL,CRM,PYPL,QCOM,LRCX,ANET,AMZN,LHX,TER",min_dollar_volume,0.3155,min_net_income_yoy,0.001524390243902439,"[{""count"": 1, ""layer"": ""quality_or_theme_hard"", ""pct"": 0.001524390243902439, ""reason"": ""min_net_income_yoy""}, {""count"": 1, ""layer"": ""base_hard"", ""pct"": 0.001524390243902439, ""reason"": ""min_avg_dollar_volume_20d""}, {""count"": 1, ""layer"": ""quality_or_theme_hard"", ""pct"": 0.001524390243902439, ""reason"": ""min_interest_coverage""}, {""count"": 1, ""layer"": ""base_hard"", ""pct"": 0.001524390243902439, ""reason"": ""channel_bucket_match""}, {""count"": 1, ""layer"": ""valuation_hard"", ""pct"": 0.001524390243902439, ""reason"": ""max_ps_percentile_in_sic""}]"
base,replay_base_2025-05-30,2025-05-30,industry_trend,union_superset_approx,ai_enabler,656,344,90,10,"ORCL,AMZN,KLAC,GOOGL,NFLX,GE,META,LRCX,NVDA,CSCO",min_dollar_volume,0.3155,trend_min_avg_dollar_volume_20d,0.007621951219512195,"[{""count"": 5, ""layer"": ""base_hard"", ""pct"": 0.007621951219512195, ""reason"": ""trend_min_avg_dollar_volume_20d""}, {""count"": 3, ""layer"": ""valuation_hard"", ""pct"": 0.004573170731707317, ""reason"": ""trend_min_return_60d""}, {""count"": 3, ""layer"": ""valuation_hard"", ""pct"": 0.004573170731707317, ""reason"": ""max_ps_hist_percentile""}, {""count"": 2, ""layer"": ""quality_or_theme_hard"", ""pct"": 0.003048780487804878, ""reason"": ""max_shares_yoy""}, {""count"": 1, ""layer"": ""quality_or_theme_hard"", ""pct"": 0.001524390243902439, ""reason"": ""min_net_income_yoy""}]"
base,replay_base_2025-05-30,2025-05-30,industry_trend,union_superset_approx,ai_peripheral,656,161,75,10,"GE,CSX,CAT,RTX,NSC,ETN,PH,JCI,HWM,PWR",min_dollar_volume,0.3155,trend_min_return_60d,0.006097560975609756,"[{""count"": 4, ""layer"": ""valuation_hard"", ""pct"": 0.006097560975609756, ""reason"": ""trend_min_return_60d""}, {""count"": 4, ""layer"": ""base_hard"", ""pct"": 0.006097560975609756, ""reason"": ""channel_bucket_match""}, {""count"": 2, ""layer"": ""base_hard"", ""pct"": 0.003048780487804878, ""reason"": ""trend_min_avg_dollar_volume_20d""}, {""count"": 2, ""layer"": ""valuation_hard"", ""pct"": 0.003048780487804878, ""reason"": ""max_ps_hist_percentile""}, {""count"": 1, ""layer"": ""quality_or_theme_hard"", ""pct"": 0.001524390243902439, ""reason"": ""min_current_ratio""}]"
base,replay_base_2025-05-30,2025-05-30,industry_trend,union_superset_approx,core_ai,656,111,28,10,"GOOGL,MSFT,AMZN,ORCL,NVDA,KLAC,NFLX,TSLA,CSCO,AVGO",min_dollar_volume,0.3155,trend_min_return_60d,0.003048780487804878,"[{""count"": 2, ""layer"": ""valuation_hard"", ""pct"": 0.003048780487804878, ""reason"": ""trend_min_return_60d""}, {""count"": 2, ""layer"": ""base_hard"", ""pct"": 0.003048780487804878, ""reason"": ""trend_min_avg_dollar_volume_20d""}, {""count"": 2, ""layer"": ""valuation_hard"", ""pct"": 0.003048780487804878, ""reason"": ""max_ps_hist_percentile""}, {""count"": 1, ""layer"": ""quality_or_theme_hard"", ""pct"": 0.001524390243902439, ""reason"": ""min_net_income_yoy""}, {""count"": 1, ""layer"": ""valuation_hard"", ""pct"": 0.001524390243902439, ""reason"": ""max_ps_percentile_in_sic""}]"
base,replay_base_2025-05-30,2025-05-30,momentum,union_superset_approx,ai_enabler,656,344,90,10,"KLAC,ORCL,LRCX,GE,TSLA,META,NVDA,AMZN,CSX,GOOGL",min_dollar_volume,0.3155,min_net_income_yoy,0.001524390243902439,"[{""count"": 1, ""layer"": ""quality_or_theme_hard"", ""pct"": 0.001524390243902439, ""reason"": ""min_net_income_yoy""}, {""count"": 1, ""layer"": ""base_hard"", ""pct"": 0.001524390243902439, ""reason"": ""momentum_min_avg_dollar_volume_20d""}, {""count"": 1, ""layer"": ""quality_or_theme_hard"", ""pct"": 0.001524390243902439, ""reason"": ""min_interest_coverage""}, {""count"": 1, ""layer"": ""quality_or_theme_hard"", ""pct"": 0.001524390243902439, ""reason"": ""min_ai_link_score""}]"
base,replay_base_2025-05-30,2025-05-30,momentum,union_superset_approx,ai_peripheral,656,161,75,10,"GE,CSX,JCI,HWM,CAT,VRT,EME,NSC,ATI,PWR",min_dollar_volume,0.3155,max_ps_hist_percentile,0.003048780487804878,"[{""count"": 2, ""layer"": ""valuation_hard"", ""pct"": 0.003048780487804878, ""reason"": ""max_ps_hist_percentile""}, {""count"": 2, ""layer"": ""base_hard"", ""pct"": 0.003048780487804878, ""reason"": ""channel_bucket_match""}, {""count"": 1, ""layer"": ""quality_or_theme_hard"", ""pct"": 0.001524390243902439, ""reason"": ""min_current_ratio""}]"
base,replay_base_2025-05-30,2025-05-30,momentum,union_superset_approx,core_ai,656,111,28,10,"ORCL,NVDA,KLAC,GOOGL,MSFT,TSLA,AVGO,LRCX,CSCO,AMZN",min_dollar_volume,0.3155,min_net_income_yoy,0.001524390243902439,"[{""count"": 1, ""layer"": ""quality_or_theme_hard"", ""pct"": 0.001524390243902439, ""reason"": ""min_net_income_yoy""}, {""count"": 1, ""layer"": ""quality_or_theme_hard"", ""pct"": 0.001524390243902439, ""reason"": ""min_interest_coverage""}, {""count"": 1, ""layer"": ""quality_or_theme_hard"", ""pct"": 0.001524390243902439, ""reason"": ""min_ai_link_score""}]"
base,replay_base_2025-05-30,2025-05-30,research_pool,union_superset_approx,ai_enabler,656,66,66,10,"EME,JCI,HPE,ACN,LEU,ATI,VRT,QLYS,HWM,TT",,0.0,,0.0,[]
base,replay_base_2025-05-30,2025-05-30,research_pool,union_superset_approx,ai_peripheral,656,37,37,10,"FCX,SKY,IESC,MATX,KIM,BKR,IP,KBH,MHO,BLDR",,0.0,,0.0,[]
base,replay_base_2025-05-30,2025-05-30,research_pool,union_superset_approx,core_ai,656,45,45,10,"QCOM,KLAC,LDOS,PYPL,NFLX,DIS,LHX,CSCO,GOOG,GOOGL",,0.0,,0.0,[]
base,replay_base_2025-06-30,2025-06-30,low_value,union_superset_approx,ai_enabler,657,230,17,10,"PYPL,GOOGL,GOOG,FCX,QCOM,AMAT,BAH,AMZN,GD,PH",min_dollar_volume,0.2861,min_avg_dollar_volume_20d,0.0045662100456621,"[{""count"": 3, ""layer"": ""base_hard"", ""pct"": 0.0045662100456621, ""reason"": ""min_avg_dollar_volume_20d""}, {""count"": 1, ""layer"": ""quality_or_theme_hard"", ""pct"": 0.0015220700152207, ""reason"": ""min_net_income_yoy""}, {""count"": 1, ""layer"": ""quality_or_theme_hard"", ""pct"": 0.0015220700152207, ""reason"": ""min_current_ratio""}, {""count"": 1, ""layer"": ""quality_or_theme_hard"", ""pct"": 0.0015220700152207, ""reason"": ""min_ai_link_score""}, {""count"": 1, ""layer"": ""valuation_hard"", ""pct"": 0.0015220700152207, ""reason"": ""max_pe_percentile_in_sic""}]"
base,replay_base_2025-06-30,2025-06-30,low_value,union_superset_approx,ai_peripheral,657,126,10,10,"PYPL,FCX,BAH,RTX,GD,LHX,NOC,CAT,PH,ETN",min_dollar_volume,0.2861,channel_bucket_match,0.0045662100456621,"[{""count"": 3, ""layer"": ""base_hard"", ""pct"": 0.0045662100456621, ""reason"": ""channel_bucket_match""}, {""count"": 2, ""layer"": ""base_hard"", ""pct"": 0.0030441400304414, ""reason"": ""min_avg_dollar_volume_20d""}, {""count"": 2, ""layer"": ""quality_or_theme_hard"", ""pct"": 0.0030441400304414, ""reason"": ""min_ai_link_score""}, {""count"": 1, ""layer"": ""valuation_hard"", ""pct"": 0.0015220700152207, ""reason"": ""min_return_60d""}]"
base,replay_base_2025-06-30,2025-06-30,low_value,union_superset_approx,core_ai,657,48,11,10,"GOOGL,CRM,GOOG,QCOM,AMAT,AMZN,ANET,CAT,LHX,TER",min_dollar_volume,0.2861,max_ev_to_ebit,0.0015220700152207,"[{""count"": 1, ""layer"": ""quality_or_theme_hard"", ""pct"": 0.0015220700152207, ""reason"": ""max_ev_to_ebit""}, {""count"": 1, ""layer"": ""quality_or_theme_hard"", ""pct"": 0.0015220700152207, ""reason"": ""min_net_income_yoy""}, {""count"": 1, ""layer"": ""base_hard"", ""pct"": 0.0015220700152207, ""reason"": ""min_avg_dollar_volume_20d""}, {""count"": 1, ""layer"": ""valuation_hard"", ""pct"": 0.0015220700152207, ""reason"": ""max_pe_percentile_in_sic""}]"
base,replay_base_2025-06-30,2025-06-30,industry_trend,union_superset_approx,ai_enabler,657,345,89,10,"ORCL,KLAC,NFLX,ANET,AMZN,LRCX,PWR,META,GOOGL,CSCO",min_dollar_volume,0.2861,trend_min_avg_dollar_volume_20d,0.0045662100456621,"[{""count"": 3, ""layer"": ""base_hard"", ""pct"": 0.0045662100456621, ""reason"": ""trend_min_avg_dollar_volume_20d""}, {""count"": 2, ""layer"": ""quality_or_theme_hard"", ""pct"": 0.0030441400304414, ""reason"": ""min_current_ratio""}, {""count"": 2, ""layer"": ""quality_or_theme_hard"", ""pct"": 0.0030441400304414, ""reason"": ""min_ai_link_score""}, {""count"": 1, ""layer"": ""quality_or_theme_hard"", ""pct"": 0.0015220700152207, ""reason"": ""min_net_income_yoy""}, {""count"": 1, ""layer"": ""valuation_hard"", ""pct"": 0.0015220700152207, ""reason"": ""max_pe_percentile_in_sic""}]"
base,replay_base_2025-06-30,2025-06-30,industry_trend,union_superset_approx,ai_peripheral,657,156,70,10,"ETN,PWR,UBER,CAT,FCX,HWM,GE,PH,EME,UNP",min_dollar_volume,0.2861,channel_bucket_match,0.0076103500761035,"[{""count"": 5, ""layer"": ""base_hard"", ""pct"": 0.0076103500761035, ""reason"": ""channel_bucket_match""}, {""count"": 2, ""layer"": ""quality_or_theme_hard"", ""pct"": 0.0030441400304414, ""reason"": ""min_ai_link_score""}, {""count"": 1, ""layer"": ""valuation_hard"", ""pct"": 0.0015220700152207, ""reason"": ""trend_min_return_60d""}, {""count"": 1, ""layer"": ""base_hard"", ""pct"": 0.0015220700152207, ""reason"": ""trend_min_avg_dollar_volume_20d""}, {""count"": 1, ""layer"": ""quality_or_theme_hard"", ""pct"": 0.0015220700152207, ""reason"": ""min_current_ratio""}]"
base,replay_base_2025-06-30,2025-06-30,industry_trend,union_superset_approx,core_ai,657,114,28,10,"ORCL,GOOGL,AMZN,META,KLAC,NFLX,NVDA,AMD,ANET,CSCO",min_dollar_volume,0.2861,min_net_income_yoy,0.0015220700152207,"[{""count"": 1, ""layer"": ""quality_or_theme_hard"", ""pct"": 0.0015220700152207, ""reason"": ""min_net_income_yoy""}, {""count"": 1, ""layer"": ""quality_or_theme_hard"", ""pct"": 0.0015220700152207, ""reason"": ""max_ev_to_ebit""}, {""count"": 1, ""layer"": ""valuation_hard"", ""pct"": 0.0015220700152207, ""reason"": ""max_pe_percentile_in_sic""}, {""count"": 1, ""layer"": ""base_hard"", ""pct"": 0.0015220700152207, ""reason"": ""trend_min_avg_dollar_volume_20d""}, {""count"": 1, ""layer"": ""quality_or_theme_hard"", ""pct"": 0.0015220700152207, ""reason"": ""min_interest_coverage""}]"
base,replay_base_2025-06-30,2025-06-30,momentum,union_superset_approx,ai_enabler,657,345,89,10,"KLAC,ORCL,LRCX,ANET,AMD,PWR,NFLX,META,AMZN,AMAT",min_dollar_volume,0.2861,momentum_min_return_20d,0.0015220700152207,"[{""count"": 1, ""layer"": ""valuation_hard"", ""pct"": 0.0015220700152207, ""reason"": ""momentum_min_return_20d""}, {""count"": 1, ""layer"": ""valuation_hard"", ""pct"": 0.0015220700152207, ""reason"": ""momentum_min_price_to_sma200""}, {""count"": 1, ""layer"": ""base_hard"", ""pct"": 0.0015220700152207, ""reason"": ""momentum_min_avg_dollar_volume_20d""}, {""count"": 1, ""layer"": ""quality_or_theme_hard"", ""pct"": 0.0015220700152207, ""reason"": ""min_interest_coverage""}, {""count"": 1, ""layer"": ""valuation_hard"", ""pct"": 0.0015220700152207, ""reason"": ""max_ps_hist_percentile""}]"
base,replay_base_2025-06-30,2025-06-30,momentum,union_superset_approx,ai_peripheral,657,156,70,10,"FCX,ETN,PWR,UBER,CAT,EME,HWM,BWXT,VRT,RTX",min_dollar_volume,0.2861,channel_bucket_match,0.0030441400304414,"[{""count"": 2, ""layer"": ""base_hard"", ""pct"": 0.0030441400304414, ""reason"": ""channel_bucket_match""}, {""count"": 1, ""layer"": ""valuation_hard"", ""pct"": 0.0015220700152207, ""reason"": ""momentum_min_price_to_sma200""}]"
base,replay_base_2025-06-30,2025-06-30,momentum,union_superset_approx,core_ai,657,114,28,10,"ORCL,KLAC,LRCX,AMD,ANET,META,MU,CSCO,MSFT,AMZN",min_dollar_volume,0.2861,momentum_min_return_20d,0.0015220700152207,"[{""count"": 1, ""layer"": ""valuation_hard"", ""pct"": 0.0015220700152207, ""reason"": ""momentum_min_return_20d""}, {""count"": 1, ""layer"": ""quality_or_theme_hard"", ""pct"": 0.0015220700152207, ""reason"": ""min_interest_coverage""}, {""count"": 1, ""layer"": ""valuation_hard"", ""pct"": 0.0015220700152207, ""reason"": ""max_ps_hist_percentile""}]"
base,replay_base_2025-06-30,2025-06-30,research_pool,union_superset_approx,ai_enabler,657,64,64,10,"BAH,EME,JCI,OKLO,ATEN,NOC,HWM,PWR,RTX,ETN",,0.0,,0.0,[]
base,replay_base_2025-06-30,2025-06-30,research_pool,union_superset_approx,ai_peripheral,657,40,40,10,"FCX,EEFT,IESC,MATX,KIM,SKY,BKR,IP,KBH,MHO",,0.0,,0.0,[]
base,replay_base_2025-06-30,2025-06-30,research_pool,union_superset_approx,core_ai,657,44,44,10,"LDOS,KLAC,QCOM,NFLX,PYPL,DIS,LHX,CAT,CSCO,GOOG",,0.0,,0.0,[]
base,replay_base_2025-07-31,2025-07-31,low_value,union_superset_approx,ai_enabler,660,235,17,10,"PYPL,CRM,GOOGL,FCX,QCOM,AMAT,BAH,GD,NSC,AMZN",min_dollar_volume,0.2606,min_return_20d,0.0030303030303030303,"[{""count"": 2, ""layer"": ""valuation_hard"", ""pct"": 0.0030303030303030303, ""reason"": ""min_return_20d""}, {""count"": 2, ""layer"": ""base_hard"", ""pct"": 0.0030303030303030303, ""reason"": ""min_avg_dollar_volume_20d""}, {""count"": 1, ""layer"": ""quality_or_theme_hard"", ""pct"": 0.0015151515151515152, ""reason"": ""min_current_ratio""}, {""count"": 1, ""layer"": ""quality_or_theme_hard"", ""pct"": 0.0015151515151515152, ""reason"": ""min_ai_link_score""}, {""count"": 1, ""layer"": ""valuation_hard"", ""pct"": 0.0015151515151515152, ""reason"": ""max_pe_percentile_in_sic""}]"
base,replay_base_2025-07-31,2025-07-31,low_value,union_superset_approx,ai_peripheral,660,129,10,10,"PYPL,FCX,BAH,CMI,GD,NSC,CSX,PH,ETN,TT",min_dollar_volume,0.2606,channel_bucket_match,0.010606060606060607,"[{""count"": 7, ""layer"": ""base_hard"", ""pct"": 0.010606060606060607, ""reason"": ""channel_bucket_match""}, {""count"": 3, ""layer"": ""quality_or_theme_hard"", ""pct"": 0.004545454545454545, ""reason"": ""min_ai_link_score""}, {""count"": 2, ""layer"": ""valuation_hard"", ""pct"": 0.0030303030303030303, ""reason"": ""min_return_20d""}, {""count"": 2, ""layer"": ""base_hard"", ""pct"": 0.0030303030303030303, ""reason"": ""min_avg_dollar_volume_20d""}, {""count"": 2, ""layer"": ""quality_or_theme_hard"", ""pct"": 0.0030303030303030303, ""reason"": ""min_current_ratio""}]"
base,replay_base_2025-07-31,2025-07-31,low_value,union_superset_approx,core_ai,660,56,8,8,"CRM,GOOGL,PYPL,QCOM,AMAT,TER,FTNT,ARM",min_dollar_volume,0.2606,min_ai_link_score,0.0015151515151515152,"[{""count"": 1, ""layer"": ""quality_or_theme_hard"", ""pct"": 0.0015151515151515152, ""reason"": ""min_ai_link_score""}, {""count"": 1, ""layer"": ""valuation_hard"", ""pct"": 0.0015151515151515152, ""reason"": ""max_pe_percentile_in_sic""}]"
base,replay_base_2025-07-31,2025-07-31,industry_trend,union_superset_approx,ai_enabler,660,360,91,10,"ANET,GOOGL,AMZN,GOOG,PWR,GEV,MSFT,CAT,ETN,KLAC",min_dollar_volume,0.2606,min_ai_link_score,0.004545454545454545,"[{""count"": 3, ""layer"": ""quality_or_theme_hard"", ""pct"": 0.004545454545454545, ""reason"": ""min_ai_link_score""}, {""count"": 2, ""layer"": ""base_hard"", ""pct"": 0.0030303030303030303, ""reason"": ""trend_min_avg_dollar_volume_20d""}, {""count"": 2, ""layer"": ""quality_or_theme_hard"", ""pct"": 0.0030303030303030303, ""reason"": ""min_current_ratio""}, {""count"": 2, ""layer"": ""valuation_hard"", ""pct"": 0.0030303030303030303, ""reason"": ""max_ps_hist_percentile""}, {""count"": 1, ""layer"": ""valuation_hard"", ""pct"": 0.0015151515151515152, ""reason"": ""max_pe_percentile_in_sic""}]"
base,replay_base_2025-07-31,2025-07-31,industry_trend,union_superset_approx,ai_peripheral,660,168,75,10,"GEV,PWR,ETN,CAT,RTX,EME,GE,VRT,CSX,HWM",min_dollar_volume,0.2606,channel_bucket_match,0.010606060606060607,"[{""count"": 7, ""layer"": ""base_hard"", ""pct"": 0.010606060606060607, ""reason"": ""channel_bucket_match""}, {""count"": 4, ""layer"": ""valuation_hard"", ""pct"": 0.006060606060606061, ""reason"": ""max_ps_hist_percentile""}, {""count"": 3, ""layer"": ""quality_or_theme_hard"", ""pct"": 0.004545454545454545, ""reason"": ""min_ai_link_score""}, {""count"": 2, ""layer"": ""valuation_hard"", ""pct"": 0.0030303030303030303, ""reason"": ""trend_min_return_60d""}, {""count"": 2, ""layer"": ""quality_or_theme_hard"", ""pct"": 0.0030303030303030303, ""reason"": ""min_current_ratio""}]"
base,replay_base_2025-07-31,2025-07-31,industry_trend,union_superset_approx,core_ai,660,115,28,10,"GOOGL,ANET,AMZN,MSFT,GOOG,GEV,AMD,KLAC,NVDA,CSCO",min_dollar_volume,0.2606,min_ai_link_score,0.004545454545454545,"[{""count"": 3, ""layer"": ""quality_or_theme_hard"", ""pct"": 0.004545454545454545, ""reason"": ""min_ai_link_score""}, {""count"": 2, ""layer"": ""valuation_hard"", ""pct"": 0.0030303030303030303, ""reason"": ""trend_min_return_60d""}, {""count"": 1, ""layer"": ""valuation_hard"", ""pct"": 0.0015151515151515152, ""reason"": ""max_ps_percentile_in_sic""}, {""count"": 1, ""layer"": ""valuation_hard"", ""pct"": 0.0015151515151515152, ""reason"": ""max_pe_percentile_in_sic""}, {""count"": 1, ""layer"": ""quality_or_theme_hard"", ""pct"": 0.0015151515151515152, ""reason"": ""min_interest_coverage""}]"
base,replay_base_2025-07-31,2025-07-31,momentum,union_superset_approx,ai_enabler,660,360,91,10,"ANET,GOOGL,GEV,PWR,GOOG,AMZN,MSFT,EME,AMD,CAT",min_dollar_volume,0.2606,max_ps_hist_percentile,0.0030303030303030303,"[{""count"": 2, ""layer"": ""valuation_hard"", ""pct"": 0.0030303030303030303, ""reason"": ""max_ps_hist_percentile""}, {""count"": 1, ""layer"": ""valuation_hard"", ""pct"": 0.0015151515151515152, ""reason"": ""momentum_min_return_20d""}, {""count"": 1, ""layer"": ""base_hard"", ""pct"": 0.0015151515151515152, ""reason"": ""momentum_min_avg_dollar_volume_20d""}, {""count"": 1, ""layer"": ""quality_or_theme_hard"", ""pct"": 0.0015151515151515152, ""reason"": ""min_ai_link_score""}]"
base,replay_base_2025-07-31,2025-07-31,momentum,union_superset_approx,ai_peripheral,660,168,75,10,"GEV,PWR,EME,CAT,ETN,RTX,GE,VRT,AEP,GD",min_dollar_volume,0.2606,max_ps_hist_percentile,0.004545454545454545,"[{""count"": 3, ""layer"": ""valuation_hard"", ""pct"": 0.004545454545454545, ""reason"": ""max_ps_hist_percentile""}, {""count"": 2, ""layer"": ""base_hard"", ""pct"": 0.0030303030303030303, ""reason"": ""channel_bucket_match""}]"
base,replay_base_2025-07-31,2025-07-31,momentum,union_superset_approx,core_ai,660,115,28,10,"ANET,GOOGL,MSFT,GEV,GOOG,AMZN,AMD,NVDA,CAT,CSCO",min_dollar_volume,0.2606,momentum_min_return_20d,0.0015151515151515152,"[{""count"": 1, ""layer"": ""valuation_hard"", ""pct"": 0.0015151515151515152, ""reason"": ""momentum_min_return_20d""}, {""count"": 1, ""layer"": ""quality_or_theme_hard"", ""pct"": 0.0015151515151515152, ""reason"": ""min_ai_link_score""}]"
base,replay_base_2025-07-31,2025-07-31,research_pool,union_superset_approx,ai_enabler,660,59,59,10,"BAH,EME,JCI,NSC,ATEN,CMI,RTX,QLYS,GD,PWR",,0.0,,0.0,[]
base,replay_base_2025-07-31,2025-07-31,research_pool,union_superset_approx,ai_peripheral,660,40,40,10,"FCX,MATX,SKY,ESS,EEFT,IESC,EXPD,IP,KIM,LYB",,0.0,,0.0,[]
base,replay_base_2025-07-31,2025-07-31,research_pool,union_superset_approx,core_ai,660,38,38,10,"QCOM,LDOS,KLAC,PYPL,NFLX,LHX,DIS,CSCO,CAT,GOOG",,0.0,,0.0,[]
base,replay_base_2025-08-29,2025-08-29,low_value,union_superset_approx,ai_enabler,660,234,14,10,"NOW,PYPL,CRM,NFLX,VRT,QCOM,BAH,NSC,AMZN,ETN",min_dollar_volume,0.3318,max_ps_hist_percentile,0.0030303030303030303,"[{""count"": 2, ""layer"": ""valuation_hard"", ""pct"": 0.0030303030303030303, ""reason"": ""max_ps_hist_percentile""}, {""count"": 2, ""layer"": ""valuation_hard"", ""pct"": 0.0030303030303030303, ""reason"": ""min_value_discount_any""}, {""count"": 1, ""layer"": ""valuation_hard"", ""pct"": 0.0015151515151515152, ""reason"": ""min_return_20d""}, {""count"": 1, ""layer"": ""valuation_hard"", ""pct"": 0.0015151515151515152, ""reason"": ""min_return_60d""}, {""count"": 1, ""layer"": ""base_hard"", ""pct"": 0.0015151515151515152, ""reason"": ""min_avg_dollar_volume_20d""}]"
base,replay_base_2025-08-29,2025-08-29,low_value,union_superset_approx,ai_peripheral,660,132,10,10,"PYPL,ACN,VRT,BAH,CMI,JCI,NSC,ETN,PWR,NUE",min_dollar_volume,0.3318,channel_bucket_match,0.006060606060606061,"[{""count"": 4, ""layer"": ""base_hard"", ""pct"": 0.006060606060606061, ""reason"": ""channel_bucket_match""}, {""count"": 2, ""layer"": ""base_hard"", ""pct"": 0.0030303030303030303, ""reason"": ""min_avg_dollar_volume_20d""}, {""count"": 2, ""layer"": ""valuation_hard"", ""pct"": 0.0030303030303030303, ""reason"": ""max_ps_hist_percentile""}, {""count"": 1, ""layer"": ""valuation_hard"", ""pct"": 0.0015151515151515152, ""reason"": ""min_return_60d""}, {""count"": 1, ""layer"": ""quality_or_theme_hard"", ""pct"": 0.0015151515151515152, ""reason"": ""min_current_ratio""}]"
base,replay_base_2025-08-29,2025-08-29,low_value,union_superset_approx,core_ai,660,49,7,7,"CRM,NOW,PYPL,QCOM,NXPI,TXN,PANW",min_dollar_volume,0.3318,min_return_20d,0.0015151515151515152,"[{""count"": 1, ""layer"": ""valuation_hard"", ""pct"": 0.0015151515151515152, ""reason"": ""min_return_20d""}, {""count"": 1, ""layer"": ""base_hard"", ""pct"": 0.0015151515151515152, ""reason"": ""min_avg_dollar_volume_20d""}, {""count"": 1, ""layer"": ""valuation_hard"", ""pct"": 0.0015151515151515152, ""reason"": ""max_pe_percentile_in_sic""}]"
base,replay_base_2025-08-29,2025-08-29,industry_trend,union_superset_approx,ai_enabler,660,364,92,10,"GOOGL,GOOG,ANET,AMZN,NFLX,LRCX,CRH,CRM,AAPL,PH",min_dollar_volume,0.3318,max_ps_hist_percentile,0.007575757575757576,"[{""count"": 5, ""layer"": ""valuation_hard"", ""pct"": 0.007575757575757576, ""reason"": ""max_ps_hist_percentile""}, {""count"": 2, ""layer"": ""valuation_hard"", ""pct"": 0.0030303030303030303, ""reason"": ""trend_min_return_60d""}, {""count"": 2, ""layer"": ""base_hard"", ""pct"": 0.0030303030303030303, ""reason"": ""trend_min_avg_dollar_volume_20d""}, {""count"": 2, ""layer"": ""quality_or_theme_hard"", ""pct"": 0.0030303030303030303, ""reason"": ""min_ai_link_score""}, {""count"": 1, ""layer"": ""valuation_hard"", ""pct"": 0.0015151515151515152, ""reason"": ""max_pe_percentile_in_sic""}]"
base,replay_base_2025-08-29,2025-08-29,industry_trend,union_superset_approx,ai_peripheral,660,164,75,10,"CRH,PH,UBER,FCX,UNP,GE,RTX,NSC,BA,ETN",min_dollar_volume,0.3318,channel_bucket_match,0.007575757575757576,"[{""count"": 5, ""layer"": ""base_hard"", ""pct"": 0.007575757575757576, ""reason"": ""channel_bucket_match""}, {""count"": 4, ""layer"": ""valuation_hard"", ""pct"": 0.006060606060606061, ""reason"": ""max_ps_hist_percentile""}, {""count"": 3, ""layer"": ""base_hard"", ""pct"": 0.004545454545454545, ""reason"": ""trend_min_avg_dollar_volume_20d""}, {""count"": 2, ""layer"": ""valuation_hard"", ""pct"": 0.0030303030303030303, ""reason"": ""trend_min_return_60d""}, {""count"": 2, ""layer"": ""quality_or_theme_hard"", ""pct"": 0.0030303030303030303, ""reason"": ""min_ai_link_score""}]"
base,replay_base_2025-08-29,2025-08-29,industry_trend,union_superset_approx,core_ai,660,117,28,10,"GOOGL,AMZN,GOOG,ANET,CRM,NFLX,CSCO,LRCX,KLAC,NVDA",min_dollar_volume,0.3318,trend_min_return_60d,0.004545454545454545,"[{""count"": 3, ""layer"": ""valuation_hard"", ""pct"": 0.004545454545454545, ""reason"": ""trend_min_return_60d""}, {""count"": 2, ""layer"": ""valuation_hard"", ""pct"": 0.0030303030303030303, ""reason"": ""max_ps_hist_percentile""}, {""count"": 2, ""layer"": ""quality_or_theme_hard"", ""pct"": 0.0030303030303030303, ""reason"": ""min_ai_link_score""}, {""count"": 1, ""layer"": ""valuation_hard"", ""pct"": 0.0015151515151515152, ""reason"": ""max_pe_percentile_in_sic""}, {""count"": 1, ""layer"": ""quality_or_theme_hard"", ""pct"": 0.0015151515151515152, ""reason"": ""min_interest_coverage""}]"
base,replay_base_2025-08-29,2025-08-29,momentum,union_superset_approx,ai_enabler,660,364,92,10,"GOOGL,ANET,GOOG,CRH,ZM,AMZN,FCX,LRCX,TXN,AAPL",min_dollar_volume,0.3318,max_ps_hist_percentile,0.004545454545454545,"[{""count"": 3, ""layer"": ""valuation_hard"", ""pct"": 0.004545454545454545, ""reason"": ""max_ps_hist_percentile""}, {""count"": 1, ""layer"": ""valuation_hard"", ""pct"": 0.0015151515151515152, ""reason"": ""max_pe_percentile_in_sic""}, {""count"": 1, ""layer"": ""valuation_hard"", ""pct"": 0.0015151515151515152, ""reason"": ""momentum_min_return_60d""}, {""count"": 1, ""layer"": ""base_hard"", ""pct"": 0.0015151515151515152, ""reason"": ""momentum_min_avg_dollar_volume_20d""}, {""count"": 1, ""layer"": ""quality_or_theme_hard"", ""pct"": 0.0015151515151515152, ""reason"": ""min_ai_link_score""}]"
base,replay_base_2025-08-29,2025-08-29,momentum,union_superset_approx,ai_peripheral,660,164,75,10,"CRH,FCX,UBER,PH,GD,UNP,BWXT,CMI,NEM,VMC",min_dollar_volume,0.3318,max_ps_hist_percentile,0.0030303030303030303,"[{""count"": 2, ""layer"": ""valuation_hard"", ""pct"": 0.0030303030303030303, ""reason"": ""max_ps_hist_percentile""}]"
base,replay_base_2025-08-29,2025-08-29,momentum,union_superset_approx,core_ai,660,117,28,10,"GOOGL,ANET,GOOG,AMZN,ZM,LRCX,CSCO,TXN,NFLX,MU",min_dollar_volume,0.3318,max_ps_hist_percentile,0.0030303030303030303,"[{""count"": 2, ""layer"": ""valuation_hard"", ""pct"": 0.0030303030303030303, ""reason"": ""max_ps_hist_percentile""}, {""count"": 1, ""layer"": ""valuation_hard"", ""pct"": 0.0015151515151515152, ""reason"": ""max_pe_percentile_in_sic""}]"
base,replay_base_2025-08-29,2025-08-29,research_pool,union_superset_approx,ai_enabler,660,66,66,10,"BAH,ACN,JCI,ATEN,EME,CMI,NSC,NNE,NUE,SMR",,0.0,,0.0,[]
base,replay_base_2025-08-29,2025-08-29,research_pool,union_superset_approx,ai_peripheral,660,42,42,10,"CF,IESC,MATX,SKY,ESS,EXPD,HEI,EEFT,NEM,KIM",,0.0,,0.0,[]
base,replay_base_2025-08-29,2025-08-29,research_pool,union_superset_approx,core_ai,660,36,36,10,"ZM,QCOM,NOW,LDOS,KLAC,PYPL,NFLX,DIS,LHX,GOOG",,0.0,,0.0,[]
base,replay_base_2025-09-30,2025-09-30,low_value,union_superset_approx,ai_enabler,662,208,16,10,"NOW,PYPL,NFLX,ACN,UNP,QCOM,CSCO,CSX,AMZN,ETN",min_dollar_volume,0.2779,min_avg_dollar_volume_20d,0.0030211480362537764,"[{""count"": 2, ""layer"": ""base_hard"", ""pct"": 0.0030211480362537764, ""reason"": ""min_avg_dollar_volume_20d""}, {""count"": 1, ""layer"": ""valuation_hard"", ""pct"": 0.0015105740181268882, ""reason"": ""min_return_60d""}, {""count"": 1, ""layer"": ""quality_or_theme_hard"", ""pct"": 0.0015105740181268882, ""reason"": ""min_current_ratio""}, {""count"": 1, ""layer"": ""quality_or_theme_hard"", ""pct"": 0.0015105740181268882, ""reason"": ""min_ai_link_score""}, {""count"": 1, ""layer"": ""valuation_hard"", ""pct"": 0.0015105740181268882, ""reason"": ""min_value_discount_any""}]"
base,replay_base_2025-09-30,2025-09-30,low_value,union_superset_approx,ai_peripheral,662,112,9,9,"PYPL,ACN,UNP,LMT,CSX,PH,ETN,TT,STLD",min_dollar_volume,0.2779,channel_bucket_match,0.006042296072507553,"[{""count"": 4, ""layer"": ""base_hard"", ""pct"": 0.006042296072507553, ""reason"": ""channel_bucket_match""}, {""count"": 2, ""layer"": ""valuation_hard"", ""pct"": 0.0030211480362537764, ""reason"": ""min_return_60d""}, {""count"": 2, ""layer"": ""base_hard"", ""pct"": 0.0030211480362537764, ""reason"": ""min_avg_dollar_volume_20d""}, {""count"": 1, ""layer"": ""quality_or_theme_hard"", ""pct"": 0.0015105740181268882, ""reason"": ""min_current_ratio""}, {""count"": 1, ""layer"": ""valuation_hard"", ""pct"": 0.0015105740181268882, ""reason"": ""max_ps_hist_percentile""}]"
base,replay_base_2025-09-30,2025-09-30,low_value,union_superset_approx,core_ai,662,45,8,8,"NOW,PYPL,NFLX,ZM,QCOM,AMZN,DIS,FTNT",min_dollar_volume,0.2779,min_ai_link_score,0.0030211480362537764,"[{""count"": 2, ""layer"": ""quality_or_theme_hard"", ""pct"": 0.0030211480362537764, ""reason"": ""min_ai_link_score""}, {""count"": 1, ""layer"": ""valuation_hard"", ""pct"": 0.0015105740181268882, ""reason"": ""min_return_60d""}, {""count"": 1, ""layer"": ""valuation_hard"", ""pct"": 0.0015105740181268882, ""reason"": ""min_value_discount_any""}, {""count"": 1, ""layer"": ""valuation_hard"", ""pct"": 0.0015105740181268882, ""reason"": ""max_pe_percentile_in_sic""}]"
base,replay_base_2025-09-30,2025-09-30,industry_trend,union_superset_approx,ai_enabler,662,372,90,10,"KLAC,LRCX,AMAT,GOOGL,GOOG,TSLA,UNP,IBM,VRT,CSCO",min_dollar_volume,0.2779,trend_min_return_60d,0.00906344410876133,"[{""count"": 6, ""layer"": ""valuation_hard"", ""pct"": 0.00906344410876133, ""reason"": ""trend_min_return_60d""}, {""count"": 2, ""layer"": ""valuation_hard"", ""pct"": 0.0030211480362537764, ""reason"": ""max_ps_hist_percentile""}, {""count"": 2, ""layer"": ""quality_or_theme_hard"", ""pct"": 0.0030211480362537764, ""reason"": ""min_ai_link_score""}, {""count"": 1, ""layer"": ""valuation_hard"", ""pct"": 0.0015105740181268882, ""reason"": ""max_pe_percentile_in_sic""}, {""count"": 1, ""layer"": ""quality_or_theme_hard"", ""pct"": 0.0015105740181268882, ""reason"": ""min_interest_coverage""}]"
base,replay_base_2025-09-30,2025-09-30,industry_trend,union_superset_approx,ai_peripheral,662,166,74,10,"CRH,UNP,CSX,CAT,HWM,ETN,VRT,GE,GEV,PWR",min_dollar_volume,0.2779,trend_min_return_60d,0.006042296072507553,"[{""count"": 4, ""layer"": ""valuation_hard"", ""pct"": 0.006042296072507553, ""reason"": ""trend_min_return_60d""}, {""count"": 2, ""layer"": ""valuation_hard"", ""pct"": 0.0030211480362537764, ""reason"": ""max_ps_hist_percentile""}, {""count"": 1, ""layer"": ""base_hard"", ""pct"": 0.0015105740181268882, ""reason"": ""trend_min_avg_dollar_volume_20d""}, {""count"": 1, ""layer"": ""quality_or_theme_hard"", ""pct"": 0.0015105740181268882, ""reason"": ""min_current_ratio""}, {""count"": 1, ""layer"": ""quality_or_theme_hard"", ""pct"": 0.0015105740181268882, ""reason"": ""min_ai_link_score""}]"
base,replay_base_2025-09-30,2025-09-30,industry_trend,union_superset_approx,core_ai,662,121,29,10,"GOOGL,LRCX,KLAC,AMAT,GOOG,MSFT,AMZN,TSLA,CSCO,NVDA",min_dollar_volume,0.2779,trend_min_return_60d,0.004531722054380665,"[{""count"": 3, ""layer"": ""valuation_hard"", ""pct"": 0.004531722054380665, ""reason"": ""trend_min_return_60d""}, {""count"": 1, ""layer"": ""valuation_hard"", ""pct"": 0.0015105740181268882, ""reason"": ""max_pe_percentile_in_sic""}, {""count"": 1, ""layer"": ""quality_or_theme_hard"", ""pct"": 0.0015105740181268882, ""reason"": ""min_interest_coverage""}, {""count"": 1, ""layer"": ""valuation_hard"", ""pct"": 0.0015105740181268882, ""reason"": ""max_ps_hist_percentile""}, {""count"": 1, ""layer"": ""quality_or_theme_hard"", ""pct"": 0.0015105740181268882, ""reason"": ""min_ai_link_score""}]"
base,replay_base_2025-09-30,2025-09-30,momentum,union_superset_approx,ai_enabler,662,372,90,10,"LRCX,KLAC,AMAT,GOOGL,GOOG,TSLA,PWR,IBM,ASML,ORCL",min_dollar_volume,0.2779,max_pe_percentile_in_sic,0.0015105740181268882,"[{""count"": 1, ""layer"": ""valuation_hard"", ""pct"": 0.0015105740181268882, ""reason"": ""max_pe_percentile_in_sic""}, {""count"": 1, ""layer"": ""quality_or_theme_hard"", ""pct"": 0.0015105740181268882, ""reason"": ""min_interest_coverage""}, {""count"": 1, ""layer"": ""valuation_hard"", ""pct"": 0.0015105740181268882, ""reason"": ""max_ps_hist_percentile""}, {""count"": 1, ""layer"": ""quality_or_theme_hard"", ""pct"": 0.0015105740181268882, ""reason"": ""min_ai_link_score""}]"
base,replay_base_2025-09-30,2025-09-30,momentum,union_superset_approx,ai_peripheral,662,166,74,10,"HWM,PWR,CSX,CAT,ETN,CRH,UNP,VRT,GE,GEV",min_dollar_volume,0.2779,max_ps_hist_percentile,0.0030211480362537764,"[{""count"": 2, ""layer"": ""valuation_hard"", ""pct"": 0.0030211480362537764, ""reason"": ""max_ps_hist_percentile""}]"
base,replay_base_2025-09-30,2025-09-30,momentum,union_superset_approx,core_ai,662,121,29,10,"LRCX,KLAC,GOOGL,AMAT,ORCL,MU,TSLA,GOOG,IBM,ASML",min_dollar_volume,0.2779,min_interest_coverage,0.0015105740181268882,"[{""count"": 1, ""layer"": ""quality_or_theme_hard"", ""pct"": 0.0015105740181268882, ""reason"": ""min_interest_coverage""}, {""count"": 1, ""layer"": ""quality_or_theme_hard"", ""pct"": 0.0015105740181268882, ""reason"": ""min_ai_link_score""}]"
base,replay_base_2025-09-30,2025-09-30,research_pool,union_superset_approx,ai_enabler,662,70,70,10,"ACN,EME,ATEN,JCI,CMI,NNE,STLD,NSC,UNP,CSX",,0.0,,0.0,[]
base,replay_base_2025-09-30,2025-09-30,research_pool,union_superset_approx,ai_peripheral,662,36,36,10,"HII,IESC,SKY,MATX,ESS,EXPD,FCX,HEI,EEFT,CF",,0.0,,0.0,[]
base,replay_base_2025-09-30,2025-09-30,research_pool,union_superset_approx,core_ai,662,39,39,10,"ZM,KLAC,NOW,QCOM,PYPL,NFLX,LDOS,DIS,CSCO,CAT",,0.0,,0.0,[]
base,replay_base_2025-10-31,2025-10-31,low_value,union_superset_approx,ai_enabler,665,228,16,10,"NOW,PYPL,NFLX,ACN,QCOM,VMC,LMT,DIS,NSC,ETN",min_dollar_volume,0.2526,min_value_discount_any,0.0030075187969924814,"[{""count"": 2, ""layer"": ""valuation_hard"", ""pct"": 0.0030075187969924814, ""reason"": ""min_value_discount_any""}, {""count"": 1, ""layer"": ""base_hard"", ""pct"": 0.0015037593984962407, ""reason"": ""min_avg_dollar_volume_20d""}, {""count"": 1, ""layer"": ""quality_or_theme_hard"", ""pct"": 0.0015037593984962407, ""reason"": ""min_current_ratio""}, {""count"": 1, ""layer"": ""quality_or_theme_hard"", ""pct"": 0.0015037593984962407, ""reason"": ""min_ai_link_score""}, {""count"": 1, ""layer"": ""valuation_hard"", ""pct"": 0.0015037593984962407, ""reason"": ""max_pe_percentile_in_sic""}]"
base,replay_base_2025-10-31,2025-10-31,low_value,union_superset_approx,ai_peripheral,665,136,13,10,"PYPL,ACN,VMC,LMT,NSC,NOC,CRH,PH,ETN,UBER",min_dollar_volume,0.2526,channel_bucket_match,0.007518796992481203,"[{""count"": 5, ""layer"": ""base_hard"", ""pct"": 0.007518796992481203, ""reason"": ""channel_bucket_match""}, {""count"": 2, ""layer"": ""valuation_hard"", ""pct"": 0.0030075187969924814, ""reason"": ""max_ps_hist_percentile""}, {""count"": 2, ""layer"": ""quality_or_theme_hard"", ""pct"": 0.0030075187969924814, ""reason"": ""min_ai_link_score""}, {""count"": 1, ""layer"": ""quality_or_theme_hard"", ""pct"": 0.0015037593984962407, ""reason"": ""min_current_ratio""}]"
base,replay_base_2025-10-31,2025-10-31,low_value,union_superset_approx,core_ai,665,44,7,7,"NOW,PYPL,CRM,NFLX,DIS,FTNT,ADI",min_dollar_volume,0.2526,channel_bucket_match,0.0030075187969924814,"[{""count"": 2, ""layer"": ""base_hard"", ""pct"": 0.0030075187969924814, ""reason"": ""channel_bucket_match""}, {""count"": 1, ""layer"": ""quality_or_theme_hard"", ""pct"": 0.0015037593984962407, ""reason"": ""min_ai_link_score""}, {""count"": 1, ""layer"": ""valuation_hard"", ""pct"": 0.0015037593984962407, ""reason"": ""min_value_discount_any""}]"
base,replay_base_2025-10-31,2025-10-31,industry_trend,union_superset_approx,ai_enabler,665,381,91,10,"AMZN,MU,GOOGL,KLAC,CSCO,GOOG,LRCX,PWR,CRM,IBM",min_dollar_volume,0.2526,max_ps_hist_percentile,0.004511278195488722,"[{""count"": 3, ""layer"": ""valuation_hard"", ""pct"": 0.004511278195488722, ""reason"": ""max_ps_hist_percentile""}, {""count"": 3, ""layer"": ""quality_or_theme_hard"", ""pct"": 0.004511278195488722, ""reason"": ""min_ai_link_score""}, {""count"": 2, ""layer"": ""valuation_hard"", ""pct"": 0.0030075187969924814, ""reason"": ""trend_min_return_60d""}, {""count"": 2, ""layer"": ""quality_or_theme_hard"", ""pct"": 0.0030075187969924814, ""reason"": ""min_current_ratio""}, {""count"": 1, ""layer"": ""valuation_hard"", ""pct"": 0.0015037593984962407, ""reason"": ""max_pe_percentile_in_sic""}]"
base,replay_base_2025-10-31,2025-10-31,industry_trend,union_superset_approx,ai_peripheral,665,171,75,10,"PWR,CAT,HWM,FCX,VRT,GE,RTX,ETN,PH,EME",min_dollar_volume,0.2526,max_ps_hist_percentile,0.007518796992481203,"[{""count"": 5, ""layer"": ""valuation_hard"", ""pct"": 0.007518796992481203, ""reason"": ""max_ps_hist_percentile""}, {""count"": 5, ""layer"": ""base_hard"", ""pct"": 0.007518796992481203, ""reason"": ""channel_bucket_match""}, {""count"": 2, ""layer"": ""quality_or_theme_hard"", ""pct"": 0.0030075187969924814, ""reason"": ""min_ai_link_score""}, {""count"": 1, ""layer"": ""base_hard"", ""pct"": 0.0015037593984962407, ""reason"": ""trend_min_avg_dollar_volume_20d""}, {""count"": 1, ""layer"": ""quality_or_theme_hard"", ""pct"": 0.0015037593984962407, ""reason"": ""min_current_ratio""}]"
base,replay_base_2025-10-31,2025-10-31,industry_trend,union_superset_approx,core_ai,665,121,29,10,"GOOGL,AMZN,MU,CSCO,GOOG,CRM,KLAC,AVGO,LRCX,NVDA",min_dollar_volume,0.2526,channel_bucket_match,0.0030075187969924814,"[{""count"": 2, ""layer"": ""base_hard"", ""pct"": 0.0030075187969924814, ""reason"": ""channel_bucket_match""}, {""count"": 2, ""layer"": ""quality_or_theme_hard"", ""pct"": 0.0030075187969924814, ""reason"": ""min_ai_link_score""}, {""count"": 1, ""layer"": ""valuation_hard"", ""pct"": 0.0015037593984962407, ""reason"": ""max_pe_percentile_in_sic""}, {""count"": 1, ""layer"": ""valuation_hard"", ""pct"": 0.0015037593984962407, ""reason"": ""trend_min_return_60d""}, {""count"": 1, ""layer"": ""quality_or_theme_hard"", ""pct"": 0.0015037593984962407, ""reason"": ""min_interest_coverage""}]"
base,replay_base_2025-10-31,2025-10-31,momentum,union_superset_approx,ai_enabler,665,381,91,10,"MU,AMZN,GOOGL,KLAC,GOOG,LRCX,CSCO,CRM,ANET,PWR",min_dollar_volume,0.2526,momentum_min_price_to_sma200,0.0030075187969924814,"[{""count"": 2, ""layer"": ""valuation_hard"", ""pct"": 0.0030075187969924814, ""reason"": ""momentum_min_price_to_sma200""}, {""count"": 2, ""layer"": ""valuation_hard"", ""pct"": 0.0030075187969924814, ""reason"": ""max_ps_hist_percentile""}, {""count"": 1, ""layer"": ""valuation_hard"", ""pct"": 0.0015037593984962407, ""reason"": ""max_pe_percentile_in_sic""}, {""count"": 1, ""layer"": ""valuation_hard"", ""pct"": 0.0015037593984962407, ""reason"": ""momentum_min_return_60d""}, {""count"": 1, ""layer"": ""quality_or_theme_hard"", ""pct"": 0.0015037593984962407, ""reason"": ""min_interest_coverage""}]"
base,replay_base_2025-10-31,2025-10-31,momentum,union_superset_approx,ai_peripheral,665,171,75,10,"CAT,PWR,HWM,FCX,ATI,VRT,RTX,UPS,BWXT,JCI",min_dollar_volume,0.2526,momentum_min_price_to_sma200,0.0015037593984962407,"[{""count"": 1, ""layer"": ""valuation_hard"", ""pct"": 0.0015037593984962407, ""reason"": ""momentum_min_price_to_sma200""}, {""count"": 1, ""layer"": ""valuation_hard"", ""pct"": 0.0015037593984962407, ""reason"": ""max_ps_hist_percentile""}, {""count"": 1, ""layer"": ""quality_or_theme_hard"", ""pct"": 0.0015037593984962407, ""reason"": ""min_ai_link_score""}]"
base,replay_base_2025-10-31,2025-10-31,momentum,union_superset_approx,core_ai,665,121,29,10,"MU,GOOGL,AMZN,CSCO,CRM,GOOG,KLAC,AMD,LRCX,ANET",min_dollar_volume,0.2526,max_pe_percentile_in_sic,0.0015037593984962407,"[{""count"": 1, ""layer"": ""valuation_hard"", ""pct"": 0.0015037593984962407, ""reason"": ""max_pe_percentile_in_sic""}, {""count"": 1, ""layer"": ""valuation_hard"", ""pct"": 0.0015037593984962407, ""reason"": ""momentum_min_price_to_sma200""}, {""count"": 1, ""layer"": ""quality_or_theme_hard"", ""pct"": 0.0015037593984962407, ""reason"": ""min_interest_coverage""}, {""count"": 1, ""layer"": ""quality_or_theme_hard"", ""pct"": 0.0015037593984962407, ""reason"": ""min_ai_link_score""}]"
base,replay_base_2025-10-31,2025-10-31,research_pool,union_superset_approx,ai_enabler,665,68,68,10,"ACN,EME,JCI,ATEN,CMI,NNE,STLD,NOC,LMT,NUE",,0.0,,0.0,[]
base,replay_base_2025-10-31,2025-10-31,research_pool,union_superset_approx,ai_peripheral,665,35,35,10,"HII,EXLS,FISV,EEFT,IESC,SKY,MATX,KIM,ESS,HEI",,0.0,,0.0,[]
base,replay_base_2025-10-31,2025-10-31,research_pool,union_superset_approx,core_ai,665,43,43,10,"KLAC,NOW,NFLX,PYPL,QCOM,LDOS,DIS,CAT,ZM,CRM",,0.0,,0.0,[]
base,replay_base_2025-11-28,2025-11-28,low_value,union_superset_approx,ai_enabler,666,208,12,10,"NFLX,ACN,ZM,GD,AMZN,VMC,NSC,CSX,TXN,META",min_dollar_volume,0.4264,min_return_20d,0.003003003003003003,"[{""count"": 2, ""layer"": ""valuation_hard"", ""pct"": 0.003003003003003003, ""reason"": ""min_return_20d""}, {""count"": 2, ""layer"": ""valuation_hard"", ""pct"": 0.003003003003003003, ""reason"": ""min_value_discount_any""}, {""count"": 1, ""layer"": ""base_hard"", ""pct"": 0.0015015015015015015, ""reason"": ""min_avg_dollar_volume_20d""}, {""count"": 1, ""layer"": ""quality_or_theme_hard"", ""pct"": 0.0015015015015015015, ""reason"": ""min_current_ratio""}, {""count"": 1, ""layer"": ""valuation_hard"", ""pct"": 0.0015015015015015015, ""reason"": ""max_ps_hist_percentile""}]"
base,replay_base_2025-11-28,2025-11-28,low_value,union_superset_approx,ai_peripheral,666,107,7,7,"ACN,EME,GD,VMC,CSX,NSC,TT",min_dollar_volume,0.4264,max_ps_hist_percentile,0.0045045045045045045,"[{""count"": 3, ""layer"": ""valuation_hard"", ""pct"": 0.0045045045045045045, ""reason"": ""max_ps_hist_percentile""}, {""count"": 2, ""layer"": ""base_hard"", ""pct"": 0.003003003003003003, ""reason"": ""channel_bucket_match""}, {""count"": 1, ""layer"": ""quality_or_theme_hard"", ""pct"": 0.0015015015015015015, ""reason"": ""min_current_ratio""}, {""count"": 1, ""layer"": ""quality_or_theme_hard"", ""pct"": 0.0015015015015015015, ""reason"": ""min_ai_link_score""}]"
base,replay_base_2025-11-28,2025-11-28,low_value,union_superset_approx,core_ai,666,58,6,6,"NFLX,ZM,AMZN,TXN,META,FTNT",min_dollar_volume,0.4264,min_return_20d,0.003003003003003003,"[{""count"": 2, ""layer"": ""valuation_hard"", ""pct"": 0.003003003003003003, ""reason"": ""min_return_20d""}, {""count"": 2, ""layer"": ""valuation_hard"", ""pct"": 0.003003003003003003, ""reason"": ""max_ps_percentile_in_sic""}, {""count"": 1, ""layer"": ""base_hard"", ""pct"": 0.0015015015015015015, ""reason"": ""channel_bucket_match""}, {""count"": 1, ""layer"": ""valuation_hard"", ""pct"": 0.0015015015015015015, ""reason"": ""min_value_discount_any""}]"
base,replay_base_2025-11-28,2025-11-28,industry_trend,union_superset_approx,ai_enabler,666,354,89,10,"AMZN,CSCO,GOOGL,MU,GOOG,KLAC,GEV,AMAT,NFLX,LRCX",min_dollar_volume,0.4264,trend_min_return_60d,0.010510510510510511,"[{""count"": 7, ""layer"": ""valuation_hard"", ""pct"": 0.010510510510510511, ""reason"": ""trend_min_return_60d""}, {""count"": 2, ""layer"": ""valuation_hard"", ""pct"": 0.003003003003003003, ""reason"": ""max_ps_hist_percentile""}, {""count"": 2, ""layer"": ""quality_or_theme_hard"", ""pct"": 0.003003003003003003, ""reason"": ""min_ai_link_score""}, {""count"": 1, ""layer"": ""valuation_hard"", ""pct"": 0.0015015015015015015, ""reason"": ""max_ps_percentile_in_sic""}, {""count"": 1, ""layer"": ""base_hard"", ""pct"": 0.0015015015015015015, ""reason"": ""trend_min_avg_dollar_volume_20d""}]"
base,replay_base_2025-11-28,2025-11-28,industry_trend,union_superset_approx,ai_peripheral,666,154,72,10,"GEV,PH,UNP,FCX,CRH,PWR,KMI,D,CMI,GE",min_dollar_volume,0.4264,max_ps_hist_percentile,0.006006006006006006,"[{""count"": 4, ""layer"": ""valuation_hard"", ""pct"": 0.006006006006006006, ""reason"": ""max_ps_hist_percentile""}, {""count"": 1, ""layer"": ""valuation_hard"", ""pct"": 0.0015015015015015015, ""reason"": ""trend_min_return_60d""}, {""count"": 1, ""layer"": ""quality_or_theme_hard"", ""pct"": 0.0015015015015015015, ""reason"": ""min_current_ratio""}, {""count"": 1, ""layer"": ""base_hard"", ""pct"": 0.0015015015015015015, ""reason"": ""channel_bucket_match""}, {""count"": 1, ""layer"": ""quality_or_theme_hard"", ""pct"": 0.0015015015015015015, ""reason"": ""min_ai_link_score""}]"
base,replay_base_2025-11-28,2025-11-28,industry_trend,union_superset_approx,core_ai,666,118,29,10,"GOOGL,AMZN,CSCO,MU,GOOG,MSFT,AVGO,NFLX,AAPL,KLAC",min_dollar_volume,0.4264,trend_min_return_60d,0.009009009009009009,"[{""count"": 6, ""layer"": ""valuation_hard"", ""pct"": 0.009009009009009009, ""reason"": ""trend_min_return_60d""}, {""count"": 1, ""layer"": ""quality_or_theme_hard"", ""pct"": 0.0015015015015015015, ""reason"": ""min_interest_coverage""}, {""count"": 1, ""layer"": ""base_hard"", ""pct"": 0.0015015015015015015, ""reason"": ""channel_bucket_match""}, {""count"": 1, ""layer"": ""quality_or_theme_hard"", ""pct"": 0.0015015015015015015, ""reason"": ""min_ai_link_score""}]"
base,replay_base_2025-11-28,2025-11-28,momentum,union_superset_approx,ai_enabler,666,354,89,10,"GOOGL,CSCO,AMZN,MU,UNP,GOOG,PWR,AKAM,GEV,PH",min_dollar_volume,0.4264,min_current_ratio,0.0015015015015015015,"[{""count"": 1, ""layer"": ""quality_or_theme_hard"", ""pct"": 0.0015015015015015015, ""reason"": ""min_current_ratio""}, {""count"": 1, ""layer"": ""quality_or_theme_hard"", ""pct"": 0.0015015015015015015, ""reason"": ""min_ai_link_score""}]"
base,replay_base_2025-11-28,2025-11-28,momentum,union_superset_approx,ai_peripheral,666,154,72,10,"PH,UNP,GEV,FCX,OKE,CRH,PWR,CMI,D,KMI",min_dollar_volume,0.4264,min_current_ratio,0.0015015015015015015,"[{""count"": 1, ""layer"": ""quality_or_theme_hard"", ""pct"": 0.0015015015015015015, ""reason"": ""min_current_ratio""}, {""count"": 1, ""layer"": ""quality_or_theme_hard"", ""pct"": 0.0015015015015015015, ""reason"": ""min_ai_link_score""}]"
base,replay_base_2025-11-28,2025-11-28,momentum,union_superset_approx,core_ai,666,118,29,10,"GOOGL,CSCO,MU,AMZN,GOOG,AVGO,GEV,KLAC,MSFT,LRCX",min_dollar_volume,0.4264,,0.0,[]
base,replay_base_2025-11-28,2025-11-28,research_pool,union_superset_approx,ai_enabler,666,64,64,10,"ACN,ATEN,EME,CMI,NUE,CSX,STLD,VMC,RTX,VRT",,0.0,,0.0,[]
base,replay_base_2025-11-28,2025-11-28,research_pool,union_superset_approx,ai_peripheral,666,40,40,10,"HII,FISV,MOS,IESC,EXLS,SW,KIM,CF,HEI,NEM",,0.0,,0.0,[]
base,replay_base_2025-11-28,2025-11-28,research_pool,union_superset_approx,core_ai,666,34,34,10,"KLAC,NFLX,LDOS,CSCO,ZM,TXN,FTNT,MU,AMZN,AMD",,0.0,,0.0,[]
base,replay_base_2025-12-31,2025-12-31,low_value,union_superset_approx,ai_enabler,666,253,16,10,"ADBE,CRM,ACN,EME,ETN,GD,AMZN,VMC,NSC,DIS",min_dollar_volume,0.3784,min_return_60d,0.0045045045045045045,"[{""count"": 3, ""layer"": ""valuation_hard"", ""pct"": 0.0045045045045045045, ""reason"": ""min_return_60d""}, {""count"": 2, ""layer"": ""quality_or_theme_hard"", ""pct"": 0.003003003003003003, ""reason"": ""min_current_ratio""}, {""count"": 1, ""layer"": ""base_hard"", ""pct"": 0.0015015015015015015, ""reason"": ""min_avg_dollar_volume_20d""}, {""count"": 1, ""layer"": ""valuation_hard"", ""pct"": 0.0015015015015015015, ""reason"": ""min_value_discount_any""}, {""count"": 1, ""layer"": ""valuation_hard"", ""pct"": 0.0015015015015015015, ""reason"": ""max_ps_percentile_in_sic""}]"
base,replay_base_2025-12-31,2025-12-31,low_value,union_superset_approx,ai_peripheral,666,127,11,10,"ACN,EME,GD,VMC,ETN,NSC,HWM,SRE,BWXT,EQIX",min_dollar_volume,0.3784,min_return_60d,0.003003003003003003,"[{""count"": 2, ""layer"": ""valuation_hard"", ""pct"": 0.003003003003003003, ""reason"": ""min_return_60d""}, {""count"": 2, ""layer"": ""quality_or_theme_hard"", ""pct"": 0.003003003003003003, ""reason"": ""min_current_ratio""}, {""count"": 2, ""layer"": ""base_hard"", ""pct"": 0.003003003003003003, ""reason"": ""channel_bucket_match""}, {""count"": 1, ""layer"": ""quality_or_theme_hard"", ""pct"": 0.0015015015015015015, ""reason"": ""min_net_income_yoy""}, {""count"": 1, ""layer"": ""valuation_hard"", ""pct"": 0.0015015015015015015, ""reason"": ""max_ps_hist_percentile""}]"
base,replay_base_2025-12-31,2025-12-31,low_value,union_superset_approx,core_ai,666,64,7,7,"CRM,ADBE,AMZN,ZM,TXN,DIS,FTNT",min_dollar_volume,0.3784,max_ps_percentile_in_sic,0.003003003003003003,"[{""count"": 2, ""layer"": ""valuation_hard"", ""pct"": 0.003003003003003003, ""reason"": ""max_ps_percentile_in_sic""}, {""count"": 1, ""layer"": ""valuation_hard"", ""pct"": 0.0015015015015015015, ""reason"": ""min_return_60d""}, {""count"": 1, ""layer"": ""base_hard"", ""pct"": 0.0015015015015015015, ""reason"": ""channel_bucket_match""}]"
base,replay_base_2025-12-31,2025-12-31,industry_trend,union_superset_approx,ai_enabler,666,362,90,10,"MU,LRCX,CRM,GEV,FCX,KLAC,CSCO,AMZN,GE,RTX",min_dollar_volume,0.3784,trend_min_return_60d,0.006006006006006006,"[{""count"": 4, ""layer"": ""valuation_hard"", ""pct"": 0.006006006006006006, ""reason"": ""trend_min_return_60d""}, {""count"": 3, ""layer"": ""quality_or_theme_hard"", ""pct"": 0.0045045045045045045, ""reason"": ""min_current_ratio""}, {""count"": 3, ""layer"": ""valuation_hard"", ""pct"": 0.0045045045045045045, ""reason"": ""max_ps_hist_percentile""}, {""count"": 2, ""layer"": ""quality_or_theme_hard"", ""pct"": 0.003003003003003003, ""reason"": ""min_ai_link_score""}, {""count"": 1, ""layer"": ""quality_or_theme_hard"", ""pct"": 0.0015015015015015015, ""reason"": ""min_interest_coverage""}]"
base,replay_base_2025-12-31,2025-12-31,industry_trend,union_superset_approx,ai_peripheral,666,161,72,10,"GEV,FCX,RTX,CRH,GE,CSX,UNP,JCI,PH,HWM",min_dollar_volume,0.3784,trend_min_return_60d,0.003003003003003003,"[{""count"": 2, ""layer"": ""valuation_hard"", ""pct"": 0.003003003003003003, ""reason"": ""trend_min_return_60d""}, {""count"": 2, ""layer"": ""quality_or_theme_hard"", ""pct"": 0.003003003003003003, ""reason"": ""min_current_ratio""}, {""count"": 2, ""layer"": ""valuation_hard"", ""pct"": 0.003003003003003003, ""reason"": ""max_ps_hist_percentile""}, {""count"": 2, ""layer"": ""base_hard"", ""pct"": 0.003003003003003003, ""reason"": ""channel_bucket_match""}]"
base,replay_base_2025-12-31,2025-12-31,industry_trend,union_superset_approx,core_ai,666,118,28,10,"MU,CRM,CSCO,LRCX,AMZN,MSFT,GEV,GOOGL,KLAC,NVDA",min_dollar_volume,0.3784,trend_min_return_60d,0.003003003003003003,"[{""count"": 2, ""layer"": ""valuation_hard"", ""pct"": 0.003003003003003003, ""reason"": ""trend_min_return_60d""}, {""count"": 2, ""layer"": ""quality_or_theme_hard"", ""pct"": 0.003003003003003003, ""reason"": ""min_current_ratio""}, {""count"": 2, ""layer"": ""quality_or_theme_hard"", ""pct"": 0.003003003003003003, ""reason"": ""min_ai_link_score""}, {""count"": 1, ""layer"": ""quality_or_theme_hard"", ""pct"": 0.0015015015015015015, ""reason"": ""min_interest_coverage""}, {""count"": 1, ""layer"": ""base_hard"", ""pct"": 0.0015015015015015015, ""reason"": ""channel_bucket_match""}]"
base,replay_base_2025-12-31,2025-12-31,momentum,union_superset_approx,ai_enabler,666,362,90,10,"CRM,MU,LRCX,FCX,GEV,KLAC,RTX,CRH,ATI,CSCO",min_dollar_volume,0.3784,momentum_min_return_20d,0.0015015015015015015,"[{""count"": 1, ""layer"": ""valuation_hard"", ""pct"": 0.0015015015015015015, ""reason"": ""momentum_min_return_20d""}, {""count"": 1, ""layer"": ""quality_or_theme_hard"", ""pct"": 0.0015015015015015015, ""reason"": ""min_current_ratio""}, {""count"": 1, ""layer"": ""valuation_hard"", ""pct"": 0.0015015015015015015, ""reason"": ""max_ps_hist_percentile""}, {""count"": 1, ""layer"": ""valuation_hard"", ""pct"": 0.0015015015015015015, ""reason"": ""max_pe_hist_percentile""}]"
base,replay_base_2025-12-31,2025-12-31,momentum,union_superset_approx,ai_peripheral,666,161,72,10,"GEV,FCX,RTX,CRH,GE,ATI,HWM,CSX,LMT,JCI",min_dollar_volume,0.3784,max_ps_hist_percentile,0.0015015015015015015,"[{""count"": 1, ""layer"": ""valuation_hard"", ""pct"": 0.0015015015015015015, ""reason"": ""max_ps_hist_percentile""}]"
base,replay_base_2025-12-31,2025-12-31,momentum,union_superset_approx,core_ai,666,118,28,10,"MU,CRM,LRCX,GEV,CSCO,KLAC,MSFT,AMZN,META,ANET",min_dollar_volume,0.3784,min_current_ratio,0.0015015015015015015,"[{""count"": 1, ""layer"": ""quality_or_theme_hard"", ""pct"": 0.0015015015015015015, ""reason"": ""min_current_ratio""}]"
base,replay_base_2025-12-31,2025-12-31,research_pool,union_superset_approx,ai_enabler,666,67,67,10,"ACN,EME,ATEN,CMI,NUE,QLYS,VMC,ETN,ATI,GD",,0.0,,0.0,[]
base,replay_base_2025-12-31,2025-12-31,research_pool,union_superset_approx,ai_peripheral,666,35,35,10,"HII,IESC,FISV,MOS,SW,KIM,CF,FDX,EXLS,FCX",,0.0,,0.0,[]
base,replay_base_2025-12-31,2025-12-31,research_pool,union_superset_approx,core_ai,666,42,42,10,"KLAC,LDOS,DIS,ZM,ADBE,MSFT,ORCL,TXN,DT,FTNT",,0.0,,0.0,[]
base,replay_base_2026-01-30,2026-01-30,low_value,union_superset_approx,ai_enabler,666,264,22,10,"UNP,ACN,GD,LDOS,ETN,UPS,AMZN,ZM,VMC,SMR",min_dollar_volume,0.2312,min_ai_link_score,0.003003003003003003,"[{""count"": 2, ""layer"": ""quality_or_theme_hard"", ""pct"": 0.003003003003003003, ""reason"": ""min_ai_link_score""}, {""count"": 2, ""layer"": ""valuation_hard"", ""pct"": 0.003003003003003003, ""reason"": ""min_value_discount_any""}, {""count"": 1, ""layer"": ""valuation_hard"", ""pct"": 0.0015015015015015015, ""reason"": ""min_return_60d""}, {""count"": 1, ""layer"": ""quality_or_theme_hard"", ""pct"": 0.0015015015015015015, ""reason"": ""min_current_ratio""}]"
base,replay_base_2026-01-30,2026-01-30,low_value,union_superset_approx,ai_peripheral,666,126,12,10,"ACN,UNP,GD,UPS,VMC,ETN,NSC,CRH,HWM,SRE",min_dollar_volume,0.2312,channel_bucket_match,0.003003003003003003,"[{""count"": 2, ""layer"": ""base_hard"", ""pct"": 0.003003003003003003, ""reason"": ""channel_bucket_match""}, {""count"": 1, ""layer"": ""valuation_hard"", ""pct"": 0.0015015015015015015, ""reason"": ""min_return_60d""}, {""count"": 1, ""layer"": ""quality_or_theme_hard"", ""pct"": 0.0015015015015015015, ""reason"": ""max_net_debt_to_ebitda""}, {""count"": 1, ""layer"": ""quality_or_theme_hard"", ""pct"": 0.0015015015015015015, ""reason"": ""min_current_ratio""}, {""count"": 1, ""layer"": ""valuation_hard"", ""pct"": 0.0015015015015015015, ""reason"": ""max_ps_hist_percentile""}]"
base,replay_base_2026-01-30,2026-01-30,low_value,union_superset_approx,core_ai,666,74,8,8,"AMZN,LDOS,ABNB,DIS,AAPL,META,FTNT,AVGO",min_dollar_volume,0.2312,channel_bucket_match,0.0015015015015015015,"[{""count"": 1, ""layer"": ""base_hard"", ""pct"": 0.0015015015015015015, ""reason"": ""channel_bucket_match""}, {""count"": 1, ""layer"": ""quality_or_theme_hard"", ""pct"": 0.0015015015015015015, ""reason"": ""min_ai_link_score""}]"
base,replay_base_2026-01-30,2026-01-30,industry_trend,union_superset_approx,ai_enabler,666,397,92,10,"LRCX,KLAC,MU,AMAT,FCX,AMZN,GEV,PWR,CSCO,CAT",min_dollar_volume,0.2312,min_ai_link_score,0.006006006006006006,"[{""count"": 4, ""layer"": ""quality_or_theme_hard"", ""pct"": 0.006006006006006006, ""reason"": ""min_ai_link_score""}, {""count"": 3, ""layer"": ""valuation_hard"", ""pct"": 0.0045045045045045045, ""reason"": ""trend_min_return_60d""}, {""count"": 2, ""layer"": ""quality_or_theme_hard"", ""pct"": 0.003003003003003003, ""reason"": ""min_current_ratio""}, {""count"": 1, ""layer"": ""quality_or_theme_hard"", ""pct"": 0.0015015015015015015, ""reason"": ""min_interest_coverage""}]"
base,replay_base_2026-01-30,2026-01-30,industry_trend,union_superset_approx,ai_peripheral,666,175,76,10,"FCX,PWR,GEV,CAT,ETN,RTX,LMT,VRT,NOC,EMR",min_dollar_volume,0.2312,trend_min_return_60d,0.003003003003003003,"[{""count"": 2, ""layer"": ""valuation_hard"", ""pct"": 0.003003003003003003, ""reason"": ""trend_min_return_60d""}, {""count"": 2, ""layer"": ""quality_or_theme_hard"", ""pct"": 0.003003003003003003, ""reason"": ""min_current_ratio""}, {""count"": 2, ""layer"": ""valuation_hard"", ""pct"": 0.003003003003003003, ""reason"": ""max_ps_hist_percentile""}, {""count"": 2, ""layer"": ""base_hard"", ""pct"": 0.003003003003003003, ""reason"": ""channel_bucket_match""}, {""count"": 2, ""layer"": ""quality_or_theme_hard"", ""pct"": 0.003003003003003003, ""reason"": ""min_ai_link_score""}]"
base,replay_base_2026-01-30,2026-01-30,industry_trend,union_superset_approx,core_ai,666,126,28,10,"LRCX,KLAC,MU,AMZN,GOOGL,CSCO,META,GEV,AMAT,CAT",min_dollar_volume,0.2312,min_ai_link_score,0.003003003003003003,"[{""count"": 2, ""layer"": ""quality_or_theme_hard"", ""pct"": 0.003003003003003003, ""reason"": ""min_ai_link_score""}, {""count"": 1, ""layer"": ""valuation_hard"", ""pct"": 0.0015015015015015015, ""reason"": ""trend_min_return_60d""}, {""count"": 1, ""layer"": ""base_hard"", ""pct"": 0.0015015015015015015, ""reason"": ""trend_min_avg_dollar_volume_20d""}, {""count"": 1, ""layer"": ""quality_or_theme_hard"", ""pct"": 0.0015015015015015015, ""reason"": ""min_interest_coverage""}, {""count"": 1, ""layer"": ""quality_or_theme_hard"", ""pct"": 0.0015015015015015015, ""reason"": ""min_current_ratio""}]"
base,replay_base_2026-01-30,2026-01-30,momentum,union_superset_approx,ai_enabler,666,397,92,10,"LRCX,KLAC,MU,AMAT,PWR,FCX,TXN,LMT,CAT,ETN",min_dollar_volume,0.2312,min_interest_coverage,0.0015015015015015015,"[{""count"": 1, ""layer"": ""quality_or_theme_hard"", ""pct"": 0.0015015015015015015, ""reason"": ""min_interest_coverage""}]"
base,replay_base_2026-01-30,2026-01-30,momentum,union_superset_approx,ai_peripheral,666,175,76,10,"FCX,PWR,CAT,LMT,EME,ETN,GEV,NOC,VRT,BWXT",min_dollar_volume,0.2312,max_ps_hist_percentile,0.003003003003003003,"[{""count"": 2, ""layer"": ""valuation_hard"", ""pct"": 0.003003003003003003, ""reason"": ""max_ps_hist_percentile""}, {""count"": 1, ""layer"": ""valuation_hard"", ""pct"": 0.0015015015015015015, ""reason"": ""momentum_min_return_60d""}, {""count"": 1, ""layer"": ""base_hard"", ""pct"": 0.0015015015015015015, ""reason"": ""momentum_min_avg_dollar_volume_20d""}, {""count"": 1, ""layer"": ""quality_or_theme_hard"", ""pct"": 0.0015015015015015015, ""reason"": ""min_current_ratio""}, {""count"": 1, ""layer"": ""quality_or_theme_hard"", ""pct"": 0.0015015015015015015, ""reason"": ""min_ai_link_score""}]"
base,replay_base_2026-01-30,2026-01-30,momentum,union_superset_approx,core_ai,666,126,28,10,"LRCX,MU,KLAC,GOOGL,AMAT,CSCO,TXN,META,AMZN,ANET",min_dollar_volume,0.2312,min_interest_coverage,0.0015015015015015015,"[{""count"": 1, ""layer"": ""quality_or_theme_hard"", ""pct"": 0.0015015015015015015, ""reason"": ""min_interest_coverage""}]"
base,replay_base_2026-01-30,2026-01-30,research_pool,union_superset_approx,ai_enabler,666,73,73,10,"ACN,ATEN,EME,LMT,NOC,NUE,UNP,STLD,UPS,QLYS",,0.0,,0.0,[]
base,replay_base_2026-01-30,2026-01-30,research_pool,union_superset_approx,ai_peripheral,666,38,38,10,"FCX,FISV,EXLS,IESC,MOS,CF,SW,KIM,ESS,EXPD",,0.0,,0.0,[]
base,replay_base_2026-01-30,2026-01-30,research_pool,union_superset_approx,core_ai,666,37,37,10,"KLAC,LDOS,DIS,ZM,FTNT,AVGO,GEV,ABNB,GOOG,GOOGL",,0.0,,0.0,[]
base,replay_base_2026-02-27,2026-02-27,low_value,union_superset_approx,ai_enabler,667,251,14,10,"NFLX,CSCO,CRH,GD,ETN,VMC,DIS,ABNB,TXN,ANET",min_dollar_volume,0.2399,min_net_income_yoy,0.0014992503748125937,"[{""count"": 1, ""layer"": ""quality_or_theme_hard"", ""pct"": 0.0014992503748125937, ""reason"": ""min_net_income_yoy""}, {""count"": 1, ""layer"": ""valuation_hard"", ""pct"": 0.0014992503748125937, ""reason"": ""min_return_60d""}, {""count"": 1, ""layer"": ""base_hard"", ""pct"": 0.0014992503748125937, ""reason"": ""min_avg_dollar_volume_20d""}, {""count"": 1, ""layer"": ""quality_or_theme_hard"", ""pct"": 0.0014992503748125937, ""reason"": ""min_ai_link_score""}, {""count"": 1, ""layer"": ""valuation_hard"", ""pct"": 0.0014992503748125937, ""reason"": ""max_ps_percentile_in_sic""}]"
base,replay_base_2026-02-27,2026-02-27,low_value,union_superset_approx,ai_peripheral,667,93,7,7,"EME,CRH,GD,VMC,ETN,TT,CEG",min_dollar_volume,0.2399,min_return_20d,0.0014992503748125937,"[{""count"": 1, ""layer"": ""valuation_hard"", ""pct"": 0.0014992503748125937, ""reason"": ""min_return_20d""}, {""count"": 1, ""layer"": ""valuation_hard"", ""pct"": 0.0014992503748125937, ""reason"": ""min_return_60d""}, {""count"": 1, ""layer"": ""quality_or_theme_hard"", ""pct"": 0.0014992503748125937, ""reason"": ""min_ai_link_score""}]"
base,replay_base_2026-02-27,2026-02-27,low_value,union_superset_approx,core_ai,667,87,10,10,"CSCO,NFLX,ANET,TXN,ABNB,DIS,AVGO,FTNT,CEG,TWLO",min_dollar_volume,0.2399,min_revenue_yoy,0.0014992503748125937,"[{""count"": 1, ""layer"": ""quality_or_theme_hard"", ""pct"": 0.0014992503748125937, ""reason"": ""min_revenue_yoy""}, {""count"": 1, ""layer"": ""valuation_hard"", ""pct"": 0.0014992503748125937, ""reason"": ""min_return_60d""}]"
base,replay_base_2026-02-27,2026-02-27,industry_trend,union_superset_approx,ai_enabler,667,429,97,10,"GEV,NFLX,PWR,GE,UNP,CSCO,ETN,AMAT,CAT,CSX",min_dollar_volume,0.2399,trend_min_return_60d,0.005997001499250375,"[{""count"": 4, ""layer"": ""valuation_hard"", ""pct"": 0.005997001499250375, ""reason"": ""trend_min_return_60d""}, {""count"": 4, ""layer"": ""quality_or_theme_hard"", ""pct"": 0.005997001499250375, ""reason"": ""min_ai_link_score""}, {""count"": 2, ""layer"": ""valuation_hard"", ""pct"": 0.0029985007496251873, ""reason"": ""max_ps_percentile_in_sic""}, {""count"": 1, ""layer"": ""quality_or_theme_hard"", ""pct"": 0.0014992503748125937, ""reason"": ""min_net_income_yoy""}, {""count"": 1, ""layer"": ""quality_or_theme_hard"", ""pct"": 0.0014992503748125937, ""reason"": ""min_interest_coverage""}]"
base,replay_base_2026-02-27,2026-02-27,industry_trend,union_superset_approx,ai_peripheral,667,184,80,10,"GEV,PWR,GE,JCI,VRT,UNP,CAT,CSX,HWM,DE",min_dollar_volume,0.2399,trend_min_return_60d,0.005997001499250375,"[{""count"": 4, ""layer"": ""valuation_hard"", ""pct"": 0.005997001499250375, ""reason"": ""trend_min_return_60d""}, {""count"": 2, ""layer"": ""quality_or_theme_hard"", ""pct"": 0.0029985007496251873, ""reason"": ""min_ai_link_score""}, {""count"": 1, ""layer"": ""base_hard"", ""pct"": 0.0014992503748125937, ""reason"": ""trend_min_avg_dollar_volume_20d""}, {""count"": 1, ""layer"": ""valuation_hard"", ""pct"": 0.0014992503748125937, ""reason"": ""max_ps_hist_percentile""}]"
base,replay_base_2026-02-27,2026-02-27,industry_trend,union_superset_approx,core_ai,667,130,28,10,"NFLX,CSCO,GEV,CAT,MU,AMZN,AMAT,LRCX,KLAC,MSFT",min_dollar_volume,0.2399,trend_min_return_60d,0.0029985007496251873,"[{""count"": 2, ""layer"": ""valuation_hard"", ""pct"": 0.0029985007496251873, ""reason"": ""trend_min_return_60d""}, {""count"": 1, ""layer"": ""quality_or_theme_hard"", ""pct"": 0.0014992503748125937, ""reason"": ""min_revenue_yoy""}, {""count"": 1, ""layer"": ""quality_or_theme_hard"", ""pct"": 0.0014992503748125937, ""reason"": ""min_interest_coverage""}, {""count"": 1, ""layer"": ""valuation_hard"", ""pct"": 0.0014992503748125937, ""reason"": ""max_pe_hist_percentile""}, {""count"": 1, ""layer"": ""quality_or_theme_hard"", ""pct"": 0.0014992503748125937, ""reason"": ""min_ai_link_score""}]"
base,replay_base_2026-02-27,2026-02-27,momentum,union_superset_approx,ai_enabler,667,429,97,10,"GEV,PWR,NFLX,UNP,HWM,ATI,JCI,ETN,CSX,GE",min_dollar_volume,0.2399,max_ps_hist_percentile,0.0014992503748125937,"[{""count"": 1, ""layer"": ""valuation_hard"", ""pct"": 0.0014992503748125937, ""reason"": ""max_ps_hist_percentile""}, {""count"": 1, ""layer"": ""quality_or_theme_hard"", ""pct"": 0.0014992503748125937, ""reason"": ""min_ai_link_score""}]"
base,replay_base_2026-02-27,2026-02-27,momentum,union_superset_approx,ai_peripheral,667,184,80,10,"GEV,PWR,HWM,UNP,JCI,ATI,VRT,GE,DE,CAT",min_dollar_volume,0.2399,min_ai_link_score,0.0029985007496251873,"[{""count"": 2, ""layer"": ""quality_or_theme_hard"", ""pct"": 0.0029985007496251873, ""reason"": ""min_ai_link_score""}, {""count"": 1, ""layer"": ""base_hard"", ""pct"": 0.0014992503748125937, ""reason"": ""momentum_min_avg_dollar_volume_20d""}, {""count"": 1, ""layer"": ""valuation_hard"", ""pct"": 0.0014992503748125937, ""reason"": ""max_ps_hist_percentile""}]"
base,replay_base_2026-02-27,2026-02-27,momentum,union_superset_approx,core_ai,667,130,28,10,"NFLX,GEV,CSCO,CAT,AMAT,DE,TSM,KLAC,CRM,MSFT",min_dollar_volume,0.2399,,0.0,[]
base,replay_base_2026-02-27,2026-02-27,research_pool,union_superset_approx,ai_enabler,667,65,65,10,"EME,CRH,LMT,CMI,STLD,NOC,NUE,CSX,UPS,JCI",,0.0,,0.0,[]
base,replay_base_2026-02-27,2026-02-27,research_pool,union_superset_approx,ai_peripheral,667,32,32,10,"FCX,HII,EXLS,SW,IESC,MOS,CF,FISV,KEX,EEFT",,0.0,,0.0,[]
base,replay_base_2026-02-27,2026-02-27,research_pool,union_superset_approx,core_ai,667,35,35,10,"KLAC,DIS,CSCO,AVGO,NFLX,FTNT,GEV,MU,ANET,ON",,0.0,,0.0,[]
base,replay_base_2026-03-31,2026-03-31,low_value,union_superset_approx,ai_enabler,670,0,0,0,,min_dollar_volume,0.2433,benchmark_trend_filter,0.004477611940298508,"[{""count"": 3, ""layer"": ""quality_or_theme_hard"", ""pct"": 0.004477611940298508, ""reason"": ""benchmark_trend_filter""}]"
base,replay_base_2026-03-31,2026-03-31,low_value,union_superset_approx,ai_peripheral,670,0,0,0,,min_dollar_volume,0.2433,benchmark_trend_filter,0.004477611940298508,"[{""count"": 3, ""layer"": ""quality_or_theme_hard"", ""pct"": 0.004477611940298508, ""reason"": ""benchmark_trend_filter""}]"
base,replay_base_2026-03-31,2026-03-31,low_value,union_superset_approx,core_ai,670,0,0,0,,min_dollar_volume,0.2433,benchmark_trend_filter,0.0014925373134328358,"[{""count"": 1, ""layer"": ""quality_or_theme_hard"", ""pct"": 0.0014925373134328358, ""reason"": ""benchmark_trend_filter""}]"
base,replay_base_2026-03-31,2026-03-31,industry_trend,union_superset_approx,ai_enabler,670,0,0,0,,min_dollar_volume,0.2433,benchmark_trend_filter,0.005970149253731343,"[{""count"": 4, ""layer"": ""quality_or_theme_hard"", ""pct"": 0.005970149253731343, ""reason"": ""benchmark_trend_filter""}]"
base,replay_base_2026-03-31,2026-03-31,industry_trend,union_superset_approx,ai_peripheral,670,0,0,0,,min_dollar_volume,0.2433,benchmark_trend_filter,0.004477611940298508,"[{""count"": 3, ""layer"": ""quality_or_theme_hard"", ""pct"": 0.004477611940298508, ""reason"": ""benchmark_trend_filter""}]"
base,replay_base_2026-03-31,2026-03-31,industry_trend,union_superset_approx,core_ai,670,0,0,0,,min_dollar_volume,0.2433,benchmark_trend_filter,0.0029850746268656717,"[{""count"": 2, ""layer"": ""quality_or_theme_hard"", ""pct"": 0.0029850746268656717, ""reason"": ""benchmark_trend_filter""}]"
base,replay_base_2026-03-31,2026-03-31,momentum,union_superset_approx,ai_enabler,670,0,0,0,,min_dollar_volume,0.2433,,0.0,[]
base,replay_base_2026-03-31,2026-03-31,momentum,union_superset_approx,ai_peripheral,670,0,0,0,,min_dollar_volume,0.2433,,0.0,[]
base,replay_base_2026-03-31,2026-03-31,momentum,union_superset_approx,core_ai,670,0,0,0,,min_dollar_volume,0.2433,,0.0,[]
base,replay_base_2026-03-31,2026-03-31,research_pool,union_superset_approx,ai_enabler,670,59,59,10,"EME,CMI,LMT,NOC,NUE,UNP,ETN,OKTA,TT,JCI",,0.0,,0.0,[]
base,replay_base_2026-03-31,2026-03-31,research_pool,union_superset_approx,ai_peripheral,670,27,27,10,"FCX,HII,SKY,FISV,EEFT,EXLS,IESC,SW,MOS,LYFT",,0.0,,0.0,[]
base,replay_base_2026-03-31,2026-03-31,research_pool,union_superset_approx,core_ai,670,38,38,10,"KLAC,PYPL,MU,AMZN,CSCO,ZM,CRM,ORCL,NVDA,ANET",,0.0,,0.0,[]
base,replay_base_2026-04-30,2026-04-30,low_value,union_superset_approx,ai_enabler,671,250,16,10,"PYPL,UBER,NFLX,CRH,GD,GE,VMC,DIS,PH,META",min_dollar_volume,0.2086,min_value_discount_any,0.004470938897168405,"[{""count"": 3, ""layer"": ""valuation_hard"", ""pct"": 0.004470938897168405, ""reason"": ""min_value_discount_any""}, {""count"": 2, ""layer"": ""quality_or_theme_hard"", ""pct"": 0.0029806259314456036, ""reason"": ""min_current_ratio""}, {""count"": 2, ""layer"": ""valuation_hard"", ""pct"": 0.0029806259314456036, ""reason"": ""max_ps_percentile_in_sic""}, {""count"": 1, ""layer"": ""base_hard"", ""pct"": 0.0014903129657228018, ""reason"": ""min_avg_dollar_volume_20d""}, {""count"": 1, ""layer"": ""valuation_hard"", ""pct"": 0.0014903129657228018, ""reason"": ""max_ps_hist_percentile""}]"
base,replay_base_2026-04-30,2026-04-30,low_value,union_superset_approx,ai_peripheral,671,118,13,10,"PYPL,UBER,VMC,CRH,UNP,GD,GE,PH,HWM,TT",min_dollar_volume,0.2086,min_ai_link_score,0.004470938897168405,"[{""count"": 3, ""layer"": ""quality_or_theme_hard"", ""pct"": 0.004470938897168405, ""reason"": ""min_ai_link_score""}, {""count"": 2, ""layer"": ""valuation_hard"", ""pct"": 0.0029806259314456036, ""reason"": ""min_return_60d""}, {""count"": 1, ""layer"": ""quality_or_theme_hard"", ""pct"": 0.0014903129657228018, ""reason"": ""min_current_ratio""}, {""count"": 1, ""layer"": ""valuation_hard"", ""pct"": 0.0014903129657228018, ""reason"": ""max_ps_hist_percentile""}, {""count"": 1, ""layer"": ""base_hard"", ""pct"": 0.0014903129657228018, ""reason"": ""channel_bucket_match""}]"
base,replay_base_2026-04-30,2026-04-30,low_value,union_superset_approx,core_ai,671,66,8,8,"PYPL,UBER,NFLX,META,DIS,FTNT,CEG,PANW",min_dollar_volume,0.2086,max_ps_percentile_in_sic,0.0029806259314456036,"[{""count"": 2, ""layer"": ""valuation_hard"", ""pct"": 0.0029806259314456036, ""reason"": ""max_ps_percentile_in_sic""}, {""count"": 1, ""layer"": ""valuation_hard"", ""pct"": 0.0014903129657228018, ""reason"": ""max_20d_return""}, {""count"": 1, ""layer"": ""quality_or_theme_hard"", ""pct"": 0.0014903129657228018, ""reason"": ""min_current_ratio""}, {""count"": 1, ""layer"": ""quality_or_theme_hard"", ""pct"": 0.0014903129657228018, ""reason"": ""min_ai_link_score""}, {""count"": 1, ""layer"": ""valuation_hard"", ""pct"": 0.0014903129657228018, ""reason"": ""min_value_discount_any""}]"
base,replay_base_2026-04-30,2026-04-30,industry_trend,union_superset_approx,ai_enabler,671,411,96,10,"MU,ANET,AMZN,TXN,QCOM,PWR,KLAC,LRCX,CSCO,GOOG",min_dollar_volume,0.2086,max_ps_percentile_in_sic,0.004470938897168405,"[{""count"": 3, ""layer"": ""valuation_hard"", ""pct"": 0.004470938897168405, ""reason"": ""max_ps_percentile_in_sic""}, {""count"": 2, ""layer"": ""valuation_hard"", ""pct"": 0.0029806259314456036, ""reason"": ""max_ps_hist_percentile""}, {""count"": 1, ""layer"": ""valuation_hard"", ""pct"": 0.0014903129657228018, ""reason"": ""trend_min_return_60d""}, {""count"": 1, ""layer"": ""quality_or_theme_hard"", ""pct"": 0.0014903129657228018, ""reason"": ""min_interest_coverage""}, {""count"": 1, ""layer"": ""quality_or_theme_hard"", ""pct"": 0.0014903129657228018, ""reason"": ""min_current_ratio""}]"
base,replay_base_2026-04-30,2026-04-30,industry_trend,union_superset_approx,ai_peripheral,671,180,80,10,"PWR,ETN,GEV,CAT,UNP,VRT,CRH,EME,NUE,CSX",min_dollar_volume,0.2086,min_ai_link_score,0.004470938897168405,"[{""count"": 3, ""layer"": ""quality_or_theme_hard"", ""pct"": 0.004470938897168405, ""reason"": ""min_ai_link_score""}, {""count"": 2, ""layer"": ""valuation_hard"", ""pct"": 0.0029806259314456036, ""reason"": ""trend_min_return_60d""}, {""count"": 1, ""layer"": ""valuation_hard"", ""pct"": 0.0014903129657228018, ""reason"": ""max_ps_hist_percentile""}, {""count"": 1, ""layer"": ""base_hard"", ""pct"": 0.0014903129657228018, ""reason"": ""channel_bucket_match""}]"
base,replay_base_2026-04-30,2026-04-30,industry_trend,union_superset_approx,core_ai,671,127,28,10,"MU,AMZN,TXN,QCOM,ANET,KLAC,CSCO,GOOGL,LRCX,GOOG",min_dollar_volume,0.2086,max_ps_percentile_in_sic,0.0014903129657228018,"[{""count"": 1, ""layer"": ""valuation_hard"", ""pct"": 0.0014903129657228018, ""reason"": ""max_ps_percentile_in_sic""}, {""count"": 1, ""layer"": ""valuation_hard"", ""pct"": 0.0014903129657228018, ""reason"": ""trend_min_return_60d""}, {""count"": 1, ""layer"": ""base_hard"", ""pct"": 0.0014903129657228018, ""reason"": ""trend_min_avg_dollar_volume_20d""}, {""count"": 1, ""layer"": ""quality_or_theme_hard"", ""pct"": 0.0014903129657228018, ""reason"": ""min_interest_coverage""}, {""count"": 1, ""layer"": ""quality_or_theme_hard"", ""pct"": 0.0014903129657228018, ""reason"": ""min_ai_link_score""}]"
base,replay_base_2026-04-30,2026-04-30,momentum,union_superset_approx,ai_enabler,671,411,96,10,"MU,ANET,TXN,QCOM,AMZN,PWR,KLAC,LRCX,SBAC,GOOG",min_dollar_volume,0.2086,max_ps_percentile_in_sic,0.0029806259314456036,"[{""count"": 2, ""layer"": ""valuation_hard"", ""pct"": 0.0029806259314456036, ""reason"": ""max_ps_percentile_in_sic""}, {""count"": 1, ""layer"": ""valuation_hard"", ""pct"": 0.0014903129657228018, ""reason"": ""momentum_min_price_to_sma200""}, {""count"": 1, ""layer"": ""valuation_hard"", ""pct"": 0.0014903129657228018, ""reason"": ""momentum_min_return_60d""}, {""count"": 1, ""layer"": ""quality_or_theme_hard"", ""pct"": 0.0014903129657228018, ""reason"": ""min_interest_coverage""}, {""count"": 1, ""layer"": ""valuation_hard"", ""pct"": 0.0014903129657228018, ""reason"": ""max_ps_hist_percentile""}]"
base,replay_base_2026-04-30,2026-04-30,momentum,union_superset_approx,ai_peripheral,671,180,80,10,"PWR,GEV,ETN,CAT,SBAC,NUE,EME,CRH,UNP,VRT",min_dollar_volume,0.2086,min_ai_link_score,0.0029806259314456036,"[{""count"": 2, ""layer"": ""quality_or_theme_hard"", ""pct"": 0.0029806259314456036, ""reason"": ""min_ai_link_score""}, {""count"": 1, ""layer"": ""valuation_hard"", ""pct"": 0.0014903129657228018, ""reason"": ""momentum_min_price_to_sma200""}, {""count"": 1, ""layer"": ""valuation_hard"", ""pct"": 0.0014903129657228018, ""reason"": ""momentum_min_return_60d""}, {""count"": 1, ""layer"": ""quality_or_theme_hard"", ""pct"": 0.0014903129657228018, ""reason"": ""min_interest_coverage""}]"
base,replay_base_2026-04-30,2026-04-30,momentum,union_superset_approx,core_ai,671,127,28,10,"MU,ANET,TXN,AMD,AMZN,CSCO,GOOGL,LRCX,KLAC,GOOG",min_dollar_volume,0.2086,min_interest_coverage,0.0014903129657228018,"[{""count"": 1, ""layer"": ""quality_or_theme_hard"", ""pct"": 0.0014903129657228018, ""reason"": ""min_interest_coverage""}]"
base,replay_base_2026-04-30,2026-04-30,research_pool,union_superset_approx,ai_enabler,671,72,72,10,"STLD,CRH,UNP,CSX,NUE,QLYS,EME,ETN,GE,JCI",,0.0,,0.0,[]
base,replay_base_2026-04-30,2026-04-30,research_pool,union_superset_approx,ai_peripheral,671,35,35,10,"FCX,MOS,UAL,EXLS,SW,NEM,SKY,FISV,IESC,LYFT",,0.0,,0.0,[]
base,replay_base_2026-04-30,2026-04-30,research_pool,union_superset_approx,core_ai,671,39,39,10,"KLAC,PYPL,UBER,NFLX,DIS,MSFT,ZM,ORCL,NVDA,META",,0.0,,0.0,[]
base,replay_base_2026-05-29,2026-05-29,low_value,union_superset_approx,ai_enabler,675,270,14,10,"CRM,CHKP,UNP,RTX,GD,GE,ETN,NOC,NVDA,DIS",min_dollar_volume,0.1748,min_ai_link_score,0.002962962962962963,"[{""count"": 2, ""layer"": ""quality_or_theme_hard"", ""pct"": 0.002962962962962963, ""reason"": ""min_ai_link_score""}, {""count"": 1, ""layer"": ""quality_or_theme_hard"", ""pct"": 0.0014814814814814814, ""reason"": ""min_net_income_yoy""}, {""count"": 1, ""layer"": ""quality_or_theme_hard"", ""pct"": 0.0014814814814814814, ""reason"": ""min_current_ratio""}, {""count"": 1, ""layer"": ""quality_or_theme_hard"", ""pct"": 0.0014814814814814814, ""reason"": ""max_accrual_ratio""}, {""count"": 1, ""layer"": ""valuation_hard"", ""pct"": 0.0014814814814814814, ""reason"": ""min_value_discount_any""}]"
base,replay_base_2026-05-29,2026-05-29,low_value,union_superset_approx,ai_peripheral,675,143,8,8,"RTX,EME,UNP,NOC,GE,GD,ETN,TT",min_dollar_volume,0.1748,min_net_income_yoy,0.0014814814814814814,"[{""count"": 1, ""layer"": ""quality_or_theme_hard"", ""pct"": 0.0014814814814814814, ""reason"": ""min_net_income_yoy""}, {""count"": 1, ""layer"": ""valuation_hard"", ""pct"": 0.0014814814814814814, ""reason"": ""min_return_20d""}, {""count"": 1, ""layer"": ""quality_or_theme_hard"", ""pct"": 0.0014814814814814814, ""reason"": ""min_ai_link_score""}]"
base,replay_base_2026-05-29,2026-05-29,low_value,union_superset_approx,core_ai,675,61,5,5,"CRM,WDAY,META,DIS,TSLA",min_dollar_volume,0.1748,max_ps_percentile_in_sic,0.002962962962962963,"[{""count"": 2, ""layer"": ""valuation_hard"", ""pct"": 0.002962962962962963, ""reason"": ""max_ps_percentile_in_sic""}, {""count"": 1, ""layer"": ""quality_or_theme_hard"", ""pct"": 0.0014814814814814814, ""reason"": ""min_net_income_yoy""}, {""count"": 1, ""layer"": ""base_hard"", ""pct"": 0.0014814814814814814, ""reason"": ""channel_bucket_match""}]"
base,replay_base_2026-05-29,2026-05-29,industry_trend,union_superset_approx,ai_enabler,675,448,97,10,"MU,IBM,CSCO,LRCX,QCOM,CRWD,KLAC,ORCL,AMZN,AMAT",min_dollar_volume,0.1748,min_ai_link_score,0.007407407407407408,"[{""count"": 5, ""layer"": ""quality_or_theme_hard"", ""pct"": 0.007407407407407408, ""reason"": ""min_ai_link_score""}, {""count"": 3, ""layer"": ""valuation_hard"", ""pct"": 0.0044444444444444444, ""reason"": ""trend_min_return_60d""}, {""count"": 1, ""layer"": ""valuation_hard"", ""pct"": 0.0014814814814814814, ""reason"": ""max_ps_percentile_in_sic""}, {""count"": 1, ""layer"": ""valuation_hard"", ""pct"": 0.0014814814814814814, ""reason"": ""max_pe_percentile_in_sic""}, {""count"": 1, ""layer"": ""quality_or_theme_hard"", ""pct"": 0.0014814814814814814, ""reason"": ""min_interest_coverage""}]"
base,replay_base_2026-05-29,2026-05-29,industry_trend,union_superset_approx,ai_peripheral,675,185,81,10,"FCX,GE,ATI,NUE,HWM,CSX,CAT,UNP,D,PWR",min_dollar_volume,0.1748,trend_min_return_60d,0.0014814814814814814,"[{""count"": 1, ""layer"": ""valuation_hard"", ""pct"": 0.0014814814814814814, ""reason"": ""trend_min_return_60d""}, {""count"": 1, ""layer"": ""base_hard"", ""pct"": 0.0014814814814814814, ""reason"": ""trend_min_avg_dollar_volume_20d""}, {""count"": 1, ""layer"": ""valuation_hard"", ""pct"": 0.0014814814814814814, ""reason"": ""max_ps_hist_percentile""}, {""count"": 1, ""layer"": ""base_hard"", ""pct"": 0.0014814814814814814, ""reason"": ""channel_bucket_match""}]"
base,replay_base_2026-05-29,2026-05-29,industry_trend,union_superset_approx,core_ai,675,132,28,10,"MU,IBM,CSCO,LRCX,AMZN,NVDA,MSFT,ORCL,CRM,KLAC",min_dollar_volume,0.1748,max_ps_percentile_in_sic,0.0014814814814814814,"[{""count"": 1, ""layer"": ""valuation_hard"", ""pct"": 0.0014814814814814814, ""reason"": ""max_ps_percentile_in_sic""}, {""count"": 1, ""layer"": ""valuation_hard"", ""pct"": 0.0014814814814814814, ""reason"": ""max_pe_percentile_in_sic""}, {""count"": 1, ""layer"": ""valuation_hard"", ""pct"": 0.0014814814814814814, ""reason"": ""trend_min_return_60d""}, {""count"": 1, ""layer"": ""quality_or_theme_hard"", ""pct"": 0.0014814814814814814, ""reason"": ""min_interest_coverage""}, {""count"": 1, ""layer"": ""quality_or_theme_hard"", ""pct"": 0.0014814814814814814, ""reason"": ""min_ai_link_score""}]"
base,replay_base_2026-05-29,2026-05-29,momentum,union_superset_approx,ai_enabler,675,448,97,10,"MU,CRWD,IBM,LRCX,CSCO,QCOM,ORCL,KLAC,SNOW,AMD",min_fcf_yield,0.203,min_interest_coverage,0.0014814814814814814,"[{""count"": 1, ""layer"": ""quality_or_theme_hard"", ""pct"": 0.0014814814814814814, ""reason"": ""min_interest_coverage""}, {""count"": 1, ""layer"": ""quality_or_theme_hard"", ""pct"": 0.0014814814814814814, ""reason"": ""max_accrual_ratio""}, {""count"": 1, ""layer"": ""valuation_hard"", ""pct"": 0.0014814814814814814, ""reason"": ""max_ps_hist_percentile""}]"
base,replay_base_2026-05-29,2026-05-29,momentum,union_superset_approx,ai_peripheral,675,185,81,10,"FCX,NUE,ATI,GE,STLD,D,CSX,AMT,CAT,RTX",min_fcf_yield,0.1896,momentum_min_avg_dollar_volume_20d,0.0014814814814814814,"[{""count"": 1, ""layer"": ""base_hard"", ""pct"": 0.0014814814814814814, ""reason"": ""momentum_min_avg_dollar_volume_20d""}]"
base,replay_base_2026-05-29,2026-05-29,momentum,union_superset_approx,core_ai,675,132,28,10,"MU,CSCO,IBM,ORCL,CRWD,LRCX,AMD,QCOM,SNOW,KLAC",min_fcf_yield,0.2148,min_interest_coverage,0.0014814814814814814,"[{""count"": 1, ""layer"": ""quality_or_theme_hard"", ""pct"": 0.0014814814814814814, ""reason"": ""min_interest_coverage""}]"
base,replay_base_2026-05-29,2026-05-29,research_pool,union_superset_approx,ai_enabler,675,67,67,10,"NOC,NUE,STLD,UNP,QLYS,RTX,CHKP,EME,HWM,EQIX",,0.0,,0.0,[]
base,replay_base_2026-05-29,2026-05-29,research_pool,union_superset_approx,ai_peripheral,675,38,38,10,"FCX,EXLS,GXO,JKHY,HII,CBRE,NEM,CF,IESC,DAL",,0.0,,0.0,[]
base,replay_base_2026-05-29,2026-05-29,research_pool,union_superset_approx,core_ai,675,45,45,10,"CRM,DIS,KLAC,ZM,MSFT,NVDA,GEV,WDAY,META,PLTR",,0.0,,0.0,[]
base,replay_base_2026-06-30,2026-06-30,low_value,union_superset_approx,ai_enabler,680,272,17,10,"PYPL,FCX,ZM,CRH,UNP,VMC,RTX,EME,NVDA,ORCL",min_dollar_volume,0.1765,min_return_20d,0.0014705882352941176,"[{""count"": 1, ""layer"": ""valuation_hard"", ""pct"": 0.0014705882352941176, ""reason"": ""min_return_20d""}, {""count"": 1, ""layer"": ""base_hard"", ""pct"": 0.0014705882352941176, ""reason"": ""min_avg_dollar_volume_20d""}, {""count"": 1, ""layer"": ""valuation_hard"", ""pct"": 0.0014705882352941176, ""reason"": ""max_ps_hist_percentile""}, {""count"": 1, ""layer"": ""quality_or_theme_hard"", ""pct"": 0.0014705882352941176, ""reason"": ""min_ai_link_score""}, {""count"": 1, ""layer"": ""valuation_hard"", ""pct"": 0.0014705882352941176, ""reason"": ""min_value_discount_any""}]"
base,replay_base_2026-06-30,2026-06-30,low_value,union_superset_approx,ai_peripheral,680,137,14,10,"PYPL,FCX,RTX,CRH,VMC,EME,UNP,GD,ETN,PH",min_dollar_volume,0.1765,min_net_income_yoy,0.0014705882352941176,"[{""count"": 1, ""layer"": ""quality_or_theme_hard"", ""pct"": 0.0014705882352941176, ""reason"": ""min_net_income_yoy""}, {""count"": 1, ""layer"": ""quality_or_theme_hard"", ""pct"": 0.0014705882352941176, ""reason"": ""max_shares_yoy""}, {""count"": 1, ""layer"": ""valuation_hard"", ""pct"": 0.0014705882352941176, ""reason"": ""max_ps_hist_percentile""}]"
base,replay_base_2026-06-30,2026-06-30,low_value,union_superset_approx,core_ai,680,68,7,7,"PYPL,ZM,NVDA,ORCL,AMZN,BWXT,AVGO",min_dollar_volume,0.1765,channel_bucket_match,0.0029411764705882353,"[{""count"": 2, ""layer"": ""base_hard"", ""pct"": 0.0029411764705882353, ""reason"": ""channel_bucket_match""}, {""count"": 1, ""layer"": ""quality_or_theme_hard"", ""pct"": 0.0014705882352941176, ""reason"": ""min_ai_link_score""}, {""count"": 1, ""layer"": ""valuation_hard"", ""pct"": 0.0014705882352941176, ""reason"": ""max_ps_percentile_in_sic""}]"
base,replay_base_2026-06-30,2026-06-30,industry_trend,union_superset_approx,ai_enabler,680,447,95,10,"LRCX,KLAC,GEV,CAT,MU,AMAT,HWM,ANET,CSX,PWR",min_dollar_volume,0.1765,min_ai_link_score,0.007352941176470588,"[{""count"": 5, ""layer"": ""quality_or_theme_hard"", ""pct"": 0.007352941176470588, ""reason"": ""min_ai_link_score""}, {""count"": 1, ""layer"": ""quality_or_theme_hard"", ""pct"": 0.0014705882352941176, ""reason"": ""min_net_income_yoy""}, {""count"": 1, ""layer"": ""valuation_hard"", ""pct"": 0.0014705882352941176, ""reason"": ""max_ps_percentile_in_sic""}, {""count"": 1, ""layer"": ""valuation_hard"", ""pct"": 0.0014705882352941176, ""reason"": ""trend_min_return_60d""}, {""count"": 1, ""layer"": ""quality_or_theme_hard"", ""pct"": 0.0014705882352941176, ""reason"": ""max_accrual_ratio""}]"
base,replay_base_2026-06-30,2026-06-30,industry_trend,union_superset_approx,ai_peripheral,680,182,79,10,"GEV,CAT,GE,HWM,JCI,ETN,PH,CSX,PWR,UNP",min_dollar_volume,0.1765,max_ps_hist_percentile,0.0029411764705882353,"[{""count"": 2, ""layer"": ""valuation_hard"", ""pct"": 0.0029411764705882353, ""reason"": ""max_ps_hist_percentile""}, {""count"": 1, ""layer"": ""quality_or_theme_hard"", ""pct"": 0.0014705882352941176, ""reason"": ""min_net_income_yoy""}, {""count"": 1, ""layer"": ""valuation_hard"", ""pct"": 0.0014705882352941176, ""reason"": ""trend_min_return_60d""}, {""count"": 1, ""layer"": ""base_hard"", ""pct"": 0.0014705882352941176, ""reason"": ""trend_min_avg_dollar_volume_20d""}, {""count"": 1, ""layer"": ""quality_or_theme_hard"", ""pct"": 0.0014705882352941176, ""reason"": ""min_current_ratio""}]"
base,replay_base_2026-06-30,2026-06-30,industry_trend,union_superset_approx,core_ai,680,134,29,10,"LRCX,KLAC,MU,GEV,CAT,AMZN,AMAT,ANET,GOOGL,META",min_dollar_volume,0.1765,max_ps_percentile_in_sic,0.0029411764705882353,"[{""count"": 2, ""layer"": ""valuation_hard"", ""pct"": 0.0029411764705882353, ""reason"": ""max_ps_percentile_in_sic""}, {""count"": 1, ""layer"": ""valuation_hard"", ""pct"": 0.0014705882352941176, ""reason"": ""trend_min_return_60d""}, {""count"": 1, ""layer"": ""base_hard"", ""pct"": 0.0014705882352941176, ""reason"": ""trend_min_avg_dollar_volume_20d""}, {""count"": 1, ""layer"": ""quality_or_theme_hard"", ""pct"": 0.0014705882352941176, ""reason"": ""max_accrual_ratio""}, {""count"": 1, ""layer"": ""base_hard"", ""pct"": 0.0014705882352941176, ""reason"": ""channel_bucket_match""}]"
base,replay_base_2026-06-30,2026-06-30,momentum,union_superset_approx,ai_enabler,680,447,95,10,"LRCX,KLAC,GEV,CAT,MU,AMAT,DE,PH,HWM,PWR",min_fcf_yield,0.2088,momentum_min_return_20d,0.0014705882352941176,"[{""count"": 1, ""layer"": ""valuation_hard"", ""pct"": 0.0014705882352941176, ""reason"": ""momentum_min_return_20d""}, {""count"": 1, ""layer"": ""valuation_hard"", ""pct"": 0.0014705882352941176, ""reason"": ""momentum_min_price_to_sma200""}, {""count"": 1, ""layer"": ""quality_or_theme_hard"", ""pct"": 0.0014705882352941176, ""reason"": ""min_ai_link_score""}]"
base,replay_base_2026-06-30,2026-06-30,momentum,union_superset_approx,ai_peripheral,680,182,79,10,"CAT,GEV,GE,DE,PH,HWM,ETN,ATI,PWR,RTX",min_fcf_yield,0.1956,momentum_min_return_20d,0.0014705882352941176,"[{""count"": 1, ""layer"": ""valuation_hard"", ""pct"": 0.0014705882352941176, ""reason"": ""momentum_min_return_20d""}, {""count"": 1, ""layer"": ""valuation_hard"", ""pct"": 0.0014705882352941176, ""reason"": ""momentum_min_price_to_sma200""}, {""count"": 1, ""layer"": ""base_hard"", ""pct"": 0.0014705882352941176, ""reason"": ""momentum_min_avg_dollar_volume_20d""}, {""count"": 1, ""layer"": ""quality_or_theme_hard"", ""pct"": 0.0014705882352941176, ""reason"": ""min_current_ratio""}]"
base,replay_base_2026-06-30,2026-06-30,momentum,union_superset_approx,core_ai,680,134,29,10,"LRCX,KLAC,MU,GEV,CAT,AMAT,DE,TER,GOOGL,AMZN",min_fcf_yield,0.2235,min_ai_link_score,0.0014705882352941176,"[{""count"": 1, ""layer"": ""quality_or_theme_hard"", ""pct"": 0.0014705882352941176, ""reason"": ""min_ai_link_score""}]"
base,replay_base_2026-06-30,2026-06-30,research_pool,union_superset_approx,ai_enabler,680,65,65,10,"CRH,NUE,STLD,UNP,RTX,QLYS,JCI,EME,HWM,ETN",,0.0,,0.0,[]
base,replay_base_2026-06-30,2026-06-30,research_pool,union_superset_approx,ai_peripheral,680,38,38,10,"FCX,NEM,EXLS,HII,DAL,IESC,LYFT,KEX,CF,GXO",,0.0,,0.0,[]
base,replay_base_2026-06-30,2026-06-30,research_pool,union_superset_approx,core_ai,680,41,41,10,"PYPL,AMZN,ZM,KLAC,ORCL,GEV,NVDA,AVGO,MU,CSCO",,0.0,,0.0,[]
base,replay_base_2026-07-31,2026-07-31,low_value,union_superset_approx,ai_enabler,681,331,21,10,"KLAC,CRM,CHKP,LMT,FCX,EME,ZM,NOC,DIS,ETN",min_dollar_volume,0.207,min_ai_link_score,0.005873715124816446,"[{""count"": 4, ""layer"": ""quality_or_theme_hard"", ""pct"": 0.005873715124816446, ""reason"": ""min_ai_link_score""}, {""count"": 2, ""layer"": ""quality_or_theme_hard"", ""pct"": 0.002936857562408223, ""reason"": ""min_net_income_yoy""}, {""count"": 2, ""layer"": ""valuation_hard"", ""pct"": 0.002936857562408223, ""reason"": ""max_ps_hist_percentile""}, {""count"": 1, ""layer"": ""valuation_hard"", ""pct"": 0.0014684287812041115, ""reason"": ""min_return_20d""}, {""count"": 1, ""layer"": ""valuation_hard"", ""pct"": 0.0014684287812041115, ""reason"": ""max_20d_return""}]"
base,replay_base_2026-07-31,2026-07-31,low_value,union_superset_approx,ai_peripheral,681,159,16,10,"LMT,FCX,NOC,EME,RTX,UNP,GE,GD,CMI,ETN",min_dollar_volume,0.207,min_net_income_yoy,0.002936857562408223,"[{""count"": 2, ""layer"": ""quality_or_theme_hard"", ""pct"": 0.002936857562408223, ""reason"": ""min_net_income_yoy""}, {""count"": 2, ""layer"": ""valuation_hard"", ""pct"": 0.002936857562408223, ""reason"": ""max_20d_return""}, {""count"": 2, ""layer"": ""quality_or_theme_hard"", ""pct"": 0.002936857562408223, ""reason"": ""min_ai_link_score""}, {""count"": 1, ""layer"": ""valuation_hard"", ""pct"": 0.0014684287812041115, ""reason"": ""min_return_20d""}, {""count"": 1, ""layer"": ""quality_or_theme_hard"", ""pct"": 0.0014684287812041115, ""reason"": ""min_current_ratio""}]"
base,replay_base_2026-07-31,2026-07-31,low_value,union_superset_approx,core_ai,681,80,10,10,"CRM,ZM,DIS,NVDA,GOOGL,ADI,SMCI,CEG,AAPL,AVGO",min_dollar_volume,0.207,min_net_income_yoy,0.0014684287812041115,"[{""count"": 1, ""layer"": ""quality_or_theme_hard"", ""pct"": 0.0014684287812041115, ""reason"": ""min_net_income_yoy""}, {""count"": 1, ""layer"": ""base_hard"", ""pct"": 0.0014684287812041115, ""reason"": ""min_avg_dollar_volume_20d""}, {""count"": 1, ""layer"": ""valuation_hard"", ""pct"": 0.0014684287812041115, ""reason"": ""max_ps_percentile_in_sic""}]"
base,replay_base_2026-07-31,2026-07-31,industry_trend,union_superset_approx,ai_enabler,681,443,97,10,"AMZN,ANET,MSFT,ETN,CSCO,CRM,UNP,CSX,PWR,NVDA",min_dollar_volume,0.207,trend_min_return_60d,0.010279001468428781,"[{""count"": 7, ""layer"": ""valuation_hard"", ""pct"": 0.010279001468428781, ""reason"": ""trend_min_return_60d""}, {""count"": 7, ""layer"": ""quality_or_theme_hard"", ""pct"": 0.010279001468428781, ""reason"": ""min_ai_link_score""}, {""count"": 2, ""layer"": ""quality_or_theme_hard"", ""pct"": 0.002936857562408223, ""reason"": ""min_net_income_yoy""}, {""count"": 2, ""layer"": ""quality_or_theme_hard"", ""pct"": 0.002936857562408223, ""reason"": ""min_current_ratio""}, {""count"": 1, ""layer"": ""valuation_hard"", ""pct"": 0.0014684287812041115, ""reason"": ""max_ps_percentile_in_sic""}]"
base,replay_base_2026-07-31,2026-07-31,industry_trend,union_superset_approx,ai_peripheral,681,186,81,10,"ETN,UNP,CSX,FCX,HWM,RTX,NUE,PWR,AMT,JCI",min_dollar_volume,0.207,trend_min_return_60d,0.005873715124816446,"[{""count"": 4, ""layer"": ""valuation_hard"", ""pct"": 0.005873715124816446, ""reason"": ""trend_min_return_60d""}, {""count"": 4, ""layer"": ""quality_or_theme_hard"", ""pct"": 0.005873715124816446, ""reason"": ""min_ai_link_score""}, {""count"": 2, ""layer"": ""quality_or_theme_hard"", ""pct"": 0.002936857562408223, ""reason"": ""min_net_income_yoy""}, {""count"": 2, ""layer"": ""quality_or_theme_hard"", ""pct"": 0.002936857562408223, ""reason"": ""min_current_ratio""}, {""count"": 1, ""layer"": ""valuation_hard"", ""pct"": 0.0014684287812041115, ""reason"": ""max_ps_hist_percentile""}]"
base,replay_base_2026-07-31,2026-07-31,industry_trend,union_superset_approx,core_ai,681,131,29,10,"AMZN,MSFT,ANET,GOOGL,NVDA,CRM,CSCO,AVGO,AAPL,MU",min_dollar_volume,0.207,min_ai_link_score,0.004405286343612335,"[{""count"": 3, ""layer"": ""quality_or_theme_hard"", ""pct"": 0.004405286343612335, ""reason"": ""min_ai_link_score""}, {""count"": 1, ""layer"": ""valuation_hard"", ""pct"": 0.0014684287812041115, ""reason"": ""max_ps_percentile_in_sic""}, {""count"": 1, ""layer"": ""valuation_hard"", ""pct"": 0.0014684287812041115, ""reason"": ""trend_min_return_60d""}]"
base,replay_base_2026-07-31,2026-07-31,momentum,union_superset_approx,ai_enabler,681,443,97,10,"ANET,AMZN,MSFT,CRM,NUE,WDAY,UNP,CSX,CSCO,ETN",min_dollar_volume,0.207,max_ps_percentile_in_sic,0.0014684287812041115,"[{""count"": 1, ""layer"": ""valuation_hard"", ""pct"": 0.0014684287812041115, ""reason"": ""max_ps_percentile_in_sic""}, {""count"": 1, ""layer"": ""valuation_hard"", ""pct"": 0.0014684287812041115, ""reason"": ""max_ps_hist_percentile""}, {""count"": 1, ""layer"": ""quality_or_theme_hard"", ""pct"": 0.0014684287812041115, ""reason"": ""min_ai_link_score""}]"
base,replay_base_2026-07-31,2026-07-31,momentum,union_superset_approx,ai_peripheral,681,186,81,10,"NUE,PYPL,HWM,RTX,ETN,UNP,STLD,FCX,CSX,LMT",min_dollar_volume,0.207,max_ps_hist_percentile,0.002936857562408223,"[{""count"": 2, ""layer"": ""valuation_hard"", ""pct"": 0.002936857562408223, ""reason"": ""max_ps_hist_percentile""}, {""count"": 1, ""layer"": ""valuation_hard"", ""pct"": 0.0014684287812041115, ""reason"": ""momentum_min_price_to_sma200""}]"
base,replay_base_2026-07-31,2026-07-31,momentum,union_superset_approx,core_ai,681,131,29,10,"AMZN,MSFT,ANET,CRM,CSCO,GOOGL,AVGO,NVDA,CEG,TXN",min_dollar_volume,0.207,max_ps_percentile_in_sic,0.0014684287812041115,"[{""count"": 1, ""layer"": ""valuation_hard"", ""pct"": 0.0014684287812041115, ""reason"": ""max_ps_percentile_in_sic""}, {""count"": 1, ""layer"": ""quality_or_theme_hard"", ""pct"": 0.0014684287812041115, ""reason"": ""min_ai_link_score""}]"
base,replay_base_2026-07-31,2026-07-31,research_pool,union_superset_approx,ai_enabler,681,63,63,10,"LMT,NOC,EME,NUE,STLD,UNP,TRGP,CHKP,RTX,QLYS",,0.0,,0.0,[]
base,replay_base_2026-07-31,2026-07-31,research_pool,union_superset_approx,ai_peripheral,681,39,39,10,"FCX,VLO,IESC,NEM,FIS,KEX,GXO,JKHY,SHW,MOS",,0.0,,0.0,[]
base,replay_base_2026-07-31,2026-07-31,research_pool,union_superset_approx,core_ai,681,36,36,10,"CRM,KLAC,SMCI,DIS,ZM,MSFT,GOOG,GOOGL,CEG,NVDA",,0.0,,0.0,[]
base,replay_base_2026-08-31,2026-08-31,low_value,union_superset_approx,ai_enabler,681,315,21,10,"PYPL,CHKP,LMT,CRH,VMC,ORCL,NFLX,RTX,AMZN,CAT",min_dollar_volume,0.2379,min_return_60d,0.004405286343612335,"[{""count"": 3, ""layer"": ""valuation_hard"", ""pct"": 0.004405286343612335, ""reason"": ""min_return_60d""}, {""count"": 3, ""layer"": ""quality_or_theme_hard"", ""pct"": 0.004405286343612335, ""reason"": ""min_ai_link_score""}, {""count"": 2, ""layer"": ""valuation_hard"", ""pct"": 0.002936857562408223, ""reason"": ""max_ps_hist_percentile""}, {""count"": 1, ""layer"": ""quality_or_theme_hard"", ""pct"": 0.0014684287812041115, ""reason"": ""min_net_income_yoy""}, {""count"": 1, ""layer"": ""valuation_hard"", ""pct"": 0.0014684287812041115, ""reason"": ""max_20d_return""}]"
base,replay_base_2026-08-31,2026-08-31,low_value,union_superset_approx,ai_peripheral,681,164,16,10,"PYPL,LMT,CRH,VMC,NOC,RTX,UNP,LHX,CAT,GE",min_dollar_volume,0.2379,max_ps_hist_percentile,0.002936857562408223,"[{""count"": 2, ""layer"": ""valuation_hard"", ""pct"": 0.002936857562408223, ""reason"": ""max_ps_hist_percentile""}, {""count"": 2, ""layer"": ""base_hard"", ""pct"": 0.002936857562408223, ""reason"": ""channel_bucket_match""}, {""count"": 1, ""layer"": ""quality_or_theme_hard"", ""pct"": 0.0014684287812041115, ""reason"": ""min_net_income_yoy""}, {""count"": 1, ""layer"": ""valuation_hard"", ""pct"": 0.0014684287812041115, ""reason"": ""min_return_60d""}, {""count"": 1, ""layer"": ""base_hard"", ""pct"": 0.0014684287812041115, ""reason"": ""min_avg_dollar_volume_20d""}]"
base,replay_base_2026-08-31,2026-08-31,low_value,union_superset_approx,core_ai,681,73,12,10,"PYPL,ORCL,NFLX,ZM,AMZN,CAT,TXN,LHX,ADI,CEG",min_dollar_volume,0.2379,channel_bucket_match,0.0014684287812041115,"[{""count"": 1, ""layer"": ""base_hard"", ""pct"": 0.0014684287812041115, ""reason"": ""channel_bucket_match""}, {""count"": 1, ""layer"": ""quality_or_theme_hard"", ""pct"": 0.0014684287812041115, ""reason"": ""min_ai_link_score""}, {""count"": 1, ""layer"": ""valuation_hard"", ""pct"": 0.0014684287812041115, ""reason"": ""min_value_discount_any""}, {""count"": 1, ""layer"": ""valuation_hard"", ""pct"": 0.0014684287812041115, ""reason"": ""max_ps_percentile_in_sic""}]"
base,replay_base_2026-08-31,2026-08-31,industry_trend,union_superset_approx,ai_enabler,681,433,95,10,"CRM,MU,FCX,NFLX,TSLA,UNP,ANET,WDAY,DE,MSFT",min_dollar_volume,0.2379,min_ai_link_score,0.010279001468428781,"[{""count"": 7, ""layer"": ""quality_or_theme_hard"", ""pct"": 0.010279001468428781, ""reason"": ""min_ai_link_score""}, {""count"": 5, ""layer"": ""valuation_hard"", ""pct"": 0.007342143906020558, ""reason"": ""trend_min_return_60d""}, {""count"": 3, ""layer"": ""base_hard"", ""pct"": 0.004405286343612335, ""reason"": ""trend_min_avg_dollar_volume_20d""}, {""count"": 2, ""layer"": ""valuation_hard"", ""pct"": 0.002936857562408223, ""reason"": ""max_ps_hist_percentile""}, {""count"": 1, ""layer"": ""valuation_hard"", ""pct"": 0.0014684287812041115, ""reason"": ""max_ps_percentile_in_sic""}]"
base,replay_base_2026-08-31,2026-08-31,industry_trend,union_superset_approx,ai_peripheral,681,180,78,10,"FCX,DE,UNP,CSX,ATI,OKE,WMB,UBER,KMI,CAT",min_dollar_volume,0.2379,trend_min_return_60d,0.004405286343612335,"[{""count"": 3, ""layer"": ""valuation_hard"", ""pct"": 0.004405286343612335, ""reason"": ""trend_min_return_60d""}, {""count"": 3, ""layer"": ""valuation_hard"", ""pct"": 0.004405286343612335, ""reason"": ""max_ps_hist_percentile""}, {""count"": 2, ""layer"": ""quality_or_theme_hard"", ""pct"": 0.002936857562408223, ""reason"": ""min_current_ratio""}, {""count"": 2, ""layer"": ""quality_or_theme_hard"", ""pct"": 0.002936857562408223, ""reason"": ""min_ai_link_score""}, {""count"": 1, ""layer"": ""quality_or_theme_hard"", ""pct"": 0.0014684287812041115, ""reason"": ""min_net_income_yoy""}]"
base,replay_base_2026-08-31,2026-08-31,industry_trend,union_superset_approx,core_ai,681,131,29,10,"CRM,MU,MSFT,NVDA,AMZN,NFLX,TSLA,GOOGL,CSCO,ANET",min_dollar_volume,0.2379,min_ai_link_score,0.005873715124816446,"[{""count"": 4, ""layer"": ""quality_or_theme_hard"", ""pct"": 0.005873715124816446, ""reason"": ""min_ai_link_score""}, {""count"": 1, ""layer"": ""valuation_hard"", ""pct"": 0.0014684287812041115, ""reason"": ""max_ps_percentile_in_sic""}]"
base,replay_base_2026-08-31,2026-08-31,momentum,union_superset_approx,ai_enabler,681,433,95,10,"CRM,FCX,MU,NFLX,WDAY,ZS,TSLA,ANET,DE,UNP",min_dollar_volume,0.2379,momentum_min_return_20d,0.0014684287812041115,"[{""count"": 1, ""layer"": ""valuation_hard"", ""pct"": 0.0014684287812041115, ""reason"": ""momentum_min_return_20d""}, {""count"": 1, ""layer"": ""quality_or_theme_hard"", ""pct"": 0.0014684287812041115, ""reason"": ""min_current_ratio""}, {""count"": 1, ""layer"": ""quality_or_theme_hard"", ""pct"": 0.0014684287812041115, ""reason"": ""min_ai_link_score""}]"
base,replay_base_2026-08-31,2026-08-31,momentum,union_superset_approx,ai_peripheral,681,180,78,10,"FCX,DE,OKE,UNP,ATI,SBAC,CSX,UBER,WMB,ACN",min_dollar_volume,0.2379,momentum_min_return_20d,0.0014684287812041115,"[{""count"": 1, ""layer"": ""valuation_hard"", ""pct"": 0.0014684287812041115, ""reason"": ""momentum_min_return_20d""}, {""count"": 1, ""layer"": ""valuation_hard"", ""pct"": 0.0014684287812041115, ""reason"": ""momentum_min_price_to_sma200""}, {""count"": 1, ""layer"": ""valuation_hard"", ""pct"": 0.0014684287812041115, ""reason"": ""max_ps_hist_percentile""}]"
base,replay_base_2026-08-31,2026-08-31,momentum,union_superset_approx,core_ai,681,131,29,10,"CRM,MU,PLTR,NFLX,WDAY,ANET,TSLA,NVDA,LRCX,DE",min_dollar_volume,0.2379,,0.0,[]
base,replay_base_2026-08-31,2026-08-31,research_pool,union_superset_approx,ai_enabler,681,68,68,10,"CRH,LMT,CHKP,NOC,NUE,UNP,STLD,VMC,VRT,RTX",,0.0,,0.0,[]
base,replay_base_2026-08-31,2026-08-31,research_pool,union_superset_approx,ai_peripheral,681,35,35,10,"FCX,IESC,MPC,CF,PSX,LYFT,VLO,NEM,G,AMCR",,0.0,,0.0,[]
base,replay_base_2026-08-31,2026-08-31,research_pool,union_superset_approx,core_ai,681,40,40,10,"CRM,NFLX,PYPL,LHX,ORCL,ZM,MSFT,CEG,ADI,MU",,0.0,,0.0,[]
base,replay_base_2026-09-30,2026-09-30,low_value,snapshot:ai_watchlist_20260929T062841Z.csv@2026-09-29,ai_enabler,681,325,20,10,"CHKP,PYPL,CRM,FCX,EME,NUE,CSCO,AMZN,QCOM,CAT",min_dollar_volume,0.2129,min_return_60d,0.002936857562408223,"[{""count"": 2, ""layer"": ""valuation_hard"", ""pct"": 0.002936857562408223, ""reason"": ""min_return_60d""}, {""count"": 2, ""layer"": ""valuation_hard"", ""pct"": 0.002936857562408223, ""reason"": ""max_ps_hist_percentile""}, {""count"": 2, ""layer"": ""quality_or_theme_hard"", ""pct"": 0.002936857562408223, ""reason"": ""min_ai_link_score""}, {""count"": 1, ""layer"": ""quality_or_theme_hard"", ""pct"": 0.0014684287812041115, ""reason"": ""min_net_income_yoy""}, {""count"": 1, ""layer"": ""base_hard"", ""pct"": 0.0014684287812041115, ""reason"": ""min_avg_dollar_volume_20d""}]"
base,replay_base_2026-09-30,2026-09-30,low_value,snapshot:ai_watchlist_20260929T062841Z.csv@2026-09-29,ai_peripheral,681,170,14,10,"PYPL,FCX,EME,NUE,CAT,PH,BWXT,ATI,GEV,ETN",min_dollar_volume,0.2129,min_return_20d,0.002936857562408223,"[{""count"": 2, ""layer"": ""valuation_hard"", ""pct"": 0.002936857562408223, ""reason"": ""min_return_20d""}, {""count"": 2, ""layer"": ""valuation_hard"", ""pct"": 0.002936857562408223, ""reason"": ""min_return_60d""}, {""count"": 1, ""layer"": ""quality_or_theme_hard"", ""pct"": 0.0014684287812041115, ""reason"": ""min_net_income_yoy""}, {""count"": 1, ""layer"": ""quality_or_theme_hard"", ""pct"": 0.0014684287812041115, ""reason"": ""min_current_ratio""}, {""count"": 1, ""layer"": ""valuation_hard"", ""pct"": 0.0014684287812041115, ""reason"": ""max_ps_hist_percentile""}]"
base,replay_base_2026-09-30,2026-09-30,low_value,snapshot:ai_watchlist_20260929T062841Z.csv@2026-09-29,core_ai,681,68,12,10,"ORCL,PYPL,CSCO,ZM,AMZN,CAT,QCOM,BWXT,GEV,ADI",min_dollar_volume,0.2129,channel_bucket_match,0.0014684287812041115,"[{""count"": 1, ""layer"": ""base_hard"", ""pct"": 0.0014684287812041115, ""reason"": ""channel_bucket_match""}]"
base,replay_base_2026-09-30,2026-09-30,industry_trend,snapshot:ai_watchlist_20260929T062841Z.csv@2026-09-29,ai_enabler,681,417,92,10,"LRCX,MU,META,ANET,AMAT,TXN,AMZN,GOOG,ETN,GOOGL",min_dollar_volume,0.2129,trend_min_return_60d,0.00881057268722467,"[{""count"": 6, ""layer"": ""valuation_hard"", ""pct"": 0.00881057268722467, ""reason"": ""trend_min_return_60d""}, {""count"": 5, ""layer"": ""quality_or_theme_hard"", ""pct"": 0.007342143906020558, ""reason"": ""min_ai_link_score""}, {""count"": 1, ""layer"": ""quality_or_theme_hard"", ""pct"": 0.0014684287812041115, ""reason"": ""max_ev_to_ebit""}, {""count"": 1, ""layer"": ""valuation_hard"", ""pct"": 0.0014684287812041115, ""reason"": ""max_ps_percentile_in_sic""}, {""count"": 1, ""layer"": ""valuation_hard"", ""pct"": 0.0014684287812041115, ""reason"": ""max_pe_percentile_in_sic""}]"
base,replay_base_2026-09-30,2026-09-30,industry_trend,snapshot:ai_watchlist_20260929T062841Z.csv@2026-09-29,ai_peripheral,681,176,76,10,"ETN,CAT,GEV,PWR,JCI,FCX,EMR,CSX,TT,PH",min_dollar_volume,0.2129,trend_min_return_60d,0.007342143906020558,"[{""count"": 5, ""layer"": ""valuation_hard"", ""pct"": 0.007342143906020558, ""reason"": ""trend_min_return_60d""}, {""count"": 3, ""layer"": ""base_hard"", ""pct"": 0.004405286343612335, ""reason"": ""channel_bucket_match""}, {""count"": 2, ""layer"": ""valuation_hard"", ""pct"": 0.002936857562408223, ""reason"": ""max_ps_hist_percentile""}, {""count"": 1, ""layer"": ""quality_or_theme_hard"", ""pct"": 0.0014684287812041115, ""reason"": ""min_current_ratio""}, {""count"": 1, ""layer"": ""valuation_hard"", ""pct"": 0.0014684287812041115, ""reason"": ""max_pe_hist_percentile""}]"
base,replay_base_2026-09-30,2026-09-30,industry_trend,snapshot:ai_watchlist_20260929T062841Z.csv@2026-09-29,core_ai,681,128,29,10,"MU,META,GOOGL,LRCX,AMZN,MSFT,NVDA,AMD,ANET,CSCO",min_dollar_volume,0.2129,min_ai_link_score,0.002936857562408223,"[{""count"": 2, ""layer"": ""quality_or_theme_hard"", ""pct"": 0.002936857562408223, ""reason"": ""min_ai_link_score""}, {""count"": 1, ""layer"": ""valuation_hard"", ""pct"": 0.0014684287812041115, ""reason"": ""max_ps_percentile_in_sic""}, {""count"": 1, ""layer"": ""valuation_hard"", ""pct"": 0.0014684287812041115, ""reason"": ""trend_min_return_60d""}]"
base,replay_base_2026-09-30,2026-09-30,momentum,snapshot:ai_watchlist_20260929T062841Z.csv@2026-09-29,ai_enabler,681,417,92,10,"MU,LRCX,META,ANET,TXN,AMAT,ETN,TER,PWR,ZS",momentum_min_return_20d,0.2144,max_pe_percentile_in_sic,0.0014684287812041115,"[{""count"": 1, ""layer"": ""valuation_hard"", ""pct"": 0.0014684287812041115, ""reason"": ""max_pe_percentile_in_sic""}, {""count"": 1, ""layer"": ""valuation_hard"", ""pct"": 0.0014684287812041115, ""reason"": ""momentum_min_return_20d""}]"
base,replay_base_2026-09-30,2026-09-30,momentum,snapshot:ai_watchlist_20260929T062841Z.csv@2026-09-29,ai_peripheral,681,176,76,10,"ETN,CAT,GEV,PWR,JCI,EMR,EME,FCX,PH,VST",min_dollar_volume,0.2129,momentum_min_return_20d,0.0014684287812041115,"[{""count"": 1, ""layer"": ""valuation_hard"", ""pct"": 0.0014684287812041115, ""reason"": ""momentum_min_return_20d""}]"
base,replay_base_2026-09-30,2026-09-30,momentum,snapshot:ai_watchlist_20260929T062841Z.csv@2026-09-29,core_ai,681,128,29,10,"MU,META,AMD,LRCX,TXN,ANET,GOOGL,MSFT,AMZN,TER",min_dollar_volume,0.2129,momentum_min_return_20d,0.0014684287812041115,"[{""count"": 1, ""layer"": ""valuation_hard"", ""pct"": 0.0014684287812041115, ""reason"": ""momentum_min_return_20d""}]"
base,replay_base_2026-09-30,2026-09-30,research_pool,snapshot:ai_watchlist_20260929T062841Z.csv@2026-09-29,ai_enabler,681,56,56,10,"CHKP,EME,NUE,STLD,EQIX,QLYS,HWM,PWR,OKTA,JCI",,0.0,,0.0,[]
base,replay_base_2026-09-30,2026-09-30,research_pool,snapshot:ai_watchlist_20260929T062841Z.csv@2026-09-29,ai_peripheral,681,38,38,10,"FCX,AMCR,FDX,MPC,EOG,NEM,CF,IESC,KEX,PSX",,0.0,,0.0,[]
base,replay_base_2026-09-30,2026-09-30,research_pool,snapshot:ai_watchlist_20260929T062841Z.csv@2026-09-29,core_ai,681,47,47,10,"CRM,AMZN,PYPL,QCOM,GOOG,GOOGL,ZM,ORCL,GEV,MSFT",,0.0,,0.0,[]
