scenario,run_stem,signal_date,label_end_date,horizon_days,benchmark,benchmark_return
base,replay_base_2023-01-31,2023-01-31,2023-03-01,20,QQQ,-0.014514163439983793
base,replay_base_2023-01-31,2023-01-31,2023-03-01,20,SOXX,0.0067792885998619904
base,replay_base_2023-01-31,2023-01-31,2023-03-01,20,XLI,-0.0030986582478296195
base,replay_base_2023-01-31,2023-01-31,2023-03-01,20,XLU,-0.07308870146866353
base,replay_base_2023-01-31,2023-01-31,2023-04-27,60,QQQ,0.08513939270429993
base,replay_base_2023-01-31,2023-01-31,2023-04-27,60,SOXX,-0.0058327914080203965
base,replay_base_2023-01-31,2023-01-31,2023-04-27,60,XLI,-0.02534609313338598
base,replay_base_2023-01-31,2023-01-31,2023-04-27,60,XLU,0.0016531917987495674
base,replay_base_2023-01-31,2023-01-31,2023-07-25,120,QQQ,0.28383513348277967
base,replay_base_2023-01-31,2023-01-31,2023-07-25,120,SOXX,0.2769044240811903
base,replay_base_2023-01-31,2023-01-31,2023-07-25,120,XLI,0.07868902920284138
base,replay_base_2023-01-31,2023-01-31,2023-07-25,120,XLU,-0.008234840773593152
base,replay_base_2023-01-31,2023-01-31,2023-03-01,20,QQQ,-0.014514163439983793
base,replay_base_2023-01-31,2023-01-31,2023-03-01,20,SOXX,0.0067792885998619904
base,replay_base_2023-01-31,2023-01-31,2023-03-01,20,XLI,-0.0030986582478296195
base,replay_base_2023-01-31,2023-01-31,2023-03-01,20,XLU,-0.07308870146866353
base,replay_base_2023-01-31,2023-01-31,2023-04-27,60,QQQ,0.08513939270429993
base,replay_base_2023-01-31,2023-01-31,2023-04-27,60,SOXX,-0.0058327914080203965
base,replay_base_2023-01-31,2023-01-31,2023-04-27,60,XLI,-0.02534609313338598
base,replay_base_2023-01-31,2023-01-31,2023-04-27,60,XLU,0.0016531917987495674
base,replay_base_2023-01-31,2023-01-31,2023-07-25,120,QQQ,0.28383513348277967
base,replay_base_2023-01-31,2023-01-31,2023-07-25,120,SOXX,0.2769044240811903
base,replay_base_2023-01-31,2023-01-31,2023-07-25,120,XLI,0.07868902920284138
base,replay_base_2023-01-31,2023-01-31,2023-07-25,120,XLU,-0.008234840773593152
base,replay_base_2023-01-31,2023-01-31,2023-03-01,20,QQQ,-0.014514163439983793
base,replay_base_2023-01-31,2023-01-31,2023-03-01,20,SOXX,0.0067792885998619904
base,replay_base_2023-01-31,2023-01-31,2023-03-01,20,XLI,-0.0030986582478296195
base,replay_base_2023-01-31,2023-01-31,2023-03-01,20,XLU,-0.07308870146866353
base,replay_base_2023-01-31,2023-01-31,2023-04-27,60,QQQ,0.08513939270429993
base,replay_base_2023-01-31,2023-01-31,2023-04-27,60,SOXX,-0.0058327914080203965
base,replay_base_2023-01-31,2023-01-31,2023-04-27,60,XLI,-0.02534609313338598
base,replay_base_2023-01-31,2023-01-31,2023-04-27,60,XLU,0.0016531917987495674
base,replay_base_2023-01-31,2023-01-31,2023-07-25,120,QQQ,0.28383513348277967
base,replay_base_2023-01-31,2023-01-31,2023-07-25,120,SOXX,0.2769044240811903
base,replay_base_2023-01-31,2023-01-31,2023-07-25,120,XLI,0.07868902920284138
base,replay_base_2023-01-31,2023-01-31,2023-07-25,120,XLU,-0.008234840773593152
base,replay_base_2023-01-31,2023-01-31,2023-03-01,20,QQQ,-0.014514163439983793
base,replay_base_2023-01-31,2023-01-31,2023-03-01,20,SOXX,0.0067792885998619904
base,replay_base_2023-01-31,2023-01-31,2023-03-01,20,XLI,-0.0030986582478296195
base,replay_base_2023-01-31,2023-01-31,2023-03-01,20,XLU,-0.07308870146866353
base,replay_base_2023-01-31,2023-01-31,2023-04-27,60,QQQ,0.08513939270429993
base,replay_base_2023-01-31,2023-01-31,2023-04-27,60,SOXX,-0.0058327914080203965
base,replay_base_2023-01-31,2023-01-31,2023-04-27,60,XLI,-0.02534609313338598
base,replay_base_2023-01-31,2023-01-31,2023-04-27,60,XLU,0.0016531917987495674
base,replay_base_2023-01-31,2023-01-31,2023-07-25,120,QQQ,0.28383513348277967
base,replay_base_2023-01-31,2023-01-31,2023-07-25,120,SOXX,0.2769044240811903
base,replay_base_2023-01-31,2023-01-31,2023-07-25,120,XLI,0.07868902920284138
base,replay_base_2023-01-31,2023-01-31,2023-07-25,120,XLU,-0.008234840773593152
base,replay_base_2023-02-28,2023-02-28,2023-03-28,20,QQQ,0.04504476898928533
base,replay_base_2023-02-28,2023-02-28,2023-03-28,20,SOXX,0.01628707983447464
base,replay_base_2023-02-28,2023-02-28,2023-03-28,20,XLI,-0.02985162249194939
base,replay_base_2023-02-28,2023-02-28,2023-03-28,20,XLU,0.017180932498260252
base,replay_base_2023-02-28,2023-02-28,2023-05-24,60,QQQ,0.12833829249982942
base,replay_base_2023-02-28,2023-02-28,2023-05-24,60,SOXX,0.040026885753696395
base,replay_base_2023-02-28,2023-02-28,2023-05-24,60,XLI,-0.039115927669061135
base,replay_base_2023-02-28,2023-02-28,2023-05-24,60,XLU,0.009603417613856084
base,replay_base_2023-02-28,2023-02-28,2023-08-21,120,QQQ,0.2392029618508157
base,replay_base_2023-02-28,2023-02-28,2023-08-21,120,SOXX,0.1935733368826077
base,replay_base_2023-02-28,2023-02-28,2023-08-21,120,XLI,0.04807753282140215
base,replay_base_2023-02-28,2023-02-28,2023-08-21,120,XLU,-0.027510941003634267
base,replay_base_2023-02-28,2023-02-28,2023-03-28,20,QQQ,0.04504476898928533
base,replay_base_2023-02-28,2023-02-28,2023-03-28,20,SOXX,0.01628707983447464
base,replay_base_2023-02-28,2023-02-28,2023-03-28,20,XLI,-0.02985162249194939
base,replay_base_2023-02-28,2023-02-28,2023-03-28,20,XLU,0.017180932498260252
base,replay_base_2023-02-28,2023-02-28,2023-05-24,60,QQQ,0.12833829249982942
base,replay_base_2023-02-28,2023-02-28,2023-05-24,60,SOXX,0.040026885753696395
base,replay_base_2023-02-28,2023-02-28,2023-05-24,60,XLI,-0.039115927669061135
base,replay_base_2023-02-28,2023-02-28,2023-05-24,60,XLU,0.009603417613856084
base,replay_base_2023-02-28,2023-02-28,2023-08-21,120,QQQ,0.2392029618508157
base,replay_base_2023-02-28,2023-02-28,2023-08-21,120,SOXX,0.1935733368826077
base,replay_base_2023-02-28,2023-02-28,2023-08-21,120,XLI,0.04807753282140215
base,replay_base_2023-02-28,2023-02-28,2023-08-21,120,XLU,-0.027510941003634267
base,replay_base_2023-02-28,2023-02-28,2023-03-28,20,QQQ,0.04504476898928533
base,replay_base_2023-02-28,2023-02-28,2023-03-28,20,SOXX,0.01628707983447464
base,replay_base_2023-02-28,2023-02-28,2023-03-28,20,XLI,-0.02985162249194939
base,replay_base_2023-02-28,2023-02-28,2023-03-28,20,XLU,0.017180932498260252
base,replay_base_2023-02-28,2023-02-28,2023-05-24,60,QQQ,0.12833829249982942
base,replay_base_2023-02-28,2023-02-28,2023-05-24,60,SOXX,0.040026885753696395
base,replay_base_2023-02-28,2023-02-28,2023-05-24,60,XLI,-0.039115927669061135
base,replay_base_2023-02-28,2023-02-28,2023-05-24,60,XLU,0.009603417613856084
base,replay_base_2023-02-28,2023-02-28,2023-08-21,120,QQQ,0.2392029618508157
base,replay_base_2023-02-28,2023-02-28,2023-08-21,120,SOXX,0.1935733368826077
base,replay_base_2023-02-28,2023-02-28,2023-08-21,120,XLI,0.04807753282140215
base,replay_base_2023-02-28,2023-02-28,2023-08-21,120,XLU,-0.027510941003634267
base,replay_base_2023-02-28,2023-02-28,2023-03-28,20,QQQ,0.04504476898928533
base,replay_base_2023-02-28,2023-02-28,2023-03-28,20,SOXX,0.01628707983447464
base,replay_base_2023-02-28,2023-02-28,2023-03-28,20,XLI,-0.02985162249194939
base,replay_base_2023-02-28,2023-02-28,2023-03-28,20,XLU,0.017180932498260252
base,replay_base_2023-02-28,2023-02-28,2023-05-24,60,QQQ,0.12833829249982942
base,replay_base_2023-02-28,2023-02-28,2023-05-24,60,SOXX,0.040026885753696395
base,replay_base_2023-02-28,2023-02-28,2023-05-24,60,XLI,-0.039115927669061135
base,replay_base_2023-02-28,2023-02-28,2023-05-24,60,XLU,0.009603417613856084
base,replay_base_2023-02-28,2023-02-28,2023-08-21,120,QQQ,0.2392029618508157
base,replay_base_2023-02-28,2023-02-28,2023-08-21,120,SOXX,0.1935733368826077
base,replay_base_2023-02-28,2023-02-28,2023-08-21,120,XLI,0.04807753282140215
base,replay_base_2023-02-28,2023-02-28,2023-08-21,120,XLU,-0.027510941003634267
base,replay_base_2023-03-31,2023-03-31,2023-05-01,20,QQQ,0.00783921568627444
base,replay_base_2023-03-31,2023-03-31,2023-05-01,20,SOXX,-0.061614524633942014
base,replay_base_2023-03-31,2023-03-31,2023-05-01,20,XLI,-0.007456769337427002
base,replay_base_2023-03-31,2023-03-31,2023-05-01,20,XLU,0.025120815354858
base,replay_base_2023-03-31,2023-03-31,2023-06-28,60,QQQ,0.14068627450980398
base,replay_base_2023-03-31,2023-03-31,2023-06-28,60,SOXX,0.12515986602394358
base,replay_base_2023-03-31,2023-03-31,2023-06-28,60,XLI,0.040874418144003166
base,replay_base_2023-03-31,2023-03-31,2023-06-28,60,XLU,-0.040345633090313804
base,replay_base_2023-03-31,2023-03-31,2023-09-22,120,QQQ,0.11990196078431381
base,replay_base_2023-03-31,2023-03-31,2023-09-22,120,SOXX,0.05169934596148196
base,replay_base_2023-03-31,2023-03-31,2023-09-22,120,XLI,0.0054183420818064735
base,replay_base_2023-03-31,2023-03-31,2023-09-22,120,XLU,-0.06117586668650499
base,replay_base_2023-03-31,2023-03-31,2023-05-01,20,QQQ,0.00783921568627444
base,replay_base_2023-03-31,2023-03-31,2023-05-01,20,SOXX,-0.061614524633942014
base,replay_base_2023-03-31,2023-03-31,2023-05-01,20,XLI,-0.007456769337427002
base,replay_base_2023-03-31,2023-03-31,2023-05-01,20,XLU,0.025120815354858
base,replay_base_2023-03-31,2023-03-31,2023-06-28,60,QQQ,0.14068627450980398
base,replay_base_2023-03-31,2023-03-31,2023-06-28,60,SOXX,0.12515986602394358
base,replay_base_2023-03-31,2023-03-31,2023-06-28,60,XLI,0.040874418144003166
base,replay_base_2023-03-31,2023-03-31,2023-06-28,60,XLU,-0.040345633090313804
base,replay_base_2023-03-31,2023-03-31,2023-09-22,120,QQQ,0.11990196078431381
base,replay_base_2023-03-31,2023-03-31,2023-09-22,120,SOXX,0.05169934596148196
base,replay_base_2023-03-31,2023-03-31,2023-09-22,120,XLI,0.0054183420818064735
base,replay_base_2023-03-31,2023-03-31,2023-09-22,120,XLU,-0.06117586668650499
base,replay_base_2023-03-31,2023-03-31,2023-05-01,20,QQQ,0.00783921568627444
base,replay_base_2023-03-31,2023-03-31,2023-05-01,20,SOXX,-0.061614524633942014
base,replay_base_2023-03-31,2023-03-31,2023-05-01,20,XLI,-0.007456769337427002
base,replay_base_2023-03-31,2023-03-31,2023-05-01,20,XLU,0.025120815354858
base,replay_base_2023-03-31,2023-03-31,2023-06-28,60,QQQ,0.14068627450980398
base,replay_base_2023-03-31,2023-03-31,2023-06-28,60,SOXX,0.12515986602394358
base,replay_base_2023-03-31,2023-03-31,2023-06-28,60,XLI,0.040874418144003166
base,replay_base_2023-03-31,2023-03-31,2023-06-28,60,XLU,-0.040345633090313804
base,replay_base_2023-03-31,2023-03-31,2023-09-22,120,QQQ,0.11990196078431381
base,replay_base_2023-03-31,2023-03-31,2023-09-22,120,SOXX,0.05169934596148196
base,replay_base_2023-03-31,2023-03-31,2023-09-22,120,XLI,0.0054183420818064735
base,replay_base_2023-03-31,2023-03-31,2023-09-22,120,XLU,-0.06117586668650499
base,replay_base_2023-03-31,2023-03-31,2023-05-01,20,QQQ,0.00783921568627444
base,replay_base_2023-03-31,2023-03-31,2023-05-01,20,SOXX,-0.061614524633942014
base,replay_base_2023-03-31,2023-03-31,2023-05-01,20,XLI,-0.007456769337427002
base,replay_base_2023-03-31,2023-03-31,2023-05-01,20,XLU,0.025120815354858
base,replay_base_2023-03-31,2023-03-31,2023-06-28,60,QQQ,0.14068627450980398
base,replay_base_2023-03-31,2023-03-31,2023-06-28,60,SOXX,0.12515986602394358
base,replay_base_2023-03-31,2023-03-31,2023-06-28,60,XLI,0.040874418144003166
base,replay_base_2023-03-31,2023-03-31,2023-06-28,60,XLU,-0.040345633090313804
base,replay_base_2023-03-31,2023-03-31,2023-09-22,120,QQQ,0.11990196078431381
base,replay_base_2023-03-31,2023-03-31,2023-09-22,120,SOXX,0.05169934596148196
base,replay_base_2023-03-31,2023-03-31,2023-09-22,120,XLI,0.0054183420818064735
base,replay_base_2023-03-31,2023-03-31,2023-09-22,120,XLU,-0.06117586668650499
base,replay_base_2023-04-28,2023-04-28,2023-05-26,20,QQQ,0.0787473377006428
base,replay_base_2023-04-28,2023-04-28,2023-05-26,20,SOXX,0.17915954505391019
base,replay_base_2023-04-28,2023-04-28,2023-05-26,20,XLI,-0.019747487876818456
base,replay_base_2023-04-28,2023-04-28,2023-05-26,20,XLU,-0.06501888162672476
base,replay_base_2023-04-28,2023-04-28,2023-07-26,60,QQQ,0.16915685056971663
base,replay_base_2023-04-28,2023-04-28,2023-07-26,60,SOXX,0.23293687743742686
base,replay_base_2023-04-28,2023-04-28,2023-07-26,60,XLI,0.10088441733739939
base,replay_base_2023-04-28,2023-04-28,2023-07-26,60,XLU,-0.009681190994916374
base,replay_base_2023-04-28,2023-04-28,2023-10-19,120,QQQ,0.11463792728740418
base,replay_base_2023-04-28,2023-04-28,2023-10-19,120,SOXX,0.11794466512925139
base,replay_base_2023-04-28,2023-04-28,2023-10-19,120,XLI,-0.0058495725641153325
base,replay_base_2023-04-28,2023-04-28,2023-10-19,120,XLU,-0.15114814814814814
base,replay_base_2023-04-28,2023-04-28,2023-05-26,20,QQQ,0.0787473377006428
base,replay_base_2023-04-28,2023-04-28,2023-05-26,20,SOXX,0.17915954505391019
base,replay_base_2023-04-28,2023-04-28,2023-05-26,20,XLI,-0.019747487876818456
base,replay_base_2023-04-28,2023-04-28,2023-05-26,20,XLU,-0.06501888162672476
base,replay_base_2023-04-28,2023-04-28,2023-07-26,60,QQQ,0.16915685056971663
base,replay_base_2023-04-28,2023-04-28,2023-07-26,60,SOXX,0.23293687743742686
base,replay_base_2023-04-28,2023-04-28,2023-07-26,60,XLI,0.10088441733739939
base,replay_base_2023-04-28,2023-04-28,2023-07-26,60,XLU,-0.009681190994916374
base,replay_base_2023-04-28,2023-04-28,2023-10-19,120,QQQ,0.11463792728740418
base,replay_base_2023-04-28,2023-04-28,2023-10-19,120,SOXX,0.11794466512925139
base,replay_base_2023-04-28,2023-04-28,2023-10-19,120,XLI,-0.0058495725641153325
base,replay_base_2023-04-28,2023-04-28,2023-10-19,120,XLU,-0.15114814814814814
base,replay_base_2023-04-28,2023-04-28,2023-05-26,20,QQQ,0.0787473377006428
base,replay_base_2023-04-28,2023-04-28,2023-05-26,20,SOXX,0.17915954505391019
base,replay_base_2023-04-28,2023-04-28,2023-05-26,20,XLI,-0.019747487876818456
base,replay_base_2023-04-28,2023-04-28,2023-05-26,20,XLU,-0.06501888162672476
base,replay_base_2023-04-28,2023-04-28,2023-07-26,60,QQQ,0.16915685056971663
base,replay_base_2023-04-28,2023-04-28,2023-07-26,60,SOXX,0.23293687743742686
base,replay_base_2023-04-28,2023-04-28,2023-07-26,60,XLI,0.10088441733739939
base,replay_base_2023-04-28,2023-04-28,2023-07-26,60,XLU,-0.009681190994916374
base,replay_base_2023-04-28,2023-04-28,2023-10-19,120,QQQ,0.11463792728740418
base,replay_base_2023-04-28,2023-04-28,2023-10-19,120,SOXX,0.11794466512925139
base,replay_base_2023-04-28,2023-04-28,2023-10-19,120,XLI,-0.0058495725641153325
base,replay_base_2023-04-28,2023-04-28,2023-10-19,120,XLU,-0.15114814814814814
base,replay_base_2023-04-28,2023-04-28,2023-05-26,20,QQQ,0.0787473377006428
base,replay_base_2023-04-28,2023-04-28,2023-05-26,20,SOXX,0.17915954505391019
base,replay_base_2023-04-28,2023-04-28,2023-05-26,20,XLI,-0.019747487876818456
base,replay_base_2023-04-28,2023-04-28,2023-05-26,20,XLU,-0.06501888162672476
base,replay_base_2023-04-28,2023-04-28,2023-07-26,60,QQQ,0.16915685056971663
base,replay_base_2023-04-28,2023-04-28,2023-07-26,60,SOXX,0.23293687743742686
base,replay_base_2023-04-28,2023-04-28,2023-07-26,60,XLI,0.10088441733739939
base,replay_base_2023-04-28,2023-04-28,2023-07-26,60,XLU,-0.009681190994916374
base,replay_base_2023-04-28,2023-04-28,2023-10-19,120,QQQ,0.11463792728740418
base,replay_base_2023-04-28,2023-04-28,2023-10-19,120,SOXX,0.11794466512925139
base,replay_base_2023-04-28,2023-04-28,2023-10-19,120,XLI,-0.0058495725641153325
base,replay_base_2023-04-28,2023-04-28,2023-10-19,120,XLU,-0.15114814814814814
base,replay_base_2023-05-31,2023-05-31,2023-06-29,20,QQQ,0.04332904839962037
base,replay_base_2023-05-31,2023-05-31,2023-06-29,20,SOXX,0.03976480400333593
base,replay_base_2023-05-31,2023-05-31,2023-06-29,20,XLI,0.09160849881675082
base,replay_base_2023-05-31,2023-05-31,2023-06-29,20,XLU,-0.00822755227552285
base,replay_base_2023-05-31,2023-05-31,2023-08-25,60,QQQ,0.044134270842320134
base,replay_base_2023-05-31,2023-05-31,2023-08-25,60,SOXX,0.009406171809841383
base,replay_base_2023-05-31,2023-05-31,2023-08-25,60,XLI,0.09310042185410017
base,replay_base_2023-05-31,2023-05-31,2023-08-25,60,XLU,-0.024832718327183364
base,replay_base_2023-05-31,2023-05-31,2023-11-20,120,QQQ,0.12074543467632914
base,replay_base_2023-05-31,2023-05-31,2023-11-20,120,SOXX,0.08759633027522906
base,replay_base_2023-05-31,2023-05-31,2023-11-20,120,XLI,0.08692694721679184
base,replay_base_2023-05-31,2023-05-31,2023-11-20,120,XLU,-0.048049200492005006
base,replay_base_2023-05-31,2023-05-31,2023-06-29,20,QQQ,0.04332904839962037
base,replay_base_2023-05-31,2023-05-31,2023-06-29,20,SOXX,0.03976480400333593
base,replay_base_2023-05-31,2023-05-31,2023-06-29,20,XLI,0.09160849881675082
base,replay_base_2023-05-31,2023-05-31,2023-06-29,20,XLU,-0.00822755227552285
base,replay_base_2023-05-31,2023-05-31,2023-08-25,60,QQQ,0.044134270842320134
base,replay_base_2023-05-31,2023-05-31,2023-08-25,60,SOXX,0.009406171809841383
base,replay_base_2023-05-31,2023-05-31,2023-08-25,60,XLI,0.09310042185410017
base,replay_base_2023-05-31,2023-05-31,2023-08-25,60,XLU,-0.024832718327183364
base,replay_base_2023-05-31,2023-05-31,2023-11-20,120,QQQ,0.12074543467632914
base,replay_base_2023-05-31,2023-05-31,2023-11-20,120,SOXX,0.08759633027522906
base,replay_base_2023-05-31,2023-05-31,2023-11-20,120,XLI,0.08692694721679184
base,replay_base_2023-05-31,2023-05-31,2023-11-20,120,XLU,-0.048049200492005006
base,replay_base_2023-05-31,2023-05-31,2023-06-29,20,QQQ,0.04332904839962037
base,replay_base_2023-05-31,2023-05-31,2023-06-29,20,SOXX,0.03976480400333593
base,replay_base_2023-05-31,2023-05-31,2023-06-29,20,XLI,0.09160849881675082
base,replay_base_2023-05-31,2023-05-31,2023-06-29,20,XLU,-0.00822755227552285
base,replay_base_2023-05-31,2023-05-31,2023-08-25,60,QQQ,0.044134270842320134
base,replay_base_2023-05-31,2023-05-31,2023-08-25,60,SOXX,0.009406171809841383
base,replay_base_2023-05-31,2023-05-31,2023-08-25,60,XLI,0.09310042185410017
base,replay_base_2023-05-31,2023-05-31,2023-08-25,60,XLU,-0.024832718327183364
base,replay_base_2023-05-31,2023-05-31,2023-11-20,120,QQQ,0.12074543467632914
base,replay_base_2023-05-31,2023-05-31,2023-11-20,120,SOXX,0.08759633027522906
base,replay_base_2023-05-31,2023-05-31,2023-11-20,120,XLI,0.08692694721679184
base,replay_base_2023-05-31,2023-05-31,2023-11-20,120,XLU,-0.048049200492005006
base,replay_base_2023-05-31,2023-05-31,2023-06-29,20,QQQ,0.04332904839962037
base,replay_base_2023-05-31,2023-05-31,2023-06-29,20,SOXX,0.03976480400333593
base,replay_base_2023-05-31,2023-05-31,2023-06-29,20,XLI,0.09160849881675082
base,replay_base_2023-05-31,2023-05-31,2023-06-29,20,XLU,-0.00822755227552285
base,replay_base_2023-05-31,2023-05-31,2023-08-25,60,QQQ,0.044134270842320134
base,replay_base_2023-05-31,2023-05-31,2023-08-25,60,SOXX,0.009406171809841383
base,replay_base_2023-05-31,2023-05-31,2023-08-25,60,XLI,0.09310042185410017
base,replay_base_2023-05-31,2023-05-31,2023-08-25,60,XLU,-0.024832718327183364
base,replay_base_2023-05-31,2023-05-31,2023-11-20,120,QQQ,0.12074543467632914
base,replay_base_2023-05-31,2023-05-31,2023-11-20,120,SOXX,0.08759633027522906
base,replay_base_2023-05-31,2023-05-31,2023-11-20,120,XLI,0.08692694721679184
base,replay_base_2023-05-31,2023-05-31,2023-11-20,120,XLU,-0.048049200492005006
base,replay_base_2023-06-30,2023-06-30,2023-07-31,20,QQQ,0.03438039894048328
base,replay_base_2023-06-30,2023-06-30,2023-07-31,20,SOXX,0.045651616002195916
base,replay_base_2023-06-30,2023-06-30,2023-07-31,20,XLI,0.030557989328840244
base,replay_base_2023-06-30,2023-06-30,2023-07-31,20,XLU,0.026150046026388266
base,replay_base_2023-06-30,2023-06-30,2023-09-26,60,QQQ,-0.04556986864154822
base,replay_base_2023-06-30,2023-06-30,2023-09-26,60,SOXX,-0.10195991608748067
base,replay_base_2023-06-30,2023-06-30,2023-09-26,60,XLI,-0.060287278854254445
base,replay_base_2023-06-30,2023-06-30,2023-09-26,60,XLU,-0.06268088370665859
base,replay_base_2023-06-30,2023-06-30,2023-12-20,120,QQQ,0.08641023839126427
base,replay_base_2023-06-30,2023-06-30,2023-12-20,120,SOXX,0.08098113928890027
base,replay_base_2023-06-30,2023-06-30,2023-12-20,120,XLI,0.0398718524758962
base,replay_base_2023-06-30,2023-06-30,2023-12-20,120,XLU,-0.04710862227677215
base,replay_base_2023-06-30,2023-06-30,2023-07-31,20,QQQ,0.03438039894048328
base,replay_base_2023-06-30,2023-06-30,2023-07-31,20,SOXX,0.045651616002195916
base,replay_base_2023-06-30,2023-06-30,2023-07-31,20,XLI,0.030557989328840244
base,replay_base_2023-06-30,2023-06-30,2023-07-31,20,XLU,0.026150046026388266
base,replay_base_2023-06-30,2023-06-30,2023-09-26,60,QQQ,-0.04556986864154822
base,replay_base_2023-06-30,2023-06-30,2023-09-26,60,SOXX,-0.10195991608748067
base,replay_base_2023-06-30,2023-06-30,2023-09-26,60,XLI,-0.060287278854254445
base,replay_base_2023-06-30,2023-06-30,2023-09-26,60,XLU,-0.06268088370665859
base,replay_base_2023-06-30,2023-06-30,2023-12-20,120,QQQ,0.08641023839126427
base,replay_base_2023-06-30,2023-06-30,2023-12-20,120,SOXX,0.08098113928890027
base,replay_base_2023-06-30,2023-06-30,2023-12-20,120,XLI,0.0398718524758962
base,replay_base_2023-06-30,2023-06-30,2023-12-20,120,XLU,-0.04710862227677215
base,replay_base_2023-06-30,2023-06-30,2023-07-31,20,QQQ,0.03438039894048328
base,replay_base_2023-06-30,2023-06-30,2023-07-31,20,SOXX,0.045651616002195916
base,replay_base_2023-06-30,2023-06-30,2023-07-31,20,XLI,0.030557989328840244
base,replay_base_2023-06-30,2023-06-30,2023-07-31,20,XLU,0.026150046026388266
base,replay_base_2023-06-30,2023-06-30,2023-09-26,60,QQQ,-0.04556986864154822
base,replay_base_2023-06-30,2023-06-30,2023-09-26,60,SOXX,-0.10195991608748067
base,replay_base_2023-06-30,2023-06-30,2023-09-26,60,XLI,-0.060287278854254445
base,replay_base_2023-06-30,2023-06-30,2023-09-26,60,XLU,-0.06268088370665859
base,replay_base_2023-06-30,2023-06-30,2023-12-20,120,QQQ,0.08641023839126427
base,replay_base_2023-06-30,2023-06-30,2023-12-20,120,SOXX,0.08098113928890027
base,replay_base_2023-06-30,2023-06-30,2023-12-20,120,XLI,0.0398718524758962
base,replay_base_2023-06-30,2023-06-30,2023-12-20,120,XLU,-0.04710862227677215
base,replay_base_2023-06-30,2023-06-30,2023-07-31,20,QQQ,0.03438039894048328
base,replay_base_2023-06-30,2023-06-30,2023-07-31,20,SOXX,0.045651616002195916
base,replay_base_2023-06-30,2023-06-30,2023-07-31,20,XLI,0.030557989328840244
base,replay_base_2023-06-30,2023-06-30,2023-07-31,20,XLU,0.026150046026388266
base,replay_base_2023-06-30,2023-06-30,2023-09-26,60,QQQ,-0.04556986864154822
base,replay_base_2023-06-30,2023-06-30,2023-09-26,60,SOXX,-0.10195991608748067
base,replay_base_2023-06-30,2023-06-30,2023-09-26,60,XLI,-0.060287278854254445
base,replay_base_2023-06-30,2023-06-30,2023-09-26,60,XLU,-0.06268088370665859
base,replay_base_2023-06-30,2023-06-30,2023-12-20,120,QQQ,0.08641023839126427
base,replay_base_2023-06-30,2023-06-30,2023-12-20,120,SOXX,0.08098113928890027
base,replay_base_2023-06-30,2023-06-30,2023-12-20,120,XLI,0.0398718524758962
base,replay_base_2023-06-30,2023-06-30,2023-12-20,120,XLU,-0.04710862227677215
base,replay_base_2023-07-31,2023-07-31,2023-08-28,20,QQQ,-0.04364338956453517
base,replay_base_2023-07-31,2023-07-31,2023-08-28,20,SOXX,-0.07582084150203594
base,replay_base_2023-07-31,2023-07-31,2023-08-28,20,XLI,-0.02796142325496964
base,replay_base_2023-07-31,2023-07-31,2023-08-28,20,XLU,-0.0547369912032204
base,replay_base_2023-07-31,2023-07-31,2023-10-24,60,QQQ,-0.06383431411010865
base,replay_base_2023-07-31,2023-07-31,2023-10-24,60,SOXX,-0.13403227265872408
base,replay_base_2023-07-31,2023-07-31,2023-10-24,60,XLI,-0.10484260688027591
base,replay_base_2023-07-31,2023-07-31,2023-10-24,60,XLU,-0.12287475771581924
base,replay_base_2023-07-31,2023-07-31,2024-01-22,120,QQQ,0.10004694651497303
base,replay_base_2023-07-31,2023-07-31,2024-01-22,120,SOXX,0.13504478962449118
base,replay_base_2023-07-31,2023-07-31,2024-01-22,120,XLI,0.02531986929291097
base,replay_base_2023-07-31,2023-07-31,2024-01-22,120,XLU,-0.09857179066646782
base,replay_base_2023-07-31,2023-07-31,2023-08-28,20,QQQ,-0.04364338956453517
base,replay_base_2023-07-31,2023-07-31,2023-08-28,20,SOXX,-0.07582084150203594
base,replay_base_2023-07-31,2023-07-31,2023-08-28,20,XLI,-0.02796142325496964
base,replay_base_2023-07-31,2023-07-31,2023-08-28,20,XLU,-0.0547369912032204
base,replay_base_2023-07-31,2023-07-31,2023-10-24,60,QQQ,-0.06383431411010865
base,replay_base_2023-07-31,2023-07-31,2023-10-24,60,SOXX,-0.13403227265872408
base,replay_base_2023-07-31,2023-07-31,2023-10-24,60,XLI,-0.10484260688027591
base,replay_base_2023-07-31,2023-07-31,2023-10-24,60,XLU,-0.12287475771581924
base,replay_base_2023-07-31,2023-07-31,2024-01-22,120,QQQ,0.10004694651497303
base,replay_base_2023-07-31,2023-07-31,2024-01-22,120,SOXX,0.13504478962449118
base,replay_base_2023-07-31,2023-07-31,2024-01-22,120,XLI,0.02531986929291097
base,replay_base_2023-07-31,2023-07-31,2024-01-22,120,XLU,-0.09857179066646782
base,replay_base_2023-07-31,2023-07-31,2023-08-28,20,QQQ,-0.04364338956453517
base,replay_base_2023-07-31,2023-07-31,2023-08-28,20,SOXX,-0.07582084150203594
base,replay_base_2023-07-31,2023-07-31,2023-08-28,20,XLI,-0.02796142325496964
base,replay_base_2023-07-31,2023-07-31,2023-08-28,20,XLU,-0.0547369912032204
base,replay_base_2023-07-31,2023-07-31,2023-10-24,60,QQQ,-0.06383431411010865
base,replay_base_2023-07-31,2023-07-31,2023-10-24,60,SOXX,-0.13403227265872408
base,replay_base_2023-07-31,2023-07-31,2023-10-24,60,XLI,-0.10484260688027591
base,replay_base_2023-07-31,2023-07-31,2023-10-24,60,XLU,-0.12287475771581924
base,replay_base_2023-07-31,2023-07-31,2024-01-22,120,QQQ,0.10004694651497303
base,replay_base_2023-07-31,2023-07-31,2024-01-22,120,SOXX,0.13504478962449118
base,replay_base_2023-07-31,2023-07-31,2024-01-22,120,XLI,0.02531986929291097
base,replay_base_2023-07-31,2023-07-31,2024-01-22,120,XLU,-0.09857179066646782
base,replay_base_2023-07-31,2023-07-31,2023-08-28,20,QQQ,-0.04364338956453517
base,replay_base_2023-07-31,2023-07-31,2023-08-28,20,SOXX,-0.07582084150203594
base,replay_base_2023-07-31,2023-07-31,2023-08-28,20,XLI,-0.02796142325496964
base,replay_base_2023-07-31,2023-07-31,2023-08-28,20,XLU,-0.0547369912032204
base,replay_base_2023-07-31,2023-07-31,2023-10-24,60,QQQ,-0.06383431411010865
base,replay_base_2023-07-31,2023-07-31,2023-10-24,60,SOXX,-0.13403227265872408
base,replay_base_2023-07-31,2023-07-31,2023-10-24,60,XLI,-0.10484260688027591
base,replay_base_2023-07-31,2023-07-31,2023-10-24,60,XLU,-0.12287475771581924
base,replay_base_2023-07-31,2023-07-31,2024-01-22,120,QQQ,0.10004694651497303
base,replay_base_2023-07-31,2023-07-31,2024-01-22,120,SOXX,0.13504478962449118
base,replay_base_2023-07-31,2023-07-31,2024-01-22,120,XLI,0.02531986929291097
base,replay_base_2023-07-31,2023-07-31,2024-01-22,120,XLU,-0.09857179066646782
base,replay_base_2023-08-31,2023-08-31,2023-09-29,20,QQQ,-0.06090967877608966
base,replay_base_2023-08-31,2023-08-31,2023-09-29,20,SOXX,-0.08031226527077762
base,replay_base_2023-08-31,2023-08-31,2023-09-29,20,XLI,-0.0724087403598972
base,replay_base_2023-08-31,2023-08-31,2023-09-29,20,XLU,-0.0722350201310491
base,replay_base_2023-08-31,2023-08-31,2023-11-27,60,QQQ,0.019895746806161466
base,replay_base_2023-08-31,2023-08-31,2023-11-27,60,SOXX,-0.0010735176788806396
base,replay_base_2023-08-31,2023-08-31,2023-11-27,60,XLI,-0.03192030848329053
base,replay_base_2023-08-31,2023-08-31,2023-11-27,60,XLU,-0.011762927291387056
base,replay_base_2023-08-31,2023-08-31,2024-02-23,120,QQQ,0.14512575574365172
base,replay_base_2023-08-31,2023-08-31,2024-02-23,120,SOXX,0.23515407966685464
base,replay_base_2023-08-31,2023-08-31,2024-02-23,120,XLI,0.10047043701799485
base,replay_base_2023-08-31,2023-08-31,2024-02-23,120,XLU,-0.025025736164837827
base,replay_base_2023-08-31,2023-08-31,2023-09-29,20,QQQ,-0.06090967877608966
base,replay_base_2023-08-31,2023-08-31,2023-09-29,20,SOXX,-0.08031226527077762
base,replay_base_2023-08-31,2023-08-31,2023-09-29,20,XLI,-0.0724087403598972
base,replay_base_2023-08-31,2023-08-31,2023-09-29,20,XLU,-0.0722350201310491
base,replay_base_2023-08-31,2023-08-31,2023-11-27,60,QQQ,0.019895746806161466
base,replay_base_2023-08-31,2023-08-31,2023-11-27,60,SOXX,-0.0010735176788806396
base,replay_base_2023-08-31,2023-08-31,2023-11-27,60,XLI,-0.03192030848329053
base,replay_base_2023-08-31,2023-08-31,2023-11-27,60,XLU,-0.011762927291387056
base,replay_base_2023-08-31,2023-08-31,2024-02-23,120,QQQ,0.14512575574365172
base,replay_base_2023-08-31,2023-08-31,2024-02-23,120,SOXX,0.23515407966685464
base,replay_base_2023-08-31,2023-08-31,2024-02-23,120,XLI,0.10047043701799485
base,replay_base_2023-08-31,2023-08-31,2024-02-23,120,XLU,-0.025025736164837827
base,replay_base_2023-08-31,2023-08-31,2023-09-29,20,QQQ,-0.06090967877608966
base,replay_base_2023-08-31,2023-08-31,2023-09-29,20,SOXX,-0.08031226527077762
base,replay_base_2023-08-31,2023-08-31,2023-09-29,20,XLI,-0.0724087403598972
base,replay_base_2023-08-31,2023-08-31,2023-09-29,20,XLU,-0.0722350201310491
base,replay_base_2023-08-31,2023-08-31,2023-11-27,60,QQQ,0.019895746806161466
base,replay_base_2023-08-31,2023-08-31,2023-11-27,60,SOXX,-0.0010735176788806396
base,replay_base_2023-08-31,2023-08-31,2023-11-27,60,XLI,-0.03192030848329053
base,replay_base_2023-08-31,2023-08-31,2023-11-27,60,XLU,-0.011762927291387056
base,replay_base_2023-08-31,2023-08-31,2024-02-23,120,QQQ,0.14512575574365172
base,replay_base_2023-08-31,2023-08-31,2024-02-23,120,SOXX,0.23515407966685464
base,replay_base_2023-08-31,2023-08-31,2024-02-23,120,XLI,0.10047043701799485
base,replay_base_2023-08-31,2023-08-31,2024-02-23,120,XLU,-0.025025736164837827
base,replay_base_2023-08-31,2023-08-31,2023-09-29,20,QQQ,-0.06090967877608966
base,replay_base_2023-08-31,2023-08-31,2023-09-29,20,SOXX,-0.08031226527077762
base,replay_base_2023-08-31,2023-08-31,2023-09-29,20,XLI,-0.0724087403598972
base,replay_base_2023-08-31,2023-08-31,2023-09-29,20,XLU,-0.0722350201310491
base,replay_base_2023-08-31,2023-08-31,2023-11-27,60,QQQ,0.019895746806161466
base,replay_base_2023-08-31,2023-08-31,2023-11-27,60,SOXX,-0.0010735176788806396
base,replay_base_2023-08-31,2023-08-31,2023-11-27,60,XLI,-0.03192030848329053
base,replay_base_2023-08-31,2023-08-31,2023-11-27,60,XLU,-0.011762927291387056
base,replay_base_2023-08-31,2023-08-31,2024-02-23,120,QQQ,0.14512575574365172
base,replay_base_2023-08-31,2023-08-31,2024-02-23,120,SOXX,0.23515407966685464
base,replay_base_2023-08-31,2023-08-31,2024-02-23,120,XLI,0.10047043701799485
base,replay_base_2023-08-31,2023-08-31,2024-02-23,120,XLU,-0.025025736164837827
base,replay_base_2023-09-29,2023-09-29,2023-10-27,20,QQQ,-0.039346899495104504
base,replay_base_2023-09-29,2023-09-29,2023-10-27,20,SOXX,-0.06731972359162353
base,replay_base_2023-09-29,2023-09-29,2023-10-27,20,XLI,-0.04885250037097488
base,replay_base_2023-09-29,2023-09-29,2023-10-27,20,XLU,0.0017004529527390204
base,replay_base_2023-09-29,2023-09-29,2023-12-26,60,QQQ,0.14319654662612613
base,replay_base_2023-09-29,2023-09-29,2023-12-26,60,SOXX,0.21896940968272005
base,replay_base_2023-09-29,2023-09-29,2023-12-26,60,XLI,0.12397235000247331
base,replay_base_2023-09-29,2023-09-29,2023-12-26,60,XLU,0.07383104008204422
base,replay_base_2023-09-29,2023-09-29,2024-03-22,120,QQQ,0.24160933359368453
base,replay_base_2023-09-29,2023-09-29,2024-03-22,120,SOXX,0.421535456958665
base,replay_base_2023-09-29,2023-09-29,2024-03-22,120,XLI,0.23566053321462144
base,replay_base_2023-09-29,2023-09-29,2024-03-22,120,XLU,0.08853063840697362
base,replay_base_2023-09-29,2023-09-29,2023-10-27,20,QQQ,-0.039346899495104504
base,replay_base_2023-09-29,2023-09-29,2023-10-27,20,SOXX,-0.06731972359162353
base,replay_base_2023-09-29,2023-09-29,2023-10-27,20,XLI,-0.04885250037097488
base,replay_base_2023-09-29,2023-09-29,2023-10-27,20,XLU,0.0017004529527390204
base,replay_base_2023-09-29,2023-09-29,2023-12-26,60,QQQ,0.14319654662612613
base,replay_base_2023-09-29,2023-09-29,2023-12-26,60,SOXX,0.21896940968272005
base,replay_base_2023-09-29,2023-09-29,2023-12-26,60,XLI,0.12397235000247331
base,replay_base_2023-09-29,2023-09-29,2023-12-26,60,XLU,0.07383104008204422
base,replay_base_2023-09-29,2023-09-29,2024-03-22,120,QQQ,0.24160933359368453
base,replay_base_2023-09-29,2023-09-29,2024-03-22,120,SOXX,0.421535456958665
base,replay_base_2023-09-29,2023-09-29,2024-03-22,120,XLI,0.23566053321462144
base,replay_base_2023-09-29,2023-09-29,2024-03-22,120,XLU,0.08853063840697362
base,replay_base_2023-09-29,2023-09-29,2023-10-27,20,QQQ,-0.039346899495104504
base,replay_base_2023-09-29,2023-09-29,2023-10-27,20,SOXX,-0.06731972359162353
base,replay_base_2023-09-29,2023-09-29,2023-10-27,20,XLI,-0.04885250037097488
base,replay_base_2023-09-29,2023-09-29,2023-10-27,20,XLU,0.0017004529527390204
base,replay_base_2023-09-29,2023-09-29,2023-12-26,60,QQQ,0.14319654662612613
base,replay_base_2023-09-29,2023-09-29,2023-12-26,60,SOXX,0.21896940968272005
base,replay_base_2023-09-29,2023-09-29,2023-12-26,60,XLI,0.12397235000247331
base,replay_base_2023-09-29,2023-09-29,2023-12-26,60,XLU,0.07383104008204422
base,replay_base_2023-09-29,2023-09-29,2024-03-22,120,QQQ,0.24160933359368453
base,replay_base_2023-09-29,2023-09-29,2024-03-22,120,SOXX,0.421535456958665
base,replay_base_2023-09-29,2023-09-29,2024-03-22,120,XLI,0.23566053321462144
base,replay_base_2023-09-29,2023-09-29,2024-03-22,120,XLU,0.08853063840697362
base,replay_base_2023-09-29,2023-09-29,2023-10-27,20,QQQ,-0.039346899495104504
base,replay_base_2023-09-29,2023-09-29,2023-10-27,20,SOXX,-0.06731972359162353
base,replay_base_2023-09-29,2023-09-29,2023-10-27,20,XLI,-0.04885250037097488
base,replay_base_2023-09-29,2023-09-29,2023-10-27,20,XLU,0.0017004529527390204
base,replay_base_2023-09-29,2023-09-29,2023-12-26,60,QQQ,0.14319654662612613
base,replay_base_2023-09-29,2023-09-29,2023-12-26,60,SOXX,0.21896940968272005
base,replay_base_2023-09-29,2023-09-29,2023-12-26,60,XLI,0.12397235000247331
base,replay_base_2023-09-29,2023-09-29,2023-12-26,60,XLU,0.07383104008204422
base,replay_base_2023-09-29,2023-09-29,2024-03-22,120,QQQ,0.24160933359368453
base,replay_base_2023-09-29,2023-09-29,2024-03-22,120,SOXX,0.421535456958665
base,replay_base_2023-09-29,2023-09-29,2024-03-22,120,XLI,0.23566053321462144
base,replay_base_2023-09-29,2023-09-29,2024-03-22,120,XLU,0.08853063840697362
base,replay_base_2023-10-31,2023-10-31,2023-11-29,20,QQQ,0.10527409724196757
base,replay_base_2023-10-31,2023-10-31,2023-11-29,20,SOXX,0.16366290639171532
base,replay_base_2023-10-31,2023-10-31,2023-11-29,20,XLI,0.07241516428825345
base,replay_base_2023-10-31,2023-10-31,2023-11-29,20,XLU,0.04146673353393504
base,replay_base_2023-10-31,2023-10-31,2024-01-29,60,QQQ,0.2143727608757463
base,replay_base_2023-10-31,2023-10-31,2024-01-29,60,SOXX,0.3583022584211356
base,replay_base_2023-10-31,2023-10-31,2024-01-29,60,XLI,0.1564129297648672
base,replay_base_2023-10-31,2023-10-31,2024-01-29,60,XLU,0.027090270812437315
base,replay_base_2023-10-31,2023-10-31,2024-04-24,120,QQQ,0.2097949957350015
base,replay_base_2023-10-31,2023-10-31,2024-04-24,120,SOXX,0.40870498386842036
base,replay_base_2023-10-31,2023-10-31,2024-04-24,120,XLI,0.23736361789650096
base,replay_base_2023-10-31,2023-10-31,2024-04-24,120,XLU,0.1127639585422936
base,replay_base_2023-10-31,2023-10-31,2023-11-29,20,QQQ,0.10527409724196757
base,replay_base_2023-10-31,2023-10-31,2023-11-29,20,SOXX,0.16366290639171532
base,replay_base_2023-10-31,2023-10-31,2023-11-29,20,XLI,0.07241516428825345
base,replay_base_2023-10-31,2023-10-31,2023-11-29,20,XLU,0.04146673353393504
base,replay_base_2023-10-31,2023-10-31,2024-01-29,60,QQQ,0.2143727608757463
base,replay_base_2023-10-31,2023-10-31,2024-01-29,60,SOXX,0.3583022584211356
base,replay_base_2023-10-31,2023-10-31,2024-01-29,60,XLI,0.1564129297648672
base,replay_base_2023-10-31,2023-10-31,2024-01-29,60,XLU,0.027090270812437315
base,replay_base_2023-10-31,2023-10-31,2024-04-24,120,QQQ,0.2097949957350015
base,replay_base_2023-10-31,2023-10-31,2024-04-24,120,SOXX,0.40870498386842036
base,replay_base_2023-10-31,2023-10-31,2024-04-24,120,XLI,0.23736361789650096
base,replay_base_2023-10-31,2023-10-31,2024-04-24,120,XLU,0.1127639585422936
base,replay_base_2023-10-31,2023-10-31,2023-11-29,20,QQQ,0.10527409724196757
base,replay_base_2023-10-31,2023-10-31,2023-11-29,20,SOXX,0.16366290639171532
base,replay_base_2023-10-31,2023-10-31,2023-11-29,20,XLI,0.07241516428825345
base,replay_base_2023-10-31,2023-10-31,2023-11-29,20,XLU,0.04146673353393504
base,replay_base_2023-10-31,2023-10-31,2024-01-29,60,QQQ,0.2143727608757463
base,replay_base_2023-10-31,2023-10-31,2024-01-29,60,SOXX,0.3583022584211356
base,replay_base_2023-10-31,2023-10-31,2024-01-29,60,XLI,0.1564129297648672
base,replay_base_2023-10-31,2023-10-31,2024-01-29,60,XLU,0.027090270812437315
base,replay_base_2023-10-31,2023-10-31,2024-04-24,120,QQQ,0.2097949957350015
base,replay_base_2023-10-31,2023-10-31,2024-04-24,120,SOXX,0.40870498386842036
base,replay_base_2023-10-31,2023-10-31,2024-04-24,120,XLI,0.23736361789650096
base,replay_base_2023-10-31,2023-10-31,2024-04-24,120,XLU,0.1127639585422936
base,replay_base_2023-10-31,2023-10-31,2023-11-29,20,QQQ,0.10527409724196757
base,replay_base_2023-10-31,2023-10-31,2023-11-29,20,SOXX,0.16366290639171532
base,replay_base_2023-10-31,2023-10-31,2023-11-29,20,XLI,0.07241516428825345
base,replay_base_2023-10-31,2023-10-31,2023-11-29,20,XLU,0.04146673353393504
base,replay_base_2023-10-31,2023-10-31,2024-01-29,60,QQQ,0.2143727608757463
base,replay_base_2023-10-31,2023-10-31,2024-01-29,60,SOXX,0.3583022584211356
base,replay_base_2023-10-31,2023-10-31,2024-01-29,60,XLI,0.1564129297648672
base,replay_base_2023-10-31,2023-10-31,2024-01-29,60,XLU,0.027090270812437315
base,replay_base_2023-10-31,2023-10-31,2024-04-24,120,QQQ,0.2097949957350015
base,replay_base_2023-10-31,2023-10-31,2024-04-24,120,SOXX,0.40870498386842036
base,replay_base_2023-10-31,2023-10-31,2024-04-24,120,XLI,0.23736361789650096
base,replay_base_2023-10-31,2023-10-31,2024-04-24,120,XLU,0.1127639585422936
base,replay_base_2023-11-30,2023-11-30,2023-12-29,20,QQQ,0.05328934062532242
base,replay_base_2023-11-30,2023-11-30,2023-12-29,20,SOXX,0.12489445868973748
base,replay_base_2023-11-30,2023-11-30,2023-12-29,20,XLI,0.05967487409065464
base,replay_base_2023-11-30,2023-11-30,2023-12-29,20,XLU,0.0064760312151616066
base,replay_base_2023-11-30,2023-11-30,2024-02-28,60,QQQ,0.11987173666288309
base,replay_base_2023-11-30,2023-11-30,2024-02-28,60,SOXX,0.24012474309538268
base,replay_base_2023-11-30,2023-11-30,2024-02-28,60,XLI,0.12188341727289675
base,replay_base_2023-11-30,2023-11-30,2024-02-28,60,XLU,-0.014626055104315912
base,replay_base_2023-11-30,2023-11-30,2024-05-23,120,QQQ,0.16757063254566085
base,replay_base_2023-11-30,2023-11-30,2024-05-23,120,SOXX,0.37212967566403743
base,replay_base_2023-11-30,2023-11-30,2024-05-23,120,XLI,0.1517752285021451
base,replay_base_2023-11-30,2023-11-30,2024-05-23,120,XLU,0.12464771460423651
base,replay_base_2023-11-30,2023-11-30,2023-12-29,20,QQQ,0.05328934062532242
base,replay_base_2023-11-30,2023-11-30,2023-12-29,20,SOXX,0.12489445868973748
base,replay_base_2023-11-30,2023-11-30,2023-12-29,20,XLI,0.05967487409065464
base,replay_base_2023-11-30,2023-11-30,2023-12-29,20,XLU,0.0064760312151616066
base,replay_base_2023-11-30,2023-11-30,2024-02-28,60,QQQ,0.11987173666288309
base,replay_base_2023-11-30,2023-11-30,2024-02-28,60,SOXX,0.24012474309538268
base,replay_base_2023-11-30,2023-11-30,2024-02-28,60,XLI,0.12188341727289675
base,replay_base_2023-11-30,2023-11-30,2024-02-28,60,XLU,-0.014626055104315912
base,replay_base_2023-11-30,2023-11-30,2024-05-23,120,QQQ,0.16757063254566085
base,replay_base_2023-11-30,2023-11-30,2024-05-23,120,SOXX,0.37212967566403743
base,replay_base_2023-11-30,2023-11-30,2024-05-23,120,XLI,0.1517752285021451
base,replay_base_2023-11-30,2023-11-30,2024-05-23,120,XLU,0.12464771460423651
base,replay_base_2023-11-30,2023-11-30,2023-12-29,20,QQQ,0.05328934062532242
base,replay_base_2023-11-30,2023-11-30,2023-12-29,20,SOXX,0.12489445868973748
base,replay_base_2023-11-30,2023-11-30,2023-12-29,20,XLI,0.05967487409065464
base,replay_base_2023-11-30,2023-11-30,2023-12-29,20,XLU,0.0064760312151616066
base,replay_base_2023-11-30,2023-11-30,2024-02-28,60,QQQ,0.11987173666288309
base,replay_base_2023-11-30,2023-11-30,2024-02-28,60,SOXX,0.24012474309538268
base,replay_base_2023-11-30,2023-11-30,2024-02-28,60,XLI,0.12188341727289675
base,replay_base_2023-11-30,2023-11-30,2024-02-28,60,XLU,-0.014626055104315912
base,replay_base_2023-11-30,2023-11-30,2024-05-23,120,QQQ,0.16757063254566085
base,replay_base_2023-11-30,2023-11-30,2024-05-23,120,SOXX,0.37212967566403743
base,replay_base_2023-11-30,2023-11-30,2024-05-23,120,XLI,0.1517752285021451
base,replay_base_2023-11-30,2023-11-30,2024-05-23,120,XLU,0.12464771460423651
base,replay_base_2023-11-30,2023-11-30,2023-12-29,20,QQQ,0.05328934062532242
base,replay_base_2023-11-30,2023-11-30,2023-12-29,20,SOXX,0.12489445868973748
base,replay_base_2023-11-30,2023-11-30,2023-12-29,20,XLI,0.05967487409065464
base,replay_base_2023-11-30,2023-11-30,2023-12-29,20,XLU,0.0064760312151616066
base,replay_base_2023-11-30,2023-11-30,2024-02-28,60,QQQ,0.11987173666288309
base,replay_base_2023-11-30,2023-11-30,2024-02-28,60,SOXX,0.24012474309538268
base,replay_base_2023-11-30,2023-11-30,2024-02-28,60,XLI,0.12188341727289675
base,replay_base_2023-11-30,2023-11-30,2024-02-28,60,XLU,-0.014626055104315912
base,replay_base_2023-11-30,2023-11-30,2024-05-23,120,QQQ,0.16757063254566085
base,replay_base_2023-11-30,2023-11-30,2024-05-23,120,SOXX,0.37212967566403743
base,replay_base_2023-11-30,2023-11-30,2024-05-23,120,XLI,0.1517752285021451
base,replay_base_2023-11-30,2023-11-30,2024-05-23,120,XLU,0.12464771460423651
base,replay_base_2023-12-29,2023-12-29,2024-01-30,20,QQQ,0.04500630883730106
base,replay_base_2023-12-29,2023-12-29,2024-01-30,20,SOXX,0.04796452798191064
base,replay_base_2023-12-29,2023-12-29,2024-01-30,20,XLI,0.004897987998588096
base,replay_base_2023-12-29,2023-12-29,2024-01-30,20,XLU,-0.02723186569528035
base,replay_base_2023-12-29,2023-12-29,2024-03-27,60,QQQ,0.09348085169303577
base,replay_base_2023-12-29,2023-12-29,2024-03-27,60,SOXX,0.1928557094403619
base,replay_base_2023-12-29,2023-12-29,2024-03-27,60,XLI,0.10836604306388986
base,replay_base_2023-12-29,2023-12-29,2024-03-27,60,XLU,0.029388343363953132
base,replay_base_2023-12-29,2023-12-29,2024-06-24,120,QQQ,0.1651945882005027
base,replay_base_2023-12-29,2023-12-29,2024-06-24,120,SOXX,0.2832139626907858
base,replay_base_2023-12-29,2023-12-29,2024-06-24,120,XLI,0.08317190257677376
base,replay_base_2023-12-29,2023-12-29,2024-06-24,120,XLU,0.10168799493189729
base,replay_base_2023-12-29,2023-12-29,2024-01-30,20,QQQ,0.04500630883730106
base,replay_base_2023-12-29,2023-12-29,2024-01-30,20,SOXX,0.04796452798191064
base,replay_base_2023-12-29,2023-12-29,2024-01-30,20,XLI,0.004897987998588096
base,replay_base_2023-12-29,2023-12-29,2024-01-30,20,XLU,-0.02723186569528035
base,replay_base_2023-12-29,2023-12-29,2024-03-27,60,QQQ,0.09348085169303577
base,replay_base_2023-12-29,2023-12-29,2024-03-27,60,SOXX,0.1928557094403619
base,replay_base_2023-12-29,2023-12-29,2024-03-27,60,XLI,0.10836604306388986
base,replay_base_2023-12-29,2023-12-29,2024-03-27,60,XLU,0.029388343363953132
base,replay_base_2023-12-29,2023-12-29,2024-06-24,120,QQQ,0.1651945882005027
base,replay_base_2023-12-29,2023-12-29,2024-06-24,120,SOXX,0.2832139626907858
base,replay_base_2023-12-29,2023-12-29,2024-06-24,120,XLI,0.08317190257677376
base,replay_base_2023-12-29,2023-12-29,2024-06-24,120,XLU,0.10168799493189729
base,replay_base_2023-12-29,2023-12-29,2024-01-30,20,QQQ,0.04500630883730106
base,replay_base_2023-12-29,2023-12-29,2024-01-30,20,SOXX,0.04796452798191064
base,replay_base_2023-12-29,2023-12-29,2024-01-30,20,XLI,0.004897987998588096
base,replay_base_2023-12-29,2023-12-29,2024-01-30,20,XLU,-0.02723186569528035
base,replay_base_2023-12-29,2023-12-29,2024-03-27,60,QQQ,0.09348085169303577
base,replay_base_2023-12-29,2023-12-29,2024-03-27,60,SOXX,0.1928557094403619
base,replay_base_2023-12-29,2023-12-29,2024-03-27,60,XLI,0.10836604306388986
base,replay_base_2023-12-29,2023-12-29,2024-03-27,60,XLU,0.029388343363953132
base,replay_base_2023-12-29,2023-12-29,2024-06-24,120,QQQ,0.1651945882005027
base,replay_base_2023-12-29,2023-12-29,2024-06-24,120,SOXX,0.2832139626907858
base,replay_base_2023-12-29,2023-12-29,2024-06-24,120,XLI,0.08317190257677376
base,replay_base_2023-12-29,2023-12-29,2024-06-24,120,XLU,0.10168799493189729
base,replay_base_2023-12-29,2023-12-29,2024-01-30,20,QQQ,0.04500630883730106
base,replay_base_2023-12-29,2023-12-29,2024-01-30,20,SOXX,0.04796452798191064
base,replay_base_2023-12-29,2023-12-29,2024-01-30,20,XLI,0.004897987998588096
base,replay_base_2023-12-29,2023-12-29,2024-01-30,20,XLU,-0.02723186569528035
base,replay_base_2023-12-29,2023-12-29,2024-03-27,60,QQQ,0.09348085169303577
base,replay_base_2023-12-29,2023-12-29,2024-03-27,60,SOXX,0.1928557094403619
base,replay_base_2023-12-29,2023-12-29,2024-03-27,60,XLI,0.10836604306388986
base,replay_base_2023-12-29,2023-12-29,2024-03-27,60,XLU,0.029388343363953132
base,replay_base_2023-12-29,2023-12-29,2024-06-24,120,QQQ,0.1651945882005027
base,replay_base_2023-12-29,2023-12-29,2024-06-24,120,SOXX,0.2832139626907858
base,replay_base_2023-12-29,2023-12-29,2024-06-24,120,XLI,0.08317190257677376
base,replay_base_2023-12-29,2023-12-29,2024-06-24,120,XLU,0.10168799493189729
base,replay_base_2024-01-31,2024-01-31,2024-02-29,20,QQQ,0.04569602598395106
base,replay_base_2024-01-31,2024-01-31,2024-02-29,20,SOXX,0.10547163651203906
base,replay_base_2024-01-31,2024-01-31,2024-02-29,20,XLI,0.062223131766569906
base,replay_base_2024-01-31,2024-01-31,2024-02-29,20,XLU,0.012941792020928825
base,replay_base_2024-01-31,2024-01-31,2024-04-26,60,QQQ,0.02653047382499041
base,replay_base_2024-01-31,2024-01-31,2024-04-26,60,SOXX,0.10350761801115482
base,replay_base_2024-01-31,2024-01-31,2024-04-26,60,XLI,0.07648243992606296
base,replay_base_2024-01-31,2024-01-31,2024-04-26,60,XLU,0.07916154349247895
base,replay_base_2024-01-31,2024-01-31,2024-07-24,120,QQQ,0.10358674054260597
base,replay_base_2024-01-31,2024-01-31,2024-07-24,120,SOXX,0.1683712420078901
base,replay_base_2024-01-31,2024-01-31,2024-07-24,120,XLI,0.08132356306663147
base,replay_base_2024-01-31,2024-01-31,2024-07-24,120,XLU,0.15936102027468946
base,replay_base_2024-01-31,2024-01-31,2024-02-29,20,QQQ,0.04569602598395106
base,replay_base_2024-01-31,2024-01-31,2024-02-29,20,SOXX,0.10547163651203906
base,replay_base_2024-01-31,2024-01-31,2024-02-29,20,XLI,0.062223131766569906
base,replay_base_2024-01-31,2024-01-31,2024-02-29,20,XLU,0.012941792020928825
base,replay_base_2024-01-31,2024-01-31,2024-04-26,60,QQQ,0.02653047382499041
base,replay_base_2024-01-31,2024-01-31,2024-04-26,60,SOXX,0.10350761801115482
base,replay_base_2024-01-31,2024-01-31,2024-04-26,60,XLI,0.07648243992606296
base,replay_base_2024-01-31,2024-01-31,2024-04-26,60,XLU,0.07916154349247895
base,replay_base_2024-01-31,2024-01-31,2024-07-24,120,QQQ,0.10358674054260597
base,replay_base_2024-01-31,2024-01-31,2024-07-24,120,SOXX,0.1683712420078901
base,replay_base_2024-01-31,2024-01-31,2024-07-24,120,XLI,0.08132356306663147
base,replay_base_2024-01-31,2024-01-31,2024-07-24,120,XLU,0.15936102027468946
base,replay_base_2024-01-31,2024-01-31,2024-02-29,20,QQQ,0.04569602598395106
base,replay_base_2024-01-31,2024-01-31,2024-02-29,20,SOXX,0.10547163651203906
base,replay_base_2024-01-31,2024-01-31,2024-02-29,20,XLI,0.062223131766569906
base,replay_base_2024-01-31,2024-01-31,2024-02-29,20,XLU,0.012941792020928825
base,replay_base_2024-01-31,2024-01-31,2024-04-26,60,QQQ,0.02653047382499041
base,replay_base_2024-01-31,2024-01-31,2024-04-26,60,SOXX,0.10350761801115482
base,replay_base_2024-01-31,2024-01-31,2024-04-26,60,XLI,0.07648243992606296
base,replay_base_2024-01-31,2024-01-31,2024-04-26,60,XLU,0.07916154349247895
base,replay_base_2024-01-31,2024-01-31,2024-07-24,120,QQQ,0.10358674054260597
base,replay_base_2024-01-31,2024-01-31,2024-07-24,120,SOXX,0.1683712420078901
base,replay_base_2024-01-31,2024-01-31,2024-07-24,120,XLI,0.08132356306663147
base,replay_base_2024-01-31,2024-01-31,2024-07-24,120,XLU,0.15936102027468946
base,replay_base_2024-01-31,2024-01-31,2024-02-29,20,QQQ,0.04569602598395106
base,replay_base_2024-01-31,2024-01-31,2024-02-29,20,SOXX,0.10547163651203906
base,replay_base_2024-01-31,2024-01-31,2024-02-29,20,XLI,0.062223131766569906
base,replay_base_2024-01-31,2024-01-31,2024-02-29,20,XLU,0.012941792020928825
base,replay_base_2024-01-31,2024-01-31,2024-04-26,60,QQQ,0.02653047382499041
base,replay_base_2024-01-31,2024-01-31,2024-04-26,60,SOXX,0.10350761801115482
base,replay_base_2024-01-31,2024-01-31,2024-04-26,60,XLI,0.07648243992606296
base,replay_base_2024-01-31,2024-01-31,2024-04-26,60,XLU,0.07916154349247895
base,replay_base_2024-01-31,2024-01-31,2024-07-24,120,QQQ,0.10358674054260597
base,replay_base_2024-01-31,2024-01-31,2024-07-24,120,SOXX,0.1683712420078901
base,replay_base_2024-01-31,2024-01-31,2024-07-24,120,XLI,0.08132356306663147
base,replay_base_2024-01-31,2024-01-31,2024-07-24,120,XLU,0.15936102027468946
base,replay_base_2024-02-29,2024-02-29,2024-03-28,20,QQQ,0.0066626045834848905
base,replay_base_2024-02-29,2024-02-29,2024-03-28,20,SOXX,0.023830377444292842
base,replay_base_2024-02-29,2024-02-29,2024-03-28,20,XLI,0.039194092827004146
base,replay_base_2024-02-29,2024-02-29,2024-03-28,20,XLU,0.058929016088608566
base,replay_base_2024-02-29,2024-02-29,2024-05-24,60,QQQ,0.03824226991633328
base,replay_base_2024-02-29,2024-02-29,2024-05-24,60,SOXX,0.08172032742155533
base,replay_base_2024-02-29,2024-02-29,2024-05-24,60,XLI,0.026701332009596904
base,replay_base_2024-02-29,2024-02-29,2024-05-24,60,XLU,0.15311609669334636
base,replay_base_2024-02-29,2024-02-29,2024-08-21,120,QQQ,0.09410349217897418
base,replay_base_2024-02-29,2024-02-29,2024-08-21,120,SOXX,0.06766848567530681
base,replay_base_2024-02-29,2024-02-29,2024-08-21,120,XLI,0.05747819971870605
base,replay_base_2024-02-29,2024-02-29,2024-08-21,120,XLU,0.21488341822297674
base,replay_base_2024-02-29,2024-02-29,2024-03-28,20,QQQ,0.0066626045834848905
base,replay_base_2024-02-29,2024-02-29,2024-03-28,20,SOXX,0.023830377444292842
base,replay_base_2024-02-29,2024-02-29,2024-03-28,20,XLI,0.039194092827004146
base,replay_base_2024-02-29,2024-02-29,2024-03-28,20,XLU,0.058929016088608566
base,replay_base_2024-02-29,2024-02-29,2024-05-24,60,QQQ,0.03824226991633328
base,replay_base_2024-02-29,2024-02-29,2024-05-24,60,SOXX,0.08172032742155533
base,replay_base_2024-02-29,2024-02-29,2024-05-24,60,XLI,0.026701332009596904
base,replay_base_2024-02-29,2024-02-29,2024-05-24,60,XLU,0.15311609669334636
base,replay_base_2024-02-29,2024-02-29,2024-08-21,120,QQQ,0.09410349217897418
base,replay_base_2024-02-29,2024-02-29,2024-08-21,120,SOXX,0.06766848567530681
base,replay_base_2024-02-29,2024-02-29,2024-08-21,120,XLI,0.05747819971870605
base,replay_base_2024-02-29,2024-02-29,2024-08-21,120,XLU,0.21488341822297674
base,replay_base_2024-02-29,2024-02-29,2024-03-28,20,QQQ,0.0066626045834848905
base,replay_base_2024-02-29,2024-02-29,2024-03-28,20,SOXX,0.023830377444292842
base,replay_base_2024-02-29,2024-02-29,2024-03-28,20,XLI,0.039194092827004146
base,replay_base_2024-02-29,2024-02-29,2024-03-28,20,XLU,0.058929016088608566
base,replay_base_2024-02-29,2024-02-29,2024-05-24,60,QQQ,0.03824226991633328
base,replay_base_2024-02-29,2024-02-29,2024-05-24,60,SOXX,0.08172032742155533
base,replay_base_2024-02-29,2024-02-29,2024-05-24,60,XLI,0.026701332009596904
base,replay_base_2024-02-29,2024-02-29,2024-05-24,60,XLU,0.15311609669334636
base,replay_base_2024-02-29,2024-02-29,2024-08-21,120,QQQ,0.09410349217897418
base,replay_base_2024-02-29,2024-02-29,2024-08-21,120,SOXX,0.06766848567530681
base,replay_base_2024-02-29,2024-02-29,2024-08-21,120,XLI,0.05747819971870605
base,replay_base_2024-02-29,2024-02-29,2024-08-21,120,XLU,0.21488341822297674
base,replay_base_2024-02-29,2024-02-29,2024-03-28,20,QQQ,0.0066626045834848905
base,replay_base_2024-02-29,2024-02-29,2024-03-28,20,SOXX,0.023830377444292842
base,replay_base_2024-02-29,2024-02-29,2024-03-28,20,XLI,0.039194092827004146
base,replay_base_2024-02-29,2024-02-29,2024-03-28,20,XLU,0.058929016088608566
base,replay_base_2024-02-29,2024-02-29,2024-05-24,60,QQQ,0.03824226991633328
base,replay_base_2024-02-29,2024-02-29,2024-05-24,60,SOXX,0.08172032742155533
base,replay_base_2024-02-29,2024-02-29,2024-05-24,60,XLI,0.026701332009596904
base,replay_base_2024-02-29,2024-02-29,2024-05-24,60,XLU,0.15311609669334636
base,replay_base_2024-02-29,2024-02-29,2024-08-21,120,QQQ,0.09410349217897418
base,replay_base_2024-02-29,2024-02-29,2024-08-21,120,SOXX,0.06766848567530681
base,replay_base_2024-02-29,2024-02-29,2024-08-21,120,XLI,0.05747819971870605
base,replay_base_2024-02-29,2024-02-29,2024-08-21,120,XLU,0.21488341822297674
base,replay_base_2024-03-29,2024-03-29,2024-04-26,20,QQQ,-0.034204350855113974
base,replay_base_2024-03-29,2024-03-29,2024-04-26,20,SOXX,-0.04582688319138617
base,replay_base_2024-03-29,2024-03-29,2024-04-26,20,XLI,-0.029782525889775032
base,replay_base_2024-03-29,2024-03-29,2024-04-26,20,XLU,0.005917682926829373
base,replay_base_2024-03-29,2024-03-29,2024-06-25,60,QQQ,0.0744434231521226
base,replay_base_2024-03-29,2024-03-29,2024-06-25,60,SOXX,0.08463955694806058
base,replay_base_2024-03-29,2024-03-29,2024-06-25,60,XLI,-0.034623219458001064
base,replay_base_2024-03-29,2024-03-29,2024-06-25,60,XLU,0.049820121951219654
base,replay_base_2024-03-29,2024-03-29,2024-09-19,120,QQQ,0.08318558554509281
base,replay_base_2024-03-29,2024-03-29,2024-09-19,120,SOXX,-0.0010142094347117521
base,replay_base_2024-03-29,2024-03-29,2024-09-19,120,XLI,0.061238384319327266
base,replay_base_2024-03-29,2024-03-29,2024-09-19,120,XLU,0.18617682926829293
base,replay_base_2024-03-29,2024-03-29,2024-04-26,20,QQQ,-0.034204350855113974
base,replay_base_2024-03-29,2024-03-29,2024-04-26,20,SOXX,-0.04582688319138617
base,replay_base_2024-03-29,2024-03-29,2024-04-26,20,XLI,-0.029782525889775032
base,replay_base_2024-03-29,2024-03-29,2024-04-26,20,XLU,0.005917682926829373
base,replay_base_2024-03-29,2024-03-29,2024-06-25,60,QQQ,0.0744434231521226
base,replay_base_2024-03-29,2024-03-29,2024-06-25,60,SOXX,0.08463955694806058
base,replay_base_2024-03-29,2024-03-29,2024-06-25,60,XLI,-0.034623219458001064
base,replay_base_2024-03-29,2024-03-29,2024-06-25,60,XLU,0.049820121951219654
base,replay_base_2024-03-29,2024-03-29,2024-09-19,120,QQQ,0.08318558554509281
base,replay_base_2024-03-29,2024-03-29,2024-09-19,120,SOXX,-0.0010142094347117521
base,replay_base_2024-03-29,2024-03-29,2024-09-19,120,XLI,0.061238384319327266
base,replay_base_2024-03-29,2024-03-29,2024-09-19,120,XLU,0.18617682926829293
base,replay_base_2024-03-29,2024-03-29,2024-04-26,20,QQQ,-0.034204350855113974
base,replay_base_2024-03-29,2024-03-29,2024-04-26,20,SOXX,-0.04582688319138617
base,replay_base_2024-03-29,2024-03-29,2024-04-26,20,XLI,-0.029782525889775032
base,replay_base_2024-03-29,2024-03-29,2024-04-26,20,XLU,0.005917682926829373
base,replay_base_2024-03-29,2024-03-29,2024-06-25,60,QQQ,0.0744434231521226
base,replay_base_2024-03-29,2024-03-29,2024-06-25,60,SOXX,0.08463955694806058
base,replay_base_2024-03-29,2024-03-29,2024-06-25,60,XLI,-0.034623219458001064
base,replay_base_2024-03-29,2024-03-29,2024-06-25,60,XLU,0.049820121951219654
base,replay_base_2024-03-29,2024-03-29,2024-09-19,120,QQQ,0.08318558554509281
base,replay_base_2024-03-29,2024-03-29,2024-09-19,120,SOXX,-0.0010142094347117521
base,replay_base_2024-03-29,2024-03-29,2024-09-19,120,XLI,0.061238384319327266
base,replay_base_2024-03-29,2024-03-29,2024-09-19,120,XLU,0.18617682926829293
base,replay_base_2024-03-29,2024-03-29,2024-04-26,20,QQQ,-0.034204350855113974
base,replay_base_2024-03-29,2024-03-29,2024-04-26,20,SOXX,-0.04582688319138617
base,replay_base_2024-03-29,2024-03-29,2024-04-26,20,XLI,-0.029782525889775032
base,replay_base_2024-03-29,2024-03-29,2024-04-26,20,XLU,0.005917682926829373
base,replay_base_2024-03-29,2024-03-29,2024-06-25,60,QQQ,0.0744434231521226
base,replay_base_2024-03-29,2024-03-29,2024-06-25,60,SOXX,0.08463955694806058
base,replay_base_2024-03-29,2024-03-29,2024-06-25,60,XLI,-0.034623219458001064
base,replay_base_2024-03-29,2024-03-29,2024-06-25,60,XLU,0.049820121951219654
base,replay_base_2024-03-29,2024-03-29,2024-09-19,120,QQQ,0.08318558554509281
base,replay_base_2024-03-29,2024-03-29,2024-09-19,120,SOXX,-0.0010142094347117521
base,replay_base_2024-03-29,2024-03-29,2024-09-19,120,XLI,0.061238384319327266
base,replay_base_2024-03-29,2024-03-29,2024-09-19,120,XLU,0.18617682926829293
base,replay_base_2024-04-30,2024-04-30,2024-05-29,20,QQQ,0.07632567267224666
base,replay_base_2024-04-30,2024-04-30,2024-05-29,20,SOXX,0.12744513778074162
base,replay_base_2024-04-30,2024-04-30,2024-05-29,20,XLI,-0.005141503994728566
base,replay_base_2024-04-30,2024-04-30,2024-05-29,20,XLU,0.055245139983487346
base,replay_base_2024-04-30,2024-04-30,2024-07-26,60,QQQ,0.09188343500260088
base,replay_base_2024-04-30,2024-04-30,2024-07-26,60,SOXX,0.08943337223426295
base,replay_base_2024-04-30,2024-04-30,2024-07-26,60,XLI,0.037523844823325825
base,replay_base_2024-04-30,2024-04-30,2024-07-26,60,XLU,0.06545305111461397
base,replay_base_2024-04-30,2024-04-30,2024-10-21,120,QQQ,0.16841911382229158
base,replay_base_2024-04-30,2024-04-30,2024-10-21,120,SOXX,0.08771855574344423
base,replay_base_2024-04-30,2024-04-30,2024-10-21,120,XLI,0.1401513054937814
base,replay_base_2024-04-30,2024-04-30,2024-10-21,120,XLU,0.22269991743601303
base,replay_base_2024-04-30,2024-04-30,2024-05-29,20,QQQ,0.07632567267224666
base,replay_base_2024-04-30,2024-04-30,2024-05-29,20,SOXX,0.12744513778074162
base,replay_base_2024-04-30,2024-04-30,2024-05-29,20,XLI,-0.005141503994728566
base,replay_base_2024-04-30,2024-04-30,2024-05-29,20,XLU,0.055245139983487346
base,replay_base_2024-04-30,2024-04-30,2024-07-26,60,QQQ,0.09188343500260088
base,replay_base_2024-04-30,2024-04-30,2024-07-26,60,SOXX,0.08943337223426295
base,replay_base_2024-04-30,2024-04-30,2024-07-26,60,XLI,0.037523844823325825
base,replay_base_2024-04-30,2024-04-30,2024-07-26,60,XLU,0.06545305111461397
base,replay_base_2024-04-30,2024-04-30,2024-10-21,120,QQQ,0.16841911382229158
base,replay_base_2024-04-30,2024-04-30,2024-10-21,120,SOXX,0.08771855574344423
base,replay_base_2024-04-30,2024-04-30,2024-10-21,120,XLI,0.1401513054937814
base,replay_base_2024-04-30,2024-04-30,2024-10-21,120,XLU,0.22269991743601303
base,replay_base_2024-04-30,2024-04-30,2024-05-29,20,QQQ,0.07632567267224666
base,replay_base_2024-04-30,2024-04-30,2024-05-29,20,SOXX,0.12744513778074162
base,replay_base_2024-04-30,2024-04-30,2024-05-29,20,XLI,-0.005141503994728566
base,replay_base_2024-04-30,2024-04-30,2024-05-29,20,XLU,0.055245139983487346
base,replay_base_2024-04-30,2024-04-30,2024-07-26,60,QQQ,0.09188343500260088
base,replay_base_2024-04-30,2024-04-30,2024-07-26,60,SOXX,0.08943337223426295
base,replay_base_2024-04-30,2024-04-30,2024-07-26,60,XLI,0.037523844823325825
base,replay_base_2024-04-30,2024-04-30,2024-07-26,60,XLU,0.06545305111461397
base,replay_base_2024-04-30,2024-04-30,2024-10-21,120,QQQ,0.16841911382229158
base,replay_base_2024-04-30,2024-04-30,2024-10-21,120,SOXX,0.08771855574344423
base,replay_base_2024-04-30,2024-04-30,2024-10-21,120,XLI,0.1401513054937814
base,replay_base_2024-04-30,2024-04-30,2024-10-21,120,XLU,0.22269991743601303
base,replay_base_2024-04-30,2024-04-30,2024-05-29,20,QQQ,0.07632567267224666
base,replay_base_2024-04-30,2024-04-30,2024-05-29,20,SOXX,0.12744513778074162
base,replay_base_2024-04-30,2024-04-30,2024-05-29,20,XLI,-0.005141503994728566
base,replay_base_2024-04-30,2024-04-30,2024-05-29,20,XLU,0.055245139983487346
base,replay_base_2024-04-30,2024-04-30,2024-07-26,60,QQQ,0.09188343500260088
base,replay_base_2024-04-30,2024-04-30,2024-07-26,60,SOXX,0.08943337223426295
base,replay_base_2024-04-30,2024-04-30,2024-07-26,60,XLI,0.037523844823325825
base,replay_base_2024-04-30,2024-04-30,2024-07-26,60,XLU,0.06545305111461397
base,replay_base_2024-04-30,2024-04-30,2024-10-21,120,QQQ,0.16841911382229158
base,replay_base_2024-04-30,2024-04-30,2024-10-21,120,SOXX,0.08771855574344423
base,replay_base_2024-04-30,2024-04-30,2024-10-21,120,XLI,0.1401513054937814
base,replay_base_2024-04-30,2024-04-30,2024-10-21,120,XLU,0.22269991743601303
base,replay_base_2024-05-31,2024-05-31,2024-07-01,20,QQQ,0.05692830595324494
base,replay_base_2024-05-31,2024-05-31,2024-07-01,20,SOXX,0.03464616808277954
base,replay_base_2024-05-31,2024-05-31,2024-07-01,20,XLI,-0.029253079688194236
base,replay_base_2024-05-31,2024-05-31,2024-07-01,20,XLU,-0.07017651922281931
base,replay_base_2024-05-31,2024-05-31,2024-08-27,60,QQQ,0.04575635020122715
base,replay_base_2024-05-31,2024-05-31,2024-08-27,60,SOXX,-0.03555657440901827
base,replay_base_2024-05-31,2024-05-31,2024-08-27,60,XLI,0.040580112282402214
base,replay_base_2024-05-31,2024-05-31,2024-08-27,60,XLU,0.03503224472922695
base,replay_base_2024-05-31,2024-05-31,2024-11-20,120,QQQ,0.10337549207187002
base,replay_base_2024-05-31,2024-05-31,2024-11-20,120,SOXX,-0.1087878354504922
base,replay_base_2024-05-31,2024-05-31,2024-11-20,120,XLI,0.11933935134698481
base,replay_base_2024-05-31,2024-05-31,2024-11-20,120,XLU,0.10627380460245284
base,replay_base_2024-05-31,2024-05-31,2024-07-01,20,QQQ,0.05692830595324494
base,replay_base_2024-05-31,2024-05-31,2024-07-01,20,SOXX,0.03464616808277954
base,replay_base_2024-05-31,2024-05-31,2024-07-01,20,XLI,-0.029253079688194236
base,replay_base_2024-05-31,2024-05-31,2024-07-01,20,XLU,-0.07017651922281931
base,replay_base_2024-05-31,2024-05-31,2024-08-27,60,QQQ,0.04575635020122715
base,replay_base_2024-05-31,2024-05-31,2024-08-27,60,SOXX,-0.03555657440901827
base,replay_base_2024-05-31,2024-05-31,2024-08-27,60,XLI,0.040580112282402214
base,replay_base_2024-05-31,2024-05-31,2024-08-27,60,XLU,0.03503224472922695
base,replay_base_2024-05-31,2024-05-31,2024-11-20,120,QQQ,0.10337549207187002
base,replay_base_2024-05-31,2024-05-31,2024-11-20,120,SOXX,-0.1087878354504922
base,replay_base_2024-05-31,2024-05-31,2024-11-20,120,XLI,0.11933935134698481
base,replay_base_2024-05-31,2024-05-31,2024-11-20,120,XLU,0.10627380460245284
base,replay_base_2024-05-31,2024-05-31,2024-07-01,20,QQQ,0.05692830595324494
base,replay_base_2024-05-31,2024-05-31,2024-07-01,20,SOXX,0.03464616808277954
base,replay_base_2024-05-31,2024-05-31,2024-07-01,20,XLI,-0.029253079688194236
base,replay_base_2024-05-31,2024-05-31,2024-07-01,20,XLU,-0.07017651922281931
base,replay_base_2024-05-31,2024-05-31,2024-08-27,60,QQQ,0.04575635020122715
base,replay_base_2024-05-31,2024-05-31,2024-08-27,60,SOXX,-0.03555657440901827
base,replay_base_2024-05-31,2024-05-31,2024-08-27,60,XLI,0.040580112282402214
base,replay_base_2024-05-31,2024-05-31,2024-08-27,60,XLU,0.03503224472922695
base,replay_base_2024-05-31,2024-05-31,2024-11-20,120,QQQ,0.10337549207187002
base,replay_base_2024-05-31,2024-05-31,2024-11-20,120,SOXX,-0.1087878354504922
base,replay_base_2024-05-31,2024-05-31,2024-11-20,120,XLI,0.11933935134698481
base,replay_base_2024-05-31,2024-05-31,2024-11-20,120,XLU,0.10627380460245284
base,replay_base_2024-05-31,2024-05-31,2024-07-01,20,QQQ,0.05692830595324494
base,replay_base_2024-05-31,2024-05-31,2024-07-01,20,SOXX,0.03464616808277954
base,replay_base_2024-05-31,2024-05-31,2024-07-01,20,XLI,-0.029253079688194236
base,replay_base_2024-05-31,2024-05-31,2024-07-01,20,XLU,-0.07017651922281931
base,replay_base_2024-05-31,2024-05-31,2024-08-27,60,QQQ,0.04575635020122715
base,replay_base_2024-05-31,2024-05-31,2024-08-27,60,SOXX,-0.03555657440901827
base,replay_base_2024-05-31,2024-05-31,2024-08-27,60,XLI,0.040580112282402214
base,replay_base_2024-05-31,2024-05-31,2024-08-27,60,XLU,0.03503224472922695
base,replay_base_2024-05-31,2024-05-31,2024-11-20,120,QQQ,0.10337549207187002
base,replay_base_2024-05-31,2024-05-31,2024-11-20,120,SOXX,-0.1087878354504922
base,replay_base_2024-05-31,2024-05-31,2024-11-20,120,XLI,0.11933935134698481
base,replay_base_2024-05-31,2024-05-31,2024-11-20,120,XLU,0.10627380460245284
base,replay_base_2024-06-28,2024-06-28,2024-07-29,20,QQQ,-0.036238861334555894
base,replay_base_2024-06-28,2024-06-28,2024-07-29,20,SOXX,-0.07430392435371935
base,replay_base_2024-06-28,2024-06-28,2024-07-29,20,XLI,0.02773150796894164
base,replay_base_2024-06-28,2024-06-28,2024-07-29,20,XLU,0.03709313832496541
base,replay_base_2024-06-28,2024-06-28,2024-09-24,60,QQQ,0.0087117492602008
base,replay_base_2024-06-28,2024-06-28,2024-09-24,60,SOXX,-0.0806754190170853
base,replay_base_2024-06-28,2024-06-28,2024-09-24,60,XLI,0.09728606456885991
base,replay_base_2024-06-28,2024-06-28,2024-09-24,60,XLU,0.15773637488175807
base,replay_base_2024-06-28,2024-06-28,2024-12-18,120,QQQ,0.07356399783270129
base,replay_base_2024-06-28,2024-06-28,2024-12-18,120,SOXX,-0.12844133760805165
base,replay_base_2024-06-28,2024-06-28,2024-12-18,120,XLI,0.07889619942787085
base,replay_base_2024-06-28,2024-06-28,2024-12-18,120,XLU,0.0865728734628538
base,replay_base_2024-06-28,2024-06-28,2024-07-29,20,QQQ,-0.036238861334555894
base,replay_base_2024-06-28,2024-06-28,2024-07-29,20,SOXX,-0.07430392435371935
base,replay_base_2024-06-28,2024-06-28,2024-07-29,20,XLI,0.02773150796894164
base,replay_base_2024-06-28,2024-06-28,2024-07-29,20,XLU,0.03709313832496541
base,replay_base_2024-06-28,2024-06-28,2024-09-24,60,QQQ,0.0087117492602008
base,replay_base_2024-06-28,2024-06-28,2024-09-24,60,SOXX,-0.0806754190170853
base,replay_base_2024-06-28,2024-06-28,2024-09-24,60,XLI,0.09728606456885991
base,replay_base_2024-06-28,2024-06-28,2024-09-24,60,XLU,0.15773637488175807
base,replay_base_2024-06-28,2024-06-28,2024-12-18,120,QQQ,0.07356399783270129
base,replay_base_2024-06-28,2024-06-28,2024-12-18,120,SOXX,-0.12844133760805165
base,replay_base_2024-06-28,2024-06-28,2024-12-18,120,XLI,0.07889619942787085
base,replay_base_2024-06-28,2024-06-28,2024-12-18,120,XLU,0.0865728734628538
base,replay_base_2024-06-28,2024-06-28,2024-07-29,20,QQQ,-0.036238861334555894
base,replay_base_2024-06-28,2024-06-28,2024-07-29,20,SOXX,-0.07430392435371935
base,replay_base_2024-06-28,2024-06-28,2024-07-29,20,XLI,0.02773150796894164
base,replay_base_2024-06-28,2024-06-28,2024-07-29,20,XLU,0.03709313832496541
base,replay_base_2024-06-28,2024-06-28,2024-09-24,60,QQQ,0.0087117492602008
base,replay_base_2024-06-28,2024-06-28,2024-09-24,60,SOXX,-0.0806754190170853
base,replay_base_2024-06-28,2024-06-28,2024-09-24,60,XLI,0.09728606456885991
base,replay_base_2024-06-28,2024-06-28,2024-09-24,60,XLU,0.15773637488175807
base,replay_base_2024-06-28,2024-06-28,2024-12-18,120,QQQ,0.07356399783270129
base,replay_base_2024-06-28,2024-06-28,2024-12-18,120,SOXX,-0.12844133760805165
base,replay_base_2024-06-28,2024-06-28,2024-12-18,120,XLI,0.07889619942787085
base,replay_base_2024-06-28,2024-06-28,2024-12-18,120,XLU,0.0865728734628538
base,replay_base_2024-06-28,2024-06-28,2024-07-29,20,QQQ,-0.036238861334555894
base,replay_base_2024-06-28,2024-06-28,2024-07-29,20,SOXX,-0.07430392435371935
base,replay_base_2024-06-28,2024-06-28,2024-07-29,20,XLI,0.02773150796894164
base,replay_base_2024-06-28,2024-06-28,2024-07-29,20,XLU,0.03709313832496541
base,replay_base_2024-06-28,2024-06-28,2024-09-24,60,QQQ,0.0087117492602008
base,replay_base_2024-06-28,2024-06-28,2024-09-24,60,SOXX,-0.0806754190170853
base,replay_base_2024-06-28,2024-06-28,2024-09-24,60,XLI,0.09728606456885991
base,replay_base_2024-06-28,2024-06-28,2024-09-24,60,XLU,0.15773637488175807
base,replay_base_2024-06-28,2024-06-28,2024-12-18,120,QQQ,0.07356399783270129
base,replay_base_2024-06-28,2024-06-28,2024-12-18,120,SOXX,-0.12844133760805165
base,replay_base_2024-06-28,2024-06-28,2024-12-18,120,XLI,0.07889619942787085
base,replay_base_2024-06-28,2024-06-28,2024-12-18,120,XLU,0.0865728734628538
base,replay_base_2024-07-31,2024-07-31,2024-08-28,20,QQQ,-0.004102255384093587
base,replay_base_2024-07-31,2024-07-31,2024-08-28,20,SOXX,-0.0234992632400105
base,replay_base_2024-07-31,2024-07-31,2024-08-28,20,XLI,0.009862745098039197
base,replay_base_2024-07-31,2024-07-31,2024-08-28,20,XLU,0.030621517771373456
base,replay_base_2024-07-31,2024-07-31,2024-10-24,60,QQQ,0.04053908767169745
base,replay_base_2024-07-31,2024-07-31,2024-10-24,60,SOXX,-0.018211926844067024
base,replay_base_2024-07-31,2024-07-31,2024-10-24,60,XLI,0.061705882352941166
base,replay_base_2024-07-31,2024-07-31,2024-10-24,60,XLU,0.11639069575957162
base,replay_base_2024-07-31,2024-07-31,2025-01-23,120,QQQ,0.12595328132948957
base,replay_base_2024-07-31,2024-07-31,2025-01-23,120,SOXX,0.016979197364999424
base,replay_base_2024-07-31,2024-07-31,2025-01-23,120,XLI,0.10782352941176476
base,replay_base_2024-07-31,2024-07-31,2025-01-23,120,XLU,0.07659379717304782
base,replay_base_2024-07-31,2024-07-31,2024-08-28,20,QQQ,-0.004102255384093587
base,replay_base_2024-07-31,2024-07-31,2024-08-28,20,SOXX,-0.0234992632400105
base,replay_base_2024-07-31,2024-07-31,2024-08-28,20,XLI,0.009862745098039197
base,replay_base_2024-07-31,2024-07-31,2024-08-28,20,XLU,0.030621517771373456
base,replay_base_2024-07-31,2024-07-31,2024-10-24,60,QQQ,0.04053908767169745
base,replay_base_2024-07-31,2024-07-31,2024-10-24,60,SOXX,-0.018211926844067024
base,replay_base_2024-07-31,2024-07-31,2024-10-24,60,XLI,0.061705882352941166
base,replay_base_2024-07-31,2024-07-31,2024-10-24,60,XLU,0.11639069575957162
base,replay_base_2024-07-31,2024-07-31,2025-01-23,120,QQQ,0.12595328132948957
base,replay_base_2024-07-31,2024-07-31,2025-01-23,120,SOXX,0.016979197364999424
base,replay_base_2024-07-31,2024-07-31,2025-01-23,120,XLI,0.10782352941176476
base,replay_base_2024-07-31,2024-07-31,2025-01-23,120,XLU,0.07659379717304782
base,replay_base_2024-07-31,2024-07-31,2024-08-28,20,QQQ,-0.004102255384093587
base,replay_base_2024-07-31,2024-07-31,2024-08-28,20,SOXX,-0.0234992632400105
base,replay_base_2024-07-31,2024-07-31,2024-08-28,20,XLI,0.009862745098039197
base,replay_base_2024-07-31,2024-07-31,2024-08-28,20,XLU,0.030621517771373456
base,replay_base_2024-07-31,2024-07-31,2024-10-24,60,QQQ,0.04053908767169745
base,replay_base_2024-07-31,2024-07-31,2024-10-24,60,SOXX,-0.018211926844067024
base,replay_base_2024-07-31,2024-07-31,2024-10-24,60,XLI,0.061705882352941166
base,replay_base_2024-07-31,2024-07-31,2024-10-24,60,XLU,0.11639069575957162
base,replay_base_2024-07-31,2024-07-31,2025-01-23,120,QQQ,0.12595328132948957
base,replay_base_2024-07-31,2024-07-31,2025-01-23,120,SOXX,0.016979197364999424
base,replay_base_2024-07-31,2024-07-31,2025-01-23,120,XLI,0.10782352941176476
base,replay_base_2024-07-31,2024-07-31,2025-01-23,120,XLU,0.07659379717304782
base,replay_base_2024-07-31,2024-07-31,2024-08-28,20,QQQ,-0.004102255384093587
base,replay_base_2024-07-31,2024-07-31,2024-08-28,20,SOXX,-0.0234992632400105
base,replay_base_2024-07-31,2024-07-31,2024-08-28,20,XLI,0.009862745098039197
base,replay_base_2024-07-31,2024-07-31,2024-08-28,20,XLU,0.030621517771373456
base,replay_base_2024-07-31,2024-07-31,2024-10-24,60,QQQ,0.04053908767169745
base,replay_base_2024-07-31,2024-07-31,2024-10-24,60,SOXX,-0.018211926844067024
base,replay_base_2024-07-31,2024-07-31,2024-10-24,60,XLI,0.061705882352941166
base,replay_base_2024-07-31,2024-07-31,2024-10-24,60,XLU,0.11639069575957162
base,replay_base_2024-07-31,2024-07-31,2025-01-23,120,QQQ,0.12595328132948957
base,replay_base_2024-07-31,2024-07-31,2025-01-23,120,SOXX,0.016979197364999424
base,replay_base_2024-07-31,2024-07-31,2025-01-23,120,XLI,0.10782352941176476
base,replay_base_2024-07-31,2024-07-31,2025-01-23,120,XLU,0.07659379717304782
base,replay_base_2024-08-30,2024-08-30,2024-09-30,20,QQQ,0.028127829082225667
base,replay_base_2024-08-30,2024-08-30,2024-09-30,20,SOXX,0.013947656456880456
base,replay_base_2024-08-30,2024-08-30,2024-09-30,20,XLI,0.03216013146831764
base,replay_base_2024-08-30,2024-08-30,2024-09-30,20,XLU,0.05489887346083322
base,replay_base_2024-08-30,2024-08-30,2024-11-25,60,QQQ,0.06753950677289156
base,replay_base_2024-08-30,2024-08-30,2024-11-25,60,SOXX,-0.03883723188277877
base,replay_base_2024-08-30,2024-08-30,2024-11-25,60,XLI,0.09399610181151108
base,replay_base_2024-08-30,2024-08-30,2024-11-25,60,XLU,0.0661642651296831
base,replay_base_2024-08-30,2024-08-30,2025-02-25,120,QQQ,0.08180378690222112
base,replay_base_2024-08-30,2024-08-30,2025-02-25,120,SOXX,-0.05772680730867685
base,replay_base_2024-08-30,2024-08-30,2025-02-25,120,XLI,0.028338378047848226
base,replay_base_2024-08-30,2024-08-30,2025-02-25,120,XLU,0.0378697930311761
base,replay_base_2024-08-30,2024-08-30,2024-09-30,20,QQQ,0.028127829082225667
base,replay_base_2024-08-30,2024-08-30,2024-09-30,20,SOXX,0.013947656456880456
base,replay_base_2024-08-30,2024-08-30,2024-09-30,20,XLI,0.03216013146831764
base,replay_base_2024-08-30,2024-08-30,2024-09-30,20,XLU,0.05489887346083322
base,replay_base_2024-08-30,2024-08-30,2024-11-25,60,QQQ,0.06753950677289156
base,replay_base_2024-08-30,2024-08-30,2024-11-25,60,SOXX,-0.03883723188277877
base,replay_base_2024-08-30,2024-08-30,2024-11-25,60,XLI,0.09399610181151108
base,replay_base_2024-08-30,2024-08-30,2024-11-25,60,XLU,0.0661642651296831
base,replay_base_2024-08-30,2024-08-30,2025-02-25,120,QQQ,0.08180378690222112
base,replay_base_2024-08-30,2024-08-30,2025-02-25,120,SOXX,-0.05772680730867685
base,replay_base_2024-08-30,2024-08-30,2025-02-25,120,XLI,0.028338378047848226
base,replay_base_2024-08-30,2024-08-30,2025-02-25,120,XLU,0.0378697930311761
base,replay_base_2024-08-30,2024-08-30,2024-09-30,20,QQQ,0.028127829082225667
base,replay_base_2024-08-30,2024-08-30,2024-09-30,20,SOXX,0.013947656456880456
base,replay_base_2024-08-30,2024-08-30,2024-09-30,20,XLI,0.03216013146831764
base,replay_base_2024-08-30,2024-08-30,2024-09-30,20,XLU,0.05489887346083322
base,replay_base_2024-08-30,2024-08-30,2024-11-25,60,QQQ,0.06753950677289156
base,replay_base_2024-08-30,2024-08-30,2024-11-25,60,SOXX,-0.03883723188277877
base,replay_base_2024-08-30,2024-08-30,2024-11-25,60,XLI,0.09399610181151108
base,replay_base_2024-08-30,2024-08-30,2024-11-25,60,XLU,0.0661642651296831
base,replay_base_2024-08-30,2024-08-30,2025-02-25,120,QQQ,0.08180378690222112
base,replay_base_2024-08-30,2024-08-30,2025-02-25,120,SOXX,-0.05772680730867685
base,replay_base_2024-08-30,2024-08-30,2025-02-25,120,XLI,0.028338378047848226
base,replay_base_2024-08-30,2024-08-30,2025-02-25,120,XLU,0.0378697930311761
base,replay_base_2024-08-30,2024-08-30,2024-09-30,20,QQQ,0.028127829082225667
base,replay_base_2024-08-30,2024-08-30,2024-09-30,20,SOXX,0.013947656456880456
base,replay_base_2024-08-30,2024-08-30,2024-09-30,20,XLI,0.03216013146831764
base,replay_base_2024-08-30,2024-08-30,2024-09-30,20,XLU,0.05489887346083322
base,replay_base_2024-08-30,2024-08-30,2024-11-25,60,QQQ,0.06753950677289156
base,replay_base_2024-08-30,2024-08-30,2024-11-25,60,SOXX,-0.03883723188277877
base,replay_base_2024-08-30,2024-08-30,2024-11-25,60,XLI,0.09399610181151108
base,replay_base_2024-08-30,2024-08-30,2024-11-25,60,XLU,0.0661642651296831
base,replay_base_2024-08-30,2024-08-30,2025-02-25,120,QQQ,0.08180378690222112
base,replay_base_2024-08-30,2024-08-30,2025-02-25,120,SOXX,-0.05772680730867685
base,replay_base_2024-08-30,2024-08-30,2025-02-25,120,XLI,0.028338378047848226
base,replay_base_2024-08-30,2024-08-30,2025-02-25,120,XLU,0.0378697930311761
base,replay_base_2024-09-30,2024-09-30,2024-10-28,20,QQQ,0.012746739932748222
base,replay_base_2024-09-30,2024-09-30,2024-10-28,20,SOXX,-0.006643303261623876
base,replay_base_2024-09-30,2024-09-30,2024-10-28,20,XLI,-0.00019370799793227717
base,replay_base_2024-09-30,2024-09-30,2024-10-28,20,XLU,0.000530286138981653
base,replay_base_2024-09-30,2024-09-30,2024-12-24,60,QQQ,0.08370958746821933
base,replay_base_2024-09-30,2024-09-30,2024-12-24,60,SOXX,-0.03327411519777923
base,replay_base_2024-09-30,2024-09-30,2024-12-24,60,XLI,-0.012378923270068728
base,replay_base_2024-09-30,2024-09-30,2024-12-24,60,XLU,-0.05576848755109631
base,replay_base_2024-09-30,2024-09-30,2025-03-25,120,QQQ,0.008912572787665
base,replay_base_2024-09-30,2024-09-30,2025-03-25,120,SOXX,-0.1176339347675226
base,replay_base_2024-09-30,2024-09-30,2025-03-25,120,XLI,-0.0097941806365851
base,replay_base_2024-09-30,2024-09-30,2025-03-25,120,XLU,-0.05019435154217766
base,replay_base_2024-09-30,2024-09-30,2024-10-28,20,QQQ,0.012746739932748222
base,replay_base_2024-09-30,2024-09-30,2024-10-28,20,SOXX,-0.006643303261623876
base,replay_base_2024-09-30,2024-09-30,2024-10-28,20,XLI,-0.00019370799793227717
base,replay_base_2024-09-30,2024-09-30,2024-10-28,20,XLU,0.000530286138981653
base,replay_base_2024-09-30,2024-09-30,2024-12-24,60,QQQ,0.08370958746821933
base,replay_base_2024-09-30,2024-09-30,2024-12-24,60,SOXX,-0.03327411519777923
base,replay_base_2024-09-30,2024-09-30,2024-12-24,60,XLI,-0.012378923270068728
base,replay_base_2024-09-30,2024-09-30,2024-12-24,60,XLU,-0.05576848755109631
base,replay_base_2024-09-30,2024-09-30,2025-03-25,120,QQQ,0.008912572787665
base,replay_base_2024-09-30,2024-09-30,2025-03-25,120,SOXX,-0.1176339347675226
base,replay_base_2024-09-30,2024-09-30,2025-03-25,120,XLI,-0.0097941806365851
base,replay_base_2024-09-30,2024-09-30,2025-03-25,120,XLU,-0.05019435154217766
base,replay_base_2024-09-30,2024-09-30,2024-10-28,20,QQQ,0.012746739932748222
base,replay_base_2024-09-30,2024-09-30,2024-10-28,20,SOXX,-0.006643303261623876
base,replay_base_2024-09-30,2024-09-30,2024-10-28,20,XLI,-0.00019370799793227717
base,replay_base_2024-09-30,2024-09-30,2024-10-28,20,XLU,0.000530286138981653
base,replay_base_2024-09-30,2024-09-30,2024-12-24,60,QQQ,0.08370958746821933
base,replay_base_2024-09-30,2024-09-30,2024-12-24,60,SOXX,-0.03327411519777923
base,replay_base_2024-09-30,2024-09-30,2024-12-24,60,XLI,-0.012378923270068728
base,replay_base_2024-09-30,2024-09-30,2024-12-24,60,XLU,-0.05576848755109631
base,replay_base_2024-09-30,2024-09-30,2025-03-25,120,QQQ,0.008912572787665
base,replay_base_2024-09-30,2024-09-30,2025-03-25,120,SOXX,-0.1176339347675226
base,replay_base_2024-09-30,2024-09-30,2025-03-25,120,XLI,-0.0097941806365851
base,replay_base_2024-09-30,2024-09-30,2025-03-25,120,XLU,-0.05019435154217766
base,replay_base_2024-09-30,2024-09-30,2024-10-28,20,QQQ,0.012746739932748222
base,replay_base_2024-09-30,2024-09-30,2024-10-28,20,SOXX,-0.006643303261623876
base,replay_base_2024-09-30,2024-09-30,2024-10-28,20,XLI,-0.00019370799793227717
base,replay_base_2024-09-30,2024-09-30,2024-10-28,20,XLU,0.000530286138981653
base,replay_base_2024-09-30,2024-09-30,2024-12-24,60,QQQ,0.08370958746821933
base,replay_base_2024-09-30,2024-09-30,2024-12-24,60,SOXX,-0.03327411519777923
base,replay_base_2024-09-30,2024-09-30,2024-12-24,60,XLI,-0.012378923270068728
base,replay_base_2024-09-30,2024-09-30,2024-12-24,60,XLU,-0.05576848755109631
base,replay_base_2024-09-30,2024-09-30,2025-03-25,120,QQQ,0.008912572787665
base,replay_base_2024-09-30,2024-09-30,2025-03-25,120,SOXX,-0.1176339347675226
base,replay_base_2024-09-30,2024-09-30,2025-03-25,120,XLI,-0.0097941806365851
base,replay_base_2024-09-30,2024-09-30,2025-03-25,120,XLU,-0.05019435154217766
base,replay_base_2024-10-31,2024-10-31,2024-11-29,20,QQQ,0.0470144193136407
base,replay_base_2024-10-31,2024-10-31,2024-11-29,20,SOXX,-0.023077764387548712
base,replay_base_2024-10-31,2024-10-31,2024-11-29,20,XLI,0.06742463002900279
base,replay_base_2024-10-31,2024-10-31,2024-11-29,20,XLU,0.035837384114257076
base,replay_base_2024-10-31,2024-10-31,2025-01-30,60,QQQ,0.07445231326988833
base,replay_base_2024-10-31,2024-10-31,2025-01-30,60,SOXX,-0.008388935628368063
base,replay_base_2024-10-31,2024-10-31,2025-01-30,60,XLI,0.03329062244366765
base,replay_base_2024-10-31,2024-10-31,2025-01-30,60,XLU,-0.02129115509897261
base,replay_base_2024-10-31,2024-10-31,2025-04-28,120,QQQ,-0.029737527293700713
base,replay_base_2024-10-31,2024-10-31,2025-04-28,120,SOXX,-0.16419056822574418
base,replay_base_2024-10-31,2024-10-31,2025-04-28,120,XLI,-0.04062921097642602
base,replay_base_2024-10-31,2024-10-31,2025-04-28,120,XLU,-0.017031571034828216
base,replay_base_2024-10-31,2024-10-31,2024-11-29,20,QQQ,0.0470144193136407
base,replay_base_2024-10-31,2024-10-31,2024-11-29,20,SOXX,-0.023077764387548712
base,replay_base_2024-10-31,2024-10-31,2024-11-29,20,XLI,0.06742463002900279
base,replay_base_2024-10-31,2024-10-31,2024-11-29,20,XLU,0.035837384114257076
base,replay_base_2024-10-31,2024-10-31,2025-01-30,60,QQQ,0.07445231326988833
base,replay_base_2024-10-31,2024-10-31,2025-01-30,60,SOXX,-0.008388935628368063
base,replay_base_2024-10-31,2024-10-31,2025-01-30,60,XLI,0.03329062244366765
base,replay_base_2024-10-31,2024-10-31,2025-01-30,60,XLU,-0.02129115509897261
base,replay_base_2024-10-31,2024-10-31,2025-04-28,120,QQQ,-0.029737527293700713
base,replay_base_2024-10-31,2024-10-31,2025-04-28,120,SOXX,-0.16419056822574418
base,replay_base_2024-10-31,2024-10-31,2025-04-28,120,XLI,-0.04062921097642602
base,replay_base_2024-10-31,2024-10-31,2025-04-28,120,XLU,-0.017031571034828216
base,replay_base_2024-10-31,2024-10-31,2024-11-29,20,QQQ,0.0470144193136407
base,replay_base_2024-10-31,2024-10-31,2024-11-29,20,SOXX,-0.023077764387548712
base,replay_base_2024-10-31,2024-10-31,2024-11-29,20,XLI,0.06742463002900279
base,replay_base_2024-10-31,2024-10-31,2024-11-29,20,XLU,0.035837384114257076
base,replay_base_2024-10-31,2024-10-31,2025-01-30,60,QQQ,0.07445231326988833
base,replay_base_2024-10-31,2024-10-31,2025-01-30,60,SOXX,-0.008388935628368063
base,replay_base_2024-10-31,2024-10-31,2025-01-30,60,XLI,0.03329062244366765
base,replay_base_2024-10-31,2024-10-31,2025-01-30,60,XLU,-0.02129115509897261
base,replay_base_2024-10-31,2024-10-31,2025-04-28,120,QQQ,-0.029737527293700713
base,replay_base_2024-10-31,2024-10-31,2025-04-28,120,SOXX,-0.16419056822574418
base,replay_base_2024-10-31,2024-10-31,2025-04-28,120,XLI,-0.04062921097642602
base,replay_base_2024-10-31,2024-10-31,2025-04-28,120,XLU,-0.017031571034828216
base,replay_base_2024-10-31,2024-10-31,2024-11-29,20,QQQ,0.0470144193136407
base,replay_base_2024-10-31,2024-10-31,2024-11-29,20,SOXX,-0.023077764387548712
base,replay_base_2024-10-31,2024-10-31,2024-11-29,20,XLI,0.06742463002900279
base,replay_base_2024-10-31,2024-10-31,2024-11-29,20,XLU,0.035837384114257076
base,replay_base_2024-10-31,2024-10-31,2025-01-30,60,QQQ,0.07445231326988833
base,replay_base_2024-10-31,2024-10-31,2025-01-30,60,SOXX,-0.008388935628368063
base,replay_base_2024-10-31,2024-10-31,2025-01-30,60,XLI,0.03329062244366765
base,replay_base_2024-10-31,2024-10-31,2025-01-30,60,XLU,-0.02129115509897261
base,replay_base_2024-10-31,2024-10-31,2025-04-28,120,QQQ,-0.029737527293700713
base,replay_base_2024-10-31,2024-10-31,2025-04-28,120,SOXX,-0.16419056822574418
base,replay_base_2024-10-31,2024-10-31,2025-04-28,120,XLI,-0.04062921097642602
base,replay_base_2024-10-31,2024-10-31,2025-04-28,120,XLU,-0.017031571034828216
base,replay_base_2024-11-29,2024-11-29,2024-12-30,20,QQQ,0.005884018550770145
base,replay_base_2024-11-29,2024-11-29,2024-12-30,20,SOXX,-0.001985988200590036
base,replay_base_2024-11-29,2024-11-29,2024-12-30,20,XLI,-0.08740927391364706
base,replay_base_2024-11-29,2024-11-29,2024-12-30,20,XLU,-0.08934828750602986
base,replay_base_2024-11-29,2024-11-29,2025-02-28,60,QQQ,-0.008772655225720568
base,replay_base_2024-11-29,2024-11-29,2025-02-28,60,SOXX,-0.04245427728613571
base,replay_base_2024-11-29,2024-11-29,2025-02-28,60,XLI,-0.05651936693044568
base,replay_base_2024-11-29,2024-11-29,2025-02-28,60,XLU,-0.047983116256632985
base,replay_base_2024-11-29,2024-11-29,2025-05-27,120,QQQ,0.016920552609435927
base,replay_base_2024-11-29,2024-11-29,2025-05-27,120,SOXX,-0.037845132743362875
base,replay_base_2024-11-29,2024-11-29,2025-05-27,120,XLI,-0.007928502013050173
base,replay_base_2024-11-29,2024-11-29,2025-05-27,120,XLU,-0.01783357452966716
base,replay_base_2024-11-29,2024-11-29,2024-12-30,20,QQQ,0.005884018550770145
base,replay_base_2024-11-29,2024-11-29,2024-12-30,20,SOXX,-0.001985988200590036
base,replay_base_2024-11-29,2024-11-29,2024-12-30,20,XLI,-0.08740927391364706
base,replay_base_2024-11-29,2024-11-29,2024-12-30,20,XLU,-0.08934828750602986
base,replay_base_2024-11-29,2024-11-29,2025-02-28,60,QQQ,-0.008772655225720568
base,replay_base_2024-11-29,2024-11-29,2025-02-28,60,SOXX,-0.04245427728613571
base,replay_base_2024-11-29,2024-11-29,2025-02-28,60,XLI,-0.05651936693044568
base,replay_base_2024-11-29,2024-11-29,2025-02-28,60,XLU,-0.047983116256632985
base,replay_base_2024-11-29,2024-11-29,2025-05-27,120,QQQ,0.016920552609435927
base,replay_base_2024-11-29,2024-11-29,2025-05-27,120,SOXX,-0.037845132743362875
base,replay_base_2024-11-29,2024-11-29,2025-05-27,120,XLI,-0.007928502013050173
base,replay_base_2024-11-29,2024-11-29,2025-05-27,120,XLU,-0.01783357452966716
base,replay_base_2024-11-29,2024-11-29,2024-12-30,20,QQQ,0.005884018550770145
base,replay_base_2024-11-29,2024-11-29,2024-12-30,20,SOXX,-0.001985988200590036
base,replay_base_2024-11-29,2024-11-29,2024-12-30,20,XLI,-0.08740927391364706
base,replay_base_2024-11-29,2024-11-29,2024-12-30,20,XLU,-0.08934828750602986
base,replay_base_2024-11-29,2024-11-29,2025-02-28,60,QQQ,-0.008772655225720568
base,replay_base_2024-11-29,2024-11-29,2025-02-28,60,SOXX,-0.04245427728613571
base,replay_base_2024-11-29,2024-11-29,2025-02-28,60,XLI,-0.05651936693044568
base,replay_base_2024-11-29,2024-11-29,2025-02-28,60,XLU,-0.047983116256632985
base,replay_base_2024-11-29,2024-11-29,2025-05-27,120,QQQ,0.016920552609435927
base,replay_base_2024-11-29,2024-11-29,2025-05-27,120,SOXX,-0.037845132743362875
base,replay_base_2024-11-29,2024-11-29,2025-05-27,120,XLI,-0.007928502013050173
base,replay_base_2024-11-29,2024-11-29,2025-05-27,120,XLU,-0.01783357452966716
base,replay_base_2024-11-29,2024-11-29,2024-12-30,20,QQQ,0.005884018550770145
base,replay_base_2024-11-29,2024-11-29,2024-12-30,20,SOXX,-0.001985988200590036
base,replay_base_2024-11-29,2024-11-29,2024-12-30,20,XLI,-0.08740927391364706
base,replay_base_2024-11-29,2024-11-29,2024-12-30,20,XLU,-0.08934828750602986
base,replay_base_2024-11-29,2024-11-29,2025-02-28,60,QQQ,-0.008772655225720568
base,replay_base_2024-11-29,2024-11-29,2025-02-28,60,SOXX,-0.04245427728613571
base,replay_base_2024-11-29,2024-11-29,2025-02-28,60,XLI,-0.05651936693044568
base,replay_base_2024-11-29,2024-11-29,2025-02-28,60,XLU,-0.047983116256632985
base,replay_base_2024-11-29,2024-11-29,2025-05-27,120,QQQ,0.016920552609435927
base,replay_base_2024-11-29,2024-11-29,2025-05-27,120,SOXX,-0.037845132743362875
base,replay_base_2024-11-29,2024-11-29,2025-05-27,120,XLI,-0.007928502013050173
base,replay_base_2024-11-29,2024-11-29,2025-05-27,120,XLU,-0.01783357452966716
base,replay_base_2024-12-31,2024-12-31,2025-01-31,20,QQQ,0.012693366781401209
base,replay_base_2024-12-31,2024-12-31,2025-01-31,20,SOXX,0.00017081016497411377
base,replay_base_2024-12-31,2024-12-31,2025-01-31,20,XLI,0.03891458913911283
base,replay_base_2024-12-31,2024-12-31,2025-01-31,20,XLU,0.018038143924498432
base,replay_base_2024-12-31,2024-12-31,2025-03-31,60,QQQ,-0.09111232327946639
base,replay_base_2024-12-31,2024-12-31,2025-03-31,60,SOXX,-0.13925292955286983
base,replay_base_2024-12-31,2024-12-31,2025-03-31,60,XLI,-0.015653460872184995
base,replay_base_2024-12-31,2024-12-31,2025-03-31,60,XLU,0.030162930921483592
base,replay_base_2024-12-31,2024-12-31,2025-06-26,120,QQQ,0.059326196449059565
base,replay_base_2024-12-31,2024-12-31,2025-06-26,120,SOXX,0.09582358347502418
base,replay_base_2024-12-31,2024-12-31,2025-06-26,120,XLI,0.09167500188295541
base,replay_base_2024-12-31,2024-12-31,2025-06-26,120,XLU,0.06083536505439746
base,replay_base_2024-12-31,2024-12-31,2025-01-31,20,QQQ,0.012693366781401209
base,replay_base_2024-12-31,2024-12-31,2025-01-31,20,SOXX,0.00017081016497411377
base,replay_base_2024-12-31,2024-12-31,2025-01-31,20,XLI,0.03891458913911283
base,replay_base_2024-12-31,2024-12-31,2025-01-31,20,XLU,0.018038143924498432
base,replay_base_2024-12-31,2024-12-31,2025-03-31,60,QQQ,-0.09111232327946639
base,replay_base_2024-12-31,2024-12-31,2025-03-31,60,SOXX,-0.13925292955286983
base,replay_base_2024-12-31,2024-12-31,2025-03-31,60,XLI,-0.015653460872184995
base,replay_base_2024-12-31,2024-12-31,2025-03-31,60,XLU,0.030162930921483592
base,replay_base_2024-12-31,2024-12-31,2025-06-26,120,QQQ,0.059326196449059565
base,replay_base_2024-12-31,2024-12-31,2025-06-26,120,SOXX,0.09582358347502418
base,replay_base_2024-12-31,2024-12-31,2025-06-26,120,XLI,0.09167500188295541
base,replay_base_2024-12-31,2024-12-31,2025-06-26,120,XLU,0.06083536505439746
base,replay_base_2024-12-31,2024-12-31,2025-01-31,20,QQQ,0.012693366781401209
base,replay_base_2024-12-31,2024-12-31,2025-01-31,20,SOXX,0.00017081016497411377
base,replay_base_2024-12-31,2024-12-31,2025-01-31,20,XLI,0.03891458913911283
base,replay_base_2024-12-31,2024-12-31,2025-01-31,20,XLU,0.018038143924498432
base,replay_base_2024-12-31,2024-12-31,2025-03-31,60,QQQ,-0.09111232327946639
base,replay_base_2024-12-31,2024-12-31,2025-03-31,60,SOXX,-0.13925292955286983
base,replay_base_2024-12-31,2024-12-31,2025-03-31,60,XLI,-0.015653460872184995
base,replay_base_2024-12-31,2024-12-31,2025-03-31,60,XLU,0.030162930921483592
base,replay_base_2024-12-31,2024-12-31,2025-06-26,120,QQQ,0.059326196449059565
base,replay_base_2024-12-31,2024-12-31,2025-06-26,120,SOXX,0.09582358347502418
base,replay_base_2024-12-31,2024-12-31,2025-06-26,120,XLI,0.09167500188295541
base,replay_base_2024-12-31,2024-12-31,2025-06-26,120,XLU,0.06083536505439746
base,replay_base_2024-12-31,2024-12-31,2025-01-31,20,QQQ,0.012693366781401209
base,replay_base_2024-12-31,2024-12-31,2025-01-31,20,SOXX,0.00017081016497411377
base,replay_base_2024-12-31,2024-12-31,2025-01-31,20,XLI,0.03891458913911283
base,replay_base_2024-12-31,2024-12-31,2025-01-31,20,XLU,0.018038143924498432
base,replay_base_2024-12-31,2024-12-31,2025-03-31,60,QQQ,-0.09111232327946639
base,replay_base_2024-12-31,2024-12-31,2025-03-31,60,SOXX,-0.13925292955286983
base,replay_base_2024-12-31,2024-12-31,2025-03-31,60,XLI,-0.015653460872184995
base,replay_base_2024-12-31,2024-12-31,2025-03-31,60,XLU,0.030162930921483592
base,replay_base_2024-12-31,2024-12-31,2025-06-26,120,QQQ,0.059326196449059565
base,replay_base_2024-12-31,2024-12-31,2025-06-26,120,SOXX,0.09582358347502418
base,replay_base_2024-12-31,2024-12-31,2025-06-26,120,XLI,0.09167500188295541
base,replay_base_2024-12-31,2024-12-31,2025-06-26,120,XLU,0.06083536505439746
base,replay_base_2025-01-31,2025-01-31,2025-03-03,20,QQQ,-0.03405456954158459
base,replay_base_2025-01-31,2025-01-31,2025-03-03,20,SOXX,-0.055088243612708476
base,replay_base_2025-01-31,2025-01-31,2025-03-03,20,XLI,-0.014397896904184245
base,replay_base_2025-01-31,2025-01-31,2025-03-03,20,XLU,0.029392350721998087
base,replay_base_2025-01-31,2025-01-31,2025-04-29,60,QQQ,-0.07685688402267721
base,replay_base_2025-01-31,2025-01-31,2025-04-29,60,SOXX,-0.14248336004525308
base,replay_base_2025-01-31,2025-01-31,2025-04-29,60,XLI,-0.0452825207735863
base,replay_base_2025-01-31,2025-01-31,2025-04-29,60,XLU,0.02809145310264072
base,replay_base_2025-01-31,2025-01-31,2025-07-25,120,QQQ,0.10056718424282585
base,replay_base_2025-01-31,2025-01-31,2025-07-25,120,SOXX,0.13544630904119914
base,replay_base_2025-01-31,2025-01-31,2025-07-25,120,XLI,0.13656908596220296
base,replay_base_2025-01-31,2025-01-31,2025-07-25,120,XLU,0.09651866788083774
base,replay_base_2025-01-31,2025-01-31,2025-03-03,20,QQQ,-0.03405456954158459
base,replay_base_2025-01-31,2025-01-31,2025-03-03,20,SOXX,-0.055088243612708476
base,replay_base_2025-01-31,2025-01-31,2025-03-03,20,XLI,-0.014397896904184245
base,replay_base_2025-01-31,2025-01-31,2025-03-03,20,XLU,0.029392350721998087
base,replay_base_2025-01-31,2025-01-31,2025-04-29,60,QQQ,-0.07685688402267721
base,replay_base_2025-01-31,2025-01-31,2025-04-29,60,SOXX,-0.14248336004525308
base,replay_base_2025-01-31,2025-01-31,2025-04-29,60,XLI,-0.0452825207735863
base,replay_base_2025-01-31,2025-01-31,2025-04-29,60,XLU,0.02809145310264072
base,replay_base_2025-01-31,2025-01-31,2025-07-25,120,QQQ,0.10056718424282585
base,replay_base_2025-01-31,2025-01-31,2025-07-25,120,SOXX,0.13544630904119914
base,replay_base_2025-01-31,2025-01-31,2025-07-25,120,XLI,0.13656908596220296
base,replay_base_2025-01-31,2025-01-31,2025-07-25,120,XLU,0.09651866788083774
base,replay_base_2025-01-31,2025-01-31,2025-03-03,20,QQQ,-0.03405456954158459
base,replay_base_2025-01-31,2025-01-31,2025-03-03,20,SOXX,-0.055088243612708476
base,replay_base_2025-01-31,2025-01-31,2025-03-03,20,XLI,-0.014397896904184245
base,replay_base_2025-01-31,2025-01-31,2025-03-03,20,XLU,0.029392350721998087
base,replay_base_2025-01-31,2025-01-31,2025-04-29,60,QQQ,-0.07685688402267721
base,replay_base_2025-01-31,2025-01-31,2025-04-29,60,SOXX,-0.14248336004525308
base,replay_base_2025-01-31,2025-01-31,2025-04-29,60,XLI,-0.0452825207735863
base,replay_base_2025-01-31,2025-01-31,2025-04-29,60,XLU,0.02809145310264072
base,replay_base_2025-01-31,2025-01-31,2025-07-25,120,QQQ,0.10056718424282585
base,replay_base_2025-01-31,2025-01-31,2025-07-25,120,SOXX,0.13544630904119914
base,replay_base_2025-01-31,2025-01-31,2025-07-25,120,XLI,0.13656908596220296
base,replay_base_2025-01-31,2025-01-31,2025-07-25,120,XLU,0.09651866788083774
base,replay_base_2025-01-31,2025-01-31,2025-03-03,20,QQQ,-0.03405456954158459
base,replay_base_2025-01-31,2025-01-31,2025-03-03,20,SOXX,-0.055088243612708476
base,replay_base_2025-01-31,2025-01-31,2025-03-03,20,XLI,-0.014397896904184245
base,replay_base_2025-01-31,2025-01-31,2025-03-03,20,XLU,0.029392350721998087
base,replay_base_2025-01-31,2025-01-31,2025-04-29,60,QQQ,-0.07685688402267721
base,replay_base_2025-01-31,2025-01-31,2025-04-29,60,SOXX,-0.14248336004525308
base,replay_base_2025-01-31,2025-01-31,2025-04-29,60,XLI,-0.0452825207735863
base,replay_base_2025-01-31,2025-01-31,2025-04-29,60,XLU,0.02809145310264072
base,replay_base_2025-01-31,2025-01-31,2025-07-25,120,QQQ,0.10056718424282585
base,replay_base_2025-01-31,2025-01-31,2025-07-25,120,SOXX,0.13544630904119914
base,replay_base_2025-01-31,2025-01-31,2025-07-25,120,XLI,0.13656908596220296
base,replay_base_2025-01-31,2025-01-31,2025-07-25,120,XLU,0.09651866788083774
base,replay_base_2025-02-28,2025-02-28,2025-03-28,20,QQQ,-0.08585337114359759
base,replay_base_2025-02-28,2025-02-28,2025-03-28,20,SOXX,-0.10876512455516008
base,replay_base_2025-02-28,2025-02-28,2025-03-28,20,XLI,-0.05395123551279257
base,replay_base_2025-02-28,2025-02-28,2025-03-28,20,XLU,-0.016404147698533152
base,replay_base_2025-02-28,2025-02-28,2025-05-27,60,QQQ,0.016332127316286308
base,replay_base_2025-02-28,2025-02-28,2025-05-27,60,SOXX,-0.00940569395017787
base,replay_base_2025-02-28,2025-02-28,2025-05-27,60,XLI,0.04190123186821204
base,replay_base_2025-02-28,2025-02-28,2025-05-27,60,XLU,0.030004552352048578
base,replay_base_2025-02-28,2025-02-28,2025-08-21,120,QQQ,0.0988236933457195
base,replay_base_2025-02-28,2025-02-28,2025-08-21,120,SOXX,0.1470355871886121
base,replay_base_2025-02-28,2025-02-28,2025-08-21,120,XLI,0.09533078212697721
base,replay_base_2025-02-28,2025-02-28,2025-08-21,120,XLU,0.07944815376833592
base,replay_base_2025-02-28,2025-02-28,2025-03-28,20,QQQ,-0.08585337114359759
base,replay_base_2025-02-28,2025-02-28,2025-03-28,20,SOXX,-0.10876512455516008
base,replay_base_2025-02-28,2025-02-28,2025-03-28,20,XLI,-0.05395123551279257
base,replay_base_2025-02-28,2025-02-28,2025-03-28,20,XLU,-0.016404147698533152
base,replay_base_2025-02-28,2025-02-28,2025-05-27,60,QQQ,0.016332127316286308
base,replay_base_2025-02-28,2025-02-28,2025-05-27,60,SOXX,-0.00940569395017787
base,replay_base_2025-02-28,2025-02-28,2025-05-27,60,XLI,0.04190123186821204
base,replay_base_2025-02-28,2025-02-28,2025-05-27,60,XLU,0.030004552352048578
base,replay_base_2025-02-28,2025-02-28,2025-08-21,120,QQQ,0.0988236933457195
base,replay_base_2025-02-28,2025-02-28,2025-08-21,120,SOXX,0.1470355871886121
base,replay_base_2025-02-28,2025-02-28,2025-08-21,120,XLI,0.09533078212697721
base,replay_base_2025-02-28,2025-02-28,2025-08-21,120,XLU,0.07944815376833592
base,replay_base_2025-02-28,2025-02-28,2025-03-28,20,QQQ,-0.08585337114359759
base,replay_base_2025-02-28,2025-02-28,2025-03-28,20,SOXX,-0.10876512455516008
base,replay_base_2025-02-28,2025-02-28,2025-03-28,20,XLI,-0.05395123551279257
base,replay_base_2025-02-28,2025-02-28,2025-03-28,20,XLU,-0.016404147698533152
base,replay_base_2025-02-28,2025-02-28,2025-05-27,60,QQQ,0.016332127316286308
base,replay_base_2025-02-28,2025-02-28,2025-05-27,60,SOXX,-0.00940569395017787
base,replay_base_2025-02-28,2025-02-28,2025-05-27,60,XLI,0.04190123186821204
base,replay_base_2025-02-28,2025-02-28,2025-05-27,60,XLU,0.030004552352048578
base,replay_base_2025-02-28,2025-02-28,2025-08-21,120,QQQ,0.0988236933457195
base,replay_base_2025-02-28,2025-02-28,2025-08-21,120,SOXX,0.1470355871886121
base,replay_base_2025-02-28,2025-02-28,2025-08-21,120,XLI,0.09533078212697721
base,replay_base_2025-02-28,2025-02-28,2025-08-21,120,XLU,0.07944815376833592
base,replay_base_2025-02-28,2025-02-28,2025-03-28,20,QQQ,-0.08585337114359759
base,replay_base_2025-02-28,2025-02-28,2025-03-28,20,SOXX,-0.10876512455516008
base,replay_base_2025-02-28,2025-02-28,2025-03-28,20,XLI,-0.05395123551279257
base,replay_base_2025-02-28,2025-02-28,2025-03-28,20,XLU,-0.016404147698533152
base,replay_base_2025-02-28,2025-02-28,2025-05-27,60,QQQ,0.016332127316286308
base,replay_base_2025-02-28,2025-02-28,2025-05-27,60,SOXX,-0.00940569395017787
base,replay_base_2025-02-28,2025-02-28,2025-05-27,60,XLI,0.04190123186821204
base,replay_base_2025-02-28,2025-02-28,2025-05-27,60,XLU,0.030004552352048578
base,replay_base_2025-02-28,2025-02-28,2025-08-21,120,QQQ,0.0988236933457195
base,replay_base_2025-02-28,2025-02-28,2025-08-21,120,SOXX,0.1470355871886121
base,replay_base_2025-02-28,2025-02-28,2025-08-21,120,XLI,0.09533078212697721
base,replay_base_2025-02-28,2025-02-28,2025-08-21,120,XLU,0.07944815376833592
base,replay_base_2025-03-31,2025-03-31,2025-04-29,20,QQQ,0.014312589612446195
base,replay_base_2025-03-31,2025-03-31,2025-04-29,20,SOXX,-0.02778764891286922
base,replay_base_2025-03-31,2025-03-31,2025-04-29,20,XLI,-0.005756508422664505
base,replay_base_2025-03-31,2025-03-31,2025-04-29,20,XLU,0.003092916984006047
base,replay_base_2025-03-31,2025-03-31,2025-06-26,60,QQQ,0.16603849857690067
base,replay_base_2025-03-31,2025-03-31,2025-06-26,60,SOXX,0.2743919546984349
base,replay_base_2025-03-31,2025-03-31,2025-06-26,60,XLI,0.10986370597243489
base,replay_base_2025-03-31,2025-03-31,2025-06-26,60,XLU,0.02721071337903014
base,replay_base_2025-03-31,2025-03-31,2025-09-22,120,QQQ,0.28579282672430384
base,replay_base_2025-03-31,2025-03-31,2025-09-22,120,SOXX,0.4387436828890433
base,replay_base_2025-03-31,2025-03-31,2025-09-22,120,XLI,0.1685160796324655
base,replay_base_2025-03-31,2025-03-31,2025-09-22,120,XLU,0.07842929677583121
base,replay_base_2025-03-31,2025-03-31,2025-04-29,20,QQQ,0.014312589612446195
base,replay_base_2025-03-31,2025-03-31,2025-04-29,20,SOXX,-0.02778764891286922
base,replay_base_2025-03-31,2025-03-31,2025-04-29,20,XLI,-0.005756508422664505
base,replay_base_2025-03-31,2025-03-31,2025-04-29,20,XLU,0.003092916984006047
base,replay_base_2025-03-31,2025-03-31,2025-06-26,60,QQQ,0.16603849857690067
base,replay_base_2025-03-31,2025-03-31,2025-06-26,60,SOXX,0.2743919546984349
base,replay_base_2025-03-31,2025-03-31,2025-06-26,60,XLI,0.10986370597243489
base,replay_base_2025-03-31,2025-03-31,2025-06-26,60,XLU,0.02721071337903014
base,replay_base_2025-03-31,2025-03-31,2025-09-22,120,QQQ,0.28579282672430384
base,replay_base_2025-03-31,2025-03-31,2025-09-22,120,SOXX,0.4387436828890433
base,replay_base_2025-03-31,2025-03-31,2025-09-22,120,XLI,0.1685160796324655
base,replay_base_2025-03-31,2025-03-31,2025-09-22,120,XLU,0.07842929677583121
base,replay_base_2025-03-31,2025-03-31,2025-04-29,20,QQQ,0.014312589612446195
base,replay_base_2025-03-31,2025-03-31,2025-04-29,20,SOXX,-0.02778764891286922
base,replay_base_2025-03-31,2025-03-31,2025-04-29,20,XLI,-0.005756508422664505
base,replay_base_2025-03-31,2025-03-31,2025-04-29,20,XLU,0.003092916984006047
base,replay_base_2025-03-31,2025-03-31,2025-06-26,60,QQQ,0.16603849857690067
base,replay_base_2025-03-31,2025-03-31,2025-06-26,60,SOXX,0.2743919546984349
base,replay_base_2025-03-31,2025-03-31,2025-06-26,60,XLI,0.10986370597243489
base,replay_base_2025-03-31,2025-03-31,2025-06-26,60,XLU,0.02721071337903014
base,replay_base_2025-03-31,2025-03-31,2025-09-22,120,QQQ,0.28579282672430384
base,replay_base_2025-03-31,2025-03-31,2025-09-22,120,SOXX,0.4387436828890433
base,replay_base_2025-03-31,2025-03-31,2025-09-22,120,XLI,0.1685160796324655
base,replay_base_2025-03-31,2025-03-31,2025-09-22,120,XLU,0.07842929677583121
base,replay_base_2025-03-31,2025-03-31,2025-04-29,20,QQQ,0.014312589612446195
base,replay_base_2025-03-31,2025-03-31,2025-04-29,20,SOXX,-0.02778764891286922
base,replay_base_2025-03-31,2025-03-31,2025-04-29,20,XLI,-0.005756508422664505
base,replay_base_2025-03-31,2025-03-31,2025-04-29,20,XLU,0.003092916984006047
base,replay_base_2025-03-31,2025-03-31,2025-06-26,60,QQQ,0.16603849857690067
base,replay_base_2025-03-31,2025-03-31,2025-06-26,60,SOXX,0.2743919546984349
base,replay_base_2025-03-31,2025-03-31,2025-06-26,60,XLI,0.10986370597243489
base,replay_base_2025-03-31,2025-03-31,2025-06-26,60,XLU,0.02721071337903014
base,replay_base_2025-03-31,2025-03-31,2025-09-22,120,QQQ,0.28579282672430384
base,replay_base_2025-03-31,2025-03-31,2025-09-22,120,SOXX,0.4387436828890433
base,replay_base_2025-03-31,2025-03-31,2025-09-22,120,XLI,0.1685160796324655
base,replay_base_2025-03-31,2025-03-31,2025-09-22,120,XLU,0.07842929677583121
base,replay_base_2025-04-30,2025-04-30,2025-05-29,20,QQQ,0.07254232065678201
base,replay_base_2025-04-30,2025-04-30,2025-05-29,20,SOXX,0.12399525452976701
base,replay_base_2025-04-30,2025-04-30,2025-05-29,20,XLI,0.07964118026320766
base,replay_base_2025-04-30,2025-04-30,2025-05-29,20,XLU,0.01847490396120655
base,replay_base_2025-04-30,2025-04-30,2025-07-28,60,QQQ,0.17204187604690124
base,replay_base_2025-04-30,2025-04-30,2025-07-28,60,SOXX,0.32330500431406384
base,replay_base_2025-04-30,2025-04-30,2025-07-28,60,XLI,0.16872981378237928
base,replay_base_2025-04-30,2025-04-30,2025-07-28,60,XLU,0.05021493796838594
base,replay_base_2025-04-30,2025-04-30,2025-10-21,120,QQQ,0.2611396281820625
base,replay_base_2025-04-30,2025-04-30,2025-10-21,120,SOXX,0.5679124245038828
base,replay_base_2025-04-30,2025-04-30,2025-10-21,120,XLI,0.17165013084537495
base,replay_base_2025-04-30,2025-04-30,2025-10-21,120,XLU,0.1381297940676366
base,replay_base_2025-04-30,2025-04-30,2025-05-29,20,QQQ,0.07254232065678201
base,replay_base_2025-04-30,2025-04-30,2025-05-29,20,SOXX,0.12399525452976701
base,replay_base_2025-04-30,2025-04-30,2025-05-29,20,XLI,0.07964118026320766
base,replay_base_2025-04-30,2025-04-30,2025-05-29,20,XLU,0.01847490396120655
base,replay_base_2025-04-30,2025-04-30,2025-07-28,60,QQQ,0.17204187604690124
base,replay_base_2025-04-30,2025-04-30,2025-07-28,60,SOXX,0.32330500431406384
base,replay_base_2025-04-30,2025-04-30,2025-07-28,60,XLI,0.16872981378237928
base,replay_base_2025-04-30,2025-04-30,2025-07-28,60,XLU,0.05021493796838594
base,replay_base_2025-04-30,2025-04-30,2025-10-21,120,QQQ,0.2611396281820625
base,replay_base_2025-04-30,2025-04-30,2025-10-21,120,SOXX,0.5679124245038828
base,replay_base_2025-04-30,2025-04-30,2025-10-21,120,XLI,0.17165013084537495
base,replay_base_2025-04-30,2025-04-30,2025-10-21,120,XLU,0.1381297940676366
base,replay_base_2025-04-30,2025-04-30,2025-05-29,20,QQQ,0.07254232065678201
base,replay_base_2025-04-30,2025-04-30,2025-05-29,20,SOXX,0.12399525452976701
base,replay_base_2025-04-30,2025-04-30,2025-05-29,20,XLI,0.07964118026320766
base,replay_base_2025-04-30,2025-04-30,2025-05-29,20,XLU,0.01847490396120655
base,replay_base_2025-04-30,2025-04-30,2025-07-28,60,QQQ,0.17204187604690124
base,replay_base_2025-04-30,2025-04-30,2025-07-28,60,SOXX,0.32330500431406384
base,replay_base_2025-04-30,2025-04-30,2025-07-28,60,XLI,0.16872981378237928
base,replay_base_2025-04-30,2025-04-30,2025-07-28,60,XLU,0.05021493796838594
base,replay_base_2025-04-30,2025-04-30,2025-10-21,120,QQQ,0.2611396281820625
base,replay_base_2025-04-30,2025-04-30,2025-10-21,120,SOXX,0.5679124245038828
base,replay_base_2025-04-30,2025-04-30,2025-10-21,120,XLI,0.17165013084537495
base,replay_base_2025-04-30,2025-04-30,2025-10-21,120,XLU,0.1381297940676366
base,replay_base_2025-04-30,2025-04-30,2025-05-29,20,QQQ,0.07254232065678201
base,replay_base_2025-04-30,2025-04-30,2025-05-29,20,SOXX,0.12399525452976701
base,replay_base_2025-04-30,2025-04-30,2025-05-29,20,XLI,0.07964118026320766
base,replay_base_2025-04-30,2025-04-30,2025-05-29,20,XLU,0.01847490396120655
base,replay_base_2025-04-30,2025-04-30,2025-07-28,60,QQQ,0.17204187604690124
base,replay_base_2025-04-30,2025-04-30,2025-07-28,60,SOXX,0.32330500431406384
base,replay_base_2025-04-30,2025-04-30,2025-07-28,60,XLI,0.16872981378237928
base,replay_base_2025-04-30,2025-04-30,2025-07-28,60,XLU,0.05021493796838594
base,replay_base_2025-04-30,2025-04-30,2025-10-21,120,QQQ,0.2611396281820625
base,replay_base_2025-04-30,2025-04-30,2025-10-21,120,SOXX,0.5679124245038828
base,replay_base_2025-04-30,2025-04-30,2025-10-21,120,XLI,0.17165013084537495
base,replay_base_2025-04-30,2025-04-30,2025-10-21,120,XLU,0.1381297940676366
base,replay_base_2025-05-30,2025-05-30,2025-06-30,20,QQQ,0.06287312322467209
base,replay_base_2025-05-30,2025-05-30,2025-06-30,20,SOXX,0.1645341495002811
base,replay_base_2025-05-30,2025-05-30,2025-06-30,20,XLI,0.031139502278303536
base,replay_base_2025-05-30,2025-05-30,2025-06-30,20,XLU,-0.002632397990442234
base,replay_base_2025-05-30,2025-05-30,2025-08-26,60,QQQ,0.1035486657262662
base,replay_base_2025-05-30,2025-05-30,2025-08-26,60,SOXX,0.2231075678713682
base,replay_base_2025-05-30,2025-05-30,2025-08-26,60,XLI,0.07081703470031553
base,replay_base_2025-05-30,2025-05-30,2025-08-26,60,XLU,0.04160237715966175
base,replay_base_2025-05-30,2025-05-30,2025-11-19,120,QQQ,0.15599209677107673
base,replay_base_2025-05-30,2025-05-30,2025-11-19,120,SOXX,0.3730476993377806
base,replay_base_2025-05-30,2025-05-30,2025-11-19,120,XLI,0.05097826848930931
base,replay_base_2025-05-30,2025-05-30,2025-11-19,120,XLU,0.08111959318710926
base,replay_base_2025-05-30,2025-05-30,2025-06-30,20,QQQ,0.06287312322467209
base,replay_base_2025-05-30,2025-05-30,2025-06-30,20,SOXX,0.1645341495002811
base,replay_base_2025-05-30,2025-05-30,2025-06-30,20,XLI,0.031139502278303536
base,replay_base_2025-05-30,2025-05-30,2025-06-30,20,XLU,-0.002632397990442234
base,replay_base_2025-05-30,2025-05-30,2025-08-26,60,QQQ,0.1035486657262662
base,replay_base_2025-05-30,2025-05-30,2025-08-26,60,SOXX,0.2231075678713682
base,replay_base_2025-05-30,2025-05-30,2025-08-26,60,XLI,0.07081703470031553
base,replay_base_2025-05-30,2025-05-30,2025-08-26,60,XLU,0.04160237715966175
base,replay_base_2025-05-30,2025-05-30,2025-11-19,120,QQQ,0.15599209677107673
base,replay_base_2025-05-30,2025-05-30,2025-11-19,120,SOXX,0.3730476993377806
base,replay_base_2025-05-30,2025-05-30,2025-11-19,120,XLI,0.05097826848930931
base,replay_base_2025-05-30,2025-05-30,2025-11-19,120,XLU,0.08111959318710926
base,replay_base_2025-05-30,2025-05-30,2025-06-30,20,QQQ,0.06287312322467209
base,replay_base_2025-05-30,2025-05-30,2025-06-30,20,SOXX,0.1645341495002811
base,replay_base_2025-05-30,2025-05-30,2025-06-30,20,XLI,0.031139502278303536
base,replay_base_2025-05-30,2025-05-30,2025-06-30,20,XLU,-0.002632397990442234
base,replay_base_2025-05-30,2025-05-30,2025-08-26,60,QQQ,0.1035486657262662
base,replay_base_2025-05-30,2025-05-30,2025-08-26,60,SOXX,0.2231075678713682
base,replay_base_2025-05-30,2025-05-30,2025-08-26,60,XLI,0.07081703470031553
base,replay_base_2025-05-30,2025-05-30,2025-08-26,60,XLU,0.04160237715966175
base,replay_base_2025-05-30,2025-05-30,2025-11-19,120,QQQ,0.15599209677107673
base,replay_base_2025-05-30,2025-05-30,2025-11-19,120,SOXX,0.3730476993377806
base,replay_base_2025-05-30,2025-05-30,2025-11-19,120,XLI,0.05097826848930931
base,replay_base_2025-05-30,2025-05-30,2025-11-19,120,XLU,0.08111959318710926
base,replay_base_2025-05-30,2025-05-30,2025-06-30,20,QQQ,0.06287312322467209
base,replay_base_2025-05-30,2025-05-30,2025-06-30,20,SOXX,0.1645341495002811
base,replay_base_2025-05-30,2025-05-30,2025-06-30,20,XLI,0.031139502278303536
base,replay_base_2025-05-30,2025-05-30,2025-06-30,20,XLU,-0.002632397990442234
base,replay_base_2025-05-30,2025-05-30,2025-08-26,60,QQQ,0.1035486657262662
base,replay_base_2025-05-30,2025-05-30,2025-08-26,60,SOXX,0.2231075678713682
base,replay_base_2025-05-30,2025-05-30,2025-08-26,60,XLI,0.07081703470031553
base,replay_base_2025-05-30,2025-05-30,2025-08-26,60,XLU,0.04160237715966175
base,replay_base_2025-05-30,2025-05-30,2025-11-19,120,QQQ,0.15599209677107673
base,replay_base_2025-05-30,2025-05-30,2025-11-19,120,SOXX,0.3730476993377806
base,replay_base_2025-05-30,2025-05-30,2025-11-19,120,XLI,0.05097826848930931
base,replay_base_2025-05-30,2025-05-30,2025-11-19,120,XLU,0.08111959318710926
base,replay_base_2025-06-30,2025-06-30,2025-07-29,20,QQQ,0.028923601637107613
base,replay_base_2025-06-30,2025-06-30,2025-07-29,20,SOXX,0.037141975830304985
base,replay_base_2025-06-30,2025-06-30,2025-07-29,20,XLI,0.036118307367848046
base,replay_base_2025-06-30,2025-06-30,2025-07-29,20,XLU,0.03224229074889873
base,replay_base_2025-06-30,2025-06-30,2025-09-24,60,QQQ,0.08112914961346063
base,replay_base_2025-06-30,2025-06-30,2025-09-24,60,SOXX,0.13411653849404226
base,replay_base_2025-06-30,2025-06-30,2025-09-24,60,XLI,0.032580651745016564
base,replay_base_2025-06-30,2025-06-30,2025-09-24,60,XLU,0.05255555555555558
base,replay_base_2025-06-30,2025-06-30,2025-12-18,120,QQQ,0.10504911323328792
base,replay_base_2025-06-30,2025-06-30,2025-12-18,120,SOXX,0.23134462942618106
base,replay_base_2025-06-30,2025-06-30,2025-12-18,120,XLI,0.04802387917545403
base,replay_base_2025-06-30,2025-06-30,2025-12-18,120,XLU,0.0540239843367597
base,replay_base_2025-06-30,2025-06-30,2025-07-29,20,QQQ,0.028923601637107613
base,replay_base_2025-06-30,2025-06-30,2025-07-29,20,SOXX,0.037141975830304985
base,replay_base_2025-06-30,2025-06-30,2025-07-29,20,XLI,0.036118307367848046
base,replay_base_2025-06-30,2025-06-30,2025-07-29,20,XLU,0.03224229074889873
base,replay_base_2025-06-30,2025-06-30,2025-09-24,60,QQQ,0.08112914961346063
base,replay_base_2025-06-30,2025-06-30,2025-09-24,60,SOXX,0.13411653849404226
base,replay_base_2025-06-30,2025-06-30,2025-09-24,60,XLI,0.032580651745016564
base,replay_base_2025-06-30,2025-06-30,2025-09-24,60,XLU,0.05255555555555558
base,replay_base_2025-06-30,2025-06-30,2025-12-18,120,QQQ,0.10504911323328792
base,replay_base_2025-06-30,2025-06-30,2025-12-18,120,SOXX,0.23134462942618106
base,replay_base_2025-06-30,2025-06-30,2025-12-18,120,XLI,0.04802387917545403
base,replay_base_2025-06-30,2025-06-30,2025-12-18,120,XLU,0.0540239843367597
base,replay_base_2025-06-30,2025-06-30,2025-07-29,20,QQQ,0.028923601637107613
base,replay_base_2025-06-30,2025-06-30,2025-07-29,20,SOXX,0.037141975830304985
base,replay_base_2025-06-30,2025-06-30,2025-07-29,20,XLI,0.036118307367848046
base,replay_base_2025-06-30,2025-06-30,2025-07-29,20,XLU,0.03224229074889873
base,replay_base_2025-06-30,2025-06-30,2025-09-24,60,QQQ,0.08112914961346063
base,replay_base_2025-06-30,2025-06-30,2025-09-24,60,SOXX,0.13411653849404226
base,replay_base_2025-06-30,2025-06-30,2025-09-24,60,XLI,0.032580651745016564
base,replay_base_2025-06-30,2025-06-30,2025-09-24,60,XLU,0.05255555555555558
base,replay_base_2025-06-30,2025-06-30,2025-12-18,120,QQQ,0.10504911323328792
base,replay_base_2025-06-30,2025-06-30,2025-12-18,120,SOXX,0.23134462942618106
base,replay_base_2025-06-30,2025-06-30,2025-12-18,120,XLI,0.04802387917545403
base,replay_base_2025-06-30,2025-06-30,2025-12-18,120,XLU,0.0540239843367597
base,replay_base_2025-06-30,2025-06-30,2025-07-29,20,QQQ,0.028923601637107613
base,replay_base_2025-06-30,2025-06-30,2025-07-29,20,SOXX,0.037141975830304985
base,replay_base_2025-06-30,2025-06-30,2025-07-29,20,XLI,0.036118307367848046
base,replay_base_2025-06-30,2025-06-30,2025-07-29,20,XLU,0.03224229074889873
base,replay_base_2025-06-30,2025-06-30,2025-09-24,60,QQQ,0.08112914961346063
base,replay_base_2025-06-30,2025-06-30,2025-09-24,60,SOXX,0.13411653849404226
base,replay_base_2025-06-30,2025-06-30,2025-09-24,60,XLI,0.032580651745016564
base,replay_base_2025-06-30,2025-06-30,2025-09-24,60,XLU,0.05255555555555558
base,replay_base_2025-06-30,2025-06-30,2025-12-18,120,QQQ,0.10504911323328792
base,replay_base_2025-06-30,2025-06-30,2025-12-18,120,SOXX,0.23134462942618106
base,replay_base_2025-06-30,2025-06-30,2025-12-18,120,XLI,0.04802387917545403
base,replay_base_2025-06-30,2025-06-30,2025-12-18,120,XLU,0.0540239843367597
base,replay_base_2025-07-31,2025-07-31,2025-08-28,20,QQQ,0.02980713058419238
base,replay_base_2025-07-31,2025-07-31,2025-08-28,20,SOXX,0.0711882668140934
base,replay_base_2025-07-31,2025-07-31,2025-08-28,20,XLI,0.020041781986728572
base,replay_base_2025-07-31,2025-07-31,2025-08-28,20,XLU,-0.014041654495530628
base,replay_base_2025-07-31,2025-07-31,2025-10-24,60,QQQ,0.1012561569301259
base,replay_base_2025-07-31,2025-07-31,2025-10-24,60,SOXX,0.25541502051925413
base,replay_base_2025-07-31,2025-07-31,2025-10-24,60,XLI,0.02991206775817801
base,replay_base_2025-07-31,2025-07-31,2025-10-24,60,XLU,0.06453519892504522
base,replay_base_2025-07-31,2025-07-31,2026-01-22,120,QQQ,0.10812900916380286
base,replay_base_2025-07-31,2025-07-31,2026-01-22,120,SOXX,0.4792768929809267
base,replay_base_2025-07-31,2025-07-31,2026-01-22,120,XLI,0.10047127280002688
base,replay_base_2025-07-31,2025-07-31,2026-01-22,120,XLU,-0.004811065023076375
base,replay_base_2025-07-31,2025-07-31,2025-08-28,20,QQQ,0.02980713058419238
base,replay_base_2025-07-31,2025-07-31,2025-08-28,20,SOXX,0.0711882668140934
base,replay_base_2025-07-31,2025-07-31,2025-08-28,20,XLI,0.020041781986728572
base,replay_base_2025-07-31,2025-07-31,2025-08-28,20,XLU,-0.014041654495530628
base,replay_base_2025-07-31,2025-07-31,2025-10-24,60,QQQ,0.1012561569301259
base,replay_base_2025-07-31,2025-07-31,2025-10-24,60,SOXX,0.25541502051925413
base,replay_base_2025-07-31,2025-07-31,2025-10-24,60,XLI,0.02991206775817801
base,replay_base_2025-07-31,2025-07-31,2025-10-24,60,XLU,0.06453519892504522
base,replay_base_2025-07-31,2025-07-31,2026-01-22,120,QQQ,0.10812900916380286
base,replay_base_2025-07-31,2025-07-31,2026-01-22,120,SOXX,0.4792768929809267
base,replay_base_2025-07-31,2025-07-31,2026-01-22,120,XLI,0.10047127280002688
base,replay_base_2025-07-31,2025-07-31,2026-01-22,120,XLU,-0.004811065023076375
base,replay_base_2025-07-31,2025-07-31,2025-08-28,20,QQQ,0.02980713058419238
base,replay_base_2025-07-31,2025-07-31,2025-08-28,20,SOXX,0.0711882668140934
base,replay_base_2025-07-31,2025-07-31,2025-08-28,20,XLI,0.020041781986728572
base,replay_base_2025-07-31,2025-07-31,2025-08-28,20,XLU,-0.014041654495530628
base,replay_base_2025-07-31,2025-07-31,2025-10-24,60,QQQ,0.1012561569301259
base,replay_base_2025-07-31,2025-07-31,2025-10-24,60,SOXX,0.25541502051925413
base,replay_base_2025-07-31,2025-07-31,2025-10-24,60,XLI,0.02991206775817801
base,replay_base_2025-07-31,2025-07-31,2025-10-24,60,XLU,0.06453519892504522
base,replay_base_2025-07-31,2025-07-31,2026-01-22,120,QQQ,0.10812900916380286
base,replay_base_2025-07-31,2025-07-31,2026-01-22,120,SOXX,0.4792768929809267
base,replay_base_2025-07-31,2025-07-31,2026-01-22,120,XLI,0.10047127280002688
base,replay_base_2025-07-31,2025-07-31,2026-01-22,120,XLU,-0.004811065023076375
base,replay_base_2025-07-31,2025-07-31,2025-08-28,20,QQQ,0.02980713058419238
base,replay_base_2025-07-31,2025-07-31,2025-08-28,20,SOXX,0.0711882668140934
base,replay_base_2025-07-31,2025-07-31,2025-08-28,20,XLI,0.020041781986728572
base,replay_base_2025-07-31,2025-07-31,2025-08-28,20,XLU,-0.014041654495530628
base,replay_base_2025-07-31,2025-07-31,2025-10-24,60,QQQ,0.1012561569301259
base,replay_base_2025-07-31,2025-07-31,2025-10-24,60,SOXX,0.25541502051925413
base,replay_base_2025-07-31,2025-07-31,2025-10-24,60,XLI,0.02991206775817801
base,replay_base_2025-07-31,2025-07-31,2025-10-24,60,XLU,0.06453519892504522
base,replay_base_2025-07-31,2025-07-31,2026-01-22,120,QQQ,0.10812900916380286
base,replay_base_2025-07-31,2025-07-31,2026-01-22,120,SOXX,0.4792768929809267
base,replay_base_2025-07-31,2025-07-31,2026-01-22,120,XLI,0.10047127280002688
base,replay_base_2025-07-31,2025-07-31,2026-01-22,120,XLU,-0.004811065023076375
base,replay_base_2025-08-29,2025-08-29,2025-09-29,20,QQQ,0.06374861051731517
base,replay_base_2025-08-29,2025-08-29,2025-09-29,20,SOXX,0.12365731101941646
base,replay_base_2025-08-29,2025-08-29,2025-09-29,20,XLI,0.01472000398949425
base,replay_base_2025-08-29,2025-08-29,2025-09-29,20,XLU,0.03416940671908508
base,replay_base_2025-08-29,2025-08-29,2025-11-24,60,QQQ,0.07534544677212496
base,replay_base_2025-08-29,2025-08-29,2025-11-24,60,SOXX,0.18150872379196936
base,replay_base_2025-08-29,2025-08-29,2025-11-24,60,XLI,-0.005626417101632472
base,replay_base_2025-08-29,2025-08-29,2025-11-24,60,XLU,0.05871074577078883
base,replay_base_2025-08-29,2025-08-29,2026-02-23,120,QQQ,0.06839803334758454
base,replay_base_2025-08-29,2025-08-29,2026-02-23,120,SOXX,0.49305177722388616
base,replay_base_2025-08-29,2025-08-29,2026-02-23,120,XLI,0.15960513979853042
base,replay_base_2025-08-29,2025-08-29,2026-02-23,120,XLU,0.10922301644031462
base,replay_base_2025-08-29,2025-08-29,2025-09-29,20,QQQ,0.06374861051731517
base,replay_base_2025-08-29,2025-08-29,2025-09-29,20,SOXX,0.12365731101941646
base,replay_base_2025-08-29,2025-08-29,2025-09-29,20,XLI,0.01472000398949425
base,replay_base_2025-08-29,2025-08-29,2025-09-29,20,XLU,0.03416940671908508
base,replay_base_2025-08-29,2025-08-29,2025-11-24,60,QQQ,0.07534544677212496
base,replay_base_2025-08-29,2025-08-29,2025-11-24,60,SOXX,0.18150872379196936
base,replay_base_2025-08-29,2025-08-29,2025-11-24,60,XLI,-0.005626417101632472
base,replay_base_2025-08-29,2025-08-29,2025-11-24,60,XLU,0.05871074577078883
base,replay_base_2025-08-29,2025-08-29,2026-02-23,120,QQQ,0.06839803334758454
base,replay_base_2025-08-29,2025-08-29,2026-02-23,120,SOXX,0.49305177722388616
base,replay_base_2025-08-29,2025-08-29,2026-02-23,120,XLI,0.15960513979853042
base,replay_base_2025-08-29,2025-08-29,2026-02-23,120,XLU,0.10922301644031462
base,replay_base_2025-08-29,2025-08-29,2025-09-29,20,QQQ,0.06374861051731517
base,replay_base_2025-08-29,2025-08-29,2025-09-29,20,SOXX,0.12365731101941646
base,replay_base_2025-08-29,2025-08-29,2025-09-29,20,XLI,0.01472000398949425
base,replay_base_2025-08-29,2025-08-29,2025-09-29,20,XLU,0.03416940671908508
base,replay_base_2025-08-29,2025-08-29,2025-11-24,60,QQQ,0.07534544677212496
base,replay_base_2025-08-29,2025-08-29,2025-11-24,60,SOXX,0.18150872379196936
base,replay_base_2025-08-29,2025-08-29,2025-11-24,60,XLI,-0.005626417101632472
base,replay_base_2025-08-29,2025-08-29,2025-11-24,60,XLU,0.05871074577078883
base,replay_base_2025-08-29,2025-08-29,2026-02-23,120,QQQ,0.06839803334758454
base,replay_base_2025-08-29,2025-08-29,2026-02-23,120,SOXX,0.49305177722388616
base,replay_base_2025-08-29,2025-08-29,2026-02-23,120,XLI,0.15960513979853042
base,replay_base_2025-08-29,2025-08-29,2026-02-23,120,XLU,0.10922301644031462
base,replay_base_2025-08-29,2025-08-29,2025-09-29,20,QQQ,0.06374861051731517
base,replay_base_2025-08-29,2025-08-29,2025-09-29,20,SOXX,0.12365731101941646
base,replay_base_2025-08-29,2025-08-29,2025-09-29,20,XLI,0.01472000398949425
base,replay_base_2025-08-29,2025-08-29,2025-09-29,20,XLU,0.03416940671908508
base,replay_base_2025-08-29,2025-08-29,2025-11-24,60,QQQ,0.07534544677212496
base,replay_base_2025-08-29,2025-08-29,2025-11-24,60,SOXX,0.18150872379196936
base,replay_base_2025-08-29,2025-08-29,2025-11-24,60,XLI,-0.005626417101632472
base,replay_base_2025-08-29,2025-08-29,2025-11-24,60,XLU,0.05871074577078883
base,replay_base_2025-08-29,2025-08-29,2026-02-23,120,QQQ,0.06839803334758454
base,replay_base_2025-08-29,2025-08-29,2026-02-23,120,SOXX,0.49305177722388616
base,replay_base_2025-08-29,2025-08-29,2026-02-23,120,XLI,0.15960513979853042
base,replay_base_2025-08-29,2025-08-29,2026-02-23,120,XLU,0.10922301644031462
base,replay_base_2025-09-30,2025-09-30,2025-10-28,20,QQQ,0.056689247563875056
base,replay_base_2025-09-30,2025-09-30,2025-10-28,20,SOXX,0.12723463023463022
base,replay_base_2025-09-30,2025-09-30,2025-10-28,20,XLI,0.004982276089010476
base,replay_base_2025-09-30,2025-09-30,2025-10-28,20,XLU,0.02841451132982387
base,replay_base_2025-09-30,2025-09-30,2025-12-24,60,QQQ,0.04170414894685737
base,replay_base_2025-09-30,2025-09-30,2025-12-24,60,SOXX,0.13341594891594888
base,replay_base_2025-09-30,2025-09-30,2025-12-24,60,XLI,0.02316231714071593
base,replay_base_2025-09-30,2025-09-30,2025-12-24,60,XLU,-0.02291302357518876
base,replay_base_2025-09-30,2025-09-30,2026-03-24,120,QQQ,-0.025335331346482356
base,replay_base_2025-09-30,2025-09-30,2026-03-24,120,SOXX,0.2630565785565785
base,replay_base_2025-09-30,2025-09-30,2026-03-24,120,XLI,0.0656475743654904
base,replay_base_2025-09-30,2025-09-30,2026-03-24,120,XLU,0.02927283131151304
base,replay_base_2025-09-30,2025-09-30,2025-10-28,20,QQQ,0.056689247563875056
base,replay_base_2025-09-30,2025-09-30,2025-10-28,20,SOXX,0.12723463023463022
base,replay_base_2025-09-30,2025-09-30,2025-10-28,20,XLI,0.004982276089010476
base,replay_base_2025-09-30,2025-09-30,2025-10-28,20,XLU,0.02841451132982387
base,replay_base_2025-09-30,2025-09-30,2025-12-24,60,QQQ,0.04170414894685737
base,replay_base_2025-09-30,2025-09-30,2025-12-24,60,SOXX,0.13341594891594888
base,replay_base_2025-09-30,2025-09-30,2025-12-24,60,XLI,0.02316231714071593
base,replay_base_2025-09-30,2025-09-30,2025-12-24,60,XLU,-0.02291302357518876
base,replay_base_2025-09-30,2025-09-30,2026-03-24,120,QQQ,-0.025335331346482356
base,replay_base_2025-09-30,2025-09-30,2026-03-24,120,SOXX,0.2630565785565785
base,replay_base_2025-09-30,2025-09-30,2026-03-24,120,XLI,0.0656475743654904
base,replay_base_2025-09-30,2025-09-30,2026-03-24,120,XLU,0.02927283131151304
base,replay_base_2025-09-30,2025-09-30,2025-10-28,20,QQQ,0.056689247563875056
base,replay_base_2025-09-30,2025-09-30,2025-10-28,20,SOXX,0.12723463023463022
base,replay_base_2025-09-30,2025-09-30,2025-10-28,20,XLI,0.004982276089010476
base,replay_base_2025-09-30,2025-09-30,2025-10-28,20,XLU,0.02841451132982387
base,replay_base_2025-09-30,2025-09-30,2025-12-24,60,QQQ,0.04170414894685737
base,replay_base_2025-09-30,2025-09-30,2025-12-24,60,SOXX,0.13341594891594888
base,replay_base_2025-09-30,2025-09-30,2025-12-24,60,XLI,0.02316231714071593
base,replay_base_2025-09-30,2025-09-30,2025-12-24,60,XLU,-0.02291302357518876
base,replay_base_2025-09-30,2025-09-30,2026-03-24,120,QQQ,-0.025335331346482356
base,replay_base_2025-09-30,2025-09-30,2026-03-24,120,SOXX,0.2630565785565785
base,replay_base_2025-09-30,2025-09-30,2026-03-24,120,XLI,0.0656475743654904
base,replay_base_2025-09-30,2025-09-30,2026-03-24,120,XLU,0.02927283131151304
base,replay_base_2025-09-30,2025-09-30,2025-10-28,20,QQQ,0.056689247563875056
base,replay_base_2025-09-30,2025-09-30,2025-10-28,20,SOXX,0.12723463023463022
base,replay_base_2025-09-30,2025-09-30,2025-10-28,20,XLI,0.004982276089010476
base,replay_base_2025-09-30,2025-09-30,2025-10-28,20,XLU,0.02841451132982387
base,replay_base_2025-09-30,2025-09-30,2025-12-24,60,QQQ,0.04170414894685737
base,replay_base_2025-09-30,2025-09-30,2025-12-24,60,SOXX,0.13341594891594888
base,replay_base_2025-09-30,2025-09-30,2025-12-24,60,XLI,0.02316231714071593
base,replay_base_2025-09-30,2025-09-30,2025-12-24,60,XLU,-0.02291302357518876
base,replay_base_2025-09-30,2025-09-30,2026-03-24,120,QQQ,-0.025335331346482356
base,replay_base_2025-09-30,2025-09-30,2026-03-24,120,SOXX,0.2630565785565785
base,replay_base_2025-09-30,2025-09-30,2026-03-24,120,XLI,0.0656475743654904
base,replay_base_2025-09-30,2025-09-30,2026-03-24,120,XLU,0.02927283131151304
base,replay_base_2025-10-31,2025-10-31,2025-12-01,20,QQQ,-0.03130470853076839
base,replay_base_2025-10-31,2025-10-31,2025-12-01,20,SOXX,-0.049021339503792394
base,replay_base_2025-10-31,2025-10-31,2025-12-01,20,XLI,-0.02482334710743794
base,replay_base_2025-10-31,2025-10-31,2025-12-01,20,XLU,-0.00844790789104188
base,replay_base_2025-10-31,2025-10-31,2026-01-29,60,QQQ,-0.01224074744580705
base,replay_base_2025-10-31,2025-10-31,2026-01-29,60,SOXX,0.1573676565111196
base,replay_base_2025-10-31,2025-10-31,2026-01-29,60,XLI,0.06763533057851234
base,replay_base_2025-10-31,2025-10-31,2026-01-29,60,XLU,-0.029677899466442056
base,replay_base_2025-10-31,2025-10-31,2026-04-27,120,QQQ,0.0427314673425373
base,replay_base_2025-10-31,2025-10-31,2026-04-27,120,SOXX,0.4611020696747653
base,replay_base_2025-10-31,2025-10-31,2026-04-27,120,XLI,0.11063636363636353
base,replay_base_2025-10-31,2025-10-31,2026-04-27,120,XLU,0.03446138725077208
base,replay_base_2025-10-31,2025-10-31,2025-12-01,20,QQQ,-0.03130470853076839
base,replay_base_2025-10-31,2025-10-31,2025-12-01,20,SOXX,-0.049021339503792394
base,replay_base_2025-10-31,2025-10-31,2025-12-01,20,XLI,-0.02482334710743794
base,replay_base_2025-10-31,2025-10-31,2025-12-01,20,XLU,-0.00844790789104188
base,replay_base_2025-10-31,2025-10-31,2026-01-29,60,QQQ,-0.01224074744580705
base,replay_base_2025-10-31,2025-10-31,2026-01-29,60,SOXX,0.1573676565111196
base,replay_base_2025-10-31,2025-10-31,2026-01-29,60,XLI,0.06763533057851234
base,replay_base_2025-10-31,2025-10-31,2026-01-29,60,XLU,-0.029677899466442056
base,replay_base_2025-10-31,2025-10-31,2026-04-27,120,QQQ,0.0427314673425373
base,replay_base_2025-10-31,2025-10-31,2026-04-27,120,SOXX,0.4611020696747653
base,replay_base_2025-10-31,2025-10-31,2026-04-27,120,XLI,0.11063636363636353
base,replay_base_2025-10-31,2025-10-31,2026-04-27,120,XLU,0.03446138725077208
base,replay_base_2025-10-31,2025-10-31,2025-12-01,20,QQQ,-0.03130470853076839
base,replay_base_2025-10-31,2025-10-31,2025-12-01,20,SOXX,-0.049021339503792394
base,replay_base_2025-10-31,2025-10-31,2025-12-01,20,XLI,-0.02482334710743794
base,replay_base_2025-10-31,2025-10-31,2025-12-01,20,XLU,-0.00844790789104188
base,replay_base_2025-10-31,2025-10-31,2026-01-29,60,QQQ,-0.01224074744580705
base,replay_base_2025-10-31,2025-10-31,2026-01-29,60,SOXX,0.1573676565111196
base,replay_base_2025-10-31,2025-10-31,2026-01-29,60,XLI,0.06763533057851234
base,replay_base_2025-10-31,2025-10-31,2026-01-29,60,XLU,-0.029677899466442056
base,replay_base_2025-10-31,2025-10-31,2026-04-27,120,QQQ,0.0427314673425373
base,replay_base_2025-10-31,2025-10-31,2026-04-27,120,SOXX,0.4611020696747653
base,replay_base_2025-10-31,2025-10-31,2026-04-27,120,XLI,0.11063636363636353
base,replay_base_2025-10-31,2025-10-31,2026-04-27,120,XLU,0.03446138725077208
base,replay_base_2025-10-31,2025-10-31,2025-12-01,20,QQQ,-0.03130470853076839
base,replay_base_2025-10-31,2025-10-31,2025-12-01,20,SOXX,-0.049021339503792394
base,replay_base_2025-10-31,2025-10-31,2025-12-01,20,XLI,-0.02482334710743794
base,replay_base_2025-10-31,2025-10-31,2025-12-01,20,XLU,-0.00844790789104188
base,replay_base_2025-10-31,2025-10-31,2026-01-29,60,QQQ,-0.01224074744580705
base,replay_base_2025-10-31,2025-10-31,2026-01-29,60,SOXX,0.1573676565111196
base,replay_base_2025-10-31,2025-10-31,2026-01-29,60,XLI,0.06763533057851234
base,replay_base_2025-10-31,2025-10-31,2026-01-29,60,XLU,-0.029677899466442056
base,replay_base_2025-10-31,2025-10-31,2026-04-27,120,QQQ,0.0427314673425373
base,replay_base_2025-10-31,2025-10-31,2026-04-27,120,SOXX,0.4611020696747653
base,replay_base_2025-10-31,2025-10-31,2026-04-27,120,XLI,0.11063636363636353
base,replay_base_2025-10-31,2025-10-31,2026-04-27,120,XLU,0.03446138725077208
base,replay_base_2025-11-28,2025-11-28,2025-12-29,20,QQQ,0.008707674759654508
base,replay_base_2025-11-28,2025-11-28,2025-12-29,20,SOXX,0.039202085359818395
base,replay_base_2025-11-28,2025-11-28,2025-12-29,20,XLI,0.02555644077243391
base,replay_base_2025-11-28,2025-11-28,2025-12-29,20,XLU,-0.05033333333333334
base,replay_base_2025-11-28,2025-11-28,2026-02-26,60,QQQ,-0.010251099885937861
base,replay_base_2025-11-28,2025-11-28,2026-02-26,60,SOXX,0.2143586579975768
base,replay_base_2025-11-28,2025-11-28,2026-02-26,60,XLI,0.1555193928067934
base,replay_base_2025-11-28,2025-11-28,2026-02-26,60,XLU,0.04499999999999982
base,replay_base_2025-11-28,2025-11-28,2026-05-22,120,QQQ,0.16612172071044473
base,replay_base_2025-11-28,2025-11-28,2026-05-22,120,SOXX,0.829966432874281
base,replay_base_2025-11-28,2025-11-28,2026-05-22,120,XLI,0.12306144060850455
base,replay_base_2025-11-28,2025-11-28,2026-05-22,120,XLU,0.004777777777777883
base,replay_base_2025-11-28,2025-11-28,2025-12-29,20,QQQ,0.008707674759654508
base,replay_base_2025-11-28,2025-11-28,2025-12-29,20,SOXX,0.039202085359818395
base,replay_base_2025-11-28,2025-11-28,2025-12-29,20,XLI,0.02555644077243391
base,replay_base_2025-11-28,2025-11-28,2025-12-29,20,XLU,-0.05033333333333334
base,replay_base_2025-11-28,2025-11-28,2026-02-26,60,QQQ,-0.010251099885937861
base,replay_base_2025-11-28,2025-11-28,2026-02-26,60,SOXX,0.2143586579975768
base,replay_base_2025-11-28,2025-11-28,2026-02-26,60,XLI,0.1555193928067934
base,replay_base_2025-11-28,2025-11-28,2026-02-26,60,XLU,0.04499999999999982
base,replay_base_2025-11-28,2025-11-28,2026-05-22,120,QQQ,0.16612172071044473
base,replay_base_2025-11-28,2025-11-28,2026-05-22,120,SOXX,0.829966432874281
base,replay_base_2025-11-28,2025-11-28,2026-05-22,120,XLI,0.12306144060850455
base,replay_base_2025-11-28,2025-11-28,2026-05-22,120,XLU,0.004777777777777883
base,replay_base_2025-11-28,2025-11-28,2025-12-29,20,QQQ,0.008707674759654508
base,replay_base_2025-11-28,2025-11-28,2025-12-29,20,SOXX,0.039202085359818395
base,replay_base_2025-11-28,2025-11-28,2025-12-29,20,XLI,0.02555644077243391
base,replay_base_2025-11-28,2025-11-28,2025-12-29,20,XLU,-0.05033333333333334
base,replay_base_2025-11-28,2025-11-28,2026-02-26,60,QQQ,-0.010251099885937861
base,replay_base_2025-11-28,2025-11-28,2026-02-26,60,SOXX,0.2143586579975768
base,replay_base_2025-11-28,2025-11-28,2026-02-26,60,XLI,0.1555193928067934
base,replay_base_2025-11-28,2025-11-28,2026-02-26,60,XLU,0.04499999999999982
base,replay_base_2025-11-28,2025-11-28,2026-05-22,120,QQQ,0.16612172071044473
base,replay_base_2025-11-28,2025-11-28,2026-05-22,120,SOXX,0.829966432874281
base,replay_base_2025-11-28,2025-11-28,2026-05-22,120,XLI,0.12306144060850455
base,replay_base_2025-11-28,2025-11-28,2026-05-22,120,XLU,0.004777777777777883
base,replay_base_2025-11-28,2025-11-28,2025-12-29,20,QQQ,0.008707674759654508
base,replay_base_2025-11-28,2025-11-28,2025-12-29,20,SOXX,0.039202085359818395
base,replay_base_2025-11-28,2025-11-28,2025-12-29,20,XLI,0.02555644077243391
base,replay_base_2025-11-28,2025-11-28,2025-12-29,20,XLU,-0.05033333333333334
base,replay_base_2025-11-28,2025-11-28,2026-02-26,60,QQQ,-0.010251099885937861
base,replay_base_2025-11-28,2025-11-28,2026-02-26,60,SOXX,0.2143586579975768
base,replay_base_2025-11-28,2025-11-28,2026-02-26,60,XLI,0.1555193928067934
base,replay_base_2025-11-28,2025-11-28,2026-02-26,60,XLU,0.04499999999999982
base,replay_base_2025-11-28,2025-11-28,2026-05-22,120,QQQ,0.16612172071044473
base,replay_base_2025-11-28,2025-11-28,2026-05-22,120,SOXX,0.829966432874281
base,replay_base_2025-11-28,2025-11-28,2026-05-22,120,XLI,0.12306144060850455
base,replay_base_2025-11-28,2025-11-28,2026-05-22,120,XLU,0.004777777777777883
base,replay_base_2025-12-31,2025-12-31,2026-01-30,20,QQQ,-0.00024193548387085612
base,replay_base_2025-12-31,2025-12-31,2026-01-30,20,SOXX,0.11886745719330649
base,replay_base_2025-12-31,2025-12-31,2026-01-30,20,XLI,0.060243139019217185
base,replay_base_2025-12-31,2025-12-31,2026-01-30,20,XLU,0.0071576182136602355
base,replay_base_2025-12-31,2025-12-31,2026-03-30,60,QQQ,-0.10254838709677427
base,replay_base_2025-12-31,2025-12-31,2026-03-30,60,SOXX,0.0004504543908249196
base,replay_base_2025-12-31,2025-12-31,2026-03-30,60,XLI,0.003941320136255369
base,replay_base_2025-12-31,2025-12-31,2026-03-30,60,XLU,0.0695043782837127
base,replay_base_2025-12-31,2025-12-31,2026-06-25,120,QQQ,0.15234677419354836
base,replay_base_2025-12-31,2025-12-31,2026-06-25,120,SOXX,1.0216553595438274
base,replay_base_2025-12-31,2025-12-31,2026-06-25,120,XLI,0.18075216916254255
base,replay_base_2025-12-31,2025-12-31,2026-06-25,120,XLU,0.06810332749562165
base,replay_base_2025-12-31,2025-12-31,2026-01-30,20,QQQ,-0.00024193548387085612
base,replay_base_2025-12-31,2025-12-31,2026-01-30,20,SOXX,0.11886745719330649
base,replay_base_2025-12-31,2025-12-31,2026-01-30,20,XLI,0.060243139019217185
base,replay_base_2025-12-31,2025-12-31,2026-01-30,20,XLU,0.0071576182136602355
base,replay_base_2025-12-31,2025-12-31,2026-03-30,60,QQQ,-0.10254838709677427
base,replay_base_2025-12-31,2025-12-31,2026-03-30,60,SOXX,0.0004504543908249196
base,replay_base_2025-12-31,2025-12-31,2026-03-30,60,XLI,0.003941320136255369
base,replay_base_2025-12-31,2025-12-31,2026-03-30,60,XLU,0.0695043782837127
base,replay_base_2025-12-31,2025-12-31,2026-06-25,120,QQQ,0.15234677419354836
base,replay_base_2025-12-31,2025-12-31,2026-06-25,120,SOXX,1.0216553595438274
base,replay_base_2025-12-31,2025-12-31,2026-06-25,120,XLI,0.18075216916254255
base,replay_base_2025-12-31,2025-12-31,2026-06-25,120,XLU,0.06810332749562165
base,replay_base_2025-12-31,2025-12-31,2026-01-30,20,QQQ,-0.00024193548387085612
base,replay_base_2025-12-31,2025-12-31,2026-01-30,20,SOXX,0.11886745719330649
base,replay_base_2025-12-31,2025-12-31,2026-01-30,20,XLI,0.060243139019217185
base,replay_base_2025-12-31,2025-12-31,2026-01-30,20,XLU,0.0071576182136602355
base,replay_base_2025-12-31,2025-12-31,2026-03-30,60,QQQ,-0.10254838709677427
base,replay_base_2025-12-31,2025-12-31,2026-03-30,60,SOXX,0.0004504543908249196
base,replay_base_2025-12-31,2025-12-31,2026-03-30,60,XLI,0.003941320136255369
base,replay_base_2025-12-31,2025-12-31,2026-03-30,60,XLU,0.0695043782837127
base,replay_base_2025-12-31,2025-12-31,2026-06-25,120,QQQ,0.15234677419354836
base,replay_base_2025-12-31,2025-12-31,2026-06-25,120,SOXX,1.0216553595438274
base,replay_base_2025-12-31,2025-12-31,2026-06-25,120,XLI,0.18075216916254255
base,replay_base_2025-12-31,2025-12-31,2026-06-25,120,XLU,0.06810332749562165
base,replay_base_2025-12-31,2025-12-31,2026-01-30,20,QQQ,-0.00024193548387085612
base,replay_base_2025-12-31,2025-12-31,2026-01-30,20,SOXX,0.11886745719330649
base,replay_base_2025-12-31,2025-12-31,2026-01-30,20,XLI,0.060243139019217185
base,replay_base_2025-12-31,2025-12-31,2026-01-30,20,XLU,0.0071576182136602355
base,replay_base_2025-12-31,2025-12-31,2026-03-30,60,QQQ,-0.10254838709677427
base,replay_base_2025-12-31,2025-12-31,2026-03-30,60,SOXX,0.0004504543908249196
base,replay_base_2025-12-31,2025-12-31,2026-03-30,60,XLI,0.003941320136255369
base,replay_base_2025-12-31,2025-12-31,2026-03-30,60,XLU,0.0695043782837127
base,replay_base_2025-12-31,2025-12-31,2026-06-25,120,QQQ,0.15234677419354836
base,replay_base_2025-12-31,2025-12-31,2026-06-25,120,SOXX,1.0216553595438274
base,replay_base_2025-12-31,2025-12-31,2026-06-25,120,XLI,0.18075216916254255
base,replay_base_2025-12-31,2025-12-31,2026-06-25,120,XLU,0.06810332749562165
base,replay_base_2026-01-30,2026-01-30,2026-03-02,20,QQQ,-0.02022995361166346
base,replay_base_2026-01-30,2026-01-30,2026-03-02,20,SOXX,0.025484618306114707
base,replay_base_2026-01-30,2026-01-30,2026-03-02,20,XLI,0.07977594503798302
base,replay_base_2026-01-30,2026-01-30,2026-03-02,20,XLU,0.09086906823692409
base,replay_base_2026-01-30,2026-01-30,2026-04-28,60,QQQ,0.05987478381742062
base,replay_base_2026-01-30,2026-01-30,2026-04-28,60,SOXX,0.27857410383008563
base,replay_base_2026-01-30,2026-01-30,2026-04-28,60,XLI,0.03207763082231152
base,replay_base_2026-01-30,2026-01-30,2026-04-28,60,XLU,0.06489054381711112
base,replay_base_2026-01-30,2026-01-30,2026-07-24,120,QQQ,0.10309513649808466
base,replay_base_2026-01-30,2026-01-30,2026-07-24,120,SOXX,0.5367177831663207
base,replay_base_2026-01-30,2026-01-30,2026-07-24,120,XLI,0.10247501588934937
base,replay_base_2026-01-30,2026-01-30,2026-07-24,120,XLU,0.06546784435977371
base,replay_base_2026-01-30,2026-01-30,2026-03-02,20,QQQ,-0.02022995361166346
base,replay_base_2026-01-30,2026-01-30,2026-03-02,20,SOXX,0.025484618306114707
base,replay_base_2026-01-30,2026-01-30,2026-03-02,20,XLI,0.07977594503798302
base,replay_base_2026-01-30,2026-01-30,2026-03-02,20,XLU,0.09086906823692409
base,replay_base_2026-01-30,2026-01-30,2026-04-28,60,QQQ,0.05987478381742062
base,replay_base_2026-01-30,2026-01-30,2026-04-28,60,SOXX,0.27857410383008563
base,replay_base_2026-01-30,2026-01-30,2026-04-28,60,XLI,0.03207763082231152
base,replay_base_2026-01-30,2026-01-30,2026-04-28,60,XLU,0.06489054381711112
base,replay_base_2026-01-30,2026-01-30,2026-07-24,120,QQQ,0.10309513649808466
base,replay_base_2026-01-30,2026-01-30,2026-07-24,120,SOXX,0.5367177831663207
base,replay_base_2026-01-30,2026-01-30,2026-07-24,120,XLI,0.10247501588934937
base,replay_base_2026-01-30,2026-01-30,2026-07-24,120,XLU,0.06546784435977371
base,replay_base_2026-01-30,2026-01-30,2026-03-02,20,QQQ,-0.02022995361166346
base,replay_base_2026-01-30,2026-01-30,2026-03-02,20,SOXX,0.025484618306114707
base,replay_base_2026-01-30,2026-01-30,2026-03-02,20,XLI,0.07977594503798302
base,replay_base_2026-01-30,2026-01-30,2026-03-02,20,XLU,0.09086906823692409
base,replay_base_2026-01-30,2026-01-30,2026-04-28,60,QQQ,0.05987478381742062
base,replay_base_2026-01-30,2026-01-30,2026-04-28,60,SOXX,0.27857410383008563
base,replay_base_2026-01-30,2026-01-30,2026-04-28,60,XLI,0.03207763082231152
base,replay_base_2026-01-30,2026-01-30,2026-04-28,60,XLU,0.06489054381711112
base,replay_base_2026-01-30,2026-01-30,2026-07-24,120,QQQ,0.10309513649808466
base,replay_base_2026-01-30,2026-01-30,2026-07-24,120,SOXX,0.5367177831663207
base,replay_base_2026-01-30,2026-01-30,2026-07-24,120,XLI,0.10247501588934937
base,replay_base_2026-01-30,2026-01-30,2026-07-24,120,XLU,0.06546784435977371
base,replay_base_2026-01-30,2026-01-30,2026-03-02,20,QQQ,-0.02022995361166346
base,replay_base_2026-01-30,2026-01-30,2026-03-02,20,SOXX,0.025484618306114707
base,replay_base_2026-01-30,2026-01-30,2026-03-02,20,XLI,0.07977594503798302
base,replay_base_2026-01-30,2026-01-30,2026-03-02,20,XLU,0.09086906823692409
base,replay_base_2026-01-30,2026-01-30,2026-04-28,60,QQQ,0.05987478381742062
base,replay_base_2026-01-30,2026-01-30,2026-04-28,60,SOXX,0.27857410383008563
base,replay_base_2026-01-30,2026-01-30,2026-04-28,60,XLI,0.03207763082231152
base,replay_base_2026-01-30,2026-01-30,2026-04-28,60,XLU,0.06489054381711112
base,replay_base_2026-01-30,2026-01-30,2026-07-24,120,QQQ,0.10309513649808466
base,replay_base_2026-01-30,2026-01-30,2026-07-24,120,SOXX,0.5367177831663207
base,replay_base_2026-01-30,2026-01-30,2026-07-24,120,XLI,0.10247501588934937
base,replay_base_2026-01-30,2026-01-30,2026-07-24,120,XLU,0.06546784435977371
base,replay_base_2026-02-27,2026-02-27,2026-03-27,20,QQQ,-0.06377809317081318
base,replay_base_2026-02-27,2026-02-27,2026-03-27,20,SOXX,-0.061270512559303714
base,replay_base_2026-02-27,2026-02-27,2026-03-27,20,XLI,-0.1009825456194039
base,replay_base_2026-02-27,2026-02-27,2026-03-27,20,XLU,-0.04066617429837527
base,replay_base_2026-02-27,2026-02-27,2026-05-26,60,QQQ,0.2160849891467692
base,replay_base_2026-02-27,2026-02-27,2026-05-26,60,SOXX,0.6573021218383442
base,replay_base_2026-02-27,2026-02-27,2026-05-26,60,XLI,-0.01518406437719599
base,replay_base_2026-02-27,2026-02-27,2026-05-26,60,XLU,-0.04604705634100015
base,replay_base_2026-02-27,2026-02-27,2026-08-20,120,QQQ,0.1840596092836867
base,replay_base_2026-02-27,2026-02-27,2026-08-20,120,SOXX,0.5177381319672848
base,replay_base_2026-02-27,2026-02-27,2026-08-20,120,XLI,0.015644452000453394
base,replay_base_2026-02-27,2026-02-27,2026-08-20,120,XLU,-0.07938742350706895
base,replay_base_2026-02-27,2026-02-27,2026-03-27,20,QQQ,-0.06377809317081318
base,replay_base_2026-02-27,2026-02-27,2026-03-27,20,SOXX,-0.061270512559303714
base,replay_base_2026-02-27,2026-02-27,2026-03-27,20,XLI,-0.1009825456194039
base,replay_base_2026-02-27,2026-02-27,2026-03-27,20,XLU,-0.04066617429837527
base,replay_base_2026-02-27,2026-02-27,2026-05-26,60,QQQ,0.2160849891467692
base,replay_base_2026-02-27,2026-02-27,2026-05-26,60,SOXX,0.6573021218383442
base,replay_base_2026-02-27,2026-02-27,2026-05-26,60,XLI,-0.01518406437719599
base,replay_base_2026-02-27,2026-02-27,2026-05-26,60,XLU,-0.04604705634100015
base,replay_base_2026-02-27,2026-02-27,2026-08-20,120,QQQ,0.1840596092836867
base,replay_base_2026-02-27,2026-02-27,2026-08-20,120,SOXX,0.5177381319672848
base,replay_base_2026-02-27,2026-02-27,2026-08-20,120,XLI,0.015644452000453394
base,replay_base_2026-02-27,2026-02-27,2026-08-20,120,XLU,-0.07938742350706895
base,replay_base_2026-02-27,2026-02-27,2026-03-27,20,QQQ,-0.06377809317081318
base,replay_base_2026-02-27,2026-02-27,2026-03-27,20,SOXX,-0.061270512559303714
base,replay_base_2026-02-27,2026-02-27,2026-03-27,20,XLI,-0.1009825456194039
base,replay_base_2026-02-27,2026-02-27,2026-03-27,20,XLU,-0.04066617429837527
base,replay_base_2026-02-27,2026-02-27,2026-05-26,60,QQQ,0.2160849891467692
base,replay_base_2026-02-27,2026-02-27,2026-05-26,60,SOXX,0.6573021218383442
base,replay_base_2026-02-27,2026-02-27,2026-05-26,60,XLI,-0.01518406437719599
base,replay_base_2026-02-27,2026-02-27,2026-05-26,60,XLU,-0.04604705634100015
base,replay_base_2026-02-27,2026-02-27,2026-08-20,120,QQQ,0.1840596092836867
base,replay_base_2026-02-27,2026-02-27,2026-08-20,120,SOXX,0.5177381319672848
base,replay_base_2026-02-27,2026-02-27,2026-08-20,120,XLI,0.015644452000453394
base,replay_base_2026-02-27,2026-02-27,2026-08-20,120,XLU,-0.07938742350706895
base,replay_base_2026-02-27,2026-02-27,2026-03-27,20,QQQ,-0.06377809317081318
base,replay_base_2026-02-27,2026-02-27,2026-03-27,20,SOXX,-0.061270512559303714
base,replay_base_2026-02-27,2026-02-27,2026-03-27,20,XLI,-0.1009825456194039
base,replay_base_2026-02-27,2026-02-27,2026-03-27,20,XLU,-0.04066617429837527
base,replay_base_2026-02-27,2026-02-27,2026-05-26,60,QQQ,0.2160849891467692
base,replay_base_2026-02-27,2026-02-27,2026-05-26,60,SOXX,0.6573021218383442
base,replay_base_2026-02-27,2026-02-27,2026-05-26,60,XLI,-0.01518406437719599
base,replay_base_2026-02-27,2026-02-27,2026-05-26,60,XLU,-0.04604705634100015
base,replay_base_2026-02-27,2026-02-27,2026-08-20,120,QQQ,0.1840596092836867
base,replay_base_2026-02-27,2026-02-27,2026-08-20,120,SOXX,0.5177381319672848
base,replay_base_2026-02-27,2026-02-27,2026-08-20,120,XLI,0.015644452000453394
base,replay_base_2026-02-27,2026-02-27,2026-08-20,120,XLU,-0.07938742350706895
base,replay_base_2026-03-31,2026-03-31,2026-04-29,20,QQQ,0.1346713153233713
base,replay_base_2026-03-31,2026-03-31,2026-04-29,20,SOXX,0.34648574170140034
base,replay_base_2026-03-31,2026-03-31,2026-04-29,20,XLI,0.0364519542479661
base,replay_base_2026-03-31,2026-03-31,2026-04-29,20,XLU,-0.005184837229626369
base,replay_base_2026-03-31,2026-03-31,2026-06-26,60,QQQ,0.2103853799460046
base,replay_base_2026-03-31,2026-03-31,2026-06-26,60,SOXX,0.7648491109178684
base,replay_base_2026-03-31,2026-03-31,2026-06-26,60,XLI,0.10501883907272613
base,replay_base_2026-03-31,2026-03-31,2026-06-26,60,XLU,0.0059578326414681
base,replay_base_2026-03-31,2026-03-31,2026-09-22,120,QQQ,0.2822819287053119
base,replay_base_2026-03-31,2026-03-31,2026-09-22,120,SOXX,0.7142928723499956
base,replay_base_2026-03-31,2026-03-31,2026-09-22,120,XLI,0.038592757966848024
base,replay_base_2026-03-31,2026-03-31,2026-09-22,120,XLU,-0.11770395455538563
base,replay_base_2026-03-31,2026-03-31,2026-04-29,20,QQQ,0.1346713153233713
base,replay_base_2026-03-31,2026-03-31,2026-04-29,20,SOXX,0.34648574170140034
base,replay_base_2026-03-31,2026-03-31,2026-04-29,20,XLI,0.0364519542479661
base,replay_base_2026-03-31,2026-03-31,2026-04-29,20,XLU,-0.005184837229626369
base,replay_base_2026-03-31,2026-03-31,2026-06-26,60,QQQ,0.2103853799460046
base,replay_base_2026-03-31,2026-03-31,2026-06-26,60,SOXX,0.7648491109178684
base,replay_base_2026-03-31,2026-03-31,2026-06-26,60,XLI,0.10501883907272613
base,replay_base_2026-03-31,2026-03-31,2026-06-26,60,XLU,0.0059578326414681
base,replay_base_2026-03-31,2026-03-31,2026-09-22,120,QQQ,0.2822819287053119
base,replay_base_2026-03-31,2026-03-31,2026-09-22,120,SOXX,0.7142928723499956
base,replay_base_2026-03-31,2026-03-31,2026-09-22,120,XLI,0.038592757966848024
base,replay_base_2026-03-31,2026-03-31,2026-09-22,120,XLU,-0.11770395455538563
base,replay_base_2026-03-31,2026-03-31,2026-04-29,20,QQQ,0.1346713153233713
base,replay_base_2026-03-31,2026-03-31,2026-04-29,20,SOXX,0.34648574170140034
base,replay_base_2026-03-31,2026-03-31,2026-04-29,20,XLI,0.0364519542479661
base,replay_base_2026-03-31,2026-03-31,2026-04-29,20,XLU,-0.005184837229626369
base,replay_base_2026-03-31,2026-03-31,2026-06-26,60,QQQ,0.2103853799460046
base,replay_base_2026-03-31,2026-03-31,2026-06-26,60,SOXX,0.7648491109178684
base,replay_base_2026-03-31,2026-03-31,2026-06-26,60,XLI,0.10501883907272613
base,replay_base_2026-03-31,2026-03-31,2026-06-26,60,XLU,0.0059578326414681
base,replay_base_2026-03-31,2026-03-31,2026-09-22,120,QQQ,0.2822819287053119
base,replay_base_2026-03-31,2026-03-31,2026-09-22,120,SOXX,0.7142928723499956
base,replay_base_2026-03-31,2026-03-31,2026-09-22,120,XLI,0.038592757966848024
base,replay_base_2026-03-31,2026-03-31,2026-09-22,120,XLU,-0.11770395455538563
base,replay_base_2026-03-31,2026-03-31,2026-04-29,20,QQQ,0.1346713153233713
base,replay_base_2026-03-31,2026-03-31,2026-04-29,20,SOXX,0.34648574170140034
base,replay_base_2026-03-31,2026-03-31,2026-04-29,20,XLI,0.0364519542479661
base,replay_base_2026-03-31,2026-03-31,2026-04-29,20,XLU,-0.005184837229626369
base,replay_base_2026-03-31,2026-03-31,2026-06-26,60,QQQ,0.2103853799460046
base,replay_base_2026-03-31,2026-03-31,2026-06-26,60,SOXX,0.7648491109178684
base,replay_base_2026-03-31,2026-03-31,2026-06-26,60,XLI,0.10501883907272613
base,replay_base_2026-03-31,2026-03-31,2026-06-26,60,XLU,0.0059578326414681
base,replay_base_2026-03-31,2026-03-31,2026-09-22,120,QQQ,0.2822819287053119
base,replay_base_2026-03-31,2026-03-31,2026-09-22,120,SOXX,0.7142928723499956
base,replay_base_2026-03-31,2026-03-31,2026-09-22,120,XLI,0.038592757966848024
base,replay_base_2026-03-31,2026-03-31,2026-09-22,120,XLU,-0.11770395455538563
base,replay_base_2026-04-30,2026-04-30,2026-05-29,20,QQQ,0.10023853361828061
base,replay_base_2026-04-30,2026-04-30,2026-05-29,20,SOXX,0.23888426830199794
base,replay_base_2026-04-30,2026-04-30,2026-05-29,20,XLI,-0.014811697574892976
base,replay_base_2026-04-30,2026-04-30,2026-05-29,20,XLU,-0.05466524338172507
base,replay_base_2026-04-30,2026-04-30,2026-07-28,60,QQQ,0.0063703764589840865
base,replay_base_2026-04-30,2026-04-30,2026-07-28,60,SOXX,0.06861485328939476
base,replay_base_2026-04-30,2026-04-30,2026-07-28,60,XLI,0.038426533523537754
base,replay_base_2026-04-30,2026-04-30,2026-07-28,60,XLU,-0.03128778821520073
base,replay_base_2026-04-30,2026-04-30,2026-10-25,120,QQQ,
base,replay_base_2026-04-30,2026-04-30,2026-10-25,120,SOXX,
base,replay_base_2026-04-30,2026-04-30,2026-10-25,120,XLI,
base,replay_base_2026-04-30,2026-04-30,2026-10-25,120,XLU,
base,replay_base_2026-04-30,2026-04-30,2026-05-29,20,QQQ,0.10023853361828061
base,replay_base_2026-04-30,2026-04-30,2026-05-29,20,SOXX,0.23888426830199794
base,replay_base_2026-04-30,2026-04-30,2026-05-29,20,XLI,-0.014811697574892976
base,replay_base_2026-04-30,2026-04-30,2026-05-29,20,XLU,-0.05466524338172507
base,replay_base_2026-04-30,2026-04-30,2026-07-28,60,QQQ,0.0063703764589840865
base,replay_base_2026-04-30,2026-04-30,2026-07-28,60,SOXX,0.06861485328939476
base,replay_base_2026-04-30,2026-04-30,2026-07-28,60,XLI,0.038426533523537754
base,replay_base_2026-04-30,2026-04-30,2026-07-28,60,XLU,-0.03128778821520073
base,replay_base_2026-04-30,2026-04-30,2026-10-25,120,QQQ,
base,replay_base_2026-04-30,2026-04-30,2026-10-25,120,SOXX,
base,replay_base_2026-04-30,2026-04-30,2026-10-25,120,XLI,
base,replay_base_2026-04-30,2026-04-30,2026-10-25,120,XLU,
base,replay_base_2026-04-30,2026-04-30,2026-05-29,20,QQQ,0.10023853361828061
base,replay_base_2026-04-30,2026-04-30,2026-05-29,20,SOXX,0.23888426830199794
base,replay_base_2026-04-30,2026-04-30,2026-05-29,20,XLI,-0.014811697574892976
base,replay_base_2026-04-30,2026-04-30,2026-05-29,20,XLU,-0.05466524338172507
base,replay_base_2026-04-30,2026-04-30,2026-07-28,60,QQQ,0.0063703764589840865
base,replay_base_2026-04-30,2026-04-30,2026-07-28,60,SOXX,0.06861485328939476
base,replay_base_2026-04-30,2026-04-30,2026-07-28,60,XLI,0.038426533523537754
base,replay_base_2026-04-30,2026-04-30,2026-07-28,60,XLU,-0.03128778821520073
base,replay_base_2026-04-30,2026-04-30,2026-10-25,120,QQQ,
base,replay_base_2026-04-30,2026-04-30,2026-10-25,120,SOXX,
base,replay_base_2026-04-30,2026-04-30,2026-10-25,120,XLI,
base,replay_base_2026-04-30,2026-04-30,2026-10-25,120,XLU,
base,replay_base_2026-04-30,2026-04-30,2026-05-29,20,QQQ,0.10023853361828061
base,replay_base_2026-04-30,2026-04-30,2026-05-29,20,SOXX,0.23888426830199794
base,replay_base_2026-04-30,2026-04-30,2026-05-29,20,XLI,-0.014811697574892976
base,replay_base_2026-04-30,2026-04-30,2026-05-29,20,XLU,-0.05466524338172507
base,replay_base_2026-04-30,2026-04-30,2026-07-28,60,QQQ,0.0063703764589840865
base,replay_base_2026-04-30,2026-04-30,2026-07-28,60,SOXX,0.06861485328939476
base,replay_base_2026-04-30,2026-04-30,2026-07-28,60,XLI,0.038426533523537754
base,replay_base_2026-04-30,2026-04-30,2026-07-28,60,XLU,-0.03128778821520073
base,replay_base_2026-04-30,2026-04-30,2026-10-25,120,QQQ,
base,replay_base_2026-04-30,2026-04-30,2026-10-25,120,SOXX,
base,replay_base_2026-04-30,2026-04-30,2026-10-25,120,XLI,
base,replay_base_2026-04-30,2026-04-30,2026-10-25,120,XLU,
base,replay_base_2026-05-29,2026-05-29,2026-06-29,20,QQQ,-0.02110660518106588
base,replay_base_2026-05-29,2026-05-29,2026-06-29,20,SOXX,0.08588199033216559
base,replay_base_2026-05-29,2026-05-29,2026-06-29,20,XLI,0.06269513261439796
base,replay_base_2026-05-29,2026-05-29,2026-06-29,20,XLU,0.04529157175398646
base,replay_base_2026-05-29,2026-05-29,2026-08-25,60,QQQ,-0.03913183236131834
base,replay_base_2026-05-29,2026-05-29,2026-08-25,60,SOXX,-0.09103051133087947
base,replay_base_2026-05-29,2026-05-29,2026-08-25,60,XLI,0.03693004954823664
base,replay_base_2026-05-29,2026-05-29,2026-08-25,60,XLU,-0.016667425968109325
base,replay_base_2026-05-29,2026-05-29,2026-11-23,120,QQQ,
base,replay_base_2026-05-29,2026-05-29,2026-11-23,120,SOXX,
base,replay_base_2026-05-29,2026-05-29,2026-11-23,120,XLI,
base,replay_base_2026-05-29,2026-05-29,2026-11-23,120,XLU,
base,replay_base_2026-05-29,2026-05-29,2026-06-29,20,QQQ,-0.02110660518106588
base,replay_base_2026-05-29,2026-05-29,2026-06-29,20,SOXX,0.08588199033216559
base,replay_base_2026-05-29,2026-05-29,2026-06-29,20,XLI,0.06269513261439796
base,replay_base_2026-05-29,2026-05-29,2026-06-29,20,XLU,0.04529157175398646
base,replay_base_2026-05-29,2026-05-29,2026-08-25,60,QQQ,-0.03913183236131834
base,replay_base_2026-05-29,2026-05-29,2026-08-25,60,SOXX,-0.09103051133087947
base,replay_base_2026-05-29,2026-05-29,2026-08-25,60,XLI,0.03693004954823664
base,replay_base_2026-05-29,2026-05-29,2026-08-25,60,XLU,-0.016667425968109325
base,replay_base_2026-05-29,2026-05-29,2026-11-23,120,QQQ,
base,replay_base_2026-05-29,2026-05-29,2026-11-23,120,SOXX,
base,replay_base_2026-05-29,2026-05-29,2026-11-23,120,XLI,
base,replay_base_2026-05-29,2026-05-29,2026-11-23,120,XLU,
base,replay_base_2026-05-29,2026-05-29,2026-06-29,20,QQQ,-0.02110660518106588
base,replay_base_2026-05-29,2026-05-29,2026-06-29,20,SOXX,0.08588199033216559
base,replay_base_2026-05-29,2026-05-29,2026-06-29,20,XLI,0.06269513261439796
base,replay_base_2026-05-29,2026-05-29,2026-06-29,20,XLU,0.04529157175398646
base,replay_base_2026-05-29,2026-05-29,2026-08-25,60,QQQ,-0.03913183236131834
base,replay_base_2026-05-29,2026-05-29,2026-08-25,60,SOXX,-0.09103051133087947
base,replay_base_2026-05-29,2026-05-29,2026-08-25,60,XLI,0.03693004954823664
base,replay_base_2026-05-29,2026-05-29,2026-08-25,60,XLU,-0.016667425968109325
base,replay_base_2026-05-29,2026-05-29,2026-11-23,120,QQQ,
base,replay_base_2026-05-29,2026-05-29,2026-11-23,120,SOXX,
base,replay_base_2026-05-29,2026-05-29,2026-11-23,120,XLI,
base,replay_base_2026-05-29,2026-05-29,2026-11-23,120,XLU,
base,replay_base_2026-05-29,2026-05-29,2026-06-29,20,QQQ,-0.02110660518106588
base,replay_base_2026-05-29,2026-05-29,2026-06-29,20,SOXX,0.08588199033216559
base,replay_base_2026-05-29,2026-05-29,2026-06-29,20,XLI,0.06269513261439796
base,replay_base_2026-05-29,2026-05-29,2026-06-29,20,XLU,0.04529157175398646
base,replay_base_2026-05-29,2026-05-29,2026-08-25,60,QQQ,-0.03913183236131834
base,replay_base_2026-05-29,2026-05-29,2026-08-25,60,SOXX,-0.09103051133087947
base,replay_base_2026-05-29,2026-05-29,2026-08-25,60,XLI,0.03693004954823664
base,replay_base_2026-05-29,2026-05-29,2026-08-25,60,XLU,-0.016667425968109325
base,replay_base_2026-05-29,2026-05-29,2026-11-23,120,QQQ,
base,replay_base_2026-05-29,2026-05-29,2026-11-23,120,SOXX,
base,replay_base_2026-05-29,2026-05-29,2026-11-23,120,XLI,
base,replay_base_2026-05-29,2026-05-29,2026-11-23,120,XLU,
base,replay_base_2026-06-30,2026-06-30,2026-07-29,20,QQQ,-0.09569811230192204
base,replay_base_2026-06-30,2026-06-30,2026-07-29,20,SOXX,-0.24983811129848232
base,replay_base_2026-06-30,2026-06-30,2026-07-29,20,XLI,-0.04508927699734222
base,replay_base_2026-06-30,2026-06-30,2026-07-29,20,XLU,-0.0102960424497015
base,replay_base_2026-06-30,2026-06-30,2026-09-24,60,QQQ,0.013312508999650311
base,replay_base_2026-06-30,2026-06-30,2026-09-24,60,SOXX,-0.08606849137371908
base,replay_base_2026-06-30,2026-06-30,2026-09-24,60,XLI,-0.08707007647665022
base,replay_base_2026-06-30,2026-06-30,2026-09-24,60,XLU,-0.13256002653106347
base,replay_base_2026-06-30,2026-06-30,2026-12-25,120,QQQ,
base,replay_base_2026-06-30,2026-06-30,2026-12-25,120,SOXX,
base,replay_base_2026-06-30,2026-06-30,2026-12-25,120,XLI,
base,replay_base_2026-06-30,2026-06-30,2026-12-25,120,XLU,
base,replay_base_2026-06-30,2026-06-30,2026-07-29,20,QQQ,-0.09569811230192204
base,replay_base_2026-06-30,2026-06-30,2026-07-29,20,SOXX,-0.24983811129848232
base,replay_base_2026-06-30,2026-06-30,2026-07-29,20,XLI,-0.04508927699734222
base,replay_base_2026-06-30,2026-06-30,2026-07-29,20,XLU,-0.0102960424497015
base,replay_base_2026-06-30,2026-06-30,2026-09-24,60,QQQ,0.013312508999650311
base,replay_base_2026-06-30,2026-06-30,2026-09-24,60,SOXX,-0.08606849137371908
base,replay_base_2026-06-30,2026-06-30,2026-09-24,60,XLI,-0.08707007647665022
base,replay_base_2026-06-30,2026-06-30,2026-09-24,60,XLU,-0.13256002653106347
base,replay_base_2026-06-30,2026-06-30,2026-12-25,120,QQQ,
base,replay_base_2026-06-30,2026-06-30,2026-12-25,120,SOXX,
base,replay_base_2026-06-30,2026-06-30,2026-12-25,120,XLI,
base,replay_base_2026-06-30,2026-06-30,2026-12-25,120,XLU,
base,replay_base_2026-06-30,2026-06-30,2026-07-29,20,QQQ,-0.09569811230192204
base,replay_base_2026-06-30,2026-06-30,2026-07-29,20,SOXX,-0.24983811129848232
base,replay_base_2026-06-30,2026-06-30,2026-07-29,20,XLI,-0.04508927699734222
base,replay_base_2026-06-30,2026-06-30,2026-07-29,20,XLU,-0.0102960424497015
base,replay_base_2026-06-30,2026-06-30,2026-09-24,60,QQQ,0.013312508999650311
base,replay_base_2026-06-30,2026-06-30,2026-09-24,60,SOXX,-0.08606849137371908
base,replay_base_2026-06-30,2026-06-30,2026-09-24,60,XLI,-0.08707007647665022
base,replay_base_2026-06-30,2026-06-30,2026-09-24,60,XLU,-0.13256002653106347
base,replay_base_2026-06-30,2026-06-30,2026-12-25,120,QQQ,
base,replay_base_2026-06-30,2026-06-30,2026-12-25,120,SOXX,
base,replay_base_2026-06-30,2026-06-30,2026-12-25,120,XLI,
base,replay_base_2026-06-30,2026-06-30,2026-12-25,120,XLU,
base,replay_base_2026-06-30,2026-06-30,2026-07-29,20,QQQ,-0.09569811230192204
base,replay_base_2026-06-30,2026-06-30,2026-07-29,20,SOXX,-0.24983811129848232
base,replay_base_2026-06-30,2026-06-30,2026-07-29,20,XLI,-0.04508927699734222
base,replay_base_2026-06-30,2026-06-30,2026-07-29,20,XLU,-0.0102960424497015
base,replay_base_2026-06-30,2026-06-30,2026-09-24,60,QQQ,0.013312508999650311
base,replay_base_2026-06-30,2026-06-30,2026-09-24,60,SOXX,-0.08606849137371908
base,replay_base_2026-06-30,2026-06-30,2026-09-24,60,XLI,-0.08707007647665022
base,replay_base_2026-06-30,2026-06-30,2026-09-24,60,XLU,-0.13256002653106347
base,replay_base_2026-06-30,2026-06-30,2026-12-25,120,QQQ,
base,replay_base_2026-06-30,2026-06-30,2026-12-25,120,SOXX,
base,replay_base_2026-06-30,2026-06-30,2026-12-25,120,XLI,
base,replay_base_2026-06-30,2026-06-30,2026-12-25,120,XLU,
base,replay_base_2026-07-31,2026-07-31,2026-08-28,20,QQQ,0.037898458498598075
base,replay_base_2026-07-31,2026-07-31,2026-08-28,20,SOXX,0.02816883116883118
base,replay_base_2026-07-31,2026-07-31,2026-08-28,20,XLI,-0.021701169169391018
base,replay_base_2026-07-31,2026-07-31,2026-08-28,20,XLU,-0.03779439674649798
base,replay_base_2026-07-31,2026-07-31,2026-11-02,60,QQQ,
base,replay_base_2026-07-31,2026-07-31,2026-11-02,60,SOXX,
base,replay_base_2026-07-31,2026-07-31,2026-11-02,60,XLI,
base,replay_base_2026-07-31,2026-07-31,2026-11-02,60,XLU,
base,replay_base_2026-07-31,2026-07-31,2027-01-25,120,QQQ,
base,replay_base_2026-07-31,2026-07-31,2027-01-25,120,SOXX,
base,replay_base_2026-07-31,2026-07-31,2027-01-25,120,XLI,
base,replay_base_2026-07-31,2026-07-31,2027-01-25,120,XLU,
base,replay_base_2026-07-31,2026-07-31,2026-08-28,20,QQQ,0.037898458498598075
base,replay_base_2026-07-31,2026-07-31,2026-08-28,20,SOXX,0.02816883116883118
base,replay_base_2026-07-31,2026-07-31,2026-08-28,20,XLI,-0.021701169169391018
base,replay_base_2026-07-31,2026-07-31,2026-08-28,20,XLU,-0.03779439674649798
base,replay_base_2026-07-31,2026-07-31,2026-11-02,60,QQQ,
base,replay_base_2026-07-31,2026-07-31,2026-11-02,60,SOXX,
base,replay_base_2026-07-31,2026-07-31,2026-11-02,60,XLI,
base,replay_base_2026-07-31,2026-07-31,2026-11-02,60,XLU,
base,replay_base_2026-07-31,2026-07-31,2027-01-25,120,QQQ,
base,replay_base_2026-07-31,2026-07-31,2027-01-25,120,SOXX,
base,replay_base_2026-07-31,2026-07-31,2027-01-25,120,XLI,
base,replay_base_2026-07-31,2026-07-31,2027-01-25,120,XLU,
base,replay_base_2026-07-31,2026-07-31,2026-08-28,20,QQQ,0.037898458498598075
base,replay_base_2026-07-31,2026-07-31,2026-08-28,20,SOXX,0.02816883116883118
base,replay_base_2026-07-31,2026-07-31,2026-08-28,20,XLI,-0.021701169169391018
base,replay_base_2026-07-31,2026-07-31,2026-08-28,20,XLU,-0.03779439674649798
base,replay_base_2026-07-31,2026-07-31,2026-11-02,60,QQQ,
base,replay_base_2026-07-31,2026-07-31,2026-11-02,60,SOXX,
base,replay_base_2026-07-31,2026-07-31,2026-11-02,60,XLI,
base,replay_base_2026-07-31,2026-07-31,2026-11-02,60,XLU,
base,replay_base_2026-07-31,2026-07-31,2027-01-25,120,QQQ,
base,replay_base_2026-07-31,2026-07-31,2027-01-25,120,SOXX,
base,replay_base_2026-07-31,2026-07-31,2027-01-25,120,XLI,
base,replay_base_2026-07-31,2026-07-31,2027-01-25,120,XLU,
base,replay_base_2026-07-31,2026-07-31,2026-08-28,20,QQQ,0.037898458498598075
base,replay_base_2026-07-31,2026-07-31,2026-08-28,20,SOXX,0.02816883116883118
base,replay_base_2026-07-31,2026-07-31,2026-08-28,20,XLI,-0.021701169169391018
base,replay_base_2026-07-31,2026-07-31,2026-08-28,20,XLU,-0.03779439674649798
base,replay_base_2026-07-31,2026-07-31,2026-11-02,60,QQQ,
base,replay_base_2026-07-31,2026-07-31,2026-11-02,60,SOXX,
base,replay_base_2026-07-31,2026-07-31,2026-11-02,60,XLI,
base,replay_base_2026-07-31,2026-07-31,2026-11-02,60,XLU,
base,replay_base_2026-07-31,2026-07-31,2027-01-25,120,QQQ,
base,replay_base_2026-07-31,2026-07-31,2027-01-25,120,SOXX,
base,replay_base_2026-07-31,2026-07-31,2027-01-25,120,XLI,
base,replay_base_2026-07-31,2026-07-31,2027-01-25,120,XLU,
base,replay_base_2026-08-31,2026-08-31,2026-09-29,20,QQQ,0.040259443564804376
base,replay_base_2026-08-31,2026-08-31,2026-09-29,20,SOXX,0.12864612500498562
base,replay_base_2026-08-31,2026-08-31,2026-09-29,20,XLI,-0.032828486204325213
base,replay_base_2026-08-31,2026-08-31,2026-09-29,20,XLU,-0.06422931442080371
base,replay_base_2026-08-31,2026-08-31,2026-12-03,60,QQQ,
base,replay_base_2026-08-31,2026-08-31,2026-12-03,60,SOXX,
base,replay_base_2026-08-31,2026-08-31,2026-12-03,60,XLI,
base,replay_base_2026-08-31,2026-08-31,2026-12-03,60,XLU,
base,replay_base_2026-08-31,2026-08-31,2027-02-25,120,QQQ,
base,replay_base_2026-08-31,2026-08-31,2027-02-25,120,SOXX,
base,replay_base_2026-08-31,2026-08-31,2027-02-25,120,XLI,
base,replay_base_2026-08-31,2026-08-31,2027-02-25,120,XLU,
base,replay_base_2026-08-31,2026-08-31,2026-09-29,20,QQQ,0.040259443564804376
base,replay_base_2026-08-31,2026-08-31,2026-09-29,20,SOXX,0.12864612500498562
base,replay_base_2026-08-31,2026-08-31,2026-09-29,20,XLI,-0.032828486204325213
base,replay_base_2026-08-31,2026-08-31,2026-09-29,20,XLU,-0.06422931442080371
base,replay_base_2026-08-31,2026-08-31,2026-12-03,60,QQQ,
base,replay_base_2026-08-31,2026-08-31,2026-12-03,60,SOXX,
base,replay_base_2026-08-31,2026-08-31,2026-12-03,60,XLI,
base,replay_base_2026-08-31,2026-08-31,2026-12-03,60,XLU,
base,replay_base_2026-08-31,2026-08-31,2027-02-25,120,QQQ,
base,replay_base_2026-08-31,2026-08-31,2027-02-25,120,SOXX,
base,replay_base_2026-08-31,2026-08-31,2027-02-25,120,XLI,
base,replay_base_2026-08-31,2026-08-31,2027-02-25,120,XLU,
base,replay_base_2026-08-31,2026-08-31,2026-09-29,20,QQQ,0.040259443564804376
base,replay_base_2026-08-31,2026-08-31,2026-09-29,20,SOXX,0.12864612500498562
base,replay_base_2026-08-31,2026-08-31,2026-09-29,20,XLI,-0.032828486204325213
base,replay_base_2026-08-31,2026-08-31,2026-09-29,20,XLU,-0.06422931442080371
base,replay_base_2026-08-31,2026-08-31,2026-12-03,60,QQQ,
base,replay_base_2026-08-31,2026-08-31,2026-12-03,60,SOXX,
base,replay_base_2026-08-31,2026-08-31,2026-12-03,60,XLI,
base,replay_base_2026-08-31,2026-08-31,2026-12-03,60,XLU,
base,replay_base_2026-08-31,2026-08-31,2027-02-25,120,QQQ,
base,replay_base_2026-08-31,2026-08-31,2027-02-25,120,SOXX,
base,replay_base_2026-08-31,2026-08-31,2027-02-25,120,XLI,
base,replay_base_2026-08-31,2026-08-31,2027-02-25,120,XLU,
base,replay_base_2026-08-31,2026-08-31,2026-09-29,20,QQQ,0.040259443564804376
base,replay_base_2026-08-31,2026-08-31,2026-09-29,20,SOXX,0.12864612500498562
base,replay_base_2026-08-31,2026-08-31,2026-09-29,20,XLI,-0.032828486204325213
base,replay_base_2026-08-31,2026-08-31,2026-09-29,20,XLU,-0.06422931442080371
base,replay_base_2026-08-31,2026-08-31,2026-12-03,60,QQQ,
base,replay_base_2026-08-31,2026-08-31,2026-12-03,60,SOXX,
base,replay_base_2026-08-31,2026-08-31,2026-12-03,60,XLI,
base,replay_base_2026-08-31,2026-08-31,2026-12-03,60,XLU,
base,replay_base_2026-08-31,2026-08-31,2027-02-25,120,QQQ,
base,replay_base_2026-08-31,2026-08-31,2027-02-25,120,SOXX,
base,replay_base_2026-08-31,2026-08-31,2027-02-25,120,XLI,
base,replay_base_2026-08-31,2026-08-31,2027-02-25,120,XLU,
base,replay_base_2026-09-30,2026-09-30,2026-11-07,20,QQQ,
base,replay_base_2026-09-30,2026-09-30,2026-11-07,20,SOXX,
base,replay_base_2026-09-30,2026-09-30,2026-11-07,20,XLI,
base,replay_base_2026-09-30,2026-09-30,2026-11-07,20,XLU,
base,replay_base_2026-09-30,2026-09-30,2027-01-02,60,QQQ,
base,replay_base_2026-09-30,2026-09-30,2027-01-02,60,SOXX,
base,replay_base_2026-09-30,2026-09-30,2027-01-02,60,XLI,
base,replay_base_2026-09-30,2026-09-30,2027-01-02,60,XLU,
base,replay_base_2026-09-30,2026-09-30,2027-03-27,120,QQQ,
base,replay_base_2026-09-30,2026-09-30,2027-03-27,120,SOXX,
base,replay_base_2026-09-30,2026-09-30,2027-03-27,120,XLI,
base,replay_base_2026-09-30,2026-09-30,2027-03-27,120,XLU,
base,replay_base_2026-09-30,2026-09-30,2026-11-07,20,QQQ,
base,replay_base_2026-09-30,2026-09-30,2026-11-07,20,SOXX,
base,replay_base_2026-09-30,2026-09-30,2026-11-07,20,XLI,
base,replay_base_2026-09-30,2026-09-30,2026-11-07,20,XLU,
base,replay_base_2026-09-30,2026-09-30,2027-01-02,60,QQQ,
base,replay_base_2026-09-30,2026-09-30,2027-01-02,60,SOXX,
base,replay_base_2026-09-30,2026-09-30,2027-01-02,60,XLI,
base,replay_base_2026-09-30,2026-09-30,2027-01-02,60,XLU,
base,replay_base_2026-09-30,2026-09-30,2027-03-27,120,QQQ,
base,replay_base_2026-09-30,2026-09-30,2027-03-27,120,SOXX,
base,replay_base_2026-09-30,2026-09-30,2027-03-27,120,XLI,
base,replay_base_2026-09-30,2026-09-30,2027-03-27,120,XLU,
base,replay_base_2026-09-30,2026-09-30,2026-11-07,20,QQQ,
base,replay_base_2026-09-30,2026-09-30,2026-11-07,20,SOXX,
base,replay_base_2026-09-30,2026-09-30,2026-11-07,20,XLI,
base,replay_base_2026-09-30,2026-09-30,2026-11-07,20,XLU,
base,replay_base_2026-09-30,2026-09-30,2027-01-02,60,QQQ,
base,replay_base_2026-09-30,2026-09-30,2027-01-02,60,SOXX,
base,replay_base_2026-09-30,2026-09-30,2027-01-02,60,XLI,
base,replay_base_2026-09-30,2026-09-30,2027-01-02,60,XLU,
base,replay_base_2026-09-30,2026-09-30,2027-03-27,120,QQQ,
base,replay_base_2026-09-30,2026-09-30,2027-03-27,120,SOXX,
base,replay_base_2026-09-30,2026-09-30,2027-03-27,120,XLI,
base,replay_base_2026-09-30,2026-09-30,2027-03-27,120,XLU,
base,replay_base_2026-09-30,2026-09-30,2026-11-07,20,QQQ,
base,replay_base_2026-09-30,2026-09-30,2026-11-07,20,SOXX,
base,replay_base_2026-09-30,2026-09-30,2026-11-07,20,XLI,
base,replay_base_2026-09-30,2026-09-30,2026-11-07,20,XLU,
base,replay_base_2026-09-30,2026-09-30,2027-01-02,60,QQQ,
base,replay_base_2026-09-30,2026-09-30,2027-01-02,60,SOXX,
base,replay_base_2026-09-30,2026-09-30,2027-01-02,60,XLI,
base,replay_base_2026-09-30,2026-09-30,2027-01-02,60,XLU,
base,replay_base_2026-09-30,2026-09-30,2027-03-27,120,QQQ,
base,replay_base_2026-09-30,2026-09-30,2027-03-27,120,SOXX,
base,replay_base_2026-09-30,2026-09-30,2027-03-27,120,XLI,
base,replay_base_2026-09-30,2026-09-30,2027-03-27,120,XLU,
