scenario,run_stem,signal_date,list_type,watchlist_source,channel,layer,before,remaining,removed,pass_rate
base,replay_base_2023-01-31,2023-01-31,low_value,union_superset_approx,ai_enabler,base_hard,630,52,256,0.08253968253968254
base,replay_base_2023-01-31,2023-01-31,low_value,union_superset_approx,ai_enabler,quality_or_theme_hard,107,52,31,0.48598130841121495
base,replay_base_2023-01-31,2023-01-31,low_value,union_superset_approx,ai_enabler,valuation_hard,374,83,291,0.22192513368983957
base,replay_base_2023-01-31,2023-01-31,low_value,union_superset_approx,ai_peripheral,base_hard,630,40,279,0.06349206349206349
base,replay_base_2023-01-31,2023-01-31,low_value,union_superset_approx,ai_peripheral,quality_or_theme_hard,124,63,33,0.5080645161290323
base,replay_base_2023-01-31,2023-01-31,low_value,union_superset_approx,ai_peripheral,valuation_hard,374,96,278,0.25668449197860965
base,replay_base_2023-01-31,2023-01-31,low_value,union_superset_approx,core_ai,base_hard,630,9,289,0.014285714285714285
base,replay_base_2023-01-31,2023-01-31,low_value,union_superset_approx,core_ai,quality_or_theme_hard,93,42,25,0.45161290322580644
base,replay_base_2023-01-31,2023-01-31,low_value,union_superset_approx,core_ai,valuation_hard,374,67,307,0.17914438502673796
base,replay_base_2023-01-31,2023-01-31,industry_trend,union_superset_approx,ai_enabler,base_hard,630,271,256,0.4301587301587302
base,replay_base_2023-01-31,2023-01-31,industry_trend,union_superset_approx,ai_enabler,quality_or_theme_hard,374,271,103,0.7245989304812834
base,replay_base_2023-01-31,2023-01-31,industry_trend,union_superset_approx,ai_peripheral,base_hard,630,134,393,0.2126984126984127
base,replay_base_2023-01-31,2023-01-31,industry_trend,union_superset_approx,ai_peripheral,quality_or_theme_hard,374,134,103,0.3582887700534759
base,replay_base_2023-01-31,2023-01-31,industry_trend,union_superset_approx,core_ai,base_hard,630,87,440,0.1380952380952381
base,replay_base_2023-01-31,2023-01-31,industry_trend,union_superset_approx,core_ai,quality_or_theme_hard,374,87,103,0.232620320855615
base,replay_base_2023-01-31,2023-01-31,momentum,union_superset_approx,ai_enabler,base_hard,630,271,256,0.4301587301587302
base,replay_base_2023-01-31,2023-01-31,momentum,union_superset_approx,ai_enabler,quality_or_theme_hard,374,271,103,0.7245989304812834
base,replay_base_2023-01-31,2023-01-31,momentum,union_superset_approx,ai_peripheral,base_hard,630,134,393,0.2126984126984127
base,replay_base_2023-01-31,2023-01-31,momentum,union_superset_approx,ai_peripheral,quality_or_theme_hard,374,134,103,0.3582887700534759
base,replay_base_2023-01-31,2023-01-31,momentum,union_superset_approx,core_ai,base_hard,630,87,440,0.1380952380952381
base,replay_base_2023-01-31,2023-01-31,momentum,union_superset_approx,core_ai,quality_or_theme_hard,374,87,103,0.232620320855615
base,replay_base_2023-02-28,2023-02-28,low_value,union_superset_approx,ai_enabler,base_hard,632,36,261,0.056962025316455694
base,replay_base_2023-02-28,2023-02-28,low_value,union_superset_approx,ai_enabler,quality_or_theme_hard,90,36,14,0.4
base,replay_base_2023-02-28,2023-02-28,low_value,union_superset_approx,ai_enabler,valuation_hard,371,50,321,0.1347708894878706
base,replay_base_2023-02-28,2023-02-28,low_value,union_superset_approx,ai_peripheral,base_hard,632,19,282,0.030063291139240507
base,replay_base_2023-02-28,2023-02-28,low_value,union_superset_approx,ai_peripheral,quality_or_theme_hard,103,40,17,0.3883495145631068
base,replay_base_2023-02-28,2023-02-28,low_value,union_superset_approx,ai_peripheral,valuation_hard,371,57,314,0.15363881401617252
base,replay_base_2023-02-28,2023-02-28,low_value,union_superset_approx,core_ai,base_hard,632,11,279,0.01740506329113924
base,replay_base_2023-02-28,2023-02-28,low_value,union_superset_approx,core_ai,quality_or_theme_hard,73,29,9,0.3972602739726027
base,replay_base_2023-02-28,2023-02-28,low_value,union_superset_approx,core_ai,valuation_hard,371,38,333,0.10242587601078167
base,replay_base_2023-02-28,2023-02-28,industry_trend,union_superset_approx,ai_enabler,base_hard,632,286,261,0.4525316455696203
base,replay_base_2023-02-28,2023-02-28,industry_trend,union_superset_approx,ai_enabler,quality_or_theme_hard,371,286,85,0.77088948787062
base,replay_base_2023-02-28,2023-02-28,industry_trend,union_superset_approx,ai_peripheral,base_hard,632,140,407,0.22151898734177214
base,replay_base_2023-02-28,2023-02-28,industry_trend,union_superset_approx,ai_peripheral,quality_or_theme_hard,371,140,85,0.37735849056603776
base,replay_base_2023-02-28,2023-02-28,industry_trend,union_superset_approx,core_ai,base_hard,632,92,455,0.14556962025316456
base,replay_base_2023-02-28,2023-02-28,industry_trend,union_superset_approx,core_ai,quality_or_theme_hard,371,92,85,0.24797843665768193
base,replay_base_2023-02-28,2023-02-28,momentum,union_superset_approx,ai_enabler,base_hard,632,286,261,0.4525316455696203
base,replay_base_2023-02-28,2023-02-28,momentum,union_superset_approx,ai_enabler,quality_or_theme_hard,371,286,85,0.77088948787062
base,replay_base_2023-02-28,2023-02-28,momentum,union_superset_approx,ai_peripheral,base_hard,632,140,407,0.22151898734177214
base,replay_base_2023-02-28,2023-02-28,momentum,union_superset_approx,ai_peripheral,quality_or_theme_hard,371,140,85,0.37735849056603776
base,replay_base_2023-02-28,2023-02-28,momentum,union_superset_approx,core_ai,base_hard,632,92,455,0.14556962025316456
base,replay_base_2023-02-28,2023-02-28,momentum,union_superset_approx,core_ai,quality_or_theme_hard,371,92,85,0.24797843665768193
base,replay_base_2023-03-31,2023-03-31,low_value,union_superset_approx,ai_enabler,base_hard,632,42,265,0.06645569620253164
base,replay_base_2023-03-31,2023-03-31,low_value,union_superset_approx,ai_enabler,quality_or_theme_hard,123,42,21,0.34146341463414637
base,replay_base_2023-03-31,2023-03-31,low_value,union_superset_approx,ai_enabler,valuation_hard,367,63,304,0.17166212534059946
base,replay_base_2023-03-31,2023-03-31,low_value,union_superset_approx,ai_peripheral,base_hard,632,11,300,0.01740506329113924
base,replay_base_2023-03-31,2023-03-31,low_value,union_superset_approx,ai_peripheral,quality_or_theme_hard,138,46,22,0.3333333333333333
base,replay_base_2023-03-31,2023-03-31,low_value,union_superset_approx,ai_peripheral,valuation_hard,367,68,299,0.18528610354223432
base,replay_base_2023-03-31,2023-03-31,low_value,union_superset_approx,core_ai,base_hard,632,23,279,0.03639240506329114
base,replay_base_2023-03-31,2023-03-31,low_value,union_superset_approx,core_ai,quality_or_theme_hard,111,37,17,0.3333333333333333
base,replay_base_2023-03-31,2023-03-31,low_value,union_superset_approx,core_ai,valuation_hard,367,54,313,0.14713896457765668
base,replay_base_2023-03-31,2023-03-31,industry_trend,union_superset_approx,ai_enabler,base_hard,632,264,265,0.4177215189873418
base,replay_base_2023-03-31,2023-03-31,industry_trend,union_superset_approx,ai_enabler,quality_or_theme_hard,367,264,103,0.7193460490463215
base,replay_base_2023-03-31,2023-03-31,industry_trend,union_superset_approx,ai_peripheral,base_hard,632,131,398,0.20727848101265822
base,replay_base_2023-03-31,2023-03-31,industry_trend,union_superset_approx,ai_peripheral,quality_or_theme_hard,367,131,103,0.3569482288828338
base,replay_base_2023-03-31,2023-03-31,industry_trend,union_superset_approx,core_ai,base_hard,632,86,443,0.1360759493670886
base,replay_base_2023-03-31,2023-03-31,industry_trend,union_superset_approx,core_ai,quality_or_theme_hard,367,86,103,0.23433242506811988
base,replay_base_2023-03-31,2023-03-31,momentum,union_superset_approx,ai_enabler,base_hard,632,264,265,0.4177215189873418
base,replay_base_2023-03-31,2023-03-31,momentum,union_superset_approx,ai_enabler,quality_or_theme_hard,367,264,103,0.7193460490463215
base,replay_base_2023-03-31,2023-03-31,momentum,union_superset_approx,ai_peripheral,base_hard,632,131,398,0.20727848101265822
base,replay_base_2023-03-31,2023-03-31,momentum,union_superset_approx,ai_peripheral,quality_or_theme_hard,367,131,103,0.3569482288828338
base,replay_base_2023-03-31,2023-03-31,momentum,union_superset_approx,core_ai,base_hard,632,86,443,0.1360759493670886
base,replay_base_2023-03-31,2023-03-31,momentum,union_superset_approx,core_ai,quality_or_theme_hard,367,86,103,0.23433242506811988
base,replay_base_2023-04-28,2023-04-28,low_value,union_superset_approx,ai_enabler,base_hard,631,29,278,0.04595879556259905
base,replay_base_2023-04-28,2023-04-28,low_value,union_superset_approx,ai_enabler,quality_or_theme_hard,104,29,14,0.27884615384615385
base,replay_base_2023-04-28,2023-04-28,low_value,union_superset_approx,ai_enabler,valuation_hard,353,43,310,0.12181303116147309
base,replay_base_2023-04-28,2023-04-28,low_value,union_superset_approx,ai_peripheral,base_hard,631,19,292,0.030110935023771792
base,replay_base_2023-04-28,2023-04-28,low_value,union_superset_approx,ai_peripheral,quality_or_theme_hard,120,33,14,0.275
base,replay_base_2023-04-28,2023-04-28,low_value,union_superset_approx,ai_peripheral,valuation_hard,353,47,306,0.13314447592067988
base,replay_base_2023-04-28,2023-04-28,low_value,union_superset_approx,core_ai,base_hard,631,8,294,0.012678288431061807
base,replay_base_2023-04-28,2023-04-28,low_value,union_superset_approx,core_ai,quality_or_theme_hard,96,24,13,0.25
base,replay_base_2023-04-28,2023-04-28,low_value,union_superset_approx,core_ai,valuation_hard,353,37,316,0.1048158640226629
base,replay_base_2023-04-28,2023-04-28,industry_trend,union_superset_approx,ai_enabler,base_hard,631,245,278,0.38827258320126784
base,replay_base_2023-04-28,2023-04-28,industry_trend,union_superset_approx,ai_enabler,quality_or_theme_hard,353,245,108,0.6940509915014165
base,replay_base_2023-04-28,2023-04-28,industry_trend,union_superset_approx,ai_peripheral,base_hard,631,119,404,0.18858954041204437
base,replay_base_2023-04-28,2023-04-28,industry_trend,union_superset_approx,ai_peripheral,quality_or_theme_hard,353,119,108,0.3371104815864023
base,replay_base_2023-04-28,2023-04-28,industry_trend,union_superset_approx,core_ai,base_hard,631,88,435,0.13946117274167988
base,replay_base_2023-04-28,2023-04-28,industry_trend,union_superset_approx,core_ai,quality_or_theme_hard,353,88,108,0.24929178470254956
base,replay_base_2023-04-28,2023-04-28,momentum,union_superset_approx,ai_enabler,base_hard,631,245,278,0.38827258320126784
base,replay_base_2023-04-28,2023-04-28,momentum,union_superset_approx,ai_enabler,quality_or_theme_hard,353,245,108,0.6940509915014165
base,replay_base_2023-04-28,2023-04-28,momentum,union_superset_approx,ai_peripheral,base_hard,631,119,404,0.18858954041204437
base,replay_base_2023-04-28,2023-04-28,momentum,union_superset_approx,ai_peripheral,quality_or_theme_hard,353,119,108,0.3371104815864023
base,replay_base_2023-04-28,2023-04-28,momentum,union_superset_approx,core_ai,base_hard,631,88,435,0.13946117274167988
base,replay_base_2023-04-28,2023-04-28,momentum,union_superset_approx,core_ai,quality_or_theme_hard,353,88,108,0.24929178470254956
base,replay_base_2023-05-31,2023-05-31,low_value,union_superset_approx,ai_enabler,base_hard,632,54,251,0.08544303797468354
base,replay_base_2023-05-31,2023-05-31,low_value,union_superset_approx,ai_enabler,quality_or_theme_hard,123,54,16,0.43902439024390244
base,replay_base_2023-05-31,2023-05-31,low_value,union_superset_approx,ai_enabler,valuation_hard,381,70,311,0.1837270341207349
base,replay_base_2023-05-31,2023-05-31,low_value,union_superset_approx,ai_peripheral,base_hard,632,9,299,0.014240506329113924
base,replay_base_2023-05-31,2023-05-31,low_value,union_superset_approx,ai_peripheral,quality_or_theme_hard,136,57,18,0.41911764705882354
base,replay_base_2023-05-31,2023-05-31,low_value,union_superset_approx,ai_peripheral,valuation_hard,381,75,306,0.1968503937007874
base,replay_base_2023-05-31,2023-05-31,low_value,union_superset_approx,core_ai,base_hard,632,39,264,0.061708860759493674
base,replay_base_2023-05-31,2023-05-31,low_value,union_superset_approx,core_ai,quality_or_theme_hard,113,52,14,0.46017699115044247
base,replay_base_2023-05-31,2023-05-31,low_value,union_superset_approx,core_ai,valuation_hard,381,66,315,0.1732283464566929
base,replay_base_2023-05-31,2023-05-31,industry_trend,union_superset_approx,ai_enabler,base_hard,632,256,251,0.4050632911392405
base,replay_base_2023-05-31,2023-05-31,industry_trend,union_superset_approx,ai_enabler,quality_or_theme_hard,381,256,125,0.6719160104986877
base,replay_base_2023-05-31,2023-05-31,industry_trend,union_superset_approx,ai_peripheral,base_hard,632,123,384,0.19462025316455697
base,replay_base_2023-05-31,2023-05-31,industry_trend,union_superset_approx,ai_peripheral,quality_or_theme_hard,381,123,125,0.3228346456692913
base,replay_base_2023-05-31,2023-05-31,industry_trend,union_superset_approx,core_ai,base_hard,632,90,417,0.14240506329113925
base,replay_base_2023-05-31,2023-05-31,industry_trend,union_superset_approx,core_ai,quality_or_theme_hard,381,90,125,0.23622047244094488
base,replay_base_2023-05-31,2023-05-31,momentum,union_superset_approx,ai_enabler,base_hard,632,256,251,0.4050632911392405
base,replay_base_2023-05-31,2023-05-31,momentum,union_superset_approx,ai_enabler,quality_or_theme_hard,381,256,125,0.6719160104986877
base,replay_base_2023-05-31,2023-05-31,momentum,union_superset_approx,ai_peripheral,base_hard,632,123,384,0.19462025316455697
base,replay_base_2023-05-31,2023-05-31,momentum,union_superset_approx,ai_peripheral,quality_or_theme_hard,381,123,125,0.3228346456692913
base,replay_base_2023-05-31,2023-05-31,momentum,union_superset_approx,core_ai,base_hard,632,90,417,0.14240506329113925
base,replay_base_2023-05-31,2023-05-31,momentum,union_superset_approx,core_ai,quality_or_theme_hard,381,90,125,0.23622047244094488
base,replay_base_2023-06-30,2023-06-30,low_value,union_superset_approx,ai_enabler,base_hard,633,101,290,0.15955766192733017
base,replay_base_2023-06-30,2023-06-30,low_value,union_superset_approx,ai_enabler,quality_or_theme_hard,178,101,37,0.5674157303370787
base,replay_base_2023-06-30,2023-06-30,low_value,union_superset_approx,ai_enabler,valuation_hard,343,138,205,0.40233236151603496
base,replay_base_2023-06-30,2023-06-30,low_value,union_superset_approx,ai_peripheral,base_hard,633,50,348,0.07898894154818326
base,replay_base_2023-06-30,2023-06-30,low_value,union_superset_approx,ai_peripheral,quality_or_theme_hard,186,108,38,0.5806451612903226
base,replay_base_2023-06-30,2023-06-30,low_value,union_superset_approx,ai_peripheral,valuation_hard,343,146,197,0.42565597667638483
base,replay_base_2023-06-30,2023-06-30,low_value,union_superset_approx,core_ai,base_hard,633,35,345,0.05529225908372828
base,replay_base_2023-06-30,2023-06-30,low_value,union_superset_approx,core_ai,quality_or_theme_hard,172,90,34,0.5232558139534884
base,replay_base_2023-06-30,2023-06-30,low_value,union_superset_approx,core_ai,valuation_hard,343,124,219,0.36151603498542273
base,replay_base_2023-06-30,2023-06-30,industry_trend,union_superset_approx,ai_enabler,base_hard,633,253,290,0.39968404423380727
base,replay_base_2023-06-30,2023-06-30,industry_trend,union_superset_approx,ai_enabler,quality_or_theme_hard,343,253,90,0.7376093294460642
base,replay_base_2023-06-30,2023-06-30,industry_trend,union_superset_approx,ai_peripheral,base_hard,633,120,423,0.1895734597156398
base,replay_base_2023-06-30,2023-06-30,industry_trend,union_superset_approx,ai_peripheral,quality_or_theme_hard,343,120,90,0.3498542274052478
base,replay_base_2023-06-30,2023-06-30,industry_trend,union_superset_approx,core_ai,base_hard,633,90,453,0.14218009478672985
base,replay_base_2023-06-30,2023-06-30,industry_trend,union_superset_approx,core_ai,quality_or_theme_hard,343,90,90,0.26239067055393583
base,replay_base_2023-06-30,2023-06-30,momentum,union_superset_approx,ai_enabler,base_hard,633,253,290,0.39968404423380727
base,replay_base_2023-06-30,2023-06-30,momentum,union_superset_approx,ai_enabler,quality_or_theme_hard,343,253,90,0.7376093294460642
base,replay_base_2023-06-30,2023-06-30,momentum,union_superset_approx,ai_peripheral,base_hard,633,120,423,0.1895734597156398
base,replay_base_2023-06-30,2023-06-30,momentum,union_superset_approx,ai_peripheral,quality_or_theme_hard,343,120,90,0.3498542274052478
base,replay_base_2023-06-30,2023-06-30,momentum,union_superset_approx,core_ai,base_hard,633,90,453,0.14218009478672985
base,replay_base_2023-06-30,2023-06-30,momentum,union_superset_approx,core_ai,quality_or_theme_hard,343,90,90,0.26239067055393583
base,replay_base_2023-07-31,2023-07-31,low_value,union_superset_approx,ai_enabler,base_hard,633,116,271,0.18325434439178515
base,replay_base_2023-07-31,2023-07-31,low_value,union_superset_approx,ai_enabler,quality_or_theme_hard,220,116,39,0.5272727272727272
base,replay_base_2023-07-31,2023-07-31,low_value,union_superset_approx,ai_enabler,valuation_hard,362,155,207,0.4281767955801105
base,replay_base_2023-07-31,2023-07-31,low_value,union_superset_approx,ai_peripheral,base_hard,633,50,341,0.07898894154818326
base,replay_base_2023-07-31,2023-07-31,low_value,union_superset_approx,ai_peripheral,quality_or_theme_hard,232,120,40,0.5172413793103449
base,replay_base_2023-07-31,2023-07-31,low_value,union_superset_approx,ai_peripheral,valuation_hard,362,160,202,0.4419889502762431
base,replay_base_2023-07-31,2023-07-31,low_value,union_superset_approx,core_ai,base_hard,633,44,315,0.06951026856240126
base,replay_base_2023-07-31,2023-07-31,low_value,union_superset_approx,core_ai,quality_or_theme_hard,200,88,36,0.44
base,replay_base_2023-07-31,2023-07-31,low_value,union_superset_approx,core_ai,valuation_hard,362,124,238,0.3425414364640884
base,replay_base_2023-07-31,2023-07-31,industry_trend,union_superset_approx,ai_enabler,base_hard,633,247,271,0.3902053712480253
base,replay_base_2023-07-31,2023-07-31,industry_trend,union_superset_approx,ai_enabler,quality_or_theme_hard,362,247,115,0.6823204419889503
base,replay_base_2023-07-31,2023-07-31,industry_trend,union_superset_approx,ai_peripheral,base_hard,633,117,401,0.1848341232227488
base,replay_base_2023-07-31,2023-07-31,industry_trend,union_superset_approx,ai_peripheral,quality_or_theme_hard,362,117,115,0.32320441988950277
base,replay_base_2023-07-31,2023-07-31,industry_trend,union_superset_approx,core_ai,base_hard,633,91,427,0.14375987361769352
base,replay_base_2023-07-31,2023-07-31,industry_trend,union_superset_approx,core_ai,quality_or_theme_hard,362,91,115,0.2513812154696133
base,replay_base_2023-07-31,2023-07-31,momentum,union_superset_approx,ai_enabler,base_hard,633,247,271,0.3902053712480253
base,replay_base_2023-07-31,2023-07-31,momentum,union_superset_approx,ai_enabler,quality_or_theme_hard,362,247,115,0.6823204419889503
base,replay_base_2023-07-31,2023-07-31,momentum,union_superset_approx,ai_peripheral,base_hard,633,117,401,0.1848341232227488
base,replay_base_2023-07-31,2023-07-31,momentum,union_superset_approx,ai_peripheral,quality_or_theme_hard,362,117,115,0.32320441988950277
base,replay_base_2023-07-31,2023-07-31,momentum,union_superset_approx,core_ai,base_hard,633,91,427,0.14375987361769352
base,replay_base_2023-07-31,2023-07-31,momentum,union_superset_approx,core_ai,quality_or_theme_hard,362,91,115,0.2513812154696133
base,replay_base_2023-08-31,2023-08-31,low_value,union_superset_approx,ai_enabler,base_hard,633,49,295,0.07740916271721959
base,replay_base_2023-08-31,2023-08-31,low_value,union_superset_approx,ai_enabler,quality_or_theme_hard,178,49,29,0.2752808988764045
base,replay_base_2023-08-31,2023-08-31,low_value,union_superset_approx,ai_enabler,valuation_hard,338,78,260,0.23076923076923078
base,replay_base_2023-08-31,2023-08-31,low_value,union_superset_approx,ai_peripheral,base_hard,633,18,329,0.02843601895734597
base,replay_base_2023-08-31,2023-08-31,low_value,union_superset_approx,ai_peripheral,quality_or_theme_hard,190,52,31,0.2736842105263158
base,replay_base_2023-08-31,2023-08-31,low_value,union_superset_approx,ai_peripheral,valuation_hard,338,83,255,0.2455621301775148
base,replay_base_2023-08-31,2023-08-31,low_value,union_superset_approx,core_ai,base_hard,633,20,312,0.0315955766192733
base,replay_base_2023-08-31,2023-08-31,low_value,union_superset_approx,core_ai,quality_or_theme_hard,160,37,23,0.23125
base,replay_base_2023-08-31,2023-08-31,low_value,union_superset_approx,core_ai,valuation_hard,338,60,278,0.17751479289940827
base,replay_base_2023-08-31,2023-08-31,industry_trend,union_superset_approx,ai_enabler,base_hard,633,212,295,0.334913112164297
base,replay_base_2023-08-31,2023-08-31,industry_trend,union_superset_approx,ai_enabler,quality_or_theme_hard,338,212,126,0.6272189349112426
base,replay_base_2023-08-31,2023-08-31,industry_trend,union_superset_approx,ai_peripheral,base_hard,633,104,403,0.16429699842022116
base,replay_base_2023-08-31,2023-08-31,industry_trend,union_superset_approx,ai_peripheral,quality_or_theme_hard,338,104,126,0.3076923076923077
base,replay_base_2023-08-31,2023-08-31,industry_trend,union_superset_approx,core_ai,base_hard,633,79,428,0.12480252764612954
base,replay_base_2023-08-31,2023-08-31,industry_trend,union_superset_approx,core_ai,quality_or_theme_hard,338,79,126,0.23372781065088757
base,replay_base_2023-08-31,2023-08-31,momentum,union_superset_approx,ai_enabler,base_hard,633,212,295,0.334913112164297
base,replay_base_2023-08-31,2023-08-31,momentum,union_superset_approx,ai_enabler,quality_or_theme_hard,338,212,126,0.6272189349112426
base,replay_base_2023-08-31,2023-08-31,momentum,union_superset_approx,ai_peripheral,base_hard,633,104,403,0.16429699842022116
base,replay_base_2023-08-31,2023-08-31,momentum,union_superset_approx,ai_peripheral,quality_or_theme_hard,338,104,126,0.3076923076923077
base,replay_base_2023-08-31,2023-08-31,momentum,union_superset_approx,core_ai,base_hard,633,79,428,0.12480252764612954
base,replay_base_2023-08-31,2023-08-31,momentum,union_superset_approx,core_ai,quality_or_theme_hard,338,79,126,0.23372781065088757
base,replay_base_2023-09-29,2023-09-29,low_value,union_superset_approx,ai_enabler,base_hard,635,11,295,0.01732283464566929
base,replay_base_2023-09-29,2023-09-29,low_value,union_superset_approx,ai_enabler,quality_or_theme_hard,128,11,7,0.0859375
base,replay_base_2023-09-29,2023-09-29,low_value,union_superset_approx,ai_enabler,valuation_hard,340,18,322,0.052941176470588235
base,replay_base_2023-09-29,2023-09-29,low_value,union_superset_approx,ai_peripheral,base_hard,635,5,301,0.007874015748031496
base,replay_base_2023-09-29,2023-09-29,low_value,union_superset_approx,ai_peripheral,quality_or_theme_hard,145,11,9,0.07586206896551724
base,replay_base_2023-09-29,2023-09-29,low_value,union_superset_approx,ai_peripheral,valuation_hard,340,20,320,0.058823529411764705
base,replay_base_2023-09-29,2023-09-29,low_value,union_superset_approx,core_ai,base_hard,635,3,302,0.004724409448818898
base,replay_base_2023-09-29,2023-09-29,low_value,union_superset_approx,core_ai,quality_or_theme_hard,111,10,5,0.09009009009009009
base,replay_base_2023-09-29,2023-09-29,low_value,union_superset_approx,core_ai,valuation_hard,340,15,325,0.04411764705882353
base,replay_base_2023-09-29,2023-09-29,industry_trend,union_superset_approx,ai_enabler,base_hard,635,227,295,0.35748031496062993
base,replay_base_2023-09-29,2023-09-29,industry_trend,union_superset_approx,ai_enabler,quality_or_theme_hard,340,227,113,0.6676470588235294
base,replay_base_2023-09-29,2023-09-29,industry_trend,union_superset_approx,ai_peripheral,base_hard,635,112,410,0.1763779527559055
base,replay_base_2023-09-29,2023-09-29,industry_trend,union_superset_approx,ai_peripheral,quality_or_theme_hard,340,112,113,0.32941176470588235
base,replay_base_2023-09-29,2023-09-29,industry_trend,union_superset_approx,core_ai,base_hard,635,81,441,0.12755905511811025
base,replay_base_2023-09-29,2023-09-29,industry_trend,union_superset_approx,core_ai,quality_or_theme_hard,340,81,113,0.23823529411764705
base,replay_base_2023-09-29,2023-09-29,momentum,union_superset_approx,ai_enabler,base_hard,635,227,295,0.35748031496062993
base,replay_base_2023-09-29,2023-09-29,momentum,union_superset_approx,ai_enabler,quality_or_theme_hard,340,227,113,0.6676470588235294
base,replay_base_2023-09-29,2023-09-29,momentum,union_superset_approx,ai_peripheral,base_hard,635,112,410,0.1763779527559055
base,replay_base_2023-09-29,2023-09-29,momentum,union_superset_approx,ai_peripheral,quality_or_theme_hard,340,112,113,0.32941176470588235
base,replay_base_2023-09-29,2023-09-29,momentum,union_superset_approx,core_ai,base_hard,635,81,441,0.12755905511811025
base,replay_base_2023-09-29,2023-09-29,momentum,union_superset_approx,core_ai,quality_or_theme_hard,340,81,113,0.23823529411764705
base,replay_base_2023-10-31,2023-10-31,low_value,union_superset_approx,ai_enabler,base_hard,635,15,276,0.023622047244094488
base,replay_base_2023-10-31,2023-10-31,low_value,union_superset_approx,ai_enabler,quality_or_theme_hard,91,15,5,0.16483516483516483
base,replay_base_2023-10-31,2023-10-31,low_value,union_superset_approx,ai_enabler,valuation_hard,359,20,339,0.055710306406685235
base,replay_base_2023-10-31,2023-10-31,low_value,union_superset_approx,ai_peripheral,base_hard,635,5,289,0.007874015748031496
base,replay_base_2023-10-31,2023-10-31,low_value,union_superset_approx,ai_peripheral,quality_or_theme_hard,100,18,5,0.18
base,replay_base_2023-10-31,2023-10-31,low_value,union_superset_approx,ai_peripheral,valuation_hard,359,23,336,0.06406685236768803
base,replay_base_2023-10-31,2023-10-31,low_value,union_superset_approx,core_ai,base_hard,635,8,279,0.012598425196850394
base,replay_base_2023-10-31,2023-10-31,low_value,union_superset_approx,core_ai,quality_or_theme_hard,74,11,4,0.14864864864864866
base,replay_base_2023-10-31,2023-10-31,low_value,union_superset_approx,core_ai,valuation_hard,359,15,344,0.04178272980501393
base,replay_base_2023-10-31,2023-10-31,industry_trend,union_superset_approx,ai_enabler,base_hard,635,237,276,0.3732283464566929
base,replay_base_2023-10-31,2023-10-31,industry_trend,union_superset_approx,ai_enabler,quality_or_theme_hard,359,237,122,0.6601671309192201
base,replay_base_2023-10-31,2023-10-31,industry_trend,union_superset_approx,ai_peripheral,base_hard,635,122,391,0.1921259842519685
base,replay_base_2023-10-31,2023-10-31,industry_trend,union_superset_approx,ai_peripheral,quality_or_theme_hard,359,122,122,0.3398328690807799
base,replay_base_2023-10-31,2023-10-31,industry_trend,union_superset_approx,core_ai,base_hard,635,80,433,0.12598425196850394
base,replay_base_2023-10-31,2023-10-31,industry_trend,union_superset_approx,core_ai,quality_or_theme_hard,359,80,122,0.22284122562674094
base,replay_base_2023-10-31,2023-10-31,momentum,union_superset_approx,ai_enabler,base_hard,635,237,276,0.3732283464566929
base,replay_base_2023-10-31,2023-10-31,momentum,union_superset_approx,ai_enabler,quality_or_theme_hard,359,237,122,0.6601671309192201
base,replay_base_2023-10-31,2023-10-31,momentum,union_superset_approx,ai_peripheral,base_hard,635,122,391,0.1921259842519685
base,replay_base_2023-10-31,2023-10-31,momentum,union_superset_approx,ai_peripheral,quality_or_theme_hard,359,122,122,0.3398328690807799
base,replay_base_2023-10-31,2023-10-31,momentum,union_superset_approx,core_ai,base_hard,635,80,433,0.12598425196850394
base,replay_base_2023-10-31,2023-10-31,momentum,union_superset_approx,core_ai,quality_or_theme_hard,359,80,122,0.22284122562674094
base,replay_base_2023-11-30,2023-11-30,low_value,union_superset_approx,ai_enabler,base_hard,635,95,286,0.14960629921259844
base,replay_base_2023-11-30,2023-11-30,low_value,union_superset_approx,ai_enabler,quality_or_theme_hard,184,95,27,0.5163043478260869
base,replay_base_2023-11-30,2023-11-30,low_value,union_superset_approx,ai_enabler,valuation_hard,349,122,227,0.3495702005730659
base,replay_base_2023-11-30,2023-11-30,low_value,union_superset_approx,ai_peripheral,base_hard,635,37,350,0.05826771653543307
base,replay_base_2023-11-30,2023-11-30,low_value,union_superset_approx,ai_peripheral,quality_or_theme_hard,192,101,31,0.5260416666666666
base,replay_base_2023-11-30,2023-11-30,low_value,union_superset_approx,ai_peripheral,valuation_hard,349,132,217,0.37822349570200575
base,replay_base_2023-11-30,2023-11-30,low_value,union_superset_approx,core_ai,base_hard,635,46,326,0.07244094488188976
base,replay_base_2023-11-30,2023-11-30,low_value,union_superset_approx,core_ai,quality_or_theme_hard,170,86,22,0.5058823529411764
base,replay_base_2023-11-30,2023-11-30,low_value,union_superset_approx,core_ai,valuation_hard,349,108,241,0.30945558739255014
base,replay_base_2023-11-30,2023-11-30,industry_trend,union_superset_approx,ai_enabler,base_hard,635,251,286,0.3952755905511811
base,replay_base_2023-11-30,2023-11-30,industry_trend,union_superset_approx,ai_enabler,quality_or_theme_hard,349,251,98,0.7191977077363897
base,replay_base_2023-11-30,2023-11-30,industry_trend,union_superset_approx,ai_peripheral,base_hard,635,123,414,0.19370078740157481
base,replay_base_2023-11-30,2023-11-30,industry_trend,union_superset_approx,ai_peripheral,quality_or_theme_hard,349,123,98,0.3524355300859599
base,replay_base_2023-11-30,2023-11-30,industry_trend,union_superset_approx,core_ai,base_hard,635,86,451,0.13543307086614173
base,replay_base_2023-11-30,2023-11-30,industry_trend,union_superset_approx,core_ai,quality_or_theme_hard,349,86,98,0.24641833810888253
base,replay_base_2023-11-30,2023-11-30,momentum,union_superset_approx,ai_enabler,base_hard,635,251,286,0.3952755905511811
base,replay_base_2023-11-30,2023-11-30,momentum,union_superset_approx,ai_enabler,quality_or_theme_hard,349,251,98,0.7191977077363897
base,replay_base_2023-11-30,2023-11-30,momentum,union_superset_approx,ai_peripheral,base_hard,635,123,414,0.19370078740157481
base,replay_base_2023-11-30,2023-11-30,momentum,union_superset_approx,ai_peripheral,quality_or_theme_hard,349,123,98,0.3524355300859599
base,replay_base_2023-11-30,2023-11-30,momentum,union_superset_approx,core_ai,base_hard,635,86,451,0.13543307086614173
base,replay_base_2023-11-30,2023-11-30,momentum,union_superset_approx,core_ai,quality_or_theme_hard,349,86,98,0.24641833810888253
base,replay_base_2023-12-29,2023-12-29,low_value,union_superset_approx,ai_enabler,base_hard,635,125,342,0.1968503937007874
base,replay_base_2023-12-29,2023-12-29,low_value,union_superset_approx,ai_enabler,quality_or_theme_hard,194,125,22,0.6443298969072165
base,replay_base_2023-12-29,2023-12-29,low_value,union_superset_approx,ai_enabler,valuation_hard,293,147,146,0.5017064846416383
base,replay_base_2023-12-29,2023-12-29,low_value,union_superset_approx,ai_peripheral,base_hard,635,55,420,0.08661417322834646
base,replay_base_2023-12-29,2023-12-29,low_value,union_superset_approx,ai_peripheral,quality_or_theme_hard,204,133,24,0.6519607843137255
base,replay_base_2023-12-29,2023-12-29,low_value,union_superset_approx,ai_peripheral,valuation_hard,293,157,136,0.5358361774744027
base,replay_base_2023-12-29,2023-12-29,low_value,union_superset_approx,core_ai,base_hard,635,49,408,0.07716535433070866
base,replay_base_2023-12-29,2023-12-29,low_value,union_superset_approx,core_ai,quality_or_theme_hard,185,115,18,0.6216216216216216
base,replay_base_2023-12-29,2023-12-29,low_value,union_superset_approx,core_ai,valuation_hard,293,133,160,0.4539249146757679
base,replay_base_2023-12-29,2023-12-29,industry_trend,union_superset_approx,ai_enabler,base_hard,635,243,342,0.3826771653543307
base,replay_base_2023-12-29,2023-12-29,industry_trend,union_superset_approx,ai_enabler,quality_or_theme_hard,293,243,50,0.8293515358361775
base,replay_base_2023-12-29,2023-12-29,industry_trend,union_superset_approx,ai_peripheral,base_hard,635,118,467,0.1858267716535433
base,replay_base_2023-12-29,2023-12-29,industry_trend,union_superset_approx,ai_peripheral,quality_or_theme_hard,293,118,50,0.40273037542662116
base,replay_base_2023-12-29,2023-12-29,industry_trend,union_superset_approx,core_ai,base_hard,635,83,502,0.13070866141732285
base,replay_base_2023-12-29,2023-12-29,industry_trend,union_superset_approx,core_ai,quality_or_theme_hard,293,83,50,0.2832764505119454
base,replay_base_2023-12-29,2023-12-29,momentum,union_superset_approx,ai_enabler,base_hard,635,243,342,0.3826771653543307
base,replay_base_2023-12-29,2023-12-29,momentum,union_superset_approx,ai_enabler,quality_or_theme_hard,293,243,50,0.8293515358361775
base,replay_base_2023-12-29,2023-12-29,momentum,union_superset_approx,ai_peripheral,base_hard,635,118,467,0.1858267716535433
base,replay_base_2023-12-29,2023-12-29,momentum,union_superset_approx,ai_peripheral,quality_or_theme_hard,293,118,50,0.40273037542662116
base,replay_base_2023-12-29,2023-12-29,momentum,union_superset_approx,core_ai,base_hard,635,83,502,0.13070866141732285
base,replay_base_2023-12-29,2023-12-29,momentum,union_superset_approx,core_ai,quality_or_theme_hard,293,83,50,0.2832764505119454
base,replay_base_2024-01-31,2024-01-31,low_value,union_superset_approx,ai_enabler,base_hard,637,101,266,0.15855572998430142
base,replay_base_2024-01-31,2024-01-31,low_value,union_superset_approx,ai_enabler,quality_or_theme_hard,206,101,29,0.49029126213592233
base,replay_base_2024-01-31,2024-01-31,low_value,union_superset_approx,ai_enabler,valuation_hard,371,130,241,0.3504043126684636
base,replay_base_2024-01-31,2024-01-31,low_value,union_superset_approx,ai_peripheral,base_hard,637,31,339,0.04866562009419152
base,replay_base_2024-01-31,2024-01-31,low_value,union_superset_approx,ai_peripheral,quality_or_theme_hard,220,104,31,0.4727272727272727
base,replay_base_2024-01-31,2024-01-31,low_value,union_superset_approx,ai_peripheral,valuation_hard,371,135,236,0.3638814016172507
base,replay_base_2024-01-31,2024-01-31,low_value,union_superset_approx,core_ai,base_hard,637,49,306,0.07692307692307693
base,replay_base_2024-01-31,2024-01-31,low_value,union_superset_approx,core_ai,quality_or_theme_hard,191,89,20,0.46596858638743455
base,replay_base_2024-01-31,2024-01-31,low_value,union_superset_approx,core_ai,valuation_hard,371,109,262,0.29380053908355797
base,replay_base_2024-01-31,2024-01-31,industry_trend,union_superset_approx,ai_enabler,base_hard,637,249,266,0.39089481946624804
base,replay_base_2024-01-31,2024-01-31,industry_trend,union_superset_approx,ai_enabler,quality_or_theme_hard,371,249,122,0.6711590296495957
base,replay_base_2024-01-31,2024-01-31,industry_trend,union_superset_approx,ai_peripheral,base_hard,637,120,395,0.18838304552590268
base,replay_base_2024-01-31,2024-01-31,industry_trend,union_superset_approx,ai_peripheral,quality_or_theme_hard,371,120,122,0.32345013477088946
base,replay_base_2024-01-31,2024-01-31,industry_trend,union_superset_approx,core_ai,base_hard,637,87,428,0.13657770800627944
base,replay_base_2024-01-31,2024-01-31,industry_trend,union_superset_approx,core_ai,quality_or_theme_hard,371,87,122,0.23450134770889489
base,replay_base_2024-01-31,2024-01-31,momentum,union_superset_approx,ai_enabler,base_hard,637,249,266,0.39089481946624804
base,replay_base_2024-01-31,2024-01-31,momentum,union_superset_approx,ai_enabler,quality_or_theme_hard,371,249,122,0.6711590296495957
base,replay_base_2024-01-31,2024-01-31,momentum,union_superset_approx,ai_peripheral,base_hard,637,120,395,0.18838304552590268
base,replay_base_2024-01-31,2024-01-31,momentum,union_superset_approx,ai_peripheral,quality_or_theme_hard,371,120,122,0.32345013477088946
base,replay_base_2024-01-31,2024-01-31,momentum,union_superset_approx,core_ai,base_hard,637,87,428,0.13657770800627944
base,replay_base_2024-01-31,2024-01-31,momentum,union_superset_approx,core_ai,quality_or_theme_hard,371,87,122,0.23450134770889489
base,replay_base_2024-02-29,2024-02-29,low_value,union_superset_approx,ai_enabler,base_hard,638,134,262,0.21003134796238246
base,replay_base_2024-02-29,2024-02-29,low_value,union_superset_approx,ai_enabler,quality_or_theme_hard,229,134,41,0.5851528384279476
base,replay_base_2024-02-29,2024-02-29,low_value,union_superset_approx,ai_enabler,valuation_hard,376,175,201,0.4654255319148936
base,replay_base_2024-02-29,2024-02-29,low_value,union_superset_approx,ai_peripheral,base_hard,638,66,332,0.10344827586206896
base,replay_base_2024-02-29,2024-02-29,low_value,union_superset_approx,ai_peripheral,quality_or_theme_hard,236,136,42,0.576271186440678
base,replay_base_2024-02-29,2024-02-29,low_value,union_superset_approx,ai_peripheral,valuation_hard,376,178,198,0.4734042553191489
base,replay_base_2024-02-29,2024-02-29,low_value,union_superset_approx,core_ai,base_hard,638,48,332,0.07523510971786834
base,replay_base_2024-02-29,2024-02-29,low_value,union_superset_approx,core_ai,quality_or_theme_hard,213,118,36,0.5539906103286385
base,replay_base_2024-02-29,2024-02-29,low_value,union_superset_approx,core_ai,valuation_hard,376,154,222,0.4095744680851064
base,replay_base_2024-02-29,2024-02-29,industry_trend,union_superset_approx,ai_enabler,base_hard,638,273,262,0.4278996865203762
base,replay_base_2024-02-29,2024-02-29,industry_trend,union_superset_approx,ai_enabler,quality_or_theme_hard,376,273,103,0.726063829787234
base,replay_base_2024-02-29,2024-02-29,industry_trend,union_superset_approx,ai_peripheral,base_hard,638,134,401,0.21003134796238246
base,replay_base_2024-02-29,2024-02-29,industry_trend,union_superset_approx,ai_peripheral,quality_or_theme_hard,376,134,103,0.35638297872340424
base,replay_base_2024-02-29,2024-02-29,industry_trend,union_superset_approx,core_ai,base_hard,638,95,440,0.14890282131661442
base,replay_base_2024-02-29,2024-02-29,industry_trend,union_superset_approx,core_ai,quality_or_theme_hard,376,95,103,0.2526595744680851
base,replay_base_2024-02-29,2024-02-29,momentum,union_superset_approx,ai_enabler,base_hard,638,273,262,0.4278996865203762
base,replay_base_2024-02-29,2024-02-29,momentum,union_superset_approx,ai_enabler,quality_or_theme_hard,376,273,103,0.726063829787234
base,replay_base_2024-02-29,2024-02-29,momentum,union_superset_approx,ai_peripheral,base_hard,638,134,401,0.21003134796238246
base,replay_base_2024-02-29,2024-02-29,momentum,union_superset_approx,ai_peripheral,quality_or_theme_hard,376,134,103,0.35638297872340424
base,replay_base_2024-02-29,2024-02-29,momentum,union_superset_approx,core_ai,base_hard,638,95,440,0.14890282131661442
base,replay_base_2024-02-29,2024-02-29,momentum,union_superset_approx,core_ai,quality_or_theme_hard,376,95,103,0.2526595744680851
base,replay_base_2024-03-29,2024-03-29,low_value,union_superset_approx,ai_enabler,base_hard,640,105,287,0.1640625
base,replay_base_2024-03-29,2024-03-29,low_value,union_superset_approx,ai_enabler,quality_or_theme_hard,231,105,30,0.45454545454545453
base,replay_base_2024-03-29,2024-03-29,low_value,union_superset_approx,ai_enabler,valuation_hard,353,135,218,0.38243626062322944
base,replay_base_2024-03-29,2024-03-29,low_value,union_superset_approx,ai_peripheral,base_hard,640,57,337,0.0890625
base,replay_base_2024-03-29,2024-03-29,low_value,union_superset_approx,ai_peripheral,quality_or_theme_hard,245,107,33,0.43673469387755104
base,replay_base_2024-03-29,2024-03-29,low_value,union_superset_approx,ai_peripheral,valuation_hard,353,140,213,0.39660056657223797
base,replay_base_2024-03-29,2024-03-29,low_value,union_superset_approx,core_ai,base_hard,640,28,345,0.04375
base,replay_base_2024-03-29,2024-03-29,low_value,union_superset_approx,core_ai,quality_or_theme_hard,217,86,24,0.39631336405529954
base,replay_base_2024-03-29,2024-03-29,low_value,union_superset_approx,core_ai,valuation_hard,353,110,243,0.311614730878187
base,replay_base_2024-03-29,2024-03-29,industry_trend,union_superset_approx,ai_enabler,base_hard,640,254,287,0.396875
base,replay_base_2024-03-29,2024-03-29,industry_trend,union_superset_approx,ai_enabler,quality_or_theme_hard,353,254,99,0.7195467422096318
base,replay_base_2024-03-29,2024-03-29,industry_trend,union_superset_approx,ai_peripheral,base_hard,640,120,421,0.1875
base,replay_base_2024-03-29,2024-03-29,industry_trend,union_superset_approx,ai_peripheral,quality_or_theme_hard,353,120,99,0.33994334277620397
base,replay_base_2024-03-29,2024-03-29,industry_trend,union_superset_approx,core_ai,base_hard,640,89,452,0.1390625
base,replay_base_2024-03-29,2024-03-29,industry_trend,union_superset_approx,core_ai,quality_or_theme_hard,353,89,99,0.2521246458923513
base,replay_base_2024-03-29,2024-03-29,momentum,union_superset_approx,ai_enabler,base_hard,640,254,287,0.396875
base,replay_base_2024-03-29,2024-03-29,momentum,union_superset_approx,ai_enabler,quality_or_theme_hard,353,254,99,0.7195467422096318
base,replay_base_2024-03-29,2024-03-29,momentum,union_superset_approx,ai_peripheral,base_hard,640,120,421,0.1875
base,replay_base_2024-03-29,2024-03-29,momentum,union_superset_approx,ai_peripheral,quality_or_theme_hard,353,120,99,0.33994334277620397
base,replay_base_2024-03-29,2024-03-29,momentum,union_superset_approx,core_ai,base_hard,640,89,452,0.1390625
base,replay_base_2024-03-29,2024-03-29,momentum,union_superset_approx,core_ai,quality_or_theme_hard,353,89,99,0.2521246458923513
base,replay_base_2024-04-30,2024-04-30,low_value,union_superset_approx,ai_enabler,base_hard,642,32,274,0.04984423676012461
base,replay_base_2024-04-30,2024-04-30,low_value,union_superset_approx,ai_enabler,quality_or_theme_hard,186,32,15,0.17204301075268819
base,replay_base_2024-04-30,2024-04-30,low_value,union_superset_approx,ai_enabler,valuation_hard,368,47,321,0.12771739130434784
base,replay_base_2024-04-30,2024-04-30,low_value,union_superset_approx,ai_peripheral,base_hard,642,23,289,0.03582554517133956
base,replay_base_2024-04-30,2024-04-30,low_value,union_superset_approx,ai_peripheral,quality_or_theme_hard,210,38,17,0.18095238095238095
base,replay_base_2024-04-30,2024-04-30,low_value,union_superset_approx,ai_peripheral,valuation_hard,368,55,313,0.14945652173913043
base,replay_base_2024-04-30,2024-04-30,low_value,union_superset_approx,core_ai,base_hard,642,10,292,0.01557632398753894
base,replay_base_2024-04-30,2024-04-30,low_value,union_superset_approx,core_ai,quality_or_theme_hard,166,28,12,0.1686746987951807
base,replay_base_2024-04-30,2024-04-30,low_value,union_superset_approx,core_ai,valuation_hard,368,40,328,0.10869565217391304
base,replay_base_2024-04-30,2024-04-30,industry_trend,union_superset_approx,ai_enabler,base_hard,642,248,274,0.3862928348909657
base,replay_base_2024-04-30,2024-04-30,industry_trend,union_superset_approx,ai_enabler,quality_or_theme_hard,368,248,120,0.6739130434782609
base,replay_base_2024-04-30,2024-04-30,industry_trend,union_superset_approx,ai_peripheral,base_hard,642,124,398,0.19314641744548286
base,replay_base_2024-04-30,2024-04-30,industry_trend,union_superset_approx,ai_peripheral,quality_or_theme_hard,368,124,120,0.33695652173913043
base,replay_base_2024-04-30,2024-04-30,industry_trend,union_superset_approx,core_ai,base_hard,642,89,433,0.13862928348909656
base,replay_base_2024-04-30,2024-04-30,industry_trend,union_superset_approx,core_ai,quality_or_theme_hard,368,89,120,0.2418478260869565
base,replay_base_2024-04-30,2024-04-30,momentum,union_superset_approx,ai_enabler,base_hard,642,248,274,0.3862928348909657
base,replay_base_2024-04-30,2024-04-30,momentum,union_superset_approx,ai_enabler,quality_or_theme_hard,368,248,120,0.6739130434782609
base,replay_base_2024-04-30,2024-04-30,momentum,union_superset_approx,ai_peripheral,base_hard,642,124,398,0.19314641744548286
base,replay_base_2024-04-30,2024-04-30,momentum,union_superset_approx,ai_peripheral,quality_or_theme_hard,368,124,120,0.33695652173913043
base,replay_base_2024-04-30,2024-04-30,momentum,union_superset_approx,core_ai,base_hard,642,89,433,0.13862928348909656
base,replay_base_2024-04-30,2024-04-30,momentum,union_superset_approx,core_ai,quality_or_theme_hard,368,89,120,0.2418478260869565
base,replay_base_2024-05-31,2024-05-31,low_value,union_superset_approx,ai_enabler,base_hard,643,74,267,0.1150855365474339
base,replay_base_2024-05-31,2024-05-31,low_value,union_superset_approx,ai_enabler,quality_or_theme_hard,204,74,42,0.3627450980392157
base,replay_base_2024-05-31,2024-05-31,low_value,union_superset_approx,ai_enabler,valuation_hard,376,116,260,0.30851063829787234
base,replay_base_2024-05-31,2024-05-31,low_value,union_superset_approx,ai_peripheral,base_hard,643,36,310,0.05598755832037325
base,replay_base_2024-05-31,2024-05-31,low_value,union_superset_approx,ai_peripheral,quality_or_theme_hard,222,79,45,0.35585585585585583
base,replay_base_2024-05-31,2024-05-31,low_value,union_superset_approx,ai_peripheral,valuation_hard,376,124,252,0.32978723404255317
base,replay_base_2024-05-31,2024-05-31,low_value,union_superset_approx,core_ai,base_hard,643,24,310,0.03732503888024884
base,replay_base_2024-05-31,2024-05-31,low_value,union_superset_approx,core_ai,quality_or_theme_hard,184,67,33,0.3641304347826087
base,replay_base_2024-05-31,2024-05-31,low_value,union_superset_approx,core_ai,valuation_hard,376,100,276,0.26595744680851063
base,replay_base_2024-05-31,2024-05-31,industry_trend,union_superset_approx,ai_enabler,base_hard,643,253,267,0.39346811819595645
base,replay_base_2024-05-31,2024-05-31,industry_trend,union_superset_approx,ai_enabler,quality_or_theme_hard,376,253,123,0.6728723404255319
base,replay_base_2024-05-31,2024-05-31,industry_trend,union_superset_approx,ai_peripheral,base_hard,643,119,401,0.18506998444790046
base,replay_base_2024-05-31,2024-05-31,industry_trend,union_superset_approx,ai_peripheral,quality_or_theme_hard,376,119,123,0.31648936170212766
base,replay_base_2024-05-31,2024-05-31,industry_trend,union_superset_approx,core_ai,base_hard,643,92,428,0.14307931570762053
base,replay_base_2024-05-31,2024-05-31,industry_trend,union_superset_approx,core_ai,quality_or_theme_hard,376,92,123,0.24468085106382978
base,replay_base_2024-05-31,2024-05-31,momentum,union_superset_approx,ai_enabler,base_hard,643,253,267,0.39346811819595645
base,replay_base_2024-05-31,2024-05-31,momentum,union_superset_approx,ai_enabler,quality_or_theme_hard,376,253,123,0.6728723404255319
base,replay_base_2024-05-31,2024-05-31,momentum,union_superset_approx,ai_peripheral,base_hard,643,119,401,0.18506998444790046
base,replay_base_2024-05-31,2024-05-31,momentum,union_superset_approx,ai_peripheral,quality_or_theme_hard,376,119,123,0.31648936170212766
base,replay_base_2024-05-31,2024-05-31,momentum,union_superset_approx,core_ai,base_hard,643,92,428,0.14307931570762053
base,replay_base_2024-05-31,2024-05-31,momentum,union_superset_approx,core_ai,quality_or_theme_hard,376,92,123,0.24468085106382978
base,replay_base_2024-06-28,2024-06-28,low_value,union_superset_approx,ai_enabler,base_hard,646,55,246,0.08513931888544891
base,replay_base_2024-06-28,2024-06-28,low_value,union_superset_approx,ai_enabler,quality_or_theme_hard,206,55,21,0.2669902912621359
base,replay_base_2024-06-28,2024-06-28,low_value,union_superset_approx,ai_enabler,valuation_hard,400,76,324,0.19
base,replay_base_2024-06-28,2024-06-28,low_value,union_superset_approx,ai_peripheral,base_hard,646,16,290,0.02476780185758514
base,replay_base_2024-06-28,2024-06-28,low_value,union_superset_approx,ai_peripheral,quality_or_theme_hard,228,60,25,0.2631578947368421
base,replay_base_2024-06-28,2024-06-28,low_value,union_superset_approx,ai_peripheral,valuation_hard,400,85,315,0.2125
base,replay_base_2024-06-28,2024-06-28,low_value,union_superset_approx,core_ai,base_hard,646,28,267,0.043343653250773995
base,replay_base_2024-06-28,2024-06-28,low_value,union_superset_approx,core_ai,quality_or_theme_hard,184,49,18,0.266304347826087
base,replay_base_2024-06-28,2024-06-28,low_value,union_superset_approx,core_ai,valuation_hard,400,67,333,0.1675
base,replay_base_2024-06-28,2024-06-28,industry_trend,union_superset_approx,ai_enabler,base_hard,646,244,246,0.37770897832817335
base,replay_base_2024-06-28,2024-06-28,industry_trend,union_superset_approx,ai_enabler,quality_or_theme_hard,400,244,156,0.61
base,replay_base_2024-06-28,2024-06-28,industry_trend,union_superset_approx,ai_peripheral,base_hard,646,117,373,0.18111455108359134
base,replay_base_2024-06-28,2024-06-28,industry_trend,union_superset_approx,ai_peripheral,quality_or_theme_hard,400,117,156,0.2925
base,replay_base_2024-06-28,2024-06-28,industry_trend,union_superset_approx,core_ai,base_hard,646,89,401,0.13777089783281735
base,replay_base_2024-06-28,2024-06-28,industry_trend,union_superset_approx,core_ai,quality_or_theme_hard,400,89,156,0.2225
base,replay_base_2024-06-28,2024-06-28,momentum,union_superset_approx,ai_enabler,base_hard,646,244,246,0.37770897832817335
base,replay_base_2024-06-28,2024-06-28,momentum,union_superset_approx,ai_enabler,quality_or_theme_hard,400,244,156,0.61
base,replay_base_2024-06-28,2024-06-28,momentum,union_superset_approx,ai_peripheral,base_hard,646,117,373,0.18111455108359134
base,replay_base_2024-06-28,2024-06-28,momentum,union_superset_approx,ai_peripheral,quality_or_theme_hard,400,117,156,0.2925
base,replay_base_2024-06-28,2024-06-28,momentum,union_superset_approx,core_ai,base_hard,646,89,401,0.13777089783281735
base,replay_base_2024-06-28,2024-06-28,momentum,union_superset_approx,core_ai,quality_or_theme_hard,400,89,156,0.2225
base,replay_base_2024-07-31,2024-07-31,low_value,union_superset_approx,ai_enabler,base_hard,647,83,255,0.12828438948995363
base,replay_base_2024-07-31,2024-07-31,low_value,union_superset_approx,ai_enabler,quality_or_theme_hard,227,83,49,0.3656387665198238
base,replay_base_2024-07-31,2024-07-31,low_value,union_superset_approx,ai_enabler,valuation_hard,392,132,260,0.336734693877551
base,replay_base_2024-07-31,2024-07-31,low_value,union_superset_approx,ai_peripheral,base_hard,647,65,285,0.10046367851622875
base,replay_base_2024-07-31,2024-07-31,low_value,union_superset_approx,ai_peripheral,quality_or_theme_hard,246,95,55,0.3861788617886179
base,replay_base_2024-07-31,2024-07-31,low_value,union_superset_approx,ai_peripheral,valuation_hard,392,150,242,0.3826530612244898
base,replay_base_2024-07-31,2024-07-31,low_value,union_superset_approx,core_ai,base_hard,647,11,315,0.017001545595054096
base,replay_base_2024-07-31,2024-07-31,low_value,union_superset_approx,core_ai,quality_or_theme_hard,204,71,46,0.3480392156862745
base,replay_base_2024-07-31,2024-07-31,low_value,union_superset_approx,core_ai,valuation_hard,392,117,275,0.29846938775510207
base,replay_base_2024-07-31,2024-07-31,industry_trend,union_superset_approx,ai_enabler,base_hard,647,259,255,0.40030911901081917
base,replay_base_2024-07-31,2024-07-31,industry_trend,union_superset_approx,ai_enabler,quality_or_theme_hard,392,259,133,0.6607142857142857
base,replay_base_2024-07-31,2024-07-31,industry_trend,union_superset_approx,ai_peripheral,base_hard,647,125,389,0.19319938176197837
base,replay_base_2024-07-31,2024-07-31,industry_trend,union_superset_approx,ai_peripheral,quality_or_theme_hard,392,125,133,0.31887755102040816
base,replay_base_2024-07-31,2024-07-31,industry_trend,union_superset_approx,core_ai,base_hard,647,93,421,0.1437403400309119
base,replay_base_2024-07-31,2024-07-31,industry_trend,union_superset_approx,core_ai,quality_or_theme_hard,392,93,133,0.2372448979591837
base,replay_base_2024-07-31,2024-07-31,momentum,union_superset_approx,ai_enabler,base_hard,647,259,255,0.40030911901081917
base,replay_base_2024-07-31,2024-07-31,momentum,union_superset_approx,ai_enabler,quality_or_theme_hard,392,259,133,0.6607142857142857
base,replay_base_2024-07-31,2024-07-31,momentum,union_superset_approx,ai_peripheral,base_hard,647,125,389,0.19319938176197837
base,replay_base_2024-07-31,2024-07-31,momentum,union_superset_approx,ai_peripheral,quality_or_theme_hard,392,125,133,0.31887755102040816
base,replay_base_2024-07-31,2024-07-31,momentum,union_superset_approx,core_ai,base_hard,647,93,421,0.1437403400309119
base,replay_base_2024-07-31,2024-07-31,momentum,union_superset_approx,core_ai,quality_or_theme_hard,392,93,133,0.2372448979591837
base,replay_base_2024-08-30,2024-08-30,low_value,union_superset_approx,ai_enabler,base_hard,646,112,278,0.17337461300309598
base,replay_base_2024-08-30,2024-08-30,low_value,union_superset_approx,ai_enabler,quality_or_theme_hard,217,112,47,0.5161290322580645
base,replay_base_2024-08-30,2024-08-30,low_value,union_superset_approx,ai_enabler,valuation_hard,368,159,209,0.4320652173913043
base,replay_base_2024-08-30,2024-08-30,low_value,union_superset_approx,ai_peripheral,base_hard,646,65,330,0.10061919504643962
base,replay_base_2024-08-30,2024-08-30,low_value,union_superset_approx,ai_peripheral,quality_or_theme_hard,228,117,49,0.5131578947368421
base,replay_base_2024-08-30,2024-08-30,low_value,union_superset_approx,ai_peripheral,valuation_hard,368,166,202,0.45108695652173914
base,replay_base_2024-08-30,2024-08-30,low_value,union_superset_approx,core_ai,base_hard,646,31,341,0.047987616099071206
base,replay_base_2024-08-30,2024-08-30,low_value,union_superset_approx,core_ai,quality_or_theme_hard,203,94,44,0.4630541871921182
base,replay_base_2024-08-30,2024-08-30,low_value,union_superset_approx,core_ai,valuation_hard,368,138,230,0.375
base,replay_base_2024-08-30,2024-08-30,industry_trend,union_superset_approx,ai_enabler,base_hard,646,266,278,0.4117647058823529
base,replay_base_2024-08-30,2024-08-30,industry_trend,union_superset_approx,ai_enabler,quality_or_theme_hard,368,266,102,0.7228260869565217
base,replay_base_2024-08-30,2024-08-30,industry_trend,union_superset_approx,ai_peripheral,base_hard,646,132,412,0.2043343653250774
base,replay_base_2024-08-30,2024-08-30,industry_trend,union_superset_approx,ai_peripheral,quality_or_theme_hard,368,132,102,0.358695652173913
base,replay_base_2024-08-30,2024-08-30,industry_trend,union_superset_approx,core_ai,base_hard,646,92,452,0.14241486068111456
base,replay_base_2024-08-30,2024-08-30,industry_trend,union_superset_approx,core_ai,quality_or_theme_hard,368,92,102,0.25
base,replay_base_2024-08-30,2024-08-30,momentum,union_superset_approx,ai_enabler,base_hard,646,266,278,0.4117647058823529
base,replay_base_2024-08-30,2024-08-30,momentum,union_superset_approx,ai_enabler,quality_or_theme_hard,368,266,102,0.7228260869565217
base,replay_base_2024-08-30,2024-08-30,momentum,union_superset_approx,ai_peripheral,base_hard,646,132,412,0.2043343653250774
base,replay_base_2024-08-30,2024-08-30,momentum,union_superset_approx,ai_peripheral,quality_or_theme_hard,368,132,102,0.358695652173913
base,replay_base_2024-08-30,2024-08-30,momentum,union_superset_approx,core_ai,base_hard,646,92,452,0.14241486068111456
base,replay_base_2024-08-30,2024-08-30,momentum,union_superset_approx,core_ai,quality_or_theme_hard,368,92,102,0.25
base,replay_base_2024-09-30,2024-09-30,low_value,union_superset_approx,ai_enabler,base_hard,647,118,258,0.18238021638330756
base,replay_base_2024-09-30,2024-09-30,low_value,union_superset_approx,ai_enabler,quality_or_theme_hard,252,118,38,0.46825396825396826
base,replay_base_2024-09-30,2024-09-30,low_value,union_superset_approx,ai_enabler,valuation_hard,389,156,233,0.40102827763496146
base,replay_base_2024-09-30,2024-09-30,low_value,union_superset_approx,ai_peripheral,base_hard,647,72,307,0.11128284389489954
base,replay_base_2024-09-30,2024-09-30,low_value,union_superset_approx,ai_peripheral,quality_or_theme_hard,259,121,38,0.4671814671814672
base,replay_base_2024-09-30,2024-09-30,low_value,union_superset_approx,ai_peripheral,valuation_hard,389,159,230,0.4087403598971722
base,replay_base_2024-09-30,2024-09-30,low_value,union_superset_approx,core_ai,base_hard,647,27,328,0.04173106646058733
base,replay_base_2024-09-30,2024-09-30,low_value,union_superset_approx,core_ai,quality_or_theme_hard,243,97,31,0.3991769547325103
base,replay_base_2024-09-30,2024-09-30,low_value,union_superset_approx,core_ai,valuation_hard,389,128,261,0.32904884318766064
base,replay_base_2024-09-30,2024-09-30,industry_trend,union_superset_approx,ai_enabler,base_hard,647,291,258,0.44976816074188564
base,replay_base_2024-09-30,2024-09-30,industry_trend,union_superset_approx,ai_enabler,quality_or_theme_hard,389,291,98,0.7480719794344473
base,replay_base_2024-09-30,2024-09-30,industry_trend,union_superset_approx,ai_peripheral,base_hard,647,141,408,0.21792890262751158
base,replay_base_2024-09-30,2024-09-30,industry_trend,union_superset_approx,ai_peripheral,quality_or_theme_hard,389,141,98,0.36246786632390743
base,replay_base_2024-09-30,2024-09-30,industry_trend,union_superset_approx,core_ai,base_hard,647,98,451,0.15146831530139104
base,replay_base_2024-09-30,2024-09-30,industry_trend,union_superset_approx,core_ai,quality_or_theme_hard,389,98,98,0.2519280205655527
base,replay_base_2024-09-30,2024-09-30,momentum,union_superset_approx,ai_enabler,base_hard,647,291,258,0.44976816074188564
base,replay_base_2024-09-30,2024-09-30,momentum,union_superset_approx,ai_enabler,quality_or_theme_hard,389,291,98,0.7480719794344473
base,replay_base_2024-09-30,2024-09-30,momentum,union_superset_approx,ai_peripheral,base_hard,647,141,408,0.21792890262751158
base,replay_base_2024-09-30,2024-09-30,momentum,union_superset_approx,ai_peripheral,quality_or_theme_hard,389,141,98,0.36246786632390743
base,replay_base_2024-09-30,2024-09-30,momentum,union_superset_approx,core_ai,base_hard,647,98,451,0.15146831530139104
base,replay_base_2024-09-30,2024-09-30,momentum,union_superset_approx,core_ai,quality_or_theme_hard,389,98,98,0.2519280205655527
base,replay_base_2024-10-31,2024-10-31,low_value,union_superset_approx,ai_enabler,base_hard,649,96,216,0.14791987673343607
base,replay_base_2024-10-31,2024-10-31,low_value,union_superset_approx,ai_enabler,quality_or_theme_hard,253,96,35,0.3794466403162055
base,replay_base_2024-10-31,2024-10-31,low_value,union_superset_approx,ai_enabler,valuation_hard,433,131,302,0.302540415704388
base,replay_base_2024-10-31,2024-10-31,low_value,union_superset_approx,ai_peripheral,base_hard,649,41,272,0.06317411402157165
base,replay_base_2024-10-31,2024-10-31,low_value,union_superset_approx,ai_peripheral,quality_or_theme_hard,262,97,35,0.3702290076335878
base,replay_base_2024-10-31,2024-10-31,low_value,union_superset_approx,ai_peripheral,valuation_hard,433,132,301,0.30484988452655887
base,replay_base_2024-10-31,2024-10-31,low_value,union_superset_approx,core_ai,base_hard,649,35,261,0.053929121725731895
base,replay_base_2024-10-31,2024-10-31,low_value,union_superset_approx,core_ai,quality_or_theme_hard,226,80,34,0.35398230088495575
base,replay_base_2024-10-31,2024-10-31,low_value,union_superset_approx,core_ai,valuation_hard,433,114,319,0.2632794457274827
base,replay_base_2024-10-31,2024-10-31,industry_trend,union_superset_approx,ai_enabler,base_hard,649,308,216,0.4745762711864407
base,replay_base_2024-10-31,2024-10-31,industry_trend,union_superset_approx,ai_enabler,quality_or_theme_hard,433,308,125,0.7113163972286374
base,replay_base_2024-10-31,2024-10-31,industry_trend,union_superset_approx,ai_peripheral,base_hard,649,154,370,0.23728813559322035
base,replay_base_2024-10-31,2024-10-31,industry_trend,union_superset_approx,ai_peripheral,quality_or_theme_hard,433,154,125,0.3556581986143187
base,replay_base_2024-10-31,2024-10-31,industry_trend,union_superset_approx,core_ai,base_hard,649,102,422,0.15716486902927582
base,replay_base_2024-10-31,2024-10-31,industry_trend,union_superset_approx,core_ai,quality_or_theme_hard,433,102,125,0.23556581986143188
base,replay_base_2024-10-31,2024-10-31,momentum,union_superset_approx,ai_enabler,base_hard,649,308,216,0.4745762711864407
base,replay_base_2024-10-31,2024-10-31,momentum,union_superset_approx,ai_enabler,quality_or_theme_hard,433,308,125,0.7113163972286374
base,replay_base_2024-10-31,2024-10-31,momentum,union_superset_approx,ai_peripheral,base_hard,649,154,370,0.23728813559322035
base,replay_base_2024-10-31,2024-10-31,momentum,union_superset_approx,ai_peripheral,quality_or_theme_hard,433,154,125,0.3556581986143187
base,replay_base_2024-10-31,2024-10-31,momentum,union_superset_approx,core_ai,base_hard,649,102,422,0.15716486902927582
base,replay_base_2024-10-31,2024-10-31,momentum,union_superset_approx,core_ai,quality_or_theme_hard,433,102,125,0.23556581986143188
base,replay_base_2024-11-29,2024-11-29,low_value,union_superset_approx,ai_enabler,base_hard,649,173,304,0.2665639445300462
base,replay_base_2024-11-29,2024-11-29,low_value,union_superset_approx,ai_enabler,quality_or_theme_hard,240,173,12,0.7208333333333333
base,replay_base_2024-11-29,2024-11-29,low_value,union_superset_approx,ai_enabler,valuation_hard,345,185,160,0.5362318840579711
base,replay_base_2024-11-29,2024-11-29,low_value,union_superset_approx,ai_peripheral,base_hard,649,81,403,0.12480739599383667
base,replay_base_2024-11-29,2024-11-29,low_value,union_superset_approx,ai_peripheral,quality_or_theme_hard,247,180,12,0.728744939271255
base,replay_base_2024-11-29,2024-11-29,low_value,union_superset_approx,ai_peripheral,valuation_hard,345,192,153,0.5565217391304348
base,replay_base_2024-11-29,2024-11-29,low_value,union_superset_approx,core_ai,base_hard,649,52,417,0.08012326656394453
base,replay_base_2024-11-29,2024-11-29,low_value,union_superset_approx,core_ai,quality_or_theme_hard,231,165,12,0.7142857142857143
base,replay_base_2024-11-29,2024-11-29,low_value,union_superset_approx,core_ai,valuation_hard,345,177,168,0.5130434782608696
base,replay_base_2024-11-29,2024-11-29,industry_trend,union_superset_approx,ai_enabler,base_hard,649,321,304,0.4946070878274268
base,replay_base_2024-11-29,2024-11-29,industry_trend,union_superset_approx,ai_enabler,quality_or_theme_hard,345,321,24,0.9304347826086956
base,replay_base_2024-11-29,2024-11-29,industry_trend,union_superset_approx,ai_peripheral,base_hard,649,153,472,0.2357473035439137
base,replay_base_2024-11-29,2024-11-29,industry_trend,union_superset_approx,ai_peripheral,quality_or_theme_hard,345,153,24,0.4434782608695652
base,replay_base_2024-11-29,2024-11-29,industry_trend,union_superset_approx,core_ai,base_hard,649,103,522,0.15870570107858242
base,replay_base_2024-11-29,2024-11-29,industry_trend,union_superset_approx,core_ai,quality_or_theme_hard,345,103,24,0.2985507246376812
base,replay_base_2024-11-29,2024-11-29,momentum,union_superset_approx,ai_enabler,base_hard,649,321,304,0.4946070878274268
base,replay_base_2024-11-29,2024-11-29,momentum,union_superset_approx,ai_enabler,quality_or_theme_hard,345,321,24,0.9304347826086956
base,replay_base_2024-11-29,2024-11-29,momentum,union_superset_approx,ai_peripheral,base_hard,649,153,472,0.2357473035439137
base,replay_base_2024-11-29,2024-11-29,momentum,union_superset_approx,ai_peripheral,quality_or_theme_hard,345,153,24,0.4434782608695652
base,replay_base_2024-11-29,2024-11-29,momentum,union_superset_approx,core_ai,base_hard,649,103,522,0.15870570107858242
base,replay_base_2024-11-29,2024-11-29,momentum,union_superset_approx,core_ai,quality_or_theme_hard,345,103,24,0.2985507246376812
base,replay_base_2024-12-31,2024-12-31,low_value,union_superset_approx,ai_enabler,base_hard,651,25,273,0.03840245775729647
base,replay_base_2024-12-31,2024-12-31,low_value,union_superset_approx,ai_enabler,quality_or_theme_hard,169,25,5,0.14792899408284024
base,replay_base_2024-12-31,2024-12-31,low_value,union_superset_approx,ai_enabler,valuation_hard,378,30,348,0.07936507936507936
base,replay_base_2024-12-31,2024-12-31,low_value,union_superset_approx,ai_peripheral,base_hard,651,2,297,0.0030721966205837174
base,replay_base_2024-12-31,2024-12-31,low_value,union_superset_approx,ai_peripheral,quality_or_theme_hard,185,26,5,0.14054054054054055
base,replay_base_2024-12-31,2024-12-31,low_value,union_superset_approx,ai_peripheral,valuation_hard,378,31,347,0.082010582010582
base,replay_base_2024-12-31,2024-12-31,low_value,union_superset_approx,core_ai,base_hard,651,13,283,0.019969278033794162
base,replay_base_2024-12-31,2024-12-31,low_value,union_superset_approx,core_ai,quality_or_theme_hard,150,23,5,0.15333333333333332
base,replay_base_2024-12-31,2024-12-31,low_value,union_superset_approx,core_ai,valuation_hard,378,28,350,0.07407407407407407
base,replay_base_2024-12-31,2024-12-31,industry_trend,union_superset_approx,ai_enabler,base_hard,651,313,273,0.4807987711213518
base,replay_base_2024-12-31,2024-12-31,industry_trend,union_superset_approx,ai_enabler,quality_or_theme_hard,378,313,65,0.828042328042328
base,replay_base_2024-12-31,2024-12-31,industry_trend,union_superset_approx,ai_peripheral,base_hard,651,142,444,0.21812596006144394
base,replay_base_2024-12-31,2024-12-31,industry_trend,union_superset_approx,ai_peripheral,quality_or_theme_hard,378,142,65,0.37566137566137564
base,replay_base_2024-12-31,2024-12-31,industry_trend,union_superset_approx,core_ai,base_hard,651,107,479,0.16436251920122888
base,replay_base_2024-12-31,2024-12-31,industry_trend,union_superset_approx,core_ai,quality_or_theme_hard,378,107,65,0.2830687830687831
base,replay_base_2024-12-31,2024-12-31,momentum,union_superset_approx,ai_enabler,base_hard,651,313,273,0.4807987711213518
base,replay_base_2024-12-31,2024-12-31,momentum,union_superset_approx,ai_enabler,quality_or_theme_hard,378,313,65,0.828042328042328
base,replay_base_2024-12-31,2024-12-31,momentum,union_superset_approx,ai_peripheral,base_hard,651,142,444,0.21812596006144394
base,replay_base_2024-12-31,2024-12-31,momentum,union_superset_approx,ai_peripheral,quality_or_theme_hard,378,142,65,0.37566137566137564
base,replay_base_2024-12-31,2024-12-31,momentum,union_superset_approx,core_ai,base_hard,651,107,479,0.16436251920122888
base,replay_base_2024-12-31,2024-12-31,momentum,union_superset_approx,core_ai,quality_or_theme_hard,378,107,65,0.2830687830687831
base,replay_base_2025-01-31,2025-01-31,low_value,union_superset_approx,ai_enabler,base_hard,652,113,199,0.17331288343558282
base,replay_base_2025-01-31,2025-01-31,low_value,union_superset_approx,ai_enabler,quality_or_theme_hard,212,113,27,0.5330188679245284
base,replay_base_2025-01-31,2025-01-31,low_value,union_superset_approx,ai_enabler,valuation_hard,453,140,313,0.3090507726269316
base,replay_base_2025-01-31,2025-01-31,low_value,union_superset_approx,ai_peripheral,base_hard,652,43,274,0.06595092024539877
base,replay_base_2025-01-31,2025-01-31,low_value,union_superset_approx,ai_peripheral,quality_or_theme_hard,229,118,30,0.5152838427947598
base,replay_base_2025-01-31,2025-01-31,low_value,union_superset_approx,ai_peripheral,valuation_hard,453,148,305,0.32671081677704195
base,replay_base_2025-01-31,2025-01-31,low_value,union_superset_approx,core_ai,base_hard,652,41,257,0.06288343558282208
base,replay_base_2025-01-31,2025-01-31,low_value,union_superset_approx,core_ai,quality_or_theme_hard,186,99,26,0.532258064516129
base,replay_base_2025-01-31,2025-01-31,low_value,union_superset_approx,core_ai,valuation_hard,453,125,328,0.27593818984547464
base,replay_base_2025-01-31,2025-01-31,industry_trend,union_superset_approx,ai_enabler,base_hard,652,341,199,0.5230061349693251
base,replay_base_2025-01-31,2025-01-31,industry_trend,union_superset_approx,ai_enabler,quality_or_theme_hard,453,341,112,0.7527593818984547
base,replay_base_2025-01-31,2025-01-31,industry_trend,union_superset_approx,ai_peripheral,base_hard,652,161,379,0.2469325153374233
base,replay_base_2025-01-31,2025-01-31,industry_trend,union_superset_approx,ai_peripheral,quality_or_theme_hard,453,161,112,0.3554083885209713
base,replay_base_2025-01-31,2025-01-31,industry_trend,union_superset_approx,core_ai,base_hard,652,111,429,0.17024539877300612
base,replay_base_2025-01-31,2025-01-31,industry_trend,union_superset_approx,core_ai,quality_or_theme_hard,453,111,112,0.24503311258278146
base,replay_base_2025-01-31,2025-01-31,momentum,union_superset_approx,ai_enabler,base_hard,652,341,199,0.5230061349693251
base,replay_base_2025-01-31,2025-01-31,momentum,union_superset_approx,ai_enabler,quality_or_theme_hard,453,341,112,0.7527593818984547
base,replay_base_2025-01-31,2025-01-31,momentum,union_superset_approx,ai_peripheral,base_hard,652,161,379,0.2469325153374233
base,replay_base_2025-01-31,2025-01-31,momentum,union_superset_approx,ai_peripheral,quality_or_theme_hard,453,161,112,0.3554083885209713
base,replay_base_2025-01-31,2025-01-31,momentum,union_superset_approx,core_ai,base_hard,652,111,429,0.17024539877300612
base,replay_base_2025-01-31,2025-01-31,momentum,union_superset_approx,core_ai,quality_or_theme_hard,453,111,112,0.24503311258278146
base,replay_base_2025-02-28,2025-02-28,low_value,union_superset_approx,ai_enabler,base_hard,654,43,190,0.06574923547400612
base,replay_base_2025-02-28,2025-02-28,low_value,union_superset_approx,ai_enabler,quality_or_theme_hard,158,43,9,0.2721518987341772
base,replay_base_2025-02-28,2025-02-28,low_value,union_superset_approx,ai_enabler,valuation_hard,464,52,412,0.11206896551724138
base,replay_base_2025-02-28,2025-02-28,low_value,union_superset_approx,ai_peripheral,base_hard,654,16,219,0.024464831804281346
base,replay_base_2025-02-28,2025-02-28,low_value,union_superset_approx,ai_peripheral,quality_or_theme_hard,174,45,10,0.25862068965517243
base,replay_base_2025-02-28,2025-02-28,low_value,union_superset_approx,ai_peripheral,valuation_hard,464,55,409,0.11853448275862069
base,replay_base_2025-02-28,2025-02-28,low_value,union_superset_approx,core_ai,base_hard,654,14,214,0.021406727828746176
base,replay_base_2025-02-28,2025-02-28,low_value,union_superset_approx,core_ai,quality_or_theme_hard,140,38,8,0.2714285714285714
base,replay_base_2025-02-28,2025-02-28,low_value,union_superset_approx,core_ai,valuation_hard,464,46,418,0.09913793103448276
base,replay_base_2025-02-28,2025-02-28,industry_trend,union_superset_approx,ai_enabler,base_hard,654,364,190,0.5565749235474006
base,replay_base_2025-02-28,2025-02-28,industry_trend,union_superset_approx,ai_enabler,quality_or_theme_hard,464,364,100,0.7844827586206896
base,replay_base_2025-02-28,2025-02-28,industry_trend,union_superset_approx,ai_peripheral,base_hard,654,167,387,0.25535168195718655
base,replay_base_2025-02-28,2025-02-28,industry_trend,union_superset_approx,ai_peripheral,quality_or_theme_hard,464,167,100,0.3599137931034483
base,replay_base_2025-02-28,2025-02-28,industry_trend,union_superset_approx,core_ai,base_hard,654,116,438,0.17737003058103976
base,replay_base_2025-02-28,2025-02-28,industry_trend,union_superset_approx,core_ai,quality_or_theme_hard,464,116,100,0.25
base,replay_base_2025-02-28,2025-02-28,momentum,union_superset_approx,ai_enabler,base_hard,654,364,190,0.5565749235474006
base,replay_base_2025-02-28,2025-02-28,momentum,union_superset_approx,ai_enabler,quality_or_theme_hard,464,364,100,0.7844827586206896
base,replay_base_2025-02-28,2025-02-28,momentum,union_superset_approx,ai_peripheral,base_hard,654,167,387,0.25535168195718655
base,replay_base_2025-02-28,2025-02-28,momentum,union_superset_approx,ai_peripheral,quality_or_theme_hard,464,167,100,0.3599137931034483
base,replay_base_2025-02-28,2025-02-28,momentum,union_superset_approx,core_ai,base_hard,654,116,438,0.17737003058103976
base,replay_base_2025-02-28,2025-02-28,momentum,union_superset_approx,core_ai,quality_or_theme_hard,464,116,100,0.25
base,replay_base_2025-03-31,2025-03-31,low_value,union_superset_approx,ai_enabler,base_hard,655,0,216,0.0
base,replay_base_2025-03-31,2025-03-31,low_value,union_superset_approx,ai_enabler,quality_or_theme_hard,99,0,99,0.0
base,replay_base_2025-03-31,2025-03-31,low_value,union_superset_approx,ai_enabler,valuation_hard,439,0,340,0.0
base,replay_base_2025-03-31,2025-03-31,low_value,union_superset_approx,ai_peripheral,base_hard,655,0,216,0.0
base,replay_base_2025-03-31,2025-03-31,low_value,union_superset_approx,ai_peripheral,quality_or_theme_hard,112,0,112,0.0
base,replay_base_2025-03-31,2025-03-31,low_value,union_superset_approx,ai_peripheral,valuation_hard,439,0,327,0.0
base,replay_base_2025-03-31,2025-03-31,low_value,union_superset_approx,core_ai,base_hard,655,0,216,0.0
base,replay_base_2025-03-31,2025-03-31,low_value,union_superset_approx,core_ai,quality_or_theme_hard,86,0,86,0.0
base,replay_base_2025-03-31,2025-03-31,low_value,union_superset_approx,core_ai,valuation_hard,439,0,353,0.0
base,replay_base_2025-03-31,2025-03-31,industry_trend,union_superset_approx,ai_enabler,base_hard,655,351,216,0.5358778625954198
base,replay_base_2025-03-31,2025-03-31,industry_trend,union_superset_approx,ai_enabler,quality_or_theme_hard,439,0,439,0.0
base,replay_base_2025-03-31,2025-03-31,industry_trend,union_superset_approx,ai_peripheral,base_hard,655,165,402,0.25190839694656486
base,replay_base_2025-03-31,2025-03-31,industry_trend,union_superset_approx,ai_peripheral,quality_or_theme_hard,439,0,253,0.0
base,replay_base_2025-03-31,2025-03-31,industry_trend,union_superset_approx,core_ai,base_hard,655,113,454,0.17251908396946564
base,replay_base_2025-03-31,2025-03-31,industry_trend,union_superset_approx,core_ai,quality_or_theme_hard,439,0,201,0.0
base,replay_base_2025-03-31,2025-03-31,momentum,union_superset_approx,ai_enabler,base_hard,655,351,216,0.5358778625954198
base,replay_base_2025-03-31,2025-03-31,momentum,union_superset_approx,ai_enabler,quality_or_theme_hard,439,0,439,0.0
base,replay_base_2025-03-31,2025-03-31,momentum,union_superset_approx,ai_peripheral,base_hard,655,165,402,0.25190839694656486
base,replay_base_2025-03-31,2025-03-31,momentum,union_superset_approx,ai_peripheral,quality_or_theme_hard,439,0,253,0.0
base,replay_base_2025-03-31,2025-03-31,momentum,union_superset_approx,core_ai,base_hard,655,113,454,0.17251908396946564
base,replay_base_2025-03-31,2025-03-31,momentum,union_superset_approx,core_ai,quality_or_theme_hard,439,0,201,0.0
base,replay_base_2025-04-30,2025-04-30,low_value,union_superset_approx,ai_enabler,base_hard,655,0,230,0.0
base,replay_base_2025-04-30,2025-04-30,low_value,union_superset_approx,ai_enabler,quality_or_theme_hard,102,0,102,0.0
base,replay_base_2025-04-30,2025-04-30,low_value,union_superset_approx,ai_enabler,valuation_hard,425,0,323,0.0
base,replay_base_2025-04-30,2025-04-30,low_value,union_superset_approx,ai_peripheral,base_hard,655,0,230,0.0
base,replay_base_2025-04-30,2025-04-30,low_value,union_superset_approx,ai_peripheral,quality_or_theme_hard,115,0,115,0.0
base,replay_base_2025-04-30,2025-04-30,low_value,union_superset_approx,ai_peripheral,valuation_hard,425,0,310,0.0
base,replay_base_2025-04-30,2025-04-30,low_value,union_superset_approx,core_ai,base_hard,655,0,230,0.0
base,replay_base_2025-04-30,2025-04-30,low_value,union_superset_approx,core_ai,quality_or_theme_hard,95,0,95,0.0
base,replay_base_2025-04-30,2025-04-30,low_value,union_superset_approx,core_ai,valuation_hard,425,0,330,0.0
base,replay_base_2025-04-30,2025-04-30,industry_trend,union_superset_approx,ai_enabler,base_hard,655,344,230,0.5251908396946565
base,replay_base_2025-04-30,2025-04-30,industry_trend,union_superset_approx,ai_enabler,quality_or_theme_hard,425,0,425,0.0
base,replay_base_2025-04-30,2025-04-30,industry_trend,union_superset_approx,ai_peripheral,base_hard,655,170,404,0.2595419847328244
base,replay_base_2025-04-30,2025-04-30,industry_trend,union_superset_approx,ai_peripheral,quality_or_theme_hard,425,0,251,0.0
base,replay_base_2025-04-30,2025-04-30,industry_trend,union_superset_approx,core_ai,base_hard,655,110,464,0.16793893129770993
base,replay_base_2025-04-30,2025-04-30,industry_trend,union_superset_approx,core_ai,quality_or_theme_hard,425,0,191,0.0
base,replay_base_2025-04-30,2025-04-30,momentum,union_superset_approx,ai_enabler,base_hard,655,344,230,0.5251908396946565
base,replay_base_2025-04-30,2025-04-30,momentum,union_superset_approx,ai_enabler,quality_or_theme_hard,425,0,425,0.0
base,replay_base_2025-04-30,2025-04-30,momentum,union_superset_approx,ai_peripheral,base_hard,655,170,404,0.2595419847328244
base,replay_base_2025-04-30,2025-04-30,momentum,union_superset_approx,ai_peripheral,quality_or_theme_hard,425,0,251,0.0
base,replay_base_2025-04-30,2025-04-30,momentum,union_superset_approx,core_ai,base_hard,655,110,464,0.16793893129770993
base,replay_base_2025-04-30,2025-04-30,momentum,union_superset_approx,core_ai,quality_or_theme_hard,425,0,191,0.0
base,replay_base_2025-05-30,2025-05-30,low_value,union_superset_approx,ai_enabler,base_hard,656,87,213,0.1326219512195122
base,replay_base_2025-05-30,2025-05-30,low_value,union_superset_approx,ai_enabler,quality_or_theme_hard,152,87,14,0.5723684210526315
base,replay_base_2025-05-30,2025-05-30,low_value,union_superset_approx,ai_enabler,valuation_hard,443,101,342,0.22799097065462753
base,replay_base_2025-05-30,2025-05-30,low_value,union_superset_approx,ai_peripheral,base_hard,656,38,269,0.057926829268292686
base,replay_base_2025-05-30,2025-05-30,low_value,union_superset_approx,ai_peripheral,quality_or_theme_hard,170,94,17,0.5529411764705883
base,replay_base_2025-05-30,2025-05-30,low_value,union_superset_approx,ai_peripheral,valuation_hard,443,111,332,0.2505643340857788
base,replay_base_2025-05-30,2025-05-30,low_value,union_superset_approx,core_ai,base_hard,656,31,254,0.04725609756097561
base,replay_base_2025-05-30,2025-05-30,low_value,union_superset_approx,core_ai,quality_or_theme_hard,142,72,12,0.5070422535211268
base,replay_base_2025-05-30,2025-05-30,low_value,union_superset_approx,core_ai,valuation_hard,443,84,359,0.18961625282167044
base,replay_base_2025-05-30,2025-05-30,industry_trend,union_superset_approx,ai_enabler,base_hard,656,344,213,0.524390243902439
base,replay_base_2025-05-30,2025-05-30,industry_trend,union_superset_approx,ai_enabler,quality_or_theme_hard,443,344,99,0.7765237020316027
base,replay_base_2025-05-30,2025-05-30,industry_trend,union_superset_approx,ai_peripheral,base_hard,656,161,396,0.24542682926829268
base,replay_base_2025-05-30,2025-05-30,industry_trend,union_superset_approx,ai_peripheral,quality_or_theme_hard,443,161,99,0.36343115124153497
base,replay_base_2025-05-30,2025-05-30,industry_trend,union_superset_approx,core_ai,base_hard,656,111,446,0.16920731707317074
base,replay_base_2025-05-30,2025-05-30,industry_trend,union_superset_approx,core_ai,quality_or_theme_hard,443,111,99,0.2505643340857788
base,replay_base_2025-05-30,2025-05-30,momentum,union_superset_approx,ai_enabler,base_hard,656,344,213,0.524390243902439
base,replay_base_2025-05-30,2025-05-30,momentum,union_superset_approx,ai_enabler,quality_or_theme_hard,443,344,99,0.7765237020316027
base,replay_base_2025-05-30,2025-05-30,momentum,union_superset_approx,ai_peripheral,base_hard,656,161,396,0.24542682926829268
base,replay_base_2025-05-30,2025-05-30,momentum,union_superset_approx,ai_peripheral,quality_or_theme_hard,443,161,99,0.36343115124153497
base,replay_base_2025-05-30,2025-05-30,momentum,union_superset_approx,core_ai,base_hard,656,111,446,0.16920731707317074
base,replay_base_2025-05-30,2025-05-30,momentum,union_superset_approx,core_ai,quality_or_theme_hard,443,111,99,0.2505643340857788
base,replay_base_2025-06-30,2025-06-30,low_value,union_superset_approx,ai_enabler,base_hard,657,107,197,0.1628614916286149
base,replay_base_2025-06-30,2025-06-30,low_value,union_superset_approx,ai_enabler,quality_or_theme_hard,196,107,32,0.5459183673469388
base,replay_base_2025-06-30,2025-06-30,low_value,union_superset_approx,ai_enabler,valuation_hard,460,139,321,0.30217391304347824
base,replay_base_2025-06-30,2025-06-30,low_value,union_superset_approx,ai_peripheral,base_hard,657,37,273,0.0563165905631659
base,replay_base_2025-06-30,2025-06-30,low_value,union_superset_approx,ai_peripheral,quality_or_theme_hard,212,113,40,0.5330188679245284
base,replay_base_2025-06-30,2025-06-30,low_value,union_superset_approx,ai_peripheral,valuation_hard,460,153,307,0.33260869565217394
base,replay_base_2025-06-30,2025-06-30,low_value,union_superset_approx,core_ai,base_hard,657,49,245,0.0745814307458143
base,replay_base_2025-06-30,2025-06-30,low_value,union_superset_approx,core_ai,quality_or_theme_hard,173,97,22,0.5606936416184971
base,replay_base_2025-06-30,2025-06-30,low_value,union_superset_approx,core_ai,valuation_hard,460,119,341,0.25869565217391305
base,replay_base_2025-06-30,2025-06-30,industry_trend,union_superset_approx,ai_enabler,base_hard,657,345,197,0.5251141552511416
base,replay_base_2025-06-30,2025-06-30,industry_trend,union_superset_approx,ai_enabler,quality_or_theme_hard,460,345,115,0.75
base,replay_base_2025-06-30,2025-06-30,industry_trend,union_superset_approx,ai_peripheral,base_hard,657,156,386,0.2374429223744292
base,replay_base_2025-06-30,2025-06-30,industry_trend,union_superset_approx,ai_peripheral,quality_or_theme_hard,460,156,115,0.3391304347826087
base,replay_base_2025-06-30,2025-06-30,industry_trend,union_superset_approx,core_ai,base_hard,657,114,428,0.1735159817351598
base,replay_base_2025-06-30,2025-06-30,industry_trend,union_superset_approx,core_ai,quality_or_theme_hard,460,114,115,0.24782608695652175
base,replay_base_2025-06-30,2025-06-30,momentum,union_superset_approx,ai_enabler,base_hard,657,345,197,0.5251141552511416
base,replay_base_2025-06-30,2025-06-30,momentum,union_superset_approx,ai_enabler,quality_or_theme_hard,460,345,115,0.75
base,replay_base_2025-06-30,2025-06-30,momentum,union_superset_approx,ai_peripheral,base_hard,657,156,386,0.2374429223744292
base,replay_base_2025-06-30,2025-06-30,momentum,union_superset_approx,ai_peripheral,quality_or_theme_hard,460,156,115,0.3391304347826087
base,replay_base_2025-06-30,2025-06-30,momentum,union_superset_approx,core_ai,base_hard,657,114,428,0.1735159817351598
base,replay_base_2025-06-30,2025-06-30,momentum,union_superset_approx,core_ai,quality_or_theme_hard,460,114,115,0.24782608695652175
base,replay_base_2025-07-31,2025-07-31,low_value,union_superset_approx,ai_enabler,base_hard,660,111,183,0.16818181818181818
base,replay_base_2025-07-31,2025-07-31,low_value,union_superset_approx,ai_enabler,quality_or_theme_hard,215,111,21,0.5162790697674419
base,replay_base_2025-07-31,2025-07-31,low_value,union_superset_approx,ai_enabler,valuation_hard,477,132,345,0.27672955974842767
base,replay_base_2025-07-31,2025-07-31,low_value,union_superset_approx,ai_peripheral,base_hard,660,46,254,0.0696969696969697
base,replay_base_2025-07-31,2025-07-31,low_value,union_superset_approx,ai_peripheral,quality_or_theme_hard,228,117,23,0.5131578947368421
base,replay_base_2025-07-31,2025-07-31,low_value,union_superset_approx,ai_peripheral,valuation_hard,477,140,337,0.29350104821802936
base,replay_base_2025-07-31,2025-07-31,low_value,union_superset_approx,core_ai,base_hard,660,45,238,0.06818181818181818
base,replay_base_2025-07-31,2025-07-31,low_value,union_superset_approx,core_ai,quality_or_theme_hard,194,100,19,0.5154639175257731
base,replay_base_2025-07-31,2025-07-31,low_value,union_superset_approx,core_ai,valuation_hard,477,119,358,0.24947589098532494
base,replay_base_2025-07-31,2025-07-31,industry_trend,union_superset_approx,ai_enabler,base_hard,660,360,183,0.5454545454545454
base,replay_base_2025-07-31,2025-07-31,industry_trend,union_superset_approx,ai_enabler,quality_or_theme_hard,477,360,117,0.7547169811320755
base,replay_base_2025-07-31,2025-07-31,industry_trend,union_superset_approx,ai_peripheral,base_hard,660,168,375,0.2545454545454545
base,replay_base_2025-07-31,2025-07-31,industry_trend,union_superset_approx,ai_peripheral,quality_or_theme_hard,477,168,117,0.3522012578616352
base,replay_base_2025-07-31,2025-07-31,industry_trend,union_superset_approx,core_ai,base_hard,660,115,428,0.17424242424242425
base,replay_base_2025-07-31,2025-07-31,industry_trend,union_superset_approx,core_ai,quality_or_theme_hard,477,115,117,0.24109014675052412
base,replay_base_2025-07-31,2025-07-31,momentum,union_superset_approx,ai_enabler,base_hard,660,360,183,0.5454545454545454
base,replay_base_2025-07-31,2025-07-31,momentum,union_superset_approx,ai_enabler,quality_or_theme_hard,477,360,117,0.7547169811320755
base,replay_base_2025-07-31,2025-07-31,momentum,union_superset_approx,ai_peripheral,base_hard,660,168,375,0.2545454545454545
base,replay_base_2025-07-31,2025-07-31,momentum,union_superset_approx,ai_peripheral,quality_or_theme_hard,477,168,117,0.3522012578616352
base,replay_base_2025-07-31,2025-07-31,momentum,union_superset_approx,core_ai,base_hard,660,115,428,0.17424242424242425
base,replay_base_2025-07-31,2025-07-31,momentum,union_superset_approx,core_ai,quality_or_theme_hard,477,115,117,0.24109014675052412
base,replay_base_2025-08-29,2025-08-29,low_value,union_superset_approx,ai_enabler,base_hard,660,100,225,0.15151515151515152
base,replay_base_2025-08-29,2025-08-29,low_value,union_superset_approx,ai_enabler,quality_or_theme_hard,225,100,19,0.4444444444444444
base,replay_base_2025-08-29,2025-08-29,low_value,union_superset_approx,ai_enabler,valuation_hard,435,119,316,0.2735632183908046
base,replay_base_2025-08-29,2025-08-29,low_value,union_superset_approx,ai_peripheral,base_hard,660,48,290,0.07272727272727272
base,replay_base_2025-08-29,2025-08-29,low_value,union_superset_approx,ai_peripheral,quality_or_theme_hard,243,113,22,0.46502057613168724
base,replay_base_2025-08-29,2025-08-29,low_value,union_superset_approx,ai_peripheral,valuation_hard,435,135,300,0.3103448275862069
base,replay_base_2025-08-29,2025-08-29,low_value,union_superset_approx,core_ai,base_hard,660,35,277,0.05303030303030303
base,replay_base_2025-08-29,2025-08-29,low_value,union_superset_approx,core_ai,quality_or_theme_hard,207,87,17,0.42028985507246375
base,replay_base_2025-08-29,2025-08-29,low_value,union_superset_approx,core_ai,valuation_hard,435,104,331,0.23908045977011494
base,replay_base_2025-08-29,2025-08-29,industry_trend,union_superset_approx,ai_enabler,base_hard,660,364,225,0.5515151515151515
base,replay_base_2025-08-29,2025-08-29,industry_trend,union_superset_approx,ai_enabler,quality_or_theme_hard,435,364,71,0.8367816091954023
base,replay_base_2025-08-29,2025-08-29,industry_trend,union_superset_approx,ai_peripheral,base_hard,660,164,425,0.24848484848484848
base,replay_base_2025-08-29,2025-08-29,industry_trend,union_superset_approx,ai_peripheral,quality_or_theme_hard,435,164,71,0.37701149425287356
base,replay_base_2025-08-29,2025-08-29,industry_trend,union_superset_approx,core_ai,base_hard,660,117,472,0.17727272727272728
base,replay_base_2025-08-29,2025-08-29,industry_trend,union_superset_approx,core_ai,quality_or_theme_hard,435,117,71,0.2689655172413793
base,replay_base_2025-08-29,2025-08-29,momentum,union_superset_approx,ai_enabler,base_hard,660,364,225,0.5515151515151515
base,replay_base_2025-08-29,2025-08-29,momentum,union_superset_approx,ai_enabler,quality_or_theme_hard,435,364,71,0.8367816091954023
base,replay_base_2025-08-29,2025-08-29,momentum,union_superset_approx,ai_peripheral,base_hard,660,164,425,0.24848484848484848
base,replay_base_2025-08-29,2025-08-29,momentum,union_superset_approx,ai_peripheral,quality_or_theme_hard,435,164,71,0.37701149425287356
base,replay_base_2025-08-29,2025-08-29,momentum,union_superset_approx,core_ai,base_hard,660,117,472,0.17727272727272728
base,replay_base_2025-08-29,2025-08-29,momentum,union_superset_approx,core_ai,quality_or_theme_hard,435,117,71,0.2689655172413793
base,replay_base_2025-09-30,2025-09-30,low_value,union_superset_approx,ai_enabler,base_hard,662,137,192,0.20694864048338368
base,replay_base_2025-09-30,2025-09-30,low_value,union_superset_approx,ai_enabler,quality_or_theme_hard,251,137,21,0.545816733067729
base,replay_base_2025-09-30,2025-09-30,low_value,union_superset_approx,ai_enabler,valuation_hard,470,158,312,0.33617021276595743
base,replay_base_2025-09-30,2025-09-30,low_value,union_superset_approx,ai_peripheral,base_hard,662,58,276,0.08761329305135952
base,replay_base_2025-09-30,2025-09-30,low_value,union_superset_approx,ai_peripheral,quality_or_theme_hard,269,142,26,0.5278810408921933
base,replay_base_2025-09-30,2025-09-30,low_value,union_superset_approx,ai_peripheral,valuation_hard,470,168,302,0.3574468085106383
base,replay_base_2025-09-30,2025-09-30,low_value,union_superset_approx,core_ai,base_hard,662,49,266,0.07401812688821752
base,replay_base_2025-09-30,2025-09-30,low_value,union_superset_approx,core_ai,quality_or_theme_hard,233,123,19,0.5278969957081545
base,replay_base_2025-09-30,2025-09-30,low_value,union_superset_approx,core_ai,valuation_hard,470,142,328,0.3021276595744681
base,replay_base_2025-09-30,2025-09-30,industry_trend,union_superset_approx,ai_enabler,base_hard,662,372,192,0.5619335347432024
base,replay_base_2025-09-30,2025-09-30,industry_trend,union_superset_approx,ai_enabler,quality_or_theme_hard,470,372,98,0.7914893617021277
base,replay_base_2025-09-30,2025-09-30,industry_trend,union_superset_approx,ai_peripheral,base_hard,662,166,398,0.25075528700906347
base,replay_base_2025-09-30,2025-09-30,industry_trend,union_superset_approx,ai_peripheral,quality_or_theme_hard,470,166,98,0.35319148936170214
base,replay_base_2025-09-30,2025-09-30,industry_trend,union_superset_approx,core_ai,base_hard,662,121,443,0.18277945619335348
base,replay_base_2025-09-30,2025-09-30,industry_trend,union_superset_approx,core_ai,quality_or_theme_hard,470,121,98,0.2574468085106383
base,replay_base_2025-09-30,2025-09-30,momentum,union_superset_approx,ai_enabler,base_hard,662,372,192,0.5619335347432024
base,replay_base_2025-09-30,2025-09-30,momentum,union_superset_approx,ai_enabler,quality_or_theme_hard,470,372,98,0.7914893617021277
base,replay_base_2025-09-30,2025-09-30,momentum,union_superset_approx,ai_peripheral,base_hard,662,166,398,0.25075528700906347
base,replay_base_2025-09-30,2025-09-30,momentum,union_superset_approx,ai_peripheral,quality_or_theme_hard,470,166,98,0.35319148936170214
base,replay_base_2025-09-30,2025-09-30,momentum,union_superset_approx,core_ai,base_hard,662,121,443,0.18277945619335348
base,replay_base_2025-09-30,2025-09-30,momentum,union_superset_approx,core_ai,quality_or_theme_hard,470,121,98,0.2574468085106383
base,replay_base_2025-10-31,2025-10-31,low_value,union_superset_approx,ai_enabler,base_hard,665,107,176,0.16090225563909774
base,replay_base_2025-10-31,2025-10-31,low_value,union_superset_approx,ai_enabler,quality_or_theme_hard,233,107,22,0.4592274678111588
base,replay_base_2025-10-31,2025-10-31,low_value,union_superset_approx,ai_enabler,valuation_hard,489,129,360,0.26380368098159507
base,replay_base_2025-10-31,2025-10-31,low_value,union_superset_approx,ai_peripheral,base_hard,665,34,250,0.05112781954887218
base,replay_base_2025-10-31,2025-10-31,low_value,union_superset_approx,ai_peripheral,quality_or_theme_hard,248,108,24,0.43548387096774194
base,replay_base_2025-10-31,2025-10-31,low_value,union_superset_approx,ai_peripheral,valuation_hard,489,132,357,0.26993865030674846
base,replay_base_2025-10-31,2025-10-31,low_value,union_superset_approx,core_ai,base_hard,665,43,228,0.06466165413533835
base,replay_base_2025-10-31,2025-10-31,low_value,union_superset_approx,core_ai,quality_or_theme_hard,210,95,20,0.4523809523809524
base,replay_base_2025-10-31,2025-10-31,low_value,union_superset_approx,core_ai,valuation_hard,489,115,374,0.23517382413087934
base,replay_base_2025-10-31,2025-10-31,industry_trend,union_superset_approx,ai_enabler,base_hard,665,381,176,0.5729323308270676
base,replay_base_2025-10-31,2025-10-31,industry_trend,union_superset_approx,ai_enabler,quality_or_theme_hard,489,381,108,0.7791411042944786
base,replay_base_2025-10-31,2025-10-31,industry_trend,union_superset_approx,ai_peripheral,base_hard,665,171,386,0.2571428571428571
base,replay_base_2025-10-31,2025-10-31,industry_trend,union_superset_approx,ai_peripheral,quality_or_theme_hard,489,171,108,0.3496932515337423
base,replay_base_2025-10-31,2025-10-31,industry_trend,union_superset_approx,core_ai,base_hard,665,121,436,0.18195488721804512
base,replay_base_2025-10-31,2025-10-31,industry_trend,union_superset_approx,core_ai,quality_or_theme_hard,489,121,108,0.2474437627811861
base,replay_base_2025-10-31,2025-10-31,momentum,union_superset_approx,ai_enabler,base_hard,665,381,176,0.5729323308270676
base,replay_base_2025-10-31,2025-10-31,momentum,union_superset_approx,ai_enabler,quality_or_theme_hard,489,381,108,0.7791411042944786
base,replay_base_2025-10-31,2025-10-31,momentum,union_superset_approx,ai_peripheral,base_hard,665,171,386,0.2571428571428571
base,replay_base_2025-10-31,2025-10-31,momentum,union_superset_approx,ai_peripheral,quality_or_theme_hard,489,171,108,0.3496932515337423
base,replay_base_2025-10-31,2025-10-31,momentum,union_superset_approx,core_ai,base_hard,665,121,436,0.18195488721804512
base,replay_base_2025-10-31,2025-10-31,momentum,union_superset_approx,core_ai,quality_or_theme_hard,489,121,108,0.2474437627811861
base,replay_base_2025-11-28,2025-11-28,low_value,union_superset_approx,ai_enabler,base_hard,666,77,287,0.11561561561561562
base,replay_base_2025-11-28,2025-11-28,low_value,union_superset_approx,ai_enabler,quality_or_theme_hard,169,77,6,0.4556213017751479
base,replay_base_2025-11-28,2025-11-28,low_value,union_superset_approx,ai_enabler,valuation_hard,379,83,296,0.21899736147757257
base,replay_base_2025-11-28,2025-11-28,low_value,union_superset_approx,ai_peripheral,base_hard,666,40,325,0.06006006006006006
base,replay_base_2025-11-28,2025-11-28,low_value,union_superset_approx,ai_peripheral,quality_or_theme_hard,182,78,6,0.42857142857142855
base,replay_base_2025-11-28,2025-11-28,low_value,union_superset_approx,ai_peripheral,valuation_hard,379,84,295,0.22163588390501318
base,replay_base_2025-11-28,2025-11-28,low_value,union_superset_approx,core_ai,base_hard,666,22,327,0.03303303303303303
base,replay_base_2025-11-28,2025-11-28,low_value,union_superset_approx,core_ai,quality_or_theme_hard,149,62,5,0.4161073825503356
base,replay_base_2025-11-28,2025-11-28,low_value,union_superset_approx,core_ai,valuation_hard,379,67,312,0.17678100263852242
base,replay_base_2025-11-28,2025-11-28,industry_trend,union_superset_approx,ai_enabler,base_hard,666,354,287,0.5315315315315315
base,replay_base_2025-11-28,2025-11-28,industry_trend,union_superset_approx,ai_enabler,quality_or_theme_hard,379,354,25,0.9340369393139841
base,replay_base_2025-11-28,2025-11-28,industry_trend,union_superset_approx,ai_peripheral,base_hard,666,154,487,0.23123123123123124
base,replay_base_2025-11-28,2025-11-28,industry_trend,union_superset_approx,ai_peripheral,quality_or_theme_hard,379,154,25,0.40633245382585753
base,replay_base_2025-11-28,2025-11-28,industry_trend,union_superset_approx,core_ai,base_hard,666,118,523,0.17717717717717718
base,replay_base_2025-11-28,2025-11-28,industry_trend,union_superset_approx,core_ai,quality_or_theme_hard,379,118,25,0.3113456464379947
base,replay_base_2025-11-28,2025-11-28,momentum,union_superset_approx,ai_enabler,base_hard,666,354,287,0.5315315315315315
base,replay_base_2025-11-28,2025-11-28,momentum,union_superset_approx,ai_enabler,quality_or_theme_hard,379,354,25,0.9340369393139841
base,replay_base_2025-11-28,2025-11-28,momentum,union_superset_approx,ai_peripheral,base_hard,666,154,487,0.23123123123123124
base,replay_base_2025-11-28,2025-11-28,momentum,union_superset_approx,ai_peripheral,quality_or_theme_hard,379,154,25,0.40633245382585753
base,replay_base_2025-11-28,2025-11-28,momentum,union_superset_approx,core_ai,base_hard,666,118,523,0.17717717717717718
base,replay_base_2025-11-28,2025-11-28,momentum,union_superset_approx,core_ai,quality_or_theme_hard,379,118,25,0.3113456464379947
base,replay_base_2025-12-31,2025-12-31,low_value,union_superset_approx,ai_enabler,base_hard,666,49,256,0.07357357357357357
base,replay_base_2025-12-31,2025-12-31,low_value,union_superset_approx,ai_enabler,quality_or_theme_hard,157,49,3,0.31210191082802546
base,replay_base_2025-12-31,2025-12-31,low_value,union_superset_approx,ai_enabler,valuation_hard,410,52,358,0.12682926829268293
base,replay_base_2025-12-31,2025-12-31,low_value,union_superset_approx,ai_peripheral,base_hard,666,25,284,0.03753753753753754
base,replay_base_2025-12-31,2025-12-31,low_value,union_superset_approx,ai_peripheral,quality_or_theme_hard,169,53,3,0.3136094674556213
base,replay_base_2025-12-31,2025-12-31,low_value,union_superset_approx,ai_peripheral,valuation_hard,410,56,354,0.13658536585365855
base,replay_base_2025-12-31,2025-12-31,low_value,union_superset_approx,core_ai,base_hard,666,16,283,0.024024024024024024
base,replay_base_2025-12-31,2025-12-31,low_value,union_superset_approx,core_ai,quality_or_theme_hard,140,43,3,0.30714285714285716
base,replay_base_2025-12-31,2025-12-31,low_value,union_superset_approx,core_ai,valuation_hard,410,46,364,0.11219512195121951
base,replay_base_2025-12-31,2025-12-31,industry_trend,union_superset_approx,ai_enabler,base_hard,666,362,256,0.5435435435435435
base,replay_base_2025-12-31,2025-12-31,industry_trend,union_superset_approx,ai_enabler,quality_or_theme_hard,410,362,48,0.8829268292682927
base,replay_base_2025-12-31,2025-12-31,industry_trend,union_superset_approx,ai_peripheral,base_hard,666,161,457,0.24174174174174173
base,replay_base_2025-12-31,2025-12-31,industry_trend,union_superset_approx,ai_peripheral,quality_or_theme_hard,410,161,48,0.3926829268292683
base,replay_base_2025-12-31,2025-12-31,industry_trend,union_superset_approx,core_ai,base_hard,666,118,500,0.17717717717717718
base,replay_base_2025-12-31,2025-12-31,industry_trend,union_superset_approx,core_ai,quality_or_theme_hard,410,118,48,0.28780487804878047
base,replay_base_2025-12-31,2025-12-31,momentum,union_superset_approx,ai_enabler,base_hard,666,362,256,0.5435435435435435
base,replay_base_2025-12-31,2025-12-31,momentum,union_superset_approx,ai_enabler,quality_or_theme_hard,410,362,48,0.8829268292682927
base,replay_base_2025-12-31,2025-12-31,momentum,union_superset_approx,ai_peripheral,base_hard,666,161,457,0.24174174174174173
base,replay_base_2025-12-31,2025-12-31,momentum,union_superset_approx,ai_peripheral,quality_or_theme_hard,410,161,48,0.3926829268292683
base,replay_base_2025-12-31,2025-12-31,momentum,union_superset_approx,core_ai,base_hard,666,118,500,0.17717717717717718
base,replay_base_2025-12-31,2025-12-31,momentum,union_superset_approx,core_ai,quality_or_theme_hard,410,118,48,0.28780487804878047
base,replay_base_2026-01-30,2026-01-30,low_value,union_superset_approx,ai_enabler,base_hard,666,133,162,0.1996996996996997
base,replay_base_2026-01-30,2026-01-30,low_value,union_superset_approx,ai_enabler,quality_or_theme_hard,226,133,30,0.588495575221239
base,replay_base_2026-01-30,2026-01-30,low_value,union_superset_approx,ai_enabler,valuation_hard,504,163,341,0.32341269841269843
base,replay_base_2026-01-30,2026-01-30,low_value,union_superset_approx,ai_peripheral,base_hard,666,76,225,0.11411411411411411
base,replay_base_2026-01-30,2026-01-30,low_value,union_superset_approx,ai_peripheral,quality_or_theme_hard,231,139,30,0.6017316017316018
base,replay_base_2026-01-30,2026-01-30,low_value,union_superset_approx,ai_peripheral,valuation_hard,504,169,335,0.3353174603174603
base,replay_base_2026-01-30,2026-01-30,low_value,union_superset_approx,core_ai,base_hard,666,40,241,0.06006006006006006
base,replay_base_2026-01-30,2026-01-30,low_value,union_superset_approx,core_ai,quality_or_theme_hard,207,119,26,0.5748792270531401
base,replay_base_2026-01-30,2026-01-30,low_value,union_superset_approx,core_ai,valuation_hard,504,145,359,0.2876984126984127
base,replay_base_2026-01-30,2026-01-30,industry_trend,union_superset_approx,ai_enabler,base_hard,666,397,162,0.5960960960960962
base,replay_base_2026-01-30,2026-01-30,industry_trend,union_superset_approx,ai_enabler,quality_or_theme_hard,504,397,107,0.7876984126984127
base,replay_base_2026-01-30,2026-01-30,industry_trend,union_superset_approx,ai_peripheral,base_hard,666,175,384,0.2627627627627628
base,replay_base_2026-01-30,2026-01-30,industry_trend,union_superset_approx,ai_peripheral,quality_or_theme_hard,504,175,107,0.3472222222222222
base,replay_base_2026-01-30,2026-01-30,industry_trend,union_superset_approx,core_ai,base_hard,666,126,433,0.1891891891891892
base,replay_base_2026-01-30,2026-01-30,industry_trend,union_superset_approx,core_ai,quality_or_theme_hard,504,126,107,0.25
base,replay_base_2026-01-30,2026-01-30,momentum,union_superset_approx,ai_enabler,base_hard,666,397,162,0.5960960960960962
base,replay_base_2026-01-30,2026-01-30,momentum,union_superset_approx,ai_enabler,quality_or_theme_hard,504,397,107,0.7876984126984127
base,replay_base_2026-01-30,2026-01-30,momentum,union_superset_approx,ai_peripheral,base_hard,666,175,384,0.2627627627627628
base,replay_base_2026-01-30,2026-01-30,momentum,union_superset_approx,ai_peripheral,quality_or_theme_hard,504,175,107,0.3472222222222222
base,replay_base_2026-01-30,2026-01-30,momentum,union_superset_approx,core_ai,base_hard,666,126,433,0.1891891891891892
base,replay_base_2026-01-30,2026-01-30,momentum,union_superset_approx,core_ai,quality_or_theme_hard,504,126,107,0.25
base,replay_base_2026-02-27,2026-02-27,low_value,union_superset_approx,ai_enabler,base_hard,667,154,169,0.23088455772113944
base,replay_base_2026-02-27,2026-02-27,low_value,union_superset_approx,ai_enabler,quality_or_theme_hard,243,154,20,0.6337448559670782
base,replay_base_2026-02-27,2026-02-27,low_value,union_superset_approx,ai_enabler,valuation_hard,498,174,324,0.3493975903614458
base,replay_base_2026-02-27,2026-02-27,low_value,union_superset_approx,ai_peripheral,base_hard,667,112,217,0.1679160419790105
base,replay_base_2026-02-27,2026-02-27,low_value,union_superset_approx,ai_peripheral,quality_or_theme_hard,255,160,20,0.6274509803921569
base,replay_base_2026-02-27,2026-02-27,low_value,union_superset_approx,ai_peripheral,valuation_hard,498,180,318,0.3614457831325301
base,replay_base_2026-02-27,2026-02-27,low_value,union_superset_approx,core_ai,base_hard,667,23,289,0.034482758620689655
base,replay_base_2026-02-27,2026-02-27,low_value,union_superset_approx,core_ai,quality_or_theme_hard,229,143,17,0.6244541484716157
base,replay_base_2026-02-27,2026-02-27,low_value,union_superset_approx,core_ai,valuation_hard,498,160,338,0.321285140562249
base,replay_base_2026-02-27,2026-02-27,industry_trend,union_superset_approx,ai_enabler,base_hard,667,429,169,0.6431784107946027
base,replay_base_2026-02-27,2026-02-27,industry_trend,union_superset_approx,ai_enabler,quality_or_theme_hard,498,429,69,0.8614457831325302
base,replay_base_2026-02-27,2026-02-27,industry_trend,union_superset_approx,ai_peripheral,base_hard,667,184,414,0.27586206896551724
base,replay_base_2026-02-27,2026-02-27,industry_trend,union_superset_approx,ai_peripheral,quality_or_theme_hard,498,184,69,0.36947791164658633
base,replay_base_2026-02-27,2026-02-27,industry_trend,union_superset_approx,core_ai,base_hard,667,130,468,0.19490254872563717
base,replay_base_2026-02-27,2026-02-27,industry_trend,union_superset_approx,core_ai,quality_or_theme_hard,498,130,69,0.26104417670682734
base,replay_base_2026-02-27,2026-02-27,momentum,union_superset_approx,ai_enabler,base_hard,667,429,169,0.6431784107946027
base,replay_base_2026-02-27,2026-02-27,momentum,union_superset_approx,ai_enabler,quality_or_theme_hard,498,429,69,0.8614457831325302
base,replay_base_2026-02-27,2026-02-27,momentum,union_superset_approx,ai_peripheral,base_hard,667,184,414,0.27586206896551724
base,replay_base_2026-02-27,2026-02-27,momentum,union_superset_approx,ai_peripheral,quality_or_theme_hard,498,184,69,0.36947791164658633
base,replay_base_2026-02-27,2026-02-27,momentum,union_superset_approx,core_ai,base_hard,667,130,468,0.19490254872563717
base,replay_base_2026-02-27,2026-02-27,momentum,union_superset_approx,core_ai,quality_or_theme_hard,498,130,69,0.26104417670682734
base,replay_base_2026-03-31,2026-03-31,low_value,union_superset_approx,ai_enabler,base_hard,670,0,173,0.0
base,replay_base_2026-03-31,2026-03-31,low_value,union_superset_approx,ai_enabler,quality_or_theme_hard,191,0,191,0.0
base,replay_base_2026-03-31,2026-03-31,low_value,union_superset_approx,ai_enabler,valuation_hard,497,0,306,0.0
base,replay_base_2026-03-31,2026-03-31,low_value,union_superset_approx,ai_peripheral,base_hard,670,0,173,0.0
base,replay_base_2026-03-31,2026-03-31,low_value,union_superset_approx,ai_peripheral,quality_or_theme_hard,199,0,199,0.0
base,replay_base_2026-03-31,2026-03-31,low_value,union_superset_approx,ai_peripheral,valuation_hard,497,0,298,0.0
base,replay_base_2026-03-31,2026-03-31,low_value,union_superset_approx,core_ai,base_hard,670,0,173,0.0
base,replay_base_2026-03-31,2026-03-31,low_value,union_superset_approx,core_ai,quality_or_theme_hard,167,0,167,0.0
base,replay_base_2026-03-31,2026-03-31,low_value,union_superset_approx,core_ai,valuation_hard,497,0,330,0.0
base,replay_base_2026-03-31,2026-03-31,industry_trend,union_superset_approx,ai_enabler,base_hard,670,402,173,0.6
base,replay_base_2026-03-31,2026-03-31,industry_trend,union_superset_approx,ai_enabler,quality_or_theme_hard,497,0,497,0.0
base,replay_base_2026-03-31,2026-03-31,industry_trend,union_superset_approx,ai_peripheral,base_hard,670,178,397,0.2656716417910448
base,replay_base_2026-03-31,2026-03-31,industry_trend,union_superset_approx,ai_peripheral,quality_or_theme_hard,497,0,273,0.0
base,replay_base_2026-03-31,2026-03-31,industry_trend,union_superset_approx,core_ai,base_hard,670,124,451,0.18507462686567164
base,replay_base_2026-03-31,2026-03-31,industry_trend,union_superset_approx,core_ai,quality_or_theme_hard,497,0,219,0.0
base,replay_base_2026-03-31,2026-03-31,momentum,union_superset_approx,ai_enabler,base_hard,670,402,173,0.6
base,replay_base_2026-03-31,2026-03-31,momentum,union_superset_approx,ai_enabler,quality_or_theme_hard,497,0,497,0.0
base,replay_base_2026-03-31,2026-03-31,momentum,union_superset_approx,ai_peripheral,base_hard,670,178,397,0.2656716417910448
base,replay_base_2026-03-31,2026-03-31,momentum,union_superset_approx,ai_peripheral,quality_or_theme_hard,497,0,273,0.0
base,replay_base_2026-03-31,2026-03-31,momentum,union_superset_approx,core_ai,base_hard,670,124,451,0.18507462686567164
base,replay_base_2026-03-31,2026-03-31,momentum,union_superset_approx,core_ai,quality_or_theme_hard,497,0,219,0.0
base,replay_base_2026-04-30,2026-04-30,low_value,union_superset_approx,ai_enabler,base_hard,671,151,150,0.22503725782414308
base,replay_base_2026-04-30,2026-04-30,low_value,union_superset_approx,ai_enabler,quality_or_theme_hard,256,151,37,0.58984375
base,replay_base_2026-04-30,2026-04-30,low_value,union_superset_approx,ai_enabler,valuation_hard,521,188,333,0.36084452975047987
base,replay_base_2026-04-30,2026-04-30,low_value,union_superset_approx,ai_peripheral,base_hard,671,68,235,0.10134128166915052
base,replay_base_2026-04-30,2026-04-30,low_value,union_superset_approx,ai_peripheral,quality_or_theme_hard,263,153,37,0.5817490494296578
base,replay_base_2026-04-30,2026-04-30,low_value,union_superset_approx,ai_peripheral,valuation_hard,521,190,331,0.3646833013435701
base,replay_base_2026-04-30,2026-04-30,low_value,union_superset_approx,core_ai,base_hard,671,50,237,0.07451564828614009
base,replay_base_2026-04-30,2026-04-30,low_value,union_superset_approx,core_ai,quality_or_theme_hard,238,137,32,0.5756302521008403
base,replay_base_2026-04-30,2026-04-30,low_value,union_superset_approx,core_ai,valuation_hard,521,169,352,0.32437619961612285
base,replay_base_2026-04-30,2026-04-30,industry_trend,union_superset_approx,ai_enabler,base_hard,671,411,150,0.6125186289120715
base,replay_base_2026-04-30,2026-04-30,industry_trend,union_superset_approx,ai_enabler,quality_or_theme_hard,521,411,110,0.7888675623800384
base,replay_base_2026-04-30,2026-04-30,industry_trend,union_superset_approx,ai_peripheral,base_hard,671,180,381,0.26825633383010433
base,replay_base_2026-04-30,2026-04-30,industry_trend,union_superset_approx,ai_peripheral,quality_or_theme_hard,521,180,110,0.345489443378119
base,replay_base_2026-04-30,2026-04-30,industry_trend,union_superset_approx,core_ai,base_hard,671,127,434,0.18926974664679583
base,replay_base_2026-04-30,2026-04-30,industry_trend,union_superset_approx,core_ai,quality_or_theme_hard,521,127,110,0.2437619961612284
base,replay_base_2026-04-30,2026-04-30,momentum,union_superset_approx,ai_enabler,base_hard,671,411,150,0.6125186289120715
base,replay_base_2026-04-30,2026-04-30,momentum,union_superset_approx,ai_enabler,quality_or_theme_hard,521,411,110,0.7888675623800384
base,replay_base_2026-04-30,2026-04-30,momentum,union_superset_approx,ai_peripheral,base_hard,671,180,381,0.26825633383010433
base,replay_base_2026-04-30,2026-04-30,momentum,union_superset_approx,ai_peripheral,quality_or_theme_hard,521,180,110,0.345489443378119
base,replay_base_2026-04-30,2026-04-30,momentum,union_superset_approx,core_ai,base_hard,671,127,434,0.18926974664679583
base,replay_base_2026-04-30,2026-04-30,momentum,union_superset_approx,core_ai,quality_or_theme_hard,521,127,110,0.2437619961612284
base,replay_base_2026-05-29,2026-05-29,low_value,union_superset_approx,ai_enabler,base_hard,675,137,127,0.20296296296296296
base,replay_base_2026-05-29,2026-05-29,low_value,union_superset_approx,ai_enabler,quality_or_theme_hard,264,137,21,0.5189393939393939
base,replay_base_2026-05-29,2026-05-29,low_value,union_superset_approx,ai_enabler,valuation_hard,548,158,390,0.28832116788321166
base,replay_base_2026-05-29,2026-05-29,low_value,union_superset_approx,ai_peripheral,base_hard,675,25,245,0.037037037037037035
base,replay_base_2026-05-29,2026-05-29,low_value,union_superset_approx,ai_peripheral,quality_or_theme_hard,282,143,23,0.5070921985815603
base,replay_base_2026-05-29,2026-05-29,low_value,union_superset_approx,ai_peripheral,valuation_hard,548,166,382,0.3029197080291971
base,replay_base_2026-05-29,2026-05-29,low_value,union_superset_approx,core_ai,base_hard,675,58,196,0.08592592592592592
base,replay_base_2026-05-29,2026-05-29,low_value,union_superset_approx,core_ai,quality_or_theme_hard,245,127,20,0.5183673469387755
base,replay_base_2026-05-29,2026-05-29,low_value,union_superset_approx,core_ai,valuation_hard,548,147,401,0.26824817518248173
base,replay_base_2026-05-29,2026-05-29,industry_trend,union_superset_approx,ai_enabler,base_hard,675,448,127,0.6637037037037037
base,replay_base_2026-05-29,2026-05-29,industry_trend,union_superset_approx,ai_enabler,quality_or_theme_hard,548,448,100,0.8175182481751825
base,replay_base_2026-05-29,2026-05-29,industry_trend,union_superset_approx,ai_peripheral,base_hard,675,185,390,0.2740740740740741
base,replay_base_2026-05-29,2026-05-29,industry_trend,union_superset_approx,ai_peripheral,quality_or_theme_hard,548,185,100,0.3375912408759124
base,replay_base_2026-05-29,2026-05-29,industry_trend,union_superset_approx,core_ai,base_hard,675,132,443,0.19555555555555557
base,replay_base_2026-05-29,2026-05-29,industry_trend,union_superset_approx,core_ai,quality_or_theme_hard,548,132,100,0.24087591240875914
base,replay_base_2026-05-29,2026-05-29,momentum,union_superset_approx,ai_enabler,base_hard,675,448,127,0.6637037037037037
base,replay_base_2026-05-29,2026-05-29,momentum,union_superset_approx,ai_enabler,quality_or_theme_hard,548,448,100,0.8175182481751825
base,replay_base_2026-05-29,2026-05-29,momentum,union_superset_approx,ai_peripheral,base_hard,675,185,390,0.2740740740740741
base,replay_base_2026-05-29,2026-05-29,momentum,union_superset_approx,ai_peripheral,quality_or_theme_hard,548,185,100,0.3375912408759124
base,replay_base_2026-05-29,2026-05-29,momentum,union_superset_approx,core_ai,base_hard,675,132,443,0.19555555555555557
base,replay_base_2026-05-29,2026-05-29,momentum,union_superset_approx,core_ai,quality_or_theme_hard,548,132,100,0.24087591240875914
base,replay_base_2026-06-30,2026-06-30,low_value,union_superset_approx,ai_enabler,base_hard,680,128,130,0.18823529411764706
base,replay_base_2026-06-30,2026-06-30,low_value,union_superset_approx,ai_enabler,quality_or_theme_hard,248,128,27,0.5161290322580645
base,replay_base_2026-06-30,2026-06-30,low_value,union_superset_approx,ai_enabler,valuation_hard,550,155,395,0.2818181818181818
base,replay_base_2026-06-30,2026-06-30,low_value,union_superset_approx,ai_peripheral,base_hard,680,61,203,0.08970588235294118
base,replay_base_2026-06-30,2026-06-30,low_value,union_superset_approx,ai_peripheral,quality_or_theme_hard,268,134,28,0.5
base,replay_base_2026-06-30,2026-06-30,low_value,union_superset_approx,ai_peripheral,valuation_hard,550,162,388,0.29454545454545455
base,replay_base_2026-06-30,2026-06-30,low_value,union_superset_approx,core_ai,base_hard,680,42,200,0.061764705882352944
base,replay_base_2026-06-30,2026-06-30,low_value,union_superset_approx,core_ai,quality_or_theme_hard,227,112,24,0.4933920704845815
base,replay_base_2026-06-30,2026-06-30,low_value,union_superset_approx,core_ai,valuation_hard,550,136,414,0.24727272727272728
base,replay_base_2026-06-30,2026-06-30,industry_trend,union_superset_approx,ai_enabler,base_hard,680,447,130,0.6573529411764706
base,replay_base_2026-06-30,2026-06-30,industry_trend,union_superset_approx,ai_enabler,quality_or_theme_hard,550,447,103,0.8127272727272727
base,replay_base_2026-06-30,2026-06-30,industry_trend,union_superset_approx,ai_peripheral,base_hard,680,182,395,0.2676470588235294
base,replay_base_2026-06-30,2026-06-30,industry_trend,union_superset_approx,ai_peripheral,quality_or_theme_hard,550,182,103,0.33090909090909093
base,replay_base_2026-06-30,2026-06-30,industry_trend,union_superset_approx,core_ai,base_hard,680,134,443,0.19705882352941176
base,replay_base_2026-06-30,2026-06-30,industry_trend,union_superset_approx,core_ai,quality_or_theme_hard,550,134,103,0.24363636363636362
base,replay_base_2026-06-30,2026-06-30,momentum,union_superset_approx,ai_enabler,base_hard,680,447,130,0.6573529411764706
base,replay_base_2026-06-30,2026-06-30,momentum,union_superset_approx,ai_enabler,quality_or_theme_hard,550,447,103,0.8127272727272727
base,replay_base_2026-06-30,2026-06-30,momentum,union_superset_approx,ai_peripheral,base_hard,680,182,395,0.2676470588235294
base,replay_base_2026-06-30,2026-06-30,momentum,union_superset_approx,ai_peripheral,quality_or_theme_hard,550,182,103,0.33090909090909093
base,replay_base_2026-06-30,2026-06-30,momentum,union_superset_approx,core_ai,base_hard,680,134,443,0.19705882352941176
base,replay_base_2026-06-30,2026-06-30,momentum,union_superset_approx,core_ai,quality_or_theme_hard,550,134,103,0.24363636363636362
base,replay_base_2026-07-31,2026-07-31,low_value,union_superset_approx,ai_enabler,base_hard,681,46,154,0.06754772393538913
base,replay_base_2026-07-31,2026-07-31,low_value,union_superset_approx,ai_enabler,quality_or_theme_hard,158,46,5,0.2911392405063291
base,replay_base_2026-07-31,2026-07-31,low_value,union_superset_approx,ai_enabler,valuation_hard,527,51,476,0.0967741935483871
base,replay_base_2026-07-31,2026-07-31,low_value,union_superset_approx,ai_peripheral,base_hard,681,27,178,0.039647577092511016
base,replay_base_2026-07-31,2026-07-31,low_value,union_superset_approx,ai_peripheral,quality_or_theme_hard,182,51,5,0.2802197802197802
base,replay_base_2026-07-31,2026-07-31,low_value,union_superset_approx,ai_peripheral,valuation_hard,527,56,471,0.1062618595825427
base,replay_base_2026-07-31,2026-07-31,low_value,union_superset_approx,core_ai,base_hard,681,9,179,0.013215859030837005
base,replay_base_2026-07-31,2026-07-31,low_value,union_superset_approx,core_ai,quality_or_theme_hard,135,34,5,0.2518518518518518
base,replay_base_2026-07-31,2026-07-31,low_value,union_superset_approx,core_ai,valuation_hard,527,39,488,0.07400379506641366
base,replay_base_2026-07-31,2026-07-31,industry_trend,union_superset_approx,ai_enabler,base_hard,681,443,154,0.6505139500734214
base,replay_base_2026-07-31,2026-07-31,industry_trend,union_superset_approx,ai_enabler,quality_or_theme_hard,527,443,84,0.8406072106261859
base,replay_base_2026-07-31,2026-07-31,industry_trend,union_superset_approx,ai_peripheral,base_hard,681,186,411,0.27312775330396477
base,replay_base_2026-07-31,2026-07-31,industry_trend,union_superset_approx,ai_peripheral,quality_or_theme_hard,527,186,84,0.35294117647058826
base,replay_base_2026-07-31,2026-07-31,industry_trend,union_superset_approx,core_ai,base_hard,681,131,466,0.19236417033773862
base,replay_base_2026-07-31,2026-07-31,industry_trend,union_superset_approx,core_ai,quality_or_theme_hard,527,131,84,0.24857685009487665
base,replay_base_2026-07-31,2026-07-31,momentum,union_superset_approx,ai_enabler,base_hard,681,443,154,0.6505139500734214
base,replay_base_2026-07-31,2026-07-31,momentum,union_superset_approx,ai_enabler,quality_or_theme_hard,527,443,84,0.8406072106261859
base,replay_base_2026-07-31,2026-07-31,momentum,union_superset_approx,ai_peripheral,base_hard,681,186,411,0.27312775330396477
base,replay_base_2026-07-31,2026-07-31,momentum,union_superset_approx,ai_peripheral,quality_or_theme_hard,527,186,84,0.35294117647058826
base,replay_base_2026-07-31,2026-07-31,momentum,union_superset_approx,core_ai,base_hard,681,131,466,0.19236417033773862
base,replay_base_2026-07-31,2026-07-31,momentum,union_superset_approx,core_ai,quality_or_theme_hard,527,131,84,0.24857685009487665
base,replay_base_2026-08-31,2026-08-31,low_value,union_superset_approx,ai_enabler,base_hard,681,75,169,0.11013215859030837
base,replay_base_2026-08-31,2026-08-31,low_value,union_superset_approx,ai_enabler,quality_or_theme_hard,158,75,9,0.47468354430379744
base,replay_base_2026-08-31,2026-08-31,low_value,union_superset_approx,ai_enabler,valuation_hard,512,84,428,0.1640625
base,replay_base_2026-08-31,2026-08-31,low_value,union_superset_approx,ai_peripheral,base_hard,681,30,226,0.04405286343612335
base,replay_base_2026-08-31,2026-08-31,low_value,union_superset_approx,ai_peripheral,quality_or_theme_hard,188,87,9,0.4627659574468085
base,replay_base_2026-08-31,2026-08-31,low_value,union_superset_approx,ai_peripheral,valuation_hard,512,96,416,0.1875
base,replay_base_2026-08-31,2026-08-31,low_value,union_superset_approx,core_ai,base_hard,681,21,217,0.030837004405286344
base,replay_base_2026-08-31,2026-08-31,low_value,union_superset_approx,core_ai,quality_or_theme_hard,133,69,8,0.518796992481203
base,replay_base_2026-08-31,2026-08-31,low_value,union_superset_approx,core_ai,valuation_hard,512,77,435,0.150390625
base,replay_base_2026-08-31,2026-08-31,industry_trend,union_superset_approx,ai_enabler,base_hard,681,433,169,0.6358296622613803
base,replay_base_2026-08-31,2026-08-31,industry_trend,union_superset_approx,ai_enabler,quality_or_theme_hard,512,433,79,0.845703125
base,replay_base_2026-08-31,2026-08-31,industry_trend,union_superset_approx,ai_peripheral,base_hard,681,180,422,0.2643171806167401
base,replay_base_2026-08-31,2026-08-31,industry_trend,union_superset_approx,ai_peripheral,quality_or_theme_hard,512,180,79,0.3515625
base,replay_base_2026-08-31,2026-08-31,industry_trend,union_superset_approx,core_ai,base_hard,681,131,471,0.19236417033773862
base,replay_base_2026-08-31,2026-08-31,industry_trend,union_superset_approx,core_ai,quality_or_theme_hard,512,131,79,0.255859375
base,replay_base_2026-08-31,2026-08-31,momentum,union_superset_approx,ai_enabler,base_hard,681,433,169,0.6358296622613803
base,replay_base_2026-08-31,2026-08-31,momentum,union_superset_approx,ai_enabler,quality_or_theme_hard,512,433,79,0.845703125
base,replay_base_2026-08-31,2026-08-31,momentum,union_superset_approx,ai_peripheral,base_hard,681,180,422,0.2643171806167401
base,replay_base_2026-08-31,2026-08-31,momentum,union_superset_approx,ai_peripheral,quality_or_theme_hard,512,180,79,0.3515625
base,replay_base_2026-08-31,2026-08-31,momentum,union_superset_approx,core_ai,base_hard,681,131,471,0.19236417033773862
base,replay_base_2026-08-31,2026-08-31,momentum,union_superset_approx,core_ai,quality_or_theme_hard,512,131,79,0.255859375
base,replay_base_2026-09-30,2026-09-30,low_value,snapshot:ai_watchlist_20260929T062841Z.csv@2026-09-29,ai_enabler,base_hard,681,60,152,0.0881057268722467
base,replay_base_2026-09-30,2026-09-30,low_value,snapshot:ai_watchlist_20260929T062841Z.csv@2026-09-29,ai_enabler,quality_or_theme_hard,137,60,6,0.43795620437956206
base,replay_base_2026-09-30,2026-09-30,low_value,snapshot:ai_watchlist_20260929T062841Z.csv@2026-09-29,ai_enabler,valuation_hard,529,66,463,0.12476370510396975
base,replay_base_2026-09-30,2026-09-30,low_value,snapshot:ai_watchlist_20260929T062841Z.csv@2026-09-29,ai_peripheral,base_hard,681,7,212,0.010279001468428781
base,replay_base_2026-09-30,2026-09-30,low_value,snapshot:ai_watchlist_20260929T062841Z.csv@2026-09-29,ai_peripheral,quality_or_theme_hard,162,67,7,0.41358024691358025
base,replay_base_2026-09-30,2026-09-30,low_value,snapshot:ai_watchlist_20260929T062841Z.csv@2026-09-29,ai_peripheral,valuation_hard,529,74,455,0.13988657844990549
base,replay_base_2026-09-30,2026-09-30,low_value,snapshot:ai_watchlist_20260929T062841Z.csv@2026-09-29,core_ai,base_hard,681,30,175,0.04405286343612335
base,replay_base_2026-09-30,2026-09-30,low_value,snapshot:ai_watchlist_20260929T062841Z.csv@2026-09-29,core_ai,quality_or_theme_hard,112,53,5,0.4732142857142857
base,replay_base_2026-09-30,2026-09-30,low_value,snapshot:ai_watchlist_20260929T062841Z.csv@2026-09-29,core_ai,valuation_hard,529,58,471,0.10964083175803403
base,replay_base_2026-09-30,2026-09-30,industry_trend,snapshot:ai_watchlist_20260929T062841Z.csv@2026-09-29,ai_enabler,base_hard,681,417,152,0.6123348017621145
base,replay_base_2026-09-30,2026-09-30,industry_trend,snapshot:ai_watchlist_20260929T062841Z.csv@2026-09-29,ai_enabler,quality_or_theme_hard,529,417,112,0.7882797731568998
base,replay_base_2026-09-30,2026-09-30,industry_trend,snapshot:ai_watchlist_20260929T062841Z.csv@2026-09-29,ai_peripheral,base_hard,681,176,393,0.25844346549192365
base,replay_base_2026-09-30,2026-09-30,industry_trend,snapshot:ai_watchlist_20260929T062841Z.csv@2026-09-29,ai_peripheral,quality_or_theme_hard,529,176,112,0.332703213610586
base,replay_base_2026-09-30,2026-09-30,industry_trend,snapshot:ai_watchlist_20260929T062841Z.csv@2026-09-29,core_ai,base_hard,681,128,441,0.18795888399412627
base,replay_base_2026-09-30,2026-09-30,industry_trend,snapshot:ai_watchlist_20260929T062841Z.csv@2026-09-29,core_ai,quality_or_theme_hard,529,128,112,0.24196597353497165
base,replay_base_2026-09-30,2026-09-30,momentum,snapshot:ai_watchlist_20260929T062841Z.csv@2026-09-29,ai_enabler,base_hard,681,417,152,0.6123348017621145
base,replay_base_2026-09-30,2026-09-30,momentum,snapshot:ai_watchlist_20260929T062841Z.csv@2026-09-29,ai_enabler,quality_or_theme_hard,529,417,112,0.7882797731568998
base,replay_base_2026-09-30,2026-09-30,momentum,snapshot:ai_watchlist_20260929T062841Z.csv@2026-09-29,ai_peripheral,base_hard,681,176,393,0.25844346549192365
base,replay_base_2026-09-30,2026-09-30,momentum,snapshot:ai_watchlist_20260929T062841Z.csv@2026-09-29,ai_peripheral,quality_or_theme_hard,529,176,112,0.332703213610586
base,replay_base_2026-09-30,2026-09-30,momentum,snapshot:ai_watchlist_20260929T062841Z.csv@2026-09-29,core_ai,base_hard,681,128,441,0.18795888399412627
base,replay_base_2026-09-30,2026-09-30,momentum,snapshot:ai_watchlist_20260929T062841Z.csv@2026-09-29,core_ai,quality_or_theme_hard,529,128,112,0.24196597353497165
