scope,scope_value,list_type,channel,horizon_days,decile,n_group_dates,mean_return,mean_excess_vs_qqq,positive_excess_ratio
all,ALL,low_value,core_ai,20,1,39,0.030817259578193354,0.016777632497280984,0.6410256410256411
all,ALL,low_value,core_ai,20,2,39,-0.0005376466487291111,-0.014577273729641472,0.358974358974359
all,ALL,low_value,core_ai,20,3,39,0.02147348629888618,0.007433859217973827,0.5128205128205128
all,ALL,low_value,core_ai,20,4,39,0.018623696227765656,0.004584069146853302,0.5897435897435898
all,ALL,low_value,core_ai,20,5,39,0.012599874339322309,-0.0014397527415900453,0.4358974358974359
all,ALL,low_value,core_ai,20,6,39,0.01578957943675415,0.001749952355841794,0.5128205128205128
all,ALL,low_value,core_ai,20,7,39,0.0035676525423378983,-0.010471974538574458,0.41025641025641024
all,ALL,low_value,core_ai,20,8,39,0.01432342736980662,0.0002838002888942641,0.6153846153846154
all,ALL,low_value,core_ai,20,9,39,0.018791156102155607,0.004751529021243248,0.48717948717948717
all,ALL,low_value,core_ai,20,10,39,0.008643769743862075,-0.0053958573370502865,0.48717948717948717
all,ALL,low_value,core_ai,60,1,37,0.10103675186833806,0.048467167424939325,0.6756756756756757
all,ALL,low_value,core_ai,60,2,37,0.03678750018429449,-0.015782084259104257,0.32432432432432434
all,ALL,low_value,core_ai,60,3,37,0.05464379293894177,0.0020742084955430165,0.4864864864864865
all,ALL,low_value,core_ai,60,4,37,0.07174695512902131,0.019177370685622554,0.6216216216216216
all,ALL,low_value,core_ai,60,5,37,0.03547362113415908,-0.017095963309239664,0.3783783783783784
all,ALL,low_value,core_ai,60,6,37,0.05657997308907851,0.004010388645679744,0.4864864864864865
all,ALL,low_value,core_ai,60,7,37,0.041661123811181,-0.010908460632217756,0.43243243243243246
all,ALL,low_value,core_ai,60,8,37,0.05642708035784411,0.003857495914445361,0.5405405405405406
all,ALL,low_value,core_ai,60,9,37,0.054692469108560925,0.0021228846651621764,0.4594594594594595
all,ALL,low_value,core_ai,60,10,37,0.04198309660032339,-0.01058648784307537,0.4864864864864865
all,ALL,low_value,core_ai,120,1,34,0.16248215749779063,0.04841668203735745,0.5588235294117647
all,ALL,low_value,core_ai,120,2,34,0.12490249199701771,0.010837016536584539,0.47058823529411764
all,ALL,low_value,core_ai,120,3,34,0.1287959180587488,0.01473044259831563,0.47058823529411764
all,ALL,low_value,core_ai,120,4,34,0.14320109977898254,0.029135624318549377,0.5588235294117647
all,ALL,low_value,core_ai,120,5,34,0.05934745701826924,-0.054718018442163924,0.29411764705882354
all,ALL,low_value,core_ai,120,6,34,0.12367354520280355,0.00960806974237041,0.5
all,ALL,low_value,core_ai,120,7,34,0.12414596749703426,0.010080492036601088,0.5588235294117647
all,ALL,low_value,core_ai,120,8,34,0.10513450764414471,-0.00893096781628843,0.4117647058823529
all,ALL,low_value,core_ai,120,9,34,0.11402951625622436,-3.595920420880635e-05,0.4411764705882353
all,ALL,low_value,core_ai,120,10,34,0.09399581412413525,-0.020069661336297902,0.5588235294117647
all,ALL,low_value,ai_enabler,20,1,41,0.006598633042915042,-0.006789376113873928,0.36585365853658536
all,ALL,low_value,ai_enabler,20,2,41,0.0005890994784678224,-0.01279890967832115,0.34146341463414637
all,ALL,low_value,ai_enabler,20,3,41,-0.0023736311031463658,-0.015761640259935338,0.36585365853658536
all,ALL,low_value,ai_enabler,20,4,41,0.0048323272030420935,-0.00855568195374688,0.43902439024390244
all,ALL,low_value,ai_enabler,20,5,41,0.002700021278401152,-0.010687987878387819,0.4634146341463415
all,ALL,low_value,ai_enabler,20,6,41,-0.003883487102602299,-0.01727149625939127,0.5365853658536586
all,ALL,low_value,ai_enabler,20,7,41,0.007353670880296604,-0.00603433827649237,0.5365853658536586
all,ALL,low_value,ai_enabler,20,8,41,0.004736547585908791,-0.008651461570880186,0.43902439024390244
all,ALL,low_value,ai_enabler,20,9,41,0.008745805327398787,-0.004642203829390185,0.5365853658536586
all,ALL,low_value,ai_enabler,20,10,41,0.006857090227282169,-0.0065309189295068085,0.43902439024390244
all,ALL,low_value,ai_enabler,60,1,39,0.03292333713340841,-0.01771053881501931,0.38461538461538464
all,ALL,low_value,ai_enabler,60,2,39,0.017481941557073603,-0.03315193439135412,0.28205128205128205
all,ALL,low_value,ai_enabler,60,3,39,0.020210057934328906,-0.030423818014098814,0.3076923076923077
all,ALL,low_value,ai_enabler,60,4,39,0.029338764014877547,-0.02129511193355017,0.41025641025641024
all,ALL,low_value,ai_enabler,60,5,39,0.028712811895531452,-0.021921064052896264,0.48717948717948717
all,ALL,low_value,ai_enabler,60,6,39,0.018063861678096312,-0.032570014270331404,0.358974358974359
all,ALL,low_value,ai_enabler,60,7,39,0.03011650262043781,-0.02051737332798992,0.38461538461538464
all,ALL,low_value,ai_enabler,60,8,39,0.03579091691291094,-0.014842959035516782,0.38461538461538464
all,ALL,low_value,ai_enabler,60,9,39,0.0291093431806606,-0.02152453276776711,0.41025641025641024
all,ALL,low_value,ai_enabler,60,10,39,0.037102364907880624,-0.013531511040547093,0.46153846153846156
all,ALL,low_value,ai_enabler,120,1,36,0.048527510769744035,-0.06656881424053938,0.25
all,ALL,low_value,ai_enabler,120,2,36,0.04588539743779885,-0.06921092757248454,0.25
all,ALL,low_value,ai_enabler,120,3,36,0.04765646645072072,-0.06743985855956271,0.16666666666666666
all,ALL,low_value,ai_enabler,120,4,36,0.0614348962457724,-0.053661428764511014,0.16666666666666666
all,ALL,low_value,ai_enabler,120,5,36,0.06977517483615298,-0.045321150174130444,0.19444444444444445
all,ALL,low_value,ai_enabler,120,6,36,0.04910304776343824,-0.06599327724684517,0.1388888888888889
all,ALL,low_value,ai_enabler,120,7,36,0.06532800974780079,-0.049768315262482626,0.2777777777777778
all,ALL,low_value,ai_enabler,120,8,36,0.07324705172253675,-0.041849273287746666,0.3333333333333333
all,ALL,low_value,ai_enabler,120,9,36,0.06550107280401263,-0.049595252206270785,0.2222222222222222
all,ALL,low_value,ai_enabler,120,10,36,0.08742763376948094,-0.02766869124080249,0.3611111111111111
all,ALL,low_value,ai_peripheral,20,1,41,-0.0020776251069672368,-0.015465634263756212,0.5121951219512195
all,ALL,low_value,ai_peripheral,20,2,41,-0.005842037207051644,-0.019230046363840615,0.43902439024390244
all,ALL,low_value,ai_peripheral,20,3,41,0.0027510780868084815,-0.01063693106998049,0.4146341463414634
all,ALL,low_value,ai_peripheral,20,4,41,0.002110222234104885,-0.011277786922684092,0.4634146341463415
all,ALL,low_value,ai_peripheral,20,5,41,0.0003404327795232267,-0.013047576377265745,0.5121951219512195
all,ALL,low_value,ai_peripheral,20,6,41,0.00684000827211187,-0.0065480008846771,0.5365853658536586
all,ALL,low_value,ai_peripheral,20,7,41,-0.0016721082994158398,-0.015060117456204808,0.4146341463414634
all,ALL,low_value,ai_peripheral,20,8,41,0.003522994101309232,-0.00986501505547974,0.4634146341463415
all,ALL,low_value,ai_peripheral,20,9,41,0.00534006413418072,-0.008047945022608253,0.4878048780487805
all,ALL,low_value,ai_peripheral,20,10,41,0.004602458120687518,-0.008785551036101454,0.4146341463414634
all,ALL,low_value,ai_peripheral,60,1,39,0.02689271481658661,-0.023741161131841104,0.41025641025641024
all,ALL,low_value,ai_peripheral,60,2,39,0.008573314474965064,-0.042060561473462654,0.3076923076923077
all,ALL,low_value,ai_peripheral,60,3,39,0.02625878281789124,-0.024375093130536474,0.358974358974359
all,ALL,low_value,ai_peripheral,60,4,39,0.018260637931679227,-0.03237323801674849,0.41025641025641024
all,ALL,low_value,ai_peripheral,60,5,39,0.03359104665886773,-0.01704282928956,0.358974358974359
all,ALL,low_value,ai_peripheral,60,6,39,0.01871957264158078,-0.03191430330684693,0.3333333333333333
all,ALL,low_value,ai_peripheral,60,7,39,0.021878231732070548,-0.028755644216357172,0.3333333333333333
all,ALL,low_value,ai_peripheral,60,8,39,0.016841920136764287,-0.03379195581166342,0.3333333333333333
all,ALL,low_value,ai_peripheral,60,9,39,0.030304140781939066,-0.02032973516648865,0.38461538461538464
all,ALL,low_value,ai_peripheral,60,10,39,0.033513792995448745,-0.017120082952978972,0.46153846153846156
all,ALL,low_value,ai_peripheral,120,1,36,0.048286847077950695,-0.06680947793233272,0.25
all,ALL,low_value,ai_peripheral,120,2,36,0.03497200784797074,-0.08012431716231269,0.19444444444444445
all,ALL,low_value,ai_peripheral,120,3,36,0.061117057465083696,-0.05397926754519973,0.25
all,ALL,low_value,ai_peripheral,120,4,36,0.06199118718022053,-0.05310513783006288,0.25
all,ALL,low_value,ai_peripheral,120,5,36,0.06199136293806137,-0.05310496207222204,0.2222222222222222
all,ALL,low_value,ai_peripheral,120,6,36,0.04760975997226999,-0.06748656503801344,0.2222222222222222
all,ALL,low_value,ai_peripheral,120,7,36,0.04884050823064539,-0.06625581677963803,0.1388888888888889
all,ALL,low_value,ai_peripheral,120,8,36,0.048018830665059145,-0.06707749434522428,0.1388888888888889
all,ALL,low_value,ai_peripheral,120,9,36,0.06590225740564996,-0.04919406760463345,0.2222222222222222
all,ALL,low_value,ai_peripheral,120,10,36,0.07753165872229344,-0.037564666287989996,0.3888888888888889
all,ALL,momentum,core_ai,20,1,41,0.016268892451975995,0.002880883295187026,0.4878048780487805
all,ALL,momentum,core_ai,20,2,41,0.02179298381879482,0.008404974662005852,0.5121951219512195
all,ALL,momentum,core_ai,20,3,41,0.011548286510327351,-0.0018397226464616206,0.5365853658536586
all,ALL,momentum,core_ai,20,4,41,0.019654792924682137,0.0062667837678931654,0.4878048780487805
all,ALL,momentum,core_ai,20,5,41,0.02075601870430339,0.007368009547514419,0.5365853658536586
all,ALL,momentum,core_ai,20,6,41,0.011433376553075254,-0.0019546326037137205,0.5121951219512195
all,ALL,momentum,core_ai,20,7,41,0.026007249760019193,0.012619240603230218,0.5609756097560976
all,ALL,momentum,core_ai,20,8,41,0.019176400581046277,0.005788391424257304,0.5121951219512195
all,ALL,momentum,core_ai,20,9,41,0.018041386643045526,0.004653377486256551,0.5853658536585366
all,ALL,momentum,core_ai,20,10,41,0.027918252692059674,0.014530243535270698,0.7073170731707317
all,ALL,momentum,core_ai,60,1,39,0.08263570953109217,0.032001833582664445,0.48717948717948717
all,ALL,momentum,core_ai,60,2,39,0.060579651997961025,0.009945776049533327,0.5128205128205128
all,ALL,momentum,core_ai,60,3,39,0.06837878284547763,0.017744906897049936,0.46153846153846156
all,ALL,momentum,core_ai,60,4,39,0.08785698192772087,0.037223105979293146,0.6153846153846154
all,ALL,momentum,core_ai,60,5,39,0.05977836547142087,0.009144489522993165,0.5128205128205128
all,ALL,momentum,core_ai,60,6,39,0.049032969867790606,-0.0016009060806371068,0.358974358974359
all,ALL,momentum,core_ai,60,7,39,0.08674341005657592,0.03610953410814821,0.6410256410256411
all,ALL,momentum,core_ai,60,8,39,0.0662347661265386,0.015600890178110895,0.46153846153846156
all,ALL,momentum,core_ai,60,9,39,0.06409310673567001,0.013459230787242284,0.5384615384615384
all,ALL,momentum,core_ai,60,10,39,0.09625828181466245,0.045624405866234743,0.7435897435897436
all,ALL,momentum,core_ai,120,1,36,0.18805367665798542,0.07295735164770205,0.6388888888888888
all,ALL,momentum,core_ai,120,2,36,0.1895287315447921,0.07443240653450867,0.6944444444444444
all,ALL,momentum,core_ai,120,3,36,0.1512908035211161,0.03619447851083266,0.5555555555555556
all,ALL,momentum,core_ai,120,4,36,0.21791523531940094,0.10281891030911752,0.7777777777777778
all,ALL,momentum,core_ai,120,5,36,0.1918415501900014,0.07674522517971799,0.6666666666666666
all,ALL,momentum,core_ai,120,6,36,0.10601517544465339,-0.00908114956563003,0.3333333333333333
all,ALL,momentum,core_ai,120,7,36,0.16704748981443765,0.05195116480415424,0.6666666666666666
all,ALL,momentum,core_ai,120,8,36,0.18484138031700023,0.06974505530671682,0.5277777777777778
all,ALL,momentum,core_ai,120,9,36,0.16392466532146976,0.04882834031118635,0.6666666666666666
all,ALL,momentum,core_ai,120,10,36,0.23420387658259173,0.11910755157230829,0.9166666666666666
all,ALL,momentum,ai_enabler,20,1,41,-0.002068001494667198,-0.015456010651456176,0.36585365853658536
all,ALL,momentum,ai_enabler,20,2,41,0.0007702835083515536,-0.01261772564843742,0.3902439024390244
all,ALL,momentum,ai_enabler,20,3,41,0.0042957848415098475,-0.009092224315279125,0.36585365853658536
all,ALL,momentum,ai_enabler,20,4,41,0.009068182911866016,-0.004319826244922954,0.5609756097560976
all,ALL,momentum,ai_enabler,20,5,41,0.005829147008575737,-0.007558862148213236,0.4634146341463415
all,ALL,momentum,ai_enabler,20,6,41,0.00933444941603398,-0.004053559740754992,0.4878048780487805
all,ALL,momentum,ai_enabler,20,7,41,0.009204177763873436,-0.004183831392915537,0.5121951219512195
all,ALL,momentum,ai_enabler,20,8,41,0.009802694646973833,-0.003585314509815142,0.5853658536585366
all,ALL,momentum,ai_enabler,20,9,41,0.013857704559949212,0.00046969540316023876,0.5853658536585366
all,ALL,momentum,ai_enabler,20,10,41,0.01736353397572166,0.00397552481893269,0.5121951219512195
all,ALL,momentum,ai_enabler,60,1,39,0.03316677214820862,-0.01746710380021909,0.358974358974359
all,ALL,momentum,ai_enabler,60,2,39,0.027980949125132337,-0.02265292682329539,0.3333333333333333
all,ALL,momentum,ai_enabler,60,3,39,0.034741303626283124,-0.01589257232214459,0.38461538461538464
all,ALL,momentum,ai_enabler,60,4,39,0.0382621739766799,-0.012371701971747818,0.46153846153846156
all,ALL,momentum,ai_enabler,60,5,39,0.04076302943331699,-0.009870846515110717,0.46153846153846156
all,ALL,momentum,ai_enabler,60,6,39,0.04450420483794963,-0.006129671110478097,0.41025641025641024
all,ALL,momentum,ai_enabler,60,7,39,0.03351882422141013,-0.017115051727017588,0.38461538461538464
all,ALL,momentum,ai_enabler,60,8,39,0.04439594905497652,-0.006237926893451201,0.46153846153846156
all,ALL,momentum,ai_enabler,60,9,39,0.04793201097238552,-0.002701864976042191,0.4358974358974359
all,ALL,momentum,ai_enabler,60,10,39,0.06395270057471307,0.013318824626285336,0.6153846153846154
all,ALL,momentum,ai_enabler,120,1,36,0.05982335138255863,-0.0552729736277248,0.3333333333333333
all,ALL,momentum,ai_enabler,120,2,36,0.06826161398235418,-0.046834711027929236,0.2222222222222222
all,ALL,momentum,ai_enabler,120,3,36,0.0880564391028217,-0.027039885907461716,0.3055555555555556
all,ALL,momentum,ai_enabler,120,4,36,0.08665798840612067,-0.028438336604162742,0.3055555555555556
all,ALL,momentum,ai_enabler,120,5,36,0.10759287334963885,-0.007503451660644558,0.4722222222222222
all,ALL,momentum,ai_enabler,120,6,36,0.10623131249397902,-0.008865012516304392,0.3333333333333333
all,ALL,momentum,ai_enabler,120,7,36,0.08429088585614053,-0.030805439154142893,0.3333333333333333
all,ALL,momentum,ai_enabler,120,8,36,0.1109810855936257,-0.004115239416657721,0.4166666666666667
all,ALL,momentum,ai_enabler,120,9,36,0.13060943612858328,0.01551311111829985,0.5833333333333334
all,ALL,momentum,ai_enabler,120,10,36,0.16497290543675253,0.04987658042646912,0.8055555555555556
all,ALL,momentum,ai_peripheral,20,1,41,-0.004072957095825627,-0.017460966252614604,0.43902439024390244
all,ALL,momentum,ai_peripheral,20,2,41,0.0019021822034349107,-0.011485826953354067,0.3902439024390244
all,ALL,momentum,ai_peripheral,20,3,41,0.0011795124016941722,-0.012208496755094804,0.3902439024390244
all,ALL,momentum,ai_peripheral,20,4,41,0.00030279747529596886,-0.013085211681493004,0.5121951219512195
all,ALL,momentum,ai_peripheral,20,5,41,0.0033936162389295826,-0.009994392917859392,0.5121951219512195
all,ALL,momentum,ai_peripheral,20,6,41,0.0008084778672436771,-0.0125795312895453,0.5121951219512195
all,ALL,momentum,ai_peripheral,20,7,41,0.0019051576551811064,-0.011482851501607863,0.43902439024390244
all,ALL,momentum,ai_peripheral,20,8,41,0.007027732432758247,-0.006360276724030727,0.5121951219512195
all,ALL,momentum,ai_peripheral,20,9,41,0.00602879011288512,-0.007359219043903855,0.4634146341463415
all,ALL,momentum,ai_peripheral,20,10,41,0.013380116572631344,-7.892584157627278e-06,0.5609756097560976
all,ALL,momentum,ai_peripheral,60,1,39,0.028757732485179474,-0.021876143463248243,0.4358974358974359
all,ALL,momentum,ai_peripheral,60,2,39,0.030397209847746874,-0.020236666100680843,0.3076923076923077
all,ALL,momentum,ai_peripheral,60,3,39,0.025591660626796724,-0.025042215321630985,0.3076923076923077
all,ALL,momentum,ai_peripheral,60,4,39,0.01856170773815111,-0.032072168210276614,0.358974358974359
all,ALL,momentum,ai_peripheral,60,5,39,0.028195777887093723,-0.022438098061333997,0.41025641025641024
all,ALL,momentum,ai_peripheral,60,6,39,0.02612722964910452,-0.0245066462993232,0.4358974358974359
all,ALL,momentum,ai_peripheral,60,7,39,0.023307008319662457,-0.027326867628765256,0.3076923076923077
all,ALL,momentum,ai_peripheral,60,8,39,0.0363643133751881,-0.014269562573239617,0.4358974358974359
all,ALL,momentum,ai_peripheral,60,9,39,0.031059001058827362,-0.019574874889600354,0.358974358974359
all,ALL,momentum,ai_peripheral,60,10,39,0.04338243581501277,-0.007251440133414946,0.41025641025641024
all,ALL,momentum,ai_peripheral,120,1,36,0.056485991647495716,-0.058610333362787696,0.19444444444444445
all,ALL,momentum,ai_peripheral,120,2,36,0.05577460399004022,-0.0593217210202432,0.19444444444444445
all,ALL,momentum,ai_peripheral,120,3,36,0.0687904290468379,-0.046305895963445524,0.19444444444444445
all,ALL,momentum,ai_peripheral,120,4,36,0.04638345563622183,-0.06871286937406158,0.19444444444444445
all,ALL,momentum,ai_peripheral,120,5,36,0.06996108950371707,-0.04513523550656633,0.3055555555555556
all,ALL,momentum,ai_peripheral,120,6,36,0.059579739023102686,-0.05551658598718071,0.25
all,ALL,momentum,ai_peripheral,120,7,36,0.06851624445855509,-0.046580080551728326,0.2777777777777778
all,ALL,momentum,ai_peripheral,120,8,36,0.08713241009135538,-0.027963914918928048,0.3611111111111111
all,ALL,momentum,ai_peripheral,120,9,36,0.101896262093978,-0.013200062916305426,0.4722222222222222
all,ALL,momentum,ai_peripheral,120,10,36,0.11204122701603501,-0.003055097994248393,0.4722222222222222
all,ALL,low_value,ALL,20,1,41,0.010486345415649748,-0.0029016637411392265,0.4878048780487805
all,ALL,low_value,ALL,20,2,41,-0.002705244262650744,-0.01609325341943972,0.36585365853658536
all,ALL,low_value,ALL,20,3,41,0.006305648423358548,-0.007082360733430427,0.43902439024390244
all,ALL,low_value,ALL,20,4,41,0.007767269081483995,-0.005620740075304978,0.5365853658536586
all,ALL,low_value,ALL,20,5,41,0.0044618885147341995,-0.008926120642054775,0.4146341463414634
all,ALL,low_value,ALL,20,6,41,0.00564773072172123,-0.007740278435067739,0.5365853658536586
all,ALL,low_value,ALL,20,7,41,0.0021888573350609553,-0.011199151821728016,0.43902439024390244
all,ALL,low_value,ALL,20,8,41,0.006824433638000503,-0.006563575518788471,0.43902439024390244
all,ALL,low_value,ALL,20,9,41,0.010174955065720442,-0.00321305409106853,0.5121951219512195
all,ALL,low_value,ALL,20,10,41,0.0061271391487075525,-0.0072608700080814235,0.4146341463414634
all,ALL,low_value,ALL,60,1,39,0.05097672268270134,0.0003428467342736148,0.5641025641025641
all,ALL,low_value,ALL,60,2,39,0.018859888552341646,-0.03177398739608607,0.3076923076923077
all,ALL,low_value,ALL,60,3,39,0.031973076506974236,-0.01866079944145347,0.38461538461538464
all,ALL,low_value,ALL,60,4,39,0.03808490258315364,-0.012548973365274064,0.4358974358974359
all,ALL,low_value,ALL,60,5,39,0.03140798303137663,-0.019225892917051096,0.41025641025641024
all,ALL,low_value,ALL,60,6,39,0.029404445452393978,-0.021229430496033742,0.41025641025641024
all,ALL,low_value,ALL,60,7,39,0.02977335165060235,-0.020860524297825363,0.38461538461538464
all,ALL,low_value,ALL,60,8,39,0.03490307895981934,-0.015730796988608377,0.358974358974359
all,ALL,low_value,ALL,60,9,39,0.0369138185208837,-0.013720057427544013,0.4358974358974359
all,ALL,low_value,ALL,60,10,39,0.03673971783601312,-0.01389415811241459,0.358974358974359
all,ALL,low_value,ALL,120,1,36,0.08317070237286252,-0.031925622637420895,0.3888888888888889
all,ALL,low_value,ALL,120,2,36,0.06589330740549461,-0.04920301760478882,0.3888888888888889
all,ALL,low_value,ALL,120,3,36,0.07668015987381759,-0.03841616513646583,0.3888888888888889
all,ALL,low_value,ALL,120,4,36,0.08646933291289421,-0.028626992097389208,0.3055555555555556
all,ALL,low_value,ALL,120,5,36,0.06330333269689448,-0.05179299231338894,0.2222222222222222
all,ALL,low_value,ALL,120,6,36,0.07123793239938193,-0.04385839261090147,0.3333333333333333
all,ALL,low_value,ALL,120,7,36,0.07680452092012388,-0.03829180409015953,0.3611111111111111
all,ALL,low_value,ALL,120,8,36,0.07313282920803245,-0.04196349580225097,0.2222222222222222
all,ALL,low_value,ALL,120,9,36,0.07997654027877173,-0.03511978473151167,0.3055555555555556
all,ALL,low_value,ALL,120,10,36,0.0854337689586263,-0.029662556051657112,0.4166666666666667
all,ALL,momentum,ALL,20,1,41,0.0033759779538277243,-0.01001203120296125,0.3902439024390244
all,ALL,momentum,ALL,20,2,41,0.008155149843527094,-0.00523285931326188,0.4878048780487805
all,ALL,momentum,ALL,20,3,41,0.005674527917843793,-0.0077134812389451825,0.3902439024390244
all,ALL,momentum,ALL,20,4,41,0.009675257770614707,-0.003712751386174265,0.5365853658536586
all,ALL,momentum,ALL,20,5,41,0.009992927317269569,-0.0033950818395194027,0.5853658536585366
all,ALL,momentum,ALL,20,6,41,0.007192101278784304,-0.006195907878004671,0.4878048780487805
all,ALL,momentum,ALL,20,7,41,0.012372195059691246,-0.0010158140970977286,0.5609756097560976
all,ALL,momentum,ALL,20,8,41,0.01200227588692612,-0.0013857332698628546,0.5609756097560976
all,ALL,momentum,ALL,20,9,41,0.012642627105293286,-0.0007453820514956882,0.5365853658536586
all,ALL,momentum,ALL,20,10,41,0.01955396774680422,0.006165958590015254,0.5609756097560976
all,ALL,momentum,ALL,60,1,39,0.04818673805482676,-0.002447137893600963,0.4358974358974359
all,ALL,momentum,ALL,60,2,39,0.03965260365694675,-0.010981272291480966,0.46153846153846156
all,ALL,momentum,ALL,60,3,39,0.042903915699519166,-0.0077299602489085475,0.48717948717948717
all,ALL,momentum,ALL,60,4,39,0.0482269545475173,-0.0024069214009104266,0.5641025641025641
all,ALL,momentum,ALL,60,5,39,0.042912390930610535,-0.007721485017817183,0.5128205128205128
all,ALL,momentum,ALL,60,6,39,0.03988813478494825,-0.010745741163479471,0.48717948717948717
all,ALL,momentum,ALL,60,7,39,0.04785641419921616,-0.002777461749211546,0.48717948717948717
all,ALL,momentum,ALL,60,8,39,0.04899834285223443,-0.0016355330961933064,0.358974358974359
all,ALL,momentum,ALL,60,9,39,0.047694706255627634,-0.002939169692800085,0.4358974358974359
all,ALL,momentum,ALL,60,10,39,0.0678644727347961,0.017230596786368377,0.5641025641025641
all,ALL,momentum,ALL,120,1,36,0.10145433989601327,-0.013641985114270143,0.4444444444444444
all,ALL,momentum,ALL,120,2,36,0.10452164983906215,-0.010574675171221258,0.3333333333333333
all,ALL,momentum,ALL,120,3,36,0.1027125572235919,-0.012383767786691527,0.4166666666666667
all,ALL,momentum,ALL,120,4,36,0.11698555978724784,0.0018892347769643991,0.4444444444444444
all,ALL,momentum,ALL,120,5,36,0.12313183768111911,0.0080355126708357,0.4444444444444444
all,ALL,momentum,ALL,120,6,36,0.09060874232057836,-0.024487582689705044,0.3611111111111111
all,ALL,momentum,ALL,120,7,36,0.10661820670971106,-0.008478118300572332,0.4166666666666667
all,ALL,momentum,ALL,120,8,36,0.12765162533399377,0.012555300323710349,0.5277777777777778
all,ALL,momentum,ALL,120,9,36,0.13214345451467702,0.01704712950439359,0.5555555555555556
all,ALL,momentum,ALL,120,10,36,0.17040600301179307,0.05530967800150968,0.8333333333333334
year,2023,low_value,core_ai,20,1,10,0.041471548311787294,0.01615820172454548,0.6
year,2023,low_value,core_ai,20,2,10,-0.0048113274028193775,-0.030124673990061183,0.2
year,2023,low_value,core_ai,20,3,10,0.05318010147872543,0.02786675489148362,0.7
year,2023,low_value,core_ai,20,4,10,0.03581239358023247,0.010499046992990663,0.6
year,2023,low_value,core_ai,20,5,10,0.027104981430779607,0.0017916348435377983,0.5
year,2023,low_value,core_ai,20,6,10,0.026821755483852322,0.0015084088966105138,0.6
year,2023,low_value,core_ai,20,7,10,0.014326025371583243,-0.010987321215658572,0.3
year,2023,low_value,core_ai,20,8,10,0.031327903853197225,0.0060145572659554185,0.6
year,2023,low_value,core_ai,20,9,10,0.048869833327810176,0.023556486740568355,0.6
year,2023,low_value,core_ai,20,10,10,0.01793942233149829,-0.007373924255743525,0.5
year,2023,low_value,core_ai,60,1,10,0.11400592527302308,0.012083724927489225,0.6
year,2023,low_value,core_ai,60,2,10,0.029438932919647498,-0.07248326742588636,0.3
year,2023,low_value,core_ai,60,3,10,0.1327839273652979,0.03086172701976403,0.5
year,2023,low_value,core_ai,60,4,10,0.10933756035613096,0.0074153600105970885,0.7
year,2023,low_value,core_ai,60,5,10,0.06708301821369986,-0.03483918213183399,0.4
year,2023,low_value,core_ai,60,6,10,0.12016563673085676,0.01824343638532292,0.5
year,2023,low_value,core_ai,60,7,10,0.06965748437578771,-0.03226471596974614,0.3
year,2023,low_value,core_ai,60,8,10,0.10303485100641618,0.0011126506608823375,0.6
year,2023,low_value,core_ai,60,9,10,0.14072839091253664,0.03880619056700279,0.8
year,2023,low_value,core_ai,60,10,10,0.0817163417436908,-0.020205858601843044,0.4
year,2023,low_value,core_ai,120,1,10,0.09731929256944877,-0.07556414483964177,0.2
year,2023,low_value,core_ai,120,2,10,0.09313835916235753,-0.07974507824673298,0.2
year,2023,low_value,core_ai,120,3,10,0.28162966010653817,0.10874622269744774,0.6
year,2023,low_value,core_ai,120,4,10,0.19348065311581802,0.02059721570672752,0.6
year,2023,low_value,core_ai,120,5,10,0.06459861307793063,-0.10828482433115987,0.1
year,2023,low_value,core_ai,120,6,10,0.14518560999917648,-0.027697827409914017,0.3
year,2023,low_value,core_ai,120,7,10,0.1583614850824001,-0.014521952326690374,0.5
year,2023,low_value,core_ai,120,8,10,0.16891109736624832,-0.003972340042842183,0.4
year,2023,low_value,core_ai,120,9,10,0.2473781724672292,0.07449473505813874,0.7
year,2023,low_value,core_ai,120,10,10,0.160369628462338,-0.012513808946752521,0.5
year,2023,low_value,ai_enabler,20,1,12,-0.003019808319019393,-0.02422784041445139,0.16666666666666666
year,2023,low_value,ai_enabler,20,2,12,-0.006532088992315184,-0.02774012108774718,0.25
year,2023,low_value,ai_enabler,20,3,12,-0.005464572266608399,-0.0266726043620404,0.25
year,2023,low_value,ai_enabler,20,4,12,0.006624970483849056,-0.014583061611582945,0.3333333333333333
year,2023,low_value,ai_enabler,20,5,12,0.0066580362656855656,-0.01454999582974643,0.4166666666666667
year,2023,low_value,ai_enabler,20,6,12,-0.00483226548059154,-0.026040297576023528,0.3333333333333333
year,2023,low_value,ai_enabler,20,7,12,0.0070572082046824166,-0.014150823890749592,0.5
year,2023,low_value,ai_enabler,20,8,12,0.009044821917068525,-0.01216321017836347,0.25
year,2023,low_value,ai_enabler,20,9,12,0.008082270852131207,-0.013125761243300787,0.4166666666666667
year,2023,low_value,ai_enabler,20,10,12,0.006114831657239739,-0.015093200438192267,0.4166666666666667
year,2023,low_value,ai_enabler,60,1,12,0.03101063263863395,-0.056395079114554846,0.08333333333333333
year,2023,low_value,ai_enabler,60,2,12,0.009812227706427515,-0.0775934840467613,0.0
year,2023,low_value,ai_enabler,60,3,12,0.0203059607752706,-0.0670997509779182,0.08333333333333333
year,2023,low_value,ai_enabler,60,4,12,0.05382594696819151,-0.033579764784997294,0.25
year,2023,low_value,ai_enabler,60,5,12,0.04630887845942369,-0.04109683329376511,0.4166666666666667
year,2023,low_value,ai_enabler,60,6,12,0.029016118772208083,-0.05838959298098071,0.25
year,2023,low_value,ai_enabler,60,7,12,0.03685424554126095,-0.050551466211927854,0.25
year,2023,low_value,ai_enabler,60,8,12,0.05160687016619784,-0.03579884158699097,0.16666666666666666
year,2023,low_value,ai_enabler,60,9,12,0.03599709241351872,-0.051408619339670066,0.16666666666666666
year,2023,low_value,ai_enabler,60,10,12,0.04932408885001685,-0.03808162290317196,0.25
year,2023,low_value,ai_enabler,120,1,12,0.05633262357641072,-0.109840368824121,0.08333333333333333
year,2023,low_value,ai_enabler,120,2,12,0.02642094097328057,-0.13975205142725114,0.08333333333333333
year,2023,low_value,ai_enabler,120,3,12,0.04183475192901165,-0.12433824047152008,0.0
year,2023,low_value,ai_enabler,120,4,12,0.096393538345052,-0.06977945405547972,0.16666666666666666
year,2023,low_value,ai_enabler,120,5,12,0.08578214501915866,-0.08039084738137306,0.08333333333333333
year,2023,low_value,ai_enabler,120,6,12,0.06773729262491239,-0.09843569977561932,0.08333333333333333
year,2023,low_value,ai_enabler,120,7,12,0.07022793734238385,-0.09594505505814788,0.16666666666666666
year,2023,low_value,ai_enabler,120,8,12,0.10126226515121127,-0.06491072724932047,0.16666666666666666
year,2023,low_value,ai_enabler,120,9,12,0.06775012952434957,-0.09842286287618214,0.08333333333333333
year,2023,low_value,ai_enabler,120,10,12,0.11761504570524452,-0.04855794669528723,0.16666666666666666
year,2023,low_value,ai_peripheral,20,1,12,-0.0040940780471269075,-0.02530211014255891,0.4166666666666667
year,2023,low_value,ai_peripheral,20,2,12,-0.020890061573371883,-0.04209809366880388,0.25
year,2023,low_value,ai_peripheral,20,3,12,-0.011407727730473464,-0.03261575982590547,0.16666666666666666
year,2023,low_value,ai_peripheral,20,4,12,0.0007933739189175077,-0.02041465817651449,0.3333333333333333
year,2023,low_value,ai_peripheral,20,5,12,0.001373147595117059,-0.019834884500314943,0.5
year,2023,low_value,ai_peripheral,20,6,12,0.0036603436261395997,-0.017547688469292402,0.5
year,2023,low_value,ai_peripheral,20,7,12,-0.013081657112674365,-0.03428968920810637,0.25
year,2023,low_value,ai_peripheral,20,8,12,-0.0048019081345092,-0.026009940229941197,0.25
year,2023,low_value,ai_peripheral,20,9,12,-0.0014341523050530422,-0.022642184400485044,0.3333333333333333
year,2023,low_value,ai_peripheral,20,10,12,-0.0029813531703686094,-0.0241893852658006,0.3333333333333333
year,2023,low_value,ai_peripheral,60,1,12,0.030318115942893322,-0.05708759581029549,0.25
year,2023,low_value,ai_peripheral,60,2,12,-0.020489622050418186,-0.107895333803607,0.0
year,2023,low_value,ai_peripheral,60,3,12,0.02001168455690378,-0.06739402719628501,0.08333333333333333
year,2023,low_value,ai_peripheral,60,4,12,0.03675511701432687,-0.05065059473886193,0.25
year,2023,low_value,ai_peripheral,60,5,12,0.03341793689792666,-0.05398777485526215,0.16666666666666666
year,2023,low_value,ai_peripheral,60,6,12,0.011315213076269223,-0.07609049867691958,0.08333333333333333
year,2023,low_value,ai_peripheral,60,7,12,0.021417402673337232,-0.06598830907985155,0.08333333333333333
year,2023,low_value,ai_peripheral,60,8,12,0.02189386320173194,-0.06551184855145686,0.16666666666666666
year,2023,low_value,ai_peripheral,60,9,12,0.010449637850913093,-0.0769560739022757,0.08333333333333333
year,2023,low_value,ai_peripheral,60,10,12,0.0283123704178764,-0.05909334133531239,0.25
year,2023,low_value,ai_peripheral,120,1,12,0.03978208321021868,-0.12639090919031307,0.16666666666666666
year,2023,low_value,ai_peripheral,120,2,12,-0.023527764633630724,-0.18970075703416245,0.0
year,2023,low_value,ai_peripheral,120,3,12,0.042503343246194585,-0.12366964915433716,0.0
year,2023,low_value,ai_peripheral,120,4,12,0.08419889112988489,-0.08197410127064682,0.08333333333333333
year,2023,low_value,ai_peripheral,120,5,12,0.07864219698704077,-0.08753079541349096,0.08333333333333333
year,2023,low_value,ai_peripheral,120,6,12,0.04137277012300994,-0.1248002222775218,0.0
year,2023,low_value,ai_peripheral,120,7,12,0.05431885757991283,-0.1118541348206189,0.0
year,2023,low_value,ai_peripheral,120,8,12,0.04545881845013742,-0.12071417395039431,0.0
year,2023,low_value,ai_peripheral,120,9,12,0.04914803520984806,-0.11702495719068369,0.08333333333333333
year,2023,low_value,ai_peripheral,120,10,12,0.07376378882229846,-0.09240920357823325,0.08333333333333333
year,2023,momentum,core_ai,20,1,12,0.018998096873316803,-0.0022099352221152005,0.5
year,2023,momentum,core_ai,20,2,12,0.0219792013131883,0.0007711692177563024,0.5833333333333334
year,2023,momentum,core_ai,20,3,12,0.018670824562724373,-0.0025372075327076264,0.5
year,2023,momentum,core_ai,20,4,12,0.028038022510826256,0.006829990415394252,0.5
year,2023,momentum,core_ai,20,5,12,0.025841985219147254,0.004633953123715253,0.5
year,2023,momentum,core_ai,20,6,12,0.01927229567924581,-0.0019357364161861946,0.5833333333333334
year,2023,momentum,core_ai,20,7,12,0.03400484159228422,0.012796809496852218,0.5833333333333334
year,2023,momentum,core_ai,20,8,12,0.0026490069775757714,-0.018559025117856228,0.25
year,2023,momentum,core_ai,20,9,12,0.015625746007816087,-0.005582286087615914,0.5
year,2023,momentum,core_ai,20,10,12,0.031667374073742545,0.010459341978310535,0.6666666666666666
year,2023,momentum,core_ai,60,1,12,0.10341663194936619,0.016010920196177402,0.3333333333333333
year,2023,momentum,core_ai,60,2,12,0.09958181898277585,0.01217610722958705,0.4166666666666667
year,2023,momentum,core_ai,60,3,12,0.09399272412680297,0.006587012373614158,0.4166666666666667
year,2023,momentum,core_ai,60,4,12,0.12417833447077442,0.036772622717585614,0.5
year,2023,momentum,core_ai,60,5,12,0.07204627591140376,-0.015359435841785044,0.5
year,2023,momentum,core_ai,60,6,12,0.0763795769491042,-0.0110261348040846,0.3333333333333333
year,2023,momentum,core_ai,60,7,12,0.12252394210630085,0.03511823035311206,0.75
year,2023,momentum,core_ai,60,8,12,0.06882365339492323,-0.018582058358265575,0.25
year,2023,momentum,core_ai,60,9,12,0.1001479640837964,0.01274225233060759,0.6666666666666666
year,2023,momentum,core_ai,60,10,12,0.1212340549774077,0.03382834322421891,0.5833333333333334
year,2023,momentum,core_ai,120,1,12,0.20226492821958117,0.03609193581904945,0.5833333333333334
year,2023,momentum,core_ai,120,2,12,0.23901607917201326,0.07284308677148156,0.6666666666666666
year,2023,momentum,core_ai,120,3,12,0.18030183968171776,0.01412884728118604,0.5
year,2023,momentum,core_ai,120,4,12,0.20012543260666157,0.03395244020612986,0.5833333333333334
year,2023,momentum,core_ai,120,5,12,0.1941249011210742,0.027951908720542495,0.75
year,2023,momentum,core_ai,120,6,12,0.10868886024027409,-0.05748413216025764,0.25
year,2023,momentum,core_ai,120,7,12,0.19987602843715302,0.03370303603662132,0.6666666666666666
year,2023,momentum,core_ai,120,8,12,0.19205387537147503,0.02588088297094333,0.5
year,2023,momentum,core_ai,120,9,12,0.23412133600476584,0.06794834360423409,0.75
year,2023,momentum,core_ai,120,10,12,0.25609073095974605,0.08991773855921432,0.9166666666666666
year,2023,momentum,ai_enabler,20,1,12,-0.008570449661184828,-0.02977848175661683,0.25
year,2023,momentum,ai_enabler,20,2,12,-0.004459351636621868,-0.025667383732053874,0.3333333333333333
year,2023,momentum,ai_enabler,20,3,12,0.003780153519635243,-0.01742787857579676,0.25
year,2023,momentum,ai_enabler,20,4,12,0.011229257356464191,-0.009978774738967806,0.4166666666666667
year,2023,momentum,ai_enabler,20,5,12,0.006046300536813286,-0.01516173155861871,0.25
year,2023,momentum,ai_enabler,20,6,12,0.012468140460204015,-0.00873989163522799,0.5
year,2023,momentum,ai_enabler,20,7,12,0.003462231535207973,-0.01774580056022403,0.3333333333333333
year,2023,momentum,ai_enabler,20,8,12,0.009012993033164622,-0.012195039062267377,0.5833333333333334
year,2023,momentum,ai_enabler,20,9,12,0.011715057838715673,-0.009492974256716325,0.5
year,2023,momentum,ai_enabler,20,10,12,0.009906566369850782,-0.011301465725581222,0.3333333333333333
year,2023,momentum,ai_enabler,60,1,12,0.05214373364833136,-0.035261978104857455,0.25
year,2023,momentum,ai_enabler,60,2,12,0.032285963171867875,-0.05511974858132093,0.16666666666666666
year,2023,momentum,ai_enabler,60,3,12,0.03565088941714731,-0.051754822336041485,0.08333333333333333
year,2023,momentum,ai_enabler,60,4,12,0.05676656126311755,-0.030639150490071248,0.3333333333333333
year,2023,momentum,ai_enabler,60,5,12,0.05195858973586689,-0.03544712201732192,0.4166666666666667
year,2023,momentum,ai_enabler,60,6,12,0.05765453839014767,-0.029751173363041127,0.25
year,2023,momentum,ai_enabler,60,7,12,0.037023616118418305,-0.0503820956347705,0.25
year,2023,momentum,ai_enabler,60,8,12,0.051329730683729875,-0.036075981069458925,0.08333333333333333
year,2023,momentum,ai_enabler,60,9,12,0.07003816699901631,-0.017367544754172477,0.3333333333333333
year,2023,momentum,ai_enabler,60,10,12,0.08160805376112619,-0.005797657992062631,0.5
year,2023,momentum,ai_enabler,120,1,12,0.06087726037272617,-0.10529573202780558,0.16666666666666666
year,2023,momentum,ai_enabler,120,2,12,0.08216226525702923,-0.0840107271435025,0.08333333333333333
year,2023,momentum,ai_enabler,120,3,12,0.09477300941799248,-0.07139998298253925,0.0
year,2023,momentum,ai_enabler,120,4,12,0.10639580869014391,-0.059777183710387816,0.16666666666666666
year,2023,momentum,ai_enabler,120,5,12,0.0950362028585458,-0.0711367895419859,0.25
year,2023,momentum,ai_enabler,120,6,12,0.10218894375399877,-0.06398404864653297,0.16666666666666666
year,2023,momentum,ai_enabler,120,7,12,0.08507440975128754,-0.0810985826492442,0.16666666666666666
year,2023,momentum,ai_enabler,120,8,12,0.1109429604970925,-0.055230031903439246,0.25
year,2023,momentum,ai_enabler,120,9,12,0.15913750400685567,-0.007035488393676029,0.5
year,2023,momentum,ai_enabler,120,10,12,0.1981264740651243,0.03195348166459259,0.75
year,2023,momentum,ai_peripheral,20,1,12,-0.016495301664696982,-0.037703333760128986,0.16666666666666666
year,2023,momentum,ai_peripheral,20,2,12,-0.008579907229794206,-0.029787939325226203,0.25
year,2023,momentum,ai_peripheral,20,3,12,-0.003324186158752311,-0.02453221825418431,0.25
year,2023,momentum,ai_peripheral,20,4,12,-0.003919478827345082,-0.02512751092277708,0.25
year,2023,momentum,ai_peripheral,20,5,12,0.004761835332490577,-0.016446196762941418,0.5833333333333334
year,2023,momentum,ai_peripheral,20,6,12,-0.000879051537999434,-0.022087083633431436,0.4166666666666667
year,2023,momentum,ai_peripheral,20,7,12,0.003469581493960001,-0.017738450601471997,0.4166666666666667
year,2023,momentum,ai_peripheral,20,8,12,-0.006857309486660403,-0.028065341582092396,0.25
year,2023,momentum,ai_peripheral,20,9,12,-0.002965544037346429,-0.024173576132778433,0.25
year,2023,momentum,ai_peripheral,20,10,12,0.005970521014748222,-0.015237511080683773,0.4166666666666667
year,2023,momentum,ai_peripheral,60,1,12,0.03636888263713115,-0.05103682911605764,0.16666666666666666
year,2023,momentum,ai_peripheral,60,2,12,0.0251791097843066,-0.062226601968882196,0.08333333333333333
year,2023,momentum,ai_peripheral,60,3,12,0.021254691014712123,-0.06615102073847666,0.08333333333333333
year,2023,momentum,ai_peripheral,60,4,12,0.01996182648579257,-0.06744388526739623,0.16666666666666666
year,2023,momentum,ai_peripheral,60,5,12,0.03413895954940359,-0.05326675220378521,0.25
year,2023,momentum,ai_peripheral,60,6,12,0.04224212362553927,-0.045163588127649514,0.3333333333333333
year,2023,momentum,ai_peripheral,60,7,12,0.026628091213164926,-0.06077762054002387,0.08333333333333333
year,2023,momentum,ai_peripheral,60,8,12,0.0225626170355252,-0.0648430947176636,0.08333333333333333
year,2023,momentum,ai_peripheral,60,9,12,0.034206592490108524,-0.053199119263080276,0.16666666666666666
year,2023,momentum,ai_peripheral,60,10,12,0.030358890349686075,-0.05704682140350272,0.16666666666666666
year,2023,momentum,ai_peripheral,120,1,12,0.06353355225858558,-0.10263944014194613,0.08333333333333333
year,2023,momentum,ai_peripheral,120,2,12,0.05910459933684246,-0.10706839306368925,0.0
year,2023,momentum,ai_peripheral,120,3,12,0.06415516515852952,-0.10201782724200224,0.08333333333333333
year,2023,momentum,ai_peripheral,120,4,12,0.039652209213317344,-0.12652078318721438,0.0
year,2023,momentum,ai_peripheral,120,5,12,0.07572311198079408,-0.09044988041973763,0.16666666666666666
year,2023,momentum,ai_peripheral,120,6,12,0.07818339624700937,-0.08798959615352235,0.25
year,2023,momentum,ai_peripheral,120,7,12,0.06978243788780182,-0.09639055451272992,0.08333333333333333
year,2023,momentum,ai_peripheral,120,8,12,0.0762088936845741,-0.08996409871595762,0.08333333333333333
year,2023,momentum,ai_peripheral,120,9,12,0.09056818763157405,-0.07560480476895766,0.25
year,2023,momentum,ai_peripheral,120,10,12,0.0977979573073288,-0.06837503509320293,0.16666666666666666
year,2023,low_value,ALL,20,1,12,0.006442635664600985,-0.014765396430831015,0.3333333333333333
year,2023,low_value,ALL,20,2,12,-0.013155151637503,-0.034363183732935,0.08333333333333333
year,2023,low_value,ALL,20,3,12,0.006999635525240695,-0.014208396570191304,0.3333333333333333
year,2023,low_value,ALL,20,4,12,0.010876374607004672,-0.010331657488427327,0.5
year,2023,low_value,ALL,20,5,12,0.008338405342812898,-0.012869626752619103,0.25
year,2023,low_value,ALL,20,6,12,0.00588373348259742,-0.015324298612834575,0.4166666666666667
year,2023,low_value,ALL,20,7,12,-0.0008857276648573022,-0.022093759760289305,0.3333333333333333
year,2023,low_value,ALL,20,8,12,0.008509568466620807,-0.01269846362881119,0.16666666666666666
year,2023,low_value,ALL,20,9,12,0.014156097028272937,-0.007051935067159059,0.5
year,2023,low_value,ALL,20,10,12,0.004546821615863534,-0.016661210479568467,0.4166666666666667
year,2023,low_value,ALL,60,1,12,0.04914152623350832,-0.03826418551968048,0.4166666666666667
year,2023,low_value,ALL,60,2,12,-0.0001229148437734692,-0.0875286265969623,0.0
year,2023,low_value,ALL,60,3,12,0.0477332178021563,-0.039672493951032506,0.25
year,2023,low_value,ALL,60,4,12,0.05903522105252792,-0.028370490700660885,0.25
year,2023,low_value,ALL,60,5,12,0.04333087543085593,-0.04407483632233286,0.25
year,2023,low_value,ALL,60,6,12,0.044387209018252195,-0.0430185027349366,0.25
year,2023,low_value,ALL,60,7,12,0.03639057068588911,-0.05101514106729969,0.16666666666666666
year,2023,low_value,ALL,60,8,12,0.051542636961128235,-0.03586307479206057,0.16666666666666666
year,2023,low_value,ALL,60,9,12,0.05396706132454998,-0.03343865042863881,0.25
year,2023,low_value,ALL,60,10,12,0.04833175508398199,-0.03907395666920681,0.16666666666666666
year,2023,low_value,ALL,120,1,12,0.05831375072114728,-0.10785924167938447,0.16666666666666666
year,2023,low_value,ALL,120,2,12,0.025695210814069,-0.14047778158646274,0.16666666666666666
year,2023,low_value,ALL,120,3,12,0.10596952596038166,-0.06020346644015007,0.3333333333333333
year,2023,low_value,ALL,120,4,12,0.11467853454524574,-0.051494457855286,0.25
year,2023,low_value,ALL,120,5,12,0.07484525743403982,-0.0913277349664919,0.08333333333333333
year,2023,low_value,ALL,120,6,12,0.07689755379775737,-0.08927543860277436,0.16666666666666666
year,2023,low_value,ALL,120,7,12,0.08450097519838096,-0.08167201720215077,0.16666666666666666
year,2023,low_value,ALL,120,8,12,0.09466568070810553,-0.0715073116924262,0.16666666666666666
year,2023,low_value,ALL,120,9,12,0.10851396142584809,-0.057659030974683646,0.25
year,2023,low_value,ALL,120,10,12,0.11090825379336282,-0.055264738607168906,0.25
year,2023,momentum,ALL,20,1,12,-0.0020225514841883357,-0.023230583579620337,0.3333333333333333
year,2023,momentum,ALL,20,2,12,0.0029799808155907444,-0.01822805127984126,0.4166666666666667
year,2023,momentum,ALL,20,3,12,0.0063755973078691046,-0.0148324347875629,0.3333333333333333
year,2023,momentum,ALL,20,4,12,0.011782600346648455,-0.009425431748783544,0.3333333333333333
year,2023,momentum,ALL,20,5,12,0.012216707029483707,-0.008991325065948295,0.4166666666666667
year,2023,momentum,ALL,20,6,12,0.010287128200483461,-0.010920903894948536,0.4166666666666667
year,2023,momentum,ALL,20,7,12,0.013645551540484066,-0.007562480554947934,0.4166666666666667
year,2023,momentum,ALL,20,8,12,0.0016015635080266627,-0.01960646858740533,0.3333333333333333
year,2023,momentum,ALL,20,9,12,0.008125086603061776,-0.013082945492370227,0.3333333333333333
year,2023,momentum,ALL,20,10,12,0.01584815381944718,-0.005359878275984818,0.4166666666666667
year,2023,momentum,ALL,60,1,12,0.06397641607827624,-0.023429295674912573,0.3333333333333333
year,2023,momentum,ALL,60,2,12,0.05234896397965011,-0.03505674777353869,0.4166666666666667
year,2023,momentum,ALL,60,3,12,0.05029943485288746,-0.037106276900301334,0.3333333333333333
year,2023,momentum,ALL,60,4,12,0.06696890740656151,-0.02043680434662729,0.5
year,2023,momentum,ALL,60,5,12,0.05271460839889141,-0.03469110335429739,0.3333333333333333
year,2023,momentum,ALL,60,6,12,0.05875874632159705,-0.02864696543159175,0.5
year,2023,momentum,ALL,60,7,12,0.06205854981262802,-0.025347161940560765,0.3333333333333333
year,2023,momentum,ALL,60,8,12,0.04757200037139276,-0.039833711381796026,0.08333333333333333
year,2023,momentum,ALL,60,9,12,0.06813090785764041,-0.01927480389554839,0.3333333333333333
year,2023,momentum,ALL,60,10,12,0.07773366636273998,-0.00967204539044881,0.3333333333333333
year,2023,momentum,ALL,120,1,12,0.10889191361696432,-0.05728107878356741,0.25
year,2023,momentum,ALL,120,2,12,0.126760981255295,-0.03941201114523672,0.16666666666666666
year,2023,momentum,ALL,120,3,12,0.11307667141941326,-0.053096320981118474,0.16666666666666666
year,2023,momentum,ALL,120,4,12,0.11539115017004092,-0.05078184223049079,0.25
year,2023,momentum,ALL,120,5,12,0.12162807198680471,-0.04454492041372702,0.3333333333333333
year,2023,momentum,ALL,120,6,12,0.09635373341376074,-0.06981925898677098,0.25
year,2023,momentum,ALL,120,7,12,0.11824429202541413,-0.047928700375117594,0.16666666666666666
year,2023,momentum,ALL,120,8,12,0.12640190985104724,-0.039771082549484506,0.4166666666666667
year,2023,momentum,ALL,120,9,12,0.1612756758810652,-0.004897316519466534,0.3333333333333333
year,2023,momentum,ALL,120,10,12,0.18400505411073306,0.017832061710201325,0.6666666666666666
year,2024,low_value,core_ai,20,1,12,0.06602888131915825,0.04790108837916244,0.9166666666666666
year,2024,low_value,core_ai,20,2,12,-0.007015165450275063,-0.02514295839027089,0.25
year,2024,low_value,core_ai,20,3,12,0.023864795644335565,0.005737002704339737,0.4166666666666667
year,2024,low_value,core_ai,20,4,12,0.029663279299301255,0.011535486359305428,0.5
year,2024,low_value,core_ai,20,5,12,0.00911693970045976,-0.009010853239536066,0.5
year,2024,low_value,core_ai,20,6,12,0.010212046621271812,-0.007915746318724014,0.4166666666666667
year,2024,low_value,core_ai,20,7,12,0.0065661938880016875,-0.011561599051994139,0.3333333333333333
year,2024,low_value,core_ai,20,8,12,0.008183343695351628,-0.009944449244644198,0.6666666666666666
year,2024,low_value,core_ai,20,9,12,0.011784059114743548,-0.006343733825252281,0.4166666666666667
year,2024,low_value,core_ai,20,10,12,0.01809154835097137,-3.624458902445343e-05,0.5
year,2024,low_value,core_ai,60,1,12,0.1376834443737047,0.10002317620412264,0.8333333333333334
year,2024,low_value,core_ai,60,2,12,0.010792714844830154,-0.02686755332475189,0.25
year,2024,low_value,core_ai,60,3,12,0.020392985212226895,-0.017267282957355145,0.4166666666666667
year,2024,low_value,core_ai,60,4,12,0.07736704713999211,0.03970677897041006,0.5833333333333334
year,2024,low_value,core_ai,60,5,12,0.028145840872593902,-0.00951442729698815,0.3333333333333333
year,2024,low_value,core_ai,60,6,12,0.01840927318312839,-0.019250994986453655,0.3333333333333333
year,2024,low_value,core_ai,60,7,12,0.018689054848956804,-0.018971213320625235,0.3333333333333333
year,2024,low_value,core_ai,60,8,12,0.026040465656205658,-0.01161980251337639,0.5
year,2024,low_value,core_ai,60,9,12,0.02621835932424058,-0.01144190884534147,0.4166666666666667
year,2024,low_value,core_ai,60,10,12,0.0664297040059905,0.028769435836408466,0.75
year,2024,low_value,core_ai,120,1,12,0.21175745113131084,0.13763967739983538,0.8333333333333334
year,2024,low_value,core_ai,120,2,12,0.051374997521255815,-0.022742776210219667,0.4166666666666667
year,2024,low_value,core_ai,120,3,12,0.049645393363762585,-0.024472380367712893,0.4166666666666667
year,2024,low_value,core_ai,120,4,12,0.12785867158379183,0.053740897852316345,0.6666666666666666
year,2024,low_value,core_ai,120,5,12,0.01599825308215879,-0.0581195206493167,0.3333333333333333
year,2024,low_value,core_ai,120,6,12,0.08649298497845744,0.012375211246981955,0.5833333333333334
year,2024,low_value,core_ai,120,7,12,0.08166083160645564,0.0075430578749801636,0.5
year,2024,low_value,core_ai,120,8,12,0.060909385816756666,-0.013208387914718817,0.3333333333333333
year,2024,low_value,core_ai,120,9,12,0.07973993772385975,0.005622163992384267,0.4166666666666667
year,2024,low_value,core_ai,120,10,12,0.14172657411661108,0.0676088003851356,0.6666666666666666
year,2024,low_value,ai_enabler,20,1,12,0.02927262926795468,0.01114483632795886,0.5833333333333334
year,2024,low_value,ai_enabler,20,2,12,0.00943037772206925,-0.008697415217926573,0.4166666666666667
year,2024,low_value,ai_enabler,20,3,12,0.004376025440692893,-0.01375176749930293,0.4166666666666667
year,2024,low_value,ai_enabler,20,4,12,0.0021520705937007746,-0.01597572234629505,0.4166666666666667
year,2024,low_value,ai_enabler,20,5,12,0.01311652984472256,-0.005011263095273268,0.4166666666666667
year,2024,low_value,ai_enabler,20,6,12,0.002594321710617559,-0.015533471229378266,0.6666666666666666
year,2024,low_value,ai_enabler,20,7,12,0.011549683734327014,-0.006578109205668813,0.5833333333333334
year,2024,low_value,ai_enabler,20,8,12,-0.003262856560296214,-0.02139064950029204,0.25
year,2024,low_value,ai_enabler,20,9,12,0.010916530927160972,-0.007211262012834855,0.4166666666666667
year,2024,low_value,ai_enabler,20,10,12,0.013389928931297505,-0.004737864008698321,0.3333333333333333
year,2024,low_value,ai_enabler,60,1,12,0.06173775344683812,0.024077485277256085,0.6666666666666666
year,2024,low_value,ai_enabler,60,2,12,0.03453964428510271,-0.003120623884479341,0.5833333333333334
year,2024,low_value,ai_enabler,60,3,12,0.020980824897260622,-0.01667944327232142,0.3333333333333333
year,2024,low_value,ai_enabler,60,4,12,0.015453479033055223,-0.022206789136526826,0.4166666666666667
year,2024,low_value,ai_enabler,60,5,12,0.02732502404782496,-0.010335244121757087,0.5833333333333334
year,2024,low_value,ai_enabler,60,6,12,0.014333634075325563,-0.02332663409425648,0.3333333333333333
year,2024,low_value,ai_enabler,60,7,12,0.03971618864809203,0.0020559204785099874,0.4166666666666667
year,2024,low_value,ai_enabler,60,8,12,0.0024249829054369797,-0.03523528526414506,0.25
year,2024,low_value,ai_enabler,60,9,12,0.03175352043356152,-0.005906747736020533,0.5
year,2024,low_value,ai_enabler,60,10,12,0.04873434513230265,0.0110740769627206,0.5833333333333334
year,2024,low_value,ai_enabler,120,1,12,0.06496380998420793,-0.009153963747267546,0.4166666666666667
year,2024,low_value,ai_enabler,120,2,12,0.0541596722501897,-0.019958101481285767,0.3333333333333333
year,2024,low_value,ai_enabler,120,3,12,0.041076457372196194,-0.03304131635927929,0.16666666666666666
year,2024,low_value,ai_enabler,120,4,12,0.03187496801319636,-0.04224280571827912,0.08333333333333333
year,2024,low_value,ai_enabler,120,5,12,0.03940473423544107,-0.0347130394960344,0.16666666666666666
year,2024,low_value,ai_enabler,120,6,12,0.025169168115030643,-0.04894860561644484,0.16666666666666666
year,2024,low_value,ai_enabler,120,7,12,0.0696272022871949,-0.00449057144428056,0.5833333333333334
year,2024,low_value,ai_enabler,120,8,12,0.00612759553858811,-0.06799017819288737,0.16666666666666666
year,2024,low_value,ai_enabler,120,9,12,0.055395886321115424,-0.018721887410360058,0.4166666666666667
year,2024,low_value,ai_enabler,120,10,12,0.09878610993345956,0.024668336201984078,0.6666666666666666
year,2024,low_value,ai_peripheral,20,1,12,-0.005412309460689296,-0.023540102400685117,0.3333333333333333
year,2024,low_value,ai_peripheral,20,2,12,0.005574570461086781,-0.01255322247890904,0.5
year,2024,low_value,ai_peripheral,20,3,12,0.01637105846526329,-0.001756734474732534,0.5833333333333334
year,2024,low_value,ai_peripheral,20,4,12,0.004483653081858504,-0.013644139858137323,0.5
year,2024,low_value,ai_peripheral,20,5,12,0.009180609721312573,-0.008947183218683255,0.5833333333333334
year,2024,low_value,ai_peripheral,20,6,12,0.0026718913293610597,-0.01545590161063476,0.4166666666666667
year,2024,low_value,ai_peripheral,20,7,12,-0.007073334623911655,-0.025201127563907477,0.25
year,2024,low_value,ai_peripheral,20,8,12,0.00710721765763067,-0.01102057528236515,0.5
year,2024,low_value,ai_peripheral,20,9,12,0.010075616933137096,-0.008052176006858728,0.5
year,2024,low_value,ai_peripheral,20,10,12,0.007644745883291078,-0.010483047056704746,0.4166666666666667
year,2024,low_value,ai_peripheral,60,1,12,0.01130435104712253,-0.02635591712245952,0.4166666666666667
year,2024,low_value,ai_peripheral,60,2,12,0.022191114314787434,-0.01546915385479461,0.3333333333333333
year,2024,low_value,ai_peripheral,60,3,12,0.037351760932432775,-0.0003085072371492778,0.5
year,2024,low_value,ai_peripheral,60,4,12,0.012140996010148902,-0.025519272159433143,0.5
year,2024,low_value,ai_peripheral,60,5,12,0.03768446140857002,2.4193238987980925e-05,0.4166666666666667
year,2024,low_value,ai_peripheral,60,6,12,0.017098830568955913,-0.020561437600626137,0.3333333333333333
year,2024,low_value,ai_peripheral,60,7,12,0.0002505759063581231,-0.03740969226322393,0.4166666666666667
year,2024,low_value,ai_peripheral,60,8,12,0.004128486997458779,-0.033531781172123264,0.3333333333333333
year,2024,low_value,ai_peripheral,60,9,12,0.046005940293042086,0.008345672123460053,0.5
year,2024,low_value,ai_peripheral,60,10,12,0.04654943148836113,0.008889163318779083,0.5833333333333334
year,2024,low_value,ai_peripheral,120,1,12,0.01084700532746826,-0.06327076840400722,0.08333333333333333
year,2024,low_value,ai_peripheral,120,2,12,0.03202802050002506,-0.04208975323145042,0.16666666666666666
year,2024,low_value,ai_peripheral,120,3,12,0.045935044937363084,-0.028182728794112395,0.3333333333333333
year,2024,low_value,ai_peripheral,120,4,12,0.05140389274082189,-0.022713880990653582,0.3333333333333333
year,2024,low_value,ai_peripheral,120,5,12,0.03904098228673775,-0.03507679144473773,0.25
year,2024,low_value,ai_peripheral,120,6,12,0.025245187693417912,-0.048872586038057574,0.3333333333333333
year,2024,low_value,ai_peripheral,120,7,12,-0.0017008522019628183,-0.0758186259334383,0.0
year,2024,low_value,ai_peripheral,120,8,12,0.008174627294015453,-0.06594314643746003,0.16666666666666666
year,2024,low_value,ai_peripheral,120,9,12,0.05088360350601037,-0.02323417022546509,0.16666666666666666
year,2024,low_value,ai_peripheral,120,10,12,0.08832115831237232,0.014203384580896825,0.5833333333333334
year,2024,momentum,core_ai,20,1,12,0.050618877238039005,0.03249108429804318,0.6666666666666666
year,2024,momentum,core_ai,20,2,12,0.02528115476623043,0.007153361826234602,0.5833333333333334
year,2024,momentum,core_ai,20,3,12,0.03758091122488515,0.019453118284889322,0.8333333333333334
year,2024,momentum,core_ai,20,4,12,0.024503098163443083,0.006375305223447261,0.5
year,2024,momentum,core_ai,20,5,12,0.02835825018265926,0.010230457242663438,0.5833333333333334
year,2024,momentum,core_ai,20,6,12,0.010058243921288573,-0.008069549018707255,0.4166666666666667
year,2024,momentum,core_ai,20,7,12,0.01642661408899491,-0.00170117885100091,0.4166666666666667
year,2024,momentum,core_ai,20,8,12,0.026230966885746613,0.008103173945750788,0.5833333333333334
year,2024,momentum,core_ai,20,9,12,0.03672624670659604,0.018598453766600215,0.75
year,2024,momentum,core_ai,20,10,12,0.034798326070894475,0.016670533130898644,0.6666666666666666
year,2024,momentum,core_ai,60,1,12,0.10538300084391393,0.06772273267433185,0.5833333333333334
year,2024,momentum,core_ai,60,2,12,0.05951341605872095,0.0218531478891389,0.5833333333333334
year,2024,momentum,core_ai,60,3,12,0.08358791535344591,0.045927647183863884,0.5
year,2024,momentum,core_ai,60,4,12,0.036002632961320384,-0.0016576352082616728,0.5833333333333334
year,2024,momentum,core_ai,60,5,12,0.051517485757555916,0.013857217587973888,0.4166666666666667
year,2024,momentum,core_ai,60,6,12,0.029278176125660773,-0.008382092043921272,0.3333333333333333
year,2024,momentum,core_ai,60,7,12,0.06920523480504163,0.0315449666354596,0.3333333333333333
year,2024,momentum,core_ai,60,8,12,0.03273099621025074,-0.004929271959331321,0.5
year,2024,momentum,core_ai,60,9,12,0.0630136938169036,0.025353425647321542,0.5
year,2024,momentum,core_ai,60,10,12,0.07212324643280381,0.03446297826322175,0.8333333333333334
year,2024,momentum,core_ai,120,1,12,0.20499570281615323,0.1308779290846778,0.75
year,2024,momentum,core_ai,120,2,12,0.1845278017803863,0.11041002804891081,0.75
year,2024,momentum,core_ai,120,3,12,0.13213155291076426,0.05801377917928876,0.5833333333333334
year,2024,momentum,core_ai,120,4,12,0.13695265682185373,0.06283488309037824,0.8333333333333334
year,2024,momentum,core_ai,120,5,12,0.10477350639978307,0.030655732668307595,0.5833333333333334
year,2024,momentum,core_ai,120,6,12,0.07995696229716692,0.005839188565691436,0.4166666666666667
year,2024,momentum,core_ai,120,7,12,0.09076499577596979,0.01664722204449431,0.5
year,2024,momentum,core_ai,120,8,12,0.052723012765529216,-0.021394760965946266,0.3333333333333333
year,2024,momentum,core_ai,120,9,12,0.10265926660553489,0.02854149287405937,0.5833333333333334
year,2024,momentum,core_ai,120,10,12,0.14125992776971777,0.0671421540382423,0.9166666666666666
year,2024,momentum,ai_enabler,20,1,12,0.022802016807947297,0.004674223867951469,0.5833333333333334
year,2024,momentum,ai_enabler,20,2,12,0.013025495291830178,-0.0051022976481656475,0.5833333333333334
year,2024,momentum,ai_enabler,20,3,12,0.010146485329751318,-0.007981307610244502,0.4166666666666667
year,2024,momentum,ai_enabler,20,4,12,0.010263696631292564,-0.007864096308703264,0.5833333333333334
year,2024,momentum,ai_enabler,20,5,12,0.011457235422302805,-0.006670557517693018,0.5
year,2024,momentum,ai_enabler,20,6,12,0.013297929507781378,-0.0048298634322144485,0.5833333333333334
year,2024,momentum,ai_enabler,20,7,12,0.02422143684886384,0.0060936439088680105,0.5833333333333334
year,2024,momentum,ai_enabler,20,8,12,0.009464223061436973,-0.008663569878558852,0.4166666666666667
year,2024,momentum,ai_enabler,20,9,12,0.01640067001994656,-0.0017271229200492661,0.5833333333333334
year,2024,momentum,ai_enabler,20,10,12,0.02875479372888835,0.010627000788892527,0.6666666666666666
year,2024,momentum,ai_enabler,60,1,12,0.04355878730917979,0.0058985191395977445,0.4166666666666667
year,2024,momentum,ai_enabler,60,2,12,0.036347414359238175,-0.001312853810343874,0.6666666666666666
year,2024,momentum,ai_enabler,60,3,12,0.03653634757098607,-0.0011239205985959825,0.5833333333333334
year,2024,momentum,ai_enabler,60,4,12,0.01974724856964652,-0.017913019599935517,0.4166666666666667
year,2024,momentum,ai_enabler,60,5,12,0.03222279012390046,-0.00543747804568158,0.3333333333333333
year,2024,momentum,ai_enabler,60,6,12,0.029688393130347157,-0.007971875039234888,0.4166666666666667
year,2024,momentum,ai_enabler,60,7,12,0.03140743055077061,-0.006252837618811436,0.4166666666666667
year,2024,momentum,ai_enabler,60,8,12,0.047774939423519236,0.010114671253937196,0.5833333333333334
year,2024,momentum,ai_enabler,60,9,12,0.03080838902029377,-0.006851879149288293,0.5
year,2024,momentum,ai_enabler,60,10,12,0.05752797925835524,0.01986771108877319,0.5833333333333334
year,2024,momentum,ai_enabler,120,1,12,0.08029702977567804,0.006179256044202548,0.4166666666666667
year,2024,momentum,ai_enabler,120,2,12,0.05530870918645681,-0.018809064545018673,0.3333333333333333
year,2024,momentum,ai_enabler,120,3,12,0.07712328396815701,0.003005510236681531,0.5
year,2024,momentum,ai_enabler,120,4,12,0.048265266378748506,-0.025852507352726983,0.3333333333333333
year,2024,momentum,ai_enabler,120,5,12,0.08532143266102958,0.011203658929554087,0.5833333333333334
year,2024,momentum,ai_enabler,120,6,12,0.056244988777097805,-0.01787278495437767,0.25
year,2024,momentum,ai_enabler,120,7,12,0.0645656238035172,-0.00955214992795829,0.3333333333333333
year,2024,momentum,ai_enabler,120,8,12,0.06874551541536753,-0.00537225831610797,0.3333333333333333
year,2024,momentum,ai_enabler,120,9,12,0.07178073141261812,-0.0023370423188573603,0.5
year,2024,momentum,ai_enabler,120,10,12,0.0960802940739313,0.021962520342455827,0.8333333333333334
year,2024,momentum,ai_peripheral,20,1,12,-0.0024892800479478917,-0.020617072987943717,0.4166666666666667
year,2024,momentum,ai_peripheral,20,2,12,-0.00014791753668558176,-0.01827571047668141,0.25
year,2024,momentum,ai_peripheral,20,3,12,0.003669263968057411,-0.014458528971938412,0.3333333333333333
year,2024,momentum,ai_peripheral,20,4,12,0.007256904005520884,-0.010870888934474942,0.5833333333333334
year,2024,momentum,ai_peripheral,20,5,12,-0.0006825547097115228,-0.01881034764970735,0.3333333333333333
year,2024,momentum,ai_peripheral,20,6,12,0.013126944867435595,-0.005000848072560235,0.6666666666666666
year,2024,momentum,ai_peripheral,20,7,12,0.0154080843510004,-0.0027197085889954227,0.5
year,2024,momentum,ai_peripheral,20,8,12,0.014844121839931078,-0.00328367110006475,0.6666666666666666
year,2024,momentum,ai_peripheral,20,9,12,0.011381190324286776,-0.006746602615709053,0.5833333333333334
year,2024,momentum,ai_peripheral,20,10,12,0.022985918140629943,0.0048581252006341235,0.75
year,2024,momentum,ai_peripheral,60,1,12,0.010429846036600987,-0.02723042213298107,0.5
year,2024,momentum,ai_peripheral,60,2,12,0.032484200014182986,-0.00517606815539906,0.5
year,2024,momentum,ai_peripheral,60,3,12,0.016002760484524228,-0.021657507685057822,0.4166666666666667
year,2024,momentum,ai_peripheral,60,4,12,0.007805267319443312,-0.02985500085013873,0.3333333333333333
year,2024,momentum,ai_peripheral,60,5,12,0.025906964324604403,-0.011753303844977638,0.5833333333333334
year,2024,momentum,ai_peripheral,60,6,12,0.02427321173269656,-0.013387056436885486,0.4166666666666667
year,2024,momentum,ai_peripheral,60,7,12,0.023184689345789794,-0.014475578823792246,0.3333333333333333
year,2024,momentum,ai_peripheral,60,8,12,0.0581416628624156,0.020481394692833554,0.6666666666666666
year,2024,momentum,ai_peripheral,60,9,12,0.02429175457670402,-0.013368513592878023,0.4166666666666667
year,2024,momentum,ai_peripheral,60,10,12,0.04722004418070935,0.009559776011127312,0.5
year,2024,momentum,ai_peripheral,120,1,12,0.017700204240200513,-0.056417569491274966,0.25
year,2024,momentum,ai_peripheral,120,2,12,0.032032888410684295,-0.042084885320791195,0.16666666666666666
year,2024,momentum,ai_peripheral,120,3,12,0.03787969289771104,-0.036238080833764445,0.08333333333333333
year,2024,momentum,ai_peripheral,120,4,12,0.0363851907685728,-0.037732582962902696,0.25
year,2024,momentum,ai_peripheral,120,5,12,0.04885215509378812,-0.025265618637687365,0.3333333333333333
year,2024,momentum,ai_peripheral,120,6,12,0.043139783020205415,-0.030977990711270054,0.16666666666666666
year,2024,momentum,ai_peripheral,120,7,12,0.04216967985231126,-0.03194809387916423,0.4166666666666667
year,2024,momentum,ai_peripheral,120,8,12,0.08105909153254486,0.006941317801069377,0.5
year,2024,momentum,ai_peripheral,120,9,12,0.0607341689839181,-0.01338360474755737,0.4166666666666667
year,2024,momentum,ai_peripheral,120,10,12,0.07672902652913842,0.0026112527976629146,0.5
year,2024,low_value,ALL,20,1,12,0.029963067042141214,0.011835274102145396,0.6666666666666666
year,2024,low_value,ALL,20,2,12,0.0026632609109603247,-0.015464532029035501,0.4166666666666667
year,2024,low_value,ALL,20,3,12,0.014870626516763914,-0.0032571664232319097,0.5
year,2024,low_value,ALL,20,4,12,0.012099667658286845,-0.006028125281708982,0.5833333333333334
year,2024,low_value,ALL,20,5,12,0.010471359755498297,-0.00765643318449753,0.5
year,2024,low_value,ALL,20,6,12,0.005159419887083477,-0.012968373052912346,0.5
year,2024,low_value,ALL,20,7,12,0.003680847666139015,-0.01444694527385681,0.3333333333333333
year,2024,low_value,ALL,20,8,12,0.004009234930895362,-0.014118558009100462,0.5
year,2024,low_value,ALL,20,9,12,0.010925402325013869,-0.007202390614981956,0.3333333333333333
year,2024,low_value,ALL,20,10,12,0.013042074388519983,-0.005085718551475841,0.4166666666666667
year,2024,low_value,ALL,60,1,12,0.07024184962255511,0.03258158145297307,0.75
year,2024,low_value,ALL,60,2,12,0.022507824481573433,-0.015152443688008615,0.4166666666666667
year,2024,low_value,ALL,60,3,12,0.026241857013973437,-0.011418411155608614,0.4166666666666667
year,2024,low_value,ALL,60,4,12,0.03498717406106542,-0.0026730941085166336,0.5
year,2024,low_value,ALL,60,5,12,0.031051775442996293,-0.006608492726585753,0.4166666666666667
year,2024,low_value,ALL,60,6,12,0.01661391260913662,-0.02104635556044543,0.4166666666666667
year,2024,low_value,ALL,60,7,12,0.01955193980113566,-0.018108328368446395,0.3333333333333333
year,2024,low_value,ALL,60,8,12,0.010864645186367138,-0.026795622983214907,0.4166666666666667
year,2024,low_value,ALL,60,9,12,0.0346592733502814,-0.0030009948193006476,0.5
year,2024,low_value,ALL,60,10,12,0.053904493542218095,0.01624422537263605,0.5833333333333334
year,2024,low_value,ALL,120,1,12,0.09585608881432899,0.021738315082853538,0.5833333333333334
year,2024,low_value,ALL,120,2,12,0.04585423009049019,-0.02826354364098529,0.25
year,2024,low_value,ALL,120,3,12,0.04555229855777396,-0.02856547517370153,0.4166666666666667
year,2024,low_value,ALL,120,4,12,0.07037917744593669,-0.0037385962855387886,0.4166666666666667
year,2024,low_value,ALL,120,5,12,0.03148132320144587,-0.04263645053002962,0.16666666666666666
year,2024,low_value,ALL,120,6,12,0.045635780262302,-0.02848199346917349,0.5
year,2024,low_value,ALL,120,7,12,0.04986239389722927,-0.024255379834246235,0.3333333333333333
year,2024,low_value,ALL,120,8,12,0.02507053621645341,-0.049047237515022074,0.08333333333333333
year,2024,low_value,ALL,120,9,12,0.062006475850328514,-0.012111297881146963,0.3333333333333333
year,2024,low_value,ALL,120,10,12,0.10961128078748096,0.0354935070560055,0.5833333333333334
year,2024,momentum,ALL,20,1,12,0.023643871332679468,0.005516078392683643,0.5833333333333334
year,2024,momentum,ALL,20,2,12,0.012719577507125006,-0.005408215432870819,0.5833333333333334
year,2024,momentum,ALL,20,3,12,0.01713222017423129,-0.0009955727657645326,0.5
year,2024,momentum,ALL,20,4,12,0.014007899600085512,-0.004119893339910315,0.5833333333333334
year,2024,momentum,ALL,20,5,12,0.01304431029841685,-0.005083482641578976,0.5833333333333334
year,2024,momentum,ALL,20,6,12,0.012161039432168515,-0.005966753507827312,0.5
year,2024,momentum,ALL,20,7,12,0.018685378429619717,0.0005575854896238928,0.6666666666666666
year,2024,momentum,ALL,20,8,12,0.016846437262371554,-0.0012813556776242712,0.6666666666666666
year,2024,momentum,ALL,20,9,12,0.02150270235027646,0.003374909410280633,0.5833333333333334
year,2024,momentum,ALL,20,10,12,0.028846345980137588,0.010718553040141765,0.75
year,2024,momentum,ALL,60,1,12,0.05312387806323158,0.015463609893649513,0.4166666666666667
year,2024,momentum,ALL,60,2,12,0.042781676810714035,0.0051214086411319895,0.5
year,2024,momentum,ALL,60,3,12,0.04537567446965208,0.007715406300070025,0.5833333333333334
year,2024,momentum,ALL,60,4,12,0.021185049616803408,-0.01647521855277864,0.5
year,2024,momentum,ALL,60,5,12,0.036549080068686936,-0.0011111881008951123,0.4166666666666667
year,2024,momentum,ALL,60,6,12,0.0277465936629015,-0.00991367450668055,0.4166666666666667
year,2024,momentum,ALL,60,7,12,0.04126578490053401,0.0036055167309519778,0.5
year,2024,momentum,ALL,60,8,12,0.046215866165395185,0.008555597995813142,0.5
year,2024,momentum,ALL,60,9,12,0.039371279137967126,0.001711010968385076,0.5
year,2024,momentum,ALL,60,10,12,0.05895708995728946,0.02129682178770742,0.5833333333333334
year,2024,momentum,ALL,120,1,12,0.10099764561067727,0.026879871879201784,0.5833333333333334
year,2024,momentum,ALL,120,2,12,0.09062313312584246,0.016505359394366984,0.4166666666666667
year,2024,momentum,ALL,120,3,12,0.08237817659221074,0.00826040286073528,0.5
year,2024,momentum,ALL,120,4,12,0.07386770465639167,-0.0002500690750838062,0.4166666666666667
year,2024,momentum,ALL,120,5,12,0.07964903138486693,0.005531257653391443,0.4166666666666667
year,2024,momentum,ALL,120,6,12,0.05978057803149006,-0.014337195699985428,0.25
year,2024,momentum,ALL,120,7,12,0.06583343314393274,-0.008284340587542736,0.5
year,2024,momentum,ALL,120,8,12,0.06750920657114719,-0.006608567160328284,0.5
year,2024,momentum,ALL,120,9,12,0.07839138900069037,0.004273615269214882,0.5
year,2024,momentum,ALL,120,10,12,0.10468974945759585,0.030571975726120346,0.9166666666666666
year,2025,low_value,core_ai,20,1,10,-0.005730538555627244,-0.015660018914326786,0.4
year,2025,low_value,core_ai,20,2,10,0.022801690427077956,0.012872210068378418,0.6
year,2025,low_value,core_ai,20,3,10,0.015021212657030963,0.005091732298331424,0.6
year,2025,low_value,core_ai,20,4,10,0.011563732130331425,0.0016342517716318838,0.7
year,2025,low_value,core_ai,20,5,10,0.013243519560528397,0.0033140392018288513,0.3
year,2025,low_value,core_ai,20,6,10,0.013380511807285977,0.0034510314485864404,0.6
year,2025,low_value,core_ai,20,7,10,0.0029111693984438377,-0.007018310960255701,0.6
year,2025,low_value,core_ai,20,8,10,0.015488666675820861,0.005559186317121324,0.7
year,2025,low_value,core_ai,20,9,10,0.00649268264998909,-0.0034367977087104524,0.5
year,2025,low_value,core_ai,20,10,10,-0.006128731080476119,-0.016058211439175664,0.5
year,2025,low_value,core_ai,60,1,10,-0.007324420741909823,-0.029066278427302323,0.4
year,2025,low_value,core_ai,60,2,10,0.04528296312986814,0.02354110544447563,0.3
year,2025,low_value,core_ai,60,3,10,0.012321679118738183,-0.009420178566654313,0.5
year,2025,low_value,core_ai,60,4,10,0.006770378442113037,-0.014971479243279465,0.5
year,2025,low_value,core_ai,60,5,10,0.009522181912909058,-0.012219675772483441,0.4
year,2025,low_value,core_ai,60,6,10,0.05225020577392138,0.03050834808852888,0.7
year,2025,low_value,core_ai,60,7,10,0.006146060944007131,-0.01559579674138537,0.6
year,2025,low_value,core_ai,60,8,10,0.030665621693428857,0.008923764008036359,0.5
year,2025,low_value,core_ai,60,9,10,-0.008302144355202571,-0.03004400204059507,0.2
year,2025,low_value,core_ai,60,10,10,-0.045259144106701774,-0.06700100179209427,0.2
year,2025,low_value,core_ai,120,1,10,0.08053061572354092,-0.016751760376893583,0.5
year,2025,low_value,core_ai,120,2,10,0.22484032461033046,0.1275579485098959,0.8
year,2025,low_value,core_ai,120,3,10,0.09323530739135248,-0.004047068709082047,0.5
year,2025,low_value,core_ai,120,4,10,0.06951838658494111,-0.027763989515493425,0.4
year,2025,low_value,core_ai,120,5,10,0.07688193036724349,-0.020400445733191046,0.4
year,2025,low_value,core_ai,120,6,10,0.16216877588347506,0.06488639978304057,0.7
year,2025,low_value,core_ai,120,7,10,0.14640886578288947,0.04912648968245497,0.7
year,2025,low_value,core_ai,120,8,10,0.08586707652382626,-0.011415299576608256,0.5
year,2025,low_value,core_ai,120,9,10,0.0381710975151044,-0.05911127858533012,0.3
year,2025,low_value,core_ai,120,10,10,-0.014931584124966124,-0.11221396022540064,0.5
year,2025,low_value,ai_enabler,20,1,10,-0.004297463851300809,-0.01422694421000035,0.3
year,2025,low_value,ai_enabler,20,2,10,0.0075469046657390595,-0.0023825756929604794,0.5
year,2025,low_value,ai_enabler,20,3,10,-0.0005487019495744747,-0.010478182308274017,0.5
year,2025,low_value,ai_enabler,20,4,10,0.007466224584449249,-0.002463255774250288,0.5
year,2025,low_value,ai_enabler,20,5,10,0.0007078266232486148,-0.009221653735450924,0.4
year,2025,low_value,ai_enabler,20,6,10,0.005534521253728752,-0.004394959104970789,0.7
year,2025,low_value,ai_enabler,20,7,10,0.01285626438921007,0.0029267840305105355,0.6
year,2025,low_value,ai_enabler,20,8,10,0.009672908365983154,-0.0002565719927163857,0.7
year,2025,low_value,ai_enabler,20,9,10,0.01664008395797011,0.0067106035992705705,0.8
year,2025,low_value,ai_enabler,20,10,10,0.0029101244849149893,-0.007019355873784552,0.5
year,2025,low_value,ai_enabler,60,1,10,-0.03140270029742781,-0.05314455798282032,0.2
year,2025,low_value,ai_enabler,60,2,10,0.0024107201840040506,-0.019331137501388446,0.2
year,2025,low_value,ai_enabler,60,3,10,0.01009512099758234,-0.011646736687810164,0.5
year,2025,low_value,ai_enabler,60,4,10,0.0052682113193090446,-0.016473646366083453,0.5
year,2025,low_value,ai_enabler,60,5,10,0.019624479065414053,-0.0021173786199784467,0.5
year,2025,low_value,ai_enabler,60,6,10,0.01503950428603027,-0.006702353399362227,0.5
year,2025,low_value,ai_enabler,60,7,10,0.0028757226651365377,-0.018866135020255963,0.5
year,2025,low_value,ai_enabler,60,8,10,0.04246537808489069,0.020723520399498187,0.7
year,2025,low_value,ai_enabler,60,9,10,0.018442510191209367,-0.0032993474941831365,0.6
year,2025,low_value,ai_enabler,60,10,10,0.004726517491546409,-0.017015340193846085,0.5
year,2025,low_value,ai_enabler,120,1,10,-0.03120471254287042,-0.12848708864330496,0.1
year,2025,low_value,ai_enabler,120,2,10,0.055486153464117005,-0.041796222636317513,0.4
year,2025,low_value,ai_enabler,120,3,10,0.0491825140073269,-0.04809986209310761,0.3
year,2025,low_value,ai_enabler,120,4,10,0.04009724314274364,-0.057185132957690864,0.2
year,2025,low_value,ai_enabler,120,5,10,0.08394934834526566,-0.01333302775516886,0.4
year,2025,low_value,ai_enabler,120,6,10,0.047138829928204985,-0.05014354617222955,0.2
year,2025,low_value,ai_enabler,120,7,10,0.04529238394710912,-0.051989992153325414,0.1
year,2025,low_value,ai_enabler,120,8,10,0.09773719260570492,0.0004548165052703952,0.6
year,2025,low_value,ai_enabler,120,9,10,0.07335532392729013,-0.0239270521731444,0.2
year,2025,low_value,ai_enabler,120,10,10,0.04707075807268628,-0.05021161802774825,0.3
year,2025,low_value,ai_peripheral,20,1,10,0.018388651875933235,0.008459171517233693,0.8
year,2025,low_value,ai_peripheral,20,2,10,0.009390971999513126,-0.0005385083591864139,0.6
year,2025,low_value,ai_peripheral,20,3,10,0.008933110328779744,-0.0009963700299197964,0.5
year,2025,low_value,ai_peripheral,20,4,10,0.01229273179956621,0.0023632514408666663,0.6
year,2025,low_value,ai_peripheral,20,5,10,0.002713237708124438,-0.007216242650575105,0.5
year,2025,low_value,ai_peripheral,20,6,10,0.018084743439957102,0.008155263081257559,0.7
year,2025,low_value,ai_peripheral,20,7,10,0.0217884963968578,0.011859016038158266,0.7
year,2025,low_value,ai_peripheral,20,8,10,0.007220030730205515,-0.002709449628494031,0.6
year,2025,low_value,ai_peripheral,20,9,10,0.022250185506723214,0.01232070514802367,0.7
year,2025,low_value,ai_peripheral,20,10,10,0.012683887393330531,0.002754407034630991,0.5
year,2025,low_value,ai_peripheral,60,1,10,0.06552634046718833,0.04378448278179585,0.7
year,2025,low_value,ai_peripheral,60,2,10,0.035873672910854505,0.014131815225461997,0.6
year,2025,low_value,ai_peripheral,60,3,10,0.03561740747254153,0.013875549787149027,0.4
year,2025,low_value,ai_peripheral,60,4,10,0.024813431508796873,0.003071573823404375,0.5
year,2025,low_value,ai_peripheral,60,5,10,0.030672532910048615,0.008930675224656109,0.4
year,2025,low_value,ai_peripheral,60,6,10,0.03602408858070992,0.01428223089531742,0.5
year,2025,low_value,ai_peripheral,60,7,10,0.059809944397286,0.0380680867118935,0.6
year,2025,low_value,ai_peripheral,60,8,10,0.025506182377990617,0.003764324692598124,0.5
year,2025,low_value,ai_peripheral,60,9,10,0.05407916579910221,0.03233730811370973,0.6
year,2025,low_value,ai_peripheral,60,10,10,0.03159684837721187,0.009854990691819363,0.6
year,2025,low_value,ai_peripheral,120,1,10,0.11575188740141758,0.01846951130098305,0.6
year,2025,low_value,ai_peripheral,120,2,10,0.10580931430982574,0.008526938209391224,0.5
year,2025,low_value,ai_peripheral,120,3,10,0.10308581150567633,0.005803435405241814,0.4
year,2025,low_value,ai_peripheral,120,4,10,0.06367559263143394,-0.033606783469000576,0.4
year,2025,low_value,ai_peripheral,120,5,10,0.06327506405633096,-0.03400731204410355,0.4
year,2025,low_value,ai_peripheral,120,6,10,0.07716145687458409,-0.020120919225850437,0.3
year,2025,low_value,ai_peripheral,120,7,10,0.09342898617396556,-0.0038533899264689723,0.4
year,2025,low_value,ai_peripheral,120,8,10,0.09090583959115628,-0.006376536509278244,0.3
year,2025,low_value,ai_peripheral,120,9,10,0.11447842561838746,0.017196049517952932,0.5
year,2025,low_value,ai_peripheral,120,10,10,0.07739625589325064,-0.019886120207183864,0.6
year,2025,momentum,core_ai,20,1,10,0.007338997478665121,-0.002590482880034415,0.5
year,2025,momentum,core_ai,20,2,10,0.0049786209724236455,-0.004950859386275893,0.4
year,2025,momentum,core_ai,20,3,10,-0.014262355657567422,-0.024191836016266954,0.3
year,2025,momentum,core_ai,20,4,10,0.028245436300680816,0.018315955941981273,0.5
year,2025,momentum,core_ai,20,5,10,0.012343130671276997,0.0024136503125774607,0.5
year,2025,momentum,core_ai,20,6,10,0.01791518428685166,0.00798570392815212,0.5
year,2025,momentum,core_ai,20,7,10,0.028658623379882748,0.018729143021183215,0.6
year,2025,momentum,core_ai,20,8,10,0.033278836027429946,0.023349355668730414,0.6
year,2025,momentum,core_ai,20,9,10,0.01768512199294991,0.007755641634250368,0.6
year,2025,momentum,core_ai,20,10,10,0.03400101997631861,0.024071539617619063,0.9
year,2025,momentum,core_ai,60,1,10,0.02498153549603995,0.0032396778106474717,0.5
year,2025,momentum,core_ai,60,2,10,0.022646349058086872,0.0009044913726943604,0.6
year,2025,momentum,core_ai,60,3,10,-0.014145937711901072,-0.03588779539729357,0.3
year,2025,momentum,core_ai,60,4,10,0.11830421955261539,0.09656236186722288,0.8
year,2025,momentum,core_ai,60,5,10,0.062316532428665396,0.040574674743272914,0.6
year,2025,momentum,core_ai,60,6,10,0.006969298368565821,-0.014772559316826677,0.3
year,2025,momentum,core_ai,60,7,10,0.05827361217716444,0.03653175449177194,0.7
year,2025,momentum,core_ai,60,8,10,0.09018644461057979,0.06844458692518729,0.6
year,2025,momentum,core_ai,60,9,10,0.03123980416619728,0.009497946480804782,0.6
year,2025,momentum,core_ai,60,10,10,0.10832842062891741,0.08658656294352493,0.9
year,2025,momentum,core_ai,120,1,10,0.15269291926502473,0.055410543164590195,0.6
year,2025,momentum,core_ai,120,2,10,0.14052177932867121,0.04323940322823668,0.6
year,2025,momentum,core_ai,120,3,10,0.11886121124941648,0.021578835148981953,0.5
year,2025,momentum,core_ai,120,4,10,0.3396882296712374,0.24240585357080283,0.9
year,2025,momentum,core_ai,120,5,10,0.3040590266082607,0.20677665050782607,0.7
year,2025,momentum,core_ai,120,6,10,0.10253289870779596,0.005250522607361449,0.3
year,2025,momentum,core_ai,120,7,10,0.1932767781973959,0.09599440209696138,0.8
year,2025,momentum,core_ai,120,8,10,0.3363769591672486,0.23909458306681408,0.8
year,2025,momentum,core_ai,120,9,10,0.15231189269091594,0.05502951659048142,0.7
year,2025,momentum,core_ai,120,10,10,0.30695692584202056,0.20967454974158603,0.9
year,2025,momentum,ai_enabler,20,1,10,-0.00828405789699547,-0.018213538255695005,0.3
year,2025,momentum,ai_enabler,20,2,10,-0.0024212936225781762,-0.012350773981277716,0.2
year,2025,momentum,ai_enabler,20,3,10,0.007380683653099139,-0.002548796705600405,0.5
year,2025,momentum,ai_enabler,20,4,10,0.011529247706265136,0.0015997673475655941,0.5
year,2025,momentum,ai_enabler,20,5,10,0.014725996316449375,0.0047965159577498355,0.7
year,2025,momentum,ai_enabler,20,6,10,0.013604506494685578,0.0036750261359860354,0.4
year,2025,momentum,ai_enabler,20,7,10,0.006015290525749433,-0.003914189832950109,0.6
year,2025,momentum,ai_enabler,20,8,10,0.013950424493755775,0.00402094413505624,0.6
year,2025,momentum,ai_enabler,20,9,10,0.02187946259489556,0.011949982236196014,0.7
year,2025,momentum,ai_enabler,20,10,10,0.028367693026011727,0.018438212667312184,0.7
year,2025,momentum,ai_enabler,60,1,10,0.00021053535573873906,-0.02153132232965376,0.3
year,2025,momentum,ai_enabler,60,2,10,0.015628917534830207,-0.006112940150562304,0.3
year,2025,momentum,ai_enabler,60,3,10,0.025298404250572542,0.003556546565180041,0.5
year,2025,momentum,ai_enabler,60,4,10,0.02982434593211734,0.008082488246724827,0.6
year,2025,momentum,ai_enabler,60,5,10,0.03916611477706734,0.01742425709167484,0.7
year,2025,momentum,ai_enabler,60,6,10,0.043256978631214145,0.021515120945821642,0.5
year,2025,momentum,ai_enabler,60,7,10,0.024945232732516358,0.0032033750471238574,0.5
year,2025,momentum,ai_enabler,60,8,10,0.04692134629660179,0.025179488611209288,0.7
year,2025,momentum,ai_enabler,60,9,10,0.05939716717783814,0.037655309492445645,0.5
year,2025,momentum,ai_enabler,60,10,10,0.0731650836855581,0.0514232260001656,0.9
year,2025,momentum,ai_enabler,120,1,10,0.034055086354680734,-0.06322728974575378,0.4
year,2025,momentum,ai_enabler,120,2,10,0.05834357297142319,-0.03893880312901132,0.3
year,2025,momentum,ai_enabler,120,3,10,0.07612714595982485,-0.021155230140609653,0.4
year,2025,momentum,ai_enabler,120,4,10,0.10340205535818034,0.0061196792577458275,0.5
year,2025,momentum,ai_enabler,120,5,10,0.13700761060038819,0.03972523449995365,0.6
year,2025,momentum,ai_enabler,120,6,10,0.16355768931155953,0.06627531321112502,0.6
year,2025,momentum,ai_enabler,120,7,10,0.09536784959837549,-0.0019145265020590301,0.5
year,2025,momentum,ai_enabler,120,8,10,0.16786568008130484,0.07058330398087034,0.8
year,2025,momentum,ai_enabler,120,9,10,0.1778036089917696,0.0805212328913351,0.8
year,2025,momentum,ai_enabler,120,10,10,0.2106669927369315,0.11338461663649699,0.9
year,2025,momentum,ai_peripheral,20,1,10,0.013389645750424317,0.0034601653917247766,0.7
year,2025,momentum,ai_peripheral,20,2,10,0.020528345358814537,0.010598865000114994,0.7
year,2025,momentum,ai_peripheral,20,3,10,0.02175126272314272,0.011821782364443178,0.6
year,2025,momentum,ai_peripheral,20,4,10,0.010287600090792914,0.0003581197320933718,0.7
year,2025,momentum,ai_peripheral,20,5,10,0.009330816409307902,-0.0005986639493916354,0.6
year,2025,momentum,ai_peripheral,20,6,10,0.0035675438790932616,-0.0063619364796062795,0.5
year,2025,momentum,ai_peripheral,20,7,10,0.0007486524308428528,-0.00918082792785669,0.4
year,2025,momentum,ai_peripheral,20,8,10,0.02157577498440204,0.0116462946257025,0.6
year,2025,momentum,ai_peripheral,20,9,10,0.018716507552374667,0.008787027193675126,0.5
year,2025,momentum,ai_peripheral,20,10,10,0.0252926848739378,0.015363204515238257,0.6
year,2025,momentum,ai_peripheral,60,1,10,0.06189051974358495,0.04014866205819244,0.6
year,2025,momentum,ai_peripheral,60,2,10,0.048901630430065166,0.02715977274467265,0.3
year,2025,momentum,ai_peripheral,60,3,10,0.04773891930944037,0.025997061624047878,0.4
year,2025,momentum,ai_peripheral,60,4,10,0.030461091593476836,0.00871923390808434,0.5
year,2025,momentum,ai_peripheral,60,5,10,0.0408341553968634,0.019092297711470904,0.4
year,2025,momentum,ai_peripheral,60,6,10,0.020632015570938533,-0.00110984211445396,0.5
year,2025,momentum,ai_peripheral,60,7,10,0.04008803758358949,0.01834617989819699,0.5
year,2025,momentum,ai_peripheral,60,8,10,0.04816746685411941,0.026425609168726903,0.5
year,2025,momentum,ai_peripheral,60,9,10,0.06329498721244772,0.041553129527055234,0.6
year,2025,momentum,ai_peripheral,60,10,10,0.06993776869476805,0.04819591100937554,0.6
year,2025,momentum,ai_peripheral,120,1,10,0.10803382059631869,0.010751444495884178,0.3
year,2025,momentum,ai_peripheral,120,2,10,0.08955522162791649,-0.007727154472518041,0.5
year,2025,momentum,ai_peripheral,120,3,10,0.12126153603358703,0.023979159933152513,0.5
year,2025,momentum,ai_peripheral,120,4,10,0.05344143003663161,-0.04384094606380291,0.3
year,2025,momentum,ai_peripheral,120,5,10,0.08627468523679165,-0.011007690863642889,0.4
year,2025,momentum,ai_peripheral,120,6,10,0.05326197538446291,-0.044020400715971617,0.4
year,2025,momentum,ai_peripheral,120,7,10,0.11402463717940661,0.016742261078972073,0.4
year,2025,momentum,ai_peripheral,120,8,10,0.11989003841276558,0.022607662312331033,0.6
year,2025,momentum,ai_peripheral,120,9,10,0.17165606607625222,0.07437368997581771,0.8
year,2025,momentum,ai_peripheral,120,10,10,0.17920304450568683,0.08192066840525229,0.9
year,2025,low_value,ALL,20,1,10,0.0027868831563350586,-0.00714259720236448,0.5
year,2025,low_value,ALL,20,2,10,0.013246522364110048,0.003317042005410508,0.6
year,2025,low_value,ALL,20,3,10,0.0078018736787454105,-0.0021276066799541275,0.6
year,2025,low_value,ALL,20,4,10,0.01044089617144896,0.0005114158127494191,0.6
year,2025,low_value,ALL,20,5,10,0.005554861297300484,-0.004374619061399059,0.4
year,2025,low_value,ALL,20,6,10,0.012333258833657278,0.002403778474957736,0.7
year,2025,low_value,ALL,20,7,10,0.012518643394837234,0.0025891630361377007,0.7
year,2025,low_value,ALL,20,8,10,0.010793868590669841,0.000864388231970303,0.6
year,2025,low_value,ALL,20,9,10,0.015127650704894139,0.005198170346194596,0.7
year,2025,low_value,ALL,20,10,10,0.0031550935992564664,-0.006774386759443074,0.4
year,2025,low_value,ALL,60,1,10,0.0089330731426169,-0.012808784542775592,0.4
year,2025,low_value,ALL,60,2,10,0.02785578540824223,0.006113927722849725,0.4
year,2025,low_value,ALL,60,3,10,0.019344735862954016,-0.0023971218224384827,0.4
year,2025,low_value,ALL,60,4,10,0.012284007090072982,-0.009457850595319514,0.6
year,2025,low_value,ALL,60,5,10,0.01993973129612391,-0.0018021263892685935,0.5
year,2025,low_value,ALL,60,6,10,0.03443793288022052,0.012696075194828021,0.6
year,2025,low_value,ALL,60,7,10,0.022943909335476555,0.0012020516500840565,0.6
year,2025,low_value,ALL,60,8,10,0.03287906071877005,0.011137203033377558,0.4
year,2025,low_value,ALL,60,9,10,0.021406510545036346,-0.000335347140356157,0.6
year,2025,low_value,ALL,60,10,10,-0.0029785927459811666,-0.024720450431373664,0.2
year,2025,low_value,ALL,120,1,10,0.05502593019402936,-0.04225644590640517,0.3
year,2025,low_value,ALL,120,2,10,0.12871193079475773,0.031429554694323195,0.8
year,2025,low_value,ALL,120,3,10,0.08183454430145191,-0.015447831798982617,0.5
year,2025,low_value,ALL,120,4,10,0.0577637407863729,-0.03951863531406162,0.2
year,2025,low_value,ALL,120,5,10,0.07470211425628005,-0.022580261844154483,0.4
year,2025,low_value,ALL,120,6,10,0.09548968756208805,-0.00179268853834647,0.4
year,2025,low_value,ALL,120,7,10,0.09504341196798805,-0.002238964132446471,0.7
year,2025,low_value,ALL,120,8,10,0.09150336957356249,-0.005779006526872033,0.4
year,2025,low_value,ALL,120,9,10,0.07533494902026065,-0.02194742708017386,0.4
year,2025,low_value,ALL,120,10,10,0.036511809946990256,-0.06077056615344425,0.5
year,2025,momentum,ALL,20,1,10,0.004148195110697991,-0.005781285248001549,0.3
year,2025,momentum,ALL,20,2,10,0.007695224236220001,-0.00223425612247954,0.4
year,2025,momentum,ALL,20,3,10,0.004956530239558151,-0.004972950119141393,0.4
year,2025,momentum,ALL,20,4,10,0.01668742803257962,0.00675794767388008,0.7
year,2025,momentum,ALL,20,5,10,0.01213331446567809,0.0022038341069785528,0.7
year,2025,momentum,ALL,20,6,10,0.011695744886876832,0.0017662645281772914,0.5
year,2025,momentum,ALL,20,7,10,0.011807522112158346,0.0018780417534588062,0.5
year,2025,momentum,ALL,20,8,10,0.022935011835195925,0.013005531476496385,0.7
year,2025,momentum,ALL,20,9,10,0.01942703071340671,0.00949755035470717,0.7
year,2025,momentum,ALL,20,10,10,0.02922046595875604,0.019290985600056505,0.7
year,2025,momentum,ALL,60,1,10,0.029027530198454554,0.0072856725130620486,0.5
year,2025,momentum,ALL,60,2,10,0.02905896567432741,0.007317107988934901,0.5
year,2025,momentum,ALL,60,3,10,0.019630461949370615,-0.002111395736021882,0.4
year,2025,momentum,ALL,60,4,10,0.05952988569273652,0.037788028007344016,0.8
year,2025,momentum,ALL,60,5,10,0.04743893420086538,0.025697076515472882,0.8
year,2025,momentum,ALL,60,6,10,0.023619430856906164,0.001877573171513667,0.5
year,2025,momentum,ALL,60,7,10,0.041102294164423424,0.019360436479030928,0.6
year,2025,momentum,ALL,60,8,10,0.061758419253766995,0.04001656156837449,0.4
year,2025,momentum,ALL,60,9,10,0.051310652852161055,0.029568795166768552,0.6
year,2025,momentum,ALL,60,10,10,0.08381042433641453,0.06206856665102203,0.9
year,2025,momentum,ALL,120,1,10,0.09826060873867472,0.0009782326382401997,0.5
year,2025,momentum,ALL,120,2,10,0.09614019130933696,-0.001142184791097564,0.5
year,2025,momentum,ALL,120,3,10,0.10541663108094279,0.00813425498050827,0.6
year,2025,momentum,ALL,120,4,10,0.1655105716886831,0.06822819558824858,0.7
year,2025,momentum,ALL,120,5,10,0.17578044081514682,0.0784980647147123,0.6
year,2025,momentum,ALL,120,6,10,0.10645085446793945,0.009168478367504947,0.5
year,2025,momentum,ALL,120,7,10,0.13422308832505933,0.036940712224624805,0.6
year,2025,momentum,ALL,120,8,10,0.20804422588710633,0.1107618497866718,0.8
year,2025,momentum,ALL,120,9,10,0.16725718925297928,0.06997481315254475,0.9
year,2025,momentum,ALL,120,10,10,0.2322756543615463,0.1349932782611118,1.0
year,2026,low_value,core_ai,20,1,7,0.00744520716543441,0.010647539820260319,0.5714285714285714
year,2026,low_value,core_ai,20,2,7,-0.016669980591388637,-0.013467647936562733,0.42857142857142855
year,2026,low_value,core_ai,20,3,7,-0.018703531919004195,-0.015501199264178289,0.2857142857142857
year,2026,low_value,core_ai,20,4,7,-0.01477092225919904,-0.011568589604373125,0.5714285714285714
year,2026,low_value,core_ai,20,5,7,-0.0030704552978609995,0.00013187735696492436,0.42857142857142855
year,2026,low_value,core_ai,20,6,7,0.01303233795239529,0.016234670607221217,0.42857142857142855
year,2026,low_value,core_ai,20,7,7,-0.01600397502930186,-0.012801642374475937,0.42857142857142855
year,2026,low_value,core_ai,20,8,7,-0.0011074517445631565,0.0020948809102627583,0.42857142857142855
year,2026,low_value,core_ai,20,9,7,0.005403031261307653,0.008605363916133566,0.42857142857142855
year,2026,low_value,core_ai,20,10,7,0.00027164675553468875,0.0034739794103605987,0.42857142857142855
year,2026,low_value,core_ai,60,1,5,0.20386868826658402,0.1525665230542828,1.0
year,2026,low_value,core_ai,60,2,5,0.09688119363715561,0.04557902842485448,0.6
year,2026,low_value,core_ai,60,3,5,0.06520969027075238,0.013907525058451237,0.6
year,2026,low_value,core_ai,60,4,5,0.11303067722228866,0.0617285120099875,0.8
year,2026,low_value,core_ai,60,5,5,0.04174437804533411,-0.009557787166967067,0.4
year,2026,low_value,core_ai,60,6,5,0.029677860210116435,-0.021624305002184728,0.4
year,2026,low_value,core_ai,60,7,5,0.11183149392565335,0.060529328713352204,0.6
year,2026,low_value,core_ai,60,8,5,0.08766233167346275,0.036360166461161615,0.6
year,2026,low_value,core_ai,60,9,5,0.07694771591050537,0.0256455506982042,0.4
year,2026,low_value,core_ai,60,10,5,0.0783292299540378,0.02702706474173665,0.6
year,2026,low_value,core_ai,120,1,2,0.6024024292096269,0.45882505631874126,1.0
year,2026,low_value,core_ai,120,2,2,0.2251989599583263,0.08162158706744062,0.5
year,2026,low_value,core_ai,120,3,2,0.01733340932670023,-0.12624396356418544,0.0
year,2026,low_value,core_ai,120,4,2,0.35227146823615646,0.2086940953452709,0.5
year,2026,low_value,core_ai,120,5,2,0.2055145335917536,0.061937160700867966,0.5
year,2026,low_value,core_ai,120,6,2,0.04672042916365812,-0.09685694372722753,0.0
year,2026,low_value,core_ai,120,7,2,0.09666470348440016,-0.04691266940648549,0.5
year,2026,low_value,core_ai,120,8,2,0.14793944559954741,0.004362072708661777,0.5
year,2026,low_value,core_ai,120,9,2,0.03231580010098725,-0.11126157278989841,0.0
year,2026,low_value,core_ai,120,10,2,0.020379173723773472,-0.12319819916711218,0.5
year,2026,low_value,ai_enabler,20,1,7,-0.00021646544495694382,0.0029858672098689726,0.42857142857142855
year,2026,low_value,ai_enabler,20,2,7,-0.012299347542465535,-0.009097014887639619,0.14285714285714285
year,2026,low_value,ai_enabler,20,3,7,-0.011252756260324306,-0.008050423605498389,0.2857142857142857
year,2026,low_value,ai_enabler,20,4,7,0.0025912395070907613,0.005793572161916679,0.5714285714285714
year,2026,low_value,ai_enabler,20,5,7,-0.019096026734705195,-0.015893694079879277,0.7142857142857143
year,2026,low_value,ai_enabler,20,6,7,-0.026816122643470573,-0.023613789988644662,0.42857142857142855
year,2026,low_value,ai_enabler,20,7,7,-0.007192120152579013,-0.003989787497753099,0.42857142857142855
year,2026,low_value,ai_enabler,20,8,7,0.004012254725880148,0.007214587380706057,0.7142857142857143
year,2026,low_value,ai_enabler,20,9,7,-0.005115491786836714,-0.0019131591320108007,0.5714285714285714
year,2026,low_value,ai_enabler,20,10,7,0.002568903915281725,0.005771236570107636,0.5714285714285714
year,2026,low_value,ai_enabler,60,1,5,0.09701130363030823,0.04570913841800705,0.8
year,2026,low_value,ai_enabler,60,2,5,0.025093210997493492,-0.026208954214807668,0.4
year,2026,low_value,ai_enabler,60,3,5,0.03835992427852585,-0.012942240933775306,0.4
year,2026,low_value,ai_enabler,60,4,5,0.0520353142744346,0.0007331490621334298,0.6
year,2026,low_value,ai_enabler,60,5,5,0.007989608636920451,-0.04331255657538071,0.4
year,2026,low_value,ai_enabler,60,6,5,0.00677970568300996,-0.04452245952929121,0.4
year,2026,low_value,ai_enabler,60,7,5,0.045388233054694666,-0.0059139321576064975,0.4
year,2026,low_value,ai_enabler,60,8,5,0.06456194837900035,0.013259783166699197,0.6
year,2026,low_value,ai_enabler,60,9,5,0.027566385593741426,-0.023735779618559737,0.4
year,2026,low_value,ai_enabler,60,10,5,0.04460516974080927,-0.0066969954714918775,0.6
year,2026,low_value,ai_enabler,120,1,2,0.30174015520603287,0.15816278231514724,1.0
year,2026,low_value,ai_enabler,120,2,2,0.06502270721897259,-0.07855466567191308,0.0
year,2026,low_value,ai_enabler,120,3,2,0.1144365702690913,-0.029140802621794342,0.5
year,2026,low_value,ai_enabler,120,4,2,0.13573087856069482,-0.007846494330190842,0.5
year,2026,low_value,ai_enabler,120,5,2,0.0850851297968267,-0.05849224309405897,0.0
year,2026,low_value,ai_enabler,120,6,2,0.09072194566120503,-0.05285542722968062,0.0
year,2026,low_value,ai_enabler,120,7,2,0.11031141794739602,-0.03326595494348963,0.0
year,2026,low_value,ai_enabler,120,8,2,0.18542180383834056,0.04184443094745491,1.0
year,2026,low_value,ai_enabler,120,9,2,0.07336659576298686,-0.07021077712789878,0.0
year,2026,low_value,ai_enabler,120,10,2,0.03993668365500097,-0.10364068923588468,0.0
year,2026,low_value,ai_peripheral,20,1,7,-0.022141785435884936,-0.01893945278105902,0.5714285714285714
year,2026,low_value,ai_peripheral,20,2,7,-0.021378193162403913,-0.018175860507578006,0.42857142857142855
year,2026,low_value,ai_peripheral,20,3,7,-0.005156695792303941,-0.0019543631374780235,0.42857142857142855
year,2026,low_value,ai_peripheral,20,4,7,-0.014247504343810577,-0.011045171688984666,0.42857142857142855
year,2026,low_value,ai_peripheral,20,5,7,-0.019974245845421096,-0.01677191319059517,0.42857142857142855
year,2026,low_value,ai_peripheral,20,6,7,0.003372297898715398,0.0065746305535413175,0.5714285714285714
year,2026,low_value,ai_peripheral,20,7,7,-0.00636878620079932,-0.003166453545973407,0.5714285714285714
year,2026,low_value,ai_peripheral,20,8,7,0.00636839093916653,0.009570723593992444,0.5714285714285714
year,2026,low_value,ai_peripheral,20,9,7,-0.015322400157547319,-0.012120067502721404,0.42857142857142855
year,2026,low_value,ai_peripheral,20,10,7,0.0008430280656876157,0.004045360720513526,0.42857142857142855
year,2026,low_value,ai_peripheral,60,1,5,-0.021183426141039158,-0.07248559135334032,0.2
year,2026,low_value,ai_peripheral,60,2,5,-0.008959074351467727,-0.06026123956376889,0.4
year,2026,low_value,ai_peripheral,60,3,5,-0.004088578139939068,-0.055390743352240215,0.6
year,2026,low_value,ai_peripheral,60,4,5,-0.024544558409237645,-0.0758467236215388,0.4
year,2026,low_value,ai_peripheral,60,5,5,0.03001934218347897,-0.02128282302882219,0.6
year,2026,low_value,ai_peripheral,60,6,5,0.00577078469436994,-0.04553138051793124,0.6
year,2026,low_value,ai_peripheral,60,7,5,-0.0009728298756905715,-0.05227499508799173,0.2
year,2026,low_value,ai_peripheral,60,8,5,0.017900971832722514,-0.03340119337957865,0.4
year,2026,low_value,ai_peripheral,60,9,5,-0.007279421044572204,-0.05858158625687339,0.4
year,2026,low_value,ai_peripheral,60,10,5,0.018545564035106408,-0.03275660117719476,0.4
year,2026,low_value,ai_peripheral,120,1,2,-0.013370720830096924,-0.15694809372098256,0.0
year,2026,low_value,ai_peripheral,120,2,2,0.04944803451597853,-0.09412933837490713,0.0
year,2026,low_value,ai_peripheral,120,3,2,0.05404764774177875,-0.0895297251491069,0.5
year,2026,low_value,ai_peripheral,120,4,2,-0.01615329713744095,-0.1597306700283266,0.0
year,2026,low_value,ai_peripheral,120,5,2,0.09337013696077863,-0.05020723593010701,0.0
year,2026,low_value,ai_peripheral,120,6,2,0.0714606482293723,-0.07211672466151335,0.5
year,2026,low_value,ai_peripheral,120,7,2,0.09627618501408922,-0.047301187876796436,0.5
year,2026,low_value,ai_peripheral,120,8,2,0.08800907955036591,-0.055568293340519756,0.0
year,2026,low_value,ai_peripheral,120,9,2,0.01365867291461131,-0.12991869997627437,0.0
year,2026,low_value,ai_peripheral,120,10,2,0.03607889472700365,-0.10749847816388203,0.0
year,2026,momentum,core_ai,20,1,7,-0.03453843908455787,-0.03133610642973194,0.14285714285714285
year,2026,momentum,core_ai,20,2,7,0.03951455055618952,0.04271688321101542,0.42857142857142855
year,2026,momentum,core_ai,20,3,7,-0.008416789421745513,-0.0052144567669196035,0.42857142857142855
year,2026,momentum,core_ai,20,4,7,-0.015300185883724653,-0.012097853228898737,0.42857142857142855
year,2026,momentum,core_ai,20,5,7,0.011023233620284425,0.014225566275110336,0.5714285714285714
year,2026,momentum,core_ai,20,6,7,-0.008907125628406249,-0.0057047929735803355,0.5714285714285714
year,2026,momentum,core_ai,20,7,7,0.0249333625980871,0.028135695252912995,0.7142857142857143
year,2026,momentum,core_ai,20,8,7,0.01526919674124703,0.018471529396072942,0.7142857142857143
year,2026,momentum,core_ai,20,9,7,-0.009339754305368302,-0.006137421650542385,0.42857142857142855
year,2026,momentum,core_ai,20,10,7,0.0010071084108023594,0.004209441065628259,0.5714285714285714
year,2026,momentum,core_ai,60,1,5,0.09347634464656665,0.04217417943426547,0.6
year,2026,momentum,core_ai,60,2,5,0.04540002336833009,-0.0059021418439710845,0.4
year,2026,momentum,core_ai,60,3,5,0.1354528468659305,0.08415068165362935,0.8
year,2026,momentum,core_ai,60,4,5,0.06424169809396449,0.01293953288166333,0.6
year,2026,momentum,core_ai,60,5,5,0.04508515781424883,-0.006217007398052336,0.6
year,2026,momentum,core_ai,60,6,5,0.11493996085219915,0.06363779563989799,0.6
year,2026,momentum,core_ai,60,7,5,0.09990134949974133,0.04859918428744017,1.0
year,2026,momentum,core_ai,60,8,5,0.09252712751342412,0.04122496230112297,0.6
year,2026,momentum,core_ai,60,9,5,0.045858645244151515,-0.005443519968149641,0.2
year,2026,momentum,core_ai,60,10,5,0.07010023351202474,0.018798068299723577,0.6
year,2026,momentum,core_ai,120,1,2,0.1779377973042081,0.034360424413322474,0.5
year,2026,momentum,core_ai,120,2,2,0.1676449854485041,0.02406761255761842,1.0
year,2026,momentum,core_ai,120,3,2,0.25432805157811517,0.11075067868722951,1.0
year,2026,momentum,core_ai,120,4,2,0.20156455082193814,0.0579871779310525,1.0
year,2026,momentum,core_ai,120,5,2,0.13946232525357855,-0.004115047637307122,0.5
year,2026,momentum,core_ai,120,6,2,0.2637337292401351,0.12015635634924947,0.5
year,2026,momentum,core_ai,120,7,2,0.29662478039416107,0.15304740750327536,1.0
year,2026,momentum,core_ai,120,8,2,0.17659872104773555,0.03302134815684991,0.5
year,2026,momentum,core_ai,120,9,2,0.16840089667007208,0.024823523779186403,0.5
year,2026,momentum,core_ai,120,10,2,0.29678119689976534,0.1532038240088796,1.0
year,2026,momentum,ai_enabler,20,1,7,-0.024675184010364306,-0.021472851355538388,0.2857142857142857
year,2026,momentum,ai_enabler,20,2,7,-0.006714166256329181,-0.003511833601503266,0.42857142857142855
year,2026,momentum,ai_enabler,20,3,7,-0.009257046317389475,-0.0060547136625635585,0.2857142857142857
year,2026,momentum,ai_enabler,20,4,7,-0.00020177507560365754,0.0030005575792222566,0.8571428571428571
year,2026,momentum,ai_enabler,20,5,7,-0.01690105247461167,-0.013698719819785751,0.42857142857142855
year,2026,momentum,ai_enabler,20,6,7,-0.008932211215041036,-0.00572987856021512,0.42857142857142855
year,2026,momentum,ai_enabler,20,7,7,-0.0021408053639350244,0.0010615272908908932,0.5714285714285714
year,2026,momentum,ai_enabler,20,8,7,0.005811377493307167,0.009013710148133078,0.8571428571428571
year,2026,momentum,ai_enabler,20,9,7,0.0017117895292879121,0.004914122184113821,0.5714285714285714
year,2026,momentum,ai_enabler,20,10,7,-0.005101194062914105,-0.001898861408088186,0.2857142857142857
year,2026,momentum,ai_enabler,60,1,5,0.028593701746523082,-0.02270846346577808,0.6
year,2026,momentum,ai_enabler,60,2,5,0.022273462031717286,-0.029028703180583877,0.0
year,2026,momentum,ai_enabler,60,3,5,0.0471359910123432,-0.004166174199957976,0.4
year,2026,momentum,ai_enabler,60,4,5,0.05516312155523473,0.003860956342933565,0.6
year,2026,momentum,ai_enabler,60,5,5,0.03758408836229628,-0.01371807685000489,0.4
year,2026,momentum,ai_enabler,60,6,5,0.050995804824391144,-0.00030636038791000966,0.6
year,2026,momentum,ai_enabler,60,7,5,0.04732185145591285,-0.003980313756388298,0.4
year,2026,momentum,ai_enabler,60,8,5,0.01459450177821538,-0.03670766343408579,0.6
year,2026,momentum,ai_enabler,60,9,5,0.01304361678258662,-0.03825854842971453,0.4
year,2026,momentum,ai_enabler,60,10,5,0.018574417864890197,-0.03272774734741097,0.4
year,2026,momentum,ai_enabler,120,1,2,0.059499152222226265,-0.08407822066865939,0.5
year,2026,momentum,ai_enabler,120,2,2,0.11216534016434287,-0.03141203272654276,0.0
year,2026,momentum,ai_enabler,120,3,2,0.17300241373476924,0.02942504084388358,0.5
year,2026,momentum,ai_enabler,120,4,2,0.11486706410591603,-0.028710308784969635,0.0
year,2026,momentum,ai_enabler,120,5,2,0.16948785417410628,0.025910481283220613,0.5
year,2026,momentum,ai_enabler,120,6,2,0.14377158314724525,0.0001942102563596091,0.5
year,2026,momentum,ai_enabler,120,7,2,0.14255649608982363,-0.0010208768010619984,0.5
year,2026,momentum,ai_enabler,120,8,2,0.08020028480397827,-0.06337708808690738,0.0
year,2026,momentum,ai_enabler,120,9,2,0.0764423928388078,-0.06713498005207787,0.5
year,2026,momentum,ai_enabler,120,10,2,0.15093672534255453,0.007359352451668889,0.5
year,2026,momentum,ai_peripheral,20,1,7,-0.01043895969733648,-0.007236627042510568,0.5714285714285714
year,2026,momentum,ai_peripheral,20,2,7,-0.0032228694356509512,-2.05367808250411e-05,0.42857142857142855
year,2026,momentum,ai_peripheral,20,3,7,-0.02475622178194676,-0.02155388912712085,0.42857142857142855
year,2026,momentum,ai_peripheral,20,4,7,-0.018644343794129152,-0.015442011139303238,0.5714285714285714
year,2026,momentum,ai_peripheral,20,5,7,-0.00044589511004497685,0.0027564375447809313,0.5714285714285714
year,2026,momentum,ai_peripheral,20,6,7,-0.021357509455310834,-0.018155176800484916,0.42857142857142855
year,2026,momentum,ai_peripheral,20,7,7,-0.022272435797932567,-0.01907010314310665,0.42857142857142855
year,2026,momentum,ai_peripheral,20,8,7,-0.0033517811914543375,-0.00014944853662842466,0.5714285714285714
year,2026,momentum,ai_peripheral,20,9,7,-0.005853205191248702,-0.002650872536422786,0.5714285714285714
year,2026,momentum,ai_peripheral,20,10,7,-0.007402762732290126,-0.004200430077464207,0.42857142857142855
year,2026,momentum,ai_peripheral,60,1,5,-0.011787674919727084,-0.06308984013202824,0.6
year,2026,momentum,ai_peripheral,60,2,5,0.0009030324359202785,-0.050399132776380876,0.4
year,2026,momentum,ai_peripheral,60,3,5,0.014719230671966487,-0.03658293454033468,0.4
year,2026,momentum,ai_peripheral,60,4,5,0.017218112038058862,-0.034084053174242304,0.6
year,2026,momentum,ai_peripheral,60,5,5,-0.005851460572014999,-0.05715362578431617,0.4
year,2026,momentum,ai_peripheral,60,6,5,0.0028915552613721753,-0.04841060995092898,0.6
year,2026,momentum,ai_peripheral,60,7,5,-0.017932083615303147,-0.06923424882760432,0.4
year,2026,momentum,ai_peripheral,60,8,5,-0.0063835611368295575,-0.05768572634913072,0.6
year,2026,momentum,ai_peripheral,60,9,5,-0.024725799126392122,-0.07602796433869329,0.2
year,2026,momentum,ai_peripheral,60,10,5,0.012318019094614486,-0.03898414611768667,0.4
year,2026,momentum,ai_peripheral,120,1,2,-0.010823792319387007,-0.15440116521027264,0.0
year,2026,momentum,ai_peripheral,120,2,2,0.009341837195980834,-0.13423553569490482,0.0
year,2026,momentum,ai_peripheral,120,3,2,0.019710894337703698,-0.12386647855318196,0.0
year,2026,momentum,ai_peripheral,120,4,2,0.11147065137749418,-0.03210672151339148,0.5
year,2026,momentum,ai_peripheral,120,5,2,0.08047458243545613,-0.0631027904554295,0.5
year,2026,momentum,ai_peripheral,120,6,2,0.0781863498902452,-0.06539102300064045,0.0
year,2026,momentum,ai_peripheral,120,7,2,-0.008543492083719621,-0.15212086497460525,0.0
year,2026,momentum,ai_peripheral,120,8,2,0.025325278277855048,-0.1182520946130306,0.0
year,2026,momentum,ai_peripheral,120,9,2,0.06803824761738954,-0.07553912527349611,0.5
year,2026,momentum,ai_peripheral,120,10,2,0.07356496074139326,-0.07001241214949239,0.0
year,2026,low_value,ALL,20,1,7,-0.004971014571802488,-0.001768681916976578,0.42857142857142855
year,2026,low_value,ALL,20,2,7,-0.016782507098752696,-0.013580174443926785,0.42857142857142855
year,2026,low_value,ALL,20,3,7,-0.011704327990544149,-0.008501995335718235,0.2857142857142857
year,2026,low_value,ALL,20,4,7,-0.008809062365306286,-0.005606729710480369,0.42857142857142855
year,2026,low_value,ALL,20,5,7,-0.014046909292662427,-0.01084457663783651,0.5714285714285714
year,2026,low_value,ALL,20,6,7,-0.0034704955974532922,-0.00026816294262737336,0.5714285714285714
year,2026,low_value,ALL,20,7,7,-0.009854960460893394,-0.006652627806067479,0.42857142857142855
year,2026,low_value,ALL,20,8,7,0.003091064640161174,0.0062933972949870826,0.5714285714285714
year,2026,low_value,ALL,20,9,7,-0.005011620227692125,-0.0018092875728662136,0.5714285714285714
year,2026,low_value,ALL,20,10,7,0.0012278595788346764,0.004430192233660589,0.42857142857142855
year,2026,low_value,ALL,60,1,5,0.09323218858528434,0.0419300233729832,0.8
year,2026,low_value,ALL,60,2,5,0.03767177676106046,-0.0136303884512407,0.6
year,2026,low_value,ALL,60,3,5,0.03316034546977973,-0.018141819742521426,0.6
year,2026,low_value,ALL,60,4,5,0.04684047769582854,-0.004461687516472625,0.4
year,2026,low_value,ALL,60,5,5,0.02658444295524451,-0.024717722257056658,0.6
year,2026,low_value,ALL,60,6,5,0.014076116862498777,-0.037226048349802386,0.4
year,2026,low_value,ALL,60,7,5,0.052082299034885815,0.0007801338225846569,0.6
year,2026,low_value,ALL,60,8,5,0.05670841729506189,0.0054062520827607196,0.6
year,2026,low_value,ALL,60,9,5,0.03241156015322486,-0.018890605059076304,0.4
year,2026,low_value,ALL,60,10,5,0.04715998790998449,-0.004142177302316657,0.6
year,2026,low_value,ALL,120,1,2,0.29692395452852094,0.15334658163763532,1.0
year,2026,low_value,ALL,120,2,2,0.11322323389775914,-0.030354138993126525,0.5
year,2026,low_value,ALL,120,3,2,0.06193920911252343,-0.08163816377836222,0.0
year,2026,low_value,ALL,120,4,2,0.15728301655313678,0.013705643662251146,0.5
year,2026,low_value,ALL,120,5,2,0.12798993344978632,-0.015587439441099336,0.5
year,2026,low_value,ALL,120,6,2,0.06963434101807849,-0.07394303187280717,0.0
year,2026,low_value,ALL,120,7,2,0.10108410214862847,-0.042493270742257186,0.0
year,2026,low_value,ALL,120,8,2,0.14045677632941797,-0.003120596561467688,0.5
year,2026,low_value,ALL,120,9,2,0.03978035625952848,-0.10379701663135718,0.0
year,2026,low_value,ALL,120,10,2,0.03213158403525937,-0.11144578885562631,0.0
year,2026,momentum,ALL,20,1,7,-0.023217527597419546,-0.02001519494259363,0.2857142857142857
year,2026,momentum,ALL,20,2,7,0.009859171621403127,0.013061504276229038,0.5714285714285714
year,2026,momentum,ALL,20,3,7,-0.014143352507027248,-0.010941019852201337,0.2857142857142857
year,2026,momentum,ALL,20,4,7,-0.011382101584485821,-0.008179768929659909,0.5714285714285714
year,2026,momentum,ALL,20,5,7,-0.002107904654790741,0.0010944280000351708,0.7142857142857143
year,2026,momentum,ALL,20,6,7,-0.013065615432919371,-0.009863282778093455,0.5714285714285714
year,2026,momentum,ALL,20,7,7,0.0001733738120731691,0.003375706466899081,0.7142857142857143
year,2026,momentum,ALL,20,8,7,0.005909597681033288,0.009111930335859195,0.5714285714285714
year,2026,momentum,ALL,20,9,7,-0.0044937233224430296,-0.0012913906676171167,0.5714285714285714
year,2026,momentum,ALL,20,10,7,-0.0038322827948006274,-0.0006299501399747105,0.2857142857142857
year,2026,momentum,ALL,60,1,5,0.03676079049112088,-0.014541374721180283,0.6
year,2026,momentum,ALL,60,2,5,0.022858839278655885,-0.028443325933645274,0.4
year,2026,momentum,ALL,60,3,5,0.0657693561834134,0.014467190971112232,0.8
year,2026,momentum,ALL,60,4,5,0.045540977229086024,-0.005761187983215138,0.4
year,2026,momentum,ALL,60,5,5,0.02560592853484337,-0.025696236677457795,0.6
year,2026,momentum,ALL,60,6,5,0.05627577364598748,0.004973608433686332,0.6
year,2026,momentum,ALL,60,7,5,0.04309703911345034,-0.008205126098850815,0.6
year,2026,momentum,ALL,60,8,5,0.033579356051603323,-0.017722809160697846,0.6
year,2026,momentum,ALL,60,9,5,0.01139215430011534,-0.03991001091218583,0.2
year,2026,momentum,ALL,60,10,5,0.03366422349050981,-0.017637941721791353,0.4
year,2026,momentum,ALL,120,1,2,0.07553771906901578,-0.06803965382186986,0.5
year,2026,momentum,ALL,120,2,2,0.09638405426960925,-0.04719331862127639,0.0
year,2026,momentum,ALL,120,3,2,0.14901378655019604,0.005436413659310385,0.5
year,2026,momentum,ALL,120,4,2,0.14263408876844946,-0.0009432841224362026,0.5
year,2026,momentum,ALL,120,5,2,0.1298082539543803,-0.013769118936505342,0.5
year,2026,momentum,ALL,120,6,2,0.1618972207592085,0.018319847868322876,1.0
year,2026,momentum,ALL,120,7,2,0.1435459281334217,-3.144475746396074e-05,0.5
year,2026,momentum,ALL,120,8,2,0.09404142804318963,-0.04953594484769603,0.0
year,2026,momentum,ALL,120,9,2,0.10429384570875647,-0.03928352718212919,0.5
year,2026,momentum,ALL,120,10,2,0.17376096099457106,0.030183588103685374,0.5
regime,down,low_value,core_ai,20,1,8,-0.027519161742923338,-0.030693866241746852,0.375
regime,down,low_value,core_ai,20,2,8,-0.034108895277314775,-0.03728359977613829,0.125
regime,down,low_value,core_ai,20,3,8,-0.0040711522349247894,-0.007245856733748304,0.375
regime,down,low_value,core_ai,20,4,8,-0.01756076795805424,-0.020735472456877752,0.375
regime,down,low_value,core_ai,20,5,8,-0.05033256559096063,-0.05350727008978414,0.25
regime,down,low_value,core_ai,20,6,8,-0.010889131551207479,-0.014063836050030996,0.25
regime,down,low_value,core_ai,20,7,8,-0.011020686295579922,-0.014195390794403438,0.375
regime,down,low_value,core_ai,20,8,8,-0.0004503387506779692,-0.003625043249501477,0.625
regime,down,low_value,core_ai,20,9,8,-0.019556686226630655,-0.022731390725454166,0.25
regime,down,low_value,core_ai,20,10,8,-0.03266469935041729,-0.03583940384924081,0.25
regime,down,low_value,core_ai,60,1,7,0.2253717466553779,0.10744971376206809,0.7142857142857143
regime,down,low_value,core_ai,60,2,7,0.09647464632067797,-0.021447386572631805,0.2857142857142857
regime,down,low_value,core_ai,60,3,7,0.10712745857997383,-0.010794574313335973,0.5714285714285714
regime,down,low_value,core_ai,60,4,7,0.13370227008561647,0.015780237192306677,0.5714285714285714
regime,down,low_value,core_ai,60,5,7,0.12067620556604745,0.0027541726727376703,0.5714285714285714
regime,down,low_value,core_ai,60,6,7,0.14118708223187965,0.023265049338569852,0.42857142857142855
regime,down,low_value,core_ai,60,7,7,0.13114156920943956,0.01321953631612975,0.7142857142857143
regime,down,low_value,core_ai,60,8,7,0.09786744658701492,-0.02005458630629488,0.5714285714285714
regime,down,low_value,core_ai,60,9,7,0.0822535364627223,-0.0356684964305875,0.2857142857142857
regime,down,low_value,core_ai,60,10,7,0.06942099592665389,-0.0485010369666559,0.14285714285714285
regime,down,low_value,core_ai,120,1,7,0.27776794216443995,0.13280873429784945,0.5714285714285714
regime,down,low_value,core_ai,120,2,7,0.18046172540735508,0.03550251754076459,0.42857142857142855
regime,down,low_value,core_ai,120,3,7,0.2529254503755779,0.10796624250898744,0.7142857142857143
regime,down,low_value,core_ai,120,4,7,0.1685516924590152,0.023592484592424752,0.42857142857142855
regime,down,low_value,core_ai,120,5,7,0.13724897167902,-0.007710236187570473,0.42857142857142855
regime,down,low_value,core_ai,120,6,7,0.16985390413186105,0.024894696265270577,0.42857142857142855
regime,down,low_value,core_ai,120,7,7,0.18316733596109586,0.03820812809450539,0.7142857142857143
regime,down,low_value,core_ai,120,8,7,0.15874926680603396,0.013790058939443498,0.5714285714285714
regime,down,low_value,core_ai,120,9,7,0.12461481817764197,-0.020344389688948472,0.42857142857142855
regime,down,low_value,core_ai,120,10,7,0.1157210785478013,-0.029238129318789174,0.42857142857142855
regime,down,low_value,ai_enabler,20,1,8,-0.015974326110173447,-0.019149030608996958,0.125
regime,down,low_value,ai_enabler,20,2,8,-0.011593378812120744,-0.014768083310944254,0.375
regime,down,low_value,ai_enabler,20,3,8,-0.030456975504257147,-0.033631680003080665,0.125
regime,down,low_value,ai_enabler,20,4,8,-0.02195265550651648,-0.025127360005339987,0.375
regime,down,low_value,ai_enabler,20,5,8,-0.03232465381312116,-0.03549935831194467,0.375
regime,down,low_value,ai_enabler,20,6,8,-0.04013037516936249,-0.043305079668186,0.375
regime,down,low_value,ai_enabler,20,7,8,-0.011023595455931994,-0.014198299954755512,0.5
regime,down,low_value,ai_enabler,20,8,8,-0.0185312848140777,-0.021705989312901207,0.375
regime,down,low_value,ai_enabler,20,9,8,-0.008269096130719977,-0.011443800629543484,0.375
regime,down,low_value,ai_enabler,20,10,8,-0.012589439116903717,-0.015764143615727227,0.375
regime,down,low_value,ai_enabler,60,1,7,0.12139069594749317,0.003468663054183347,0.42857142857142855
regime,down,low_value,ai_enabler,60,2,7,0.07118028754776659,-0.046741745345543206,0.0
regime,down,low_value,ai_enabler,60,3,7,0.07239649986333484,-0.045525533029974974,0.14285714285714285
regime,down,low_value,ai_enabler,60,4,7,0.08158229901843353,-0.03633973387487626,0.2857142857142857
regime,down,low_value,ai_enabler,60,5,7,0.058450226344165246,-0.05947180654914457,0.2857142857142857
regime,down,low_value,ai_enabler,60,6,7,0.052285300053050855,-0.06563673284025895,0.14285714285714285
regime,down,low_value,ai_enabler,60,7,7,0.07160495639677977,-0.04631707649653003,0.2857142857142857
regime,down,low_value,ai_enabler,60,8,7,0.08562494833882776,-0.03229708455448201,0.14285714285714285
regime,down,low_value,ai_enabler,60,9,7,0.05819608705794201,-0.059725945835367784,0.14285714285714285
regime,down,low_value,ai_enabler,60,10,7,0.07764367198688356,-0.04027836090642624,0.2857142857142857
regime,down,low_value,ai_enabler,120,1,7,0.15532959135352584,0.010370383486935388,0.42857142857142855
regime,down,low_value,ai_enabler,120,2,7,0.10859783756612613,-0.03636137030046436,0.2857142857142857
regime,down,low_value,ai_enabler,120,3,7,0.1100103443820172,-0.03494886348457325,0.14285714285714285
regime,down,low_value,ai_enabler,120,4,7,0.13356696068129578,-0.011392247185294696,0.42857142857142855
regime,down,low_value,ai_enabler,120,5,7,0.08508547111999813,-0.05987373674659232,0.0
regime,down,low_value,ai_enabler,120,6,7,0.07601276018246246,-0.06894644768412803,0.0
regime,down,low_value,ai_enabler,120,7,7,0.13611430876305272,-0.00884489910353776,0.42857142857142855
regime,down,low_value,ai_enabler,120,8,7,0.16586413515416137,0.020904927287570905,0.7142857142857143
regime,down,low_value,ai_enabler,120,9,7,0.10705755962553876,-0.0379016482410517,0.2857142857142857
regime,down,low_value,ai_enabler,120,10,7,0.12418925337122096,-0.020769954495369534,0.42857142857142855
regime,down,low_value,ai_peripheral,20,1,8,-0.022589403096465926,-0.025764107595289437,0.5
regime,down,low_value,ai_peripheral,20,2,8,-0.020595293904689112,-0.023769998403512623,0.375
regime,down,low_value,ai_peripheral,20,3,8,-0.01522444636727521,-0.018399150866098717,0.5
regime,down,low_value,ai_peripheral,20,4,8,-0.020544143965824678,-0.023718848464648196,0.25
regime,down,low_value,ai_peripheral,20,5,8,-0.03564864616760822,-0.03882335066643172,0.25
regime,down,low_value,ai_peripheral,20,6,8,-0.011565893779568764,-0.014740598278392273,0.5
regime,down,low_value,ai_peripheral,20,7,8,-0.013189945271688349,-0.016364649770511865,0.375
regime,down,low_value,ai_peripheral,20,8,8,-0.011734860695330798,-0.014909565194154309,0.375
regime,down,low_value,ai_peripheral,20,9,8,-0.013491092752439813,-0.016665797251263326,0.5
regime,down,low_value,ai_peripheral,20,10,8,-0.010215421267998317,-0.013390125766821826,0.375
regime,down,low_value,ai_peripheral,60,1,7,0.03961744411437419,-0.0783045887789356,0.14285714285714285
regime,down,low_value,ai_peripheral,60,2,7,0.028335413186739062,-0.08958661970657075,0.0
regime,down,low_value,ai_peripheral,60,3,7,0.040469422094690996,-0.07745261079861879,0.14285714285714285
regime,down,low_value,ai_peripheral,60,4,7,0.03428619138676948,-0.08363584150654033,0.2857142857142857
regime,down,low_value,ai_peripheral,60,5,7,0.04139961483974574,-0.07652241805356406,0.14285714285714285
regime,down,low_value,ai_peripheral,60,6,7,0.028463304951660735,-0.08945872794164907,0.2857142857142857
regime,down,low_value,ai_peripheral,60,7,7,0.01603515792502719,-0.10188687496828262,0.0
regime,down,low_value,ai_peripheral,60,8,7,0.028484600202855592,-0.0894374326904542,0.0
regime,down,low_value,ai_peripheral,60,9,7,0.045574915449091154,-0.07234711744421864,0.0
regime,down,low_value,ai_peripheral,60,10,7,0.0492363179041892,-0.06868571498912061,0.2857142857142857
regime,down,low_value,ai_peripheral,120,1,7,0.06228011132975346,-0.08267909653683701,0.14285714285714285
regime,down,low_value,ai_peripheral,120,2,7,0.05336148557100636,-0.09159772229558409,0.0
regime,down,low_value,ai_peripheral,120,3,7,0.06955208560552957,-0.0754071222610609,0.14285714285714285
regime,down,low_value,ai_peripheral,120,4,7,0.08305008488764595,-0.06190912297894451,0.2857142857142857
regime,down,low_value,ai_peripheral,120,5,7,0.10009467591575008,-0.04486453195084038,0.14285714285714285
regime,down,low_value,ai_peripheral,120,6,7,0.08716507912831714,-0.05779412873827334,0.14285714285714285
regime,down,low_value,ai_peripheral,120,7,7,0.08753397284392683,-0.057425235022663626,0.14285714285714285
regime,down,low_value,ai_peripheral,120,8,7,0.09129786540158981,-0.05366134246500067,0.0
regime,down,low_value,ai_peripheral,120,9,7,0.08989848629678554,-0.055060721569804925,0.14285714285714285
regime,down,low_value,ai_peripheral,120,10,7,0.10395626223983123,-0.041002945626759234,0.2857142857142857
regime,down,momentum,core_ai,20,1,8,-0.01827714485797216,-0.021451849356795682,0.375
regime,down,momentum,core_ai,20,2,8,-0.002775048369063657,-0.005949752867887173,0.375
regime,down,momentum,core_ai,20,3,8,0.0033874075608317893,0.0002127030620082751,0.375
regime,down,momentum,core_ai,20,4,8,-0.019495699660387073,-0.022670404159210587,0.25
regime,down,momentum,core_ai,20,5,8,-0.015020390793705384,-0.018195095292528895,0.25
regime,down,momentum,core_ai,20,6,8,-0.006209783163776576,-0.00938448766260008,0.375
regime,down,momentum,core_ai,20,7,8,0.014412778131396367,0.011238073632572846,0.625
regime,down,momentum,core_ai,20,8,8,0.002222544772529733,-0.0009521597262937779,0.25
regime,down,momentum,core_ai,20,9,8,0.011456948455927742,0.008282243957104226,0.75
regime,down,momentum,core_ai,20,10,8,0.0004552625710855969,-0.0027194419277379177,0.375
regime,down,momentum,core_ai,60,1,7,0.20379009150602787,0.08586805861271804,0.7142857142857143
regime,down,momentum,core_ai,60,2,7,0.13397136047947925,0.016049327586169438,0.42857142857142855
regime,down,momentum,core_ai,60,3,7,0.1861736956494505,0.06825166275614072,0.8571428571428571
regime,down,momentum,core_ai,60,4,7,0.12664077149780903,0.008718738604499216,0.2857142857142857
regime,down,momentum,core_ai,60,5,7,0.08454098460395679,-0.03338104828935301,0.42857142857142855
regime,down,momentum,core_ai,60,6,7,0.1917448711571266,0.07382283826381685,0.5714285714285714
regime,down,momentum,core_ai,60,7,7,0.19832134039060972,0.08039930749729994,0.8571428571428571
regime,down,momentum,core_ai,60,8,7,0.14421098027594745,0.02628894738263762,0.42857142857142855
regime,down,momentum,core_ai,60,9,7,0.17677851133018244,0.058856478436872646,0.7142857142857143
regime,down,momentum,core_ai,60,10,7,0.16598218415111535,0.04806015125780556,0.7142857142857143
regime,down,momentum,core_ai,120,1,7,0.24745463609633161,0.10249542822974118,0.7142857142857143
regime,down,momentum,core_ai,120,2,7,0.26378926908590816,0.11883006121931768,1.0
regime,down,momentum,core_ai,120,3,7,0.2787633897517921,0.13380418188520155,1.0
regime,down,momentum,core_ai,120,4,7,0.21476615348032757,0.0698069456137371,0.8571428571428571
regime,down,momentum,core_ai,120,5,7,0.169047826596266,0.02408861872967554,0.7142857142857143
regime,down,momentum,core_ai,120,6,7,0.2139906482030234,0.06903144033643294,0.5714285714285714
regime,down,momentum,core_ai,120,7,7,0.1964651261430561,0.051505918276465605,0.5714285714285714
regime,down,momentum,core_ai,120,8,7,0.1907477495440871,0.04578854167749669,0.42857142857142855
regime,down,momentum,core_ai,120,9,7,0.24456780633275516,0.09960859846616468,0.7142857142857143
regime,down,momentum,core_ai,120,10,7,0.230946512366839,0.0859873045002485,1.0
regime,down,momentum,ai_enabler,20,1,8,-0.02328388660875196,-0.02645859110757548,0.25
regime,down,momentum,ai_enabler,20,2,8,-0.022010802680638562,-0.025185507179462073,0.125
regime,down,momentum,ai_enabler,20,3,8,-0.011699358629947958,-0.014874063128771473,0.125
regime,down,momentum,ai_enabler,20,4,8,-0.015082864087174373,-0.018257568585997894,0.5
regime,down,momentum,ai_enabler,20,5,8,-0.022158007908517092,-0.025332712407340603,0.25
regime,down,momentum,ai_enabler,20,6,8,-0.007820391167190445,-0.010995095666013954,0.5
regime,down,momentum,ai_enabler,20,7,8,-0.009517055213191235,-0.012691759712014744,0.375
regime,down,momentum,ai_enabler,20,8,8,-0.0003557534329534269,-0.003530457931776941,0.625
regime,down,momentum,ai_enabler,20,9,8,0.0020066532127287554,-0.0011680512860947562,0.375
regime,down,momentum,ai_enabler,20,10,8,0.005849535702484702,0.002674831203661193,0.5
regime,down,momentum,ai_enabler,60,1,7,0.1236875135119162,0.0057654806186064065,0.5714285714285714
regime,down,momentum,ai_enabler,60,2,7,0.07876482862303165,-0.039157204270278155,0.14285714285714285
regime,down,momentum,ai_enabler,60,3,7,0.10725669343552509,-0.010665339457784723,0.42857142857142855
regime,down,momentum,ai_enabler,60,4,7,0.09711392474692913,-0.020808108146380684,0.42857142857142855
regime,down,momentum,ai_enabler,60,5,7,0.0949543620445288,-0.02296767084878101,0.42857142857142855
regime,down,momentum,ai_enabler,60,6,7,0.08757613685044621,-0.03034589604286359,0.2857142857142857
regime,down,momentum,ai_enabler,60,7,7,0.08358428544389332,-0.034337747449416464,0.14285714285714285
regime,down,momentum,ai_enabler,60,8,7,0.10155036644004492,-0.016371666453264908,0.2857142857142857
regime,down,momentum,ai_enabler,60,9,7,0.08825246375248953,-0.02966956914082027,0.14285714285714285
regime,down,momentum,ai_enabler,60,10,7,0.11269085742995963,-0.0052311754633501805,0.5714285714285714
regime,down,momentum,ai_enabler,120,1,7,0.12319939657153009,-0.021759811295060404,0.42857142857142855
regime,down,momentum,ai_enabler,120,2,7,0.13449500674417386,-0.010464201122416627,0.2857142857142857
regime,down,momentum,ai_enabler,120,3,7,0.1334457916636378,-0.011513416202952683,0.42857142857142855
regime,down,momentum,ai_enabler,120,4,7,0.1588294203215184,0.01387021245492792,0.42857142857142855
regime,down,momentum,ai_enabler,120,5,7,0.15394705348060536,0.008987845614014925,0.7142857142857143
regime,down,momentum,ai_enabler,120,6,7,0.1427014825455359,-0.0022577253210545323,0.2857142857142857
regime,down,momentum,ai_enabler,120,7,7,0.1267555178087158,-0.018203690057874682,0.2857142857142857
regime,down,momentum,ai_enabler,120,8,7,0.1333486314328521,-0.011610576433738366,0.2857142857142857
regime,down,momentum,ai_enabler,120,9,7,0.14310196083406337,-0.0018572470325270707,0.5714285714285714
regime,down,momentum,ai_enabler,120,10,7,0.1812430575024499,0.036283849635859435,0.7142857142857143
regime,down,momentum,ai_peripheral,20,1,8,-0.025246507885729443,-0.02842121238455296,0.375
regime,down,momentum,ai_peripheral,20,2,8,-0.019471863087966907,-0.022646567586790425,0.25
regime,down,momentum,ai_peripheral,20,3,8,-0.029429532485759573,-0.03260423698458309,0.25
regime,down,momentum,ai_peripheral,20,4,8,-0.02539631757402684,-0.028571022072850356,0.375
regime,down,momentum,ai_peripheral,20,5,8,-0.008531873012050342,-0.011706577510873867,0.5
regime,down,momentum,ai_peripheral,20,6,8,-0.015359508203480742,-0.01853421270230425,0.375
regime,down,momentum,ai_peripheral,20,7,8,-0.01864246877737523,-0.02181717327619874,0.375
regime,down,momentum,ai_peripheral,20,8,8,-2.1856108193307397e-05,-0.003196560607016825,0.5
regime,down,momentum,ai_peripheral,20,9,8,0.003847199320852651,0.0006724948220291384,0.375
regime,down,momentum,ai_peripheral,20,10,8,0.0031878038247060737,1.3099325882566515e-05,0.5
regime,down,momentum,ai_peripheral,60,1,7,0.03626506077482393,-0.08165697211848588,0.2857142857142857
regime,down,momentum,ai_peripheral,60,2,7,0.030816326933697794,-0.087105705959612,0.0
regime,down,momentum,ai_peripheral,60,3,7,0.021132965685656337,-0.09678906720765346,0.0
regime,down,momentum,ai_peripheral,60,4,7,0.04938043279117955,-0.06854160010213026,0.2857142857142857
regime,down,momentum,ai_peripheral,60,5,7,0.050603294639502326,-0.06731873825380748,0.2857142857142857
regime,down,momentum,ai_peripheral,60,6,7,0.05335102323139319,-0.06457100966191662,0.2857142857142857
regime,down,momentum,ai_peripheral,60,7,7,0.015797615868302462,-0.10212441702500734,0.0
regime,down,momentum,ai_peripheral,60,8,7,0.08503338674304758,-0.032888646150262206,0.42857142857142855
regime,down,momentum,ai_peripheral,60,9,7,0.04709337594425795,-0.07082865694905184,0.2857142857142857
regime,down,momentum,ai_peripheral,60,10,7,0.05011176379639439,-0.06781026909691541,0.14285714285714285
regime,down,momentum,ai_peripheral,120,1,7,0.09567243820698623,-0.04928676965960426,0.2857142857142857
regime,down,momentum,ai_peripheral,120,2,7,0.06420585009185552,-0.08075335777473494,0.0
regime,down,momentum,ai_peripheral,120,3,7,0.06511732762722769,-0.07984188023936276,0.14285714285714285
regime,down,momentum,ai_peripheral,120,4,7,0.09430633320997073,-0.05065287465661973,0.14285714285714285
regime,down,momentum,ai_peripheral,120,5,7,0.1108581543783619,-0.03410105348822857,0.42857142857142855
regime,down,momentum,ai_peripheral,120,6,7,0.11450121741148436,-0.030457990455106113,0.42857142857142855
regime,down,momentum,ai_peripheral,120,7,7,0.048161532459677914,-0.09679767540691256,0.14285714285714285
regime,down,momentum,ai_peripheral,120,8,7,0.11705348874274803,-0.027905719123842432,0.2857142857142857
regime,down,momentum,ai_peripheral,120,9,7,0.1332906981238632,-0.011668509742727274,0.42857142857142855
regime,down,momentum,ai_peripheral,120,10,7,0.12777334208096386,-0.017185865785626624,0.2857142857142857
regime,down,low_value,ALL,20,1,8,-0.0220276303165209,-0.025202334815344417,0.375
regime,down,low_value,ALL,20,2,8,-0.02209918933137488,-0.025273893830198388,0.25
regime,down,low_value,ALL,20,3,8,-0.016584191368819046,-0.01975889586764256,0.25
regime,down,low_value,ALL,20,4,8,-0.02001918914346513,-0.023193893642288643,0.375
regime,down,low_value,ALL,20,5,8,-0.03943528852389667,-0.04260999302272018,0.25
regime,down,low_value,ALL,20,6,8,-0.02086180016671291,-0.024036504665536425,0.5
regime,down,low_value,ALL,20,7,8,-0.01174474234106676,-0.014919446839890268,0.5
regime,down,low_value,ALL,20,8,8,-0.01023882808669549,-0.013413532585518998,0.375
regime,down,low_value,ALL,20,9,8,-0.013772291703263481,-0.016946996202086992,0.5
regime,down,low_value,ALL,20,10,8,-0.018489853245106443,-0.021664557743929953,0.25
regime,down,low_value,ALL,60,1,7,0.1287932955724151,0.010871262679105275,0.7142857142857143
regime,down,low_value,ALL,60,2,7,0.06533011568506122,-0.05259191720824859,0.0
regime,down,low_value,ALL,60,3,7,0.07333112684599988,-0.04459090604730991,0.2857142857142857
regime,down,low_value,ALL,60,4,7,0.08319025349693983,-0.03473177939636997,0.2857142857142857
regime,down,low_value,ALL,60,5,7,0.07350868224998615,-0.04441335064332365,0.2857142857142857
regime,down,low_value,ALL,60,6,7,0.07397856241219707,-0.043943470481112724,0.2857142857142857
regime,down,low_value,ALL,60,7,7,0.07292722784374883,-0.04499480504956096,0.42857142857142855
regime,down,low_value,ALL,60,8,7,0.07065899837623277,-0.047263034517077036,0.0
regime,down,low_value,ALL,60,9,7,0.06200817965658516,-0.055913853236724646,0.14285714285714285
regime,down,low_value,ALL,60,10,7,0.06543366193924222,-0.05248837095406759,0.14285714285714285
regime,down,low_value,ALL,120,1,7,0.1651258816159064,0.020166673749315942,0.5714285714285714
regime,down,low_value,ALL,120,2,7,0.1141403495148292,-0.030818858351761288,0.42857142857142855
regime,down,low_value,ALL,120,3,7,0.14416262678770825,-0.0007965810788822386,0.5714285714285714
regime,down,low_value,ALL,120,4,7,0.1283895793426523,-0.016569628523938153,0.42857142857142855
regime,down,low_value,ALL,120,5,7,0.10747637290492275,-0.037482834961667724,0.42857142857142855
regime,down,low_value,ALL,120,6,7,0.11101058114754685,-0.03394862671904359,0.2857142857142857
regime,down,low_value,ALL,120,7,7,0.13560520585602515,-0.009354002010565339,0.42857142857142855
regime,down,low_value,ALL,120,8,7,0.13863708912059505,-0.006322118745995422,0.42857142857142855
regime,down,low_value,ALL,120,9,7,0.10719028803332209,-0.03776891983326837,0.42857142857142855
regime,down,low_value,ALL,120,10,7,0.11462219805295115,-0.030337009813639317,0.2857142857142857
regime,down,momentum,ALL,20,1,8,-0.022269179784151192,-0.025443884282974706,0.25
regime,down,momentum,ALL,20,2,8,-0.014752571379223044,-0.01792727587804656,0.25
regime,down,momentum,ALL,20,3,8,-0.012580494518291917,-0.01575519901711543,0.375
regime,down,momentum,ALL,20,4,8,-0.019991627107196097,-0.023166331606019615,0.375
regime,down,momentum,ALL,20,5,8,-0.015236757238090941,-0.018411461736914454,0.5
regime,down,momentum,ALL,20,6,8,-0.009796560844815916,-0.012971265343639429,0.625
regime,down,momentum,ALL,20,7,8,-0.0045822486197233635,-0.00775695311854688,0.625
regime,down,momentum,ALL,20,8,8,0.0006149784104609937,-0.0025597260883625152,0.5
regime,down,momentum,ALL,20,9,8,0.005770266996503046,0.0025955624976795356,0.5
regime,down,momentum,ALL,20,10,8,0.0031642006994254575,-1.0503799398052342e-05,0.5
regime,down,momentum,ALL,60,1,7,0.121247555264256,0.0033255223709461935,0.42857142857142855
regime,down,momentum,ALL,60,2,7,0.08118417201206955,-0.03673786088124024,0.2857142857142857
regime,down,momentum,ALL,60,3,7,0.10485445159021065,-0.013067581303099153,0.7142857142857143
regime,down,momentum,ALL,60,4,7,0.09104504301197257,-0.026876989881337243,0.42857142857142855
regime,down,momentum,ALL,60,5,7,0.07669954709599598,-0.041222485797313836,0.42857142857142855
regime,down,momentum,ALL,60,6,7,0.11089067707965532,-0.007031355813654455,0.42857142857142855
regime,down,momentum,ALL,60,7,7,0.09923441390093517,-0.018687618992374627,0.2857142857142857
regime,down,momentum,ALL,60,8,7,0.11026491115301329,-0.007657121740296496,0.2857142857142857
regime,down,momentum,ALL,60,9,7,0.10404145034230998,-0.01388058255099982,0.2857142857142857
regime,down,momentum,ALL,60,10,7,0.10959493512582315,-0.008327097767486677,0.42857142857142855
regime,down,momentum,ALL,120,1,7,0.15544215695828265,0.010482949091692168,0.7142857142857143
regime,down,momentum,ALL,120,2,7,0.15416337530731247,0.009204167440722038,0.42857142857142855
regime,down,momentum,ALL,120,3,7,0.15910883634755252,0.01414962848096204,0.5714285714285714
regime,down,momentum,ALL,120,4,7,0.15596730233727227,0.011008094470681764,0.42857142857142855
regime,down,momentum,ALL,120,5,7,0.14461767815174445,-0.0003415297148460327,0.42857142857142855
regime,down,momentum,ALL,120,6,7,0.15706444938668124,0.012105241520090761,0.7142857142857143
regime,down,momentum,ALL,120,7,7,0.12379405880381658,-0.02116514906277388,0.42857142857142855
regime,down,momentum,ALL,120,8,7,0.1470499565732291,0.002090748706638626,0.42857142857142855
regime,down,momentum,ALL,120,9,7,0.1736534884302273,0.028694280563636782,0.5714285714285714
regime,down,momentum,ALL,120,10,7,0.17998763731675088,0.03502842945016042,0.8571428571428571
regime,up,low_value,core_ai,20,1,31,0.04587181991912669,0.02902834184928817,0.7096774193548387
regime,up,low_value,core_ai,20,2,31,0.008125901384454282,-0.00871757668538423,0.41935483870967744
regime,up,low_value,core_ai,20,3,31,0.028065651081805153,0.011222173011966636,0.5483870967741935
regime,up,low_value,core_ai,20,4,31,0.027961622469267568,0.011118144399429056,0.6451612903225806
regime,up,low_value,core_ai,20,5,31,0.028840503998750173,0.011997025928911656,0.4838709677419355
regime,up,low_value,core_ai,20,6,31,0.02267440807880876,0.005830930008970254,0.5806451612903226
regime,up,low_value,core_ai,20,7,31,0.0073323851456715316,-0.009511092924166981,0.41935483870967744
regime,up,low_value,core_ai,20,8,31,0.01813601217509297,0.0012925341052544559,0.6129032258064516
regime,up,low_value,core_ai,20,9,31,0.028687373477326257,0.011843895407487743,0.5483870967741935
regime,up,low_value,core_ai,20,10,31,0.019304019832708363,0.0024605417628698486,0.5483870967741935
regime,up,low_value,core_ai,60,1,30,0.07202525308469544,0.03470457327960927,0.6666666666666666
regime,up,low_value,core_ai,60,2,30,0.022860499419138345,-0.01446018038594783,0.3333333333333333
regime,up,low_value,core_ai,60,3,30,0.04239760428936763,0.0050769244842814466,0.4666666666666667
regime,up,low_value,core_ai,60,4,30,0.057290714972482434,0.019970035167396257,0.6333333333333333
regime,up,low_value,core_ai,60,5,30,0.015593018100051802,-0.02172766170503437,0.3333333333333333
regime,up,low_value,core_ai,60,6,30,0.03683831428909155,-0.00048236551599461564,0.5
regime,up,low_value,core_ai,60,7,30,0.020782353218254005,-0.016538326586832176,0.36666666666666664
regime,up,low_value,core_ai,60,8,30,0.0467576615710376,0.009436981765951417,0.5333333333333333
regime,up,low_value,core_ai,60,9,30,0.04826155339258994,0.01094087358750377,0.5
regime,up,low_value,core_ai,60,10,30,0.03558092009084627,-0.0017397597142399042,0.5666666666666667
regime,up,low_value,core_ai,120,1,27,0.13259325036199263,0.026537261080933603,0.5555555555555556
regime,up,low_value,core_ai,120,2,27,0.11049824629804135,0.004442257016982302,0.48148148148148145
regime,up,low_value,core_ai,120,3,27,0.09661418745808942,-0.009441801822969656,0.4074074074074074
regime,up,low_value,core_ai,120,4,27,0.1366287238989741,0.03057273461791502,0.5925925925925926
regime,up,low_value,core_ai,120,5,27,0.03915076803214868,-0.0669052212489104,0.25925925925925924
regime,up,low_value,core_ai,120,6,27,0.11170085955452937,0.005644870273470365,0.5185185185185185
regime,up,low_value,core_ai,120,7,27,0.10884413122857384,0.0027881419475147915,0.5185185185185185
regime,up,low_value,core_ai,120,8,27,0.09123438489846974,-0.014821604382589303,0.37037037037037035
regime,up,low_value,core_ai,120,9,27,0.11128517872104202,0.00522918943998296,0.4444444444444444
regime,up,low_value,core_ai,120,10,27,0.08836333816244404,-0.017692651118614986,0.5925925925925926
regime,up,low_value,ai_enabler,20,1,33,0.01207086556487589,-0.003793096236268344,0.42424242424242425
regime,up,low_value,ai_enabler,20,2,33,0.0035424275489135348,-0.012321534252230698,0.3333333333333333
regime,up,low_value,ai_enabler,20,3,33,0.004434452388032007,-0.01142950941311223,0.42424242424242425
regime,up,low_value,ai_enabler,20,4,33,0.011325656344753262,-0.004538305456390975,0.45454545454545453
regime,up,low_value,ai_enabler,20,5,33,0.011190851603618684,-0.004673110197525552,0.48484848484848486
regime,up,low_value,ai_enabler,20,6,33,0.004903637277218355,-0.01096032452392588,0.5757575757575758
regime,up,low_value,ai_enabler,20,7,33,0.011808765749685354,-0.00405519605145888,0.5454545454545454
regime,up,low_value,ai_enabler,20,8,33,0.010377234228329755,-0.005486727572814483,0.45454545454545453
regime,up,low_value,ai_enabler,20,9,33,0.012870629923306363,-0.002993331877837871,0.5757575757575758
regime,up,low_value,ai_enabler,20,10,33,0.01157140037132723,-0.004292561429817009,0.45454545454545453
regime,up,low_value,ai_enabler,60,1,32,0.01357110239282737,-0.02234348922390739,0.375
regime,up,low_value,ai_enabler,60,2,32,0.005735428371609516,-0.03017916324512525,0.34375
regime,up,low_value,ai_enabler,60,3,32,0.008794273762358862,-0.0271203178543759,0.34375
regime,up,low_value,ai_enabler,60,4,32,0.017910490732849674,-0.01800410088388509,0.4375
regime,up,low_value,ai_enabler,60,5,32,0.02220775248489281,-0.013706839131841952,0.53125
regime,up,low_value,ai_enabler,60,6,32,0.010577922033575009,-0.025336669583159756,0.40625
regime,up,low_value,ai_enabler,60,7,32,0.021040903356863004,-0.01487368825987176,0.40625
regime,up,low_value,ai_enabler,60,8,32,0.024889722538491626,-0.011024869078243137,0.4375
regime,up,low_value,ai_enabler,60,9,32,0.022746617957505294,-0.013167973659229466,0.46875
regime,up,low_value,ai_enabler,60,10,32,0.028233953984348734,-0.0076806376323860295,0.5
regime,up,low_value,ai_enabler,120,1,29,0.022747698215038067,-0.08514034472648156,0.20689655172413793
regime,up,low_value,ai_enabler,120,2,29,0.030747911889581918,-0.07714013105193772,0.2413793103448276
regime,up,low_value,ai_enabler,120,3,29,0.03260553039833881,-0.07528251254318084,0.1724137931034483
regime,up,low_value,ai_enabler,120,4,29,0.04402370827857711,-0.06386433466294253,0.10344827586206896
regime,up,low_value,ai_enabler,120,5,29,0.06607958607798345,-0.0418084568635362,0.2413793103448276
regime,up,low_value,ai_enabler,120,6,29,0.04260759993815653,-0.06528044300336311,0.1724137931034483
regime,up,low_value,ai_enabler,120,7,29,0.048241661709636535,-0.05964638123188311,0.2413793103448276
regime,up,low_value,ai_enabler,120,8,29,0.05089120399766182,-0.05699683894385781,0.2413793103448276
regime,up,low_value,ai_enabler,120,9,29,0.05547019667467874,-0.0524178462668409,0.20689655172413793
regime,up,low_value,ai_enabler,120,10,29,0.07855413938285402,-0.02933390355866562,0.3448275862068966
regime,up,low_value,ai_peripheral,20,1,33,0.0028949271329112344,-0.012969034668233003,0.5151515151515151
regime,up,low_value,ai_peripheral,20,2,33,-0.0022654901288365003,-0.018129451929980733,0.45454545454545453
regime,up,low_value,ai_peripheral,20,3,33,0.007108780984768165,-0.008755180816376076,0.3939393939393939
regime,up,low_value,ai_peripheral,20,4,33,0.007602189797724169,-0.008261772003420067,0.5151515151515151
regime,up,low_value,ai_peripheral,20,5,33,0.009065057978827817,-0.0067989038223164175,0.5757575757575758
regime,up,low_value,ai_peripheral,20,6,33,0.011302045133125358,-0.004561916668018877,0.5454545454545454
regime,up,low_value,ai_peripheral,20,7,33,0.0011200946029532514,-0.01474386719819098,0.42424242424242425
regime,up,low_value,ai_peripheral,20,8,33,0.0072218679914037845,-0.008642093809740448,0.48484848484848486
regime,up,low_value,ai_peripheral,20,9,33,0.00990519307639176,-0.005958768724752478,0.48484848484848486
regime,up,low_value,ai_peripheral,20,10,33,0.008194671305823478,-0.007669290495320758,0.42424242424242425
regime,up,low_value,ai_peripheral,60,1,32,0.024109180282695583,-0.01180541133403918,0.46875
regime,up,low_value,ai_peripheral,60,2,32,0.004250355381764499,-0.031664236234970264,0.375
regime,up,low_value,ai_peripheral,60,3,32,0.0231502054760913,-0.012764386140643458,0.40625
regime,up,low_value,ai_peripheral,60,4,32,0.014755048113378234,-0.021159543503356526,0.4375
regime,up,low_value,ai_peripheral,60,5,32,0.031882922369300654,-0.004031669247434105,0.40625
regime,up,low_value,ai_peripheral,60,6,32,0.016588131198750793,-0.01932646041798397,0.34375
regime,up,low_value,ai_peripheral,60,7,32,0.023156404127361287,-0.012758187489373478,0.40625
regime,up,low_value,ai_peripheral,60,8,32,0.014295083872306819,-0.02161950774442794,0.40625
regime,up,low_value,ai_peripheral,60,9,32,0.026963658823499548,-0.008950932793235215,0.46875
regime,up,low_value,ai_peripheral,60,10,32,0.03007449067166177,-0.005840100945072991,0.5
regime,up,low_value,ai_peripheral,120,1,29,0.04490916260337762,-0.06297888033814203,0.27586206896551724
regime,up,low_value,ai_peripheral,120,2,29,0.030533168397582827,-0.07735487454393683,0.2413793103448276
regime,up,low_value,ai_peripheral,120,3,29,0.059081016189803645,-0.048807026751715984,0.27586206896551724
regime,up,low_value,ai_peripheral,120,4,29,0.05690800497497992,-0.05098003796653973,0.2413793103448276
regime,up,low_value,ai_peripheral,120,5,29,0.052794011529653746,-0.0550940314118659,0.2413793103448276
regime,up,low_value,ai_peripheral,120,6,29,0.038061924313913774,-0.06982611862760588,0.2413793103448276
regime,up,low_value,ai_peripheral,120,7,29,0.039500706427439525,-0.06838733651408012,0.13793103448275862
regime,up,low_value,ai_peripheral,120,8,29,0.037572167107965536,-0.07031587583355411,0.1724137931034483
regime,up,low_value,ai_peripheral,120,9,29,0.060110064225031026,-0.047777978716488624,0.2413793103448276
regime,up,low_value,ai_peripheral,120,10,29,0.07115330614909464,-0.03673473679242501,0.41379310344827586
regime,up,momentum,core_ai,20,1,33,0.02464368937559979,0.008779727574455559,0.5151515151515151
regime,up,momentum,core_ai,20,2,33,0.027748870409790818,0.011884908608646584,0.5454545454545454
regime,up,momentum,core_ai,20,3,33,0.013526681407174761,-0.0023372803939694744,0.5757575757575758
regime,up,momentum,core_ai,20,4,33,0.02914582143015346,0.013281859629009221,0.5454545454545454
regime,up,momentum,core_ai,20,5,33,0.02942908767351764,0.013565125872373405,0.6060606060606061
regime,up,momentum,core_ai,20,6,33,0.015710506181402968,-0.00015345561974126835,0.5454545454545454
regime,up,momentum,core_ai,20,7,33,0.028818030760897447,0.012954068959753215,0.5454545454545454
regime,up,momentum,core_ai,20,8,33,0.02328642623159574,0.007422464430451505,0.5757575757575758
regime,up,momentum,core_ai,20,9,33,0.019637614082346808,0.0037736522812025705,0.5454545454545454
regime,up,momentum,core_ai,20,10,33,0.034575947266841274,0.01871198546569703,0.7878787878787878
regime,up,momentum,core_ai,60,1,32,0.05613318847407498,0.020218596857340215,0.4375
regime,up,momentum,core_ai,60,2,32,0.044525215767628946,0.008610624150894175,0.53125
regime,up,momentum,core_ai,60,3,32,0.04261114566960859,0.006696554052873827,0.375
regime,up,momentum,core_ai,60,4,32,0.07937302795926408,0.04345843634252932,0.6875
regime,up,momentum,core_ai,60,5,32,0.05436154253617865,0.018446950919443893,0.53125
regime,up,momentum,core_ai,60,6,32,0.01781474146074835,-0.018099850155986412,0.3125
regime,up,momentum,core_ai,60,7,32,0.06233573779600603,0.02642114617927127,0.59375
regime,up,momentum,core_ai,60,8,32,0.04917746928135544,0.013262877664620672,0.46875
regime,up,momentum,core_ai,60,9,32,0.0394431744806204,0.0035285828638856455,0.5
regime,up,momentum,core_ai,60,10,32,0.0810061781785634,0.04509158656182863,0.75
regime,up,momentum,core_ai,120,1,29,0.17371551403493637,0.06582747109341675,0.6206896551724138
regime,up,momentum,core_ai,120,2,29,0.17160377420728132,0.06371573126576167,0.6206896551724138
regime,up,momentum,core_ai,120,3,29,0.12052155856888397,0.012633515627364313,0.4482758620689655
regime,up,momentum,core_ai,120,4,29,0.2186753585219359,0.11078731558041624,0.7586206896551724
regime,up,momentum,core_ai,120,5,29,0.19734348347124786,0.08945544052972823,0.6551724137931034
regime,up,momentum,core_ai,120,6,29,0.07995213029608131,-0.027935912645438328,0.27586206896551724
regime,up,momentum,core_ai,120,7,29,0.15994668104546078,0.05205863810394114,0.6896551724137931
regime,up,momentum,core_ai,120,8,29,0.18341570498632404,0.07552766204480442,0.5517241379310345
regime,up,momentum,core_ai,120,9,29,0.14445907956012502,0.03657103661860538,0.6551724137931034
regime,up,momentum,core_ai,120,10,29,0.23499013691053208,0.12710209396901243,0.896551724137931
regime,up,momentum,ai_enabler,20,1,33,0.003075243381474559,-0.012788718419669675,0.3939393939393939
regime,up,momentum,ai_enabler,20,2,33,0.006292971069318852,-0.009570990731825381,0.45454545454545453
regime,up,momentum,ai_enabler,20,3,33,0.008173395380045075,-0.007690566421099162,0.42424242424242425
regime,up,momentum,ai_enabler,20,4,33,0.014922982184360658,-0.0009409796167835733,0.5757575757575758
regime,up,momentum,ai_enabler,20,5,33,0.012613911836961877,-0.0032500499641823586,0.5151515151515151
regime,up,momentum,ai_enabler,20,6,33,0.013493198648330809,-0.0023707631528134252,0.48484848484848486
regime,up,momentum,ai_enabler,20,7,33,0.013742658485586085,-0.0021213033155581536,0.5454545454545454
regime,up,momentum,ai_enabler,20,8,33,0.012265348726956199,-0.0035986130741880403,0.5757575757575758
regime,up,momentum,ai_enabler,20,9,33,0.016730686704729932,0.0008667249035856914,0.6363636363636364
regime,up,momentum,ai_enabler,20,10,33,0.02015480628438517,0.004290844483240931,0.5151515151515151
regime,up,momentum,ai_enabler,60,1,32,0.013365359974897595,-0.022549231641837166,0.3125
regime,up,momentum,ai_enabler,60,2,32,0.01687197548496686,-0.019042616131767904,0.375
regime,up,momentum,ai_enabler,60,3,32,0.01887856210551145,-0.017036029511223315,0.375
regime,up,momentum,ai_enabler,60,4,32,0.02538835349568788,-0.010526238121046885,0.46875
regime,up,momentum,ai_enabler,60,5,32,0.02890867542461442,-0.007005916192120344,0.46875
regime,up,momentum,ai_enabler,60,6,32,0.03508221971021599,-0.0008323719065187699,0.4375
regime,up,momentum,ai_enabler,60,7,32,0.022567004578991922,-0.013347587037742838,0.4375
regime,up,momentum,ai_enabler,60,8,32,0.03189342025199281,-0.004021171364741955,0.5
regime,up,momentum,ai_enabler,60,9,32,0.039111911926737776,0.003197320310003013,0.5
regime,up,momentum,ai_enabler,60,10,32,0.05329122876262786,0.0173766371458931,0.625
regime,up,momentum,ai_enabler,120,1,29,0.04452568530246206,-0.06336235763905758,0.3103448275862069
regime,up,momentum,ai_enabler,120,2,29,0.05227424331570804,-0.0556137996258116,0.20689655172413793
regime,up,momentum,ai_enabler,120,3,29,0.07710038848469367,-0.03078765445682597,0.27586206896551724
regime,up,momentum,ai_enabler,120,4,29,0.0692372979437833,-0.03865074499773636,0.27586206896551724
regime,up,momentum,ai_enabler,120,5,29,0.09640393331802624,-0.011484109623493395,0.41379310344827586
regime,up,momentum,ai_enabler,120,6,29,0.09742816799877563,-0.010459874942744012,0.3448275862068966
regime,up,momentum,ai_enabler,120,7,29,0.07404080228138098,-0.033847240660138674,0.3448275862068966
regime,up,momentum,ai_enabler,120,8,29,0.10558202280484692,-0.0023060201366727397,0.4482758620689655
regime,up,momentum,ai_enabler,120,9,29,0.12759399913070874,0.019705956189189106,0.5862068965517241
regime,up,momentum,ai_enabler,120,10,29,0.16104562735192907,0.053157584410409395,0.8275862068965517
regime,up,momentum,ai_peripheral,20,1,33,0.001060024913848025,-0.014803936887296214,0.45454545454545453
regime,up,momentum,ai_peripheral,20,2,33,0.00708376894074444,-0.0087801928603998,0.42424242424242425
regime,up,momentum,ai_peripheral,20,3,33,0.008599886919864777,-0.00726407488127946,0.42424242424242425
regime,up,momentum,ai_peripheral,20,4,33,0.006532885972101498,-0.009331075829042738,0.5454545454545454
regime,up,momentum,ai_peripheral,20,5,33,0.006284643936136835,-0.009579317865007398,0.5151515151515151
regime,up,momentum,ai_peripheral,20,6,33,0.004727989641964746,-0.01113597215917949,0.5454545454545454
regime,up,momentum,ai_peripheral,20,7,33,0.0068864004267099165,-0.008977561374434319,0.45454545454545453
regime,up,momentum,ai_peripheral,20,8,33,0.00873672359420105,-0.007127238206943189,0.5151515151515151
regime,up,momentum,ai_peripheral,20,9,33,0.006557660607923294,-0.009306301193220942,0.48484848484848486
regime,up,momentum,ai_peripheral,20,10,33,0.015850980269098078,-1.2981532046158476e-05,0.5757575757575758
regime,up,momentum,ai_peripheral,60,1,32,0.027115504421819755,-0.008799087194915008,0.46875
regime,up,momentum,ai_peripheral,60,2,32,0.03030552798519511,-0.0056090636315396574,0.375
regime,up,momentum,ai_peripheral,60,3,32,0.026567000145171188,-0.009347591471563577,0.375
regime,up,momentum,ai_peripheral,60,4,32,0.011820111632801139,-0.02409447998393362,0.375
regime,up,momentum,ai_peripheral,60,5,32,0.023294133597504332,-0.012620458019230427,0.4375
regime,up,momentum,ai_peripheral,60,6,32,0.02017202480297887,-0.01574256681375589,0.46875
regime,up,momentum,ai_peripheral,60,7,32,0.02494968791839746,-0.010964903698337303,0.375
regime,up,momentum,ai_peripheral,60,8,32,0.025717953575968837,-0.010196638040765923,0.4375
regime,up,momentum,ai_peripheral,60,9,32,0.027551481552639423,-0.008363110064095337,0.375
regime,up,momentum,ai_peripheral,60,10,32,0.041910395319085546,0.005995803702350778,0.46875
regime,up,momentum,ai_peripheral,120,1,29,0.04702719420210147,-0.06086084873941817,0.1724137931034483
regime,up,momentum,ai_peripheral,120,2,29,0.05373947562063651,-0.05414856732088313,0.2413793103448276
regime,up,momentum,ai_peripheral,120,3,29,0.06967703973433001,-0.03821100320718964,0.20689655172413793
regime,up,momentum,ai_peripheral,120,4,29,0.03481586449773072,-0.07307217844378892,0.20689655172413793
regime,up,momentum,ai_peripheral,120,5,29,0.060089384189147645,-0.047798658752372,0.27586206896551724
regime,up,momentum,ai_peripheral,120,6,29,0.04632283044659678,-0.06156521249492286,0.20689655172413793
regime,up,momentum,ai_peripheral,120,7,29,0.07342945080311165,-0.03445859213840799,0.3103448275862069
regime,up,momentum,ai_peripheral,120,8,29,0.07991008076170884,-0.027977962179810776,0.3793103448275862
regime,up,momentum,ai_peripheral,120,9,29,0.09431829477641948,-0.013569748165100154,0.4827586206896552
regime,up,momentum,ai_peripheral,120,10,29,0.10824381993139703,0.00035577698987738593,0.5172413793103449
regime,up,low_value,ALL,20,1,33,0.01836852135072142,0.0025045595495771836,0.5151515151515151
regime,up,low_value,ALL,20,2,33,0.0019963181782520767,-0.013867643622892159,0.3939393939393939
regime,up,low_value,ALL,20,3,33,0.01185470049418948,-0.004009261306954758,0.48484848484848486
regime,up,low_value,ALL,20,4,33,0.01450338016632015,-0.0013605816348240907,0.5757575757575758
regime,up,low_value,ALL,20,5,33,0.015103628402887136,-0.0007603333982570997,0.45454545454545453
regime,up,low_value,ALL,20,6,33,0.012074283664371934,-0.0037896781367723004,0.5454545454545454
regime,up,low_value,ALL,20,7,33,0.005566699680788885,-0.010297262120355349,0.42424242424242425
regime,up,low_value,ALL,20,8,33,0.010960981934896502,-0.004902979866247736,0.45454545454545453
regime,up,low_value,ALL,20,9,33,0.015980348221837755,0.00011638642069352221,0.5151515151515151
regime,up,low_value,ALL,20,10,33,0.012094894880541246,-0.00376906692060299,0.45454545454545453
regime,up,low_value,ALL,60,1,32,0.033954347363076454,-0.0019602442536583078,0.53125
regime,up,low_value,ALL,60,2,32,0.00869452636705924,-0.02722006524967552,0.375
regime,up,low_value,ALL,60,3,32,0.02292600299531239,-0.012988588621422376,0.40625
regime,up,low_value,ALL,60,4,32,0.028218107070762923,-0.007696484545971836,0.46875
regime,up,low_value,ALL,60,5,32,0.02219845507730579,-0.01371613653942897,0.4375
regime,up,low_value,ALL,60,6,32,0.019653857367437043,-0.01626073424929772,0.4375
regime,up,low_value,ALL,60,7,32,0.02033344123335156,-0.015581150383383199,0.375
regime,up,low_value,ALL,60,8,32,0.02708147158747891,-0.008833120029255853,0.4375
regime,up,low_value,ALL,60,9,32,0.031424427022449006,-0.004490164594285757,0.5
regime,up,low_value,ALL,60,10,32,0.03046291756343176,-0.005451674053302999,0.40625
regime,up,low_value,ALL,120,1,29,0.06338841772798987,-0.04449962521352978,0.3448275862068966
regime,up,low_value,ALL,120,2,29,0.054247469654965574,-0.053640573286554076,0.3793103448275862
regime,up,low_value,ALL,120,3,29,0.060391288549775025,-0.04749675439174462,0.3448275862068966
regime,up,low_value,ALL,120,4,29,0.07635065274019398,-0.03153739020132566,0.27586206896551724
regime,up,low_value,ALL,120,5,29,0.05264087471564628,-0.05524716822587337,0.1724137931034483
regime,up,low_value,ALL,120,6,29,0.06163763787396283,-0.04625040506755682,0.3448275862068966
regime,up,low_value,ALL,120,7,29,0.06261125214249255,-0.04527679079902709,0.3448275862068966
regime,up,low_value,ALL,120,8,29,0.05732145612568975,-0.05056658681582989,0.1724137931034483
regime,up,low_value,ALL,120,9,29,0.07340770461388027,-0.034480338327639366,0.27586206896551724
regime,up,low_value,ALL,120,10,29,0.07838828607378928,-0.02949975686773037,0.4482758620689655
regime,up,momentum,ALL,20,1,33,0.009592985890307461,-0.0062709759108367765,0.42424242424242425
regime,up,momentum,ALL,20,2,33,0.013708536806618038,-0.0021554249945261988,0.5454545454545454
regime,up,momentum,ALL,20,3,33,0.010099987902361537,-0.005763973898782698,0.3939393939393939
regime,up,momentum,ALL,20,4,33,0.016867229862205204,0.0010032680610609695,0.5757575757575758
regime,up,momentum,ALL,20,5,33,0.01610921448220545,0.0002452526810612166,0.6060606060606061
regime,up,momentum,ALL,20,6,33,0.011310564823899508,-0.004553396977244728,0.45454545454545453
regime,up,momentum,ALL,20,7,33,0.01648236322439782,0.0006184014232535809,0.5454545454545454
regime,up,momentum,ALL,20,8,33,0.014762832850917663,-0.0011011289502265735,0.5757575757575758
regime,up,momentum,ALL,20,9,33,0.014308653798333343,-0.0015553080028108944,0.5454545454545454
regime,up,momentum,ALL,20,10,33,0.023527244606774838,0.007663282805630601,0.5757575757575758
regime,up,momentum,ALL,60,1,32,0.032204684290264116,-0.0037099073264706545,0.4375
regime,up,momentum,ALL,60,2,32,0.030567573079263638,-0.005347018537471127,0.5
regime,up,momentum,ALL,60,3,32,0.029352235973430407,-0.006562355643304353,0.4375
regime,up,momentum,ALL,60,4,32,0.0388604976959177,0.002945906079182939,0.59375
regime,up,momentum,ALL,60,5,32,0.035521450519432465,-0.0003931410973022917,0.53125
regime,up,momentum,ALL,60,6,32,0.02435632865798107,-0.01155826295875369,0.5
regime,up,momentum,ALL,60,7,32,0.03661747676446514,0.000702885147730376,0.53125
regime,up,momentum,ALL,60,8,32,0.035596281036439026,-0.0003183105802957338,0.375
regime,up,momentum,ALL,60,9,32,0.03536885598666587,-0.0005457356300688923,0.46875
regime,up,momentum,ALL,60,10,32,0.05873593408675894,0.022821342470024174,0.59375
regime,up,momentum,ALL,120,1,29,0.08842279784649998,-0.01946524509501967,0.3793103448275862
regime,up,momentum,ALL,120,2,29,0.09253916438120863,-0.015348878560311016,0.3103448275862069
regime,up,momentum,ALL,120,3,29,0.0890996622626359,-0.01878838067888377,0.3793103448275862
regime,up,momentum,ALL,120,4,29,0.1075761736544833,-0.0003118692870363454,0.4482758620689655
regime,up,momentum,ALL,120,5,29,0.1179456003261406,0.010057557384620946,0.4482758620689655
regime,up,momentum,ALL,120,6,29,0.07456770958048459,-0.033320333361035064,0.27586206896551724
regime,up,momentum,ALL,120,7,29,0.10247231137665114,-0.005415731564868505,0.41379310344827586
regime,up,momentum,ALL,120,8,29,0.12296926951762661,0.015081226576106969,0.5517241379310345
regime,up,momentum,ALL,120,9,29,0.12212379115575109,0.014235748214231443,0.5517241379310345
regime,up,momentum,ALL,120,10,29,0.16809319473128603,0.060205151789766403,0.8275862068965517
