scope,scope_value,list_type,channel,horizon_days,decile,n_group_dates,mean_return,mean_excess_vs_qqq,positive_excess_ratio
all,ALL,low_value,ai_enabler,20,1,39,4.958674710325881e-05,-0.01233454601396046,0.41025641025641024
all,ALL,low_value,ai_enabler,20,2,39,0.016303436924074613,0.0039193041630108975,0.5384615384615384
all,ALL,low_value,ai_enabler,20,3,39,0.012675919347152403,0.0002917865860886887,0.5128205128205128
all,ALL,low_value,ai_enabler,20,4,39,0.008452932425097783,-0.003931200335965937,0.5641025641025641
all,ALL,low_value,ai_enabler,20,5,39,0.009999321491409734,-0.002384811269653981,0.48717948717948717
all,ALL,low_value,ai_enabler,20,6,39,0.00632942979902085,-0.006054702962042867,0.48717948717948717
all,ALL,low_value,ai_enabler,20,7,39,0.010591952519153916,-0.0017921802419097982,0.5384615384615384
all,ALL,low_value,ai_enabler,20,8,39,0.014312682086869408,0.001928549325805698,0.5641025641025641
all,ALL,low_value,ai_enabler,20,9,39,0.006691608100503339,-0.005692524660560374,0.48717948717948717
all,ALL,low_value,ai_enabler,20,10,39,0.026988830139378122,0.01460469737831441,0.717948717948718
all,ALL,low_value,ai_enabler,60,1,37,0.029348494810440832,-0.014358312067581019,0.40540540540540543
all,ALL,low_value,ai_enabler,60,2,37,0.055129539557706185,0.011422732679684328,0.5135135135135135
all,ALL,low_value,ai_enabler,60,3,37,0.04689581685326737,0.003189009975245524,0.4864864864864865
all,ALL,low_value,ai_enabler,60,4,37,0.030517187887404585,-0.01318961899061728,0.43243243243243246
all,ALL,low_value,ai_enabler,60,5,37,0.03283732824566006,-0.010869478632361786,0.35135135135135137
all,ALL,low_value,ai_enabler,60,6,37,0.03576497412473547,-0.007941832753286374,0.4864864864864865
all,ALL,low_value,ai_enabler,60,7,37,0.019132173897570937,-0.024574632980450907,0.35135135135135137
all,ALL,low_value,ai_enabler,60,8,37,0.039833048810548256,-0.0038737580674735885,0.5405405405405406
all,ALL,low_value,ai_enabler,60,9,37,0.022592108911922006,-0.021114697966099855,0.2702702702702703
all,ALL,low_value,ai_enabler,60,10,37,0.07470833386020383,0.03100152698218198,0.7027027027027027
all,ALL,low_value,ai_enabler,120,1,34,0.11544937709471954,0.006859277946439654,0.4117647058823529
all,ALL,low_value,ai_enabler,120,2,34,0.15229935206236708,0.04370925291408717,0.5588235294117647
all,ALL,low_value,ai_enabler,120,3,34,0.20145471916242824,0.09286462001414837,0.5
all,ALL,low_value,ai_enabler,120,4,34,0.15322562581093435,0.04463552666265445,0.5
all,ALL,low_value,ai_enabler,120,5,34,0.1546924505211021,0.046102351372822155,0.5
all,ALL,low_value,ai_enabler,120,6,34,0.09837591833828299,-0.010214180809996913,0.38235294117647056
all,ALL,low_value,ai_enabler,120,7,34,0.1305719679633711,0.021981868815091163,0.4411764705882353
all,ALL,low_value,ai_enabler,120,8,34,0.11484743055749748,0.006257331409217569,0.5
all,ALL,low_value,ai_enabler,120,9,34,0.0895208491251503,-0.019069250023129616,0.38235294117647056
all,ALL,low_value,ai_enabler,120,10,34,0.20142196689714104,0.09283186774886111,0.7352941176470589
all,ALL,low_value,ai_peripheral,20,1,31,0.022462826175085476,0.007032847098359541,0.4838709677419355
all,ALL,low_value,ai_peripheral,20,2,31,0.0037875196154508553,-0.011642459461275076,0.41935483870967744
all,ALL,low_value,ai_peripheral,20,3,31,-0.0015228626366913514,-0.01695284171341728,0.45161290322580644
all,ALL,low_value,ai_peripheral,20,4,31,0.012491586910801697,-0.00293839216592423,0.45161290322580644
all,ALL,low_value,ai_peripheral,20,5,31,-0.0027105054946141294,-0.018140484571340054,0.41935483870967744
all,ALL,low_value,ai_peripheral,20,6,31,0.01303385554179832,-0.002396123534927607,0.5161290322580645
all,ALL,low_value,ai_peripheral,20,7,31,0.011681309684006715,-0.003748669392719215,0.45161290322580644
all,ALL,low_value,ai_peripheral,20,8,31,0.004027516096885797,-0.011402462979840135,0.45161290322580644
all,ALL,low_value,ai_peripheral,20,9,31,0.012147517486538187,-0.0032824615901877424,0.5483870967741935
all,ALL,low_value,ai_peripheral,20,10,31,0.01902133951254435,0.0035913604358184166,0.5483870967741935
all,ALL,low_value,ai_peripheral,60,1,29,0.06071404533121717,0.019989601677356608,0.4827586206896552
all,ALL,low_value,ai_peripheral,60,2,29,-0.008107047835423195,-0.04883149148928377,0.3793103448275862
all,ALL,low_value,ai_peripheral,60,3,29,0.004413716000072665,-0.0363107276537879,0.3793103448275862
all,ALL,low_value,ai_peripheral,60,4,29,0.018321176614055797,-0.022403267039804765,0.41379310344827586
all,ALL,low_value,ai_peripheral,60,5,29,-0.0010814996570076075,-0.04180594331086817,0.1724137931034483
all,ALL,low_value,ai_peripheral,60,6,29,0.03531451089892785,-0.0054099327549327,0.3448275862068966
all,ALL,low_value,ai_peripheral,60,7,29,0.037508022721352056,-0.0032164209325085107,0.5172413793103449
all,ALL,low_value,ai_peripheral,60,8,29,0.025088173186185257,-0.015636270467675305,0.3793103448275862
all,ALL,low_value,ai_peripheral,60,9,29,0.032018845123135894,-0.008705598530724683,0.3793103448275862
all,ALL,low_value,ai_peripheral,60,10,29,0.043731709145232035,0.0030072654913714746,0.4827586206896552
all,ALL,low_value,ai_peripheral,120,1,26,0.1392489500820404,0.03460527919467417,0.5769230769230769
all,ALL,low_value,ai_peripheral,120,2,26,0.050721033742489895,-0.053922637144876356,0.34615384615384615
all,ALL,low_value,ai_peripheral,120,3,26,0.0625068495202804,-0.04213682136708584,0.34615384615384615
all,ALL,low_value,ai_peripheral,120,4,26,0.09514469825689996,-0.009498972630466307,0.46153846153846156
all,ALL,low_value,ai_peripheral,120,5,26,0.07217753837163597,-0.03246613251573028,0.4230769230769231
all,ALL,low_value,ai_peripheral,120,6,26,0.12945016915368873,0.024806498266322474,0.46153846153846156
all,ALL,low_value,ai_peripheral,120,7,26,0.10673399681905134,0.00209032593168509,0.4230769230769231
all,ALL,low_value,ai_peripheral,120,8,26,0.09835950199021674,-0.006284168897149494,0.34615384615384615
all,ALL,low_value,ai_peripheral,120,9,26,0.10686363116111798,0.0022199602737517344,0.46153846153846156
all,ALL,low_value,ai_peripheral,120,10,26,0.13309054810687668,0.028446877219510443,0.5384615384615384
all,ALL,momentum,core_ai,20,1,41,0.01681638166241412,0.0034283725056251427,0.5609756097560976
all,ALL,momentum,core_ai,20,2,41,0.021337846552792923,0.007949837396003951,0.5853658536585366
all,ALL,momentum,core_ai,20,3,41,0.014141990917533702,0.0007539817607447302,0.5365853658536586
all,ALL,momentum,core_ai,20,4,41,0.014516838590732172,0.0011288294339431998,0.5365853658536586
all,ALL,momentum,core_ai,20,5,41,0.015365198664707778,0.00197718950791881,0.6097560975609756
all,ALL,momentum,core_ai,20,6,41,0.018054223702623946,0.00466621454583497,0.5365853658536586
all,ALL,momentum,core_ai,20,7,41,0.01974994720903653,0.006361938052247559,0.5609756097560976
all,ALL,momentum,core_ai,20,8,41,0.026389240711278798,0.013001231554489817,0.5365853658536586
all,ALL,momentum,core_ai,20,9,41,0.017379509588127378,0.0039915004313384045,0.4878048780487805
all,ALL,momentum,core_ai,20,10,41,0.027785480658454667,0.01439747150166569,0.7317073170731707
all,ALL,momentum,core_ai,60,1,39,0.08629979603214603,0.035665920083718314,0.48717948717948717
all,ALL,momentum,core_ai,60,2,39,0.06533612591183269,0.014702249963404955,0.48717948717948717
all,ALL,momentum,core_ai,60,3,39,0.04621488056434097,-0.004418995384086751,0.48717948717948717
all,ALL,momentum,core_ai,60,4,39,0.08269986113715527,0.032065985188727546,0.6410256410256411
all,ALL,momentum,core_ai,60,5,39,0.07172453687161871,0.021090660923190997,0.5128205128205128
all,ALL,momentum,core_ai,60,6,39,0.06795100251172709,0.017317126563299375,0.5128205128205128
all,ALL,momentum,core_ai,60,7,39,0.0686693485000286,0.018035472551600904,0.5128205128205128
all,ALL,momentum,core_ai,60,8,39,0.07589343707409431,0.025259561125666602,0.5128205128205128
all,ALL,momentum,core_ai,60,9,39,0.0588067717832257,0.008172895834798003,0.5128205128205128
all,ALL,momentum,core_ai,60,10,39,0.09848261373838078,0.04784873778995307,0.7435897435897436
all,ALL,momentum,core_ai,120,1,36,0.19847295387687816,0.08337662886659478,0.6388888888888888
all,ALL,momentum,core_ai,120,2,36,0.19112463713909797,0.0760283121288146,0.6388888888888888
all,ALL,momentum,core_ai,120,3,36,0.1392939402744816,0.02419761526419821,0.5555555555555556
all,ALL,momentum,core_ai,120,4,36,0.15656895929150005,0.04147263428121667,0.5555555555555556
all,ALL,momentum,core_ai,120,5,36,0.19930986856653143,0.08421354355624805,0.6944444444444444
all,ALL,momentum,core_ai,120,6,36,0.1629060393033662,0.047809714293082756,0.5277777777777778
all,ALL,momentum,core_ai,120,7,36,0.14936573993411426,0.03426941492383083,0.5277777777777778
all,ALL,momentum,core_ai,120,8,36,0.19615571661623002,0.08105939160594658,0.6666666666666666
all,ALL,momentum,core_ai,120,9,36,0.17008016157440936,0.054983836564125955,0.6944444444444444
all,ALL,momentum,core_ai,120,10,36,0.23391477486578305,0.11881844985549961,0.9166666666666666
all,ALL,momentum,ai_enabler,20,1,41,-0.0013016471657395362,-0.01468965632252851,0.34146341463414637
all,ALL,momentum,ai_enabler,20,2,41,0.001669166853849001,-0.01171884230293997,0.4634146341463415
all,ALL,momentum,ai_enabler,20,3,41,0.005049276046916862,-0.008338733109872112,0.43902439024390244
all,ALL,momentum,ai_enabler,20,4,41,0.006544155160531401,-0.0068438539962575725,0.4634146341463415
all,ALL,momentum,ai_enabler,20,5,41,0.0037742414662260896,-0.009613767690562883,0.5609756097560976
all,ALL,momentum,ai_enabler,20,6,41,0.009484756388475051,-0.0039032527683139206,0.5121951219512195
all,ALL,momentum,ai_enabler,20,7,41,0.01004124181324901,-0.0033467673435399648,0.5853658536585366
all,ALL,momentum,ai_enabler,20,8,41,0.010260143051039724,-0.0031278661057492487,0.5853658536585366
all,ALL,momentum,ai_enabler,20,9,41,0.014771359457631365,0.0013833503008423937,0.5609756097560976
all,ALL,momentum,ai_enabler,20,10,41,0.017256460638602037,0.003868451481813062,0.5853658536585366
all,ALL,momentum,ai_enabler,60,1,39,0.035769184514607456,-0.014864691433820259,0.358974358974359
all,ALL,momentum,ai_enabler,60,2,39,0.025317571419878886,-0.02531630452854883,0.3076923076923077
all,ALL,momentum,ai_enabler,60,3,39,0.03620854523771672,-0.014425330710710994,0.41025641025641024
all,ALL,momentum,ai_enabler,60,4,39,0.03515262085105252,-0.015481255097375203,0.46153846153846156
all,ALL,momentum,ai_enabler,60,5,39,0.03442636372240954,-0.016207512226018184,0.3333333333333333
all,ALL,momentum,ai_enabler,60,6,39,0.04611714535216967,-0.004516730596258057,0.41025641025641024
all,ALL,momentum,ai_enabler,60,7,39,0.04601669412920668,-0.004617181819221037,0.5384615384615384
all,ALL,momentum,ai_enabler,60,8,39,0.03780187618070302,-0.012831999767724688,0.46153846153846156
all,ALL,momentum,ai_enabler,60,9,39,0.04942859957489965,-0.0012052763735280712,0.41025641025641024
all,ALL,momentum,ai_enabler,60,10,39,0.06289342772640344,0.012259551777975716,0.5641025641025641
all,ALL,momentum,ai_enabler,120,1,36,0.06442163872501049,-0.05067468628527293,0.3055555555555556
all,ALL,momentum,ai_enabler,120,2,36,0.06845714661651778,-0.04663917839376565,0.19444444444444445
all,ALL,momentum,ai_enabler,120,3,36,0.0850629813567283,-0.03003334365355513,0.2777777777777778
all,ALL,momentum,ai_enabler,120,4,36,0.08746694976470026,-0.02762937524558317,0.3611111111111111
all,ALL,momentum,ai_enabler,120,5,36,0.09344066515800488,-0.021655659852278533,0.3055555555555556
all,ALL,momentum,ai_enabler,120,6,36,0.09591428389062186,-0.019182041119661566,0.3611111111111111
all,ALL,momentum,ai_enabler,120,7,36,0.11180507807799946,-0.003291246932283962,0.4166666666666667
all,ALL,momentum,ai_enabler,120,8,36,0.09539847891117673,-0.019697846099106686,0.3888888888888889
all,ALL,momentum,ai_enabler,120,9,36,0.13901178869532368,0.02391546368504026,0.5
all,ALL,momentum,ai_enabler,120,10,36,0.1660668410072966,0.05097051599701319,0.7777777777777778
all,ALL,momentum,ai_peripheral,20,1,41,-0.004796147314006151,-0.01818415647079513,0.4634146341463415
all,ALL,momentum,ai_peripheral,20,2,41,-0.00017680420346714311,-0.013564813360256119,0.36585365853658536
all,ALL,momentum,ai_peripheral,20,3,41,0.0036749659391039687,-0.009713043217685005,0.4146341463414634
all,ALL,momentum,ai_peripheral,20,4,41,-0.0009102822326434645,-0.014298291389432434,0.43902439024390244
all,ALL,momentum,ai_peripheral,20,5,41,0.0034897230131217486,-0.009898286143667227,0.4878048780487805
all,ALL,momentum,ai_peripheral,20,6,41,-0.0001188319252123371,-0.013506841082001307,0.43902439024390244
all,ALL,momentum,ai_peripheral,20,7,41,0.003358670659418655,-0.010029338497370316,0.4634146341463415
all,ALL,momentum,ai_peripheral,20,8,41,0.005945773807123494,-0.00744223534966548,0.4634146341463415
all,ALL,momentum,ai_peripheral,20,9,41,0.009142008696524246,-0.004246000460264726,0.6341463414634146
all,ALL,momentum,ai_peripheral,20,10,41,0.0122882924460133,-0.0010997167107756692,0.5365853658536586
all,ALL,momentum,ai_peripheral,60,1,39,0.026207827406003303,-0.024426048542424417,0.46153846153846156
all,ALL,momentum,ai_peripheral,60,2,39,0.03226597730708127,-0.018367898641346445,0.38461538461538464
all,ALL,momentum,ai_peripheral,60,3,39,0.03024962269120185,-0.020384253257225864,0.358974358974359
all,ALL,momentum,ai_peripheral,60,4,39,0.013934668944716004,-0.036699207003711716,0.2564102564102564
all,ALL,momentum,ai_peripheral,60,5,39,0.027714370729140632,-0.02291950521928709,0.358974358974359
all,ALL,momentum,ai_peripheral,60,6,39,0.028570865646457576,-0.022063010301970134,0.38461538461538464
all,ALL,momentum,ai_peripheral,60,7,39,0.026626890146653627,-0.02400698580177408,0.358974358974359
all,ALL,momentum,ai_peripheral,60,8,39,0.03208792290782488,-0.01854595304060284,0.4358974358974359
all,ALL,momentum,ai_peripheral,60,9,39,0.03151418041027333,-0.019119695538154378,0.38461538461538464
all,ALL,momentum,ai_peripheral,60,10,39,0.04274633406198368,-0.007887541886444036,0.48717948717948717
all,ALL,momentum,ai_peripheral,120,1,36,0.05117735836286013,-0.0639189666474233,0.19444444444444445
all,ALL,momentum,ai_peripheral,120,2,36,0.05918594889001042,-0.05591037612027298,0.2777777777777778
all,ALL,momentum,ai_peripheral,120,3,36,0.07513708633927191,-0.039959238671011525,0.2777777777777778
all,ALL,momentum,ai_peripheral,120,4,36,0.04041591713802783,-0.07468040787225558,0.1388888888888889
all,ALL,momentum,ai_peripheral,120,5,36,0.06923162045449621,-0.04586470455578719,0.2777777777777778
all,ALL,momentum,ai_peripheral,120,6,36,0.07039676938455358,-0.04469955562572983,0.3333333333333333
all,ALL,momentum,ai_peripheral,120,7,36,0.06624907295185645,-0.048847252058426965,0.25
all,ALL,momentum,ai_peripheral,120,8,36,0.08413090455811738,-0.030965420452166048,0.3055555555555556
all,ALL,momentum,ai_peripheral,120,9,36,0.092064721438928,-0.023031603571355422,0.3888888888888889
all,ALL,momentum,ai_peripheral,120,10,36,0.11734207641390793,0.002245751403624503,0.5
all,ALL,low_value,core_ai,20,1,30,0.024971678190824888,0.013738901574463006,0.4666666666666667
all,ALL,low_value,core_ai,20,2,30,0.04636959726204828,0.03513682064568639,0.5666666666666667
all,ALL,low_value,core_ai,20,3,30,0.024914637962932362,0.013681861346570484,0.5
all,ALL,low_value,core_ai,20,4,30,0.022337050846010172,0.011104274229648292,0.6666666666666666
all,ALL,low_value,core_ai,20,5,30,0.027027730291202333,0.01579495367484045,0.5333333333333333
all,ALL,low_value,core_ai,20,6,30,0.0026728341136271123,-0.008559942502734773,0.4666666666666667
all,ALL,low_value,core_ai,20,7,30,0.012970111349455991,0.0017373347330941085,0.5333333333333333
all,ALL,low_value,core_ai,20,8,30,0.0012709808621840235,-0.00996179575417786,0.4
all,ALL,low_value,core_ai,20,9,30,0.024915819999249023,0.013683043382887134,0.5333333333333333
all,ALL,low_value,core_ai,20,10,30,0.025532957189655738,0.014300180573293858,0.5666666666666667
all,ALL,low_value,core_ai,60,1,29,0.10175527565458219,0.057637228099457406,0.4827586206896552
all,ALL,low_value,core_ai,60,2,29,0.16227593391308917,0.11815788635796443,0.6551724137931034
all,ALL,low_value,core_ai,60,3,29,0.05385228765539208,0.009734240100267298,0.41379310344827586
all,ALL,low_value,core_ai,60,4,29,0.17714549742561408,0.13302744987048926,0.6896551724137931
all,ALL,low_value,core_ai,60,5,29,0.09211039466714063,0.04799234711201586,0.5172413793103449
all,ALL,low_value,core_ai,60,6,29,0.09363936471801894,0.049521317162894166,0.5172413793103449
all,ALL,low_value,core_ai,60,7,29,0.05083747467571777,0.006719427120592987,0.4827586206896552
all,ALL,low_value,core_ai,60,8,29,0.03152730856346237,-0.01259073899166241,0.6206896551724138
all,ALL,low_value,core_ai,60,9,29,0.07222432834415828,0.028106280789033492,0.5172413793103449
all,ALL,low_value,core_ai,60,10,29,0.1424940894217028,0.09837604186657804,0.7241379310344828
all,ALL,low_value,core_ai,120,1,26,0.25211698953088935,0.157904747635489,0.5384615384615384
all,ALL,low_value,core_ai,120,2,26,0.32168986135491634,0.22747761945951603,0.7307692307692307
all,ALL,low_value,core_ai,120,3,26,0.26723350653642913,0.17302126464102877,0.5
all,ALL,low_value,core_ai,120,4,26,0.39065975632545386,0.29644751443005357,0.6923076923076923
all,ALL,low_value,core_ai,120,5,26,0.2042380542409181,0.11002581234551775,0.5
all,ALL,low_value,core_ai,120,6,26,0.18847053381781664,0.09425829192241632,0.5384615384615384
all,ALL,low_value,core_ai,120,7,26,0.10785068810490256,0.013638446209502211,0.5384615384615384
all,ALL,low_value,core_ai,120,8,26,0.10549016758494766,0.011277925689547299,0.38461538461538464
all,ALL,low_value,core_ai,120,9,26,0.15218186391964586,0.0579696220242455,0.5769230769230769
all,ALL,low_value,core_ai,120,10,26,0.2752101453767933,0.180997903481393,0.8076923076923077
all,ALL,low_value,ALL,20,1,39,0.005220098843532521,-0.0071640339175311945,0.4358974358974359
all,ALL,low_value,ALL,20,2,39,0.017238814480022596,0.004854681718958878,0.48717948717948717
all,ALL,low_value,ALL,20,3,39,0.009892203503962443,-0.0024919292571012807,0.5128205128205128
all,ALL,low_value,ALL,20,4,39,0.012354902493837775,-2.9230267225941976e-05,0.5641025641025641
all,ALL,low_value,ALL,20,5,39,0.011983119665917794,-0.00040101309514592025,0.48717948717948717
all,ALL,low_value,ALL,20,6,39,0.005284562424928058,-0.007099570336135656,0.5384615384615384
all,ALL,low_value,ALL,20,7,39,0.010369523816162284,-0.0020146089449014303,0.5384615384615384
all,ALL,low_value,ALL,20,8,39,0.005465297577604795,-0.006918835183458921,0.38461538461538464
all,ALL,low_value,ALL,20,9,39,0.01298081607336036,0.0005966833122966517,0.46153846153846156
all,ALL,low_value,ALL,20,10,39,0.023663910425053947,0.011279777663990232,0.6153846153846154
all,ALL,low_value,ALL,60,1,37,0.0493932360308919,0.00568642915287005,0.4594594594594595
all,ALL,low_value,ALL,60,2,37,0.05397740291831308,0.010270596040291223,0.5405405405405406
all,ALL,low_value,ALL,60,3,37,0.03297561677881824,-0.010731190099203616,0.43243243243243246
all,ALL,low_value,ALL,60,4,37,0.06169124964404663,0.017984442766024778,0.5945945945945946
all,ALL,low_value,ALL,60,5,37,0.037500872375087126,-0.0062059345029347205,0.35135135135135137
all,ALL,low_value,ALL,60,6,37,0.04324958549452162,-0.0004572213835002347,0.4594594594594595
all,ALL,low_value,ALL,60,7,37,0.02888054206168345,-0.014826264816338404,0.40540540540540543
all,ALL,low_value,ALL,60,8,37,0.029570449081956565,-0.014136357796065287,0.5135135135135135
all,ALL,low_value,ALL,60,9,37,0.031566970791634195,-0.012139836086387657,0.3783783783783784
all,ALL,low_value,ALL,60,10,37,0.08543840125609126,0.041731594378069406,0.7027027027027027
all,ALL,low_value,ALL,120,1,34,0.15124384532501287,0.042653746176732954,0.5882352941176471
all,ALL,low_value,ALL,120,2,34,0.15535276568502474,0.04676266653674484,0.6176470588235294
all,ALL,low_value,ALL,120,3,34,0.17895441271043128,0.07036431356215138,0.4411764705882353
all,ALL,low_value,ALL,120,4,34,0.19603014992044593,0.087440050772166,0.6176470588235294
all,ALL,low_value,ALL,120,5,34,0.1469616529186379,0.03837155377035798,0.5294117647058824
all,ALL,low_value,ALL,120,6,34,0.12354818377334101,0.014958084625061097,0.47058823529411764
all,ALL,low_value,ALL,120,7,34,0.12346033294285232,0.014870233794572434,0.4411764705882353
all,ALL,low_value,ALL,120,8,34,0.10614590379451712,-0.002444195353762793,0.47058823529411764
all,ALL,low_value,ALL,120,9,34,0.1037436891674119,-0.004846409980867996,0.35294117647058826
all,ALL,low_value,ALL,120,10,34,0.20735598026730526,0.09876588111902534,0.7352941176470589
all,ALL,momentum,ALL,20,1,41,0.0035728623942228132,-0.009815146762566163,0.43902439024390244
all,ALL,momentum,ALL,20,2,41,0.007610069734391591,-0.005777939422397379,0.4878048780487805
all,ALL,momentum,ALL,20,3,41,0.007622077634518179,-0.005765931522270795,0.4634146341463415
all,ALL,momentum,ALL,20,4,41,0.006716903839540035,-0.0066711053172489355,0.4878048780487805
all,ALL,momentum,ALL,20,5,41,0.0075430543813518715,-0.005844954775437103,0.5609756097560976
all,ALL,momentum,ALL,20,6,41,0.009140049388628887,-0.004247959768160085,0.5365853658536586
all,ALL,momentum,ALL,20,7,41,0.011049953227234729,-0.002338055929554241,0.4878048780487805
all,ALL,momentum,ALL,20,8,41,0.014198385856480672,0.0008103766996916969,0.5365853658536586
all,ALL,momentum,ALL,20,9,41,0.013764292580760994,0.00037628342397202344,0.5365853658536586
all,ALL,momentum,ALL,20,10,41,0.019110077914356666,0.0057220687575676955,0.5853658536585366
all,ALL,momentum,ALL,60,1,39,0.04942560265091893,-0.001208273297508788,0.4358974358974359
all,ALL,momentum,ALL,60,2,39,0.040973224879597606,-0.009660651068830104,0.46153846153846156
all,ALL,momentum,ALL,60,3,39,0.037557682831086514,-0.013076193117341203,0.5128205128205128
all,ALL,momentum,ALL,60,4,39,0.043929050310974604,-0.00670482563745312,0.4358974358974359
all,ALL,momentum,ALL,60,5,39,0.04462175710772296,-0.006012118840704759,0.48717948717948717
all,ALL,momentum,ALL,60,6,39,0.04754633783678478,-0.003087538111642941,0.5128205128205128
all,ALL,momentum,ALL,60,7,39,0.04710431092529633,-0.0035295650231314066,0.46153846153846156
all,ALL,momentum,ALL,60,8,39,0.0485944120542074,-0.002039463894220309,0.4358974358974359
all,ALL,momentum,ALL,60,9,39,0.04658318392279956,-0.004050692025628151,0.4358974358974359
all,ALL,momentum,ALL,60,10,39,0.06804079184225596,0.017406915893828253,0.5641025641025641
all,ALL,momentum,ALL,120,1,36,0.10469065032158295,-0.010405674688700482,0.4166666666666667
all,ALL,momentum,ALL,120,2,36,0.10625591088187541,-0.00884041412840801,0.4722222222222222
all,ALL,momentum,ALL,120,3,36,0.09983133599016061,-0.015264989020122815,0.3333333333333333
all,ALL,momentum,ALL,120,4,36,0.09481727539807605,-0.02027904961220736,0.4444444444444444
all,ALL,momentum,ALL,120,5,36,0.12066071805967754,0.005564393049394106,0.5277777777777778
all,ALL,momentum,ALL,120,6,36,0.10973903085951386,-0.005357294150769545,0.4722222222222222
all,ALL,momentum,ALL,120,7,36,0.10913996365465671,-0.0059563613556267055,0.4722222222222222
all,ALL,momentum,ALL,120,8,36,0.1252283666951747,0.010132041684891284,0.4722222222222222
all,ALL,momentum,ALL,120,9,36,0.1337188905695537,0.018622565559270263,0.5555555555555556
all,ALL,momentum,ALL,120,10,36,0.1724412307623292,0.05734490575204576,0.7777777777777778
year,2023,low_value,ai_enabler,20,1,10,-0.024719378408513286,-0.04357629714834539,0.3
year,2023,low_value,ai_enabler,20,2,10,0.004829190708594484,-0.014027728031237613,0.3
year,2023,low_value,ai_enabler,20,3,10,-0.017991686385476557,-0.03684860512530866,0.3
year,2023,low_value,ai_enabler,20,4,10,-0.001386848086787191,-0.02024376682661929,0.3
year,2023,low_value,ai_enabler,20,5,10,0.015744878694181823,-0.0031120400456502765,0.5
year,2023,low_value,ai_enabler,20,6,10,0.002819420039245825,-0.016037498700586277,0.4
year,2023,low_value,ai_enabler,20,7,10,0.0008096651828743112,-0.018047253556957788,0.5
year,2023,low_value,ai_enabler,20,8,10,0.007724648375252942,-0.011132270364579156,0.6
year,2023,low_value,ai_enabler,20,9,10,0.00897189781140598,-0.00988502092842612,0.4
year,2023,low_value,ai_enabler,20,10,10,0.023669802989967938,0.004812884250135841,0.5
year,2023,low_value,ai_enabler,60,1,10,0.026685765785847138,-0.042444157567792185,0.3
year,2023,low_value,ai_enabler,60,2,10,0.04529092699003984,-0.023838996363599478,0.3
year,2023,low_value,ai_enabler,60,3,10,-0.002648945266328223,-0.07177886861996755,0.1
year,2023,low_value,ai_enabler,60,4,10,0.014120504186421065,-0.05500941916721826,0.2
year,2023,low_value,ai_enabler,60,5,10,0.045654507490886675,-0.02347541586275265,0.2
year,2023,low_value,ai_enabler,60,6,10,0.03779227254741333,-0.03133765080622599,0.5
year,2023,low_value,ai_enabler,60,7,10,0.02531047642450217,-0.043819446929137154,0.4
year,2023,low_value,ai_enabler,60,8,10,0.05137984142824239,-0.017750081925396927,0.5
year,2023,low_value,ai_enabler,60,9,10,0.013115738023794293,-0.05601418532984505,0.3
year,2023,low_value,ai_enabler,60,10,10,0.13433466260539567,0.06520473925175635,0.8
year,2023,low_value,ai_enabler,120,1,10,0.044883797625400235,-0.10938336032236924,0.1
year,2023,low_value,ai_enabler,120,2,10,0.1233348101734874,-0.030932347774282082,0.3
year,2023,low_value,ai_enabler,120,3,10,0.06064757719715328,-0.09361958075061619,0.2
year,2023,low_value,ai_enabler,120,4,10,0.09067133648977176,-0.06359582145799772,0.3
year,2023,low_value,ai_enabler,120,5,10,0.11895968498960081,-0.03530747295816865,0.4
year,2023,low_value,ai_enabler,120,6,10,0.11780573343698997,-0.03646142451077948,0.4
year,2023,low_value,ai_enabler,120,7,10,0.09382363595820482,-0.06044352198956465,0.2
year,2023,low_value,ai_enabler,120,8,10,0.13297446861964196,-0.021292689328127487,0.5
year,2023,low_value,ai_enabler,120,9,10,0.07744816156513964,-0.07681899638262982,0.1
year,2023,low_value,ai_enabler,120,10,10,0.2755334324169326,0.12126627446916313,0.8
year,2023,low_value,ai_peripheral,20,1,5,0.007711625437879762,-0.007192073641837798,0.4
year,2023,low_value,ai_peripheral,20,2,5,-0.007849126479339778,-0.022752825559057333,0.4
year,2023,low_value,ai_peripheral,20,3,5,0.0010634403734103987,-0.013840258706307165,0.4
year,2023,low_value,ai_peripheral,20,4,5,0.013262567193473119,-0.0016411318862444395,0.4
year,2023,low_value,ai_peripheral,20,5,5,0.0008308153451879616,-0.014072883734529602,0.4
year,2023,low_value,ai_peripheral,20,6,5,0.024934709242694624,0.01003101016297707,0.6
year,2023,low_value,ai_peripheral,20,7,5,0.012812309050141284,-0.0020913900295762775,0.4
year,2023,low_value,ai_peripheral,20,8,5,0.003507481403373256,-0.011396217676344305,0.4
year,2023,low_value,ai_peripheral,20,9,5,0.013437678514445495,-0.0014660205652720678,0.4
year,2023,low_value,ai_peripheral,20,10,5,0.03257575724873422,0.01767205816901666,0.6
year,2023,low_value,ai_peripheral,60,1,5,0.08023016869926977,0.04241260903755741,0.6
year,2023,low_value,ai_peripheral,60,2,5,0.0025225296725069624,-0.035295029989205404,0.4
year,2023,low_value,ai_peripheral,60,3,5,-0.0412297920294223,-0.07904735169113467,0.0
year,2023,low_value,ai_peripheral,60,4,5,0.03273820056722365,-0.0050793590944887,0.4
year,2023,low_value,ai_peripheral,60,5,5,0.001218997341071601,-0.03659856232064076,0.0
year,2023,low_value,ai_peripheral,60,6,5,0.03540556356465674,-0.002411996097055627,0.4
year,2023,low_value,ai_peripheral,60,7,5,0.016245724431400606,-0.02157183523031174,0.4
year,2023,low_value,ai_peripheral,60,8,5,0.001269335630142726,-0.03654822403156963,0.2
year,2023,low_value,ai_peripheral,60,9,5,-0.007980747235308134,-0.04579830689702051,0.4
year,2023,low_value,ai_peripheral,60,10,5,0.054927344619731124,0.01710978495801877,0.4
year,2023,low_value,ai_peripheral,120,1,5,0.1482256982833233,-0.012385809543712756,0.6
year,2023,low_value,ai_peripheral,120,2,5,0.08333239517235808,-0.07727911265467799,0.2
year,2023,low_value,ai_peripheral,120,3,5,0.05349474358993474,-0.1071167642371013,0.4
year,2023,low_value,ai_peripheral,120,4,5,0.08833149637043612,-0.07228001145659993,0.2
year,2023,low_value,ai_peripheral,120,5,5,0.0842002118052095,-0.07641129602182657,0.4
year,2023,low_value,ai_peripheral,120,6,5,0.10181336404598493,-0.058798143781051124,0.2
year,2023,low_value,ai_peripheral,120,7,5,0.08002053587349259,-0.08059097195354349,0.2
year,2023,low_value,ai_peripheral,120,8,5,0.09403849384018549,-0.06657301398685059,0.2
year,2023,low_value,ai_peripheral,120,9,5,0.06600131527166278,-0.09461019255537327,0.0
year,2023,low_value,ai_peripheral,120,10,5,0.1842157688232372,0.02360426099620115,0.6
year,2023,momentum,core_ai,20,1,12,0.017049494013282426,-0.004158538082149574,0.5833333333333334
year,2023,momentum,core_ai,20,2,12,0.02943839619868498,0.008230364103252988,0.75
year,2023,momentum,core_ai,20,3,12,0.017653161765544653,-0.0035548703298873495,0.5
year,2023,momentum,core_ai,20,4,12,0.029771495340491245,0.00856346324505925,0.5
year,2023,momentum,core_ai,20,5,12,0.014963303756803407,-0.006244728338628591,0.4166666666666667
year,2023,momentum,core_ai,20,6,12,0.024286783025294537,0.003078750929862536,0.5
year,2023,momentum,core_ai,20,7,12,0.019274074472373934,-0.0019339576230580713,0.4166666666666667
year,2023,momentum,core_ai,20,8,12,0.02509521595077738,0.0038871838553453763,0.5
year,2023,momentum,core_ai,20,9,12,0.01134092049911166,-0.009867111596320335,0.3333333333333333
year,2023,momentum,core_ai,20,10,12,0.027598663921126056,0.006390631825694052,0.5
year,2023,momentum,core_ai,60,1,12,0.10046564549776844,0.013059933744579621,0.3333333333333333
year,2023,momentum,core_ai,60,2,12,0.10247230102903625,0.015066589275847425,0.5
year,2023,momentum,core_ai,60,3,12,0.09698328784132752,0.009577576088138714,0.5
year,2023,momentum,core_ai,60,4,12,0.11274921581414833,0.025343504060959546,0.5
year,2023,momentum,core_ai,60,5,12,0.08216810130772523,-0.005237610445463577,0.3333333333333333
year,2023,momentum,core_ai,60,6,12,0.08470971874193915,-0.0026959930112496733,0.4166666666666667
year,2023,momentum,core_ai,60,7,12,0.09271130514345377,0.005305593390264977,0.5833333333333334
year,2023,momentum,core_ai,60,8,12,0.09705098121540588,0.009645269462217086,0.5833333333333334
year,2023,momentum,core_ai,60,9,12,0.09837479008509392,0.010969078331905122,0.5833333333333334
year,2023,momentum,core_ai,60,10,12,0.11650775916571775,0.029102047412528944,0.5833333333333334
year,2023,momentum,core_ai,120,1,12,0.1919908463821638,0.025817853981632027,0.5
year,2023,momentum,core_ai,120,2,12,0.23067971810050605,0.06450672569997438,0.6666666666666666
year,2023,momentum,core_ai,120,3,12,0.20606780282762385,0.03989481042709211,0.6666666666666666
year,2023,momentum,core_ai,120,4,12,0.16603024335509822,-0.00014274904543352027,0.4166666666666667
year,2023,momentum,core_ai,120,5,12,0.18679725955846463,0.020624267157932936,0.5
year,2023,momentum,core_ai,120,6,12,0.17035866538571476,0.004185672985183013,0.5
year,2023,momentum,core_ai,120,7,12,0.1698567611394648,0.003683768738933068,0.5833333333333334
year,2023,momentum,core_ai,120,8,12,0.19240386614136792,0.02623087374083617,0.6666666666666666
year,2023,momentum,core_ai,120,9,12,0.24593109690827428,0.07975810450774254,0.75
year,2023,momentum,core_ai,120,10,12,0.25002208741368476,0.08384909501315303,0.8333333333333334
year,2023,momentum,ai_enabler,20,1,12,-0.009128958857938208,-0.030336990953370207,0.16666666666666666
year,2023,momentum,ai_enabler,20,2,12,-0.000873036041106152,-0.02208106813653815,0.3333333333333333
year,2023,momentum,ai_enabler,20,3,12,0.007875892954275836,-0.013332139141156163,0.3333333333333333
year,2023,momentum,ai_enabler,20,4,12,0.00592235174664562,-0.015285680348786385,0.25
year,2023,momentum,ai_enabler,20,5,12,0.008648008261206198,-0.012560023834225798,0.4166666666666667
year,2023,momentum,ai_enabler,20,6,12,0.009749912551685508,-0.011458119543746493,0.5
year,2023,momentum,ai_enabler,20,7,12,0.0015908072345843377,-0.019617224860847656,0.25
year,2023,momentum,ai_enabler,20,8,12,0.009705296574505097,-0.0115027355209269,0.5
year,2023,momentum,ai_enabler,20,9,12,0.011032258980632453,-0.010175773114799542,0.5
year,2023,momentum,ai_enabler,20,10,12,0.009805130605442759,-0.011402901489989238,0.4166666666666667
year,2023,momentum,ai_enabler,60,1,12,0.053215382794254466,-0.034190328958934334,0.25
year,2023,momentum,ai_enabler,60,2,12,0.03376551890355551,-0.053640192849633284,0.08333333333333333
year,2023,momentum,ai_enabler,60,3,12,0.0418867368640743,-0.045518974889114494,0.25
year,2023,momentum,ai_enabler,60,4,12,0.04688102038180612,-0.04052469137138268,0.25
year,2023,momentum,ai_enabler,60,5,12,0.055078578209807744,-0.03232713354338106,0.3333333333333333
year,2023,momentum,ai_enabler,60,6,12,0.05227727109571142,-0.035128440657477375,0.25
year,2023,momentum,ai_enabler,60,7,12,0.03923108700355336,-0.048174624749635436,0.25
year,2023,momentum,ai_enabler,60,8,12,0.05433239954089334,-0.03307331221229546,0.3333333333333333
year,2023,momentum,ai_enabler,60,9,12,0.06686696374644517,-0.020538748006743626,0.4166666666666667
year,2023,momentum,ai_enabler,60,10,12,0.08214890902991225,-0.005256802723276559,0.4166666666666667
year,2023,momentum,ai_enabler,120,1,12,0.061535084124330695,-0.10463790827620105,0.16666666666666666
year,2023,momentum,ai_enabler,120,2,12,0.08670632853705564,-0.07946666386347608,0.16666666666666666
year,2023,momentum,ai_enabler,120,3,12,0.08805162977400749,-0.07812136262652424,0.0
year,2023,momentum,ai_enabler,120,4,12,0.1139688044820495,-0.05220418791848221,0.16666666666666666
year,2023,momentum,ai_enabler,120,5,12,0.09157093974016019,-0.07460205266037154,0.16666666666666666
year,2023,momentum,ai_enabler,120,6,12,0.10036446299722807,-0.06580852940330367,0.25
year,2023,momentum,ai_enabler,120,7,12,0.09522745063618882,-0.07094554176434294,0.16666666666666666
year,2023,momentum,ai_enabler,120,8,12,0.1084734560326933,-0.05769953636783844,0.25
year,2023,momentum,ai_enabler,120,9,12,0.1445980713771798,-0.02157492102335193,0.3333333333333333
year,2023,momentum,ai_enabler,120,10,12,0.20326341114736546,0.03709041874683371,0.75
year,2023,momentum,ai_peripheral,20,1,12,-0.01671528009338059,-0.037923312188812584,0.3333333333333333
year,2023,momentum,ai_peripheral,20,2,12,-0.0062388496482037635,-0.027446881743635767,0.25
year,2023,momentum,ai_peripheral,20,3,12,-0.0040743597511605405,-0.025282391846592544,0.25
year,2023,momentum,ai_peripheral,20,4,12,-0.0052960921646097135,-0.02650412426004171,0.25
year,2023,momentum,ai_peripheral,20,5,12,0.0009820153962639118,-0.020226016699168087,0.4166666666666667
year,2023,momentum,ai_peripheral,20,6,12,-0.0027765873296068874,-0.023984619425038888,0.25
year,2023,momentum,ai_peripheral,20,7,12,0.0039919821285378096,-0.01721604996689419,0.5
year,2023,momentum,ai_peripheral,20,8,12,-0.0068423711319416936,-0.02805040322737369,0.16666666666666666
year,2023,momentum,ai_peripheral,20,9,12,0.0036923656349882763,-0.017515666460443724,0.5833333333333334
year,2023,momentum,ai_peripheral,20,10,12,0.00527070611402661,-0.01593732598140539,0.3333333333333333
year,2023,momentum,ai_peripheral,60,1,12,0.028227128622792478,-0.05917858313039632,0.16666666666666666
year,2023,momentum,ai_peripheral,60,2,12,0.03432945087237369,-0.05307626088081512,0.25
year,2023,momentum,ai_peripheral,60,3,12,0.03472117776790239,-0.052684533985286386,0.08333333333333333
year,2023,momentum,ai_peripheral,60,4,12,0.007342754739586885,-0.08006295701360192,0.0
year,2023,momentum,ai_peripheral,60,5,12,0.03362860918293175,-0.05377710257025705,0.16666666666666666
year,2023,momentum,ai_peripheral,60,6,12,0.03459186659231539,-0.0528138451608734,0.25
year,2023,momentum,ai_peripheral,60,7,12,0.0285502588726681,-0.058855452880520694,0.25
year,2023,momentum,ai_peripheral,60,8,12,0.0252859959579205,-0.06211971579526829,0.08333333333333333
year,2023,momentum,ai_peripheral,60,9,12,0.03296309223740084,-0.054442619515787945,0.08333333333333333
year,2023,momentum,ai_peripheral,60,10,12,0.033402480846909534,-0.05400323090627926,0.3333333333333333
year,2023,momentum,ai_peripheral,120,1,12,0.05428730667585852,-0.11188568572467318,0.08333333333333333
year,2023,momentum,ai_peripheral,120,2,12,0.07087006744593459,-0.09530292495459712,0.16666666666666666
year,2023,momentum,ai_peripheral,120,3,12,0.07099974656308043,-0.09517324583745129,0.16666666666666666
year,2023,momentum,ai_peripheral,120,4,12,0.029892516920989095,-0.13628047547954264,0.0
year,2023,momentum,ai_peripheral,120,5,12,0.07709336995403099,-0.08907962244650074,0.16666666666666666
year,2023,momentum,ai_peripheral,120,6,12,0.06903121648293577,-0.09714177591759594,0.08333333333333333
year,2023,momentum,ai_peripheral,120,7,12,0.07620342492386525,-0.08996956747666646,0.08333333333333333
year,2023,momentum,ai_peripheral,120,8,12,0.08379418536970096,-0.08237880703083077,0.16666666666666666
year,2023,momentum,ai_peripheral,120,9,12,0.07815289748622568,-0.08802009491430605,0.25
year,2023,momentum,ai_peripheral,120,10,12,0.10254048187306646,-0.06363251052746527,0.25
year,2023,low_value,core_ai,20,1,7,-0.025783858602553555,-0.03711117919517878,0.2857142857142857
year,2023,low_value,core_ai,20,2,7,0.005252228344814004,-0.0060750922478112245,0.2857142857142857
year,2023,low_value,core_ai,20,3,7,-9.440412342851772e-06,-0.011336761004968082,0.5714285714285714
year,2023,low_value,core_ai,20,4,7,0.02203215024170117,0.010704829649075941,0.5714285714285714
year,2023,low_value,core_ai,20,5,7,0.018749781570090416,0.007422460977465188,0.42857142857142855
year,2023,low_value,core_ai,20,6,7,-0.0012808735882282873,-0.012608194180853514,0.2857142857142857
year,2023,low_value,core_ai,20,7,7,0.01216930206960597,0.0008419814769807422,0.42857142857142855
year,2023,low_value,core_ai,20,8,7,0.002379758477473184,-0.008947562115152047,0.42857142857142855
year,2023,low_value,core_ai,20,9,7,0.015819681786038303,0.004492361193413077,0.5714285714285714
year,2023,low_value,core_ai,20,10,7,0.02501487086602063,0.013687550273395398,0.42857142857142855
year,2023,low_value,core_ai,60,1,7,0.028686430643448012,-0.015408526179773034,0.42857142857142855
year,2023,low_value,core_ai,60,2,7,0.06767249601098912,0.023577539187768077,0.2857142857142857
year,2023,low_value,core_ai,60,3,7,0.06808128460321637,0.02398632777999532,0.42857142857142855
year,2023,low_value,core_ai,60,4,7,0.04344131278212898,-0.0006536440410920651,0.5714285714285714
year,2023,low_value,core_ai,60,5,7,0.037076893181753605,-0.007018063641467432,0.42857142857142855
year,2023,low_value,core_ai,60,6,7,0.02239008496252184,-0.0217048718606992,0.5714285714285714
year,2023,low_value,core_ai,60,7,7,0.0645154379454171,0.020420481122196046,0.5714285714285714
year,2023,low_value,core_ai,60,8,7,0.04335939597067478,-0.0007355608525462644,0.7142857142857143
year,2023,low_value,core_ai,60,9,7,0.054789974531251076,0.010695017708030038,0.42857142857142855
year,2023,low_value,core_ai,60,10,7,0.14857075838850703,0.10447580156528599,0.7142857142857143
year,2023,low_value,core_ai,120,1,7,0.13101179448045328,0.001726714929496815,0.42857142857142855
year,2023,low_value,core_ai,120,2,7,0.16655617582868096,0.037271096277724514,0.42857142857142855
year,2023,low_value,core_ai,120,3,7,0.24763674781862074,0.11835166826766426,0.5714285714285714
year,2023,low_value,core_ai,120,4,7,0.12612338232686152,-0.0031616972240949837,0.5714285714285714
year,2023,low_value,core_ai,120,5,7,0.1176547859575756,-0.011630293593380863,0.42857142857142855
year,2023,low_value,core_ai,120,6,7,0.12929949696057072,1.4417409614244509e-05,0.5714285714285714
year,2023,low_value,core_ai,120,7,7,0.14950066400447343,0.02021558445351698,0.5714285714285714
year,2023,low_value,core_ai,120,8,7,0.08398808238994601,-0.04529699716101047,0.2857142857142857
year,2023,low_value,core_ai,120,9,7,0.1637619082259604,0.03447682867500395,0.5714285714285714
year,2023,low_value,core_ai,120,10,7,0.345392922569009,0.2161078430180525,1.0
year,2023,low_value,ALL,20,1,10,-0.024656189188498802,-0.043513107928330894,0.2
year,2023,low_value,ALL,20,2,10,0.0028667059503214186,-0.015990212789510676,0.3
year,2023,low_value,ALL,20,3,10,-0.013411667285262812,-0.032268586025094914,0.4
year,2023,low_value,ALL,20,4,10,0.004680921709402748,-0.014175997030429353,0.3
year,2023,low_value,ALL,20,5,10,0.01396791557073233,-0.0048890031690997674,0.6
year,2023,low_value,ALL,20,6,10,0.0016857803946523614,-0.01717113834517974,0.5
year,2023,low_value,ALL,20,7,10,-0.0009639244896317816,-0.01982084322946388,0.5
year,2023,low_value,ALL,20,8,10,5.1336324618522775e-05,-0.018805582415213577,0.4
year,2023,low_value,ALL,20,9,10,0.01052704645050515,-0.008329872289326946,0.3
year,2023,low_value,ALL,20,10,10,0.02299766968181635,0.004140750941984251,0.4
year,2023,low_value,ALL,60,1,10,0.03459866858145429,-0.034531254772185035,0.3
year,2023,low_value,ALL,60,2,10,0.04207480204946246,-0.027055121304176866,0.2
year,2023,low_value,ALL,60,3,10,0.015454795589388856,-0.05367512776425047,0.2
year,2023,low_value,ALL,60,4,10,0.03227747705456647,-0.03685244629907285,0.4
year,2023,low_value,ALL,60,5,10,0.04598633211317554,-0.02314359124046378,0.2
year,2023,low_value,ALL,60,6,10,0.032579912844122996,-0.036550010509516326,0.3
year,2023,low_value,ALL,60,7,10,0.031628079853687985,-0.037501843499951316,0.4
year,2023,low_value,ALL,60,8,10,0.04302299308767907,-0.026106930265960247,0.5
year,2023,low_value,ALL,60,9,10,0.01631910690330575,-0.052810816450333566,0.3
year,2023,low_value,ALL,60,10,10,0.1426051907727127,0.07347526741907337,0.7
year,2023,low_value,ALL,120,1,10,0.06756094382462034,-0.08670621412314913,0.4
year,2023,low_value,ALL,120,2,10,0.11772224828583151,-0.03654490966193797,0.4
year,2023,low_value,ALL,120,3,10,0.09737572897892877,-0.056891428968840696,0.3
year,2023,low_value,ALL,120,4,10,0.10426471291152133,-0.05000244503624812,0.4
year,2023,low_value,ALL,120,5,10,0.12345424710134822,-0.030812910846421283,0.5
year,2023,low_value,ALL,120,6,10,0.11064624060476577,-0.043620917343003704,0.4
year,2023,low_value,ALL,120,7,10,0.10517569078795261,-0.04909146715981685,0.2
year,2023,low_value,ALL,120,8,10,0.11149515892720399,-0.042771999020565464,0.3
year,2023,low_value,ALL,120,9,10,0.09869948039926968,-0.05556767754849978,0.2
year,2023,low_value,ALL,120,10,10,0.2913360165307733,0.13706885858300383,0.8
year,2023,momentum,ALL,20,1,12,-0.0029315816460121183,-0.024139613741444122,0.3333333333333333
year,2023,momentum,ALL,20,2,12,0.007442170169791688,-0.01376586192564031,0.3333333333333333
year,2023,momentum,ALL,20,3,12,0.007151564989553317,-0.014056467105878684,0.3333333333333333
year,2023,momentum,ALL,20,4,12,0.010132584974175718,-0.011075447121256283,0.4166666666666667
year,2023,momentum,ALL,20,5,12,0.008197775804757836,-0.013010256290674158,0.3333333333333333
year,2023,momentum,ALL,20,6,12,0.010420036082457717,-0.01078799601297428,0.5
year,2023,momentum,ALL,20,7,12,0.00828562127849869,-0.012922410816933308,0.4166666666666667
year,2023,momentum,ALL,20,8,12,0.00931938046444693,-0.011888651630985075,0.3333333333333333
year,2023,momentum,ALL,20,9,12,0.008688515038244131,-0.012519517057187868,0.5
year,2023,momentum,ALL,20,10,12,0.014224833546865144,-0.006983198548566857,0.4166666666666667
year,2023,momentum,ALL,60,1,12,0.06063605230493845,-0.026769659448250344,0.25
year,2023,momentum,ALL,60,2,12,0.056855756934988476,-0.030549954818200328,0.5
year,2023,momentum,ALL,60,3,12,0.057863734157768076,-0.029541977595420727,0.5833333333333334
year,2023,momentum,ALL,60,4,12,0.05565766364518044,-0.031748048108008346,0.16666666666666666
year,2023,momentum,ALL,60,5,12,0.056958429566821574,-0.030447282186367233,0.3333333333333333
year,2023,momentum,ALL,60,6,12,0.05719295214332198,-0.03021275960986682,0.4166666666666667
year,2023,momentum,ALL,60,7,12,0.05349755033989175,-0.03390816141329705,0.25
year,2023,momentum,ALL,60,8,12,0.058889792238073245,-0.028515919515115562,0.3333333333333333
year,2023,momentum,ALL,60,9,12,0.06606828202297997,-0.021337429730208815,0.25
year,2023,momentum,ALL,60,10,12,0.07735304968084651,-0.010052662072342294,0.3333333333333333
year,2023,momentum,ALL,120,1,12,0.10260441239411766,-0.06356858000641408,0.25
year,2023,momentum,ALL,120,2,12,0.12941870469449876,-0.036754287706032944,0.4166666666666667
year,2023,momentum,ALL,120,3,12,0.12170639305490394,-0.0444665993456278,0.25
year,2023,momentum,ALL,120,4,12,0.10329718825271228,-0.06287580414781947,0.25
year,2023,momentum,ALL,120,5,12,0.11848718975088528,-0.04768580264964644,0.25
year,2023,momentum,ALL,120,6,12,0.11325144828862617,-0.052921544111905534,0.3333333333333333
year,2023,momentum,ALL,120,7,12,0.11376254556650629,-0.05241044683402543,0.25
year,2023,momentum,ALL,120,8,12,0.12822383584792071,-0.037949156552611,0.25
year,2023,momentum,ALL,120,9,12,0.15622735525722656,-0.009945637143305144,0.3333333333333333
year,2023,momentum,ALL,120,10,12,0.18527532681137224,0.019102334410840492,0.5833333333333334
year,2024,low_value,core_ai,20,1,9,0.06259821675912343,0.04786302440241282,0.5555555555555556
year,2024,low_value,core_ai,20,2,9,0.08493686808753635,0.07020167573082572,0.6666666666666666
year,2024,low_value,core_ai,20,3,9,-0.01257391483011873,-0.02730910718682935,0.1111111111111111
year,2024,low_value,core_ai,20,4,9,0.041469465751026856,0.026734273394316235,0.7777777777777778
year,2024,low_value,core_ai,20,5,9,0.03216105401232435,0.01742586165561372,0.5555555555555556
year,2024,low_value,core_ai,20,6,9,-0.0028582922736347226,-0.01759348463034535,0.4444444444444444
year,2024,low_value,core_ai,20,7,9,0.02714758390414587,0.012412391547435248,0.7777777777777778
year,2024,low_value,core_ai,20,8,9,0.018283902381985948,0.00354871002527532,0.4444444444444444
year,2024,low_value,core_ai,20,9,9,0.04396640363905177,0.029231211282341154,0.5555555555555556
year,2024,low_value,core_ai,20,10,9,0.028749191082782906,0.014013998726072278,0.7777777777777778
year,2024,low_value,core_ai,60,1,9,0.1943970642429883,0.14877339550519358,0.5555555555555556
year,2024,low_value,core_ai,60,2,9,0.15439541754086775,0.108771748803073,0.7777777777777778
year,2024,low_value,core_ai,60,3,9,-0.014752730225953395,-0.06037639896374815,0.3333333333333333
year,2024,low_value,core_ai,60,4,9,0.21414695910532133,0.16852329036752658,0.8888888888888888
year,2024,low_value,core_ai,60,5,9,0.14100172811317382,0.09537805937537909,0.5555555555555556
year,2024,low_value,core_ai,60,6,9,0.06746510135916639,0.02184143262137164,0.4444444444444444
year,2024,low_value,core_ai,60,7,9,0.03286719699611173,-0.012756471741683009,0.4444444444444444
year,2024,low_value,core_ai,60,8,9,0.03642887966680455,-0.009194789070990188,0.6666666666666666
year,2024,low_value,core_ai,60,9,9,0.05707659025771694,0.011452921519922195,0.4444444444444444
year,2024,low_value,core_ai,60,10,9,0.11847315673551097,0.07284948799771623,0.8888888888888888
year,2024,low_value,core_ai,120,1,9,0.37813150189357597,0.31860764709614653,0.6666666666666666
year,2024,low_value,core_ai,120,2,9,0.14042644718791766,0.08090259239048818,0.6666666666666666
year,2024,low_value,core_ai,120,3,9,0.19257018561893,0.13304633082150052,0.4444444444444444
year,2024,low_value,core_ai,120,4,9,0.2327712561628769,0.17324740136544742,0.6666666666666666
year,2024,low_value,core_ai,120,5,9,0.1793162106084877,0.1197923558110582,0.4444444444444444
year,2024,low_value,core_ai,120,6,9,0.015012507637998912,-0.04451134715943058,0.3333333333333333
year,2024,low_value,core_ai,120,7,9,0.03346462997745703,-0.026059224819972453,0.4444444444444444
year,2024,low_value,core_ai,120,8,9,0.049365741085528214,-0.010158113711901272,0.3333333333333333
year,2024,low_value,core_ai,120,9,9,0.024031846020165518,-0.03549200877726397,0.4444444444444444
year,2024,low_value,core_ai,120,10,9,0.1712691759796382,0.11174532118220874,0.7777777777777778
year,2024,low_value,ai_enabler,20,1,12,-0.0005125514685086393,-0.018640344408504466,0.5
year,2024,low_value,ai_enabler,20,2,12,0.030447742642142308,0.012319949702146483,0.5833333333333334
year,2024,low_value,ai_enabler,20,3,12,0.021337815745931427,0.0032100228059355976,0.5833333333333334
year,2024,low_value,ai_enabler,20,4,12,0.022741209852905588,0.004613416912909765,0.6666666666666666
year,2024,low_value,ai_enabler,20,5,12,0.02314398714340966,0.005016194203413832,0.5833333333333334
year,2024,low_value,ai_enabler,20,6,12,0.01780350621101625,-0.00032428672897957404,0.6666666666666666
year,2024,low_value,ai_enabler,20,7,12,0.021272327797374996,0.0031445348573791673,0.5833333333333334
year,2024,low_value,ai_enabler,20,8,12,0.025356634466582855,0.007228841526587028,0.5833333333333334
year,2024,low_value,ai_enabler,20,9,12,0.010482400452526103,-0.007645392487469719,0.5833333333333334
year,2024,low_value,ai_enabler,20,10,12,0.03442531617461824,0.01629752323462241,0.75
year,2024,low_value,ai_enabler,60,1,12,0.01652921062391895,-0.021131057545663082,0.3333333333333333
year,2024,low_value,ai_enabler,60,2,12,0.03680214928616308,-0.0008581188834189771,0.6666666666666666
year,2024,low_value,ai_enabler,60,3,12,0.038831134176773086,0.0011708660071910331,0.6666666666666666
year,2024,low_value,ai_enabler,60,4,12,0.012319130700473876,-0.025341137469108172,0.4166666666666667
year,2024,low_value,ai_enabler,60,5,12,0.03300769202179633,-0.004652576147785733,0.4166666666666667
year,2024,low_value,ai_enabler,60,6,12,0.01326155871071,-0.024398709458872046,0.4166666666666667
year,2024,low_value,ai_enabler,60,7,12,0.008632100105648537,-0.029028168063933504,0.25
year,2024,low_value,ai_enabler,60,8,12,0.021522378314917535,-0.016137889854664512,0.3333333333333333
year,2024,low_value,ai_enabler,60,9,12,0.00364971707660479,-0.03401055109297726,0.16666666666666666
year,2024,low_value,ai_enabler,60,10,12,0.04344479928242841,0.005784531112846367,0.6666666666666666
year,2024,low_value,ai_enabler,120,1,12,0.1489336688558555,0.07481589512438001,0.6666666666666666
year,2024,low_value,ai_enabler,120,2,12,0.09175039012693091,0.017632616395455433,0.5833333333333334
year,2024,low_value,ai_enabler,120,3,12,0.12307777081653541,0.04895999708505993,0.5
year,2024,low_value,ai_enabler,120,4,12,0.07680874215466353,0.0026909684231880555,0.5
year,2024,low_value,ai_enabler,120,5,12,0.12203957315119766,0.04792179941972219,0.5
year,2024,low_value,ai_enabler,120,6,12,0.05171121484991772,-0.02240655888155775,0.25
year,2024,low_value,ai_enabler,120,7,12,0.08734727289063533,0.013229499159159852,0.3333333333333333
year,2024,low_value,ai_enabler,120,8,12,0.04555537058563899,-0.028562403145836496,0.25
year,2024,low_value,ai_enabler,120,9,12,0.026774820214490513,-0.047342953516984976,0.25
year,2024,low_value,ai_enabler,120,10,12,0.07508171628508511,0.0009639425536096211,0.6666666666666666
year,2024,low_value,ai_peripheral,20,1,10,0.03473101100518353,0.010623110021873074,0.5
year,2024,low_value,ai_peripheral,20,2,10,0.010704539095023826,-0.013403361888286622,0.5
year,2024,low_value,ai_peripheral,20,3,10,0.002991302080718061,-0.021116598902592393,0.5
year,2024,low_value,ai_peripheral,20,4,10,0.03126087749596749,0.00715297651265705,0.7
year,2024,low_value,ai_peripheral,20,5,10,0.003794950250282604,-0.02031295073302785,0.4
year,2024,low_value,ai_peripheral,20,6,10,0.005160850432644829,-0.018947050550665624,0.5
year,2024,low_value,ai_peripheral,20,7,10,0.004259806137003325,-0.01984809484630713,0.4
year,2024,low_value,ai_peripheral,20,8,10,0.010155802670775076,-0.013952098312535377,0.5
year,2024,low_value,ai_peripheral,20,9,10,0.028321401306002098,0.004213500322691644,0.6
year,2024,low_value,ai_peripheral,20,10,10,0.00751925599937233,-0.016588644983938118,0.5
year,2024,low_value,ai_peripheral,60,1,10,0.06081567881572801,0.00738329961030301,0.4
year,2024,low_value,ai_peripheral,60,2,10,-0.029155962896908683,-0.0825883421023337,0.2
year,2024,low_value,ai_peripheral,60,3,10,0.0026059610381188704,-0.05082641816730614,0.4
year,2024,low_value,ai_peripheral,60,4,10,0.026739332294016527,-0.026693046911408468,0.4
year,2024,low_value,ai_peripheral,60,5,10,0.005770278199538573,-0.04766210100588643,0.1
year,2024,low_value,ai_peripheral,60,6,10,0.009115640481931019,-0.044316738723494,0.2
year,2024,low_value,ai_peripheral,60,7,10,0.02816154791843145,-0.02527083128699356,0.4
year,2024,low_value,ai_peripheral,60,8,10,0.03790375032679252,-0.015528628878632492,0.4
year,2024,low_value,ai_peripheral,60,9,10,0.03610836846769418,-0.01732401073773084,0.2
year,2024,low_value,ai_peripheral,60,10,10,0.03184578155266769,-0.02158659765275731,0.4
year,2024,low_value,ai_peripheral,120,1,10,0.09497413550342844,0.01932182645383391,0.5
year,2024,low_value,ai_peripheral,120,2,10,-0.010365482120121847,-0.08601779116971635,0.2
year,2024,low_value,ai_peripheral,120,3,10,0.02108886656072561,-0.054563442488868893,0.2
year,2024,low_value,ai_peripheral,120,4,10,0.05280138349599339,-0.022850925553601135,0.4
year,2024,low_value,ai_peripheral,120,5,10,0.03394654445645448,-0.041705764593140036,0.4
year,2024,low_value,ai_peripheral,120,6,10,0.08110238160289433,0.005450072553299804,0.4
year,2024,low_value,ai_peripheral,120,7,10,0.0282736446931167,-0.0473786643564778,0.3
year,2024,low_value,ai_peripheral,120,8,10,0.05916994562558947,-0.016482363424005025,0.1
year,2024,low_value,ai_peripheral,120,9,10,0.0781281655864514,0.0024758565368568964,0.5
year,2024,low_value,ai_peripheral,120,10,10,0.052666565268346,-0.022985743781248506,0.3
year,2024,momentum,core_ai,20,1,12,0.054391543692221156,0.03626375075222533,0.5833333333333334
year,2024,momentum,core_ai,20,2,12,0.01922132803876957,0.001093535098773744,0.5
year,2024,momentum,core_ai,20,3,12,0.029918219599401222,0.011790426659405393,0.5833333333333334
year,2024,momentum,core_ai,20,4,12,0.03009701638933761,0.011969223449341787,0.6666666666666666
year,2024,momentum,core_ai,20,5,12,0.016119353299976023,-0.002008439640019798,0.6666666666666666
year,2024,momentum,core_ai,20,6,12,0.01737520081348507,-0.0007525921265107543,0.4166666666666667
year,2024,momentum,core_ai,20,7,12,0.02470711285404494,0.006579319914049115,0.5
year,2024,momentum,core_ai,20,8,12,0.028790821799824937,0.010663028859829109,0.5833333333333334
year,2024,momentum,core_ai,20,9,12,0.024294599790235613,0.006166806850239784,0.4166666666666667
year,2024,momentum,core_ai,20,10,12,0.0440759287596779,0.025948135819682073,1.0
year,2024,momentum,core_ai,60,1,12,0.10884617421721356,0.07118590604763152,0.6666666666666666
year,2024,momentum,core_ai,60,2,12,0.06578210783351614,0.028121839663934094,0.5833333333333334
year,2024,momentum,core_ai,60,3,12,0.030329271552221565,-0.007330996617360492,0.4166666666666667
year,2024,momentum,core_ai,60,4,12,0.05270651879988641,0.015046250630304353,0.5833333333333334
year,2024,momentum,core_ai,60,5,12,0.06535664639880684,0.027696378229224786,0.5
year,2024,momentum,core_ai,60,6,12,0.042436974907847126,0.004776706738265084,0.4166666666666667
year,2024,momentum,core_ai,60,7,12,0.06740822948979858,0.02974796132021652,0.5
year,2024,momentum,core_ai,60,8,12,0.03415911087420352,-0.003501157295378527,0.3333333333333333
year,2024,momentum,core_ai,60,9,12,0.04807228705928277,0.010412018889700732,0.5833333333333334
year,2024,momentum,core_ai,60,10,12,0.08430612732798869,0.04664585915840664,0.8333333333333334
year,2024,momentum,core_ai,120,1,12,0.2309080271014916,0.15679025337001615,0.75
year,2024,momentum,core_ai,120,2,12,0.17787310212380958,0.10375532839233405,0.6666666666666666
year,2024,momentum,core_ai,120,3,12,0.0832912929617493,0.009173519230273822,0.5
year,2024,momentum,core_ai,120,4,12,0.12203232950665727,0.04791455577518178,0.75
year,2024,momentum,core_ai,120,5,12,0.1224630411399782,0.048345267408502736,0.75
year,2024,momentum,core_ai,120,6,12,0.08575045505202446,0.011632681320548963,0.4166666666666667
year,2024,momentum,core_ai,120,7,12,0.10612572651141694,0.032007952779941444,0.5
year,2024,momentum,core_ai,120,8,12,0.0546431766395715,-0.01947459709190399,0.5
year,2024,momentum,core_ai,120,9,12,0.07929408635019027,0.005176312618714793,0.5
year,2024,momentum,core_ai,120,10,12,0.1639347400651127,0.08981696633363721,0.9166666666666666
year,2024,momentum,ai_enabler,20,1,12,0.02562377660536193,0.007495983665366104,0.5833333333333334
year,2024,momentum,ai_enabler,20,2,12,0.006325564361838736,-0.011802228578157091,0.5
year,2024,momentum,ai_enabler,20,3,12,0.01418393416840535,-0.003943858771590478,0.5
year,2024,momentum,ai_enabler,20,4,12,0.009294260454690914,-0.008833532485304914,0.5
year,2024,momentum,ai_enabler,20,5,12,0.009478707925224294,-0.008649085014771532,0.6666666666666666
year,2024,momentum,ai_enabler,20,6,12,0.016564944445818967,-0.001562848494176856,0.5833333333333334
year,2024,momentum,ai_enabler,20,7,12,0.020715452229546308,0.002587659289550481,0.75
year,2024,momentum,ai_enabler,20,8,12,0.010597733919597035,-0.007530059020398788,0.4166666666666667
year,2024,momentum,ai_enabler,20,9,12,0.0176042753473294,-0.000523517592666424,0.5833333333333334
year,2024,momentum,ai_enabler,20,10,12,0.029749373121417736,0.01162158018142191,0.6666666666666666
year,2024,momentum,ai_enabler,60,1,12,0.04768348384078993,0.010023215671207883,0.4166666666666667
year,2024,momentum,ai_enabler,60,2,12,0.036468705839749566,-0.0011915623298324755,0.4166666666666667
year,2024,momentum,ai_enabler,60,3,12,0.03090611239173548,-0.006754155777846558,0.4166666666666667
year,2024,momentum,ai_enabler,60,4,12,0.011571554900987588,-0.026088713268594455,0.4166666666666667
year,2024,momentum,ai_enabler,60,5,12,0.026651712046776344,-0.011008556122805708,0.3333333333333333
year,2024,momentum,ai_enabler,60,6,12,0.04178542464191339,0.004125156472331343,0.5
year,2024,momentum,ai_enabler,60,7,12,0.04480595894144108,0.007145690771859025,0.5833333333333334
year,2024,momentum,ai_enabler,60,8,12,0.03537043980336985,-0.002289828366212201,0.5
year,2024,momentum,ai_enabler,60,9,12,0.031939752400572015,-0.005720515769010024,0.3333333333333333
year,2024,momentum,ai_enabler,60,10,12,0.058504780957322665,0.02084451278774062,0.5833333333333334
year,2024,momentum,ai_enabler,120,1,12,0.0922697470484599,0.018151973316984416,0.4166666666666667
year,2024,momentum,ai_enabler,120,2,12,0.06760919672015768,-0.0065085770113178,0.25
year,2024,momentum,ai_enabler,120,3,12,0.05535974697934134,-0.018758026752134137,0.3333333333333333
year,2024,momentum,ai_enabler,120,4,12,0.048082728378173255,-0.02603504535330223,0.4166666666666667
year,2024,momentum,ai_enabler,120,5,12,0.07023804063925503,-0.0038797330922204693,0.4166666666666667
year,2024,momentum,ai_enabler,120,6,12,0.07254550338581135,-0.0015722703456641368,0.3333333333333333
year,2024,momentum,ai_enabler,120,7,12,0.07368844952755116,-0.0004293242039243213,0.5
year,2024,momentum,ai_enabler,120,8,12,0.06649249246360413,-0.007625281267871357,0.4166666666666667
year,2024,momentum,ai_enabler,120,9,12,0.059650137026910875,-0.014467636704564614,0.4166666666666667
year,2024,momentum,ai_enabler,120,10,12,0.09749524698571897,0.02337747325424347,0.75
year,2024,momentum,ai_peripheral,20,1,12,-0.003981905684300976,-0.022109698624296802,0.5
year,2024,momentum,ai_peripheral,20,2,12,0.0026025368912988094,-0.015525256048697015,0.25
year,2024,momentum,ai_peripheral,20,3,12,0.0032206094822230438,-0.014907183457772782,0.4166666666666667
year,2024,momentum,ai_peripheral,20,4,12,0.0023037587072462255,-0.015824034232749598,0.4166666666666667
year,2024,momentum,ai_peripheral,20,5,12,0.0067790608027489515,-0.011348732137246876,0.4166666666666667
year,2024,momentum,ai_peripheral,20,6,12,0.010646612987532965,-0.007481179952462863,0.5833333333333334
year,2024,momentum,ai_peripheral,20,7,12,0.015928366023290508,-0.0021994269167053154,0.5
year,2024,momentum,ai_peripheral,20,8,12,0.0038231046739930336,-0.014304688266002797,0.5833333333333334
year,2024,momentum,ai_peripheral,20,9,12,0.019298395864984812,0.001170602924988989,0.6666666666666666
year,2024,momentum,ai_peripheral,20,10,12,0.024086805949798024,0.005959013009802207,0.75
year,2024,momentum,ai_peripheral,60,1,12,0.016946003729966713,-0.020714264439615347,0.5
year,2024,momentum,ai_peripheral,60,2,12,0.035206636247976535,-0.0024536319216055,0.5
year,2024,momentum,ai_peripheral,60,3,12,0.007941116088434287,-0.029719152081147754,0.5
year,2024,momentum,ai_peripheral,60,4,12,0.0020117054197166862,-0.03564856274986535,0.25
year,2024,momentum,ai_peripheral,60,5,12,0.02478781019926045,-0.0128724579703216,0.5
year,2024,momentum,ai_peripheral,60,6,12,0.03607470389280156,-0.001585564276780507,0.5
year,2024,momentum,ai_peripheral,60,7,12,0.02884849279641981,-0.008811775373162233,0.4166666666666667
year,2024,momentum,ai_peripheral,60,8,12,0.03542385848280848,-0.0022364096867735646,0.5
year,2024,momentum,ai_peripheral,60,9,12,0.03884799317313814,0.0011877250035561046,0.5
year,2024,momentum,ai_peripheral,60,10,12,0.045043857342670614,0.007383589173088565,0.5
year,2024,momentum,ai_peripheral,120,1,12,0.0289667775315858,-0.04515099619988969,0.3333333333333333
year,2024,momentum,ai_peripheral,120,2,12,0.03753724018329895,-0.03658053354817653,0.25
year,2024,momentum,ai_peripheral,120,3,12,0.04376364688360538,-0.030354126847870103,0.25
year,2024,momentum,ai_peripheral,120,4,12,0.012447219127829721,-0.06167055460364576,0.08333333333333333
year,2024,momentum,ai_peripheral,120,5,12,0.051490740521692696,-0.022627033209782797,0.25
year,2024,momentum,ai_peripheral,120,6,12,0.06855075484606599,-0.005567018885409479,0.5
year,2024,momentum,ai_peripheral,120,7,12,0.03343011906401885,-0.04068765466745663,0.25
year,2024,momentum,ai_peripheral,120,8,12,0.05001970135543268,-0.024098072376042796,0.25
year,2024,momentum,ai_peripheral,120,9,12,0.0708048250696255,-0.0033129486618499733,0.3333333333333333
year,2024,momentum,ai_peripheral,120,10,12,0.08073343816560495,0.006615664434129466,0.5
year,2024,low_value,ALL,20,1,12,0.012977393302017465,-0.00515039963797836,0.6666666666666666
year,2024,low_value,ALL,20,2,12,0.03315560785202918,0.015027814912033357,0.5833333333333334
year,2024,low_value,ALL,20,3,12,0.00879569385564264,-0.009332099084353188,0.3333333333333333
year,2024,low_value,ALL,20,4,12,0.030207079138619645,0.012079286198623815,0.75
year,2024,low_value,ALL,20,5,12,0.02315666666584763,0.005028873725851801,0.5
year,2024,low_value,ALL,20,6,12,0.010236573450080009,-0.007891219489915814,0.5
year,2024,low_value,ALL,20,7,12,0.021044864513309353,0.0029170715733135267,0.5833333333333334
year,2024,low_value,ALL,20,8,12,0.023375322337326535,0.005247529397330715,0.5
year,2024,low_value,ALL,20,9,12,0.024812667640286234,0.0066848747002904085,0.5
year,2024,low_value,ALL,20,10,12,0.023112553395181187,0.0049847604551853655,0.5833333333333334
year,2024,low_value,ALL,60,1,12,0.06186303076749358,0.02420276259791153,0.5833333333333334
year,2024,low_value,ALL,60,2,12,0.02959130972551321,-0.008068958444068837,0.6666666666666666
year,2024,low_value,ALL,60,3,12,0.009518575585915378,-0.02814169258366667,0.4166666666666667
year,2024,low_value,ALL,60,4,12,0.05445761694981677,0.016797348780234735,0.6666666666666666
year,2024,low_value,ALL,60,5,12,0.04112925958189387,0.0034689914123118286,0.3333333333333333
year,2024,low_value,ALL,60,6,12,0.01380424266690458,-0.02385602550267746,0.4166666666666667
year,2024,low_value,ALL,60,7,12,0.009497618203365988,-0.028162649966216063,0.3333333333333333
year,2024,low_value,ALL,60,8,12,0.022124417468710328,-0.015535850700871717,0.5
year,2024,low_value,ALL,60,9,12,0.016591152265837544,-0.0210691159037445,0.25
year,2024,low_value,ALL,60,10,12,0.043087553688061886,0.005427285518479832,0.6666666666666666
year,2024,low_value,ALL,120,1,12,0.21148801618956173,0.13737024245808624,0.6666666666666666
year,2024,low_value,ALL,120,2,12,0.06803837022710309,-0.006079403504372394,0.5833333333333334
year,2024,low_value,ALL,120,3,12,0.1440665125835704,0.06994873885209493,0.3333333333333333
year,2024,low_value,ALL,120,4,12,0.11924027233843436,0.045122498606958855,0.5833333333333334
year,2024,low_value,ALL,120,5,12,0.12204068615524309,0.047922912423767616,0.4166666666666667
year,2024,low_value,ALL,120,6,12,0.049617243557270936,-0.02450053017420455,0.4166666666666667
year,2024,low_value,ALL,120,7,12,0.07918306802678776,0.005065294295312282,0.3333333333333333
year,2024,low_value,ALL,120,8,12,0.05358532184656762,-0.02053245188490786,0.4166666666666667
year,2024,low_value,ALL,120,9,12,0.034864776997906084,-0.03925299673356941,0.25
year,2024,low_value,ALL,120,10,12,0.08948900437065997,0.015371230639184488,0.6666666666666666
year,2024,momentum,ALL,20,1,12,0.025344471537760704,0.007216678597764874,0.6666666666666666
year,2024,momentum,ALL,20,2,12,0.00938314309730237,-0.008744649842693452,0.5
year,2024,momentum,ALL,20,3,12,0.015774254416676535,-0.00235353852331929,0.5833333333333334
year,2024,momentum,ALL,20,4,12,0.013898345183758246,-0.004229447756237574,0.5833333333333334
year,2024,momentum,ALL,20,5,12,0.010792374009316425,-0.007335418930679404,0.6666666666666666
year,2024,momentum,ALL,20,6,12,0.014862252748945669,-0.003265540191050157,0.5833333333333334
year,2024,momentum,ALL,20,7,12,0.020450310368960587,0.0023225174289647627,0.5833333333333334
year,2024,momentum,ALL,20,8,12,0.014403886797805002,-0.0037239061421908246,0.6666666666666666
year,2024,momentum,ALL,20,9,12,0.020399090334183276,0.002271297394187449,0.5
year,2024,momentum,ALL,20,10,12,0.03263736927696455,0.014509576336968727,0.75
year,2024,momentum,ALL,60,1,12,0.05782522059599007,0.020164952426408027,0.4166666666666667
year,2024,momentum,ALL,60,2,12,0.04581914997374741,0.008158881804165371,0.5
year,2024,momentum,ALL,60,3,12,0.023058833344130444,-0.014601434825451598,0.5833333333333334
year,2024,momentum,ALL,60,4,12,0.02209659304019689,-0.015563675129385154,0.3333333333333333
year,2024,momentum,ALL,60,5,12,0.03893205621494788,0.0012717880453658262,0.5
year,2024,momentum,ALL,60,6,12,0.04009903448085402,0.002438766311271976,0.4166666666666667
year,2024,momentum,ALL,60,7,12,0.04702089374255316,0.009360625572971105,0.5
year,2024,momentum,ALL,60,8,12,0.03498446972012728,-0.0026757984494547647,0.4166666666666667
year,2024,momentum,ALL,60,9,12,0.03962001087766431,0.001959742708082267,0.5833333333333334
year,2024,momentum,ALL,60,10,12,0.06261825520932732,0.024957987039745277,0.5833333333333334
year,2024,momentum,ALL,120,1,12,0.11738151722717909,0.04326374349570362,0.5833333333333334
year,2024,momentum,ALL,120,2,12,0.09433984634242205,0.02022207261094658,0.5
year,2024,momentum,ALL,120,3,12,0.06080489560823201,-0.013312878123243471,0.3333333333333333
year,2024,momentum,ALL,120,4,12,0.06085409233755342,-0.013263681393922066,0.5
year,2024,momentum,ALL,120,5,12,0.08139727410030864,0.007279500368833157,0.6666666666666666
year,2024,momentum,ALL,120,6,12,0.07561557109463393,0.0014977973631584492,0.5833333333333334
year,2024,momentum,ALL,120,7,12,0.07108143170099564,-0.0030363420304798335,0.4166666666666667
year,2024,momentum,ALL,120,8,12,0.05705179015286943,-0.017065983578606045,0.3333333333333333
year,2024,momentum,ALL,120,9,12,0.06991634948224222,-0.004201424249233266,0.5
year,2024,momentum,ALL,120,10,12,0.11405447507214554,0.039936701340670046,0.8333333333333334
year,2025,low_value,core_ai,20,1,8,0.017996291179938118,-0.005177472596869848,0.5
year,2025,low_value,core_ai,20,2,8,0.04127755858974404,0.018103794812936065,0.625
year,2025,low_value,core_ai,20,3,8,0.11234191525050133,0.08916815147369336,0.875
year,2025,low_value,core_ai,20,4,8,0.036341552216062584,0.013167788439254625,0.75
year,2025,low_value,core_ai,20,5,8,0.028337349035708857,0.0051635852589009025,0.5
year,2025,low_value,core_ai,20,6,8,0.05483319758330938,0.03165943380650143,0.625
year,2025,low_value,core_ai,20,7,8,0.009222009055465608,-0.013951754721342358,0.375
year,2025,low_value,core_ai,20,8,8,0.024308164286790397,0.001134400509982431,0.375
year,2025,low_value,core_ai,20,9,8,0.04306629887785235,0.019892535101044384,0.625
year,2025,low_value,core_ai,20,10,8,0.03832745067452538,0.015153686897717414,0.625
year,2025,low_value,core_ai,60,1,8,0.035748150410666854,-0.0022062041686347483,0.5
year,2025,low_value,core_ai,60,2,8,0.25113061825119887,0.21317626367189726,1.0
year,2025,low_value,core_ai,60,3,8,0.12885491235140012,0.09090055777209849,0.625
year,2025,low_value,core_ai,60,4,8,0.2234166980500102,0.18546234347070858,0.625
year,2025,low_value,core_ai,60,5,8,0.11444746862537039,0.07649311404606876,0.5
year,2025,low_value,core_ai,60,6,8,0.1452775161690245,0.10732316158972292,0.5
year,2025,low_value,core_ai,60,7,8,0.035504165736290776,-0.0024501888430108407,0.5
year,2025,low_value,core_ai,60,8,8,0.07192874757379444,0.03397439299449283,0.75
year,2025,low_value,core_ai,60,9,8,0.13502247744679816,0.09706812286749655,0.75
year,2025,low_value,core_ai,60,10,8,0.18361015135371994,0.14565579677441834,0.625
year,2025,low_value,core_ai,120,1,8,0.18838131275844272,0.09817465107530804,0.5
year,2025,low_value,core_ai,120,2,8,0.5942543807906641,0.5040477191075294,1.0
year,2025,low_value,core_ai,120,3,8,0.3953858528762532,0.30517919119311854,0.5
year,2025,low_value,core_ai,120,4,8,0.766191038199606,0.6759843765164714,0.75
year,2025,low_value,core_ai,120,5,8,0.32752036914840915,0.2373137074652745,0.625
year,2025,low_value,core_ai,120,6,8,0.4118710307864615,0.32166436910332685,0.625
year,2025,low_value,core_ai,120,7,8,0.11949983752247567,0.029293175839341008,0.625
year,2025,low_value,core_ai,120,8,8,0.16511735273292288,0.07491069104978822,0.5
year,2025,low_value,core_ai,120,9,8,0.256937408147518,0.16673074646438327,0.625
year,2025,low_value,core_ai,120,10,8,0.354779579255555,0.2645729175724203,0.75
year,2025,low_value,ai_enabler,20,1,10,0.016551183386808967,0.006621703028109426,0.4
year,2025,low_value,ai_enabler,20,2,10,0.014797953444963725,0.004868473086264179,0.6
year,2025,low_value,ai_enabler,20,3,10,0.0632616719910255,0.05333219163232596,0.7
year,2025,low_value,ai_enabler,20,4,10,0.010042947674434054,0.00011346731573451432,0.6
year,2025,low_value,ai_enabler,20,5,10,0.02510199275706674,0.01517251239836721,0.4
year,2025,low_value,ai_enabler,20,6,10,0.020063648628126384,0.010134168269426843,0.5
year,2025,low_value,ai_enabler,20,7,10,0.010830561039653162,0.0009010806809536268,0.5
year,2025,low_value,ai_enabler,20,8,10,0.02592413581131171,0.015994655452612173,0.7
year,2025,low_value,ai_enabler,20,9,10,0.008883769618552036,-0.001045710740147504,0.4
year,2025,low_value,ai_enabler,20,10,10,0.041390714281417995,0.031461233922718455,0.8
year,2025,low_value,ai_enabler,60,1,10,0.04422272775225246,0.02248087006685996,0.6
year,2025,low_value,ai_enabler,60,2,10,0.10289182109203794,0.0811499634066454,0.6
year,2025,low_value,ai_enabler,60,3,10,0.1188945437898731,0.09715268610448058,0.8
year,2025,low_value,ai_enabler,60,4,10,0.10601699576964477,0.08427513808425223,0.8
year,2025,low_value,ai_enabler,60,5,10,0.050539324463360125,0.02879746677796763,0.4
year,2025,low_value,ai_enabler,60,6,10,0.07191006539433413,0.050168207708941634,0.7
year,2025,low_value,ai_enabler,60,7,10,0.04200087328772874,0.02025901560233625,0.5
year,2025,low_value,ai_enabler,60,8,10,0.07519705025458229,0.053455192569189805,0.9
year,2025,low_value,ai_enabler,60,9,10,0.04603067262468492,0.024288814939292407,0.3
year,2025,low_value,ai_enabler,60,10,10,0.09859729909203507,0.07685544140664258,0.8
year,2025,low_value,ai_enabler,120,1,10,0.12908439241889477,0.03180201631846027,0.4
year,2025,low_value,ai_enabler,120,2,10,0.23668515469257723,0.1394027785921427,0.8
year,2025,low_value,ai_enabler,120,3,10,0.45407967731364496,0.35679730121321046,0.8
year,2025,low_value,ai_enabler,120,4,10,0.32959092395490364,0.23230854785446917,0.8
year,2025,low_value,ai_enabler,120,5,10,0.2455344060369747,0.14825202993654016,0.6
year,2025,low_value,ai_enabler,120,6,10,0.12860970223725202,0.031327326136817504,0.5
year,2025,low_value,ai_enabler,120,7,10,0.23423609735514273,0.13695372125470823,0.8
year,2025,low_value,ai_enabler,120,8,10,0.17828171074547433,0.0809993346450398,0.8
year,2025,low_value,ai_enabler,120,9,10,0.15022202088372427,0.05293964478328974,0.7
year,2025,low_value,ai_enabler,120,10,10,0.3064795896509569,0.2091972135505224,0.8
year,2025,low_value,ai_peripheral,20,1,9,0.06572574615033028,0.045153726735819966,0.6666666666666666
year,2025,low_value,ai_peripheral,20,2,9,0.032804342244105826,0.012232322829595499,0.4444444444444444
year,2025,low_value,ai_peripheral,20,3,9,0.01994643879165729,-0.0006255806228530351,0.3333333333333333
year,2025,low_value,ai_peripheral,20,4,9,-0.0015868243324942749,-0.0221588437470046,0.1111111111111111
year,2025,low_value,ai_peripheral,20,5,9,0.010319971777606416,-0.010252047636903903,0.3333333333333333
year,2025,low_value,ai_peripheral,20,6,9,0.03384907448824108,0.013277055073730754,0.5555555555555556
year,2025,low_value,ai_peripheral,20,7,9,0.024090018855574994,0.003517999441064671,0.5555555555555556
year,2025,low_value,ai_peripheral,20,8,9,0.005149592953458484,-0.01542242646105184,0.3333333333333333
year,2025,low_value,ai_peripheral,20,9,9,0.014716125015316606,-0.005855894399193716,0.5555555555555556
year,2025,low_value,ai_peripheral,20,10,9,0.031356068705904176,0.010784049291393849,0.5555555555555556
year,2025,low_value,ai_peripheral,60,1,9,0.13951833068935265,0.1171753918518372,0.7777777777777778
year,2025,low_value,ai_peripheral,60,2,9,0.034833883292948,0.012490944455432593,0.5555555555555556
year,2025,low_value,ai_peripheral,60,3,9,0.06049685737963644,0.03815391854212103,0.5555555555555556
year,2025,low_value,ai_peripheral,60,4,9,0.020888264178416025,-0.0014546746590993814,0.3333333333333333
year,2025,low_value,ai_peripheral,60,5,9,0.004460979769352336,-0.017881959068163075,0.3333333333333333
year,2025,low_value,ai_peripheral,60,6,9,0.0852326685173199,0.0628897296798045,0.5555555555555556
year,2025,low_value,ai_peripheral,60,7,9,0.08344024846378802,0.061097309626272606,0.6666666666666666
year,2025,low_value,ai_peripheral,60,8,9,0.03320385668545675,0.010860917847941333,0.4444444444444444
year,2025,low_value,ai_peripheral,60,9,9,0.04837079386918586,0.026027855031670447,0.5555555555555556
year,2025,low_value,ai_peripheral,60,10,9,0.09573521256399317,0.07339227372647777,0.7777777777777778
year,2025,low_value,ai_peripheral,120,1,9,0.2247354789320248,0.12762436030328864,0.7777777777777778
year,2025,low_value,ai_peripheral,120,2,9,0.09790455966728313,0.0007934410385469701,0.5555555555555556
year,2025,low_value,ai_peripheral,120,3,9,0.12171543847601766,0.02460431984728147,0.5555555555555556
year,2025,low_value,ai_peripheral,120,4,9,0.14780055821763588,0.05068943958889968,0.6666666666666666
year,2025,low_value,ai_peripheral,120,5,9,0.10919162075596749,0.01208050212723129,0.5555555555555556
year,2025,low_value,ai_peripheral,120,6,9,0.21852150978493498,0.12141039115619878,0.7777777777777778
year,2025,low_value,ai_peripheral,120,7,9,0.2200654453560431,0.1229543267273069,0.6666666666666666
year,2025,low_value,ai_peripheral,120,8,9,0.13963269095449302,0.04252157232575682,0.6666666666666666
year,2025,low_value,ai_peripheral,120,9,9,0.17006806001899333,0.07295694139025714,0.7777777777777778
year,2025,low_value,ai_peripheral,120,10,9,0.2145251440087705,0.11741402538003433,0.8888888888888888
year,2025,momentum,core_ai,20,1,10,0.012253422016634432,0.002323941657934889,0.7
year,2025,momentum,core_ai,20,2,10,0.00425553185524518,-0.005673948503454355,0.4
year,2025,momentum,core_ai,20,3,10,-0.008497707786670153,-0.018427188145369696,0.4
year,2025,momentum,core_ai,20,4,10,0.005087661177689664,-0.004841819181009875,0.5
year,2025,momentum,core_ai,20,5,10,0.019009917914254215,0.009080437555554677,0.7
year,2025,momentum,core_ai,20,6,10,0.02185312229843151,0.011923641939731973,0.7
year,2025,momentum,core_ai,20,7,10,0.016203616164734237,0.006274135806034695,0.7
year,2025,momentum,core_ai,20,8,10,0.03444857868183478,0.024519098323135237,0.5
year,2025,momentum,core_ai,20,9,10,0.03670721890365612,0.026777738544956575,0.8
year,2025,momentum,core_ai,20,10,10,0.027508065070248118,0.01757858471154858,0.7
year,2025,momentum,core_ai,60,1,10,0.033793900057269996,0.012052042371877509,0.4
year,2025,momentum,core_ai,60,2,10,0.02080537963508593,-0.0009364780503065773,0.4
year,2025,momentum,core_ai,60,3,10,-0.020674687054418616,-0.042416544739811116,0.4
year,2025,momentum,core_ai,60,4,10,0.07688243844969303,0.05514058076430054,0.8
year,2025,momentum,core_ai,60,5,10,0.06277432039759125,0.04103246271219875,0.6
year,2025,momentum,core_ai,60,6,10,0.05611031407925856,0.034368456393866056,0.7
year,2025,momentum,core_ai,60,7,10,0.035355051849364036,0.013613194163971531,0.4
year,2025,momentum,core_ai,60,8,10,0.10281371410653144,0.08107185642113893,0.7
year,2025,momentum,core_ai,60,9,10,0.040565535037225,0.018823677351832494,0.5
year,2025,momentum,core_ai,60,10,10,0.10343365369446592,0.0816917960090734,0.9
year,2025,momentum,core_ai,120,1,10,0.14891924940776333,0.0516368733073288,0.6
year,2025,momentum,core_ai,120,2,10,0.15945191381422075,0.06216953771378625,0.6
year,2025,momentum,core_ai,120,3,10,0.12059937207106217,0.023316995970627682,0.5
year,2025,momentum,core_ai,120,4,10,0.19219577631445067,0.09491340021401615,0.5
year,2025,momentum,core_ai,120,5,10,0.294741933146923,0.1974595570464885,0.8
year,2025,momentum,core_ai,120,6,10,0.22277003959063418,0.12548766349019966,0.7
year,2025,momentum,core_ai,120,7,10,0.16545022663398318,0.06816785053354865,0.5
year,2025,momentum,core_ai,120,8,10,0.37655050374426474,0.27926812764383013,0.9
year,2025,momentum,core_ai,120,9,10,0.18863716396448907,0.09135478786405457,0.8
year,2025,momentum,core_ai,120,10,10,0.28608767078322733,0.1888052946827928,1.0
year,2025,momentum,ai_enabler,20,1,10,-0.010298098024979437,-0.020227578383678977,0.3
year,2025,momentum,ai_enabler,20,2,10,0.006782311369360798,-0.0031471689893387417,0.5
year,2025,momentum,ai_enabler,20,3,10,-0.0010302491010484311,-0.01095972945974797,0.5
year,2025,momentum,ai_enabler,20,4,10,0.013194415313487912,0.0032649349547883726,0.6
year,2025,momentum,ai_enabler,20,5,10,0.006533406764430991,-0.003396073594268546,0.5
year,2025,momentum,ai_enabler,20,6,10,0.007736224606055111,-0.002193255752644431,0.4
year,2025,momentum,ai_enabler,20,7,10,0.02020317506942033,0.010273694710720791,0.8
year,2025,momentum,ai_enabler,20,8,10,0.007963100136963294,-0.0019663802217362468,0.7
year,2025,momentum,ai_enabler,20,9,10,0.02682778246707167,0.016898302108372138,0.6
year,2025,momentum,ai_enabler,20,10,10,0.02883014015394884,0.018900659795249297,0.7
year,2025,momentum,ai_enabler,60,1,10,-0.004669066808455474,-0.026410924493847975,0.3
year,2025,momentum,ai_enabler,60,2,10,0.0059621303076050815,-0.015779727377787416,0.4
year,2025,momentum,ai_enabler,60,3,10,0.028494143919102703,0.006752286233710203,0.5
year,2025,momentum,ai_enabler,60,4,10,0.03546134333993893,0.013719485654546438,0.6
year,2025,momentum,ai_enabler,60,5,10,0.023970847700218505,0.002228990014825999,0.4
year,2025,momentum,ai_enabler,60,6,10,0.030260155871079948,0.00851829818568744,0.4
year,2025,momentum,ai_enabler,60,7,10,0.05666196120237736,0.03492010351698487,0.9
year,2025,momentum,ai_enabler,60,8,10,0.03623214703826884,0.014490289352876329,0.6
year,2025,momentum,ai_enabler,60,9,10,0.07215691372957707,0.05041505604418456,0.6
year,2025,momentum,ai_enabler,60,10,10,0.07323601380492141,0.051494156119528914,0.8
year,2025,momentum,ai_enabler,120,1,10,0.02509207086059259,-0.07219030523984193,0.3
year,2025,momentum,ai_enabler,120,2,10,0.042953725732934864,-0.054328650367499655,0.2
year,2025,momentum,ai_enabler,120,3,10,0.10203323568904059,0.004750859588606054,0.5
year,2025,momentum,ai_enabler,120,4,10,0.09364070110530957,-0.0036416749951249452,0.5
year,2025,momentum,ai_enabler,120,5,10,0.11752532713024658,0.020242951029812033,0.3
year,2025,momentum,ai_enabler,120,6,10,0.10219119937194025,0.004908823271505748,0.4
year,2025,momentum,ai_enabler,120,7,10,0.1717807798639886,0.0744984037635541,0.6
year,2025,momentum,ai_enabler,120,8,10,0.12203107190323093,0.02474869580279638,0.6
year,2025,momentum,ai_enabler,120,9,10,0.23237916840858244,0.13509679230814792,0.8
year,2025,momentum,ai_enabler,120,10,10,0.21402826577724854,0.11674588967681401,0.9
year,2025,momentum,ai_peripheral,20,1,10,0.01186749091026874,0.0019380105515691998,0.5
year,2025,momentum,ai_peripheral,20,2,10,0.015726650465415614,0.005797170106716073,0.6
year,2025,momentum,ai_peripheral,20,3,10,0.02702157168617441,0.017092091327474874,0.6
year,2025,momentum,ai_peripheral,20,4,10,0.007633814049861925,-0.002295666308837617,0.6
year,2025,momentum,ai_peripheral,20,5,10,0.009760852235111347,-0.0001686281235881923,0.6
year,2025,momentum,ai_peripheral,20,6,10,0.005221145209606604,-0.004708335149092936,0.4
year,2025,momentum,ai_peripheral,20,7,10,0.003032074792826048,-0.006897405565873491,0.4
year,2025,momentum,ai_peripheral,20,8,10,0.02174530911149993,0.011815828752800394,0.6
year,2025,momentum,ai_peripheral,20,9,10,0.023514073302518507,0.013584592943818969,0.7
year,2025,momentum,ai_peripheral,20,10,10,0.01947223551132209,0.009542755152622548,0.6
year,2025,momentum,ai_peripheral,60,1,10,0.056063222705016,0.03432136501962349,0.7
year,2025,momentum,ai_peripheral,60,2,10,0.047263243722110035,0.025521386036717542,0.4
year,2025,momentum,ai_peripheral,60,3,10,0.05726354498615922,0.03552168730076673,0.5
year,2025,momentum,ai_peripheral,60,4,10,0.031656026637935236,0.00991416895254274,0.4
year,2025,momentum,ai_peripheral,60,5,10,0.034167381848907094,0.012425524163514603,0.4
year,2025,momentum,ai_peripheral,60,6,10,0.02981584135886216,0.008073983673469658,0.4
year,2025,momentum,ai_peripheral,60,7,10,0.035963309932852315,0.014221452247459816,0.4
year,2025,momentum,ai_peripheral,60,8,10,0.059894809816153846,0.03815295213076135,0.7
year,2025,momentum,ai_peripheral,60,9,10,0.049776193722848736,0.028034336037456246,0.6
year,2025,momentum,ai_peripheral,60,10,10,0.06923365271849968,0.04749179503310717,0.7
year,2025,momentum,ai_peripheral,120,1,10,0.08706949328370692,-0.01021288281672758,0.2
year,2025,momentum,ai_peripheral,120,2,10,0.08302627669463203,-0.014256099405802488,0.5
year,2025,momentum,ai_peripheral,120,3,10,0.1252567234574345,0.02797434735699998,0.5
year,2025,momentum,ai_peripheral,120,4,10,0.07636691301176989,-0.020915463088664647,0.3
year,2025,momentum,ai_peripheral,120,5,10,0.07716472329464066,-0.020117652805793845,0.4
year,2025,momentum,ai_peripheral,120,6,10,0.07498502201807115,-0.022297354082363368,0.4
year,2025,momentum,ai_peripheral,120,7,10,0.10406346092794502,0.0067810848275105095,0.5
year,2025,momentum,ai_peripheral,120,8,10,0.1341226292930463,0.03684025319261179,0.5
year,2025,momentum,ai_peripheral,120,9,10,0.14175189237891866,0.04446951627848417,0.7
year,2025,momentum,ai_peripheral,120,10,10,0.1900772275036877,0.09279485140325318,0.9
year,2025,low_value,ALL,20,1,10,0.027100078905197344,0.01717059854649781,0.4
year,2025,low_value,ALL,20,2,10,0.02076203972175012,0.01083255936305057,0.6
year,2025,low_value,ALL,20,3,10,0.05836918489221379,0.04843970453351425,0.8
year,2025,low_value,ALL,20,4,10,0.01134732693769402,0.001417846578994479,0.7
year,2025,low_value,ALL,20,5,10,0.01572679526429418,0.005797314905594644,0.4
year,2025,low_value,ALL,20,6,10,0.02689510358127385,0.016965623222574312,0.8
year,2025,low_value,ALL,20,7,10,0.013421126979719186,0.0034916466210196478,0.6
year,2025,low_value,ALL,20,8,10,0.009956301071110748,2.682071241120812e-05,0.4
year,2025,low_value,ALL,20,9,10,0.016981426252656685,0.007051945893957143,0.5
year,2025,low_value,ALL,20,10,10,0.0365968887581543,0.02666740839945476,0.8
year,2025,low_value,ALL,60,1,10,0.060962909482776814,0.03922105179738432,0.5
year,2025,low_value,ALL,60,2,10,0.09945307565606666,0.07771121797067412,0.8
year,2025,low_value,ALL,60,3,10,0.09321890750341669,0.07147704981802419,0.8
year,2025,low_value,ALL,60,4,10,0.10360964556152104,0.08186778787612854,0.8
year,2025,low_value,ALL,60,5,10,0.045121506321022894,0.023379648635630388,0.5
year,2025,low_value,ALL,60,6,10,0.08269881308732628,0.060956955401933785,0.6
year,2025,low_value,ALL,60,7,10,0.052234161985621676,0.03049230430022918,0.5
year,2025,low_value,ALL,60,8,10,0.04981804224814983,0.028076184562757324,0.7
year,2025,low_value,ALL,60,9,10,0.06424319224163819,0.04250133455624568,0.6
year,2025,low_value,ALL,60,10,10,0.11233673208131653,0.09059487439592404,0.9
year,2025,low_value,ALL,120,1,10,0.15844579128190264,0.06116341518146813,0.7
year,2025,low_value,ALL,120,2,10,0.2694396968045366,0.1721573207041021,0.9
year,2025,low_value,ALL,120,3,10,0.31835523060496074,0.22107285450452627,0.7
year,2025,low_value,ALL,120,4,10,0.3755144714022522,0.27823209530181764,0.8
year,2025,low_value,ALL,120,5,10,0.21189489954230364,0.11461252344186912,0.7
year,2025,low_value,ALL,120,6,10,0.2197412570312563,0.12245888093082173,0.6
year,2025,low_value,ALL,120,7,10,0.19547739430409777,0.09819501820366323,0.8
year,2025,low_value,ALL,120,8,10,0.1559670412642617,0.058684665163827185,0.7
year,2025,low_value,ALL,120,9,10,0.17482892817393286,0.07754655207349834,0.6
year,2025,low_value,ALL,120,10,10,0.28738172379142357,0.19009934769098905,0.8
year,2025,momentum,ALL,20,1,10,0.00460760496730791,-0.005321875391391629,0.4
year,2025,momentum,ALL,20,2,10,0.008921497896673864,-0.001007982462025674,0.6
year,2025,momentum,ALL,20,3,10,0.005831204932818607,-0.004098275425880931,0.5
year,2025,momentum,ALL,20,4,10,0.0086386301803465,-0.0012908501783530399,0.5
year,2025,momentum,ALL,20,5,10,0.011768058971265519,0.001838578612565981,0.7
year,2025,momentum,ALL,20,6,10,0.01160349737136441,0.0016740170126648695,0.5
year,2025,momentum,ALL,20,7,10,0.013146288675660206,0.003216808316960665,0.3
year,2025,momentum,ALL,20,8,10,0.021385662643432668,0.011456182284733126,0.6
year,2025,momentum,ALL,20,9,10,0.029016358224415433,0.019086877865715897,0.7
year,2025,momentum,ALL,20,10,10,0.025270146911839673,0.015340666553140142,0.6
year,2025,momentum,ALL,60,1,10,0.02839601865127684,0.006654160965884344,0.6
year,2025,momentum,ALL,60,2,10,0.024676917888267015,0.0029350602028745164,0.4
year,2025,momentum,ALL,60,3,10,0.021694333950281107,-4.752373511139468e-05,0.4
year,2025,momentum,ALL,60,4,10,0.047999936142522404,0.026258078457129908,0.7
year,2025,momentum,ALL,60,5,10,0.040304183315572284,0.01856232563017978,0.6
year,2025,momentum,ALL,60,6,10,0.038728770436400224,0.016986912751007714,0.7
year,2025,momentum,ALL,60,7,10,0.04266010766153124,0.020918249976138743,0.6
year,2025,momentum,ALL,60,8,10,0.06631355698698471,0.0445716993015922,0.5
year,2025,momentum,ALL,60,9,10,0.054166214163216944,0.032424356477824434,0.6
year,2025,momentum,ALL,60,10,10,0.08196777340596231,0.06022591572056983,0.9
year,2025,momentum,ALL,120,1,10,0.08702693785068762,-0.01025543824974691,0.4
year,2025,momentum,ALL,120,2,10,0.09514397208059588,-0.002138404019838634,0.6
year,2025,momentum,ALL,120,3,10,0.11596311040584575,0.018680734305411246,0.4
year,2025,momentum,ALL,120,4,10,0.12073446347717669,0.02345208737674219,0.6
year,2025,momentum,ALL,120,5,10,0.16314399452393677,0.06586161842350222,0.7
year,2025,momentum,ALL,120,6,10,0.13331542032688187,0.036033044226447354,0.4
year,2025,momentum,ALL,120,7,10,0.14709815580863891,0.049815779708204416,0.8
year,2025,momentum,ALL,120,8,10,0.2109014016468473,0.11361902554641279,0.9
year,2025,momentum,ALL,120,9,10,0.18758940825066342,0.09030703215022887,0.9
year,2025,momentum,ALL,120,10,10,0.23006438802138787,0.13278201192095335,1.0
year,2026,low_value,core_ai,20,1,6,0.03704717927850094,0.04709964379223084,0.5
year,2026,low_value,core_ai,20,2,6,0.043278339656995145,0.053330804170725034,0.6666666666666666
year,2026,low_value,core_ai,20,3,6,-0.006344144459761859,0.0037083200539680347,0.5
year,2026,low_value,core_ai,20,4,6,-0.024678522633224217,-0.014626058119494323,0.5
year,2026,low_value,core_ai,20,5,6,0.027239193224807837,0.037291657738537744,0.6666666666666666
year,2026,low_value,core_ai,20,6,6,-0.05396496861289185,-0.04391250409916197,0.5
year,2026,low_value,core_ai,20,7,6,-0.0023643502640999505,0.007688114249629948,0.5
year,2026,low_value,core_ai,20,8,6,-0.056258219868164705,-0.04620575535443481,0.3333333333333333
year,2026,low_value,core_ai,20,9,6,-0.017248532716513727,-0.007196068202783829,0.3333333333333333
year,2026,low_value,core_ai,20,10,6,0.004253715747713114,0.014306180261443016,0.3333333333333333
year,2026,low_value,core_ai,60,1,5,0.14290783960130346,0.09160567438900233,0.4
year,2026,low_value,core_ai,60,2,5,0.16673818150505235,0.1154360162927512,0.4
year,2026,low_value,core_ai,60,3,5,0.0374165246012471,-0.013885640611054056,0.2
year,2026,low_value,core_ai,60,4,5,0.22369480390398624,0.17239263869168506,0.6
year,2026,low_value,core_ai,60,5,5,0.045413578210655184,-0.005888587001645981,0.6
year,2026,low_value,core_ai,60,6,5,0.15788098810004053,0.10657882288773943,0.6
year,2026,low_value,core_ai,60,7,5,0.08856812022451278,0.037265955012211624,0.4
year,2026,low_value,core_ai,60,8,5,-0.05850274420918224,-0.10980490942148342,0.2
year,2026,low_value,core_ai,60,9,5,0.023421313673598947,-0.027880851538702216,0.4
year,2026,low_value,core_ai,60,10,5,0.11143873261209476,0.0601365673997936,0.6
year,2026,low_value,core_ai,120,1,2,0.3638625736651123,0.22028520077422664,0.5
year,2026,low_value,core_ai,120,2,2,0.5900850467052436,0.446507673814358,1.0
year,2026,low_value,core_ai,120,3,2,0.1591977208182082,0.015620347927322538,0.5
year,2026,low_value,core_ai,120,4,2,0.5249101885555149,0.3813328156646291,1.0
year,2026,low_value,core_ai,120,5,2,0.12629852994858948,-0.017278842942296188,0.5
year,2026,low_value,core_ai,120,6,2,0.2825282927527777,0.138950919861892,1.0
year,2026,low_value,core_ai,120,7,2,0.25021643635961693,0.1066390634687313,0.5
year,2026,low_value,core_ai,120,8,2,0.19479864442294,0.051221271532054385,0.5
year,2026,low_value,core_ai,120,9,2,0.26930461248371823,0.12572723959283255,1.0
year,2026,low_value,core_ai,120,10,2,0.17902705197618984,0.03544967908530419,0.5
year,2026,low_value,ai_enabler,20,1,7,0.012823778710881974,0.016026111365707897,0.42857142857142855
year,2026,low_value,ai_enabler,20,2,7,0.010598526685374313,0.013800859340200233,0.7142857142857143
year,2026,low_value,ai_enabler,20,3,7,-0.03062754149538898,-0.027425208840563074,0.42857142857142855
year,2026,low_value,ai_enabler,20,4,7,-0.004255878504646039,-0.001053545849820128,0.7142857142857143
year,2026,low_value,ai_enabler,20,5,7,-0.042317574581203145,-0.03911524192637722,0.42857142857142855
year,2026,low_value,ai_enabler,20,6,7,-0.027946428434872002,-0.024744095780046087,0.2857142857142857
year,2026,low_value,ai_enabler,20,7,7,0.005916564636175439,0.009118897291001352,0.5714285714285714
year,2026,low_value,ai_enabler,20,8,7,-0.011796122010961954,-0.008593789356136033,0.2857142857142857
year,2026,low_value,ai_enabler,20,9,7,-0.0061961091157518725,-0.0029937764609259537,0.5714285714285714
year,2026,low_value,ai_enabler,20,10,7,-0.0015920844819330188,0.001610248172892899,0.8571428571428571
year,2026,low_value,ai_enabler,60,1,5,0.03569176902365745,-0.0156103961886437,0.4
year,2026,low_value,ai_enabler,60,2,5,0.02326793827607886,-0.0280342269362223,0.4
year,2026,low_value,ai_enabler,60,3,5,0.021343125642833506,-0.02995903956946766,0.2
year,2026,low_value,ai_enabler,60,4,5,-0.04401372322647505,-0.09531588843877621,0.2
year,2026,low_value,ai_enabler,60,5,5,-0.02860989574292027,-0.07991206095522144,0.4
year,2026,low_value,ai_enabler,60,6,5,0.013428391733843609,-0.03787377347845754,0.2
year,2026,low_value,ai_enabler,60,7,5,-0.01376165283599333,-0.06506381804829449,0.2
year,2026,low_value,ai_enabler,60,8,5,-0.010042930123394331,-0.0613450953356955,0.4
year,2026,low_value,ai_enabler,60,9,5,0.04012946366741292,-0.011172701544888244,0.4
year,2026,low_value,ai_enabler,60,10,5,-0.017289771107181325,-0.06859193631948249,0.4
year,2026,low_value,ai_enabler,120,1,2,0.19919644725362434,0.055619074362738684,0.5
year,2026,low_value,ai_enabler,120,2,2,0.2384868199683321,0.09490944707744645,0.5
year,2026,low_value,ai_enabler,120,3,2,0.11262732830807669,-0.030950044582808978,0.5
year,2026,low_value,ai_enabler,120,4,2,0.04267188363452568,-0.10090548925635995,0.0
year,2026,low_value,ai_enabler,120,5,2,0.07506376481867164,-0.06851360807221402,0.5
year,2026,low_value,ai_enabler,120,6,2,0.1300461442800946,-0.013531228610791084,0.5
year,2026,low_value,ai_enabler,120,7,2,0.05534115146675857,-0.08823622142412706,0.5
year,2026,low_value,ai_enabler,120,8,2,0.12279319913804179,-0.020784173752843874,0.5
year,2026,low_value,ai_enabler,120,9,2,0.2228546015962924,0.07927722870540671,1.0
year,2026,low_value,ai_enabler,120,10,2,0.06361802920143918,-0.07995934368944647,0.5
year,2026,low_value,ai_peripheral,20,1,7,-0.0401503344523653,-0.03694800179753937,0.2857142857142857
year,2026,low_value,ai_peripheral,20,2,7,-0.03508939009593077,-0.03188705744110485,0.2857142857142857
year,2026,low_value,ai_peripheral,20,3,7,-0.03742241621951143,-0.03422008356468552,0.5714285714285714
year,2026,low_value,ai_peripheral,20,4,7,0.003228428900037219,0.006430761554863135,0.5714285714285714
year,2026,low_value,ai_peripheral,20,5,7,-0.03128699936575165,-0.028084666710925726,0.5714285714285714
year,2026,low_value,ai_peripheral,20,6,7,-0.010982028448334735,-0.007779695793508823,0.42857142857142855
year,2026,low_value,ai_peripheral,20,7,7,0.005521546269041938,0.008723878923867853,0.42857142857142855
year,2026,low_value,ai_peripheral,20,8,7,-0.005798395900326236,-0.00259606324550032,0.5714285714285714
year,2026,low_value,ai_peripheral,20,9,7,-0.015182069812487724,-0.011979737157661808,0.5714285714285714
year,2026,low_value,ai_peripheral,20,10,7,0.009912222899763247,0.013114555554589161,0.5714285714285714
year,2026,low_value,ai_peripheral,60,1,5,-0.10085305865050091,-0.15215522386280206,0.0
year,2026,low_value,ai_peripheral,60,2,5,-0.05393247125145055,-0.10523463646375172,0.4
year,2026,low_value,ai_peripheral,60,3,5,-0.04727692052973957,-0.09857908574204073,0.4
year,2026,low_value,ai_peripheral,60,4,5,-0.017552916314881935,-0.06885508152718309,0.6
year,2026,low_value,ai_peripheral,60,5,5,-0.027062015335627066,-0.07836418054792824,0.2
year,2026,low_value,ai_peripheral,60,6,5,-0.0022314846459129587,-0.05353364985821411,0.2
year,2026,low_value,ai_peripheral,60,7,5,-0.005214735719240038,-0.0565169009315412,0.6
year,2026,low_value,ai_peripheral,60,8,5,0.008667626162324592,-0.04263453904997657,0.4
year,2026,low_value,ai_peripheral,60,9,5,0.034405883049573385,-0.016896282162727767,0.4
year,2026,low_value,ai_peripheral,60,10,5,-0.037298377297908414,-0.08860054251020957,0.2
year,2026,low_value,ai_peripheral,120,1,2,-0.04650822735303656,-0.19008560024392224,0.0
year,2026,low_value,ai_peripheral,120,2,2,0.06229934281930846,-0.08127803007157719,0.5
year,2026,low_value,ai_peripheral,120,3,2,0.02568837884310088,-0.11788899404778479,0.0
year,2026,low_value,ai_peripheral,120,4,2,0.08694290695428061,-0.05663446593660505,0.5
year,2026,low_value,ai_peripheral,120,5,2,0.0667124536341178,-0.07686491925676785,0.0
year,2026,low_value,ai_peripheral,120,6,2,0.03946008683631206,-0.10411728605457361,0.0
year,2026,low_value,ai_peripheral,120,7,2,0.055827891396158444,-0.0877494814947272,0.5
year,2026,low_value,ai_peripheral,120,8,2,0.1193804538491881,-0.024196919041697545,0.5
year,2026,low_value,ai_peripheral,120,9,2,0.06827681889764975,-0.0753005539932359,0.0
year,2026,low_value,ai_peripheral,120,10,2,0.04094172895010652,-0.10263564394077915,0.0
year,2026,momentum,core_ai,20,1,7,-0.041479289210486915,-0.038276956555661004,0.2857142857142857
year,2026,momentum,core_ai,20,2,7,0.035482814180371906,0.03868514683519782,0.7142857142857143
year,2026,momentum,core_ai,20,3,7,0.013420304158033273,0.01662263681285919,0.7142857142857143
year,2026,momentum,core_ai,20,4,7,-0.024872624330689135,-0.021670291675863217,0.42857142857142855
year,2026,momentum,core_ai,20,5,7,0.009554583061303384,0.012756915716129297,0.7142857142857143
year,2026,momentum,core_ai,20,6,7,0.0031068775368444774,0.006309210191670391,0.5714285714285714
year,2026,momentum,core_ai,20,7,7,0.017133918000875572,0.020336250655701486,0.7142857142857143
year,2026,momentum,core_ai,20,8,7,0.012977232762407852,0.016179565417233765,0.5714285714285714
year,2026,momentum,core_ai,20,9,7,-0.011734077056500857,-0.008531744401674935,0.42857142857142855
year,2026,momentum,core_ai,20,10,7,0.0005755634463589772,0.00377789610118488,0.7142857142857143
year,2026,momentum,core_ai,60,1,5,0.10320224162024227,0.0519000764079411,0.6
year,2026,momentum,core_ai,60,2,5,0.06420044157199731,0.01289827635969617,0.4
year,2026,momentum,core_ai,60,3,5,0.096275299966179,0.044973134753877854,0.8
year,2026,momentum,core_ai,60,4,5,0.09420027689674164,0.04289811168444045,0.8
year,2026,momentum,core_ai,60,5,5,0.07984335230776653,0.02854118709546536,0.8
year,2026,momentum,core_ai,60,6,5,0.11264512667346722,0.06134296146116604,0.6
year,2026,momentum,core_ai,60,7,5,0.08062393148168959,0.02932176626938842,0.6
year,2026,momentum,core_ai,60,8,5,0.07143715994981023,0.02013499473750906,0.4
year,2026,momentum,core_ai,60,9,5,0.026088764688206544,-0.02521340052409462,0.2
year,2026,momentum,core_ai,60,10,5,0.07934375218554293,0.02804158697324175,0.6
year,2026,momentum,core_ai,120,1,2,0.2905236818430587,0.146946308952173,1.0
year,2026,momentum,core_ai,120,2,2,0.1916669780867667,0.048089605195881055,0.5
year,2026,momentum,core_ai,120,3,2,0.16813948984911944,0.024562116958233772,0.5
year,2026,momentum,core_ai,120,4,2,0.12888694850421528,-0.014690424386670356,0.5
year,2026,momentum,core_ai,120,5,2,0.2583061642722939,0.11472879138140826,1.0
year,2026,momentum,core_ai,120,6,2,0.281803786880985,0.1382264139900994,0.5
year,2026,momentum,core_ai,120,7,2,0.2054372597388501,0.06185988684796445,0.5
year,2026,momentum,core_ai,120,8,2,0.16576812368518018,0.0221907507942945,0.5
year,2026,momentum,core_ai,120,9,2,0.16690598896613612,0.02332861607525046,1.0
year,2026,momentum,core_ai,120,10,2,0.2962866287951734,0.15270925590428777,1.0
year,2026,momentum,ai_enabler,20,1,7,-0.02118919521637305,-0.017986862561547138,0.2857142857142857
year,2026,momentum,ai_enabler,20,2,7,-0.009259658933512839,-0.006057326278686918,0.5714285714285714
year,2026,momentum,ai_enabler,20,3,7,-0.006770730934014083,-0.003568398279188172,0.42857142857142855
year,2026,momentum,ai_enabler,20,4,7,-0.00660473399559001,-0.003402401340764093,0.5714285714285714
year,2026,momentum,ai_enabler,20,5,7,-0.018301537395172315,-0.0150992047403464,0.7142857142857143
year,2026,momentum,ai_enabler,20,6,7,-0.0006093597290182325,0.0025929729258076834,0.5714285714285714
year,2026,momentum,ai_enabler,20,7,7,-0.008287992845794526,-0.005085660190968614,0.5714285714285714
year,2026,momentum,ai_enabler,20,8,7,0.013914071113395736,0.01711640376822165,0.8571428571428571
year,2026,momentum,ai_enabler,20,9,7,-0.0008986426919104331,0.002303689962915481,0.5714285714285714
year,2026,momentum,ai_enabler,20,10,7,-0.007920080011304412,-0.0047177473564785025,0.5714285714285714
year,2026,momentum,ai_enabler,60,1,5,0.04618049290674258,-0.005121672305558591,0.6
year,2026,momentum,ai_enabler,60,2,5,0.01699065707591297,-0.03431150813638819,0.4
year,2026,momentum,ai_enabler,60,3,5,0.05073552680204152,-0.0005666384102596436,0.6
year,2026,momentum,ai_enabler,60,4,5,0.06298157527962686,0.011679410067325702,0.8
year,2026,momentum,ai_enabler,60,5,5,0.024431245018555613,-0.02687092019374556,0.2
year,2026,momentum,ai_enabler,60,6,5,0.07344295223446391,0.02214078702216275,0.6
year,2026,momentum,ai_enabler,60,7,5,0.04391738153507071,-0.007384783677230456,0.4
year,2026,momentum,ai_enabler,60,8,5,0.007103525706714317,-0.04419863950558685,0.4
year,2026,momentum,ai_enabler,60,9,5,0.004093130472221834,-0.047209034740079314,0.2
year,2026,momentum,ai_enabler,60,10,5,0.006527852686740146,-0.04477431252556101,0.4
year,2026,momentum,ai_enabler,120,1,2,0.11130015571048245,-0.032277217180403175,0.5
year,2026,momentum,ai_enabler,120,2,2,0.09156685888936553,-0.0520105140015201,0.0
year,2026,momentum,ai_enabler,120,3,2,0.1604992254558133,0.01692185256492764,0.5
year,2026,momentum,ai_enabler,120,4,2,0.13389239307671993,-0.009684979814165696,0.5
year,2026,momentum,ai_enabler,120,5,2,0.12345145491636392,-0.020125917974521727,0.5
year,2026,momentum,ai_enabler,120,6,2,0.17804131487325559,0.03446394198236995,1.0
year,2026,momentum,ai_enabler,120,7,2,0.1400921051016074,-0.0034852677892782506,0.5
year,2026,momentum,ai_enabler,120,8,2,0.057221569907242156,-0.08635580298364351,0.0
year,2026,momentum,ai_enabler,120,9,2,0.11482710404837004,-0.028750268842515594,0.5
year,2026,momentum,ai_enabler,120,10,2,0.11450986044658978,-0.029067512444295878,0.5
year,2026,momentum,ai_peripheral,20,1,7,-0.009564388520680114,-0.006362055865854204,0.5714285714285714
year,2026,momentum,ai_peripheral,20,2,7,-0.017268531987635654,-0.014066199332809741,0.42857142857142855
year,2026,momentum,ai_peripheral,20,3,7,-0.015613872875890208,-0.012411540221064292,0.42857142857142855
year,2026,momentum,ai_peripheral,20,4,7,-0.011107387221234196,-0.007905054566408271,0.5714285714285714
year,2026,momentum,ai_peripheral,20,5,7,-0.006808970457325171,-0.0036066378024992613,0.5714285714285714
year,2026,momentum,ai_peripheral,20,6,7,-0.021646266989269247,-0.01844393433444333,0.5714285714285714
year,2026,momentum,ai_peripheral,20,7,7,-0.01880848981629078,-0.015606157161464866,0.42857142857142855
year,2026,momentum,ai_peripheral,20,8,7,0.008936404638921133,0.012138737293747046,0.5714285714285714
year,2026,momentum,ai_peripheral,20,9,7,-0.019458216352481145,-0.016255883697655234,0.5714285714285714
year,2026,momentum,ai_peripheral,20,10,7,-0.0061703585132244455,-0.002968025858398534,0.42857142857142855
year,2026,momentum,ai_peripheral,60,1,5,-0.016120909289828293,-0.06742307450212945,0.6
year,2026,momentum,ai_peripheral,60,2,5,-0.00973847353782671,-0.061040638750127864,0.4
year,2026,momentum,ai_peripheral,60,3,5,0.019030461763847865,-0.032271703448453294,0.4
year,2026,momentum,ai_peripheral,60,4,5,0.022927660110585817,-0.028374505101715342,0.6
year,2026,momentum,ai_peripheral,60,5,5,0.007637921472221376,-0.043664243740079774,0.4
year,2026,momentum,ai_peripheral,60,6,5,-0.006378699839635826,-0.057680865051936994,0.4
year,2026,momentum,ai_peripheral,60,7,5,-0.0019938807276172975,-0.053296045939918456,0.4
year,2026,momentum,ai_peripheral,60,8,5,-0.015207471609023198,-0.06650963682132435,0.6
year,2026,momentum,ai_peripheral,60,9,5,-0.026088385230859067,-0.07739055044316023,0.4
year,2026,momentum,ai_peripheral,60,10,5,0.006682888591481004,-0.04461927662082016,0.4
year,2026,momentum,ai_peripheral,120,1,2,-0.013679521131718388,-0.15725689402260407,0.0
year,2026,momentum,ai_peripheral,120,2,2,-0.0002281492283737821,-0.14380552211925943,0.0
year,2026,momentum,ai_peripheral,120,3,2,0.03760357613960677,-0.1059737967512789,0.0
year,2026,momentum,ai_peripheral,120,4,2,0.09161352713273861,-0.05196384575814704,0.5
year,2026,momentum,ai_peripheral,120,5,2,0.0888408888533867,-0.05473648403749896,0.5
year,2026,momentum,ai_peripheral,120,6,2,0.0667249108575982,-0.07685246203328745,0.5
year,2026,momentum,ai_peripheral,120,7,2,0.01436474456638598,-0.12921262832449967,0.0
year,2026,momentum,ai_peripheral,120,8,2,0.040859815230079255,-0.10271755766080638,0.5
year,2026,momentum,ai_peripheral,120,9,2,0.05465918867100342,-0.08891818421988225,0.0
year,2026,momentum,ai_peripheral,120,10,2,0.06212771769987553,-0.08144965519101013,0.0
year,2026,low_value,ALL,20,1,7,0.003345176872367604,0.00654750952719352,0.42857142857142855
year,2026,low_value,ALL,20,2,7,0.005451287682259355,0.008653620337085279,0.42857142857142855
year,2026,low_value,ALL,20,3,7,-0.024189652240383754,-0.020987319585557856,0.5714285714285714
year,2026,low_value,ALL,20,4,7,-0.00584660555353289,-0.002644272898706977,0.42857142857142855
year,2026,low_value,ALL,20,5,7,-0.015355063052806107,-0.012152730397980182,0.42857142857142855
year,2026,low_value,ALL,20,6,7,-0.0289356837982897,-0.025733351143463788,0.2857142857142857
year,2026,low_value,ALL,20,7,7,0.003900147109963253,0.007102479764789169,0.42857142857142855
year,2026,low_value,ALL,20,8,7,-0.02391909092551775,-0.020716758270691835,0.14285714285714285
year,2026,low_value,ALL,20,9,7,-0.00951213026485698,-0.006309797610031064,0.5714285714285714
year,2026,low_value,ALL,20,10,7,0.007085183062174728,0.01028751571700064,0.7142857142857143
year,2026,low_value,ALL,60,1,5,0.025915516658153354,-0.025386648554147805,0.4
year,2026,low_value,ALL,60,2,5,0.04535788284322686,-0.0059442823690742715,0.4
year,2026,low_value,ALL,60,3,5,0.0038275765714470057,-0.04747458864085415,0.2
year,2026,low_value,ALL,60,4,5,0.05404272145420974,0.002740556241908584,0.4
year,2026,low_value,ALL,60,5,5,-0.003419444289297388,-0.054721609501598545,0.4
year,2026,low_value,ALL,60,6,5,0.056359298395990395,0.005057133183689255,0.6
year,2026,low_value,ALL,60,7,5,0.02319724388975981,-0.02810492132254135,0.4
year,2026,low_value,ALL,60,8,5,-0.019959349390083994,-0.07126151460238514,0.2
year,2026,low_value,ALL,60,9,5,0.032652220130195087,-0.01864994508210608,0.4
year,2026,low_value,ALL,60,10,5,0.018950194735668342,-0.03235197047663281,0.4
year,2026,low_value,ALL,120,1,2,0.17218359785523335,0.0286062249643477,0.5
year,2026,low_value,ALL,120,2,2,0.2969570698309614,0.15337969694007572,0.5
year,2026,low_value,ALL,120,3,2,0.09917114265646193,-0.044406230234423735,0.5
year,2026,low_value,ALL,120,4,2,0.21817499304810706,0.07459762015722138,1.0
year,2026,low_value,ALL,120,5,2,0.0893582494671263,-0.054219123423759355,0.5
year,2026,low_value,ALL,120,6,2,0.15067817462306143,0.007100801732175768,0.5
year,2026,low_value,ALL,120,7,2,0.12046182640751131,-0.023115546483374314,0.5
year,2026,low_value,ALL,120,8,2,0.14565743247005664,0.002080059579170998,0.5
year,2026,low_value,ALL,120,9,2,0.18681201099255346,0.04323463810166779,0.5
year,2026,low_value,ALL,120,10,2,0.09452893670924518,-0.04904843618164049,0.5
year,2026,momentum,ALL,20,1,7,-0.024077624315846695,-0.02087529166102078,0.2857142857142857
year,2026,momentum,ALL,20,2,7,0.0029848744197411353,0.006187207074567054,0.5714285714285714
year,2026,momentum,ALL,20,3,7,-0.0029880998839570067,0.0002142327708689091,0.42857142857142855
year,2026,momentum,ALL,20,4,7,-0.014194915182504446,-0.010992582527678528,0.42857142857142855
year,2026,momentum,ALL,20,5,7,-0.005185308263731365,-0.0019829756089054557,0.5714285714285714
year,2026,momentum,ALL,20,6,7,-0.0063829163938143325,-0.0031805837389884207,0.5714285714285714
year,2026,momentum,ALL,20,7,7,-0.0033208548870699095,-0.0001185222322439997,0.7142857142857143
year,2026,momentum,ALL,20,8,7,0.01194256950490824,0.01514490215973415,0.5714285714285714
year,2026,momentum,ALL,20,9,7,-0.010696978700297483,-0.007494646045471565,0.42857142857142855
year,2026,momentum,ALL,20,10,7,-0.0045049583593899595,-0.0013026257045640516,0.5714285714285714
year,2026,momentum,ALL,60,1,5,0.04442060841238552,-0.00688155679991565,0.6
year,2026,momentum,ALL,60,2,5,0.023817541703361197,-0.027484623508939966,0.4
year,2026,momentum,ALL,60,3,5,0.055347096177356135,0.004044930965054974,0.4
year,2026,momentum,ALL,60,4,5,0.060036504095651436,0.008734338883350266,0.8
year,2026,momentum,ALL,60,5,5,0.03730417293284784,-0.013997992279453328,0.6
year,2026,momentum,ALL,60,6,5,0.059903126356098436,0.00860096114379727,0.6
year,2026,momentum,ALL,60,7,5,0.040849144096381004,-0.01045302111592016,0.6
year,2026,momentum,ALL,60,8,5,0.021111071349167107,-0.030191093863134046,0.6
year,2026,momentum,ALL,60,9,5,0.0013645033098564352,-0.049937661902444724,0.2
year,2026,momentum,ALL,60,10,5,0.03085149782125469,-0.020450667391046475,0.4
year,2026,momentum,ALL,120,1,2,0.12938143880727426,-0.014195934083611406,0.5
year,2026,momentum,ALL,120,2,2,0.0943352292492528,-0.049242143641632825,0.0
year,2026,momentum,ALL,120,3,2,0.1220807638148465,-0.02149660907603916,0.5
year,2026,momentum,ALL,120,4,2,0.11813095623789127,-0.025446416652994366,0.5
year,2026,momentum,ALL,120,5,2,0.15686616934734815,0.013288796456462523,0.5
year,2026,momentum,ALL,120,6,2,0.1755233375372796,0.03194596464639397,1.0
year,2026,momentum,ALL,120,7,2,0.1199647031356145,-0.023612669755271154,0.5
year,2026,momentum,ALL,120,8,2,0.0879498362741672,-0.05562753661671847,0.5
year,2026,momentum,ALL,120,9,2,0.11213076056183652,-0.03144661232904913,0.5
year,2026,momentum,ALL,120,10,2,0.15764140231387958,0.014064029422993913,0.5
regime,down,momentum,core_ai,20,1,8,-0.02082874656491078,-0.02400345106373429,0.25
regime,down,momentum,core_ai,20,2,8,-0.005719011366706484,-0.008893715865530002,0.375
regime,down,momentum,core_ai,20,3,8,0.002347004726339367,-0.0008276997724841438,0.375
regime,down,momentum,core_ai,20,4,8,-0.023927992757339388,-0.0271026972561629,0.375
regime,down,momentum,core_ai,20,5,8,0.00584685238774324,0.002672147888919729,0.5
regime,down,momentum,core_ai,20,6,8,-0.018145108243614337,-0.021319812742437855,0.375
regime,down,momentum,core_ai,20,7,8,0.01853819226693188,0.015363487768108367,0.5
regime,down,momentum,core_ai,20,8,8,0.0028739492279610934,-0.00030075527086242384,0.375
regime,down,momentum,core_ai,20,9,8,0.00543337392355147,0.002258669424727955,0.5
regime,down,momentum,core_ai,20,10,8,0.004303750491214573,0.0011290459923910603,0.625
regime,down,momentum,core_ai,60,1,7,0.20547045362882146,0.08754842073551164,0.8571428571428571
regime,down,momentum,core_ai,60,2,7,0.14550867605552972,0.027586643162219905,0.42857142857142855
regime,down,momentum,core_ai,60,3,7,0.13931800628778548,0.021395973394475697,0.7142857142857143
regime,down,momentum,core_ai,60,4,7,0.12578442116979102,0.007862388276481204,0.5714285714285714
regime,down,momentum,core_ai,60,5,7,0.15611299929366057,0.03819096640035078,0.5714285714285714
regime,down,momentum,core_ai,60,6,7,0.18158080223012688,0.0636587693368171,0.5714285714285714
regime,down,momentum,core_ai,60,7,7,0.176766168412229,0.05884413551891919,0.8571428571428571
regime,down,momentum,core_ai,60,8,7,0.1379664128175558,0.020044379924246014,0.5714285714285714
regime,down,momentum,core_ai,60,9,7,0.16428224643566242,0.04636021354235263,0.7142857142857143
regime,down,momentum,core_ai,60,10,7,0.18057593399582927,0.06265390110251946,0.8571428571428571
regime,down,momentum,core_ai,120,1,7,0.29562765229893434,0.15066844443234384,0.8571428571428571
regime,down,momentum,core_ai,120,2,7,0.24459984683383967,0.0996406389672492,0.7142857142857143
regime,down,momentum,core_ai,120,3,7,0.26052023597115537,0.1155610281045649,0.5714285714285714
regime,down,momentum,core_ai,120,4,7,0.16175855213196128,0.01679934426537082,0.7142857142857143
regime,down,momentum,core_ai,120,5,7,0.2539695684125394,0.10901036054594895,0.8571428571428571
regime,down,momentum,core_ai,120,6,7,0.19842583158644916,0.05346662371985871,0.5714285714285714
regime,down,momentum,core_ai,120,7,7,0.19183081264716687,0.0468716047805764,0.5714285714285714
regime,down,momentum,core_ai,120,8,7,0.14797108576122922,0.003011877894638718,0.42857142857142855
regime,down,momentum,core_ai,120,9,7,0.2539344252223104,0.10897521735571994,0.7142857142857143
regime,down,momentum,core_ai,120,10,7,0.24675746423038344,0.10179825636379301,1.0
regime,down,momentum,ai_enabler,20,1,8,-0.02453841353168154,-0.027713118030505066,0.25
regime,down,momentum,ai_enabler,20,2,8,-0.024835949437395734,-0.028010653936219237,0.25
regime,down,momentum,ai_enabler,20,3,8,-0.007954844111624568,-0.011129548610448082,0.125
regime,down,momentum,ai_enabler,20,4,8,-0.02600005523364951,-0.029174759732473028,0.25
regime,down,momentum,ai_enabler,20,5,8,-0.01768840448309577,-0.020863108981919287,0.5
regime,down,momentum,ai_enabler,20,6,8,0.0008393787688533265,-0.0023353257299701846,0.75
regime,down,momentum,ai_enabler,20,7,8,-0.009920283371202016,-0.01309498787002553,0.5
regime,down,momentum,ai_enabler,20,8,8,-0.000748854309247678,-0.0039235588080711896,0.5
regime,down,momentum,ai_enabler,20,9,8,0.00471452192583963,0.001539817427016121,0.375
regime,down,momentum,ai_enabler,20,10,8,0.002150055633828994,-0.0010246488649945235,0.5
regime,down,momentum,ai_enabler,60,1,7,0.1249759096708453,0.007053876777535491,0.5714285714285714
regime,down,momentum,ai_enabler,60,2,7,0.07295031509402683,-0.044971717799282974,0.14285714285714285
regime,down,momentum,ai_enabler,60,3,7,0.10827374548208728,-0.009648287411222506,0.42857142857142855
regime,down,momentum,ai_enabler,60,4,7,0.07935065539876392,-0.03857137749454589,0.2857142857142857
regime,down,momentum,ai_enabler,60,5,7,0.08739844532531267,-0.03052358756799714,0.14285714285714285
regime,down,momentum,ai_enabler,60,6,7,0.12345119898624315,0.005529166092933349,0.42857142857142855
regime,down,momentum,ai_enabler,60,7,7,0.08500588416315358,-0.03291614873015622,0.14285714285714285
regime,down,momentum,ai_enabler,60,8,7,0.10330187939968595,-0.01462015349362386,0.5714285714285714
regime,down,momentum,ai_enabler,60,9,7,0.08973721804782132,-0.028184814845488456,0.14285714285714285
regime,down,momentum,ai_enabler,60,10,7,0.10116314710883116,-0.01675888578447865,0.2857142857142857
regime,down,momentum,ai_enabler,120,1,7,0.1258305896862442,-0.01912861818034626,0.2857142857142857
regime,down,momentum,ai_enabler,120,2,7,0.127704245975448,-0.017254961891142458,0.2857142857142857
regime,down,momentum,ai_enabler,120,3,7,0.1447247713485449,-0.00023443651804556337,0.2857142857142857
regime,down,momentum,ai_enabler,120,4,7,0.1611269117008765,0.01616770383428606,0.5714285714285714
regime,down,momentum,ai_enabler,120,5,7,0.14318669960188504,-0.0017725082647054352,0.5714285714285714
regime,down,momentum,ai_enabler,120,6,7,0.15451275578458737,0.009553547917996877,0.5714285714285714
regime,down,momentum,ai_enabler,120,7,7,0.12816870968993005,-0.01679049817666044,0.42857142857142855
regime,down,momentum,ai_enabler,120,8,7,0.1342896695187066,-0.010669538347883898,0.5714285714285714
regime,down,momentum,ai_enabler,120,9,7,0.1368029667058744,-0.008156241160716069,0.5714285714285714
regime,down,momentum,ai_enabler,120,10,7,0.17554790839765783,0.03058870053106732,0.7142857142857143
regime,down,momentum,ai_peripheral,20,1,8,-0.02448655995484086,-0.027661264453664368,0.5
regime,down,momentum,ai_peripheral,20,2,8,-0.029514199851937945,-0.03268890435076145,0.25
regime,down,momentum,ai_peripheral,20,3,8,-0.02171921054783876,-0.02489391504666227,0.25
regime,down,momentum,ai_peripheral,20,4,8,-0.025549864434480558,-0.02872456893330406,0.375
regime,down,momentum,ai_peripheral,20,5,8,-0.0063922558883820705,-0.009566960387205585,0.5
regime,down,momentum,ai_peripheral,20,6,8,-0.016974435567198798,-0.02014914006602231,0.375
regime,down,momentum,ai_peripheral,20,7,8,-0.011890447313088566,-0.015065151811912082,0.375
regime,down,momentum,ai_peripheral,20,8,8,-0.0022319132627166326,-0.005406617761540149,0.375
regime,down,momentum,ai_peripheral,20,9,8,-0.00028307799439993703,-0.003457782493223451,0.625
regime,down,momentum,ai_peripheral,20,10,8,0.003114986692524897,-5.971780629862068e-05,0.5
regime,down,momentum,ai_peripheral,60,1,7,0.02846822307251146,-0.08945380982079833,0.2857142857142857
regime,down,momentum,ai_peripheral,60,2,7,0.028639476217744493,-0.0892825566755653,0.14285714285714285
regime,down,momentum,ai_peripheral,60,3,7,0.04335064141140822,-0.07457139148190157,0.14285714285714285
regime,down,momentum,ai_peripheral,60,4,7,0.03535441364423397,-0.08256761924907582,0.14285714285714285
regime,down,momentum,ai_peripheral,60,5,7,0.06043631508427838,-0.057485717809031396,0.2857142857142857
regime,down,momentum,ai_peripheral,60,6,7,0.043932963509552045,-0.07398906938375775,0.14285714285714285
regime,down,momentum,ai_peripheral,60,7,7,0.03355239281933639,-0.0843696400739734,0.0
regime,down,momentum,ai_peripheral,60,8,7,0.05904786558810614,-0.05887416730520367,0.2857142857142857
regime,down,momentum,ai_peripheral,60,9,7,0.05876542044076837,-0.05915661245254141,0.2857142857142857
regime,down,momentum,ai_peripheral,60,10,7,0.04774388139478909,-0.0701781514985207,0.14285714285714285
regime,down,momentum,ai_peripheral,120,1,7,0.08254795003784002,-0.06241125782875047,0.2857142857142857
regime,down,momentum,ai_peripheral,120,2,7,0.08025075303241792,-0.06470845483417252,0.2857142857142857
regime,down,momentum,ai_peripheral,120,3,7,0.07938986149994519,-0.06556934636664527,0.14285714285714285
regime,down,momentum,ai_peripheral,120,4,7,0.07739263458069112,-0.06756657328589935,0.14285714285714285
regime,down,momentum,ai_peripheral,120,5,7,0.12135336662867366,-0.023605841237916838,0.42857142857142855
regime,down,momentum,ai_peripheral,120,6,7,0.10296141241848998,-0.041997795448100506,0.42857142857142855
regime,down,momentum,ai_peripheral,120,7,7,0.062004329470536204,-0.08295487839605427,0.14285714285714285
regime,down,momentum,ai_peripheral,120,8,7,0.1187295699410202,-0.026229637925570263,0.5714285714285714
regime,down,momentum,ai_peripheral,120,9,7,0.12002261380408077,-0.024936594062509674,0.42857142857142855
regime,down,momentum,ai_peripheral,120,10,7,0.12350215265895825,-0.02145705520763221,0.14285714285714285
regime,down,low_value,ai_enabler,20,1,6,0.00839842632456858,0.015153353283947747,0.3333333333333333
regime,down,low_value,ai_enabler,20,2,6,0.02577109979959968,0.03252602675897883,0.8333333333333334
regime,down,low_value,ai_enabler,20,3,6,-0.011916026152116621,-0.005161099192737481,0.6666666666666666
regime,down,low_value,ai_enabler,20,4,6,0.025896749350542658,0.032651676309921794,0.6666666666666666
regime,down,low_value,ai_enabler,20,5,6,-0.036602152144437385,-0.029847225185058238,0.5
regime,down,low_value,ai_enabler,20,6,6,-0.0011677308300587243,0.005587196129320429,0.3333333333333333
regime,down,low_value,ai_enabler,20,7,6,-0.021237943517827682,-0.014483016558448534,0.3333333333333333
regime,down,low_value,ai_enabler,20,8,6,0.00569291819502788,0.012447845154407033,0.5
regime,down,low_value,ai_enabler,20,9,6,0.00784537680272803,0.014600303762107185,0.6666666666666666
regime,down,low_value,ai_enabler,20,10,6,-0.01331341190624923,-0.006558484946870076,0.8333333333333334
regime,down,low_value,ai_enabler,60,1,5,0.14999923939623633,0.05642225484597709,0.6
regime,down,low_value,ai_enabler,60,2,5,0.15219351485073487,0.058616530300475624,0.8
regime,down,low_value,ai_enabler,60,3,5,0.09003337544595622,-0.003543609104303036,0.4
regime,down,low_value,ai_enabler,60,4,5,0.04848279246135058,-0.045094192088908656,0.4
regime,down,low_value,ai_enabler,60,5,5,0.04318647531751391,-0.05039050923274533,0.2
regime,down,low_value,ai_enabler,60,6,5,0.023013348931165616,-0.07056363561909361,0.2
regime,down,low_value,ai_enabler,60,7,5,0.03132805281693369,-0.06224893173332555,0.0
regime,down,low_value,ai_enabler,60,8,5,0.0516233814087397,-0.04195360314151954,0.4
regime,down,low_value,ai_enabler,60,9,5,0.061124623314647505,-0.032452361235611724,0.2
regime,down,low_value,ai_enabler,60,10,5,0.022666172093020544,-0.0709108124572387,0.4
regime,down,low_value,ai_enabler,120,1,5,0.16634462546025636,0.05368260031276691,0.6
regime,down,low_value,ai_enabler,120,2,5,0.13672250895690846,0.02406048380941899,0.6
regime,down,low_value,ai_enabler,120,3,5,0.10020524005880016,-0.012456785088689309,0.4
regime,down,low_value,ai_enabler,120,4,5,0.09520548400644353,-0.017456541141045914,0.4
regime,down,low_value,ai_enabler,120,5,5,0.04404429369566544,-0.06861773145182402,0.4
regime,down,low_value,ai_enabler,120,6,5,0.048669684673950844,-0.0639923404735386,0.4
regime,down,low_value,ai_enabler,120,7,5,0.054250145637974825,-0.05841187950951462,0.4
regime,down,low_value,ai_enabler,120,8,5,0.1339331362994927,0.021271111152003204,0.6
regime,down,low_value,ai_enabler,120,9,5,0.11595205944773372,0.0032900343002442616,0.6
regime,down,low_value,ai_enabler,120,10,5,0.045847785856535664,-0.0668142392909538,0.4
regime,down,low_value,ai_peripheral,20,1,5,-0.013323332105647396,-0.022388093983111902,0.2
regime,down,low_value,ai_peripheral,20,2,5,-0.014311218903753687,-0.02337598078121821,0.4
regime,down,low_value,ai_peripheral,20,3,5,-0.07578653307850947,-0.08485129495597399,0.4
regime,down,low_value,ai_peripheral,20,4,5,0.03137158002089051,0.022306818143425992,0.6
regime,down,low_value,ai_peripheral,20,5,5,-0.04324279940937816,-0.05230756128684268,0.4
regime,down,low_value,ai_peripheral,20,6,5,-0.019183827918239426,-0.028248589795703948,0.2
regime,down,low_value,ai_peripheral,20,7,5,0.0005675376282575035,-0.008497224249207017,0.2
regime,down,low_value,ai_peripheral,20,8,5,0.044065573953003465,0.03500081207553894,0.6
regime,down,low_value,ai_peripheral,20,9,5,0.010722657922868539,0.001657896045404017,0.6
regime,down,low_value,ai_peripheral,20,10,5,0.0016814354818989268,-0.007383326395565588,0.4
regime,down,low_value,ai_peripheral,60,1,4,0.013536319397867844,-0.09935187946088463,0.25
regime,down,low_value,ai_peripheral,60,2,4,0.009898780908502793,-0.10298941795024968,0.25
regime,down,low_value,ai_peripheral,60,3,4,0.016367453792536464,-0.09652074506621602,0.25
regime,down,low_value,ai_peripheral,60,4,4,-0.0047222564364093455,-0.11761045529516181,0.25
regime,down,low_value,ai_peripheral,60,5,4,0.01811097248325897,-0.09477722637549352,0.0
regime,down,low_value,ai_peripheral,60,6,4,0.008530244151248029,-0.10435795470750442,0.0
regime,down,low_value,ai_peripheral,60,7,4,0.005342767979956734,-0.10754543087879576,0.25
regime,down,low_value,ai_peripheral,60,8,4,0.07420755511635767,-0.03868064374239481,0.5
regime,down,low_value,ai_peripheral,60,9,4,0.05429646756500426,-0.058591731293748214,0.25
regime,down,low_value,ai_peripheral,60,10,4,-0.015642679473962678,-0.12853087833271515,0.0
regime,down,low_value,ai_peripheral,120,1,4,0.056074790635027516,-0.060046817462904446,0.25
regime,down,low_value,ai_peripheral,120,2,4,0.056348991204120104,-0.059772616893811845,0.5
regime,down,low_value,ai_peripheral,120,3,4,0.042574252061550424,-0.07354735603638153,0.25
regime,down,low_value,ai_peripheral,120,4,4,0.10132986279263334,-0.014791745305298615,0.5
regime,down,low_value,ai_peripheral,120,5,4,0.06224127359737287,-0.05388033450055908,0.25
regime,down,low_value,ai_peripheral,120,6,4,0.1015181978276019,-0.014603410270330068,0.5
regime,down,low_value,ai_peripheral,120,7,4,0.051018904000124994,-0.06510270409780695,0.5
regime,down,low_value,ai_peripheral,120,8,4,0.15370714544546651,0.03758553734753456,0.5
regime,down,low_value,ai_peripheral,120,9,4,0.11217008281316236,-0.003951525284769587,0.5
regime,down,low_value,ai_peripheral,120,10,4,0.04865940873389607,-0.06746219936403589,0.0
regime,down,low_value,core_ai,20,1,4,0.11729562222978407,0.12504608805101505,0.5
regime,down,low_value,core_ai,20,2,4,0.05205976589757694,0.05981023171880792,0.75
regime,down,low_value,core_ai,20,3,4,0.030254624046565145,0.03800508986779614,0.5
regime,down,low_value,core_ai,20,4,4,-0.030113836559606092,-0.022363370738375105,0.5
regime,down,low_value,core_ai,20,5,4,0.060296716071476644,0.06804718189270764,1.0
regime,down,low_value,core_ai,20,6,4,-0.017765356432926593,-0.010014890611695595,0.75
regime,down,low_value,core_ai,20,7,4,-0.0009637258676446982,0.006786739953586298,0.75
regime,down,low_value,core_ai,20,8,4,-0.001420818747770055,0.006329647073460946,0.5
regime,down,low_value,core_ai,20,9,4,-0.009719868079517018,-0.001969402258286023,0.25
regime,down,low_value,core_ai,20,10,4,-0.012161396917385828,-0.004410931096154825,0.5
regime,down,low_value,core_ai,60,1,3,0.6420385614514553,0.5221487746406523,1.0
regime,down,low_value,core_ai,60,2,3,0.47130741070912263,0.3514176238983196,1.0
regime,down,low_value,core_ai,60,3,3,0.14176477092278283,0.0218749841119798,0.3333333333333333
regime,down,low_value,core_ai,60,4,3,0.6836212363726829,0.5637314495618799,1.0
regime,down,low_value,core_ai,60,5,3,0.15525316021298768,0.03536337340218465,0.6666666666666666
regime,down,low_value,core_ai,60,6,3,0.47312358936159976,0.3532338025507968,1.0
regime,down,low_value,core_ai,60,7,3,0.2605123452329487,0.14062255842214563,1.0
regime,down,low_value,core_ai,60,8,3,0.06064459269475328,-0.05924519411604976,0.3333333333333333
regime,down,low_value,core_ai,60,9,3,0.13517035689166948,0.015280570080866451,0.6666666666666666
regime,down,low_value,core_ai,60,10,3,0.2479760739823055,0.12808628717150242,1.0
regime,down,low_value,core_ai,120,1,3,0.5681306131697323,0.46944150697992026,0.6666666666666666
regime,down,low_value,core_ai,120,2,3,0.4824837416452174,0.3837946354554053,1.0
regime,down,low_value,core_ai,120,3,3,0.055369259873671355,-0.043319846316140755,0.3333333333333333
regime,down,low_value,core_ai,120,4,3,0.6883681162541909,0.5896790100643788,1.0
regime,down,low_value,core_ai,120,5,3,0.13182302059006465,0.033133914400252554,0.6666666666666666
regime,down,low_value,core_ai,120,6,3,0.30627492012640384,0.2075858139365917,1.0
regime,down,low_value,core_ai,120,7,3,0.1975483965527791,0.09885929036296699,0.6666666666666666
regime,down,low_value,core_ai,120,8,3,0.12936772918359749,0.030678622993785393,0.3333333333333333
regime,down,low_value,core_ai,120,9,3,0.19679422601294627,0.09810511982313413,1.0
regime,down,low_value,core_ai,120,10,3,0.11812249484732,0.019433388657507905,0.3333333333333333
regime,down,momentum,ALL,20,1,8,-0.023284573350477733,-0.02645927784930124,0.25
regime,down,momentum,ALL,20,2,8,-0.02002305355201339,-0.0231977580508369,0.125
regime,down,momentum,ALL,20,3,8,-0.009109016644374655,-0.012283721143198166,0.375
regime,down,momentum,ALL,20,4,8,-0.02515930414182315,-0.028334008640646658,0.25
regime,down,momentum,ALL,20,5,8,-0.006077935994578204,-0.009252640493401711,0.625
regime,down,momentum,ALL,20,6,8,-0.011426721680653272,-0.014601426179476783,0.625
regime,down,momentum,ALL,20,7,8,-0.001090846139119566,-0.004265550637943079,0.5
regime,down,momentum,ALL,20,8,8,-3.560611466773764e-05,-0.0032103106134912544,0.375
regime,down,momentum,ALL,20,9,8,0.0032882726183303852,0.00011356811950687454,0.375
regime,down,momentum,ALL,20,10,8,0.003189597605856154,1.4893107032639026e-05,0.5
regime,down,momentum,ALL,60,1,7,0.11963819545739275,0.0017161625640829297,0.42857142857142855
regime,down,momentum,ALL,60,2,7,0.08236615578910034,-0.03555587710420945,0.2857142857142857
regime,down,momentum,ALL,60,3,7,0.09698079772709367,-0.020941235166216123,0.42857142857142855
regime,down,momentum,ALL,60,4,7,0.08016316340426298,-0.03775886948904684,0.2857142857142857
regime,down,momentum,ALL,60,5,7,0.10131591990108389,-0.016606112992225922,0.42857142857142855
regime,down,momentum,ALL,60,6,7,0.1163216549086407,-0.0016003779846691063,0.42857142857142855
regime,down,momentum,ALL,60,7,7,0.09844148179823965,-0.01948055109507015,0.2857142857142857
regime,down,momentum,ALL,60,8,7,0.10010538593511598,-0.01781664695819384,0.2857142857142857
regime,down,momentum,ALL,60,9,7,0.10426162830808403,-0.013660404585225753,0.5714285714285714
regime,down,momentum,ALL,60,10,7,0.10982765416648317,-0.00809437872682663,0.42857142857142855
regime,down,momentum,ALL,120,1,7,0.16800206400767287,0.023042856141082375,0.7142857142857143
regime,down,momentum,ALL,120,2,7,0.15085161528056854,0.005892407413978072,0.5714285714285714
regime,down,momentum,ALL,120,3,7,0.16154495627321516,0.016585748406624683,0.42857142857142855
regime,down,momentum,ALL,120,4,7,0.13342603280450965,-0.011533175062080823,0.5714285714285714
regime,down,momentum,ALL,120,5,7,0.1728365448810327,0.02787733701444223,0.5714285714285714
regime,down,momentum,ALL,120,6,7,0.15196666659650884,0.007007458729918359,0.8571428571428571
regime,down,momentum,ALL,120,7,7,0.12733461726921103,-0.01762459059737943,0.42857142857142855
regime,down,momentum,ALL,120,8,7,0.13366344174031863,-0.011295766126271816,0.5714285714285714
regime,down,momentum,ALL,120,9,7,0.17025333524408853,0.025294127377498064,0.5714285714285714
regime,down,momentum,ALL,120,10,7,0.18193584176233316,0.0369766338957427,0.8571428571428571
regime,down,low_value,ALL,20,1,6,0.014924260104701862,0.021679187064081024,0.3333333333333333
regime,down,low_value,ALL,20,2,6,0.01265622286051351,0.019411149819892663,0.6666666666666666
regime,down,low_value,ALL,20,3,6,-0.024555493789621737,-0.017800566830242594,0.5
regime,down,low_value,ALL,20,4,6,0.015339100550900422,0.02209402751027957,0.8333333333333334
regime,down,low_value,ALL,20,5,6,-0.022963435087726736,-0.016208508128347583,0.5
regime,down,low_value,ALL,20,6,6,-0.017755837356202883,-0.011000910396823736,0.3333333333333333
regime,down,low_value,ALL,20,7,6,-0.009543992151585322,-0.0027890651922061736,0.5
regime,down,low_value,ALL,20,8,6,0.007944025461078029,0.014698952420457184,0.3333333333333333
regime,down,low_value,ALL,20,9,6,0.0028506779071978752,0.009605604866577027,0.5
regime,down,low_value,ALL,20,10,6,-0.007858132168181984,-0.0011032052088028276,0.5
regime,down,low_value,ALL,60,1,5,0.17473695304020903,0.0811599684899498,0.6
regime,down,low_value,ALL,60,2,5,0.13427787708388594,0.04070089253362671,0.8
regime,down,low_value,ALL,60,3,5,0.06428879540914242,-0.029288189141116815,0.4
regime,down,low_value,ALL,60,4,5,0.16126593774493853,0.06768895319467931,0.8
regime,down,low_value,ALL,60,5,5,0.042643949590467044,-0.05093303495979219,0.4
regime,down,low_value,ALL,60,6,5,0.08293934105197509,-0.01063764349828413,0.6
regime,down,low_value,ALL,60,7,5,0.06608898416133524,-0.027488000388924006,0.2
regime,down,low_value,ALL,60,8,5,0.04949632356004174,-0.0440806609902175,0.4
regime,down,low_value,ALL,60,9,5,0.0618112018907798,-0.031765782659479457,0.2
regime,down,low_value,ALL,60,10,5,0.05363151053448497,-0.039945474015774265,0.6
regime,down,low_value,ALL,120,1,5,0.1933908294577488,0.08072880431025933,0.6
regime,down,low_value,ALL,120,2,5,0.16085709083954366,0.048195065692054215,0.6
regime,down,low_value,ALL,120,3,5,0.06848630216576175,-0.04417572298172773,0.4
regime,down,low_value,ALL,120,4,5,0.24088324811323553,0.12822122296574606,1.0
regime,down,low_value,ALL,120,5,5,0.05044323916909941,-0.062218785978390055,0.4
regime,down,low_value,ALL,120,6,5,0.09861921561453638,-0.014042809532953098,0.6
regime,down,low_value,ALL,120,7,5,0.0845145824703176,-0.02814744267717186,0.4
regime,down,low_value,ALL,120,8,5,0.14037592780225733,0.027713902654767884,0.6
regime,down,low_value,ALL,120,9,5,0.12482772037986574,0.012165695232376263,0.4
regime,down,low_value,ALL,120,10,5,0.07191150586363657,-0.04075051928385291,0.4
regime,up,low_value,ai_enabler,20,1,33,-0.0014683840851631704,-0.01733234588630741,0.42424242424242425
regime,up,low_value,ai_enabler,20,2,33,0.01458204367397915,-0.0012819181271650892,0.48484848484848486
regime,up,low_value,ai_enabler,20,3,33,0.017147182165201322,0.0012832203640570814,0.48484848484848486
regime,up,low_value,ai_enabler,20,4,33,0.005281329347744168,-0.010582632453400069,0.5454545454545454
regime,up,low_value,ai_enabler,20,5,33,0.01847231669792739,0.0026083548967831566,0.48484848484848486
regime,up,low_value,ai_enabler,20,6,33,0.007692549913398954,-0.008171411887745285,0.5151515151515151
regime,up,low_value,ai_enabler,20,7,33,0.016379206344059663,0.0005152445429154259,0.5757575757575758
regime,up,low_value,ai_enabler,20,8,33,0.015879911885386056,1.5950084241818753e-05,0.5757575757575758
regime,up,low_value,ai_enabler,20,9,33,0.006481831972826126,-0.00938212982831811,0.45454545454545453
regime,up,low_value,ai_enabler,20,10,33,0.03431651051131038,0.01845254871016614,0.696969696969697
regime,up,low_value,ai_enabler,60,1,32,0.010496815968910285,-0.025417775647824475,0.375
regime,up,low_value,ai_enabler,60,2,32,0.039963293418170454,0.004048701801435685,0.46875
regime,up,low_value,ai_enabler,60,3,32,0.04015557332315975,0.004240981706424985,0.5
regime,up,low_value,ai_enabler,60,4,32,0.027710062172725515,-0.00820452944400925,0.4375
regime,up,low_value,ai_enabler,60,5,32,0.03122027401568291,-0.004694317601051861,0.375
regime,up,low_value,ai_enabler,60,6,32,0.03775741556123077,0.0018428239444960078,0.53125
regime,up,low_value,ai_enabler,60,7,32,0.017226567816420513,-0.01868802380031424,0.40625
regime,up,low_value,ai_enabler,60,8,32,0.03799080934208085,0.0020762177253460896,0.5625
regime,up,low_value,ai_enabler,60,9,32,0.016571403536496145,-0.019343188080238626,0.28125
regime,up,low_value,ai_enabler,60,10,32,0.08283992163632622,0.046925330019591455,0.75
regime,up,low_value,ai_enabler,120,1,29,0.10667433427307527,-0.0012137086684443632,0.3793103448275862
regime,up,low_value,ai_enabler,120,2,29,0.15498501466675652,0.04709697172523687,0.5517241379310345
regime,up,low_value,ai_enabler,120,3,29,0.21891152590443308,0.11102348296291348,0.5172413793103449
regime,up,low_value,ai_enabler,120,4,29,0.16322909853584655,0.05534105559432692,0.5172413793103449
regime,up,low_value,ai_enabler,120,5,29,0.17376971893928084,0.06588167599776115,0.5172413793103449
regime,up,low_value,ai_enabler,120,6,29,0.10694595862523683,-0.0009420843162828295,0.3793103448275862
regime,up,low_value,ai_enabler,120,7,29,0.14373090284706008,0.03584285990554044,0.4482758620689655
regime,up,low_value,ai_enabler,120,8,29,0.11155679163646383,0.0036687486949441833,0.4827586206896552
regime,up,low_value,ai_enabler,120,9,29,0.0849637438971187,-0.02292429904440097,0.3448275862068966
regime,up,low_value,ai_enabler,120,10,29,0.22824510155931438,0.12035705861779472,0.7931034482758621
regime,up,low_value,ai_peripheral,20,1,26,0.02934477969061102,0.012690720383257897,0.5384615384615384
regime,up,low_value,ai_peripheral,20,2,26,0.00726804625375942,-0.009386013053593704,0.4230769230769231
regime,up,low_value,ai_peripheral,20,3,26,0.01275861244827367,-0.003895446859079453,0.46153846153846156
regime,up,low_value,ai_peripheral,20,4,26,0.008860819005015386,-0.0077932403023377355,0.4230769230769231
regime,up,low_value,ai_peripheral,20,5,26,0.005084166412071263,-0.011569892895281863,0.4230769230769231
regime,up,low_value,ai_peripheral,20,6,26,0.01922956389949789,0.0025755045921447652,0.5769230769230769
regime,up,low_value,ai_peripheral,20,7,26,0.013818573540881562,-0.0028354857664715607,0.5
regime,up,low_value,ai_peripheral,20,8,26,-0.003672110413906059,-0.020326169721259186,0.4230769230769231
regime,up,low_value,ai_peripheral,20,9,26,0.012421528941090044,-0.00423253036626308,0.5384615384615384
regime,up,low_value,ai_peripheral,20,10,26,0.02235593644151462,0.005701877134161495,0.5769230769230769
regime,up,low_value,ai_peripheral,60,1,25,0.06826248148055307,0.03908423865947522,0.52
regime,up,low_value,ai_peripheral,60,2,25,-0.010987980434451356,-0.04016622325552922,0.4
regime,up,low_value,ai_peripheral,60,3,25,0.0025011179532784577,-0.026677124867799402,0.4
regime,up,low_value,ai_peripheral,60,4,25,0.02200812590213022,-0.007170116918947637,0.44
regime,up,low_value,ai_peripheral,60,5,25,-0.004152295199450259,-0.03333053802052812,0.2
regime,up,low_value,ai_peripheral,60,6,25,0.03959999357855664,0.010421750757478783,0.4
regime,up,low_value,ai_peripheral,60,7,25,0.0426544634799753,0.013476220658897442,0.56
regime,up,low_value,ai_peripheral,60,8,25,0.017229072077357674,-0.011949170743720185,0.36
regime,up,low_value,ai_peripheral,60,9,25,0.028454425532436947,-0.0007238172886409144,0.4
regime,up,low_value,ai_peripheral,60,10,25,0.05323161132430319,0.02405336850322534,0.56
regime,up,low_value,ai_peripheral,120,1,22,0.15437152452695185,0.05181475131423394,0.6363636363636364
regime,up,low_value,ai_peripheral,120,2,22,0.049697768749466215,-0.052859004463251695,0.3181818181818182
regime,up,low_value,ai_peripheral,120,3,22,0.0661309581491404,-0.03642581506357753,0.36363636363636365
regime,up,low_value,ai_peripheral,120,4,22,0.09402012288676662,-0.00853665032595134,0.45454545454545453
regime,up,low_value,ai_peripheral,120,5,22,0.07398413196695652,-0.028572641245761407,0.45454545454545453
regime,up,low_value,ai_peripheral,120,6,22,0.13452870939479544,0.031971936182077484,0.45454545454545453
regime,up,low_value,ai_peripheral,120,7,22,0.11686401369521976,0.014307240482501827,0.4090909090909091
regime,up,low_value,ai_peripheral,120,8,22,0.08829629408926226,-0.014260479123455688,0.3181818181818182
regime,up,low_value,ai_peripheral,120,9,22,0.1058988217698372,0.0033420485571192472,0.45454545454545453
regime,up,low_value,ai_peripheral,120,10,22,0.14844166435650952,0.045884891143791594,0.6363636363636364
regime,up,momentum,core_ai,20,1,33,0.02594247335388682,0.010078511552742583,0.6363636363636364
regime,up,momentum,core_ai,20,2,33,0.027897084836307928,0.012033123035163695,0.6363636363636364
regime,up,momentum,core_ai,20,3,33,0.01700138150933839,0.0011374197081941546,0.5757575757575758
regime,up,momentum,core_ai,20,4,33,0.02383679770541619,0.007972835904271948,0.5757575757575758
regime,up,momentum,core_ai,20,5,33,0.017672676550032518,0.001808714748888283,0.6363636363636364
regime,up,momentum,core_ai,20,6,33,0.02682981932595444,0.010965857524810203,0.5757575757575758
regime,up,momentum,core_ai,20,7,33,0.02004370598288008,0.004179744181735847,0.5757575757575758
regime,up,momentum,core_ai,20,8,33,0.03208991743450733,0.016225955633363088,0.5757575757575758
regime,up,momentum,core_ai,20,9,33,0.02027554247650942,0.004411580675365181,0.48484848484848486
regime,up,momentum,core_ai,20,10,33,0.03347802130505833,0.017614059503914092,0.7575757575757576
regime,up,momentum,core_ai,60,1,32,0.060231214682873284,0.02431662306613852,0.40625
regime,up,momentum,core_ai,60,2,32,0.047798380567898945,0.011883788951164185,0.5
regime,up,momentum,core_ai,60,3,32,0.02584857181233748,-0.010066019804397287,0.4375
regime,up,momentum,core_ai,60,4,32,0.07327511363001621,0.03736052201328144,0.65625
regime,up,momentum,core_ai,60,5,32,0.05326456071679706,0.01734996910006229,0.5
regime,up,momentum,core_ai,60,6,32,0.04309448382332714,0.007179892206592377,0.5
regime,up,momentum,core_ai,60,7,32,0.04502316914423479,0.009108577527500035,0.4375
regime,up,momentum,core_ai,60,8,32,0.062314973630212114,0.02640038201347735,0.5
regime,up,momentum,core_ai,60,9,32,0.03573401170300519,-0.00018057991372957133,0.46875
regime,up,momentum,core_ai,60,10,32,0.08052469993206393,0.044610108315329175,0.71875
regime,up,momentum,core_ai,120,1,29,0.17502181977500259,0.06713377683348293,0.5862068965517241
regime,up,momentum,core_ai,120,2,29,0.17821682790243626,0.0703287849609166,0.6206896551724138
regime,up,momentum,core_ai,120,3,29,0.11003242062356036,0.0021443776820407323,0.5517241379310345
regime,up,momentum,core_ai,120,4,29,0.15531629895069907,0.04742825600917945,0.5172413793103449
regime,up,momentum,core_ai,120,5,29,0.18611614791404676,0.07822810497252713,0.6551724137931034
regime,up,momentum,core_ai,120,6,29,0.15433229633848405,0.046444253396964424,0.5172413793103449
regime,up,momentum,core_ai,120,7,29,0.13911554996889466,0.031227507027375,0.5172413793103449
regime,up,momentum,core_ai,120,8,29,0.2077864895812302,0.09989844663971056,0.7241379310344828
regime,up,momentum,core_ai,120,9,29,0.1498394772456057,0.04195143430408602,0.6896551724137931
regime,up,momentum,core_ai,120,10,29,0.23081481536398296,0.12292677242246328,0.896551724137931
regime,up,momentum,ai_enabler,20,1,33,0.004331508316913071,-0.011532453484231164,0.36363636363636365
regime,up,momentum,ai_enabler,20,2,33,0.008094649591120452,-0.007769312210023783,0.5151515151515151
regime,up,momentum,ai_enabler,20,3,33,0.00820179002474509,-0.007662171776399148,0.5151515151515151
regime,up,momentum,ai_enabler,20,4,33,0.014433660710635865,-0.001430301090508374,0.5151515151515151
regime,up,momentum,ai_enabler,20,5,33,0.008977307150910177,-0.006886654650234061,0.5757575757575758
regime,up,momentum,ai_enabler,20,6,33,0.01158060550838335,-0.004283356292760885,0.45454545454545453
regime,up,momentum,ai_enabler,20,7,33,0.014880399433721984,-0.0009835623674222514,0.6060606060606061
regime,up,momentum,ai_enabler,20,8,33,0.012928990895957882,-0.002934970905186354,0.6060606060606061
regime,up,momentum,ai_enabler,20,9,33,0.017209380677459665,0.0013454188763154286,0.6060606060606061
regime,up,momentum,ai_enabler,20,10,33,0.020918619427637928,0.005054657626493687,0.6060606060606061
regime,up,momentum,ai_enabler,60,1,32,0.01625521338668043,-0.019659378230054328,0.3125
regime,up,momentum,ai_enabler,60,2,32,0.014897908741159028,-0.021016682875575732,0.34375
regime,up,momentum,ai_enabler,60,3,32,0.020444282684260663,-0.015470308932474102,0.40625
regime,up,momentum,ai_enabler,60,4,32,0.02548430079374065,-0.010430290822994112,0.5
regime,up,momentum,ai_enabler,60,5,32,0.02283872087177448,-0.013075870744960286,0.375
regime,up,momentum,ai_enabler,60,6,32,0.02920032111971608,-0.0067142704970186776,0.40625
regime,up,momentum,ai_enabler,60,7,32,0.03748780880928079,0.0015732171925460312,0.625
regime,up,momentum,ai_enabler,60,8,32,0.023473750476550523,-0.012440841140184244,0.4375
regime,up,momentum,ai_enabler,60,9,32,0.04061108928394802,0.004696497667213264,0.46875
regime,up,momentum,ai_enabler,60,10,32,0.054521926611497365,0.018607334994762602,0.625
regime,up,momentum,ai_enabler,120,1,29,0.049598788492988564,-0.05828925444853108,0.3103448275862069
regime,up,momentum,ai_enabler,120,2,29,0.054156122633327704,-0.05373192030819195,0.1724137931034483
regime,up,momentum,ai_enabler,120,3,29,0.07066185963456566,-0.037226183306953986,0.27586206896551724
regime,up,momentum,ai_enabler,120,4,29,0.06968695895251976,-0.03820108398899989,0.3103448275862069
regime,up,momentum,ai_enabler,120,5,29,0.08143300167155104,-0.026455041269968595,0.2413793103448276
regime,up,momentum,ai_enabler,120,6,29,0.08176982515759569,-0.026118217783923946,0.3103448275862069
regime,up,momentum,ai_enabler,120,7,29,0.10785523596477482,-3.280697674480828e-05,0.41379310344827586
regime,up,momentum,ai_enabler,120,8,29,0.08601095014384193,-0.021877092797677702,0.3448275862068966
regime,up,momentum,ai_enabler,120,9,29,0.13954495262381145,0.03165690968229178,0.4827586206896552
regime,up,momentum,ai_enabler,120,10,29,0.16377830749927835,0.05589026455775874,0.7931034482758621
regime,up,momentum,ai_peripheral,20,1,33,-2.2713946531069816e-05,-0.015886675747675306,0.45454545454545453
regime,up,momentum,ai_peripheral,20,2,33,0.006935291711313655,-0.008928670089830582,0.3939393939393939
regime,up,momentum,ai_peripheral,20,3,33,0.00983112993593857,-0.006032831865205669,0.45454545454545453
regime,up,momentum,ai_peripheral,20,4,33,0.00506294981628674,-0.010801011984857492,0.45454545454545453
regime,up,momentum,ai_peripheral,20,5,33,0.005885354261971157,-0.009978607539173082,0.48484848484848486
regime,up,momentum,ai_peripheral,20,6,33,0.003967375018299534,-0.011896586782844705,0.45454545454545453
regime,up,momentum,ai_peripheral,20,7,33,0.007055426531541616,-0.008808535269602616,0.48484848484848486
regime,up,momentum,ai_peripheral,20,8,33,0.007928243399812011,-0.007935718401332227,0.48484848484848486
regime,up,momentum,ai_peripheral,20,9,33,0.011426878197354353,-0.004437083603789884,0.6363636363636364
regime,up,momentum,ai_peripheral,20,10,33,0.014512124143828676,-0.0013518376573155603,0.5454545454545454
regime,up,momentum,ai_peripheral,60,1,32,0.025713365853954638,-0.010201225762780125,0.5
regime,up,momentum,ai_peripheral,60,2,32,0.033059274420373694,-0.002855317196361068,0.4375
regime,up,momentum,ai_peripheral,60,3,32,0.027383774846156696,-0.008530816770578062,0.40625
regime,up,momentum,ai_peripheral,60,4,32,0.009249099791696452,-0.026665491825038308,0.28125
regime,up,momentum,ai_peripheral,60,5,32,0.020556445401454237,-0.01535814621528052,0.375
regime,up,momentum,ai_peripheral,60,6,32,0.025210406738905664,-0.010704184877829093,0.4375
regime,up,momentum,ai_peripheral,60,7,32,0.02511193643700428,-0.010802655179730478,0.4375
regime,up,momentum,ai_peripheral,60,8,32,0.026190435446513352,-0.009724156170221408,0.46875
regime,up,momentum,ai_peripheral,60,9,32,0.025552971653602544,-0.010361619963132215,0.40625
regime,up,momentum,ai_peripheral,60,10,32,0.0416531205829325,0.005738528966197737,0.5625
regime,up,momentum,ai_peripheral,120,1,29,0.04360514657924429,-0.06428289636227535,0.1724137931034483
regime,up,momentum,ai_peripheral,120,2,29,0.05410134099356724,-0.05378670194795241,0.27586206896551724
regime,up,momentum,ai_peripheral,120,3,29,0.07411055440393698,-0.033777488537582674,0.3103448275862069
regime,up,momentum,ai_peripheral,120,4,29,0.03149050258290221,-0.07639754035861744,0.13793103448275862
regime,up,momentum,ai_peripheral,120,5,29,0.05665050930900513,-0.05123753363251452,0.2413793103448276
regime,up,momentum,ai_peripheral,120,6,29,0.06253633830739654,-0.045351704634123115,0.3103448275862069
regime,up,momentum,ai_peripheral,120,7,29,0.06727366620596821,-0.04061437673555142,0.27586206896551724
regime,up,momentum,ai_peripheral,120,8,29,0.07577950256914082,-0.03210854037237882,0.2413793103448276
regime,up,momentum,ai_peripheral,120,9,29,0.08531626466113248,-0.022571778280387148,0.3793103448275862
regime,up,momentum,ai_peripheral,120,10,29,0.1158551614582061,0.007967118516686467,0.5862068965517241
regime,up,low_value,core_ai,20,1,26,0.010767994492523482,-0.003385280960391159,0.46153846153846156
regime,up,low_value,core_ai,20,2,26,0.04549418670273618,0.03134091124982154,0.5384615384615384
regime,up,low_value,core_ai,20,3,26,0.024093101642373476,0.009939826189458838,0.5
regime,up,low_value,core_ai,20,4,26,0.030406418139181914,0.016253142686267277,0.6923076923076923
regime,up,low_value,core_ai,20,5,26,0.021909424786544746,0.0077561493336301135,0.46153846153846156
regime,up,low_value,core_ai,20,6,26,0.005817171120789222,-0.008336104332125413,0.4230769230769231
regime,up,low_value,core_ai,20,7,26,0.015113778613625327,0.0009605031607106956,0.5
regime,up,low_value,core_ai,20,8,26,0.0016851038791000361,-0.0124681715738146,0.38461538461538464
regime,up,low_value,core_ai,20,9,26,0.030244387395982262,0.016091111943067622,0.5769230769230769
regime,up,low_value,core_ai,20,10,26,0.031332088590739056,0.017178813137824427,0.5769230769230769
regime,up,low_value,core_ai,60,1,26,0.03941489652417372,0.004039741960088754,0.4230769230769231
regime,up,low_value,core_ai,60,2,26,0.12661845582123918,0.09124330125715421,0.6153846153846154
regime,up,low_value,core_ai,60,3,26,0.04370853958607776,0.008333385021992776,0.4230769230769231
regime,up,low_value,core_ai,60,4,26,0.11870598908556765,0.08333083452148266,0.6538461538461539
regime,up,low_value,core_ai,60,5,26,0.08482469095031214,0.04944953638622715,0.5
regime,up,low_value,core_ai,60,6,26,0.04985272341299039,0.014477568848905404,0.46153846153846156
regime,up,low_value,core_ai,60,7,26,0.026644220380652672,-0.008730934183432317,0.4230769230769231
regime,up,low_value,core_ai,60,8,26,0.0281676219329288,-0.00720753263115618,0.6538461538461539
regime,up,low_value,core_ai,60,9,26,0.06496132505021467,0.029586170486129694,0.5
regime,up,low_value,core_ai,60,10,26,0.13032309120317176,0.09494793663908675,0.6923076923076923
regime,up,low_value,core_ai,120,1,23,0.2108978212301707,0.11726951815578059,0.5217391304347826
regime,up,low_value,core_ai,120,2,23,0.30071674653444236,0.2070884434600522,0.6956521739130435
regime,up,low_value,core_ai,120,3,23,0.29486797349244104,0.20123967041805085,0.5217391304347826
regime,up,low_value,core_ai,120,4,23,0.3518282311173577,0.25819992804296765,0.6521739130434783
regime,up,low_value,core_ai,120,5,23,0.21368349341276854,0.12005519033837843,0.4782608695652174
regime,up,low_value,core_ai,120,6,23,0.1731047442993053,0.07947644122491514,0.4782608695652174
regime,up,low_value,core_ai,120,7,23,0.09615098700300563,0.0025226839286154926,0.5217391304347826
regime,up,low_value,core_ai,120,8,23,0.10237570302860202,0.008747399954211896,0.391304347826087
regime,up,low_value,core_ai,120,9,23,0.1463628601683458,0.05273455709395569,0.5217391304347826
regime,up,low_value,core_ai,120,10,23,0.29569983892411583,0.20207153584972581,0.8695652173913043
regime,up,low_value,ALL,20,1,33,0.0034557058869562796,-0.012408255914187956,0.45454545454545453
regime,up,low_value,ALL,20,2,33,0.01807201295629697,0.0022080511551527335,0.45454545454545453
regime,up,low_value,ALL,20,3,33,0.016155421193705017,0.00029145939256077896,0.5151515151515151
regime,up,low_value,ALL,20,4,33,0.011812321028917293,-0.004051640772226945,0.5151515151515151
regime,up,low_value,ALL,20,5,33,0.01833703871203498,0.002473076910890745,0.48484848484848486
regime,up,low_value,ALL,20,6,33,0.009473726021497325,-0.006390235779646913,0.5757575757575758
regime,up,low_value,ALL,20,7,33,0.013990163083025487,-0.0018737987181187494,0.5454545454545454
regime,up,low_value,ALL,20,8,33,0.005014619780609661,-0.010849342020534577,0.3939393939393939
regime,up,low_value,ALL,20,9,33,0.014822659376298999,-0.0010413024248452339,0.45454545454545453
regime,up,low_value,ALL,20,10,33,0.029395190896551387,0.01353122909540715,0.6363636363636364
regime,up,low_value,ALL,60,1,32,0.029808280248186107,-0.006106311368548656,0.4375
regime,up,low_value,ALL,60,2,32,0.04143045382994232,0.005515862213207557,0.5
regime,up,low_value,ALL,60,3,32,0.02808293261783009,-0.007831658998904678,0.4375
regime,up,low_value,ALL,60,4,32,0.04613270462828227,0.010218113011547503,0.5625
regime,up,low_value,ALL,60,5,32,0.03669726656018402,0.0007826749434492603,0.34375
regime,up,low_value,ALL,60,6,32,0.037048061188669504,0.0011334695719347476,0.4375
regime,up,low_value,ALL,60,7,32,0.023066722983612852,-0.012847868633121906,0.4375
regime,up,low_value,ALL,60,8,32,0.026457031194755763,-0.009457560421979004,0.53125
regime,up,low_value,ALL,60,9,32,0.026841309682392702,-0.009073281934342065,0.40625
regime,up,low_value,ALL,60,10,32,0.09040822793134225,0.05449363631460748,0.71875
regime,up,low_value,ALL,120,1,29,0.143977123922817,0.036089080981297365,0.5862068965517241
regime,up,low_value,ALL,120,2,29,0.15440374410665944,0.04651570116513976,0.6206896551724138
regime,up,low_value,ALL,120,3,29,0.1980006386664088,0.09011259572488915,0.4482758620689655
regime,up,low_value,ALL,120,4,29,0.18829685712858565,0.080408814187066,0.5517241379310345
regime,up,low_value,ALL,120,5,29,0.16360275873752383,0.0557147157960042,0.5517241379310345
regime,up,low_value,ALL,120,6,29,0.1278462817317556,0.019958238790235946,0.4482758620689655
regime,up,low_value,ALL,120,7,29,0.13017511750708247,0.022287074565562826,0.4482758620689655
regime,up,low_value,ALL,120,8,29,0.10024417551732054,-0.007643867424199114,0.4482758620689655
regime,up,low_value,ALL,120,9,29,0.10010851137216127,-0.007779531569358384,0.3448275862068966
regime,up,low_value,ALL,120,10,29,0.23070847585414472,0.12282043291262504,0.7931034482758621
regime,up,momentum,ALL,20,1,33,0.010083755908089605,-0.005780205893054629,0.48484848484848486
regime,up,momentum,ALL,20,2,33,0.014309008712914014,-0.0015549530882302217,0.5757575757575758
regime,up,momentum,ALL,20,3,33,0.01167810049000735,-0.00418586131113689,0.48484848484848486
regime,up,momentum,ALL,20,4,33,0.014444469410779596,-0.001419492390364639,0.5454545454545454
regime,up,momentum,ALL,20,5,33,0.010845112654304618,-0.005018849146839618,0.5454545454545454
regime,up,momentum,ALL,20,6,33,0.014125933284212439,-0.001738028516931795,0.5151515151515151
regime,up,momentum,ALL,20,7,33,0.013993177316047895,-0.0018707844850963406,0.48484848484848486
regime,up,momentum,ALL,20,8,33,0.017649050576759077,0.0017850887756148358,0.5757575757575758
regime,up,momentum,ALL,20,9,33,0.01630393378377448,0.0004399719826302412,0.5757575757575758
regime,up,momentum,ALL,20,10,33,0.022969588292174978,0.007105626491030738,0.6060606060606061
regime,up,momentum,ALL,60,1,32,0.03406659797450279,-0.001847993642231976,0.4375
regime,up,momentum,ALL,60,2,32,0.031918521243143885,-0.003996070373590871,0.5
regime,up,momentum,ALL,60,3,32,0.02455887644758495,-0.011355715169149818,0.53125
regime,up,momentum,ALL,60,4,32,0.03600283807181777,8.824645508300616e-05,0.46875
regime,up,momentum,ALL,60,5,32,0.03221990899667526,-0.003694682620059508,0.5
regime,up,momentum,ALL,60,6,32,0.032501737227316294,-0.003412854389418465,0.53125
regime,up,momentum,ALL,60,7,32,0.035874304796839965,-4.028681989480445e-05,0.5
regime,up,momentum,ALL,60,8,32,0.03732638651775866,0.0014117949010239023,0.46875
regime,up,momentum,ALL,60,9,32,0.03396602421351859,-0.0019485674032161755,0.40625
regime,up,momentum,ALL,60,10,32,0.05889991570883127,0.022985324092096502,0.59375
regime,up,momentum,ALL,120,1,29,0.08940858494907848,-0.018479457992441176,0.3448275862068966
regime,up,momentum,ALL,120,2,29,0.09549143050977706,-0.01239661243174258,0.4482758620689655
regime,up,momentum,ALL,120,3,29,0.08493494488735434,-0.022953098054165313,0.3103448275862069
regime,up,momentum,ALL,120,4,29,0.08549792016204034,-0.022390122779479292,0.41379310344827586
regime,up,momentum,ALL,120,5,29,0.10806655296486765,0.00017851002334800685,0.5172413793103449
regime,up,momentum,ALL,120,6,29,0.09954615326782543,-0.008341889673694218,0.3793103448275862
regime,up,momentum,ALL,120,7,29,0.10474815071321256,-0.0031398922283070773,0.4827586206896552
regime,up,momentum,ALL,120,8,29,0.12319231409807099,0.01530427115655134,0.4482758620689655
regime,up,momentum,ALL,120,9,29,0.12490023151018317,0.017012188568663555,0.5517241379310345
regime,up,momentum,ALL,120,10,29,0.1701494281071558,0.06226138516563617,0.7586206896551724
