signal_date,year,regime,channel,symbol,horizon_days,forward_return,qqq_return,excess_vs_qqq,winner_vs_qqq,hard_first_fail,hard_fail_layer,soft_failed_steps,soft_fail_count,risk_off_composite_score,risk_off_rank_pre_research,risk_off_rank_post_research,risk_off_rank_after_caps,risk_off_research_priority,risk_off_research_score,risk_off_research_risks,exclusion_stage,exclusion_reason
2023-01-31,2023,up,ai_enabler,CAT,120,0.0385026833631484,0.2838351334827796,-0.2453324501196312,False,max_price_to_sma200,valuation_hard,"max_ps_hist_percentile,max_pe_hist_percentile,min_value_discount_any",3,,,,,,,,hard_filter,hard:max_price_to_sma200
2023-01-31,2023,up,ai_enabler,ETN,120,0.2666307692307691,0.2838351334827796,-0.017204364252010496,False,,,"min_avg_dollar_volume_20d,max_ps_hist_percentile,min_value_discount_any",3,0.6527883074149159,43.0,15.0,14.0,watch_for_pullback,3.8,expensive_relative_to_peers,below_top_n,below_top_n
2023-01-31,2023,up,ai_enabler,JCI,120,0.0453010818223372,0.2838351334827796,-0.23853405166044242,False,max_price_to_sma200,valuation_hard,"min_avg_dollar_volume_20d,min_ocf_to_net_income",2,,,,,,,,hard_filter,hard:max_price_to_sma200
2023-01-31,2023,up,ai_enabler,MCHP,120,0.1624043645699614,0.2838351334827796,-0.1214307689128182,False,,,"min_avg_dollar_volume_20d,max_ps_hist_percentile,min_value_discount_any,max_pe_percentile_in_sic",4,0.5749761310025648,103.0,23.0,,watch_for_pullback,7.2,expensive_relative_to_peers,group_cap,group_cap
2023-01-31,2023,up,ai_enabler,NUE,120,0.029917139614075,0.2838351334827796,-0.2539179938687046,False,max_price_to_sma200,valuation_hard,"positive_ebit,min_ebit,max_ev_to_ebit,max_20d_return,max_ps_hist_percentile,min_value_discount_any",6,,,,,,,,hard_filter,hard:max_price_to_sma200
2023-01-31,2023,up,ai_enabler,ON,120,0.3506816459122904,0.2838351334827796,0.06684651242951078,True,max_price_to_sma200,valuation_hard,"max_20d_return,max_ps_hist_percentile,max_pe_hist_percentile,min_value_discount_any",4,,,,,,,,hard_filter,hard:max_price_to_sma200
2023-01-31,2023,up,ai_enabler,PH,120,0.2245455569442515,0.2838351334827796,-0.05928957653852812,False,max_range_position_52w,valuation_hard,"min_net_income_yoy,max_net_debt_to_ebitda,max_ps_hist_percentile,max_pe_hist_percentile,min_expectation_proxy,min_value_discount_any",6,,,,,,,,hard_filter,hard:max_range_position_52w
2023-01-31,2023,up,ai_enabler,SNPS,120,0.2818197450257508,0.2838351334827796,-0.0020153884570288105,False,,,"max_ev_to_ebit,min_avg_dollar_volume_20d,min_value_discount_any,max_ps_percentile_in_sic",4,0.5346039055489421,132.0,25.0,21.0,watch_for_pullback,3.1,"expensive_relative_to_peers,high_absolute_valuation",below_top_n,below_top_n
2023-01-31,2023,up,ai_enabler,STLD,120,-0.1313156498673741,0.2838351334827796,-0.4151507833501537,False,max_range_position_52w,valuation_hard,"max_20d_return,min_avg_dollar_volume_20d,max_ps_hist_percentile,max_pe_hist_percentile",4,,,,,,,,hard_filter,hard:max_range_position_52w
2023-01-31,2023,up,ai_peripheral,CAT,120,0.0385026833631484,0.2838351334827796,-0.2453324501196312,False,max_price_to_sma200,valuation_hard,"max_ps_hist_percentile,max_pe_hist_percentile",2,,,,,,,,hard_filter,hard:max_price_to_sma200
2023-01-31,2023,up,ai_peripheral,EQIX,120,0.1088342671577472,0.2838351334827796,-0.17500086632503242,False,,,"max_ev_to_ebit,min_interest_coverage,max_ps_hist_percentile,min_value_discount_any,max_pe_percentile_in_sic",5,0.3868309023627916,93.0,13.0,13.0,watch_for_pullback,4.7,"expensive_relative_to_peers,high_absolute_valuation",below_top_n,below_top_n
2023-01-31,2023,up,ai_peripheral,JCI,120,0.0453010818223372,0.2838351334827796,-0.23853405166044242,False,max_price_to_sma200,valuation_hard,"min_avg_dollar_volume_20d,min_ocf_to_net_income",2,,,,,,,,hard_filter,hard:max_price_to_sma200
2023-01-31,2023,up,ai_peripheral,NUE,120,0.029917139614075,0.2838351334827796,-0.2539179938687046,False,max_price_to_sma200,valuation_hard,"positive_ebit,min_ebit,max_ev_to_ebit,max_20d_return,max_ps_hist_percentile",5,,,,,,,,hard_filter,hard:max_price_to_sma200
2023-01-31,2023,up,ai_peripheral,PWR,120,0.3540579298500562,0.2838351334827796,0.07022279636727657,True,max_range_position_52w,valuation_hard,"min_net_income_yoy,min_avg_dollar_volume_20d,max_ps_hist_percentile,max_pe_hist_percentile,min_value_discount_any",5,,,,,,,,hard_filter,hard:max_range_position_52w
2023-01-31,2023,up,ai_peripheral,STLD,120,-0.1313156498673741,0.2838351334827796,-0.4151507833501537,False,max_range_position_52w,valuation_hard,"max_20d_return,max_ps_hist_percentile,max_pe_hist_percentile",3,,,,,,,,hard_filter,hard:max_range_position_52w
2023-01-31,2023,up,ai_peripheral,TT,120,0.085477251105266,0.2838351334827796,-0.19835788237751362,False,,,"min_net_income_yoy,max_ps_hist_percentile,max_pe_hist_percentile,min_expectation_proxy",4,0.5277371236492066,65.0,12.0,12.0,research_now,5.2,no_major_risk_flag,below_top_n,below_top_n
2023-01-31,2023,up,ai_peripheral,VMC,120,0.2124106967078639,0.2838351334827796,-0.07142443677491572,False,,,"min_avg_dollar_volume_20d,max_net_debt_to_ebitda,max_pe_hist_percentile",3,0.570286471095155,50.0,11.0,11.0,watch_for_pullback,1.8,"expensive_relative_to_peers,high_absolute_valuation,weak_growth",below_top_n,below_top_n
2023-01-31,2023,up,core_ai,ADI,120,0.1392397430281794,0.2838351334827796,-0.1445953904546002,False,,,"min_value_discount_any,max_ps_percentile_in_sic,max_pe_percentile_in_sic",3,0.518985366555293,45.0,13.0,,watch_for_pullback,4.8,expensive_relative_to_peers,group_cap,group_cap
2023-01-31,2023,up,core_ai,CAT,120,0.0385026833631484,0.2838351334827796,-0.2453324501196312,False,max_range_position_52w,valuation_hard,"max_ps_hist_percentile,max_pe_hist_percentile,min_value_discount_any",3,,,,,,,,hard_filter,hard:max_range_position_52w
2023-01-31,2023,up,core_ai,CDNS,120,0.3039497010586364,0.2838351334827796,0.02011456757585678,True,max_price_to_sma200,valuation_hard,"max_20d_return,min_avg_dollar_volume_20d,max_accrual_ratio,max_ps_hist_percentile,max_ps_percentile_in_sic",5,,,,,,,,hard_filter,hard:max_price_to_sma200
2023-01-31,2023,up,core_ai,ON,120,0.3506816459122904,0.2838351334827796,0.06684651242951078,True,min_drawdown_from_52w_high,valuation_hard,"max_20d_return,min_avg_dollar_volume_20d,max_ps_hist_percentile,max_pe_hist_percentile,min_value_discount_any",5,,,,,,,,hard_filter,hard:min_drawdown_from_52w_high
2023-01-31,2023,up,core_ai,PTC,120,0.0681474192350536,0.2838351334827796,-0.215687714247726,False,min_drawdown_from_52w_high,valuation_hard,"max_ev_to_ebit,min_net_income_yoy,max_20d_return,min_avg_dollar_volume_20d,max_ps_hist_percentile,max_pe_hist_percentile,min_expectation_proxy",7,,,,,,,,hard_filter,hard:min_drawdown_from_52w_high
2023-02-28,2023,up,ai_enabler,ADI,120,-0.0377399945548597,0.2392029618508157,-0.2769429564056754,False,,,"min_value_discount_any,max_ps_percentile_in_sic,max_pe_percentile_in_sic",3,0.5499227759805773,134.0,19.0,,watch_for_pullback,4.8,expensive_relative_to_peers,group_cap,group_cap
2023-02-28,2023,up,ai_enabler,ETN,120,0.2320718497738593,0.2392029618508157,-0.007131112076956381,False,max_range_position_52w,valuation_hard,"max_ps_hist_percentile,min_value_discount_any",2,,,,,,,,hard_filter,hard:max_range_position_52w
2023-02-28,2023,up,ai_enabler,MPWR,120,0.0210284934206473,0.2392029618508157,-0.21817446843016838,False,max_price_to_sma200,valuation_hard,"max_ev_to_ebit,max_20d_return,min_ocf_to_net_income,min_value_discount_any,max_ps_percentile_in_sic,max_pe_percentile_in_sic",6,,,,,,,,hard_filter,hard:max_price_to_sma200
2023-02-28,2023,up,ai_enabler,PH,120,0.1296434619002821,0.2392029618508157,-0.1095594999505336,False,max_range_position_52w,valuation_hard,"min_net_income_yoy,max_net_debt_to_ebitda,max_ps_hist_percentile,max_pe_hist_percentile,min_expectation_proxy,min_value_discount_any",6,,,,,,,,hard_filter,hard:max_range_position_52w
2023-02-28,2023,up,ai_enabler,PWR,120,0.2577726597325406,0.2392029618508157,0.01856969788172491,True,max_price_to_sma200,valuation_hard,"min_avg_dollar_volume_20d,max_ps_hist_percentile,max_pe_hist_percentile,min_value_discount_any",4,,,,,,,,hard_filter,hard:max_price_to_sma200
2023-02-28,2023,up,ai_enabler,SNPS,120,0.2002253618194348,0.2392029618508157,-0.0389776000313809,False,,,"max_ev_to_ebit,max_ps_hist_percentile,max_pe_hist_percentile,min_value_discount_any,max_ps_percentile_in_sic,max_pe_percentile_in_sic",6,0.5111138328797628,155.0,20.0,18.0,watch_for_pullback,1.0,"expensive_relative_to_peers,high_absolute_valuation",below_top_n,below_top_n
2023-02-28,2023,up,ai_enabler,STLD,120,-0.1849435143971324,0.2392029618508157,-0.4241464762479481,False,max_range_position_52w,valuation_hard,"min_avg_dollar_volume_20d,max_ps_hist_percentile,max_pe_hist_percentile,min_value_discount_any",4,,,,,,,,hard_filter,hard:max_range_position_52w
2023-02-28,2023,up,ai_peripheral,ETN,120,0.2320718497738593,0.2392029618508157,-0.007131112076956381,False,max_range_position_52w,valuation_hard,"max_ps_hist_percentile,min_value_discount_any",2,,,,,,,,hard_filter,hard:max_range_position_52w
2023-02-28,2023,up,ai_peripheral,PH,120,0.1296434619002821,0.2392029618508157,-0.1095594999505336,False,max_price_to_sma200,valuation_hard,"min_net_income_yoy,max_net_debt_to_ebitda,max_ps_hist_percentile,max_pe_hist_percentile,min_expectation_proxy",5,,,,,,,,hard_filter,hard:max_price_to_sma200
2023-02-28,2023,up,ai_peripheral,PWR,120,0.2577726597325406,0.2392029618508157,0.01856969788172491,True,,,"min_avg_dollar_volume_20d,max_ps_hist_percentile,max_pe_hist_percentile,min_value_discount_any",4,0.542763092343639,73.0,12.0,12.0,watch_for_pullback,2.4,"expensive_relative_to_peers,high_absolute_valuation",below_top_n,below_top_n
2023-02-28,2023,up,ai_peripheral,STLD,120,-0.1849435143971324,0.2392029618508157,-0.4241464762479481,False,max_price_to_sma200,valuation_hard,"max_ps_hist_percentile,max_pe_hist_percentile",2,,,,,,,,hard_filter,hard:max_price_to_sma200
2023-02-28,2023,up,ai_peripheral,TT,120,0.0725126396875338,0.2392029618508157,-0.1666903221632819,False,,,"min_net_income_yoy,max_ps_hist_percentile,min_expectation_proxy",3,0.5571664822512814,67.0,11.0,11.0,research_now,3.9,no_major_risk_flag,below_top_n,below_top_n
2023-02-28,2023,up,core_ai,ADI,120,-0.0377399945548597,0.2392029618508157,-0.2769429564056754,False,max_price_to_sma200,valuation_hard,"min_value_discount_any,max_ps_percentile_in_sic,max_pe_percentile_in_sic",3,,,,,,,,hard_filter,hard:max_price_to_sma200
2023-02-28,2023,up,core_ai,MPWR,120,0.0210284934206473,0.2392029618508157,-0.21817446843016838,False,max_price_to_sma200,valuation_hard,"max_ev_to_ebit,max_20d_return,min_avg_dollar_volume_20d,min_ocf_to_net_income,min_value_discount_any,max_ps_percentile_in_sic,max_pe_percentile_in_sic",7,,,,,,,,hard_filter,hard:max_price_to_sma200
2023-03-31,2023,up,ai_enabler,AMAT,120,0.1140247662784977,0.1199019607843138,-0.0058771945058161,False,max_price_to_sma200,valuation_hard,max_pe_hist_percentile,1,,,,,,,,hard_filter,hard:max_price_to_sma200
2023-03-31,2023,up,ai_enabler,ANET,120,0.0822433375443664,0.1199019607843138,-0.0376586232399474,False,max_range_position_52w,valuation_hard,"max_20d_return,min_ocf_to_net_income",2,,,,,,,,hard_filter,hard:max_range_position_52w
2023-03-31,2023,up,ai_enabler,LRCX,120,0.1815082014278329,0.1199019607843138,0.06160624064351909,True,max_price_to_sma200,valuation_hard,min_ocf_to_net_income,1,,,,,,,,hard_filter,hard:max_price_to_sma200
2023-03-31,2023,up,ai_enabler,META,120,0.4296978348342594,0.1199019607843138,0.3097958740499456,True,max_price_to_sma200,valuation_hard,"min_net_income_yoy,max_20d_return,max_ps_hist_percentile,max_pe_hist_percentile,min_expectation_proxy",5,,,,,,,,hard_filter,hard:max_price_to_sma200
2023-03-31,2023,up,ai_enabler,ON,120,0.1455039466438229,0.1199019607843138,0.02560198585950911,True,max_price_to_sma200,valuation_hard,max_ps_hist_percentile,1,,,,,,,,hard_filter,hard:max_price_to_sma200
2023-03-31,2023,up,ai_enabler,ORCL,120,0.1785227986569914,0.1199019607843138,0.05862083787267759,True,max_range_position_52w,valuation_hard,"min_net_income_yoy,min_interest_coverage,min_current_ratio,max_ps_hist_percentile,max_pe_hist_percentile",5,,,,,,,,hard_filter,hard:max_range_position_52w
2023-03-31,2023,up,ai_enabler,PWR,120,0.1268561151079136,0.1199019607843138,0.00695415432359979,True,max_range_position_52w,valuation_hard,"min_avg_dollar_volume_20d,max_ps_hist_percentile,max_pe_hist_percentile,min_value_discount_any",4,,,,,,,,hard_filter,hard:max_range_position_52w
2023-03-31,2023,up,ai_enabler,TXN,120,-0.1390060351330962,0.1199019607843138,-0.25890799591741,False,,,"max_ps_hist_percentile,max_ps_percentile_in_sic",2,0.591265315273893,84.0,15.0,15.0,watch_for_pullback,3.9,expensive_relative_to_peers,below_top_n,below_top_n
2023-03-31,2023,up,ai_peripheral,PWR,120,0.1268561151079136,0.1199019607843138,0.00695415432359979,True,max_range_position_52w,valuation_hard,"min_avg_dollar_volume_20d,max_ps_hist_percentile,max_pe_hist_percentile,min_value_discount_any",4,,,,,,,,hard_filter,hard:max_range_position_52w
2023-03-31,2023,up,core_ai,ADI,120,-0.1093580576986734,0.1199019607843138,-0.22926001848298722,False,min_drawdown_from_52w_high,valuation_hard,"min_value_discount_any,max_ps_percentile_in_sic,max_pe_percentile_in_sic",3,,,,,,,,hard_filter,hard:min_drawdown_from_52w_high
2023-03-31,2023,up,core_ai,ANET,120,0.0822433375443664,0.1199019607843138,-0.0376586232399474,False,min_drawdown_from_52w_high,valuation_hard,"max_20d_return,min_ocf_to_net_income",2,,,,,,,,hard_filter,hard:min_drawdown_from_52w_high
2023-03-31,2023,up,core_ai,LRCX,120,0.1815082014278329,0.1199019607843138,0.06160624064351909,True,max_price_to_sma200,valuation_hard,min_ocf_to_net_income,1,,,,,,,,hard_filter,hard:max_price_to_sma200
2023-03-31,2023,up,core_ai,META,120,0.4296978348342594,0.1199019607843138,0.3097958740499456,True,max_price_to_sma200,valuation_hard,"min_net_income_yoy,max_20d_return,max_ps_hist_percentile,max_pe_hist_percentile,min_expectation_proxy,max_ps_percentile_in_sic",6,,,,,,,,hard_filter,hard:max_price_to_sma200
2023-03-31,2023,up,core_ai,MSFT,120,0.1048030541286647,0.1199019607843138,-0.0150989066556491,False,max_price_to_sma200,valuation_hard,"max_20d_return,max_ps_hist_percentile,max_pe_hist_percentile,max_ps_percentile_in_sic",4,,,,,,,,hard_filter,hard:max_price_to_sma200
2023-03-31,2023,up,core_ai,ON,120,0.1455039466438229,0.1199019607843138,0.02560198585950911,True,max_range_position_52w,valuation_hard,"min_avg_dollar_volume_20d,max_ps_hist_percentile",2,,,,,,,,hard_filter,hard:max_range_position_52w
2023-03-31,2023,up,core_ai,ORCL,120,0.1785227986569914,0.1199019607843138,0.05862083787267759,True,min_drawdown_from_52w_high,valuation_hard,"min_net_income_yoy,min_interest_coverage,min_current_ratio,max_ps_hist_percentile,max_pe_hist_percentile",5,,,,,,,,hard_filter,hard:min_drawdown_from_52w_high
2023-03-31,2023,up,core_ai,TXN,120,-0.1390060351330962,0.1199019607843138,-0.25890799591741,False,min_drawdown_from_52w_high,valuation_hard,"max_ps_hist_percentile,max_ps_percentile_in_sic",2,,,,,,,,hard_filter,hard:min_drawdown_from_52w_high
2023-04-28,2023,up,ai_enabler,META,120,0.3068638743455497,0.1146379272874041,0.19222594705814558,True,max_range_position_52w,valuation_hard,"min_net_income_yoy,max_20d_return,max_ps_hist_percentile,max_pe_hist_percentile,min_expectation_proxy,max_ps_percentile_in_sic",6,,,,,,,,hard_filter,hard:max_range_position_52w
2023-04-28,2023,up,ai_enabler,MSFT,120,0.07799952698625,0.1146379272874041,-0.0366384003011541,False,max_price_to_sma200,valuation_hard,"max_ps_hist_percentile,max_pe_hist_percentile,max_ps_percentile_in_sic",3,,,,,,,,hard_filter,hard:max_price_to_sma200
2023-04-28,2023,up,ai_enabler,ORCL,120,0.1378710305966611,0.1146379272874041,0.023233103309256986,True,max_range_position_52w,valuation_hard,"min_net_income_yoy,min_interest_coverage,min_current_ratio,max_ps_hist_percentile,max_pe_hist_percentile",5,,,,,,,,hard_filter,hard:max_range_position_52w
2023-04-28,2023,up,core_ai,META,120,0.3068638743455497,0.1146379272874041,0.19222594705814558,True,min_drawdown_from_52w_high,valuation_hard,"min_net_income_yoy,max_20d_return,max_ps_hist_percentile,max_pe_hist_percentile,min_expectation_proxy,max_ps_percentile_in_sic",6,,,,,,,,hard_filter,hard:min_drawdown_from_52w_high
2023-04-28,2023,up,core_ai,MSFT,120,0.07799952698625,0.1146379272874041,-0.0366384003011541,False,min_drawdown_from_52w_high,valuation_hard,"max_ps_hist_percentile,max_pe_hist_percentile,max_ps_percentile_in_sic",3,,,,,,,,hard_filter,hard:min_drawdown_from_52w_high
2023-04-28,2023,up,core_ai,ORCL,120,0.1378710305966611,0.1146379272874041,0.023233103309256986,True,min_drawdown_from_52w_high,valuation_hard,"min_net_income_yoy,min_avg_dollar_volume_20d,min_interest_coverage,min_current_ratio,max_ps_hist_percentile,max_pe_hist_percentile",6,,,,,,,,hard_filter,hard:min_drawdown_from_52w_high
2023-05-31,2023,up,ai_enabler,AMAT,120,0.1362830470500374,0.1207454346763291,0.015537612373708307,True,max_price_to_sma200,valuation_hard,max_20d_return,1,,,,,,,,hard_filter,hard:max_price_to_sma200
2023-05-31,2023,up,ai_enabler,ANET,120,0.2928047429878416,0.1207454346763291,0.1720593083115125,True,max_price_to_sma200,valuation_hard,"max_20d_return,min_ocf_to_net_income",2,,,,,,,,hard_filter,hard:max_price_to_sma200
2023-05-31,2023,up,ai_enabler,AVGO,120,0.2394773462884084,0.1207454346763291,0.11873191161207929,True,max_price_to_sma200,valuation_hard,max_20d_return,1,,,,,,,,hard_filter,hard:max_price_to_sma200
2023-05-31,2023,up,ai_enabler,KLAC,120,0.2504519756873057,0.1207454346763291,0.12970654101097662,True,max_price_to_sma200,valuation_hard,"max_20d_return,min_interest_coverage",2,,,,,,,,hard_filter,hard:max_price_to_sma200
2023-05-31,2023,up,ai_enabler,LRCX,120,0.1595929518267053,0.1207454346763291,0.038847517150376196,True,max_range_position_52w,valuation_hard,max_20d_return,1,,,,,,,,hard_filter,hard:max_range_position_52w
2023-05-31,2023,up,ai_enabler,MSFT,120,0.154144826952245,0.1207454346763291,0.03339939227591589,True,max_range_position_52w,valuation_hard,"max_ps_hist_percentile,max_pe_hist_percentile,max_ps_percentile_in_sic",3,,,,,,,,hard_filter,hard:max_range_position_52w
2023-05-31,2023,up,ai_enabler,NOW,120,0.2398705851663455,0.1207454346763291,0.11912515049001639,True,max_range_position_52w,valuation_hard,"max_ev_to_ebit,max_20d_return,max_pe_percentile_in_sic",3,,,,,,,,hard_filter,hard:max_range_position_52w
2023-05-31,2023,up,ai_enabler,ON,120,-0.1706477513538968,0.1207454346763291,-0.2913931860302259,False,max_price_to_sma200,valuation_hard,max_ps_hist_percentile,1,,,,,,,,hard_filter,hard:max_price_to_sma200
2023-05-31,2023,up,ai_enabler,ORCL,120,0.1097819548872182,0.1207454346763291,-0.0109634797891109,False,max_range_position_52w,valuation_hard,"min_net_income_yoy,min_interest_coverage,min_current_ratio,max_ps_hist_percentile,max_pe_hist_percentile,min_expectation_proxy",6,,,,,,,,hard_filter,hard:max_range_position_52w
2023-05-31,2023,up,ai_enabler,PWR,120,0.0326038022385962,0.1207454346763291,-0.0881416324377329,False,max_range_position_52w,valuation_hard,"min_avg_dollar_volume_20d,max_ps_hist_percentile,max_pe_hist_percentile,min_value_discount_any",4,,,,,,,,hard_filter,hard:max_range_position_52w
2023-05-31,2023,up,ai_peripheral,EQIX,120,0.0456760593532158,0.1207454346763291,-0.07506937532311331,False,,,"max_ev_to_ebit,min_interest_coverage,max_ps_hist_percentile,min_value_discount_any,max_ps_percentile_in_sic,max_pe_percentile_in_sic",6,0.308083933960663,112.0,11.0,11.0,watch_for_pullback,4.2,"expensive_relative_to_peers,high_absolute_valuation",below_top_n,below_top_n
2023-05-31,2023,up,ai_peripheral,VMC,120,0.07477009551612,0.1207454346763291,-0.0459753391602091,False,max_range_position_52w,valuation_hard,"min_avg_dollar_volume_20d,max_net_debt_to_ebitda,max_ps_hist_percentile",3,,,,,,,,hard_filter,hard:max_range_position_52w
2023-05-31,2023,up,core_ai,AAPL,120,0.0747108772719599,0.1207454346763291,-0.04603455740436921,False,min_drawdown_from_52w_high,valuation_hard,"min_current_ratio,max_ps_hist_percentile,max_pe_hist_percentile,min_value_discount_any",4,,,,,,,,hard_filter,hard:min_drawdown_from_52w_high
2023-05-31,2023,up,core_ai,AMAT,120,0.1362830470500374,0.1207454346763291,0.015537612373708307,True,min_drawdown_from_52w_high,valuation_hard,max_20d_return,1,,,,,,,,hard_filter,hard:min_drawdown_from_52w_high
2023-05-31,2023,up,core_ai,ANET,120,0.2928047429878416,0.1207454346763291,0.1720593083115125,True,max_range_position_52w,valuation_hard,"max_20d_return,min_ocf_to_net_income",2,,,,,,,,hard_filter,hard:max_range_position_52w
2023-05-31,2023,up,core_ai,AVGO,120,0.2394773462884084,0.1207454346763291,0.11873191161207929,True,max_price_to_sma200,valuation_hard,max_20d_return,1,,,,,,,,hard_filter,hard:max_price_to_sma200
2023-05-31,2023,up,core_ai,KLAC,120,0.2504519756873057,0.1207454346763291,0.12970654101097662,True,max_range_position_52w,valuation_hard,"max_20d_return,min_avg_dollar_volume_20d,min_interest_coverage",3,,,,,,,,hard_filter,hard:max_range_position_52w
2023-05-31,2023,up,core_ai,LRCX,120,0.1595929518267053,0.1207454346763291,0.038847517150376196,True,min_drawdown_from_52w_high,valuation_hard,max_20d_return,1,,,,,,,,hard_filter,hard:min_drawdown_from_52w_high
2023-05-31,2023,up,core_ai,MSFT,120,0.154144826952245,0.1207454346763291,0.03339939227591589,True,min_drawdown_from_52w_high,valuation_hard,"max_ps_hist_percentile,max_pe_hist_percentile,max_ps_percentile_in_sic",3,,,,,,,,hard_filter,hard:min_drawdown_from_52w_high
2023-05-31,2023,up,core_ai,NOW,120,0.2398705851663455,0.1207454346763291,0.11912515049001639,True,min_drawdown_from_52w_high,valuation_hard,"max_ev_to_ebit,max_20d_return,max_pe_percentile_in_sic",3,,,,,,,,hard_filter,hard:min_drawdown_from_52w_high
2023-05-31,2023,up,core_ai,ON,120,-0.1706477513538968,0.1207454346763291,-0.2913931860302259,False,max_range_position_52w,valuation_hard,"min_avg_dollar_volume_20d,max_ps_hist_percentile",2,,,,,,,,hard_filter,hard:max_range_position_52w
2023-05-31,2023,up,core_ai,ORCL,120,0.1097819548872182,0.1207454346763291,-0.0109634797891109,False,min_drawdown_from_52w_high,valuation_hard,"min_net_income_yoy,min_avg_dollar_volume_20d,min_interest_coverage,min_current_ratio,max_ps_hist_percentile,max_pe_hist_percentile,min_expectation_proxy",7,,,,,,,,hard_filter,hard:min_drawdown_from_52w_high
2023-06-30,2023,up,ai_enabler,AMAT,120,0.0855066241242977,0.0864102383912642,-0.0009036142669665015,False,max_range_position_52w,valuation_hard,max_ps_hist_percentile,1,,,,,,,,hard_filter,hard:max_range_position_52w
2023-06-30,2023,up,ai_enabler,AVGO,120,0.2763572169104941,0.0864102383912642,0.18994697851922987,True,max_price_to_sma200,valuation_hard,,0,,,,,,,,hard_filter,hard:max_price_to_sma200
2023-06-30,2023,up,ai_enabler,KLAC,120,0.1549196314728745,0.0864102383912642,0.06850939308161029,True,max_range_position_52w,valuation_hard,min_interest_coverage,1,,,,,,,,hard_filter,hard:max_range_position_52w
2023-06-30,2023,up,ai_enabler,LRCX,120,0.1715256609642302,0.0864102383912642,0.08511542257296599,True,max_range_position_52w,valuation_hard,,0,,,,,,,,hard_filter,hard:max_range_position_52w
2023-06-30,2023,up,ai_enabler,NOW,120,0.2344519093758904,0.0864102383912642,0.14804167098462617,True,max_range_position_52w,valuation_hard,max_ev_to_ebit,1,,,,,,,,hard_filter,hard:max_range_position_52w
2023-06-30,2023,up,ai_enabler,NXPI,120,0.081771338866308,0.0864102383912642,-0.004638899524956205,False,max_range_position_52w,valuation_hard,"max_ps_hist_percentile,max_pe_hist_percentile",2,,,,,,,,hard_filter,hard:max_range_position_52w
2023-06-30,2023,up,ai_enabler,ORCL,120,-0.1199888097660223,0.0864102383912642,-0.2063990481572865,False,max_price_to_sma200,valuation_hard,"min_net_income_yoy,min_interest_coverage,min_current_ratio,max_ps_hist_percentile,max_pe_hist_percentile,min_expectation_proxy",6,,,,,,,,hard_filter,hard:max_price_to_sma200
2023-06-30,2023,up,ai_peripheral,EQIX,120,0.0254519695028024,0.0864102383912642,-0.0609582688884618,False,max_range_position_52w,valuation_hard,"max_ev_to_ebit,min_interest_coverage,max_ps_hist_percentile,min_value_discount_any,max_ps_percentile_in_sic,max_pe_percentile_in_sic",6,,,,,,,,hard_filter,hard:max_range_position_52w
2023-06-30,2023,up,ai_peripheral,ETN,120,0.17039518555667,0.0864102383912642,0.08398494716540579,True,max_range_position_52w,valuation_hard,"max_ps_hist_percentile,max_pe_hist_percentile,min_value_discount_any",3,,,,,,,,hard_filter,hard:max_range_position_52w
2023-06-30,2023,up,ai_peripheral,PH,120,0.1526567371507948,0.0864102383912642,0.0662464987595306,True,max_range_position_52w,valuation_hard,"min_net_income_yoy,max_20d_return,max_net_debt_to_ebitda,max_ps_hist_percentile,max_pe_hist_percentile,min_expectation_proxy",6,,,,,,,,hard_filter,hard:max_range_position_52w
2023-06-30,2023,up,ai_peripheral,PWR,120,0.086617933822965,0.0864102383912642,0.00020769543170079396,True,max_range_position_52w,valuation_hard,"min_avg_dollar_volume_20d,max_ps_hist_percentile,max_pe_hist_percentile,min_value_discount_any",4,,,,,,,,hard_filter,hard:max_range_position_52w
2023-06-30,2023,up,ai_peripheral,VMC,120,-0.0149951751250894,0.0864102383912642,-0.1014054135163536,False,max_range_position_52w,valuation_hard,"min_avg_dollar_volume_20d,max_net_debt_to_ebitda,max_ps_hist_percentile,max_pe_hist_percentile",4,,,,,,,,hard_filter,hard:max_range_position_52w
2023-06-30,2023,up,core_ai,AMAT,120,0.0855066241242977,0.0864102383912642,-0.0009036142669665015,False,min_drawdown_from_52w_high,valuation_hard,"min_avg_dollar_volume_20d,max_ps_hist_percentile",2,,,,,,,,hard_filter,hard:min_drawdown_from_52w_high
2023-06-30,2023,up,core_ai,AVGO,120,0.2763572169104941,0.0864102383912642,0.18994697851922987,True,max_range_position_52w,valuation_hard,,0,,,,,,,,hard_filter,hard:max_range_position_52w
2023-06-30,2023,up,core_ai,KLAC,120,0.1549196314728745,0.0864102383912642,0.06850939308161029,True,min_drawdown_from_52w_high,valuation_hard,"min_avg_dollar_volume_20d,min_interest_coverage",2,,,,,,,,hard_filter,hard:min_drawdown_from_52w_high
2023-06-30,2023,up,core_ai,LRCX,120,0.1715256609642302,0.0864102383912642,0.08511542257296599,True,min_drawdown_from_52w_high,valuation_hard,,0,,,,,,,,hard_filter,hard:min_drawdown_from_52w_high
2023-06-30,2023,up,core_ai,META,120,0.2162390223478306,0.0864102383912642,0.12982878395656638,True,min_drawdown_from_52w_high,valuation_hard,"min_net_income_yoy,max_ps_hist_percentile,max_pe_hist_percentile,min_expectation_proxy,max_ps_percentile_in_sic",5,,,,,,,,hard_filter,hard:min_drawdown_from_52w_high
2023-06-30,2023,up,core_ai,NOW,120,0.2344519093758904,0.0864102383912642,0.14804167098462617,True,min_drawdown_from_52w_high,valuation_hard,"max_ev_to_ebit,max_pe_percentile_in_sic",2,,,,,,,,hard_filter,hard:min_drawdown_from_52w_high
2023-06-30,2023,up,core_ai,ON,120,-0.1498516766530011,0.0864102383912642,-0.2362619150442653,False,min_drawdown_from_52w_high,valuation_hard,"min_avg_dollar_volume_20d,max_ps_hist_percentile,max_pe_hist_percentile",3,,,,,,,,hard_filter,hard:min_drawdown_from_52w_high
2023-06-30,2023,up,core_ai,ORCL,120,-0.1199888097660223,0.0864102383912642,-0.2063990481572865,False,max_range_position_52w,valuation_hard,"min_net_income_yoy,max_20d_return,min_interest_coverage,min_current_ratio,max_ps_hist_percentile,max_pe_hist_percentile,min_expectation_proxy",7,,,,,,,,hard_filter,hard:max_range_position_52w
2023-06-30,2023,up,core_ai,TSLA,120,-0.1090282790293999,0.0864102383912642,-0.1954385174206641,False,max_price_to_sma200,valuation_hard,"max_ev_to_ebit,max_20d_return,max_shares_yoy",3,,,,,,,,hard_filter,hard:max_price_to_sma200
2023-07-31,2023,up,ai_enabler,AMAT,120,0.1142015148495118,0.100046946514973,0.014154568334538792,True,max_range_position_52w,valuation_hard,"max_ps_hist_percentile,max_pe_hist_percentile",2,,,,,,,,hard_filter,hard:max_range_position_52w
2023-07-31,2023,up,ai_enabler,AVGO,120,0.3552612759990651,0.100046946514973,0.25521432948409206,True,max_range_position_52w,valuation_hard,,0,,,,,,,,hard_filter,hard:max_range_position_52w
2023-07-31,2023,up,ai_enabler,CAT,120,0.0568146278792328,0.100046946514973,-0.04323231863574021,False,max_range_position_52w,valuation_hard,"max_ps_hist_percentile,min_value_discount_any",2,,,,,,,,hard_filter,hard:max_range_position_52w
2023-07-31,2023,up,ai_enabler,JCI,120,-0.2086994069145089,0.100046946514973,-0.30874635342948187,False,max_range_position_52w,valuation_hard,"min_avg_dollar_volume_20d,min_ocf_to_net_income,max_ps_hist_percentile",3,,,,,,,,hard_filter,hard:max_range_position_52w
2023-07-31,2023,up,ai_enabler,KLAC,120,0.2121659322232189,0.100046946514973,0.11211898570824588,True,max_range_position_52w,valuation_hard,min_interest_coverage,1,,,,,,,,hard_filter,hard:max_range_position_52w
2023-07-31,2023,up,ai_enabler,LRCX,120,0.172604700839637,0.100046946514973,0.07255775432466399,True,max_range_position_52w,valuation_hard,,0,,,,,,,,hard_filter,hard:max_range_position_52w
2023-07-31,2023,up,ai_enabler,NOW,120,0.2992577854671282,0.100046946514973,0.19921083895215522,True,max_price_to_sma200,valuation_hard,max_ev_to_ebit,1,,,,,,,,hard_filter,hard:max_price_to_sma200
2023-07-31,2023,up,ai_enabler,TSLA,120,-0.2187746478873239,0.100046946514973,-0.3188215944022969,False,max_price_to_sma200,valuation_hard,"max_ev_to_ebit,max_shares_yoy",2,,,,,,,,hard_filter,hard:max_price_to_sma200
2023-07-31,2023,up,ai_peripheral,CAT,120,0.0568146278792328,0.100046946514973,-0.04323231863574021,False,max_range_position_52w,valuation_hard,max_ps_hist_percentile,1,,,,,,,,hard_filter,hard:max_range_position_52w
2023-07-31,2023,up,ai_peripheral,EQIX,120,-0.0065743540099784,0.100046946514973,-0.1066213005249514,False,max_range_position_52w,valuation_hard,"max_ev_to_ebit,min_interest_coverage,max_ps_hist_percentile,min_value_discount_any,max_ps_percentile_in_sic,max_pe_percentile_in_sic",6,,,,,,,,hard_filter,hard:max_range_position_52w
2023-07-31,2023,up,ai_peripheral,ETN,120,0.1505204938388401,0.100046946514973,0.05047354732386711,True,max_price_to_sma200,valuation_hard,"max_ps_hist_percentile,max_pe_hist_percentile,min_value_discount_any",3,,,,,,,,hard_filter,hard:max_price_to_sma200
2023-07-31,2023,up,ai_peripheral,JCI,120,-0.2086994069145089,0.100046946514973,-0.30874635342948187,False,max_range_position_52w,valuation_hard,"min_avg_dollar_volume_20d,min_ocf_to_net_income,max_ps_hist_percentile",3,,,,,,,,hard_filter,hard:max_range_position_52w
2023-07-31,2023,up,ai_peripheral,PH,120,0.1602409853185086,0.100046946514973,0.060194038803535604,True,max_range_position_52w,valuation_hard,"min_net_income_yoy,max_net_debt_to_ebitda,max_ps_hist_percentile,max_pe_hist_percentile",4,,,,,,,,hard_filter,hard:max_range_position_52w
2023-07-31,2023,up,ai_peripheral,PWR,120,0.0116376739314748,0.100046946514973,-0.0884092725834982,False,max_price_to_sma200,valuation_hard,"min_avg_dollar_volume_20d,max_ps_hist_percentile,max_pe_hist_percentile,min_value_discount_any",4,,,,,,,,hard_filter,hard:max_price_to_sma200
2023-07-31,2023,up,ai_peripheral,TT,120,0.2662433260503779,0.100046946514973,0.16619637953540492,True,max_range_position_52w,valuation_hard,"min_net_income_yoy,max_ps_hist_percentile,max_pe_hist_percentile,min_expectation_proxy",4,,,,,,,,hard_filter,hard:max_range_position_52w
2023-07-31,2023,up,core_ai,AMAT,120,0.1142015148495118,0.100046946514973,0.014154568334538792,True,min_drawdown_from_52w_high,valuation_hard,"max_ps_hist_percentile,max_pe_hist_percentile",2,,,,,,,,hard_filter,hard:min_drawdown_from_52w_high
2023-07-31,2023,up,core_ai,AVGO,120,0.3552612759990651,0.100046946514973,0.25521432948409206,True,min_drawdown_from_52w_high,valuation_hard,,0,,,,,,,,hard_filter,hard:min_drawdown_from_52w_high
2023-07-31,2023,up,core_ai,CAT,120,0.0568146278792328,0.100046946514973,-0.04323231863574021,False,min_drawdown_from_52w_high,valuation_hard,"max_ps_hist_percentile,min_value_discount_any",2,,,,,,,,hard_filter,hard:min_drawdown_from_52w_high
2023-07-31,2023,up,core_ai,GOOG,120,0.1258301367769542,0.100046946514973,0.025783190261981198,True,min_drawdown_from_52w_high,valuation_hard,"min_net_income_yoy,max_ps_hist_percentile,max_pe_hist_percentile,min_expectation_proxy,max_ps_percentile_in_sic",5,,,,,,,,hard_filter,hard:min_drawdown_from_52w_high
2023-07-31,2023,up,core_ai,GOOGL,120,0.1138642447418737,0.100046946514973,0.013817298226900698,True,min_drawdown_from_52w_high,valuation_hard,"min_net_income_yoy,max_ps_hist_percentile,max_pe_hist_percentile,min_expectation_proxy,max_ps_percentile_in_sic",5,,,,,,,,hard_filter,hard:min_drawdown_from_52w_high
2023-07-31,2023,up,core_ai,KLAC,120,0.2121659322232189,0.100046946514973,0.11211898570824588,True,min_drawdown_from_52w_high,valuation_hard,"min_avg_dollar_volume_20d,min_interest_coverage",2,,,,,,,,hard_filter,hard:min_drawdown_from_52w_high
2023-07-31,2023,up,core_ai,LRCX,120,0.172604700839637,0.100046946514973,0.07255775432466399,True,min_drawdown_from_52w_high,valuation_hard,,0,,,,,,,,hard_filter,hard:min_drawdown_from_52w_high
2023-07-31,2023,up,core_ai,NOW,120,0.2992577854671282,0.100046946514973,0.19921083895215522,True,min_drawdown_from_52w_high,valuation_hard,max_ev_to_ebit,1,,,,,,,,hard_filter,hard:min_drawdown_from_52w_high
2023-07-31,2023,up,core_ai,ON,120,-0.3049866320089119,0.100046946514973,-0.4050335785238849,False,min_drawdown_from_52w_high,valuation_hard,"max_20d_return,min_avg_dollar_volume_20d,max_ps_hist_percentile,max_pe_hist_percentile",4,,,,,,,,hard_filter,hard:min_drawdown_from_52w_high
2023-08-31,2023,up,ai_enabler,AMAT,120,0.2740725388601036,0.1451257557436517,0.12894678311645189,True,max_range_position_52w,valuation_hard,"max_ps_hist_percentile,max_pe_hist_percentile",2,,,,,,,,hard_filter,hard:max_range_position_52w
2023-08-31,2023,up,ai_enabler,AMZN,120,0.2515728426942113,0.1451257557436517,0.10644708695055963,True,max_price_to_sma200,valuation_hard,"min_fcf_yield,max_ev_to_ebit,min_current_ratio,min_value_discount_any",4,,,,,,,,hard_filter,hard:max_price_to_sma200
2023-08-31,2023,up,ai_enabler,ANET,120,0.3494805496615135,0.1451257557436517,0.2043547939178618,True,max_range_position_52w,valuation_hard,min_ocf_to_net_income,1,,,,,,,,hard_filter,hard:max_range_position_52w
2023-08-31,2023,up,ai_enabler,AVGO,120,0.4369435521059616,0.1451257557436517,0.29181779636230987,True,max_range_position_52w,valuation_hard,,0,,,,,,,,hard_filter,hard:max_range_position_52w
2023-08-31,2023,up,ai_enabler,ETN,120,0.2245155065472089,0.1451257557436517,0.0793897508035572,True,max_range_position_52w,valuation_hard,"min_avg_dollar_volume_20d,max_ps_hist_percentile,max_pe_hist_percentile,min_value_discount_any",4,,,,,,,,hard_filter,hard:max_range_position_52w
2023-08-31,2023,up,ai_enabler,GOOGL,120,0.0445601324551508,0.1451257557436517,-0.10056562328850088,False,max_range_position_52w,valuation_hard,"min_net_income_yoy,max_ps_hist_percentile,max_pe_hist_percentile",3,,,,,,,,hard_filter,hard:max_range_position_52w
2023-08-31,2023,up,ai_enabler,NOW,120,0.2945663530639381,0.1451257557436517,0.1494405973202864,True,max_price_to_sma200,valuation_hard,max_ev_to_ebit,1,,,,,,,,hard_filter,hard:max_price_to_sma200
2023-08-31,2023,up,ai_enabler,NVDA,120,0.5806664992466096,0.1451257557436517,0.4355407435029579,True,max_range_position_52w,valuation_hard,,0,,,,,,,,hard_filter,hard:max_range_position_52w
2023-08-31,2023,up,ai_enabler,ORCL,120,-0.0778243075651095,0.1451257557436517,-0.2229500633087612,False,max_price_to_sma200,valuation_hard,"min_net_income_yoy,min_interest_coverage,min_current_ratio,max_ps_hist_percentile,max_pe_hist_percentile",5,,,,,,,,hard_filter,hard:max_price_to_sma200
2023-08-31,2023,up,ai_enabler,PWR,120,0.1060186429450175,0.1451257557436517,-0.039107112798634186,False,max_range_position_52w,valuation_hard,"min_avg_dollar_volume_20d,max_ps_hist_percentile,max_pe_hist_percentile,min_value_discount_any",4,,,,,,,,hard_filter,hard:max_range_position_52w
2023-08-31,2023,up,ai_peripheral,ACN,120,0.1529189172637638,0.1451257557436517,0.007793161520112113,True,max_range_position_52w,valuation_hard,"max_ps_hist_percentile,max_pe_hist_percentile",2,,,,,,,,hard_filter,hard:max_range_position_52w
2023-08-31,2023,up,ai_peripheral,EQIX,120,0.1181490107434027,0.1451257557436517,-0.02697674500024899,False,,,"max_ev_to_ebit,min_interest_coverage,max_ps_hist_percentile,min_value_discount_any,max_ps_percentile_in_sic,max_pe_percentile_in_sic",6,0.3089097168844035,78.0,11.0,11.0,watch_for_pullback,2.4,"expensive_relative_to_peers,high_absolute_valuation",below_top_n,below_top_n
2023-08-31,2023,up,ai_peripheral,ETN,120,0.2245155065472089,0.1451257557436517,0.0793897508035572,True,max_range_position_52w,valuation_hard,"max_ps_hist_percentile,max_pe_hist_percentile,min_value_discount_any",3,,,,,,,,hard_filter,hard:max_range_position_52w
2023-08-31,2023,up,ai_peripheral,PWR,120,0.1060186429450175,0.1451257557436517,-0.039107112798634186,False,max_range_position_52w,valuation_hard,"min_avg_dollar_volume_20d,max_ps_hist_percentile,max_pe_hist_percentile,min_value_discount_any",4,,,,,,,,hard_filter,hard:max_range_position_52w
2023-08-31,2023,up,core_ai,AMAT,120,0.2740725388601036,0.1451257557436517,0.12894678311645189,True,min_drawdown_from_52w_high,valuation_hard,"max_ps_hist_percentile,max_pe_hist_percentile",2,,,,,,,,hard_filter,hard:min_drawdown_from_52w_high
2023-08-31,2023,up,core_ai,AMZN,120,0.2515728426942113,0.1451257557436517,0.10644708695055963,True,max_range_position_52w,valuation_hard,"min_fcf_yield,max_ev_to_ebit,min_net_margin,min_current_ratio,min_value_discount_any",5,,,,,,,,hard_filter,hard:max_range_position_52w
2023-08-31,2023,up,core_ai,ANET,120,0.3494805496615135,0.1451257557436517,0.2043547939178618,True,min_drawdown_from_52w_high,valuation_hard,"min_avg_dollar_volume_20d,min_ocf_to_net_income",2,,,,,,,,hard_filter,hard:min_drawdown_from_52w_high
2023-08-31,2023,up,core_ai,AVGO,120,0.4369435521059616,0.1451257557436517,0.29181779636230987,True,min_drawdown_from_52w_high,valuation_hard,,0,,,,,,,,hard_filter,hard:min_drawdown_from_52w_high
2023-08-31,2023,up,core_ai,GOOGL,120,0.0445601324551508,0.1451257557436517,-0.10056562328850088,False,min_drawdown_from_52w_high,valuation_hard,"min_net_income_yoy,max_ps_hist_percentile,max_pe_hist_percentile,max_ps_percentile_in_sic",4,,,,,,,,hard_filter,hard:min_drawdown_from_52w_high
2023-08-31,2023,up,core_ai,NOW,120,0.2945663530639381,0.1451257557436517,0.1494405973202864,True,min_drawdown_from_52w_high,valuation_hard,max_ev_to_ebit,1,,,,,,,,hard_filter,hard:min_drawdown_from_52w_high
2023-08-31,2023,up,core_ai,NVDA,120,0.5806664992466096,0.1451257557436517,0.4355407435029579,True,min_drawdown_from_52w_high,valuation_hard,,0,,,,,,,,hard_filter,hard:min_drawdown_from_52w_high
2023-08-31,2023,up,core_ai,ORCL,120,-0.0778243075651095,0.1451257557436517,-0.2229500633087612,False,max_range_position_52w,valuation_hard,"min_net_income_yoy,min_avg_dollar_volume_20d,min_interest_coverage,min_current_ratio,max_ps_hist_percentile,max_pe_hist_percentile",6,,,,,,,,hard_filter,hard:max_range_position_52w
2023-10-31,2023,down,ai_enabler,ANET,120,0.2530753191699116,0.2097949957350015,0.04328032343491012,True,max_range_position_52w,valuation_hard,,0,,,,,,,,hard_filter,hard:max_range_position_52w
2023-10-31,2023,down,ai_enabler,GD,120,0.1611463767816138,0.2097949957350015,-0.04864861895338768,False,,,"min_avg_dollar_volume_20d,max_pe_hist_percentile,min_value_discount_any",3,0.6164340239911374,64.0,14.0,14.0,watch_for_pullback,1.2,"expensive_relative_to_peers,weak_growth",below_top_n,below_top_n
2023-10-31,2023,down,ai_enabler,SNPS,120,0.1153142184816943,0.2097949957350015,-0.09448077725330718,False,,,"max_ev_to_ebit,max_ps_hist_percentile,max_pe_hist_percentile,min_value_discount_any,max_ps_percentile_in_sic,max_pe_percentile_in_sic",6,0.4125193599272687,178.0,20.0,,watch_for_pullback,1.0,"expensive_relative_to_peers,high_absolute_valuation",group_cap,group_cap
2023-10-31,2023,down,ai_enabler,VRT,120,1.128486146095718,0.2097949957350015,0.9186911503607166,True,max_price_to_sma200,valuation_hard,"min_avg_dollar_volume_20d,max_net_debt_to_ebitda,min_interest_coverage,max_ps_hist_percentile,max_pe_hist_percentile",5,,,,,,,,hard_filter,hard:max_price_to_sma200
2023-10-31,2023,down,ai_peripheral,VRT,120,1.128486146095718,0.2097949957350015,0.9186911503607166,True,max_price_to_sma200,valuation_hard,"min_avg_dollar_volume_20d,max_net_debt_to_ebitda,min_interest_coverage,max_ps_hist_percentile,max_pe_hist_percentile",5,,,,,,,,hard_filter,hard:max_price_to_sma200
2023-10-31,2023,down,core_ai,ANET,120,0.2530753191699116,0.2097949957350015,0.04328032343491012,True,min_drawdown_from_52w_high,valuation_hard,min_avg_dollar_volume_20d,1,,,,,,,,hard_filter,hard:min_drawdown_from_52w_high
2023-10-31,2023,down,core_ai,SNPS,120,0.1153142184816943,0.2097949957350015,-0.09448077725330718,False,max_range_position_52w,valuation_hard,"max_ev_to_ebit,min_avg_dollar_volume_20d,max_ps_hist_percentile,max_pe_hist_percentile,min_value_discount_any,max_ps_percentile_in_sic,max_pe_percentile_in_sic",7,,,,,,,,hard_filter,hard:max_range_position_52w
2023-11-30,2023,up,ai_enabler,AMZN,120,0.2379164069723639,0.1675706325456608,0.07034577442670312,True,max_range_position_52w,valuation_hard,"max_ev_to_ebit,min_current_ratio,max_ps_hist_percentile,min_value_discount_any",4,,,,,,,,hard_filter,hard:max_range_position_52w
2023-11-30,2023,up,ai_enabler,ANET,120,0.3737195283579361,0.1675706325456608,0.2061488958122753,True,max_range_position_52w,valuation_hard,min_avg_dollar_volume_20d,1,,,,,,,,hard_filter,hard:max_range_position_52w
2023-11-30,2023,up,ai_enabler,AVGO,120,0.5078292883765275,0.1675706325456608,0.34025865583086673,True,max_price_to_sma200,valuation_hard,,0,,,,,,,,hard_filter,hard:max_price_to_sma200
2023-11-30,2023,up,ai_enabler,CRM,120,0.1106572685462908,0.1675706325456608,-0.05691336399937,False,max_range_position_52w,valuation_hard,"max_ev_to_ebit,max_20d_return,max_ps_hist_percentile,min_value_discount_any,max_pe_percentile_in_sic",5,,,,,,,,hard_filter,hard:max_range_position_52w
2023-11-30,2023,up,ai_enabler,MSFT,120,0.130395250099509,0.1675706325456608,-0.03717538244615179,False,max_range_position_52w,valuation_hard,"max_ps_hist_percentile,max_pe_hist_percentile,max_ps_percentile_in_sic",3,,,,,,,,hard_filter,hard:max_range_position_52w
2023-11-30,2023,up,ai_enabler,NOW,120,0.1031952719332199,0.1675706325456608,-0.0643753606124409,False,max_range_position_52w,valuation_hard,"max_ev_to_ebit,max_20d_return",2,,,,,,,,hard_filter,hard:max_range_position_52w
2023-11-30,2023,up,ai_enabler,PH,120,0.2058030675269214,0.1675706325456608,0.03823243498126061,True,max_range_position_52w,valuation_hard,"max_20d_return,max_net_debt_to_ebitda,min_current_ratio,max_ps_hist_percentile,min_value_discount_any",5,,,,,,,,hard_filter,hard:max_range_position_52w
2023-11-30,2023,up,ai_enabler,TT,120,0.4683486994762545,0.1675706325456608,0.3007780669305937,True,max_range_position_52w,valuation_hard,"min_net_income_yoy,min_avg_dollar_volume_20d,max_ps_hist_percentile,max_pe_hist_percentile,min_expectation_proxy,min_value_discount_any",6,,,,,,,,hard_filter,hard:max_range_position_52w
2023-11-30,2023,up,ai_enabler,VRT,120,1.328221927905102,0.1675706325456608,1.1606512953594412,True,max_range_position_52w,valuation_hard,"min_avg_dollar_volume_20d,max_net_debt_to_ebitda,min_interest_coverage,max_ps_hist_percentile,max_pe_hist_percentile",5,,,,,,,,hard_filter,hard:max_range_position_52w
2023-11-30,2023,up,ai_peripheral,EQIX,120,-0.0600536300441137,0.1675706325456608,-0.2276242625897745,False,max_range_position_52w,valuation_hard,"max_ev_to_ebit,min_interest_coverage,max_ps_hist_percentile,min_value_discount_any,max_ps_percentile_in_sic,max_pe_percentile_in_sic",6,,,,,,,,hard_filter,hard:max_range_position_52w
2023-11-30,2023,up,ai_peripheral,PH,120,0.2058030675269214,0.1675706325456608,0.03823243498126061,True,max_range_position_52w,valuation_hard,"max_20d_return,max_net_debt_to_ebitda,min_current_ratio,max_ps_hist_percentile",4,,,,,,,,hard_filter,hard:max_range_position_52w
2023-11-30,2023,up,ai_peripheral,TT,120,0.4683486994762545,0.1675706325456608,0.3007780669305937,True,max_range_position_52w,valuation_hard,"min_net_income_yoy,max_ps_hist_percentile,max_pe_hist_percentile,min_expectation_proxy",4,,,,,,,,hard_filter,hard:max_range_position_52w
2023-11-30,2023,up,ai_peripheral,VRT,120,1.328221927905102,0.1675706325456608,1.1606512953594412,True,max_range_position_52w,valuation_hard,"min_avg_dollar_volume_20d,max_net_debt_to_ebitda,min_interest_coverage,max_ps_hist_percentile,max_pe_hist_percentile",5,,,,,,,,hard_filter,hard:max_range_position_52w
2023-11-30,2023,up,core_ai,AMD,120,0.3357554220887556,0.1675706325456608,0.1681847895430948,True,max_range_position_52w,valuation_hard,"positive_ebit,min_ebit,min_revenue_yoy,min_net_income_yoy,min_net_margin,max_20d_return,min_interest_coverage,max_ps_hist_percentile,max_pe_hist_percentile,min_expectation_proxy,min_value_discount_any,max_ps_percentile_in_sic,max_pe_percentile_in_sic",13,,,,,,,,hard_filter,hard:max_range_position_52w
2023-11-30,2023,up,core_ai,AMZN,120,0.2379164069723639,0.1675706325456608,0.07034577442670312,True,min_drawdown_from_52w_high,valuation_hard,"max_ev_to_ebit,min_net_margin,min_current_ratio,max_ps_hist_percentile,min_value_discount_any",5,,,,,,,,hard_filter,hard:min_drawdown_from_52w_high
2023-11-30,2023,up,core_ai,ANET,120,0.3737195283579361,0.1675706325456608,0.2061488958122753,True,min_drawdown_from_52w_high,valuation_hard,min_avg_dollar_volume_20d,1,,,,,,,,hard_filter,hard:min_drawdown_from_52w_high
2023-11-30,2023,up,core_ai,AVGO,120,0.5078292883765275,0.1675706325456608,0.34025865583086673,True,max_range_position_52w,valuation_hard,,0,,,,,,,,hard_filter,hard:max_range_position_52w
2023-11-30,2023,up,core_ai,CRM,120,0.1106572685462908,0.1675706325456608,-0.05691336399937,False,min_drawdown_from_52w_high,valuation_hard,"max_ev_to_ebit,max_20d_return,max_ps_hist_percentile,min_value_discount_any,max_pe_percentile_in_sic",5,,,,,,,,hard_filter,hard:min_drawdown_from_52w_high
2023-11-30,2023,up,core_ai,MPWR,120,0.3564631996795223,0.1675706325456608,0.1888925671338615,True,max_range_position_52w,valuation_hard,"max_ev_to_ebit,max_20d_return,min_avg_dollar_volume_20d,max_ps_hist_percentile,max_pe_hist_percentile,min_value_discount_any,max_ps_percentile_in_sic,max_pe_percentile_in_sic",8,,,,,,,,hard_filter,hard:max_range_position_52w
2023-11-30,2023,up,core_ai,MSFT,120,0.130395250099509,0.1675706325456608,-0.03717538244615179,False,min_drawdown_from_52w_high,valuation_hard,"max_ps_hist_percentile,max_pe_hist_percentile,max_ps_percentile_in_sic",3,,,,,,,,hard_filter,hard:min_drawdown_from_52w_high
2023-11-30,2023,up,core_ai,NOW,120,0.1031952719332199,0.1675706325456608,-0.0643753606124409,False,min_drawdown_from_52w_high,valuation_hard,"max_ev_to_ebit,max_20d_return",2,,,,,,,,hard_filter,hard:min_drawdown_from_52w_high
2023-12-29,2023,up,ai_enabler,AMAT,120,0.4373612191145114,0.1651945882005027,0.2721666309140087,True,max_range_position_52w,valuation_hard,"max_ps_hist_percentile,max_pe_hist_percentile",2,,,,,,,,hard_filter,hard:max_range_position_52w
2023-12-29,2023,up,ai_enabler,ANET,120,0.4056062941554271,0.1651945882005027,0.2404117059549244,True,max_range_position_52w,valuation_hard,min_avg_dollar_volume_20d,1,,,,,,,,hard_filter,hard:max_range_position_52w
2023-12-29,2023,up,ai_enabler,AVGO,120,0.4562944369063771,0.1651945882005027,0.2910998487058744,True,max_range_position_52w,valuation_hard,"max_20d_return,max_shares_yoy",2,,,,,,,,hard_filter,hard:max_range_position_52w
2023-12-29,2023,up,ai_enabler,CAT,120,0.1195968899928546,0.1651945882005027,-0.0455976982076481,False,max_range_position_52w,valuation_hard,"max_20d_return,max_ps_hist_percentile,min_value_discount_any",3,,,,,,,,hard_filter,hard:max_range_position_52w
2023-12-29,2023,up,ai_enabler,CHKP,120,0.0201886910033125,0.1651945882005027,-0.1450058971971902,False,max_range_position_52w,valuation_hard,min_avg_dollar_volume_20d,1,,,,,,,,hard_filter,hard:max_range_position_52w
2023-12-29,2023,up,ai_enabler,CSX,120,-0.044004909038406,0.1651945882005027,-0.2091994972389087,False,max_range_position_52w,valuation_hard,"min_avg_dollar_volume_20d,max_ps_hist_percentile,max_pe_hist_percentile",3,,,,,,,,hard_filter,hard:max_range_position_52w
2023-12-29,2023,up,ai_enabler,NOW,120,0.0615323741007193,0.1651945882005027,-0.1036622140997834,False,max_range_position_52w,valuation_hard,max_ev_to_ebit,1,,,,,,,,hard_filter,hard:max_range_position_52w
2023-12-29,2023,up,ai_enabler,NVDA,120,1.3972683226783482,0.1651945882005027,1.2320737344778454,True,max_range_position_52w,valuation_hard,,0,,,,,,,,hard_filter,hard:max_range_position_52w
2023-12-29,2023,up,ai_enabler,PH,120,0.1094680272108844,0.1651945882005027,-0.0557265609896183,False,max_range_position_52w,valuation_hard,"min_avg_dollar_volume_20d,max_net_debt_to_ebitda,min_current_ratio,max_ps_hist_percentile,min_value_discount_any",5,,,,,,,,hard_filter,hard:max_range_position_52w
2023-12-29,2023,up,ai_peripheral,ACN,120,-0.1212410143139899,0.1651945882005027,-0.2864356025144926,False,max_range_position_52w,valuation_hard,"max_ps_hist_percentile,max_pe_hist_percentile",2,,,,,,,,hard_filter,hard:max_range_position_52w
2023-12-29,2023,up,ai_peripheral,CAT,120,0.1195968899928546,0.1651945882005027,-0.0455976982076481,False,max_range_position_52w,valuation_hard,"max_20d_return,max_ps_hist_percentile",2,,,,,,,,hard_filter,hard:max_range_position_52w
2023-12-29,2023,up,ai_peripheral,ETN,120,0.3400888207950306,0.1651945882005027,0.1748942325945279,True,max_range_position_52w,valuation_hard,"max_ps_hist_percentile,max_pe_hist_percentile,min_value_discount_any",3,,,,,,,,hard_filter,hard:max_range_position_52w
2023-12-29,2023,up,ai_peripheral,GD,120,0.146689070291292,0.1651945882005027,-0.018505517909210706,False,max_range_position_52w,valuation_hard,"min_avg_dollar_volume_20d,max_ps_hist_percentile,max_pe_hist_percentile,min_value_discount_any",4,,,,,,,,hard_filter,hard:max_range_position_52w
2023-12-29,2023,up,ai_peripheral,PH,120,0.1094680272108844,0.1651945882005027,-0.0557265609896183,False,max_range_position_52w,valuation_hard,"max_net_debt_to_ebitda,min_current_ratio,max_ps_hist_percentile",3,,,,,,,,hard_filter,hard:max_range_position_52w
2023-12-29,2023,up,ai_peripheral,UNP,120,-0.0776909165219168,0.1651945882005027,-0.2428855047224195,False,max_range_position_52w,valuation_hard,"min_current_ratio,max_ps_hist_percentile,max_pe_hist_percentile",3,,,,,,,,hard_filter,hard:max_range_position_52w
2023-12-29,2023,up,ai_peripheral,VMC,120,0.1006619341609645,0.1651945882005027,-0.0645326540395382,False,max_range_position_52w,valuation_hard,"min_avg_dollar_volume_20d,max_ps_hist_percentile",2,,,,,,,,hard_filter,hard:max_range_position_52w
2023-12-29,2023,up,ai_peripheral,VRT,120,0.8758198103266596,0.1651945882005027,0.7106252221261569,True,max_price_to_sma200,valuation_hard,"min_avg_dollar_volume_20d,max_net_debt_to_ebitda,min_interest_coverage,max_ps_hist_percentile,max_pe_hist_percentile",5,,,,,,,,hard_filter,hard:max_price_to_sma200
2023-12-29,2023,up,core_ai,AMAT,120,0.4373612191145114,0.1651945882005027,0.2721666309140087,True,min_drawdown_from_52w_high,valuation_hard,"max_ps_hist_percentile,max_pe_hist_percentile",2,,,,,,,,hard_filter,hard:min_drawdown_from_52w_high
2023-12-29,2023,up,core_ai,AMZN,120,0.2228362472784854,0.1651945882005027,0.05764165907798269,True,min_drawdown_from_52w_high,valuation_hard,"max_ev_to_ebit,min_net_margin,min_current_ratio,max_ps_hist_percentile,min_value_discount_any",5,,,,,,,,hard_filter,hard:min_drawdown_from_52w_high
2023-12-29,2023,up,core_ai,ANET,120,0.4056062941554271,0.1651945882005027,0.2404117059549244,True,min_drawdown_from_52w_high,valuation_hard,min_avg_dollar_volume_20d,1,,,,,,,,hard_filter,hard:min_drawdown_from_52w_high
2023-12-29,2023,up,core_ai,AVGO,120,0.4562944369063771,0.1651945882005027,0.2910998487058744,True,min_drawdown_from_52w_high,valuation_hard,"max_20d_return,max_shares_yoy",2,,,,,,,,hard_filter,hard:min_drawdown_from_52w_high
2023-12-29,2023,up,core_ai,CAT,120,0.1195968899928546,0.1651945882005027,-0.0455976982076481,False,min_drawdown_from_52w_high,valuation_hard,"max_20d_return,max_ps_hist_percentile,min_value_discount_any",3,,,,,,,,hard_filter,hard:min_drawdown_from_52w_high
2023-12-29,2023,up,core_ai,CRM,120,-0.0788211713966652,0.1651945882005027,-0.2440157595971679,False,min_drawdown_from_52w_high,valuation_hard,"max_ev_to_ebit,max_ps_hist_percentile,min_value_discount_any,max_pe_percentile_in_sic",4,,,,,,,,hard_filter,hard:min_drawdown_from_52w_high
2023-12-29,2023,up,core_ai,NOW,120,0.0615323741007193,0.1651945882005027,-0.1036622140997834,False,min_drawdown_from_52w_high,valuation_hard,max_ev_to_ebit,1,,,,,,,,hard_filter,hard:min_drawdown_from_52w_high
2023-12-29,2023,up,core_ai,NVDA,120,1.3972683226783482,0.1651945882005027,1.2320737344778454,True,min_drawdown_from_52w_high,valuation_hard,,0,,,,,,,,hard_filter,hard:min_drawdown_from_52w_high
2025-01-31,2025,up,ai_enabler,AMZN,120,-0.0141514633625294,0.1005671842428258,-0.1147186476053552,False,max_range_position_52w,valuation_hard,"max_ev_to_ebit,max_ps_hist_percentile,min_value_discount_any",3,,,,,,,,hard_filter,hard:max_range_position_52w
2025-01-31,2025,up,ai_enabler,ANET,120,0.0423589391860997,0.1005671842428258,-0.0582082450567261,False,max_price_to_sma200,valuation_hard,,0,,,,,,,,hard_filter,hard:max_price_to_sma200
2025-01-31,2025,up,ai_enabler,GOOG,120,-0.0433520917812283,0.1005671842428258,-0.1439192760240541,False,max_range_position_52w,valuation_hard,"max_ps_hist_percentile,max_pe_hist_percentile",2,,,,,,,,hard_filter,hard:max_range_position_52w
2025-01-31,2025,up,ai_enabler,GOOGL,120,-0.0401791677049588,0.1005671842428258,-0.14074635194778462,False,max_range_position_52w,valuation_hard,"max_ps_hist_percentile,max_pe_hist_percentile",2,,,,,,,,hard_filter,hard:max_range_position_52w
2025-01-31,2025,up,ai_enabler,NFLX,120,0.2113988806814676,0.1005671842428258,0.11083169643864178,True,max_range_position_52w,valuation_hard,min_value_discount_any,1,,,,,,,,hard_filter,hard:max_range_position_52w
2025-01-31,2025,up,ai_enabler,PH,120,0.060716380713658,0.1005671842428258,-0.039850803529167804,False,max_range_position_52w,valuation_hard,"max_net_debt_to_ebitda,max_ps_hist_percentile,max_pe_hist_percentile,min_value_discount_any",4,,,,,,,,hard_filter,hard:max_range_position_52w
2025-01-31,2025,up,ai_enabler,PYPL,120,-0.1000244297788585,0.1005671842428258,-0.2005916140216843,False,max_price_to_sma200,valuation_hard,"max_ps_hist_percentile,max_pe_hist_percentile",2,,,,,,,,hard_filter,hard:max_price_to_sma200
2025-01-31,2025,up,ai_enabler,RTX,120,0.2191875973823619,0.1005671842428258,0.1186204131395361,True,max_range_position_52w,valuation_hard,"min_interest_coverage,min_current_ratio,max_ps_hist_percentile",3,,,,,,,,hard_filter,hard:max_range_position_52w
2025-01-31,2025,up,ai_enabler,VRT,120,0.2974963365634601,0.1005671842428258,0.1969291523206343,True,max_price_to_sma200,valuation_hard,"max_ev_to_ebit,max_60d_volatility,max_ps_hist_percentile,max_pe_hist_percentile",4,,,,,,,,hard_filter,hard:max_price_to_sma200
2025-01-31,2025,up,ai_peripheral,ACN,120,-0.2611388648804379,0.1005671842428258,-0.3617060491232637,False,max_range_position_52w,valuation_hard,"max_ps_hist_percentile,min_value_discount_any",2,,,,,,,,hard_filter,hard:max_range_position_52w
2025-01-31,2025,up,ai_peripheral,CMI,120,0.0579594943981612,0.1005671842428258,-0.042607689844664606,False,,,"min_net_income_yoy,min_ocf_to_net_income,max_ps_hist_percentile,max_pe_hist_percentile",4,0.5747093061770371,55.0,12.0,12.0,research_now,2.1,weak_growth,below_top_n,below_top_n
2025-01-31,2025,up,ai_peripheral,GE,120,0.3544393598399601,0.1005671842428258,0.2538721755971343,True,max_range_position_52w,valuation_hard,"min_net_income_yoy,max_20d_return,min_interest_coverage,max_ps_hist_percentile,max_pe_hist_percentile,min_expectation_proxy",6,,,,,,,,hard_filter,hard:max_range_position_52w
2025-01-31,2025,up,ai_peripheral,HWM,120,0.5188787635487758,0.1005671842428258,0.41831157930595003,True,max_range_position_52w,valuation_hard,"max_ev_to_ebit,max_20d_return,max_ps_hist_percentile,max_pe_hist_percentile,min_expectation_proxy",5,,,,,,,,hard_filter,hard:max_range_position_52w
2025-01-31,2025,up,ai_peripheral,PH,120,0.060716380713658,0.1005671842428258,-0.039850803529167804,False,max_range_position_52w,valuation_hard,"max_net_debt_to_ebitda,max_ps_hist_percentile,max_pe_hist_percentile",3,,,,,,,,hard_filter,hard:max_range_position_52w
2025-01-31,2025,up,ai_peripheral,PYPL,120,-0.1000244297788585,0.1005671842428258,-0.2005916140216843,False,max_price_to_sma200,valuation_hard,"max_ps_hist_percentile,max_pe_hist_percentile",2,,,,,,,,hard_filter,hard:max_price_to_sma200
2025-01-31,2025,up,core_ai,AMZN,120,-0.0141514633625294,0.1005671842428258,-0.1147186476053552,False,min_drawdown_from_52w_high,valuation_hard,"max_ev_to_ebit,max_ps_hist_percentile,min_value_discount_any",3,,,,,,,,hard_filter,hard:min_drawdown_from_52w_high
2025-01-31,2025,up,core_ai,ANET,120,0.0423589391860997,0.1005671842428258,-0.0582082450567261,False,max_price_to_sma200,valuation_hard,,0,,,,,,,,hard_filter,hard:max_price_to_sma200
2025-01-31,2025,up,core_ai,FTNT,120,0.0570788914736523,0.1005671842428258,-0.04348829276917351,False,min_drawdown_from_52w_high,valuation_hard,"max_ev_to_ebit,min_avg_dollar_volume_20d,max_ps_hist_percentile,max_pe_hist_percentile,min_value_discount_any,max_ps_percentile_in_sic,max_pe_percentile_in_sic",7,,,,,,,,hard_filter,hard:min_drawdown_from_52w_high
2025-01-31,2025,up,core_ai,GOOG,120,-0.0433520917812283,0.1005671842428258,-0.1439192760240541,False,min_drawdown_from_52w_high,valuation_hard,"max_ps_hist_percentile,max_pe_hist_percentile,max_ps_percentile_in_sic",3,,,,,,,,hard_filter,hard:min_drawdown_from_52w_high
2025-01-31,2025,up,core_ai,GOOGL,120,-0.0401791677049588,0.1005671842428258,-0.14074635194778462,False,min_drawdown_from_52w_high,valuation_hard,"max_ps_hist_percentile,max_pe_hist_percentile,max_ps_percentile_in_sic",3,,,,,,,,hard_filter,hard:min_drawdown_from_52w_high
2025-01-31,2025,up,core_ai,NFLX,120,0.2113988806814676,0.1005671842428258,0.11083169643864178,True,min_drawdown_from_52w_high,valuation_hard,min_value_discount_any,1,,,,,,,,hard_filter,hard:min_drawdown_from_52w_high
2025-01-31,2025,up,core_ai,PYPL,120,-0.1000244297788585,0.1005671842428258,-0.2005916140216843,False,max_range_position_52w,valuation_hard,"max_ps_hist_percentile,max_pe_hist_percentile",2,,,,,,,,hard_filter,hard:max_range_position_52w
2025-02-28,2025,down,ai_enabler,CSCO,120,0.0367952059576447,0.0988236933457195,-0.0620284873880748,False,max_price_to_sma200,valuation_hard,"min_revenue_yoy,min_net_income_yoy,min_current_ratio,max_ps_hist_percentile,max_pe_hist_percentile,min_expectation_proxy",6,,,,,,,,hard_filter,hard:max_price_to_sma200
2025-02-28,2025,down,ai_enabler,FTNT,120,-0.2895663424481556,0.0988236933457195,-0.3883900357938751,False,max_price_to_sma200,valuation_hard,"max_ev_to_ebit,max_ps_hist_percentile,max_pe_hist_percentile,min_value_discount_any,max_ps_percentile_in_sic,max_pe_percentile_in_sic",6,,,,,,,,hard_filter,hard:max_price_to_sma200
2025-02-28,2025,down,ai_enabler,HWM,120,0.2417828741783699,0.0988236933457195,0.1429591808326504,True,max_range_position_52w,valuation_hard,"max_ev_to_ebit,min_net_income_yoy,max_ps_hist_percentile,max_pe_hist_percentile,min_value_discount_any",5,,,,,,,,hard_filter,hard:max_range_position_52w
2025-02-28,2025,down,ai_enabler,RTX,120,0.1604293369055592,0.0988236933457195,0.06160564355983969,True,max_range_position_52w,valuation_hard,"min_interest_coverage,min_current_ratio,max_ps_hist_percentile",3,,,,,,,,hard_filter,hard:max_range_position_52w
2025-02-28,2025,down,ai_peripheral,HWM,120,0.2417828741783699,0.0988236933457195,0.1429591808326504,True,max_range_position_52w,valuation_hard,"max_ev_to_ebit,min_net_income_yoy,max_ps_hist_percentile,max_pe_hist_percentile",4,,,,,,,,hard_filter,hard:max_range_position_52w
2025-02-28,2025,down,ai_peripheral,RTX,120,0.1604293369055592,0.0988236933457195,0.06160564355983969,True,max_range_position_52w,valuation_hard,"min_interest_coverage,min_current_ratio,max_ps_hist_percentile",3,,,,,,,,hard_filter,hard:max_range_position_52w
2025-02-28,2025,down,core_ai,CSCO,120,0.0367952059576447,0.0988236933457195,-0.0620284873880748,False,min_drawdown_from_52w_high,valuation_hard,"min_revenue_yoy,min_net_income_yoy,min_current_ratio,max_ps_hist_percentile,max_pe_hist_percentile,min_expectation_proxy",6,,,,,,,,hard_filter,hard:min_drawdown_from_52w_high
2025-02-28,2025,down,core_ai,FTNT,120,-0.2895663424481556,0.0988236933457195,-0.3883900357938751,False,max_range_position_52w,valuation_hard,"max_ev_to_ebit,min_avg_dollar_volume_20d,max_ps_hist_percentile,max_pe_hist_percentile,min_value_discount_any,max_ps_percentile_in_sic,max_pe_percentile_in_sic",7,,,,,,,,hard_filter,hard:max_range_position_52w
2025-05-30,2025,up,ai_enabler,BWXT,120,0.4242056490003173,0.1559920967710767,0.2682135522292406,True,,,"min_avg_dollar_volume_20d,max_net_debt_to_ebitda,max_ps_hist_percentile,max_pe_hist_percentile,min_value_discount_any",5,0.6218700727388997,98.0,25.0,,watch_for_pullback,2.2,"expensive_relative_to_peers,high_absolute_valuation",group_cap,group_cap
2025-05-30,2025,up,ai_enabler,JCI,120,0.1319340212322649,0.1559920967710767,-0.024058075538811813,False,max_range_position_52w,valuation_hard,"max_20d_return,min_current_ratio,min_ocf_to_net_income,max_ps_hist_percentile",4,,,,,,,,hard_filter,hard:max_range_position_52w
2025-05-30,2025,up,ai_enabler,LHX,120,0.17438606340819,0.1559920967710767,0.01839396663711329,True,,,"max_net_debt_to_ebitda,max_ps_hist_percentile",2,0.675421155123755,53.0,22.0,15.0,research_now,5.1,no_major_risk_flag,below_top_n,below_top_n
2025-05-30,2025,up,ai_enabler,MSFT,120,0.0613060109289617,0.1559920967710767,-0.09468608584211499,False,max_range_position_52w,valuation_hard,"max_ps_hist_percentile,max_ps_percentile_in_sic",2,,,,,,,,hard_filter,hard:max_range_position_52w
2025-05-30,2025,up,ai_enabler,NFLX,120,-0.0864513790517456,0.1559920967710767,-0.2424434758228223,False,max_range_position_52w,valuation_hard,min_value_discount_any,1,,,,,,,,hard_filter,hard:max_range_position_52w
2025-05-30,2025,up,ai_enabler,PWR,120,0.3021398447796163,0.1559920967710767,0.1461477480085396,True,,,"max_ps_hist_percentile,max_pe_hist_percentile,min_value_discount_any",3,0.6336857444438679,86.0,24.0,17.0,watch_for_pullback,4.5,"expensive_relative_to_peers,high_absolute_valuation",below_top_n,below_top_n
2025-05-30,2025,up,ai_enabler,RTX,120,0.2715141180784745,0.1559920967710767,0.11552202130739778,True,max_range_position_52w,valuation_hard,"min_interest_coverage,max_ps_hist_percentile,max_pe_hist_percentile",3,,,,,,,,hard_filter,hard:max_range_position_52w
2025-05-30,2025,up,ai_enabler,TT,120,-0.0438798359148455,0.1559920967710767,-0.19987193268592218,False,max_range_position_52w,valuation_hard,"min_net_income_yoy,max_ps_hist_percentile,max_pe_hist_percentile,min_expectation_proxy,min_value_discount_any",5,,,,,,,,hard_filter,hard:max_range_position_52w
2025-05-30,2025,up,ai_enabler,VST,120,0.1007680623594294,0.1559920967710767,-0.055224034411647305,False,max_price_to_sma200,valuation_hard,"max_20d_return,max_60d_volatility,min_interest_coverage,min_current_ratio,max_ps_hist_percentile,max_pe_hist_percentile,min_value_discount_any,max_pe_percentile_in_sic",8,,,,,,,,hard_filter,hard:max_price_to_sma200
2025-05-30,2025,up,ai_peripheral,ATI,120,0.2215394942241649,0.1559920967710767,0.06554739745308821,True,max_range_position_52w,valuation_hard,"min_revenue_yoy,min_net_income_yoy,max_20d_return,min_avg_dollar_volume_20d,max_shares_yoy,max_ps_hist_percentile,max_pe_hist_percentile,min_expectation_proxy",8,,,,,,,,hard_filter,hard:max_range_position_52w
2025-05-30,2025,up,ai_peripheral,BWXT,120,0.4242056490003173,0.1559920967710767,0.2682135522292406,True,,,"min_avg_dollar_volume_20d,max_net_debt_to_ebitda,max_ps_hist_percentile,max_pe_hist_percentile,min_value_discount_any",5,0.5283997997663639,84.0,11.0,11.0,watch_for_pullback,2.2,"expensive_relative_to_peers,high_absolute_valuation",below_top_n,below_top_n
2025-05-30,2025,up,ai_peripheral,HWM,120,0.1831421021726363,0.1559920967710767,0.027150005401559596,True,max_range_position_52w,valuation_hard,"max_ev_to_ebit,min_net_income_yoy,max_ps_hist_percentile,max_pe_hist_percentile,min_expectation_proxy",5,,,,,,,,hard_filter,hard:max_range_position_52w
2025-05-30,2025,up,ai_peripheral,JCI,120,0.1319340212322649,0.1559920967710767,-0.024058075538811813,False,max_range_position_52w,valuation_hard,"max_20d_return,min_current_ratio,min_ocf_to_net_income,max_ps_hist_percentile",4,,,,,,,,hard_filter,hard:max_range_position_52w
2025-05-30,2025,up,ai_peripheral,PWR,120,0.3021398447796163,0.1559920967710767,0.1461477480085396,True,,,"max_ps_hist_percentile,max_pe_hist_percentile,min_value_discount_any",3,0.5186782746559782,86.0,12.0,12.0,watch_for_pullback,4.5,"expensive_relative_to_peers,high_absolute_valuation",below_top_n,below_top_n
2025-05-30,2025,up,ai_peripheral,VST,120,0.1007680623594294,0.1559920967710767,-0.055224034411647305,False,max_price_to_sma200,valuation_hard,"max_20d_return,min_interest_coverage,min_current_ratio,max_ps_hist_percentile,max_pe_hist_percentile,max_ps_percentile_in_sic",6,,,,,,,,hard_filter,hard:max_price_to_sma200
2025-05-30,2025,up,core_ai,BWXT,120,0.4242056490003173,0.1559920967710767,0.2682135522292406,True,max_price_to_sma200,valuation_hard,"max_20d_return,min_avg_dollar_volume_20d,max_net_debt_to_ebitda,max_ps_hist_percentile,max_pe_hist_percentile,min_value_discount_any",6,,,,,,,,hard_filter,hard:max_price_to_sma200
2025-05-30,2025,up,core_ai,DASH,120,-0.0352133205787396,0.1559920967710767,-0.1912054173498163,False,min_drawdown_from_52w_high,valuation_hard,"max_ev_to_ebit,min_net_income_yoy,min_net_margin,max_ps_hist_percentile,min_expectation_proxy,min_value_discount_any,max_ps_percentile_in_sic,max_pe_percentile_in_sic",8,,,,,,,,hard_filter,hard:min_drawdown_from_52w_high
2025-05-30,2025,up,core_ai,GEV,120,0.2406344647519581,0.1559920967710767,0.0846423679808814,True,min_drawdown_from_52w_high,valuation_hard,"max_ev_to_ebit,min_net_income_yoy,max_20d_return,min_expectation_proxy",4,,,,,,,,hard_filter,hard:min_drawdown_from_52w_high
2025-05-30,2025,up,core_ai,MSFT,120,0.0613060109289617,0.1559920967710767,-0.09468608584211499,False,min_drawdown_from_52w_high,valuation_hard,"max_ps_hist_percentile,max_ps_percentile_in_sic",2,,,,,,,,hard_filter,hard:min_drawdown_from_52w_high
2025-05-30,2025,up,core_ai,NFLX,120,-0.0864513790517456,0.1559920967710767,-0.2424434758228223,False,min_drawdown_from_52w_high,valuation_hard,min_value_discount_any,1,,,,,,,,hard_filter,hard:min_drawdown_from_52w_high
2025-05-30,2025,up,core_ai,NVDA,120,0.3743515308004425,0.1559920967710767,0.21835943402936578,True,,,"max_ev_to_ebit,max_20d_return,max_shares_yoy,min_value_discount_any,max_ps_percentile_in_sic,max_pe_percentile_in_sic",6,0.5329350709569387,46.0,19.0,,watch_for_pullback,5.6,"expensive_relative_to_peers,high_absolute_valuation",group_cap,group_cap
2025-05-30,2025,up,core_ai,PLTR,120,0.2556449575835965,0.1559920967710767,0.09965286081251981,True,min_drawdown_from_52w_high,valuation_hard,"min_fcf_yield,max_ev_to_ebit,max_20d_return,max_60d_volatility,max_shares_yoy,max_ps_hist_percentile,max_pe_hist_percentile,min_value_discount_any,max_ps_percentile_in_sic,max_pe_percentile_in_sic",10,,,,,,,,hard_filter,hard:min_drawdown_from_52w_high
2025-05-30,2025,up,core_ai,RKLB,120,0.6373310759969905,0.1559920967710767,0.48133897922591373,True,max_price_to_sma200,valuation_hard,"positive_net_income,min_net_income,positive_operating_cash_flow,positive_free_cash_flow,positive_ebit,min_operating_cash_flow,min_free_cash_flow,min_ebit,min_fcf_yield,min_net_margin,max_20d_return,max_60d_volatility,min_avg_dollar_volume_20d,min_ocf_to_net_income,max_ps_hist_percentile,min_ai_link_score",16,,,,,,,,hard_filter,hard:max_price_to_sma200
2025-06-30,2025,up,ai_enabler,CSCO,120,0.1061092533871433,0.1050491132332879,0.0010601401538554017,True,max_range_position_52w,valuation_hard,"min_net_income_yoy,min_current_ratio,max_ps_hist_percentile,max_pe_hist_percentile,min_expectation_proxy",5,,,,,,,,hard_filter,hard:max_range_position_52w
2025-06-30,2025,up,ai_enabler,EME,120,0.1532700177097857,0.1050491132332879,0.04822090447649781,True,max_range_position_52w,valuation_hard,"min_avg_dollar_volume_20d,max_ps_hist_percentile,max_pe_hist_percentile",3,,,,,,,,hard_filter,hard:max_range_position_52w
2025-06-30,2025,up,ai_enabler,JCI,120,0.1161483294520221,0.1050491132332879,0.011099216218734193,True,max_range_position_52w,valuation_hard,"min_avg_dollar_volume_20d,min_current_ratio,min_ocf_to_net_income,max_ps_hist_percentile",4,,,,,,,,hard_filter,hard:max_range_position_52w
2025-06-30,2025,up,ai_enabler,KLAC,120,0.3790510793966221,0.1050491132332879,0.27400196616333417,True,max_range_position_52w,valuation_hard,"max_20d_return,min_interest_coverage",2,,,,,,,,hard_filter,hard:max_range_position_52w
2025-06-30,2025,up,ai_enabler,LRCX,120,0.7014360474144624,0.1050491132332879,0.5963869341811745,True,max_price_to_sma200,valuation_hard,"max_20d_return,max_shares_yoy,max_ps_hist_percentile,max_pe_hist_percentile,min_value_discount_any",5,,,,,,,,hard_filter,hard:max_price_to_sma200
2025-06-30,2025,up,ai_enabler,NFLX,120,-0.295936892473442,0.1050491132332879,-0.40098600570672993,False,max_range_position_52w,valuation_hard,min_value_discount_any,1,,,,,,,,hard_filter,hard:max_range_position_52w
2025-06-30,2025,up,ai_enabler,PWR,120,0.1239594992242255,0.1050491132332879,0.018910385990937598,True,max_range_position_52w,valuation_hard,"max_ev_to_ebit,max_ps_hist_percentile,max_pe_hist_percentile,min_value_discount_any",4,,,,,,,,hard_filter,hard:max_range_position_52w
2025-06-30,2025,up,ai_enabler,RTX,120,0.2217870294036822,0.1050491132332879,0.11673791617039429,True,max_range_position_52w,valuation_hard,"min_interest_coverage,max_ps_hist_percentile,max_pe_hist_percentile",3,,,,,,,,hard_filter,hard:max_range_position_52w
2025-06-30,2025,up,ai_peripheral,EME,120,0.1532700177097857,0.1050491132332879,0.04822090447649781,True,max_range_position_52w,valuation_hard,"min_avg_dollar_volume_20d,max_ps_hist_percentile,max_pe_hist_percentile",3,,,,,,,,hard_filter,hard:max_range_position_52w
2025-06-30,2025,up,ai_peripheral,HWM,120,0.0718406347484065,0.1050491132332879,-0.0332084784848814,False,max_range_position_52w,valuation_hard,"max_ev_to_ebit,min_net_income_yoy,max_ps_hist_percentile,max_pe_hist_percentile,min_expectation_proxy",5,,,,,,,,hard_filter,hard:max_range_position_52w
2025-06-30,2025,up,ai_peripheral,JCI,120,0.1161483294520221,0.1050491132332879,0.011099216218734193,True,max_range_position_52w,valuation_hard,"min_current_ratio,min_ocf_to_net_income,max_ps_hist_percentile",3,,,,,,,,hard_filter,hard:max_range_position_52w
2025-06-30,2025,up,ai_peripheral,PWR,120,0.1239594992242255,0.1050491132332879,0.018910385990937598,True,max_range_position_52w,valuation_hard,"max_ev_to_ebit,max_ps_hist_percentile,max_pe_hist_percentile,min_value_discount_any",4,,,,,,,,hard_filter,hard:max_range_position_52w
2025-06-30,2025,up,core_ai,CSCO,120,0.1061092533871433,0.1050491132332879,0.0010601401538554017,True,min_drawdown_from_52w_high,valuation_hard,"min_net_income_yoy,min_current_ratio,max_ps_hist_percentile,max_pe_hist_percentile,min_expectation_proxy",5,,,,,,,,hard_filter,hard:min_drawdown_from_52w_high
2025-06-30,2025,up,core_ai,DIS,120,-0.0946656517679536,0.1050491132332879,-0.19971476500124152,False,min_drawdown_from_52w_high,valuation_hard,"min_current_ratio,max_ps_hist_percentile,min_ai_link_score,min_value_discount_any",4,,,,,,,,hard_filter,hard:min_drawdown_from_52w_high
2025-06-30,2025,up,core_ai,KLAC,120,0.3790510793966221,0.1050491132332879,0.27400196616333417,True,min_drawdown_from_52w_high,valuation_hard,"max_20d_return,min_interest_coverage",2,,,,,,,,hard_filter,hard:min_drawdown_from_52w_high
2025-06-30,2025,up,core_ai,LRCX,120,0.7014360474144624,0.1050491132332879,0.5963869341811745,True,max_price_to_sma200,valuation_hard,"max_20d_return,max_shares_yoy,max_ps_hist_percentile,max_pe_hist_percentile,min_value_discount_any",5,,,,,,,,hard_filter,hard:max_price_to_sma200
2025-06-30,2025,up,core_ai,META,120,-0.1016395250212043,0.1050491132332879,-0.20668863825449219,False,min_drawdown_from_52w_high,valuation_hard,"max_20d_return,max_ps_hist_percentile,max_pe_hist_percentile,max_ps_percentile_in_sic",4,,,,,,,,hard_filter,hard:min_drawdown_from_52w_high
2025-06-30,2025,up,core_ai,MSFT,120,-0.0282391983079865,0.1050491132332879,-0.1332883115412744,False,min_drawdown_from_52w_high,valuation_hard,"max_ps_hist_percentile,max_pe_hist_percentile,max_ps_percentile_in_sic",3,,,,,,,,hard_filter,hard:min_drawdown_from_52w_high
2025-06-30,2025,up,core_ai,NFLX,120,-0.295936892473442,0.1050491132332879,-0.40098600570672993,False,min_drawdown_from_52w_high,valuation_hard,min_value_discount_any,1,,,,,,,,hard_filter,hard:min_drawdown_from_52w_high
2025-06-30,2025,up,core_ai,ORCL,120,-0.1838457371751103,0.1050491132332879,-0.2888948504083982,False,min_drawdown_from_52w_high,valuation_hard,"positive_free_cash_flow,min_free_cash_flow,min_fcf_yield,max_ev_to_ebit,max_20d_return,min_current_ratio,max_ps_hist_percentile,max_pe_hist_percentile,min_expectation_proxy,max_ps_percentile_in_sic",10,,,,,,,,hard_filter,hard:min_drawdown_from_52w_high
2025-07-31,2025,up,ai_enabler,ANET,120,0.169270686880664,0.1081290091638028,0.06114167771686119,True,max_price_to_sma200,valuation_hard,"max_ev_to_ebit,max_20d_return,max_shares_yoy,max_ps_hist_percentile,max_pe_hist_percentile,min_value_discount_any",6,,,,,,,,hard_filter,hard:max_price_to_sma200
2025-07-31,2025,up,ai_enabler,EME,120,0.1396130816791408,0.1081290091638028,0.031484072515337996,True,max_price_to_sma200,valuation_hard,"max_20d_return,min_avg_dollar_volume_20d,max_ps_hist_percentile,max_pe_hist_percentile",4,,,,,,,,hard_filter,hard:max_price_to_sma200
2025-07-31,2025,up,ai_enabler,GOOG,120,0.7403856856751344,0.1081290091638028,0.6322566765113316,True,,,,0,0.7565220292865742,7.0,4.0,,watch_for_pullback,9.0,expensive_relative_to_peers,group_cap,group_cap
2025-07-31,2025,up,ai_enabler,PH,120,0.3217344889352759,0.1081290091638028,0.2136054797714731,True,max_range_position_52w,valuation_hard,"max_net_debt_to_ebitda,max_ps_hist_percentile,max_pe_hist_percentile,min_value_discount_any",4,,,,,,,,hard_filter,hard:max_range_position_52w
2025-07-31,2025,up,ai_enabler,PWR,120,0.1838148560723055,0.1081290091638028,0.07568584690850269,True,max_price_to_sma200,valuation_hard,"max_ev_to_ebit,max_ps_hist_percentile,max_pe_hist_percentile,min_value_discount_any",4,,,,,,,,hard_filter,hard:max_price_to_sma200
2025-07-31,2025,up,ai_enabler,RTX,120,0.2519872122762149,0.1081290091638028,0.1438582031124121,True,max_range_position_52w,valuation_hard,max_ps_hist_percentile,1,,,,,,,,hard_filter,hard:max_range_position_52w
2025-07-31,2025,up,ai_peripheral,EME,120,0.1396130816791408,0.1081290091638028,0.031484072515337996,True,max_price_to_sma200,valuation_hard,"max_20d_return,max_ps_hist_percentile,max_pe_hist_percentile",3,,,,,,,,hard_filter,hard:max_price_to_sma200
2025-07-31,2025,up,ai_peripheral,HWM,120,0.2280301933732894,0.1081290091638028,0.11990118420948659,True,max_price_to_sma200,valuation_hard,"max_ev_to_ebit,max_ps_hist_percentile,max_pe_hist_percentile",3,,,,,,,,hard_filter,hard:max_price_to_sma200
2025-07-31,2025,up,ai_peripheral,LHX,120,0.2903216935835878,0.1081290091638028,0.18219268441978498,True,max_price_to_sma200,valuation_hard,"max_net_debt_to_ebitda,max_ps_hist_percentile",2,,,,,,,,hard_filter,hard:max_price_to_sma200
2025-07-31,2025,up,ai_peripheral,PWR,120,0.1838148560723055,0.1081290091638028,0.07568584690850269,True,max_price_to_sma200,valuation_hard,"max_ev_to_ebit,max_ps_hist_percentile,max_pe_hist_percentile,min_value_discount_any",4,,,,,,,,hard_filter,hard:max_price_to_sma200
2025-07-31,2025,up,ai_peripheral,RTX,120,0.2519872122762149,0.1081290091638028,0.1438582031124121,True,max_range_position_52w,valuation_hard,max_ps_hist_percentile,1,,,,,,,,hard_filter,hard:max_range_position_52w
2025-07-31,2025,up,core_ai,AMZN,120,0.0761655153357282,0.1081290091638028,-0.031963493828074604,False,min_drawdown_from_52w_high,valuation_hard,"max_ev_to_ebit,max_ps_hist_percentile,min_value_discount_any",3,,,,,,,,hard_filter,hard:min_drawdown_from_52w_high
2025-07-31,2025,up,core_ai,ANET,120,0.169270686880664,0.1081290091638028,0.06114167771686119,True,max_range_position_52w,valuation_hard,"max_ev_to_ebit,max_20d_return,max_shares_yoy,max_ps_hist_percentile,max_pe_hist_percentile,min_value_discount_any",6,,,,,,,,hard_filter,hard:max_range_position_52w
2025-07-31,2025,up,core_ai,BWXT,120,0.4190398593200469,0.1081290091638028,0.3109108501562441,True,min_drawdown_from_52w_high,valuation_hard,"max_ev_to_ebit,min_avg_dollar_volume_20d,max_net_debt_to_ebitda,max_ps_hist_percentile,max_pe_hist_percentile,min_value_discount_any",6,,,,,,,,hard_filter,hard:min_drawdown_from_52w_high
2025-07-31,2025,up,core_ai,CAT,120,0.5148669663026556,0.1081290091638028,0.4067379571388528,True,min_drawdown_from_52w_high,valuation_hard,"min_revenue_yoy,max_ps_hist_percentile,max_pe_hist_percentile,min_expectation_proxy,min_value_discount_any",5,,,,,,,,hard_filter,hard:min_drawdown_from_52w_high
2025-07-31,2025,up,core_ai,GEV,120,0.0360315157893084,0.1081290091638028,-0.07209749337449439,False,min_drawdown_from_52w_high,valuation_hard,"max_ev_to_ebit,min_net_margin,max_20d_return,max_ps_hist_percentile,max_pe_hist_percentile,min_expectation_proxy,min_value_discount_any",7,,,,,,,,hard_filter,hard:min_drawdown_from_52w_high
2025-07-31,2025,up,core_ai,GOOG,120,0.7403856856751344,0.1081290091638028,0.6322566765113316,True,,,,0,0.7796707764961995,6.0,4.0,,watch_for_pullback,9.0,expensive_relative_to_peers,group_cap,group_cap
2025-07-31,2025,up,core_ai,LHX,120,0.2903216935835878,0.1081290091638028,0.18219268441978498,True,min_drawdown_from_52w_high,valuation_hard,"min_avg_dollar_volume_20d,max_net_debt_to_ebitda,max_ps_hist_percentile",3,,,,,,,,hard_filter,hard:min_drawdown_from_52w_high
2025-07-31,2025,up,core_ai,MSFT,120,-0.1611045379437822,0.1081290091638028,-0.269233547107585,False,min_drawdown_from_52w_high,valuation_hard,"max_ps_hist_percentile,max_pe_hist_percentile,max_ps_percentile_in_sic",3,,,,,,,,hard_filter,hard:min_drawdown_from_52w_high
2025-07-31,2025,up,core_ai,NVDA,120,0.0592988505747126,0.1081290091638028,-0.048830158589090206,False,min_drawdown_from_52w_high,valuation_hard,"max_ev_to_ebit,max_20d_return,max_shares_yoy,min_value_discount_any,max_ps_percentile_in_sic,max_pe_percentile_in_sic",6,,,,,,,,hard_filter,hard:min_drawdown_from_52w_high
2025-08-29,2025,up,ai_enabler,CMI,120,0.4882955696925833,0.0683980333475845,0.4198975363449988,True,max_range_position_52w,valuation_hard,max_ps_hist_percentile,1,,,,,,,,hard_filter,hard:max_range_position_52w
2025-08-29,2025,up,ai_enabler,CRH,120,0.110755158184319,0.0683980333475845,0.0423571248367345,True,max_range_position_52w,valuation_hard,"max_20d_return,max_ps_hist_percentile,max_pe_hist_percentile",3,,,,,,,,hard_filter,hard:max_range_position_52w
2025-08-29,2025,up,ai_enabler,GD,120,0.0770092836144206,0.0683980333475845,0.008611250266836096,True,max_range_position_52w,valuation_hard,"min_avg_dollar_volume_20d,min_value_discount_any",2,,,,,,,,hard_filter,hard:max_range_position_52w
2025-08-29,2025,up,ai_enabler,GOOG,120,0.4887314825894461,0.0683980333475845,0.4203334492418616,True,max_range_position_52w,valuation_hard,max_ps_hist_percentile,1,,,,,,,,hard_filter,hard:max_range_position_52w
2025-08-29,2025,up,ai_enabler,GOOGL,120,0.4920801574349621,0.0683980333475845,0.4236821240873776,True,max_range_position_52w,valuation_hard,max_ps_hist_percentile,1,,,,,,,,hard_filter,hard:max_range_position_52w
2025-08-29,2025,up,ai_enabler,LDOS,120,-0.0457378964941568,0.0683980333475845,-0.1141359298417413,False,max_price_to_sma200,valuation_hard,"min_avg_dollar_volume_20d,max_ps_hist_percentile",2,,,,,,,,hard_filter,hard:max_price_to_sma200
2025-08-29,2025,up,ai_enabler,LRCX,120,1.52939289446186,0.0683980333475845,1.4609948611142756,True,max_price_to_sma200,valuation_hard,"max_shares_yoy,min_value_discount_any",2,,,,,,,,hard_filter,hard:max_price_to_sma200
2025-08-29,2025,up,ai_enabler,PH,120,0.3532258875401594,0.0683980333475845,0.2848278541925749,True,max_range_position_52w,valuation_hard,"max_ps_hist_percentile,max_pe_hist_percentile,min_value_discount_any",3,,,,,,,,hard_filter,hard:max_range_position_52w
2025-08-29,2025,up,ai_peripheral,BWXT,120,0.2493588626968349,0.0683980333475845,0.1809608293492504,True,max_price_to_sma200,valuation_hard,"max_net_debt_to_ebitda,max_receivables_growth_gap,max_ps_hist_percentile,max_pe_hist_percentile,min_value_discount_any",5,,,,,,,,hard_filter,hard:max_price_to_sma200
2025-08-29,2025,up,ai_peripheral,CRH,120,0.110755158184319,0.0683980333475845,0.0423571248367345,True,max_range_position_52w,valuation_hard,"max_20d_return,max_ps_hist_percentile,max_pe_hist_percentile",3,,,,,,,,hard_filter,hard:max_range_position_52w
2025-08-29,2025,up,ai_peripheral,GD,120,0.0770092836144206,0.0683980333475845,0.008611250266836096,True,max_range_position_52w,valuation_hard,"min_avg_dollar_volume_20d,min_value_discount_any",2,,,,,,,,hard_filter,hard:max_range_position_52w
2025-08-29,2025,up,ai_peripheral,PH,120,0.3532258875401594,0.0683980333475845,0.2848278541925749,True,max_range_position_52w,valuation_hard,"max_ps_hist_percentile,max_pe_hist_percentile",2,,,,,,,,hard_filter,hard:max_range_position_52w
2025-08-29,2025,up,ai_peripheral,UBER,120,-0.2362538478213744,0.0683980333475845,-0.3046518811689589,False,max_price_to_sma200,valuation_hard,"min_ocf_to_net_income,max_accrual_ratio,max_ps_hist_percentile,max_ps_percentile_in_sic",4,,,,,,,,hard_filter,hard:max_price_to_sma200
2025-08-29,2025,up,core_ai,ADI,120,0.4362587786878599,0.0683980333475845,0.3678607453402754,True,min_drawdown_from_52w_high,valuation_hard,"max_ev_to_ebit,max_20d_return,max_ps_hist_percentile,min_value_discount_any,max_ps_percentile_in_sic,max_pe_percentile_in_sic",6,,,,,,,,hard_filter,hard:min_drawdown_from_52w_high
2025-08-29,2025,up,core_ai,AMZN,120,-0.0851299235480841,0.0683980333475845,-0.15352795689566862,False,max_range_position_52w,valuation_hard,"max_ps_hist_percentile,min_value_discount_any",2,,,,,,,,hard_filter,hard:max_range_position_52w
2025-08-29,2025,up,core_ai,ANET,120,-0.0411160842327723,0.0683980333475845,-0.1095141175803568,False,min_drawdown_from_52w_high,valuation_hard,"max_ev_to_ebit,max_20d_return,max_shares_yoy,max_ps_hist_percentile,max_pe_hist_percentile,min_value_discount_any",6,,,,,,,,hard_filter,hard:min_drawdown_from_52w_high
2025-08-29,2025,up,core_ai,BWXT,120,0.2493588626968349,0.0683980333475845,0.1809608293492504,True,max_price_to_sma200,valuation_hard,"max_ev_to_ebit,min_avg_dollar_volume_20d,max_net_debt_to_ebitda,max_receivables_growth_gap,max_ps_hist_percentile,max_pe_hist_percentile,min_value_discount_any",7,,,,,,,,hard_filter,hard:max_price_to_sma200
2025-08-29,2025,up,core_ai,GOOG,120,0.4887314825894461,0.0683980333475845,0.4203334492418616,True,min_drawdown_from_52w_high,valuation_hard,"max_20d_return,max_ps_hist_percentile,max_ps_percentile_in_sic",3,,,,,,,,hard_filter,hard:min_drawdown_from_52w_high
2025-08-29,2025,up,core_ai,GOOGL,120,0.4920801574349621,0.0683980333475845,0.4236821240873776,True,min_drawdown_from_52w_high,valuation_hard,"max_20d_return,max_ps_hist_percentile",2,,,,,,,,hard_filter,hard:min_drawdown_from_52w_high
2025-08-29,2025,up,core_ai,LDOS,120,-0.0457378964941568,0.0683980333475845,-0.1141359298417413,False,max_price_to_sma200,valuation_hard,"max_20d_return,min_avg_dollar_volume_20d,max_ps_hist_percentile,min_ai_link_score",4,,,,,,,,hard_filter,hard:max_price_to_sma200
2025-08-29,2025,up,core_ai,LRCX,120,1.52939289446186,0.0683980333475845,1.4609948611142756,True,max_price_to_sma200,valuation_hard,"max_shares_yoy,min_value_discount_any",2,,,,,,,,hard_filter,hard:max_price_to_sma200
2025-09-30,2025,up,ai_enabler,AMAT,120,0.8274471186772333,-0.0253353313464823,0.8527824500237156,True,max_price_to_sma200,valuation_hard,"max_20d_return,max_ps_hist_percentile,max_pe_hist_percentile",3,,,,,,,,hard_filter,hard:max_price_to_sma200
2025-09-30,2025,up,ai_enabler,EME,120,0.1717463533475191,-0.0253353313464823,0.1970816846940014,True,max_range_position_52w,valuation_hard,"max_ps_hist_percentile,max_pe_hist_percentile",2,,,,,,,,hard_filter,hard:max_range_position_52w
2025-09-30,2025,up,ai_enabler,GD,120,0.0200322894981618,-0.0253353313464823,0.0453676208446441,True,max_range_position_52w,valuation_hard,"min_avg_dollar_volume_20d,max_ps_hist_percentile,max_pe_hist_percentile,min_value_discount_any",4,,,,,,,,hard_filter,hard:max_range_position_52w
2025-09-30,2025,up,ai_enabler,GOOG,120,0.200803215862701,-0.0253353313464823,0.2261385472091833,True,max_price_to_sma200,valuation_hard,"max_20d_return,max_ps_hist_percentile,max_pe_hist_percentile",3,,,,,,,,hard_filter,hard:max_price_to_sma200
2025-09-30,2025,up,ai_enabler,GOOGL,120,0.2029214350967528,-0.0253353313464823,0.22825676644323512,True,max_price_to_sma200,valuation_hard,"max_20d_return,max_ps_hist_percentile,max_pe_hist_percentile",3,,,,,,,,hard_filter,hard:max_price_to_sma200
2025-09-30,2025,up,ai_enabler,KLAC,120,0.4556298973772109,-0.0253353313464823,0.4809652287236932,True,max_range_position_52w,valuation_hard,"max_20d_return,min_interest_coverage",2,,,,,,,,hard_filter,hard:max_range_position_52w
2025-09-30,2025,up,ai_enabler,LDOS,120,-0.1575681769836204,-0.0253353313464823,-0.1322328456371381,False,max_price_to_sma200,valuation_hard,"min_avg_dollar_volume_20d,max_ps_hist_percentile",2,,,,,,,,hard_filter,hard:max_price_to_sma200
2025-09-30,2025,up,ai_enabler,LRCX,120,0.8006995092487733,-0.0253353313464823,0.8260348405952556,True,max_range_position_52w,valuation_hard,"max_20d_return,max_shares_yoy,max_ps_hist_percentile,max_pe_hist_percentile,min_value_discount_any",5,,,,,,,,hard_filter,hard:max_range_position_52w
2025-09-30,2025,up,ai_enabler,VRT,120,0.828608845607628,-0.0253353313464823,0.8539441769541103,True,max_range_position_52w,valuation_hard,"max_20d_return,max_ps_hist_percentile,max_pe_hist_percentile",3,,,,,,,,hard_filter,hard:max_range_position_52w
2025-09-30,2025,up,ai_peripheral,CMI,120,0.319617571305924,-0.0253353313464823,0.3449529026524063,True,max_price_to_sma200,valuation_hard,"max_ps_hist_percentile,max_pe_hist_percentile",2,,,,,,,,hard_filter,hard:max_price_to_sma200
2025-09-30,2025,up,ai_peripheral,CRH,120,-0.1119411174305788,-0.0253353313464823,-0.0866057860840965,False,max_range_position_52w,valuation_hard,"max_ps_hist_percentile,max_pe_hist_percentile",2,,,,,,,,hard_filter,hard:max_range_position_52w
2025-09-30,2025,up,ai_peripheral,EME,120,0.1717463533475191,-0.0253353313464823,0.1970816846940014,True,max_range_position_52w,valuation_hard,"max_ps_hist_percentile,max_pe_hist_percentile",2,,,,,,,,hard_filter,hard:max_range_position_52w
2025-09-30,2025,up,ai_peripheral,GD,120,0.0200322894981618,-0.0253353313464823,0.0453676208446441,True,max_range_position_52w,valuation_hard,"max_ps_hist_percentile,max_pe_hist_percentile,min_value_discount_any",3,,,,,,,,hard_filter,hard:max_range_position_52w
2025-09-30,2025,up,ai_peripheral,JCI,120,0.2424898378625256,-0.0253353313464823,0.2678251692090079,True,max_price_to_sma200,valuation_hard,"min_current_ratio,max_ps_hist_percentile",2,,,,,,,,hard_filter,hard:max_price_to_sma200
2025-09-30,2025,up,ai_peripheral,PWR,120,0.4079642491342731,-0.0253353313464823,0.4332995804807554,True,max_range_position_52w,valuation_hard,"max_ev_to_ebit,max_ps_hist_percentile,max_pe_hist_percentile,min_value_discount_any",4,,,,,,,,hard_filter,hard:max_range_position_52w
2025-09-30,2025,up,ai_peripheral,RTX,120,0.1702402454136066,-0.0253353313464823,0.1955755767600889,True,max_range_position_52w,valuation_hard,max_ps_hist_percentile,1,,,,,,,,hard_filter,hard:max_range_position_52w
2025-09-30,2025,up,ai_peripheral,VRT,120,0.828608845607628,-0.0253353313464823,0.8539441769541103,True,max_range_position_52w,valuation_hard,"max_20d_return,max_ps_hist_percentile,max_pe_hist_percentile",3,,,,,,,,hard_filter,hard:max_range_position_52w
2025-09-30,2025,up,core_ai,AMAT,120,0.8274471186772333,-0.0253353313464823,0.8527824500237156,True,min_drawdown_from_52w_high,valuation_hard,"max_20d_return,max_ps_hist_percentile,max_pe_hist_percentile",3,,,,,,,,hard_filter,hard:min_drawdown_from_52w_high
2025-09-30,2025,up,core_ai,ANET,120,-0.09153967037179,-0.0253353313464823,-0.0662043390253077,False,max_range_position_52w,valuation_hard,"max_ev_to_ebit,max_shares_yoy,max_ps_hist_percentile,max_pe_hist_percentile,min_value_discount_any",5,,,,,,,,hard_filter,hard:max_range_position_52w
2025-09-30,2025,up,core_ai,CAT,120,0.5025889397823257,-0.0253353313464823,0.5279242711288079,True,min_drawdown_from_52w_high,valuation_hard,"min_revenue_yoy,min_net_income_yoy,max_20d_return,max_ps_hist_percentile,max_pe_hist_percentile,min_expectation_proxy,min_value_discount_any",7,,,,,,,,hard_filter,hard:min_drawdown_from_52w_high
2025-09-30,2025,up,core_ai,GOOG,120,0.200803215862701,-0.0253353313464823,0.2261385472091833,True,max_range_position_52w,valuation_hard,"max_20d_return,max_ps_hist_percentile,max_pe_hist_percentile,max_ps_percentile_in_sic",4,,,,,,,,hard_filter,hard:max_range_position_52w
2025-09-30,2025,up,core_ai,GOOGL,120,0.2029214350967528,-0.0253353313464823,0.22825676644323512,True,max_range_position_52w,valuation_hard,"max_20d_return,max_ps_hist_percentile,max_pe_hist_percentile",3,,,,,,,,hard_filter,hard:max_range_position_52w
2025-09-30,2025,up,core_ai,KLAC,120,0.4556298973772109,-0.0253353313464823,0.4809652287236932,True,min_drawdown_from_52w_high,valuation_hard,"max_20d_return,min_interest_coverage",2,,,,,,,,hard_filter,hard:min_drawdown_from_52w_high
2025-09-30,2025,up,core_ai,LDOS,120,-0.1575681769836204,-0.0253353313464823,-0.1322328456371381,False,max_range_position_52w,valuation_hard,"min_avg_dollar_volume_20d,max_ps_hist_percentile",2,,,,,,,,hard_filter,hard:max_range_position_52w
2025-09-30,2025,up,core_ai,LHX,120,0.1571868819441003,-0.0253353313464823,0.1825222132905826,True,min_drawdown_from_52w_high,valuation_hard,"min_avg_dollar_volume_20d,max_net_debt_to_ebitda,max_ps_hist_percentile",3,,,,,,,,hard_filter,hard:min_drawdown_from_52w_high
2025-09-30,2025,up,core_ai,LRCX,120,0.8006995092487733,-0.0253353313464823,0.8260348405952556,True,min_drawdown_from_52w_high,valuation_hard,"max_20d_return,max_shares_yoy,max_ps_hist_percentile,max_pe_hist_percentile,min_value_discount_any",5,,,,,,,,hard_filter,hard:min_drawdown_from_52w_high
2025-10-31,2025,up,ai_enabler,EME,120,0.3130581717657373,0.0427314673425373,0.2703267044232,True,max_price_to_sma200,valuation_hard,"max_ps_hist_percentile,max_pe_hist_percentile",2,,,,,,,,hard_filter,hard:max_price_to_sma200
2025-10-31,2025,up,ai_enabler,GOOGL,120,0.2391808510638299,0.0427314673425373,0.19644938372129261,True,max_range_position_52w,valuation_hard,"max_20d_return,max_ps_hist_percentile,max_pe_hist_percentile",3,,,,,,,,hard_filter,hard:max_range_position_52w
2025-10-31,2025,up,ai_enabler,JCI,120,0.2451608845166065,0.0427314673425373,0.2024294171740692,True,max_range_position_52w,valuation_hard,"min_avg_dollar_volume_20d,min_current_ratio,max_ps_hist_percentile",3,,,,,,,,hard_filter,hard:max_range_position_52w
2025-10-31,2025,up,ai_enabler,KLAC,120,0.5464748344586882,0.0427314673425373,0.5037433671161509,True,max_price_to_sma200,valuation_hard,min_interest_coverage,1,,,,,,,,hard_filter,hard:max_price_to_sma200
2025-10-31,2025,up,ai_enabler,LRCX,120,0.6054154427712709,0.0427314673425373,0.5626839754287336,True,max_range_position_52w,valuation_hard,"max_ps_hist_percentile,max_pe_hist_percentile,min_value_discount_any",3,,,,,,,,hard_filter,hard:max_range_position_52w
2025-10-31,2025,up,ai_enabler,MU,120,1.2406344200962056,0.0427314673425373,1.1979029527536684,True,max_range_position_52w,valuation_hard,"max_20d_return,max_ps_hist_percentile,max_pe_hist_percentile",3,,,,,,,,hard_filter,hard:max_range_position_52w
2025-10-31,2025,up,ai_enabler,PWR,120,0.4059181544988509,0.0427314673425373,0.3631866871563136,True,max_price_to_sma200,valuation_hard,"max_ev_to_ebit,max_ps_hist_percentile,max_pe_hist_percentile,min_value_discount_any",4,,,,,,,,hard_filter,hard:max_price_to_sma200
2025-10-31,2025,up,ai_enabler,RTX,120,-0.0300982944344704,0.0427314673425373,-0.0728297617770077,False,max_range_position_52w,valuation_hard,max_ps_hist_percentile,1,,,,,,,,hard_filter,hard:max_range_position_52w
2025-10-31,2025,up,ai_enabler,ZM,120,0.032693921769871,0.0427314673425373,-0.010037545572666298,False,,,"min_avg_dollar_volume_20d,max_ps_hist_percentile",2,0.7201420414356662,25.0,7.0,,watch_for_pullback,9.4,expensive_relative_to_peers,group_cap,group_cap
2025-10-31,2025,up,ai_peripheral,ATI,120,0.5489716885743176,0.0427314673425373,0.5062402212317803,True,max_price_to_sma200,valuation_hard,"max_20d_return,min_avg_dollar_volume_20d,max_ps_hist_percentile,max_pe_hist_percentile",4,,,,,,,,hard_filter,hard:max_price_to_sma200
2025-10-31,2025,up,ai_peripheral,CAT,120,0.4390323888048147,0.0427314673425373,0.3963009214622774,True,max_price_to_sma200,valuation_hard,"min_revenue_yoy,min_net_income_yoy,max_20d_return,max_ps_hist_percentile,max_pe_hist_percentile,min_expectation_proxy",6,,,,,,,,hard_filter,hard:max_price_to_sma200
2025-10-31,2025,up,ai_peripheral,EME,120,0.3130581717657373,0.0427314673425373,0.2703267044232,True,max_price_to_sma200,valuation_hard,"max_ps_hist_percentile,max_pe_hist_percentile",2,,,,,,,,hard_filter,hard:max_price_to_sma200
2025-10-31,2025,up,ai_peripheral,HWM,120,0.1549073444162315,0.0427314673425373,0.1121758770736942,True,max_range_position_52w,valuation_hard,"max_ev_to_ebit,min_net_income_yoy,max_ps_hist_percentile,max_pe_hist_percentile",4,,,,,,,,hard_filter,hard:max_range_position_52w
2025-10-31,2025,up,ai_peripheral,JCI,120,0.2451608845166065,0.0427314673425373,0.2024294171740692,True,max_range_position_52w,valuation_hard,"min_current_ratio,max_ps_hist_percentile",2,,,,,,,,hard_filter,hard:max_range_position_52w
2025-10-31,2025,up,ai_peripheral,PWR,120,0.4059181544988509,0.0427314673425373,0.3631866871563136,True,max_price_to_sma200,valuation_hard,"max_ev_to_ebit,max_ps_hist_percentile,max_pe_hist_percentile,min_value_discount_any",4,,,,,,,,hard_filter,hard:max_price_to_sma200
2025-10-31,2025,up,ai_peripheral,RTX,120,-0.0300982944344704,0.0427314673425373,-0.0728297617770077,False,max_range_position_52w,valuation_hard,max_ps_hist_percentile,1,,,,,,,,hard_filter,hard:max_range_position_52w
2025-10-31,2025,up,ai_peripheral,TT,120,0.0801670809045619,0.0427314673425373,0.0374356135620246,True,,,"min_net_income_yoy,max_ps_hist_percentile,max_pe_hist_percentile,min_expectation_proxy",4,0.538569069907846,85.0,11.0,11.0,watch_for_pullback,2.7,high_absolute_valuation,below_top_n,below_top_n
2025-10-31,2025,up,ai_peripheral,VRT,120,0.6319536215723048,0.0427314673425373,0.5892221542297675,True,max_price_to_sma200,valuation_hard,"max_ev_to_ebit,max_20d_return,max_ps_hist_percentile,max_pe_hist_percentile",4,,,,,,,,hard_filter,hard:max_price_to_sma200
2025-10-31,2025,up,core_ai,AMAT,120,0.7123389830508474,0.0427314673425373,0.6696075157083101,True,min_drawdown_from_52w_high,valuation_hard,"max_ps_hist_percentile,max_pe_hist_percentile",2,,,,,,,,hard_filter,hard:min_drawdown_from_52w_high
2025-10-31,2025,up,core_ai,AMZN,120,0.018482655397077,0.0427314673425373,-0.0242488119454603,False,min_drawdown_from_52w_high,valuation_hard,"min_fcf_yield,max_ev_to_ebit,max_ps_hist_percentile,min_value_discount_any",4,,,,,,,,hard_filter,hard:min_drawdown_from_52w_high
2025-10-31,2025,up,core_ai,ANET,120,0.0704333188126206,0.0427314673425373,0.027701851470083305,True,min_drawdown_from_52w_high,valuation_hard,"max_ev_to_ebit,max_shares_yoy,max_ps_hist_percentile,max_pe_hist_percentile,min_value_discount_any",5,,,,,,,,hard_filter,hard:min_drawdown_from_52w_high
2025-10-31,2025,up,core_ai,GOOG,120,0.2302790714134052,0.0427314673425373,0.1875476040708679,True,min_drawdown_from_52w_high,valuation_hard,"max_20d_return,max_ps_hist_percentile,max_pe_hist_percentile,max_ps_percentile_in_sic",4,,,,,,,,hard_filter,hard:min_drawdown_from_52w_high
2025-10-31,2025,up,core_ai,GOOGL,120,0.2391808510638299,0.0427314673425373,0.19644938372129261,True,min_drawdown_from_52w_high,valuation_hard,"max_20d_return,max_ps_hist_percentile,max_pe_hist_percentile,max_ps_percentile_in_sic",4,,,,,,,,hard_filter,hard:min_drawdown_from_52w_high
2025-10-31,2025,up,core_ai,KLAC,120,0.5464748344586882,0.0427314673425373,0.5037433671161509,True,max_range_position_52w,valuation_hard,min_interest_coverage,1,,,,,,,,hard_filter,hard:max_range_position_52w
2025-10-31,2025,up,core_ai,LRCX,120,0.6054154427712709,0.0427314673425373,0.5626839754287336,True,min_drawdown_from_52w_high,valuation_hard,"max_ps_hist_percentile,max_pe_hist_percentile,min_value_discount_any",3,,,,,,,,hard_filter,hard:min_drawdown_from_52w_high
2025-10-31,2025,up,core_ai,MU,120,1.2406344200962056,0.0427314673425373,1.1979029527536684,True,min_drawdown_from_52w_high,valuation_hard,"max_20d_return,max_ps_hist_percentile,max_pe_hist_percentile",3,,,,,,,,hard_filter,hard:min_drawdown_from_52w_high
2025-10-31,2025,up,core_ai,QCOM,120,-0.1814094014758129,0.0427314673425373,-0.2241408688183502,False,max_price_to_sma200,valuation_hard,max_pe_percentile_in_sic,1,,,,,,,,hard_filter,hard:max_price_to_sma200
2025-10-31,2025,up,core_ai,ZM,120,0.032693921769871,0.0427314673425373,-0.010037545572666298,False,,,"min_avg_dollar_volume_20d,max_ps_hist_percentile",2,0.761534390077025,7.0,5.0,,watch_for_pullback,9.4,expensive_relative_to_peers,group_cap,group_cap
2025-11-28,2025,up,ai_enabler,AAPL,120,0.1076275849667326,0.1661217207104447,-0.05849413574371211,False,max_range_position_52w,valuation_hard,"min_current_ratio,max_ps_hist_percentile,max_pe_hist_percentile,min_value_discount_any",4,,,,,,,,hard_filter,hard:max_range_position_52w
2025-11-28,2025,up,ai_enabler,AMAT,120,0.7240511129760622,0.1661217207104447,0.5579293922656174,True,max_range_position_52w,valuation_hard,"max_ps_hist_percentile,max_pe_hist_percentile,min_expectation_proxy",3,,,,,,,,hard_filter,hard:max_range_position_52w
2025-11-28,2025,up,ai_enabler,CMI,120,0.2888198715099598,0.1661217207104447,0.1226981507995151,True,max_range_position_52w,valuation_hard,"max_ps_hist_percentile,max_pe_hist_percentile",2,,,,,,,,hard_filter,hard:max_range_position_52w
2025-11-28,2025,up,ai_enabler,CRH,120,-0.1600372858582466,0.1661217207104447,-0.3261590065686913,False,max_range_position_52w,valuation_hard,"max_ps_hist_percentile,max_pe_hist_percentile",2,,,,,,,,hard_filter,hard:max_range_position_52w
2025-11-28,2025,up,ai_enabler,CSCO,120,0.5703141662310508,0.1661217207104447,0.40419244552060607,True,max_price_to_sma200,valuation_hard,"min_current_ratio,max_ps_hist_percentile,max_pe_hist_percentile,min_value_discount_any",4,,,,,,,,hard_filter,hard:max_price_to_sma200
2025-11-28,2025,up,ai_enabler,GOOGL,120,0.202918929555293,0.1661217207104447,0.0367972088448483,True,max_range_position_52w,valuation_hard,"max_ps_hist_percentile,max_pe_hist_percentile,min_value_discount_any,max_ps_percentile_in_sic,max_pe_percentile_in_sic",5,,,,,,,,hard_filter,hard:max_range_position_52w
2025-11-28,2025,up,ai_enabler,MU,120,2.2304847278128164,0.1661217207104447,2.0643630071023717,True,max_price_to_sma200,valuation_hard,"max_ps_hist_percentile,max_pe_hist_percentile",2,,,,,,,,hard_filter,hard:max_price_to_sma200
2025-11-28,2025,up,ai_enabler,PH,120,0.0112438305019283,0.1661217207104447,-0.1548778902085164,False,max_range_position_52w,valuation_hard,"max_ps_hist_percentile,max_pe_hist_percentile,min_value_discount_any",3,,,,,,,,hard_filter,hard:max_range_position_52w
2025-11-28,2025,up,ai_enabler,PWR,120,0.5794507658643325,0.1661217207104447,0.4133290451538878,True,max_range_position_52w,valuation_hard,"max_ev_to_ebit,max_ps_hist_percentile,max_pe_hist_percentile,min_value_discount_any",4,,,,,,,,hard_filter,hard:max_range_position_52w
2025-11-28,2025,up,ai_peripheral,CMI,120,0.2888198715099598,0.1661217207104447,0.1226981507995151,True,max_range_position_52w,valuation_hard,"max_ps_hist_percentile,max_pe_hist_percentile",2,,,,,,,,hard_filter,hard:max_range_position_52w
2025-11-28,2025,up,ai_peripheral,CRH,120,-0.1600372858582466,0.1661217207104447,-0.3261590065686913,False,max_range_position_52w,valuation_hard,"max_ps_hist_percentile,max_pe_hist_percentile",2,,,,,,,,hard_filter,hard:max_range_position_52w
2025-11-28,2025,up,ai_peripheral,NUE,120,0.4541141529574283,0.1661217207104447,0.28799243224698357,True,max_price_to_sma200,valuation_hard,"positive_free_cash_flow,positive_ebit,min_free_cash_flow,min_ebit,min_fcf_yield,max_ev_to_ebit,min_net_income_yoy,min_avg_dollar_volume_20d,max_ps_hist_percentile,max_pe_hist_percentile,min_expectation_proxy",11,,,,,,,,hard_filter,hard:max_price_to_sma200
2025-11-28,2025,up,ai_peripheral,PH,120,0.0112438305019283,0.1661217207104447,-0.1548778902085164,False,max_range_position_52w,valuation_hard,"max_ps_hist_percentile,max_pe_hist_percentile",2,,,,,,,,hard_filter,hard:max_range_position_52w
2025-11-28,2025,up,ai_peripheral,PWR,120,0.5794507658643325,0.1661217207104447,0.4133290451538878,True,max_range_position_52w,valuation_hard,"max_ev_to_ebit,max_ps_hist_percentile,max_pe_hist_percentile,min_value_discount_any",4,,,,,,,,hard_filter,hard:max_range_position_52w
2025-11-28,2025,up,ai_peripheral,SRE,120,-0.0146594793164033,0.1661217207104447,-0.180781200026848,False,max_range_position_52w,valuation_hard,"positive_free_cash_flow,positive_ebit,min_free_cash_flow,min_ebit,min_fcf_yield,max_ev_to_ebit,min_net_income_yoy,max_ps_hist_percentile,max_pe_hist_percentile,min_expectation_proxy",10,,,,,,,,hard_filter,hard:max_range_position_52w
2025-11-28,2025,up,ai_peripheral,STLD,120,0.4263368258125967,0.1661217207104447,0.26021510510215196,True,max_range_position_52w,valuation_hard,"min_net_income_yoy,min_avg_dollar_volume_20d,max_ps_hist_percentile,max_pe_hist_percentile,min_expectation_proxy",5,,,,,,,,hard_filter,hard:max_range_position_52w
2025-11-28,2025,up,core_ai,ADI,120,0.5068687963491157,0.1661217207104447,0.340747075638671,True,min_drawdown_from_52w_high,valuation_hard,"max_ev_to_ebit,max_20d_return,max_ps_hist_percentile,min_value_discount_any,max_ps_percentile_in_sic,max_pe_percentile_in_sic",6,,,,,,,,hard_filter,hard:min_drawdown_from_52w_high
2025-11-28,2025,up,core_ai,AMAT,120,0.7240511129760622,0.1661217207104447,0.5579293922656174,True,min_drawdown_from_52w_high,valuation_hard,"max_ps_hist_percentile,max_pe_hist_percentile,min_expectation_proxy",3,,,,,,,,hard_filter,hard:min_drawdown_from_52w_high
2025-11-28,2025,up,core_ai,CSCO,120,0.5703141662310508,0.1661217207104447,0.40419244552060607,True,min_drawdown_from_52w_high,valuation_hard,"min_current_ratio,max_ps_hist_percentile,max_pe_hist_percentile,min_value_discount_any",4,,,,,,,,hard_filter,hard:min_drawdown_from_52w_high
2025-11-28,2025,up,core_ai,GOOG,120,0.1912459630457362,0.1661217207104447,0.025124242335291508,True,min_drawdown_from_52w_high,valuation_hard,"max_20d_return,max_ps_hist_percentile,max_pe_hist_percentile,min_value_discount_any,max_ps_percentile_in_sic,max_pe_percentile_in_sic",6,,,,,,,,hard_filter,hard:min_drawdown_from_52w_high
2025-11-28,2025,up,core_ai,GOOGL,120,0.202918929555293,0.1661217207104447,0.0367972088448483,True,min_drawdown_from_52w_high,valuation_hard,"max_20d_return,max_ps_hist_percentile,max_pe_hist_percentile,min_value_discount_any,max_ps_percentile_in_sic,max_pe_percentile_in_sic",6,,,,,,,,hard_filter,hard:min_drawdown_from_52w_high
2025-11-28,2025,up,core_ai,MU,120,2.2304847278128164,0.1661217207104447,2.0643630071023717,True,max_range_position_52w,valuation_hard,"max_ps_hist_percentile,max_pe_hist_percentile",2,,,,,,,,hard_filter,hard:max_range_position_52w
2025-11-28,2025,up,core_ai,TWLO,120,0.4817479058005373,0.1661217207104447,0.31562618509009255,True,max_price_to_sma200,valuation_hard,"max_ev_to_ebit,min_net_income_yoy,min_net_margin,max_20d_return,min_avg_dollar_volume_20d,max_ps_hist_percentile,min_expectation_proxy,min_ai_link_score,max_pe_percentile_in_sic",9,,,,,,,,hard_filter,hard:max_price_to_sma200
2025-12-31,2025,up,ai_enabler,ATI,120,0.7331231947102838,0.1523467741935483,0.5807764205167354,True,max_range_position_52w,valuation_hard,"max_20d_return,min_avg_dollar_volume_20d,max_ps_hist_percentile,max_pe_hist_percentile,min_value_discount_any",5,,,,,,,,hard_filter,hard:max_range_position_52w
2025-12-31,2025,up,ai_enabler,CRH,120,-0.1015319929790968,0.1523467741935483,-0.2538787671726451,False,max_price_to_sma200,valuation_hard,"max_ps_hist_percentile,max_pe_hist_percentile",2,,,,,,,,hard_filter,hard:max_price_to_sma200
2025-12-31,2025,up,ai_enabler,GEV,120,0.6386792738275341,0.1523467741935483,0.4863324996339858,True,max_price_to_sma200,valuation_hard,"max_ev_to_ebit,max_ps_hist_percentile,max_pe_hist_percentile,min_value_discount_any",4,,,,,,,,hard_filter,hard:max_price_to_sma200
2025-12-31,2025,up,ai_enabler,HWM,120,0.3222297369572616,0.1523467741935483,0.16988296276371329,True,max_range_position_52w,valuation_hard,"max_ev_to_ebit,min_net_income_yoy,max_ps_hist_percentile,max_pe_hist_percentile,min_value_discount_any",5,,,,,,,,hard_filter,hard:max_range_position_52w
2025-12-31,2025,up,ai_enabler,KLAC,120,1.0436130829599068,0.1523467741935483,0.8912663087663586,True,max_price_to_sma200,valuation_hard,min_interest_coverage,1,,,,,,,,hard_filter,hard:max_price_to_sma200
2025-12-31,2025,up,ai_enabler,LRCX,120,1.258919504643963,0.1523467741935483,1.1065727304504147,True,max_range_position_52w,valuation_hard,"max_ps_hist_percentile,max_pe_hist_percentile,min_value_discount_any",3,,,,,,,,hard_filter,hard:max_range_position_52w
2025-12-31,2025,up,ai_enabler,MU,120,3.114411924119241,0.1523467741935483,2.9620651499256927,True,max_range_position_52w,valuation_hard,"max_20d_return,max_ps_hist_percentile,max_pe_hist_percentile",3,,,,,,,,hard_filter,hard:max_range_position_52w
2025-12-31,2025,up,ai_enabler,PH,120,0.1222166107029835,0.1523467741935483,-0.030130163490564812,False,max_range_position_52w,valuation_hard,"max_ps_hist_percentile,max_pe_hist_percentile,min_value_discount_any",3,,,,,,,,hard_filter,hard:max_range_position_52w
2025-12-31,2025,up,ai_enabler,RTX,120,0.0202845153858811,0.1523467741935483,-0.1320622588076672,False,max_range_position_52w,valuation_hard,max_ps_hist_percentile,1,,,,,,,,hard_filter,hard:max_range_position_52w
2025-12-31,2025,up,ai_enabler,ZM,120,-0.0442663502720221,0.1523467741935483,-0.19661312446557042,False,,,"min_avg_dollar_volume_20d,max_ps_hist_percentile",2,0.7026200348447503,20.0,4.0,,watch_for_pullback,8.1,expensive_relative_to_peers,group_cap,group_cap
2025-12-31,2025,up,ai_peripheral,ATI,120,0.7331231947102838,0.1523467741935483,0.5807764205167354,True,max_range_position_52w,valuation_hard,"max_20d_return,min_avg_dollar_volume_20d,max_ps_hist_percentile,max_pe_hist_percentile",4,,,,,,,,hard_filter,hard:max_range_position_52w
2025-12-31,2025,up,ai_peripheral,CRH,120,-0.1015319929790968,0.1523467741935483,-0.2538787671726451,False,max_price_to_sma200,valuation_hard,"max_ps_hist_percentile,max_pe_hist_percentile",2,,,,,,,,hard_filter,hard:max_price_to_sma200
2025-12-31,2025,up,ai_peripheral,GEV,120,0.6386792738275341,0.1523467741935483,0.4863324996339858,True,max_price_to_sma200,valuation_hard,"max_ev_to_ebit,max_ps_hist_percentile,max_pe_hist_percentile,min_value_discount_any",4,,,,,,,,hard_filter,hard:max_price_to_sma200
2025-12-31,2025,up,ai_peripheral,HII,120,-0.1813198231392778,0.1523467741935483,-0.3336665973328261,False,max_price_to_sma200,valuation_hard,"min_net_income_yoy,min_avg_dollar_volume_20d,max_net_debt_to_ebitda,max_ps_hist_percentile,max_pe_hist_percentile",5,,,,,,,,hard_filter,hard:max_price_to_sma200
2025-12-31,2025,up,ai_peripheral,PH,120,0.1222166107029835,0.1523467741935483,-0.030130163490564812,False,max_price_to_sma200,valuation_hard,"max_ps_hist_percentile,max_pe_hist_percentile",2,,,,,,,,hard_filter,hard:max_price_to_sma200
2025-12-31,2025,up,ai_peripheral,RTX,120,0.0202845153858811,0.1523467741935483,-0.1320622588076672,False,max_price_to_sma200,valuation_hard,max_ps_hist_percentile,1,,,,,,,,hard_filter,hard:max_price_to_sma200
2025-12-31,2025,up,core_ai,GEV,120,0.6386792738275341,0.1523467741935483,0.4863324996339858,True,max_range_position_52w,valuation_hard,"max_ev_to_ebit,min_net_margin,max_ps_hist_percentile,max_pe_hist_percentile,min_value_discount_any",5,,,,,,,,hard_filter,hard:max_range_position_52w
2025-12-31,2025,up,core_ai,LRCX,120,1.258919504643963,0.1523467741935483,1.1065727304504147,True,min_drawdown_from_52w_high,valuation_hard,"max_ev_to_ebit,max_ps_hist_percentile,max_pe_hist_percentile,min_value_discount_any",4,,,,,,,,hard_filter,hard:min_drawdown_from_52w_high
2025-12-31,2025,up,core_ai,MU,120,3.114411924119241,0.1523467741935483,2.9620651499256927,True,min_drawdown_from_52w_high,valuation_hard,"max_20d_return,max_ps_hist_percentile,max_pe_hist_percentile",3,,,,,,,,hard_filter,hard:min_drawdown_from_52w_high
2025-12-31,2025,up,core_ai,TWLO,120,0.3263863620533539,0.1523467741935483,0.1740395878598056,True,max_range_position_52w,valuation_hard,"max_ev_to_ebit,min_net_income_yoy,min_net_margin,min_avg_dollar_volume_20d,max_ps_hist_percentile,min_expectation_proxy,min_ai_link_score,max_pe_percentile_in_sic",8,,,,,,,,hard_filter,hard:max_range_position_52w
